url,page,review_index,teks_ulasan,tanggal,gambar-1,gambar-2,gambar-3,gambar-4,gambar-5,gambar-6,gambar-7,gambar-8,gambar-9,gambar-10,gambar-11,gambar-12,gambar-13,gambar-14,gambar-15,gambar-16,gambar-17,gambar-18,gambar-19,gambar-20
https://www.traveloka.com/id-id/user/review/consumption/HOTEL/GENERAL/295675,1,1,"Tempatnya bersih, kasurnya nyaman, staff ramah, dan akses dekat dengan mal. Overall okay, nice ❤️",Diulas 4 hari lalu,"https://ik.imagekit.io/tvlk/ugc-review/guys1L+Yyer9kzI3sp-pb0CG1j2bhflZGFUZOoIf1YOBAm37kEUOKR41ieUZm7ZJ/ugc-photo-ap-southeast-1-581603780057-acd24e232f75f09e/REVIEW/REVIEW_1777934148261_3284435987911a3a?_src=imagekit&tr=c-at_max,h-80,q-40,w-80","https://ik.imagekit.io/tvlk/ugc-review/guys1L+Yyer9kzI3sp-pb0CG1j2bhflZGFUZOoIf1YOBAm37kEUOKR41ieUZm7ZJ/ugc-photo-ap-southeast-1-581603780057-acd24e232f75f09e/REVIEW/REVIEW_1777934148261_2baa0edfa0d78e29?_src=imagekit&tr=c-at_max,h-80,q-40,w-80","https://ik.imagekit.io/tvlk/ugc-review/guys1L+Yyer9kzI3sp-pb0CG1j2bhflZGFUZOoIf1YOBAm37kEUOKR41ieUZm7ZJ/ugc-photo-ap-southeast-1-581603780057-acd24e232f75f09e/REVIEW/REVIEW_1777934148261_2ef4d31f0dfb5c95?_src=imagekit&tr=c-at_max,h-80,q-40,w-80","https://ik.imagekit.io/tvlk/ugc-review/guys1L+Yyer9kzI3sp-pb0CG1j2bhflZGFUZOoIf1YOBAm37kEUOKR41ieUZm7ZJ/ugc-photo-ap-southeast-1-581603780057-acd24e232f75f09e/REVIEW/REVIEW_1777934148260_fe44f811422a2043?_src=imagekit&tr=c-at_max,h-80,q-40,w-80","https://ik.imagekit.io/tvlk/ugc-review/guys1L+Yyer9kzI3sp-pb0CG1j2bhflZGFUZOoIf1YOBAm37kEUOKR41ieUZm7ZJ/ugc-photo-ap-southeast-1-581603780057-acd24e232f75f09e/REVIEW/REVIEW_1777934148260_2aca3f68a717e14c?_src=imagekit&tr=c-at_max,h-80,q-40,w-80","https://ik.imagekit.io/tvlk/ugc-review/guys1L+Yyer9kzI3sp-pb0CG1j2bhflZGFUZOoIf1YOBAm37kEUOKR41ieUZm7ZJ/ugc-photo-ap-southeast-1-581603780057-acd24e232f75f09e/REVIEW/REVIEW_1777934148260_0f321c1f7b883b51?_src=imagekit&tr=c-at_max,h-80,q-40,w-80","https://ik.imagekit.io/tvlk/ugc-review/guys1L+Yyer9kzI3sp-pb0CG1j2bhflZGFUZOoIf1YOBAm37kEUOKR41ieUZm7ZJ/ugc-photo-ap-southeast-1-581603780057-acd24e232f75f09e/REVIEW/REVIEW_1777934148260_bdfcfcf3a09a8a48?_src=imagekit&tr=c-at_max,h-80,q-40,w-80",,,,,,,,,,,,,
https://www.traveloka.com/id-id/user/review/consumption/HOTEL/GENERAL/295675,1,2,"Hotel yang bagus, dekat dengan mal Transmart & TSM, pelayanan untuk lebih ditingkatkan, dispenser airnya kosong, untuk makan sarapan di resto rasanya B aja.",Diulas 4 hari lalu,"https://ik.imagekit.io/tvlk/ugc-review/guys1L+Yyer9kzI3sp-pb0CG1j2bhflZGFUZOoIf1YOBAm37kEUOKR41ieUZm7ZJ/ugc-photo-ap-southeast-1-581603780057-acd24e232f75f09e/REVIEW/REVIEW_1777900477180_ff84a3d2d5d99b08?_src=imagekit&tr=c-at_max,h-100,q-40,w-100","https://ik.imagekit.io/tvlk/ugc-review/guys1L+Yyer9kzI3sp-pb0CG1j2bhflZGFUZOoIf1YOBAm37kEUOKR41ieUZm7ZJ/ugc-photo-ap-southeast-1-581603780057-acd24e232f75f09e/REVIEW/REVIEW_1777900477179_a0aa8a17c82baf08?_src=imagekit&tr=c-at_max,h-100,q-40,w-100",,,,,,,,,,,,,,,,,,
https://www.traveloka.com/id-id/user/review/consumption/HOTEL/GENERAL/295675,1,3,"Sangat recommended, ini yang kedua kali-nya stay di sini.",Diulas 2 minggu lalu,"https://ik.imagekit.io/tvlk/ugc-review/guys1L+Yyer9kzI3sp-pb0CG1j2bhflZGFUZOoIf1YOBAm37kEUOKR41ieUZm7ZJ/ugc-photo-ap-southeast-1-581603780057-acd24e232f75f09e/REVIEW/REVIEW_1777211012915_3838089de66ae9c2?_src=imagekit&tr=c-at_max,h-100,q-40,w-100",,,,,,,,,,,,,,,,,,,
https://www.traveloka.com/id-id/user/review/consumption/HOTEL/GENERAL/295675,1,4,"Staff-nya ramah, proses check-in & semua pelayanan cepat. Semuanya pokoknya oke.",Diulas 2 minggu lalu,https://d24fi85k5ai89e.cloudfront.net/REVIEW_VIDEO/THUMBNAIL/20996ea6-2cdb-4bbd-963c-377dfcde6b48.0000001.jpg,,,,,,,,,,,,,,,,,,,
https://www.traveloka.com/id-id/user/review/consumption/HOTEL/GENERAL/295675,1,5,"Kamar-nya nyaman, bersih, para staff-nya ramah",Diulas 3 minggu lalu,"https://ik.imagekit.io/tvlk/ugc-review/guys1L+Yyer9kzI3sp-pb0CG1j2bhflZGFUZOoIf1YOBAm37kEUOKR41ieUZm7ZJ/ugc-photo-ap-southeast-1-581603780057-acd24e232f75f09e/REVIEW/REVIEW_1776572959109_21bf7387c5ee9fc0?_src=imagekit&tr=c-at_max,h-100,q-40,w-100","https://ik.imagekit.io/tvlk/ugc-review/guys1L+Yyer9kzI3sp-pb0CG1j2bhflZGFUZOoIf1YOBAm37kEUOKR41ieUZm7ZJ/ugc-photo-ap-southeast-1-581603780057-acd24e232f75f09e/REVIEW/REVIEW_1776572987979_81ea2bb273193d19?_src=imagekit&tr=c-at_max,h-100,q-40,w-100",,,,,,,,,,,,,,,,,,
https://www.traveloka.com/id-id/user/review/consumption/HOTEL/GENERAL/295675,1,6,"Enak menginap di sana, lokasi strategis, anak-anak juga bisa bermain dan cooking di area anak, makanan beragam enak juga.",Diulas 5 minggu lalu,"https://ik.imagekit.io/tvlk/ugc-review/guys1L+Yyer9kzI3sp-pb0CG1j2bhflZGFUZOoIf1YOBAm37kEUOKR41ieUZm7ZJ/ugc-photo-ap-southeast-1-581603780057-acd24e232f75f09e/REVIEW/REVIEW_1775273159884_b5934d108fa9fec5?_src=imagekit&tr=c-at_max,h-100,q-40,w-100","https://ik.imagekit.io/tvlk/ugc-review/guys1L+Yyer9kzI3sp-pb0CG1j2bhflZGFUZOoIf1YOBAm37kEUOKR41ieUZm7ZJ/ugc-photo-ap-southeast-1-581603780057-acd24e232f75f09e/REVIEW/REVIEW_1775273159885_6bcf9ee4da662987?_src=imagekit&tr=c-at_max,h-100,q-40,w-100",,,,,,,,,,,,,,,,,,
https://www.traveloka.com/id-id/user/review/consumption/HOTEL/GENERAL/295675,1,7,"Oke sekali, semua fasilitas lengkap dan keren",Diulas 6 minggu lalu,"https://ik.imagekit.io/tvlk/ugc-review/guys1L+Yyer9kzI3sp-pb0CG1j2bhflZGFUZOoIf1YOBAm37kEUOKR41ieUZm7ZJ/ugc-photo-ap-southeast-1-581603780057-acd24e232f75f09e/REVIEW/REVIEW_1774682292942_b2d2e607f6234956?_src=imagekit&tr=c-at_max,h-100,q-40,w-100",,,,,,,,,,,,,,,,,,,
https://www.traveloka.com/id-id/user/review/consumption/HOTEL/GENERAL/295675,1,8,Staff ramah dan proses check-in sangat mudah. Kamar bersih dan nyaman. Lokasi bagus.,Diulas 8 minggu lalu,"https://ik.imagekit.io/tvlk/ugc-review/guys1L+Yyer9kzI3sp-pb0CG1j2bhflZGFUZOoIf1YOBAm37kEUOKR41ieUZm7ZJ/ugc-photo-ap-southeast-1-581603780057-acd24e232f75f09e/REVIEW/REVIEW_1773577374866_e97aa16cdda0f3e5?_src=imagekit&tr=c-at_max,h-100,q-40,w-100",,,,,,,,,,,,,,,,,,,
https://www.traveloka.com/id-id/user/review/consumption/HOTEL/GENERAL/295675,1,9,"Staff hotel ramah dan menyenangkan, makanannya juga overall oke. Saya request mirror greeting dan dikasih cake juga. Terima kasih banyak, anak saya senang menginap di Ibis hotel.",Diulas 11 minggu lalu,"https://ik.imagekit.io/tvlk/ugc-review/guys1L+Yyer9kzI3sp-pb0CG1j2bhflZGFUZOoIf1YOBAm37kEUOKR41ieUZm7ZJ/ugc-photo-ap-southeast-1-581603780057-acd24e232f75f09e/REVIEW/REVIEW_1771398478058_f71db546d0ae3c15?_src=imagekit&tr=c-at_max,h-100,q-40,w-100",,,,,,,,,,,,,,,,,,,
https://www.traveloka.com/id-id/user/review/consumption/HOTEL/GENERAL/295675,1,10,Untuk stay cukup lah.. Bisa membantu dan dekat cari makan atau ngopi-ngopi.. Tapi check in-nya antri banget.. Terima kasih.,Diulas 17 minggu lalu,"https://ik.imagekit.io/tvlk/ugc-review/guys1L+Yyer9kzI3sp-pb0CG1j2bhflZGFUZOoIf1YOBAm37kEUOKR41ieUZm7ZJ/ugc-photo-ap-southeast-1-581603780057-acd24e232f75f09e/REVIEW/REVIEW_1768007875255_ed7873d9961f433c?_src=imagekit&tr=c-at_max,h-100,q-40,w-100",,,,,,,,,,,,,,,,,,,
https://www.traveloka.com/id-id/user/review/consumption/HOTEL/GENERAL/295675,1,11,"makanan enak kamar bersih,staf ramah",Diulas 17 minggu lalu,"https://ik.imagekit.io/tvlk/ugc-review/guys1L+Yyer9kzI3sp-pb0CG1j2bhflZGFUZOoIf1YOBAm37kEUOKR41ieUZm7ZJ/ugc-photo-ap-southeast-1-581603780057-acd24e232f75f09e/REVIEW/REVIEW_1768005137639_70dc07ba266b72c4?_src=imagekit&tr=c-at_max,h-100,q-40,w-100",,,,,,,,,,,,,,,,,,,
https://www.traveloka.com/id-id/user/review/consumption/HOTEL/GENERAL/295675,1,12,"Kamar nya bersih dan nyaman, cuman ada sedikit trouble atas nya bocor, tapi sama petugas nya langsung di tangani.",Diulas 17 minggu lalu,"https://ik.imagekit.io/tvlk/ugc-review/guys1L+Yyer9kzI3sp-pb0CG1j2bhflZGFUZOoIf1YOBAm37kEUOKR41ieUZm7ZJ/ugc-photo-ap-southeast-1-581603780057-acd24e232f75f09e/REVIEW/REVIEW_1767835374999_86cbe310049423c3?_src=imagekit&tr=c-at_max,h-100,q-40,w-100",,,,,,,,,,,,,,,,,,,
https://www.traveloka.com/id-id/user/review/consumption/HOTEL/GENERAL/295675,1,13,"Meskipun ramai, staf hotel tetap sigap dan ramah dalam memberikan pelayanan.",Diulas 17 minggu lalu,"https://ik.imagekit.io/tvlk/ugc-review/guys1L+Yyer9kzI3sp-pb0CG1j2bhflZGFUZOoIf1YOBAm37kEUOKR41ieUZm7ZJ/ugc-photo-ap-southeast-1-581603780057-acd24e232f75f09e/REVIEW/REVIEW_1767833493957_aefb54d4c8717f6c?_src=imagekit&tr=c-at_max,h-100,q-40,w-100",,,,,,,,,,,,,,,,,,,
https://www.traveloka.com/id-id/user/review/consumption/HOTEL/GENERAL/295675,1,14,"Sangat puas, hotel yang terhubung dengan mall, view bagus, menu breakfast lengkap",Diulas 17 minggu lalu,"https://ik.imagekit.io/tvlk/ugc-review/guys1L+Yyer9kzI3sp-pb0CG1j2bhflZGFUZOoIf1YOBAm37kEUOKR41ieUZm7ZJ/ugc-photo-ap-southeast-1-581603780057-acd24e232f75f09e/REVIEW/REVIEW_1767831182316_d2cae67b9839c7d1?_src=imagekit&tr=c-at_max,h-100,q-40,w-100",,,,,,,,,,,,,,,,,,,
https://www.traveloka.com/id-id/user/review/consumption/HOTEL/GENERAL/295675,1,15,"Dekat dengan TSM jd banyak pilihan tempat makan. Breakfast biasa, pilihan menu kurang variatif. Lokasi ok .",Diulas 18 minggu lalu,"https://ik.imagekit.io/tvlk/ugc-review/guys1L+Yyer9kzI3sp-pb0CG1j2bhflZGFUZOoIf1YOBAm37kEUOKR41ieUZm7ZJ/ugc-photo-ap-southeast-1-581603780057-acd24e232f75f09e/REVIEW/REVIEW_1767509008883_83f0bb37ac99aa5f?_src=imagekit&tr=c-at_max,h-100,q-40,w-100",,,,,,,,,,,,,,,,,,,
https://www.traveloka.com/id-id/user/review/consumption/HOTEL/GENERAL/295675,1,16,"Sarapannya beragam dan lokasinya sangat strategis di sebelah Transstudio Bandung, yang bagus untuk mengajak anak-anak berlibur.",Diulas 18 minggu lalu,"https://ik.imagekit.io/tvlk/ugc-review/guys1L+Yyer9kzI3sp-pb0CG1j2bhflZGFUZOoIf1YOBAm37kEUOKR41ieUZm7ZJ/ugc-photo-ap-southeast-1-581603780057-acd24e232f75f09e/REVIEW/REVIEW_1767319134928_7b0c57c8969ab27b?_src=imagekit&tr=c-at_max,h-100,q-40,w-100","https://ik.imagekit.io/tvlk/ugc-review/guys1L+Yyer9kzI3sp-pb0CG1j2bhflZGFUZOoIf1YOBAm37kEUOKR41ieUZm7ZJ/ugc-photo-ap-southeast-1-581603780057-acd24e232f75f09e/REVIEW/REVIEW_1767319134928_f274bf962d93c6aa?_src=imagekit&tr=c-at_max,h-100,q-40,w-100",https://d24fi85k5ai89e.cloudfront.net/REVIEW_VIDEO/THUMBNAIL/aaa736b7-a8b2-4355-bcb5-ad31ddf97c0c.0000001.jpg,,,,,,,,,,,,,,,,,
https://www.traveloka.com/id-id/user/review/consumption/HOTEL/GENERAL/295675,1,17,"Semua pelayanan memuaskan, sarapan pagi enak2 dan pastinya dekat dengan kota",Diulas 18 minggu lalu,"https://ik.imagekit.io/tvlk/ugc-review/guys1L+Yyer9kzI3sp-pb0CG1j2bhflZGFUZOoIf1YOBAm37kEUOKR41ieUZm7ZJ/ugc-photo-ap-southeast-1-581603780057-acd24e232f75f09e/REVIEW/REVIEW_1767252106204_e1c86fc8066926cf?_src=imagekit&tr=c-at_max,h-100,q-40,w-100",,,,,,,,,,,,,,,,,,,
https://www.traveloka.com/id-id/user/review/consumption/HOTEL/GENERAL/295675,1,18,"📍 Location
Lokasi strategis, satu area dengan Trans Studio Mall, akses mudah.

➕ Comfort Bed
Kasur nyaman, tidur cukup oke.

➖ Check-in Experience (Big Minus)
Check-in sangat lambat. Ditangani staff bernama Della, antrian ±3 orang namun menunggu >40 menit. Counter lain jauh lebih cepat, terlihat perbedaan handling yang cukup kontras. 26Desember2025 stay di room1833

➖ Room Rate vs Value
Harga ±Rp800.000 (peak season) terasa tidak sebanding dengan pengalaman yang didapat.

➖ Breakfast Quality
Variasi breakfast kurang memuaskan. Stand Indomie tanpa telur, harus berjalan jauh ke stand omelet.

➖ Water Refill & Hygiene Issue
Tidak ada welcome drink. Air minum isi ulang di lantai 18, namun dua galon kosong dan baru diganti setelah komplain kedua.
Lebih parah, tumbler/wadah refill terlihat berlumut/jamur, sehingga tidak layak pakai dan menimbulkan kekhawatiran soal kebersihan.

⭐ Overall
Dengan brand Ibis dan harga peak season, pengalaman menginap ini mengecewakan. Pelayanan, respons staff, dan standar kebersihan perlu evaluasi serius.",Diulas 19 minggu lalu,"https://ik.imagekit.io/tvlk/ugc-review/guys1L+Yyer9kzI3sp-pb0CG1j2bhflZGFUZOoIf1YOBAm37kEUOKR41ieUZm7ZJ/ugc-photo-ap-southeast-1-581603780057-acd24e232f75f09e/REVIEW/REVIEW_1767018590465_d4657899c132db1b?_src=imagekit&tr=c-at_max,h-100,q-40,w-100",,,,,,,,,,,,,,,,,,,
https://www.traveloka.com/id-id/user/review/consumption/HOTEL/GENERAL/295675,1,19,"menginap di Ibis hotel sangat nyaman,akses dekat,jajanan sekitar hotel bnyk bngt, klo ke bandung pasti nginep disini lagi..",Diulas 19 minggu lalu,"https://ik.imagekit.io/tvlk/ugc-review/guys1L+Yyer9kzI3sp-pb0CG1j2bhflZGFUZOoIf1YOBAm37kEUOKR41ieUZm7ZJ/ugc-photo-ap-southeast-1-581603780057-acd24e232f75f09e/REVIEW/REVIEW_1766925533486_3a59b3bd3f7c5bfd?_src=imagekit&tr=c-at_max,h-100,q-40,w-100","https://ik.imagekit.io/tvlk/ugc-review/guys1L+Yyer9kzI3sp-pb0CG1j2bhflZGFUZOoIf1YOBAm37kEUOKR41ieUZm7ZJ/ugc-photo-ap-southeast-1-581603780057-acd24e232f75f09e/REVIEW/REVIEW_1766925533485_8719e3963a81c557?_src=imagekit&tr=c-at_max,h-100,q-40,w-100",,,,,,,,,,,,,,,,,,
https://www.traveloka.com/id-id/user/review/consumption/HOTEL/GENERAL/295675,1,20,ruangan bersih mantap pelayanannya.,Diulas 19 minggu lalu,"https://ik.imagekit.io/tvlk/ugc-review/guys1L+Yyer9kzI3sp-pb0CG1j2bhflZGFUZOoIf1YOBAm37kEUOKR41ieUZm7ZJ/ugc-photo-ap-southeast-1-581603780057-acd24e232f75f09e/REVIEW/REVIEW_1766838728232_fa6ba118df39ab41?_src=imagekit&tr=c-at_max,h-100,q-40,w-100",,,,,,,,,,,,,,,,,,,
https://www.traveloka.com/id-id/user/review/consumption/HOTEL/GENERAL/295675,2,1,Lokasi hotel sangat bagus dan terhubung dengan pusat perbelanjaan dan objek wisata melalui Trans Studio Bandung.,Diulas 19 minggu lalu,"https://ik.imagekit.io/tvlk/ugc-review/guys1L+Yyer9kzI3sp-pb0CG1j2bhflZGFUZOoIf1YOBAm37kEUOKR41ieUZm7ZJ/ugc-photo-ap-southeast-1-581603780057-acd24e232f75f09e/REVIEW/REVIEW_1766669084688_9e77fc3d503541d1?_src=imagekit&tr=c-at_max,h-100,q-40,w-100",,,,,,,,,,,,,,,,,,,
https://www.traveloka.com/id-id/user/review/consumption/HOTEL/GENERAL/295675,2,2,"worth it bangetttt, ibis trans studio suka pokonya ❤️",Diulas 19 minggu lalu,"https://ik.imagekit.io/tvlk/ugc-review/guys1L+Yyer9kzI3sp-pb0CG1j2bhflZGFUZOoIf1YOBAm37kEUOKR41ieUZm7ZJ/ugc-photo-ap-southeast-1-581603780057-acd24e232f75f09e/REVIEW/REVIEW_1766567352624_8cb339d54313dd3a?_src=imagekit&tr=c-at_max,h-100,q-40,w-100",,,,,,,,,,,,,,,,,,,
https://www.traveloka.com/id-id/user/review/consumption/HOTEL/GENERAL/295675,2,3,Lokasi yg strategis... Kenyamanan menginap dan variasi makanan saat sarapan membuat hotel Ibis Trans Studio merupakan pilihan yang tepat untuk menginap saat berada di Bandung..,Diulas 21 minggu lalu,"https://ik.imagekit.io/tvlk/ugc-review/guys1L+Yyer9kzI3sp-pb0CG1j2bhflZGFUZOoIf1YOBAm37kEUOKR41ieUZm7ZJ/ugc-photo-ap-southeast-1-581603780057-acd24e232f75f09e/REVIEW/REVIEW_1765774162061_287d45269c9bdef7?_src=imagekit&tr=c-at_max,h-100,q-40,w-100",,,,,,,,,,,,,,,,,,,
https://www.traveloka.com/id-id/user/review/consumption/HOTEL/GENERAL/295675,2,4,breakfast nya variatif dan enak². lokasi mudah dijangkau dan ke TSM tinggal jalan kaki,Diulas 25 minggu lalu,"https://ik.imagekit.io/tvlk/ugc-review/guys1L+Yyer9kzI3sp-pb0CG1j2bhflZGFUZOoIf1YOBAm37kEUOKR41ieUZm7ZJ/ugc-photo-ap-southeast-1-581603780057-acd24e232f75f09e/REVIEW/REVIEW_1763206083251_0df8419a110a1e88?_src=imagekit&tr=c-at_max,h-100,q-40,w-100",,,,,,,,,,,,,,,,,,,
https://www.traveloka.com/id-id/user/review/consumption/HOTEL/GENERAL/295675,2,5,"lokasi dan harga terbaik 

banyak bonusnya 



        
Makanan: enaaaak dan bervariazi  
Bantuan Staf: teteh dan akangnya sangat membantu dan ramaah banget
Highlights: anak2 happy sekali dapet boneka dan banyak bonus lainnya  
Harga: sangat pas 
Lokasi: sangat strategiss",Diulas 27 minggu lalu,"https://ik.imagekit.io/tvlk/ugc-review/guys1L+Yyer9kzI3sp-pb0CG1j2bhflZGFUZOoIf1YOBAm37kEUOKR41ieUZm7ZJ/ugc-photo-ap-southeast-1-581603780057-acd24e232f75f09e/REVIEW/REVIEW_1762178767621_8111cac941ee89b5?_src=imagekit&tr=c-at_max,h-100,q-40,w-100",,,,,,,,,,,,,,,,,,,
https://www.traveloka.com/id-id/user/review/consumption/HOTEL/GENERAL/295675,2,6,"sangat mengesankan sekali,kami sekeluarga sangat senang menginap di Ibis hotel Bandung",Diulas 27 minggu lalu,"https://ik.imagekit.io/tvlk/ugc-review/guys1L+Yyer9kzI3sp-pb0CG1j2bhflZGFUZOoIf1YOBAm37kEUOKR41ieUZm7ZJ/ugc-photo-ap-southeast-1-581603780057-acd24e232f75f09e/REVIEW/REVIEW_1762135316219_e9ffa473aad74ee3?_src=imagekit&tr=c-at_max,h-100,q-40,w-100",,,,,,,,,,,,,,,,,,,
https://www.traveloka.com/id-id/user/review/consumption/HOTEL/GENERAL/295675,2,7,"hmmm yang sangat mengecewakan, 
satu no kamar bisa dikasih ke 2 guess itu sangat sangat tidak bisa ditoleransi. kemudian kecepatan dalam pelayanan untuk chek in pada saat peak load, sangat lambaaat. semoga bisa jauh lebih baik kedepannya. thank u",Diulas 27 minggu lalu,"https://ik.imagekit.io/tvlk/ugc-review/guys1L+Yyer9kzI3sp-pb0CG1j2bhflZGFUZOoIf1YOBAm37kEUOKR41ieUZm7ZJ/ugc-photo-ap-southeast-1-581603780057-acd24e232f75f09e/REVIEW/REVIEW_1761664776440_c30f5e5879c450d4?_src=imagekit&tr=c-at_max,h-100,q-40,w-100",,,,,,,,,,,,,,,,,,,
https://www.traveloka.com/id-id/user/review/consumption/HOTEL/GENERAL/295675,2,8,"Lokasi Strategis dan nyaman, tetapi mohon dipertimbangkan utnuk penambahan staf di meja resepsionis",Diulas 28 minggu lalu,"https://ik.imagekit.io/tvlk/ugc-review/guys1L+Yyer9kzI3sp-pb0CG1j2bhflZGFUZOoIf1YOBAm37kEUOKR41ieUZm7ZJ/ugc-photo-ap-southeast-1-581603780057-acd24e232f75f09e/REVIEW/REVIEW_1761544677611_1065c93f2c64d802?_src=imagekit&tr=c-at_max,h-100,q-40,w-100",,,,,,,,,,,,,,,,,,,
https://www.traveloka.com/id-id/user/review/consumption/HOTEL/GENERAL/295675,2,9,kamarnya besar dan luas dengan viuw yg amazing,Diulas 28 minggu lalu,"https://ik.imagekit.io/tvlk/ugc-review/guys1L+Yyer9kzI3sp-pb0CG1j2bhflZGFUZOoIf1YOBAm37kEUOKR41ieUZm7ZJ/ugc-photo-ap-southeast-1-581603780057-acd24e232f75f09e/REVIEW/REVIEW_1761266126858_00db887fed27db41?_src=imagekit&tr=c-at_max,h-100,q-40,w-100","https://ik.imagekit.io/tvlk/ugc-review/guys1L+Yyer9kzI3sp-pb0CG1j2bhflZGFUZOoIf1YOBAm37kEUOKR41ieUZm7ZJ/ugc-photo-ap-southeast-1-581603780057-acd24e232f75f09e/REVIEW/REVIEW_1761266126858_498d28697da3a56a?_src=imagekit&tr=c-at_max,h-100,q-40,w-100","https://ik.imagekit.io/tvlk/ugc-review/guys1L+Yyer9kzI3sp-pb0CG1j2bhflZGFUZOoIf1YOBAm37kEUOKR41ieUZm7ZJ/ugc-photo-ap-southeast-1-581603780057-acd24e232f75f09e/REVIEW/REVIEW_1761266126857_a554c57144a05be0?_src=imagekit&tr=c-at_max,h-100,q-40,w-100","https://ik.imagekit.io/tvlk/ugc-review/guys1L+Yyer9kzI3sp-pb0CG1j2bhflZGFUZOoIf1YOBAm37kEUOKR41ieUZm7ZJ/ugc-photo-ap-southeast-1-581603780057-acd24e232f75f09e/REVIEW/REVIEW_1761266126857_3fb74094fd21a722?_src=imagekit&tr=c-at_max,h-100,q-40,w-100","https://ik.imagekit.io/tvlk/ugc-review/guys1L+Yyer9kzI3sp-pb0CG1j2bhflZGFUZOoIf1YOBAm37kEUOKR41ieUZm7ZJ/ugc-photo-ap-southeast-1-581603780057-acd24e232f75f09e/REVIEW/REVIEW_1761266126857_dca66c04bd867154?_src=imagekit&tr=c-at_max,h-100,q-40,w-100",,,,,,,,,,,,,,,
https://www.traveloka.com/id-id/user/review/consumption/HOTEL/GENERAL/295675,2,10,kamar nya besar dan bersih deng viuw yg bagus,Diulas 28 minggu lalu,"https://ik.imagekit.io/tvlk/ugc-review/guys1L+Yyer9kzI3sp-pb0CG1j2bhflZGFUZOoIf1YOBAm37kEUOKR41ieUZm7ZJ/ugc-photo-ap-southeast-1-581603780057-acd24e232f75f09e/REVIEW/REVIEW_1761265937322_26fa169923572a24?_src=imagekit&tr=c-at_max,h-100,q-40,w-100","https://ik.imagekit.io/tvlk/ugc-review/guys1L+Yyer9kzI3sp-pb0CG1j2bhflZGFUZOoIf1YOBAm37kEUOKR41ieUZm7ZJ/ugc-photo-ap-southeast-1-581603780057-acd24e232f75f09e/REVIEW/REVIEW_1761265937321_5f841178b527ea33?_src=imagekit&tr=c-at_max,h-100,q-40,w-100","https://ik.imagekit.io/tvlk/ugc-review/guys1L+Yyer9kzI3sp-pb0CG1j2bhflZGFUZOoIf1YOBAm37kEUOKR41ieUZm7ZJ/ugc-photo-ap-southeast-1-581603780057-acd24e232f75f09e/REVIEW/REVIEW_1761265937321_cd6057441ec4fc7a?_src=imagekit&tr=c-at_max,h-100,q-40,w-100","https://ik.imagekit.io/tvlk/ugc-review/guys1L+Yyer9kzI3sp-pb0CG1j2bhflZGFUZOoIf1YOBAm37kEUOKR41ieUZm7ZJ/ugc-photo-ap-southeast-1-581603780057-acd24e232f75f09e/REVIEW/REVIEW_1761265937321_4a668f160ec163a0?_src=imagekit&tr=c-at_max,h-100,q-40,w-100",,,,,,,,,,,,,,,,
https://www.traveloka.com/id-id/user/review/consumption/HOTEL/GENERAL/295675,2,11,Pemandangan indah dari kamar kami saat menginap di lantai 7.. Hotel keluarga terbaik yang pernah ada.. liburan satu atap untuk keluarga…,Diulas 29 minggu lalu,"https://ik.imagekit.io/tvlk/ugc-review/guys1L+Yyer9kzI3sp-pb0CG1j2bhflZGFUZOoIf1YOBAm37kEUOKR41ieUZm7ZJ/ugc-photo-ap-southeast-1-581603780057-acd24e232f75f09e/REVIEW/REVIEW_1760866144390_4abc0b048e85aa9d?_src=imagekit&tr=c-at_max,h-100,q-40,w-100","https://ik.imagekit.io/tvlk/ugc-review/guys1L+Yyer9kzI3sp-pb0CG1j2bhflZGFUZOoIf1YOBAm37kEUOKR41ieUZm7ZJ/ugc-photo-ap-southeast-1-581603780057-acd24e232f75f09e/REVIEW/REVIEW_1760866179861_414446b97eac93fc?_src=imagekit&tr=c-at_max,h-100,q-40,w-100","https://ik.imagekit.io/tvlk/ugc-review/guys1L+Yyer9kzI3sp-pb0CG1j2bhflZGFUZOoIf1YOBAm37kEUOKR41ieUZm7ZJ/ugc-photo-ap-southeast-1-581603780057-acd24e232f75f09e/REVIEW/REVIEW_1760866253308_c46b35cf5bbe9fdc?_src=imagekit&tr=c-at_max,h-100,q-40,w-100",,,,,,,,,,,,,,,,,
https://www.traveloka.com/id-id/user/review/consumption/HOTEL/GENERAL/295675,2,12,"sangat menyenangkan
dekat dari pusat kota
kamarnya bersih dan nyaman",Diulas 29 minggu lalu,"https://ik.imagekit.io/tvlk/ugc-review/guys1L+Yyer9kzI3sp-pb0CG1j2bhflZGFUZOoIf1YOBAm37kEUOKR41ieUZm7ZJ/ugc-photo-ap-southeast-1-581603780057-acd24e232f75f09e/REVIEW/REVIEW_1760499421496_b0942c0d4803cab9?_src=imagekit&tr=c-at_max,h-100,q-40,w-100",,,,,,,,,,,,,,,,,,,
https://www.traveloka.com/id-id/user/review/consumption/HOTEL/GENERAL/295675,2,13,very good  favorite buat aku staycation di Ibis,Diulas 31 minggu lalu,"https://ik.imagekit.io/tvlk/ugc-review/guys1L+Yyer9kzI3sp-pb0CG1j2bhflZGFUZOoIf1YOBAm37kEUOKR41ieUZm7ZJ/ugc-photo-ap-southeast-1-581603780057-acd24e232f75f09e/REVIEW/REVIEW_1759729054947_7dcc006c5da7ea91?_src=imagekit&tr=c-at_max,h-100,q-40,w-100",,,,,,,,,,,,,,,,,,,
https://www.traveloka.com/id-id/user/review/consumption/HOTEL/GENERAL/295675,2,14,"Pengalaman menginap disini seru sekali.. 
suasana tenang, karyawan ramah

Lokasi nempel mall, parkir hotel deket lift B2

Makanan enakkk komplit

Rekomendasi pokoknya, lewat traveloka ada diskon",Diulas 31 minggu lalu,"https://ik.imagekit.io/tvlk/ugc-review/guys1L+Yyer9kzI3sp-pb0CG1j2bhflZGFUZOoIf1YOBAm37kEUOKR41ieUZm7ZJ/ugc-photo-ap-southeast-1-581603780057-acd24e232f75f09e/REVIEW/REVIEW_1759627994839_d577b81455b9ee4f?_src=imagekit&tr=c-at_max,h-100,q-40,w-100","https://ik.imagekit.io/tvlk/ugc-review/guys1L+Yyer9kzI3sp-pb0CG1j2bhflZGFUZOoIf1YOBAm37kEUOKR41ieUZm7ZJ/ugc-photo-ap-southeast-1-581603780057-acd24e232f75f09e/REVIEW/REVIEW_1759628006878_6bc38a2e84bbd206?_src=imagekit&tr=c-at_max,h-100,q-40,w-100",,,,,,,,,,,,,,,,,,
https://www.traveloka.com/id-id/user/review/consumption/HOTEL/GENERAL/295675,2,15,"Kamar yang bagus untuk menginap, bersih & rapi, dekat dengan tempat kuliner dan pusat perbelanjaan",Diulas 32 minggu lalu,"https://ik.imagekit.io/tvlk/ugc-review/guys1L+Yyer9kzI3sp-pb0CG1j2bhflZGFUZOoIf1YOBAm37kEUOKR41ieUZm7ZJ/ugc-photo-ap-southeast-1-581603780057-acd24e232f75f09e/REVIEW/REVIEW_1759139142566_4dd38c90493c78e9?_src=imagekit&tr=c-at_max,h-100,q-40,w-100","https://ik.imagekit.io/tvlk/ugc-review/guys1L+Yyer9kzI3sp-pb0CG1j2bhflZGFUZOoIf1YOBAm37kEUOKR41ieUZm7ZJ/ugc-photo-ap-southeast-1-581603780057-acd24e232f75f09e/REVIEW/REVIEW_1759139142566_6c822c4cef22ddc0?_src=imagekit&tr=c-at_max,h-100,q-40,w-100",,,,,,,,,,,,,,,,,,
https://www.traveloka.com/id-id/user/review/consumption/HOTEL/GENERAL/295675,2,16,"Pelayanan staf ramah, room bersih, kamar mandi juga, makanan oke, over all bakal balik lagi",Diulas 32 minggu lalu,"https://ik.imagekit.io/tvlk/ugc-review/guys1L+Yyer9kzI3sp-pb0CG1j2bhflZGFUZOoIf1YOBAm37kEUOKR41ieUZm7ZJ/ugc-photo-ap-southeast-1-581603780057-acd24e232f75f09e/REVIEW/REVIEW_1758922906122_e4997200f16566f1?_src=imagekit&tr=c-at_max,h-100,q-40,w-100",,,,,,,,,,,,,,,,,,,
https://www.traveloka.com/id-id/user/review/consumption/HOTEL/GENERAL/295675,2,17,"Pelayanan staf ramah, room bersih, kamar mandi juga, makanan oke, over all bakal balik lagi",Diulas 32 minggu lalu,"https://ik.imagekit.io/tvlk/ugc-review/guys1L+Yyer9kzI3sp-pb0CG1j2bhflZGFUZOoIf1YOBAm37kEUOKR41ieUZm7ZJ/ugc-photo-ap-southeast-1-581603780057-acd24e232f75f09e/REVIEW/REVIEW_1758922824241_008cc35b4a1c7d64?_src=imagekit&tr=c-at_max,h-100,q-40,w-100",,,,,,,,,,,,,,,,,,,
https://www.traveloka.com/id-id/user/review/consumption/HOTEL/GENERAL/295675,2,18,"Serba dekat, parkir kendaraan gratis. Makanannya enak² lengkap dan memuaskan. kamar estetik dan viewnya bagus.  
Sy akan kesini kembali menginap jika ke Bandung",Diulas 32 minggu lalu,"https://ik.imagekit.io/tvlk/ugc-review/guys1L+Yyer9kzI3sp-pb0CG1j2bhflZGFUZOoIf1YOBAm37kEUOKR41ieUZm7ZJ/ugc-photo-ap-southeast-1-581603780057-acd24e232f75f09e/REVIEW/REVIEW_1758766632083_3515c1adf46109f7?_src=imagekit&tr=c-at_max,h-100,q-40,w-100","https://ik.imagekit.io/tvlk/ugc-review/guys1L+Yyer9kzI3sp-pb0CG1j2bhflZGFUZOoIf1YOBAm37kEUOKR41ieUZm7ZJ/ugc-photo-ap-southeast-1-581603780057-acd24e232f75f09e/REVIEW/REVIEW_1758766632084_d2501c0f5c8bfa70?_src=imagekit&tr=c-at_max,h-100,q-40,w-100","https://ik.imagekit.io/tvlk/ugc-review/guys1L+Yyer9kzI3sp-pb0CG1j2bhflZGFUZOoIf1YOBAm37kEUOKR41ieUZm7ZJ/ugc-photo-ap-southeast-1-581603780057-acd24e232f75f09e/REVIEW/REVIEW_1758766632084_27b44c65e25478b1?_src=imagekit&tr=c-at_max,h-100,q-40,w-100",,,,,,,,,,,,,,,,,
https://www.traveloka.com/id-id/user/review/consumption/HOTEL/GENERAL/295675,2,19,"Staf ramah dan membantu, kamar besar dan nyaman, over all lokasi dan atmosfer menyenangkan",Diulas 33 minggu lalu,"https://ik.imagekit.io/tvlk/ugc-review/guys1L+Yyer9kzI3sp-pb0CG1j2bhflZGFUZOoIf1YOBAm37kEUOKR41ieUZm7ZJ/ugc-photo-ap-southeast-1-581603780057-acd24e232f75f09e/REVIEW/REVIEW_1758105444150_2a732631daba2c9f?_src=imagekit&tr=c-at_max,h-100,q-40,w-100","https://ik.imagekit.io/tvlk/ugc-review/guys1L+Yyer9kzI3sp-pb0CG1j2bhflZGFUZOoIf1YOBAm37kEUOKR41ieUZm7ZJ/ugc-photo-ap-southeast-1-581603780057-acd24e232f75f09e/REVIEW/REVIEW_1758105479334_cc0763aeb06e3d17?_src=imagekit&tr=c-at_max,h-100,q-40,w-100",,,,,,,,,,,,,,,,,,
https://www.traveloka.com/id-id/user/review/consumption/HOTEL/GENERAL/295675,2,20,Sarapannya enak. Lokasinya bagus. Istirahatnya lumayan.,Diulas 34 minggu lalu,"https://ik.imagekit.io/tvlk/ugc-review/guys1L+Yyer9kzI3sp-pb0CG1j2bhflZGFUZOoIf1YOBAm37kEUOKR41ieUZm7ZJ/ugc-photo-ap-southeast-1-581603780057-acd24e232f75f09e/REVIEW/REVIEW_1757469134261_af193aa7f7aaa38d?_src=imagekit&tr=c-at_max,h-100,q-40,w-100","https://ik.imagekit.io/tvlk/ugc-review/guys1L+Yyer9kzI3sp-pb0CG1j2bhflZGFUZOoIf1YOBAm37kEUOKR41ieUZm7ZJ/ugc-photo-ap-southeast-1-581603780057-acd24e232f75f09e/REVIEW/REVIEW_1757469134261_c7a613b7c72ce230?_src=imagekit&tr=c-at_max,h-100,q-40,w-100",,,,,,,,,,,,,,,,,,
https://www.traveloka.com/id-id/user/review/consumption/HOTEL/GENERAL/295675,3,1,"Dapet kamar di lantai 21. Pemandangannya cantik, tapi lagi mendung. Fasilitas lengkap dan bersih, akses ke mall.",Diulas 36 minggu lalu,"https://ik.imagekit.io/tvlk/ugc-review/guys1L+Yyer9kzI3sp-pb0CG1j2bhflZGFUZOoIf1YOBAm37kEUOKR41ieUZm7ZJ/ugc-photo-ap-southeast-1-581603780057-acd24e232f75f09e/REVIEW/REVIEW_1756731230280_ac7023cce5736946?_src=imagekit&tr=c-at_max,h-100,q-40,w-100",,,,,,,,,,,,,,,,,,,
https://www.traveloka.com/id-id/user/review/consumption/HOTEL/GENERAL/295675,3,2,"Staf sangat ramah, pemandangan kamar sangat bagus",Diulas 36 minggu lalu,"https://ik.imagekit.io/tvlk/ugc-review/guys1L+Yyer9kzI3sp-pb0CG1j2bhflZGFUZOoIf1YOBAm37kEUOKR41ieUZm7ZJ/ugc-photo-ap-southeast-1-581603780057-acd24e232f75f09e/REVIEW/REVIEW_1756707784163_0da6d9ce08d4bd0c?_src=imagekit&tr=c-at_max,h-100,q-40,w-100",,,,,,,,,,,,,,,,,,,
https://www.traveloka.com/id-id/user/review/consumption/HOTEL/GENERAL/295675,3,3,"Hotel ini nyaman dan berlokasi sangat strategis di pusat kota, terhubung langsung dengan TSM Bandung, sehingga memudahkan berbelanja dan bersantap. Kamar-kamarnya bersih dan memenuhi standar kualitas Ibis. Satu-satunya kekurangan selama menginap adalah proses check-in — meskipun banyak konter yang tersedia, hanya dua staf yang melayani tamu malam itu, sehingga waktu tunggunya cukup lama. Secara keseluruhan, hotel ini tetap menjadi pilihan yang sangat baik jika Anda menginginkan kenyamanan dan lokasi terbaik di Bandung.",Diulas 36 minggu lalu,"https://ik.imagekit.io/tvlk/ugc-review/guys1L+Yyer9kzI3sp-pb0CG1j2bhflZGFUZOoIf1YOBAm37kEUOKR41ieUZm7ZJ/ugc-photo-ap-southeast-1-581603780057-acd24e232f75f09e/REVIEW/REVIEW_1756701101619_c5ca0e84e5ce816c?_src=imagekit&tr=c-at_max,h-100,q-40,w-100",,,,,,,,,,,,,,,,,,,
https://www.traveloka.com/id-id/user/review/consumption/HOTEL/GENERAL/295675,3,4,"Rekomendasi lah ini hotel. Kalau ke Bandung lagi bisa menginap di hotel ini lagi, worth it lah",Diulas 37 minggu lalu,"https://ik.imagekit.io/tvlk/ugc-review/guys1L+Yyer9kzI3sp-pb0CG1j2bhflZGFUZOoIf1YOBAm37kEUOKR41ieUZm7ZJ/ugc-photo-ap-southeast-1-581603780057-acd24e232f75f09e/REVIEW/REVIEW_1756102720703_77381e9cfc118485?_src=imagekit&tr=c-at_max,h-100,q-40,w-100",,,,,,,,,,,,,,,,,,,
https://www.traveloka.com/id-id/user/review/consumption/HOTEL/GENERAL/295675,3,5,Frot Office Staff kasih solusi ketika room yang dipesan belum ready.,Diulas 37 minggu lalu,"https://ik.imagekit.io/tvlk/ugc-review/guys1L+Yyer9kzI3sp-pb0CG1j2bhflZGFUZOoIf1YOBAm37kEUOKR41ieUZm7ZJ/ugc-photo-ap-southeast-1-581603780057-acd24e232f75f09e/REVIEW/REVIEW_1755841927564_78ea6f4701e75573?_src=imagekit&tr=c-at_max,h-100,q-40,w-100",,,,,,,,,,,,,,,,,,,
https://www.traveloka.com/id-id/user/review/consumption/HOTEL/GENERAL/295675,3,6,"Kamar ok banget buat harga segitu, bersih dan juga nyaman. Di malam hari pun cukup kedap, enggak berisik. Sarapan so-so, petugas helpful.
Yang annoying itu mau check in lama bangettt 30/40 menitan dan lelet gitu padahal udah lihat antrean udah panjang tapi petugas kayaknya gitu-gitu aja geraknya.
Dan tolong di setiap row dibikin tag deh, mana buat antrean check in, mana buat antrean parkir jadi enggak wasting time.
Lahan parkir di B1 terbatas, terlalu banyak row kosongnya buat valet.",Diulas 38 minggu lalu,"https://ik.imagekit.io/tvlk/ugc-review/guys1L+Yyer9kzI3sp-pb0CG1j2bhflZGFUZOoIf1YOBAm37kEUOKR41ieUZm7ZJ/ugc-photo-ap-southeast-1-581603780057-acd24e232f75f09e/REVIEW/REVIEW_1755567462179_d83f5004ad9da89d?_src=imagekit&tr=c-at_max,h-100,q-40,w-100","https://ik.imagekit.io/tvlk/ugc-review/guys1L+Yyer9kzI3sp-pb0CG1j2bhflZGFUZOoIf1YOBAm37kEUOKR41ieUZm7ZJ/ugc-photo-ap-southeast-1-581603780057-acd24e232f75f09e/REVIEW/REVIEW_1755567411253_d708b996f016df22?_src=imagekit&tr=c-at_max,h-100,q-40,w-100","https://ik.imagekit.io/tvlk/ugc-review/guys1L+Yyer9kzI3sp-pb0CG1j2bhflZGFUZOoIf1YOBAm37kEUOKR41ieUZm7ZJ/ugc-photo-ap-southeast-1-581603780057-acd24e232f75f09e/REVIEW/REVIEW_1755567411253_a9c7813e1250d3c4?_src=imagekit&tr=c-at_max,h-100,q-40,w-100",,,,,,,,,,,,,,,,,
https://www.traveloka.com/id-id/user/review/consumption/HOTEL/GENERAL/295675,3,7,"Harga hotel cukup terjangkau, selangkah dari Trans Studio Mall, dekat Fore Coffee, wahana Trans Studio.

Pilihan menu sarapan cukup banyak, bahkan sampai di luar restoran. Suasana malam hari di sekitar hotel sejuk.

Terdapat dispenser di lorong hotel, sehingga kita tidak perlu membeli air mineral botolan.

Overall oke dan direkomendasikan kalau ke Bandung wajib menginap di sini.",Diulas 38 minggu lalu,"https://ik.imagekit.io/tvlk/ugc-review/guys1L+Yyer9kzI3sp-pb0CG1j2bhflZGFUZOoIf1YOBAm37kEUOKR41ieUZm7ZJ/ugc-photo-ap-southeast-1-581603780057-acd24e232f75f09e/REVIEW/REVIEW_1755431429578_09ec5816ebbdc061?_src=imagekit&tr=c-at_max,h-100,q-40,w-100","https://ik.imagekit.io/tvlk/ugc-review/guys1L+Yyer9kzI3sp-pb0CG1j2bhflZGFUZOoIf1YOBAm37kEUOKR41ieUZm7ZJ/ugc-photo-ap-southeast-1-581603780057-acd24e232f75f09e/REVIEW/REVIEW_1755431429578_c62ff66ba1246f61?_src=imagekit&tr=c-at_max,h-100,q-40,w-100","https://ik.imagekit.io/tvlk/ugc-review/guys1L+Yyer9kzI3sp-pb0CG1j2bhflZGFUZOoIf1YOBAm37kEUOKR41ieUZm7ZJ/ugc-photo-ap-southeast-1-581603780057-acd24e232f75f09e/REVIEW/REVIEW_1755431429578_8d2d3b546c906ab7?_src=imagekit&tr=c-at_max,h-100,q-40,w-100","https://ik.imagekit.io/tvlk/ugc-review/guys1L+Yyer9kzI3sp-pb0CG1j2bhflZGFUZOoIf1YOBAm37kEUOKR41ieUZm7ZJ/ugc-photo-ap-southeast-1-581603780057-acd24e232f75f09e/REVIEW/REVIEW_1755431429577_d09eb757656d0131?_src=imagekit&tr=c-at_max,h-100,q-40,w-100",,,,,,,,,,,,,,,,
https://www.traveloka.com/id-id/user/review/consumption/HOTEL/GENERAL/295675,3,8,Jadi pilihan setiap menginap di Bandung... Dekat dengan Trans Mall.,Diulas 38 minggu lalu,"https://ik.imagekit.io/tvlk/ugc-review/guys1L+Yyer9kzI3sp-pb0CG1j2bhflZGFUZOoIf1YOBAm37kEUOKR41ieUZm7ZJ/ugc-photo-ap-southeast-1-581603780057-acd24e232f75f09e/REVIEW/REVIEW_1755306150338_242a4c9779efee45?_src=imagekit&tr=c-at_max,h-100,q-40,w-100",,,,,,,,,,,,,,,,,,,
https://www.traveloka.com/id-id/user/review/consumption/HOTEL/GENERAL/295675,3,9,"Lokasi mudah diakses dan sangat strategis, untuk fasilitas kamar ok namun sayang tak disediakan handuk dan saat checkout saya pesan agar diantarkan alat shalat bahkan saat order di traveloka pun pesan tersebut saya buay, namun sayang tak ada respon. cantumlam",Diulas 39 minggu lalu,"https://ik.imagekit.io/tvlk/ugc-review/guys1L+Yyer9kzI3sp-pb0CG1j2bhflZGFUZOoIf1YOBAm37kEUOKR41ieUZm7ZJ/ugc-photo-ap-southeast-1-581603780057-acd24e232f75f09e/REVIEW/REVIEW_1754443654196_50d56370c6a15198?_src=imagekit&tr=c-at_max,h-100,q-40,w-100","https://ik.imagekit.io/tvlk/ugc-review/guys1L+Yyer9kzI3sp-pb0CG1j2bhflZGFUZOoIf1YOBAm37kEUOKR41ieUZm7ZJ/ugc-photo-ap-southeast-1-581603780057-acd24e232f75f09e/REVIEW/REVIEW_1754443654196_3af7c97831350679?_src=imagekit&tr=c-at_max,h-100,q-40,w-100",,,,,,,,,,,,,,,,,,
https://www.traveloka.com/id-id/user/review/consumption/HOTEL/GENERAL/295675,3,10,"Untuk staff ramah, sarapan banyak variasi... Sejauh ini puas.",Diulas 42 minggu lalu,"https://ik.imagekit.io/tvlk/ugc-review/guys1L+Yyer9kzI3sp-pb0CG1j2bhflZGFUZOoIf1YOBAm37kEUOKR41ieUZm7ZJ/ugc-photo-ap-southeast-1-581603780057-acd24e232f75f09e/REVIEW/REVIEW_1752721995315_82ce5c9b1da30e74?_src=imagekit&tr=c-at_max,h-100,q-40,w-100",,,,,,,,,,,,,,,,,,,
https://www.traveloka.com/id-id/user/review/consumption/HOTEL/GENERAL/295675,3,11,"Hotel strategis, satu komplek dengan Trans studio Bandung. Waktu check in lumayan antri lama, berdiri setengah jam lebih, staf kurang gercep.Kamar bagus, ada sofanya. Toilet tidak pakai selang, yg model tuas samping, itu agak merepotkan. Untuk makanannya enak, cuma harganya mahal untuk tambahan sarapannya yaitu Rp 188.000/person, paling mahal dari hotel2 yg pernah kami datangi, biasanya cuma kisaran 125 ribuan.",Diulas 43 minggu lalu,"https://ik.imagekit.io/tvlk/ugc-review/guys1L+Yyer9kzI3sp-pb0CG1j2bhflZGFUZOoIf1YOBAm37kEUOKR41ieUZm7ZJ/ugc-photo-ap-southeast-1-581603780057-acd24e232f75f09e/REVIEW/REVIEW_1752294383069_335c09b061b5f18f?_src=imagekit&tr=c-at_max,h-100,q-40,w-100","https://ik.imagekit.io/tvlk/ugc-review/guys1L+Yyer9kzI3sp-pb0CG1j2bhflZGFUZOoIf1YOBAm37kEUOKR41ieUZm7ZJ/ugc-photo-ap-southeast-1-581603780057-acd24e232f75f09e/REVIEW/REVIEW_1752294383070_c96c4a9968d2bfd2?_src=imagekit&tr=c-at_max,h-100,q-40,w-100",,,,,,,,,,,,,,,,,,
https://www.traveloka.com/id-id/user/review/consumption/HOTEL/GENERAL/295675,3,12,Di tengah kota memudahkan mau jalan-jalan.,Diulas 43 minggu lalu,"https://ik.imagekit.io/tvlk/ugc-review/guys1L+Yyer9kzI3sp-pb0CG1j2bhflZGFUZOoIf1YOBAm37kEUOKR41ieUZm7ZJ/ugc-photo-ap-southeast-1-581603780057-acd24e232f75f09e/REVIEW/REVIEW_1752155900950_baba5fd3b62dda14?_src=imagekit&tr=c-at_max,h-100,q-40,w-100",,,,,,,,,,,,,,,,,,,
https://www.traveloka.com/id-id/user/review/consumption/HOTEL/GENERAL/295675,3,13,"Pas sy Check in resepsionis sangat tdk sopan pas minta ktp sy,dia ambil ktp sy pakai tangan kiri,pas sy check in jg ada 1 kmr pesanan sy yg belum siap jd belum di kasih kunci nya,ketika sore saya mau ambil kunci di resepsionis lama sekali hampir 1 jam antrian org2 yg pd mau check in,satpam seperti patung di lobby tdk greeting dan senyum,yg lain nya ok utk kamar dll,bisa lebih baik ke depan nya",Diulas 45 minggu lalu,"https://ik.imagekit.io/tvlk/ugc-review/guys1L+Yyer9kzI3sp-pb0CG1j2bhflZGFUZOoIf1YOBAm37kEUOKR41ieUZm7ZJ/ugc-photo-ap-southeast-1-581603780057-acd24e232f75f09e/REVIEW/10041412_REVIEW_1751347191026_afdf0feafba3c499?_src=imagekit&tr=c-at_max,h-100,q-40,w-100","https://ik.imagekit.io/tvlk/ugc-review/guys1L+Yyer9kzI3sp-pb0CG1j2bhflZGFUZOoIf1YOBAm37kEUOKR41ieUZm7ZJ/ugc-photo-ap-southeast-1-581603780057-acd24e232f75f09e/REVIEW/10041412_REVIEW_1751347191026_c1bae114d5e945a0?_src=imagekit&tr=c-at_max,h-100,q-40,w-100",,,,,,,,,,,,,,,,,,
https://www.traveloka.com/id-id/user/review/consumption/HOTEL/GENERAL/295675,3,14,"Pas Check in resepsionis minta ktp pas sy kasih ktp sy dia ambil ktp saya pakai tangan kiri dan ksh kembali jg pakai tangan kiri,tdk sopan,utk satpam di lobby sdh seperti patung tdk greeting dan senyum,utk kmr tdk ada masalah,bisa lebih baik lg dlm hal pelayanan nya",Diulas 45 minggu lalu,"https://ik.imagekit.io/tvlk/ugc-review/guys1L+Yyer9kzI3sp-pb0CG1j2bhflZGFUZOoIf1YOBAm37kEUOKR41ieUZm7ZJ/ugc-photo-ap-southeast-1-581603780057-acd24e232f75f09e/REVIEW/10041412_REVIEW_1751346883790_8f1d0f002af3ac7e?_src=imagekit&tr=c-at_max,h-100,q-40,w-100","https://ik.imagekit.io/tvlk/ugc-review/guys1L+Yyer9kzI3sp-pb0CG1j2bhflZGFUZOoIf1YOBAm37kEUOKR41ieUZm7ZJ/ugc-photo-ap-southeast-1-581603780057-acd24e232f75f09e/REVIEW/10041412_REVIEW_1751346883789_7bbee7415d6f21f4?_src=imagekit&tr=c-at_max,h-100,q-40,w-100",,,,,,,,,,,,,,,,,,
https://www.traveloka.com/id-id/user/review/consumption/HOTEL/GENERAL/295675,3,15,Hotelnya bagus dan bersih. Ada masjid besar di seberang lobi hotel. Ada banyak restoran dan kedai kopi yang bisa ditempuh dengan berjalan kaki beberapa menit.,Diulas 45 minggu lalu,"https://ik.imagekit.io/tvlk/ugc-review/guys1L+Yyer9kzI3sp-pb0CG1j2bhflZGFUZOoIf1YOBAm37kEUOKR41ieUZm7ZJ/ugc-photo-ap-southeast-1-581603780057-acd24e232f75f09e/REVIEW/10753075_REVIEW_1751122256755_795f079d14e3ee5b?_src=imagekit&tr=c-at_max,h-100,q-40,w-100",,,,,,,,,,,,,,,,,,,
https://www.traveloka.com/id-id/user/review/consumption/HOTEL/GENERAL/295675,3,16,Aktifitas anak bayar lagi 100k,Diulas 47 minggu lalu,"https://ik.imagekit.io/tvlk/ugc-review/guys1L+Yyer9kzI3sp-pb0CG1j2bhflZGFUZOoIf1YOBAm37kEUOKR41ieUZm7ZJ/ugc-photo-ap-southeast-1-581603780057-acd24e232f75f09e/REVIEW/251571677_REVIEW_1749586244752_2200bb1cb37cdac9?_src=imagekit&tr=c-at_max,h-100,q-40,w-100","https://ik.imagekit.io/tvlk/ugc-review/guys1L+Yyer9kzI3sp-pb0CG1j2bhflZGFUZOoIf1YOBAm37kEUOKR41ieUZm7ZJ/ugc-photo-ap-southeast-1-581603780057-acd24e232f75f09e/REVIEW/251571677_REVIEW_1749586244752_863f1b0986f29eeb?_src=imagekit&tr=c-at_max,h-100,q-40,w-100",,,,,,,,,,,,,,,,,,
https://www.traveloka.com/id-id/user/review/consumption/HOTEL/GENERAL/295675,3,17,view dr kamar 1625 cantik menghadap masjid,Diulas 47 minggu lalu,"https://ik.imagekit.io/tvlk/ugc-review/guys1L+Yyer9kzI3sp-pb0CG1j2bhflZGFUZOoIf1YOBAm37kEUOKR41ieUZm7ZJ/ugc-photo-ap-southeast-1-581603780057-acd24e232f75f09e/REVIEW/21422577_REVIEW_1749555652575_4dc3242861d5e58b?_src=imagekit&tr=c-at_max,h-100,q-40,w-100",,,,,,,,,,,,,,,,,,,
https://www.traveloka.com/id-id/user/review/consumption/HOTEL/GENERAL/295675,3,18,"entah sudah berapa kali nginap disini, selalu jadi pilihan pertama ketika mau staycation bersama keluarga atau business trip ke bandung. secara keseluruhan bestlah.. hanya proses check-in yang masih perlu diperbaiki, agak lama. lainnya perfect...",Diulas 47 minggu lalu,"https://ik.imagekit.io/tvlk/ugc-review/guys1L+Yyer9kzI3sp-pb0CG1j2bhflZGFUZOoIf1YOBAm37kEUOKR41ieUZm7ZJ/ugc-photo-ap-southeast-1-581603780057-acd24e232f75f09e/REVIEW/127323502_REVIEW_1749552611230_0315e073d5845f68?_src=imagekit&tr=c-at_max,h-100,q-40,w-100","https://ik.imagekit.io/tvlk/ugc-review/guys1L+Yyer9kzI3sp-pb0CG1j2bhflZGFUZOoIf1YOBAm37kEUOKR41ieUZm7ZJ/ugc-photo-ap-southeast-1-581603780057-acd24e232f75f09e/REVIEW/127323502_REVIEW_1749552627021_3787ae9b407de4c9?_src=imagekit&tr=c-at_max,h-100,q-40,w-100","https://ik.imagekit.io/tvlk/ugc-review/guys1L+Yyer9kzI3sp-pb0CG1j2bhflZGFUZOoIf1YOBAm37kEUOKR41ieUZm7ZJ/ugc-photo-ap-southeast-1-581603780057-acd24e232f75f09e/REVIEW/127323502_REVIEW_1749552662089_c350c5fc1224468d?_src=imagekit&tr=c-at_max,h-100,q-40,w-100",,,,,,,,,,,,,,,,,
https://www.traveloka.com/id-id/user/review/consumption/HOTEL/GENERAL/295675,3,19,hotel Bintang 3 terbaik di kota bandung sekali nginep pemgen kembali lagi.,Diulas 48 minggu lalu,"https://ik.imagekit.io/tvlk/ugc-review/guys1L+Yyer9kzI3sp-pb0CG1j2bhflZGFUZOoIf1YOBAm37kEUOKR41ieUZm7ZJ/ugc-photo-ap-southeast-1-581603780057-acd24e232f75f09e/REVIEW/127323502_REVIEW_1749271928274_8df21b263376253e?_src=imagekit&tr=c-at_max,h-100,q-40,w-100","https://ik.imagekit.io/tvlk/ugc-review/guys1L+Yyer9kzI3sp-pb0CG1j2bhflZGFUZOoIf1YOBAm37kEUOKR41ieUZm7ZJ/ugc-photo-ap-southeast-1-581603780057-acd24e232f75f09e/REVIEW/127323502_REVIEW_1749271928272_82d9159dc88dabd6?_src=imagekit&tr=c-at_max,h-100,q-40,w-100",,,,,,,,,,,,,,,,,,
https://www.traveloka.com/id-id/user/review/consumption/HOTEL/GENERAL/295675,3,20,Meski padat tp pihak hotel bisa mengantisipasi. Great  job,Diulas 49 minggu lalu,"https://ik.imagekit.io/tvlk/ugc-review/guys1L+Yyer9kzI3sp-pb0CG1j2bhflZGFUZOoIf1YOBAm37kEUOKR41ieUZm7ZJ/ugc-photo-ap-southeast-1-581603780057-acd24e232f75f09e/REVIEW/5412198_REVIEW_1748774558803_bef77724c5bb34f3?_src=imagekit&tr=c-at_max,h-100,q-40,w-100","https://ik.imagekit.io/tvlk/ugc-review/guys1L+Yyer9kzI3sp-pb0CG1j2bhflZGFUZOoIf1YOBAm37kEUOKR41ieUZm7ZJ/ugc-photo-ap-southeast-1-581603780057-acd24e232f75f09e/REVIEW/5412198_REVIEW_1748774558803_8027dccd67dfe1ab?_src=imagekit&tr=c-at_max,h-100,q-40,w-100",,,,,,,,,,,,,,,,,,
https://www.traveloka.com/id-id/user/review/consumption/HOTEL/GENERAL/295675,4,1,"tempat sangag nyaman.
dekat dengan pusat perbelanjaan TSMB.",Diulas 49 minggu lalu,"https://ik.imagekit.io/tvlk/ugc-review/guys1L+Yyer9kzI3sp-pb0CG1j2bhflZGFUZOoIf1YOBAm37kEUOKR41ieUZm7ZJ/ugc-photo-ap-southeast-1-581603780057-acd24e232f75f09e/REVIEW/252704216_REVIEW_1748399271443_97170fe979346d8a?_src=imagekit&tr=c-at_max,h-100,q-40,w-100",,,,,,,,,,,,,,,,,,,
https://www.traveloka.com/id-id/user/review/consumption/HOTEL/GENERAL/295675,4,2,"kesekian kali menginap disini, kali ini kembali mencoba kamar eksekutif, secara keseluruhan bagus, hanya tetap belum ada perubaham layanan check-in masih antri dan vukup lama (15 menitan) benerapa kali diminta nunggu kesiapan kamar. sangat disayangkan beberapa kali juga saat breakfast selalu penuh antri. 

masukkan untuk manajemen kalau bisa untuk eksekutif sarapan bisa layanan dikirim ke kamar, karena ruang eksekutif lumayan besardan ada ruang untuk. sarapan dikamar.",Diulas 49 minggu lalu,"https://ik.imagekit.io/tvlk/ugc-review/guys1L+Yyer9kzI3sp-pb0CG1j2bhflZGFUZOoIf1YOBAm37kEUOKR41ieUZm7ZJ/ugc-photo-ap-southeast-1-581603780057-acd24e232f75f09e/REVIEW/127323502_REVIEW_1748398861578_23edad331676f238?_src=imagekit&tr=c-at_max,h-100,q-40,w-100","https://ik.imagekit.io/tvlk/ugc-review/guys1L+Yyer9kzI3sp-pb0CG1j2bhflZGFUZOoIf1YOBAm37kEUOKR41ieUZm7ZJ/ugc-photo-ap-southeast-1-581603780057-acd24e232f75f09e/REVIEW/127323502_REVIEW_1748398861578_a9f69329dbdd6d88?_src=imagekit&tr=c-at_max,h-100,q-40,w-100","https://ik.imagekit.io/tvlk/ugc-review/guys1L+Yyer9kzI3sp-pb0CG1j2bhflZGFUZOoIf1YOBAm37kEUOKR41ieUZm7ZJ/ugc-photo-ap-southeast-1-581603780057-acd24e232f75f09e/REVIEW/127323502_REVIEW_1748398861578_8d8a66fe88d7bd04?_src=imagekit&tr=c-at_max,h-100,q-40,w-100","https://ik.imagekit.io/tvlk/ugc-review/guys1L+Yyer9kzI3sp-pb0CG1j2bhflZGFUZOoIf1YOBAm37kEUOKR41ieUZm7ZJ/ugc-photo-ap-southeast-1-581603780057-acd24e232f75f09e/REVIEW/127323502_REVIEW_1748398861578_022a3e4b7787c80c?_src=imagekit&tr=c-at_max,h-100,q-40,w-100","https://ik.imagekit.io/tvlk/ugc-review/guys1L+Yyer9kzI3sp-pb0CG1j2bhflZGFUZOoIf1YOBAm37kEUOKR41ieUZm7ZJ/ugc-photo-ap-southeast-1-581603780057-acd24e232f75f09e/REVIEW/127323502_REVIEW_1748398861579_f92300d98a47c77c?_src=imagekit&tr=c-at_max,h-100,q-40,w-100",,,,,,,,,,,,,,,
https://www.traveloka.com/id-id/user/review/consumption/HOTEL/GENERAL/295675,4,3,"akses hotel ke mall dan tengah kota baik, makanan dan kamar ok, hanya saja pengalaman cek in tdk nyaman, sangat lamban (staff tdk pro)",Diulas 50 minggu lalu,"https://ik.imagekit.io/tvlk/ugc-review/guys1L+Yyer9kzI3sp-pb0CG1j2bhflZGFUZOoIf1YOBAm37kEUOKR41ieUZm7ZJ/ugc-photo-ap-southeast-1-581603780057-acd24e232f75f09e/REVIEW/112055262_REVIEW_1748315117234_c8fdfcad5ff85a14?_src=imagekit&tr=c-at_max,h-100,q-40,w-100","https://ik.imagekit.io/tvlk/ugc-review/guys1L+Yyer9kzI3sp-pb0CG1j2bhflZGFUZOoIf1YOBAm37kEUOKR41ieUZm7ZJ/ugc-photo-ap-southeast-1-581603780057-acd24e232f75f09e/REVIEW/112055262_REVIEW_1748315117236_f9e70538afa7074c?_src=imagekit&tr=c-at_max,h-100,q-40,w-100",,,,,,,,,,,,,,,,,,
https://www.traveloka.com/id-id/user/review/consumption/HOTEL/GENERAL/295675,4,4,"ini yg ke3 nya saya menginap di Ibis trans lumayan banyak kemajuan dari sebelum nya, hanya tersisa dengan breakfast nya yg cita rasa nya masih sama semoga ke depan rasa nya lebih enak lagi .",Diulas 50 minggu lalu,"https://ik.imagekit.io/tvlk/ugc-review/guys1L+Yyer9kzI3sp-pb0CG1j2bhflZGFUZOoIf1YOBAm37kEUOKR41ieUZm7ZJ/ugc-photo-ap-southeast-1-581603780057-acd24e232f75f09e/REVIEW/11734561_REVIEW_1747966524645_a86f64aa5ece718d?_src=imagekit&tr=c-at_max,h-100,q-40,w-100","https://ik.imagekit.io/tvlk/ugc-review/guys1L+Yyer9kzI3sp-pb0CG1j2bhflZGFUZOoIf1YOBAm37kEUOKR41ieUZm7ZJ/ugc-photo-ap-southeast-1-581603780057-acd24e232f75f09e/REVIEW/11734561_REVIEW_1747966540993_d3e6a40085ba1b83?_src=imagekit&tr=c-at_max,h-100,q-40,w-100","https://ik.imagekit.io/tvlk/ugc-review/guys1L+Yyer9kzI3sp-pb0CG1j2bhflZGFUZOoIf1YOBAm37kEUOKR41ieUZm7ZJ/ugc-photo-ap-southeast-1-581603780057-acd24e232f75f09e/REVIEW/11734561_REVIEW_1747966551556_a00c27a520bc25aa?_src=imagekit&tr=c-at_max,h-100,q-40,w-100",,,,,,,,,,,,,,,,,
https://www.traveloka.com/id-id/user/review/consumption/HOTEL/GENERAL/295675,4,5,Sangat dekat dengan mall dan masjid. dan sangat bersih karena sering dikunjungi pelancong bisnis,Diulas 50 minggu lalu,"https://ik.imagekit.io/tvlk/ugc-review/guys1L+Yyer9kzI3sp-pb0CG1j2bhflZGFUZOoIf1YOBAm37kEUOKR41ieUZm7ZJ/ugc-photo-ap-southeast-1-581603780057-acd24e232f75f09e/REVIEW/167197211_REVIEW_1747786767109_cc34ed410ce1c1de?_src=imagekit&tr=c-at_max,h-100,q-40,w-100","https://ik.imagekit.io/tvlk/ugc-review/guys1L+Yyer9kzI3sp-pb0CG1j2bhflZGFUZOoIf1YOBAm37kEUOKR41ieUZm7ZJ/ugc-photo-ap-southeast-1-581603780057-acd24e232f75f09e/REVIEW/167197211_REVIEW_1747786767109_cd6111e37b189ffe?_src=imagekit&tr=c-at_max,h-100,q-40,w-100",,,,,,,,,,,,,,,,,,
https://www.traveloka.com/id-id/user/review/consumption/HOTEL/GENERAL/295675,4,6,"Besok sudah weekend loh! Waktu berlalu begitu cepat, setelah satu minggu yang sibuk, akhirnya sudah bisa bersantai yaa~🎉 Jangan lupa yaa weekend adalah waktu yang tepat refreshing diri dan keluarga, berhenti bekerja dulu, dan menikmati waktu yang menyenangkan bersama keluarga dan teman-teman! ❤️ Kehidupan adalah tentang menemukan kebahagiaan dalam kesibukan, kepuasan dan kebahagiaan. Setiap hari patut disyukuri! 😊 Di sini, saya mengucapkan happy weekend kepada teman-teman semua, semoga semuanya berjalan lancar, dan semua keinginan menjadi kenyataan! Semoga setiap orang dipenuhi dengan kegembiraan setiap hari, menjalani kehidupan yang bebas dari kekhawatiran, dan penuh dengan kebahagiaan! 🌸✨",Diulas 51 minggu lalu,"https://ik.imagekit.io/tvlk/ugc-review/guys1L+Yyer9kzI3sp-pb0CG1j2bhflZGFUZOoIf1YOBAm37kEUOKR41ieUZm7ZJ/ugc-photo-ap-southeast-1-581603780057-acd24e232f75f09e/REVIEW/4737182_REVIEW_1747446989498_38e7e3cc8994230f?_src=imagekit&tr=c-at_max,h-100,q-40,w-100",,,,,,,,,,,,,,,,,,,
https://www.traveloka.com/id-id/user/review/consumption/HOTEL/GENERAL/295675,4,7,"Sudah 4 atau 5 kali setiap ke Bandung atau pengen staycation ke hotel ini, tapi pengalaman enggak enak baru didapat kemarin mungkin karena high season jadi pelayanan check-in cukup membuat kesal. Check-in jam 3-an. Saat check-in selesai disampaikan kalau kamar sedang dicek diminta menunggu maksimal 30 menit akan dihubungi via HP. Sayangnya tempat nunggu lobby penuh, jadi kita nunggu di toko kopi yang ada di mal, sampai 1 jam lebih berlalu kita baru dapat kamar, itupun setelah sedikit marah ke resepsionis yang ada minta dicekkan kamarnya karena sudah 1 jam lebih, eh malah disuruh antri lagi. Padahal tinggal nunggu kunci aja kalau sudah ada kamarnya. Semoga pelayanan resepsionis bisa ditingkatkan, mood pengunjung langsung anjlok kalau pertama datang di resepsionis sudah enggak ada senyum lama pula. Please konsisten ya sama pelayanannya. Overall fasilitas di sini udah paling best dan pasti akan selalu kembali.",Diulas 52 minggu lalu,"https://ik.imagekit.io/tvlk/ugc-review/guys1L+Yyer9kzI3sp-pb0CG1j2bhflZGFUZOoIf1YOBAm37kEUOKR41ieUZm7ZJ/ugc-photo-ap-southeast-1-581603780057-acd24e232f75f09e/REVIEW/127323502_REVIEW_1747106562517_1283fe949ac4da9a?_src=imagekit&tr=c-at_max,h-100,q-40,w-100","https://ik.imagekit.io/tvlk/ugc-review/guys1L+Yyer9kzI3sp-pb0CG1j2bhflZGFUZOoIf1YOBAm37kEUOKR41ieUZm7ZJ/ugc-photo-ap-southeast-1-581603780057-acd24e232f75f09e/REVIEW/127323502_REVIEW_1747106554539_6f712b30e9947083?_src=imagekit&tr=c-at_max,h-100,q-40,w-100",,,,,,,,,,,,,,,,,,
https://www.traveloka.com/id-id/user/review/consumption/HOTEL/GENERAL/295675,4,8,"Sangat berkesan menginap di Ibis Bandung Trans Studio, staff-nya ramah dan hotel-nya bersih.",Diulas 52 minggu lalu,"https://ik.imagekit.io/tvlk/ugc-review/guys1L+Yyer9kzI3sp-pb0CG1j2bhflZGFUZOoIf1YOBAm37kEUOKR41ieUZm7ZJ/ugc-photo-ap-southeast-1-581603780057-acd24e232f75f09e/REVIEW/321745513_REVIEW_1747105820952_2d3c6c8f8399cb81?_src=imagekit&tr=c-at_max,h-100,q-40,w-100",,,,,,,,,,,,,,,,,,,
https://www.traveloka.com/id-id/user/review/consumption/HOTEL/GENERAL/295675,4,9,"lokasi, jarak ke pusat kota & aksesibilitas. makanan terutama variasi sarapan & luas kamar bagus",Diulas 53 minggu lalu,"https://ik.imagekit.io/tvlk/ugc-review/guys1L+Yyer9kzI3sp-pb0CG1j2bhflZGFUZOoIf1YOBAm37kEUOKR41ieUZm7ZJ/ugc-photo-ap-southeast-1-581603780057-acd24e232f75f09e/REVIEW/9373630_REVIEW_1746357649037_0a785225802349e3?_src=imagekit&tr=c-at_max,h-100,q-40,w-100","https://ik.imagekit.io/tvlk/ugc-review/guys1L+Yyer9kzI3sp-pb0CG1j2bhflZGFUZOoIf1YOBAm37kEUOKR41ieUZm7ZJ/ugc-photo-ap-southeast-1-581603780057-acd24e232f75f09e/REVIEW/9373630_REVIEW_1746357649037_1e0217200460921d?_src=imagekit&tr=c-at_max,h-100,q-40,w-100",,,,,,,,,,,,,,,,,,
https://www.traveloka.com/id-id/user/review/consumption/HOTEL/GENERAL/295675,4,10,"Masya Allah, enak dan nyaman.",Diulas 54 minggu lalu,"https://ik.imagekit.io/tvlk/ugc-review/guys1L+Yyer9kzI3sp-pb0CG1j2bhflZGFUZOoIf1YOBAm37kEUOKR41ieUZm7ZJ/ugc-photo-ap-southeast-1-581603780057-acd24e232f75f09e/REVIEW/22553602_REVIEW_1745312330188_29ca871e7a137aa1?_src=imagekit&tr=c-at_max,h-100,q-40,w-100","https://ik.imagekit.io/tvlk/ugc-review/guys1L+Yyer9kzI3sp-pb0CG1j2bhflZGFUZOoIf1YOBAm37kEUOKR41ieUZm7ZJ/ugc-photo-ap-southeast-1-581603780057-acd24e232f75f09e/REVIEW/22553602_REVIEW_1745312330188_692f9407d93b5d30?_src=imagekit&tr=c-at_max,h-100,q-40,w-100",,,,,,,,,,,,,,,,,,
https://www.traveloka.com/id-id/user/review/consumption/HOTEL/GENERAL/295675,4,11,"banyak banget tamu yg mau check in tapi frontliner nya banyak jadi cepet, minusnya kasur queen nya aja sih kurang besar hehehe",Diulas 55 minggu lalu,"https://ik.imagekit.io/tvlk/ugc-review/guys1L+Yyer9kzI3sp-pb0CG1j2bhflZGFUZOoIf1YOBAm37kEUOKR41ieUZm7ZJ/ugc-photo-ap-southeast-1-581603780057-acd24e232f75f09e/REVIEW/200133947_REVIEW_1745204620134_d53a387557d918fc?_src=imagekit&tr=c-at_max,h-100,q-40,w-100","https://ik.imagekit.io/tvlk/ugc-review/guys1L+Yyer9kzI3sp-pb0CG1j2bhflZGFUZOoIf1YOBAm37kEUOKR41ieUZm7ZJ/ugc-photo-ap-southeast-1-581603780057-acd24e232f75f09e/REVIEW/200133947_REVIEW_1745204620133_0513a9b7778f4bb0?_src=imagekit&tr=c-at_max,h-100,q-40,w-100",,,,,,,,,,,,,,,,,,
https://www.traveloka.com/id-id/user/review/consumption/HOTEL/GENERAL/295675,4,12,Ok good buat stay sebentar. Deket juga ke daerah wisata,Diulas 55 minggu lalu,"https://ik.imagekit.io/tvlk/ugc-review/guys1L+Yyer9kzI3sp-pb0CG1j2bhflZGFUZOoIf1YOBAm37kEUOKR41ieUZm7ZJ/ugc-photo-ap-southeast-1-581603780057-acd24e232f75f09e/REVIEW/82816021_REVIEW_1745042110318_b0b69fdf7e5da17f?_src=imagekit&tr=c-at_max,h-100,q-40,w-100",,,,,,,,,,,,,,,,,,,
https://www.traveloka.com/id-id/user/review/consumption/HOTEL/GENERAL/295675,4,13,booking lewat traveloka menulis catatan minta lantai bawah di kasih lantai 19 posisi kamar  ujung. alasan kmr blm siap smoga nanti sdh siap kalo nginep kembali.,Diulas 55 minggu lalu,"https://ik.imagekit.io/tvlk/ugc-review/guys1L+Yyer9kzI3sp-pb0CG1j2bhflZGFUZOoIf1YOBAm37kEUOKR41ieUZm7ZJ/ugc-photo-ap-southeast-1-581603780057-acd24e232f75f09e/REVIEW/206025460_REVIEW_1744869021150_1bc836baf4696a99?_src=imagekit&tr=c-at_max,h-100,q-40,w-100",,,,,,,,,,,,,,,,,,,
https://www.traveloka.com/id-id/user/review/consumption/HOTEL/GENERAL/295675,4,14,pesan kamar 2 karna harus expand d bdg.. kita dpt kamar smoking area.. minta request kamar buat anak di beri pewangi karna biar gak rokok.. untuk kamar kami orng tua nya kayaknya pintu kaca nya salah pasang deh buat buka tutupnya jdi kami susah buat ambil sabun nya. hehhe.. tpi gpp kami bawa jg,Diulas 56 minggu lalu,"https://ik.imagekit.io/tvlk/ugc-review/guys1L+Yyer9kzI3sp-pb0CG1j2bhflZGFUZOoIf1YOBAm37kEUOKR41ieUZm7ZJ/ugc-photo-ap-southeast-1-581603780057-acd24e232f75f09e/REVIEW/45356146_REVIEW_1744632579270_7d4a27aad3aa46e2?_src=imagekit&tr=c-at_max,h-100,q-40,w-100",,,,,,,,,,,,,,,,,,,
https://www.traveloka.com/id-id/user/review/consumption/HOTEL/GENERAL/295675,4,15,"Kalau 2 tempat tidur pas di satukan, tolong pakai cover supaya tengahnya rata jadi enggak cepat bergeser.",Diulas 56 minggu lalu,"https://ik.imagekit.io/tvlk/ugc-review/guys1L+Yyer9kzI3sp-pb0CG1j2bhflZGFUZOoIf1YOBAm37kEUOKR41ieUZm7ZJ/ugc-photo-ap-southeast-1-581603780057-acd24e232f75f09e/REVIEW/206025460_REVIEW_1744552494265_439c3ce12d2b28a8?_src=imagekit&tr=c-at_max,h-100,q-40,w-100",,,,,,,,,,,,,,,,,,,
https://www.traveloka.com/id-id/user/review/consumption/HOTEL/GENERAL/295675,4,16,"ke 3 kali nginap disini,nyambung sm mall TSM,jajanan d depan juga bnyk🤗.T.O.P lah👍🏻",Diulas 56 minggu lalu,"https://ik.imagekit.io/tvlk/ugc-review/guys1L+Yyer9kzI3sp-pb0CG1j2bhflZGFUZOoIf1YOBAm37kEUOKR41ieUZm7ZJ/ugc-photo-ap-southeast-1-581603780057-acd24e232f75f09e/REVIEW/99493274_REVIEW_1744189776990_01e3ceb127a3d878?_src=imagekit&tr=c-at_max,h-100,q-40,w-100","https://ik.imagekit.io/tvlk/ugc-review/guys1L+Yyer9kzI3sp-pb0CG1j2bhflZGFUZOoIf1YOBAm37kEUOKR41ieUZm7ZJ/ugc-photo-ap-southeast-1-581603780057-acd24e232f75f09e/REVIEW/99493274_REVIEW_1744189776990_c185912d638df759?_src=imagekit&tr=c-at_max,h-100,q-40,w-100",,,,,,,,,,,,,,,,,,
https://www.traveloka.com/id-id/user/review/consumption/HOTEL/GENERAL/295675,4,17,lokasi strategis untuk yang capek jalan jalan di mall bs langsung checkin tanpa ribet hrs pake kendaraan karena sudah ada akses langsung dari dalam mall.,Diulas 56 minggu lalu,"https://ik.imagekit.io/tvlk/ugc-review/guys1L+Yyer9kzI3sp-pb0CG1j2bhflZGFUZOoIf1YOBAm37kEUOKR41ieUZm7ZJ/ugc-photo-ap-southeast-1-581603780057-acd24e232f75f09e/REVIEW/7001540_REVIEW_1744102920441_bda4cc8d7c4e0420?_src=imagekit&tr=c-at_max,h-100,q-40,w-100","https://ik.imagekit.io/tvlk/ugc-review/guys1L+Yyer9kzI3sp-pb0CG1j2bhflZGFUZOoIf1YOBAm37kEUOKR41ieUZm7ZJ/ugc-photo-ap-southeast-1-581603780057-acd24e232f75f09e/REVIEW/7001540_REVIEW_1744102920440_ab6d7375bf20af00?_src=imagekit&tr=c-at_max,h-100,q-40,w-100","https://ik.imagekit.io/tvlk/ugc-review/guys1L+Yyer9kzI3sp-pb0CG1j2bhflZGFUZOoIf1YOBAm37kEUOKR41ieUZm7ZJ/ugc-photo-ap-southeast-1-581603780057-acd24e232f75f09e/REVIEW/7001540_REVIEW_1744102920440_6c7ecd3efee9b51c?_src=imagekit&tr=c-at_max,h-100,q-40,w-100","https://ik.imagekit.io/tvlk/ugc-review/guys1L+Yyer9kzI3sp-pb0CG1j2bhflZGFUZOoIf1YOBAm37kEUOKR41ieUZm7ZJ/ugc-photo-ap-southeast-1-581603780057-acd24e232f75f09e/REVIEW/7001540_REVIEW_1744102920441_e5f03eb6e602917f?_src=imagekit&tr=c-at_max,h-100,q-40,w-100",,,,,,,,,,,,,,,,
https://www.traveloka.com/id-id/user/review/consumption/HOTEL/GENERAL/295675,4,18,staff hotel sangat ramah dan membantu selama menginap disana,Diulas 57 minggu lalu,"https://ik.imagekit.io/tvlk/ugc-review/guys1L+Yyer9kzI3sp-pb0CG1j2bhflZGFUZOoIf1YOBAm37kEUOKR41ieUZm7ZJ/ugc-photo-ap-southeast-1-581603780057-acd24e232f75f09e/REVIEW/204526498_REVIEW_1744004060791_c857c1f73124600b?_src=imagekit&tr=c-at_max,h-100,q-40,w-100",,,,,,,,,,,,,,,,,,,
https://www.traveloka.com/id-id/user/review/consumption/HOTEL/GENERAL/295675,4,19,"Sudah ke-6 kali keluarga kami menginap di Hotel Ibis Bandung. Menjadi favorit hotel keluarga kami karena hotel yang sangat nyaman, bersih, dan ramah, juga membantu kami dalam hal apa pun. Semuanya serba dimudahkan, dekat dari mal Trans Studio Bandung. Menjadi liburan kami sangat lengkap, terima kasih banyak Ibis Bandung Trans Studio terbaik🙏🙏",Diulas 57 minggu lalu,"https://ik.imagekit.io/tvlk/ugc-review/guys1L+Yyer9kzI3sp-pb0CG1j2bhflZGFUZOoIf1YOBAm37kEUOKR41ieUZm7ZJ/ugc-photo-ap-southeast-1-581603780057-acd24e232f75f09e/REVIEW/14333918_REVIEW_1743830919442_73098312f0d62993?_src=imagekit&tr=c-at_max,h-100,q-40,w-100","https://ik.imagekit.io/tvlk/ugc-review/guys1L+Yyer9kzI3sp-pb0CG1j2bhflZGFUZOoIf1YOBAm37kEUOKR41ieUZm7ZJ/ugc-photo-ap-southeast-1-581603780057-acd24e232f75f09e/REVIEW/14333918_REVIEW_1743830919442_8a5e5a87c1e787cd?_src=imagekit&tr=c-at_max,h-100,q-40,w-100","https://ik.imagekit.io/tvlk/ugc-review/guys1L+Yyer9kzI3sp-pb0CG1j2bhflZGFUZOoIf1YOBAm37kEUOKR41ieUZm7ZJ/ugc-photo-ap-southeast-1-581603780057-acd24e232f75f09e/REVIEW/14333918_REVIEW_1743830919442_fc4aa3399af64731?_src=imagekit&tr=c-at_max,h-100,q-40,w-100","https://ik.imagekit.io/tvlk/ugc-review/guys1L+Yyer9kzI3sp-pb0CG1j2bhflZGFUZOoIf1YOBAm37kEUOKR41ieUZm7ZJ/ugc-photo-ap-southeast-1-581603780057-acd24e232f75f09e/REVIEW/14333918_REVIEW_1743830919443_4957f5e04f0b5e11?_src=imagekit&tr=c-at_max,h-100,q-40,w-100",,,,,,,,,,,,,,,,
https://www.traveloka.com/id-id/user/review/consumption/HOTEL/GENERAL/295675,4,20,"Kamar nyaman, staf ramah, makanan sih yang mantap, pilihan menu banyak dan bervariasi, sampai jamu sehat temulawak saja ada di hotel.",Diulas 57 minggu lalu,"https://ik.imagekit.io/tvlk/ugc-review/guys1L+Yyer9kzI3sp-pb0CG1j2bhflZGFUZOoIf1YOBAm37kEUOKR41ieUZm7ZJ/ugc-photo-ap-southeast-1-581603780057-acd24e232f75f09e/REVIEW/98474938_REVIEW_1743771569901_f928f67eed05ecc6?_src=imagekit&tr=c-at_max,h-80,q-40,w-80","https://ik.imagekit.io/tvlk/ugc-review/guys1L+Yyer9kzI3sp-pb0CG1j2bhflZGFUZOoIf1YOBAm37kEUOKR41ieUZm7ZJ/ugc-photo-ap-southeast-1-581603780057-acd24e232f75f09e/REVIEW/98474938_REVIEW_1743771569902_1376fb4825688c54?_src=imagekit&tr=c-at_max,h-80,q-40,w-80","https://ik.imagekit.io/tvlk/ugc-review/guys1L+Yyer9kzI3sp-pb0CG1j2bhflZGFUZOoIf1YOBAm37kEUOKR41ieUZm7ZJ/ugc-photo-ap-southeast-1-581603780057-acd24e232f75f09e/REVIEW/98474938_REVIEW_1743771569902_2c79c2831982398b?_src=imagekit&tr=c-at_max,h-80,q-40,w-80","https://ik.imagekit.io/tvlk/ugc-review/guys1L+Yyer9kzI3sp-pb0CG1j2bhflZGFUZOoIf1YOBAm37kEUOKR41ieUZm7ZJ/ugc-photo-ap-southeast-1-581603780057-acd24e232f75f09e/REVIEW/98474938_REVIEW_1743771569902_dd431a543eeacf1c?_src=imagekit&tr=c-at_max,h-80,q-40,w-80","https://ik.imagekit.io/tvlk/ugc-review/guys1L+Yyer9kzI3sp-pb0CG1j2bhflZGFUZOoIf1YOBAm37kEUOKR41ieUZm7ZJ/ugc-photo-ap-southeast-1-581603780057-acd24e232f75f09e/REVIEW/98474938_REVIEW_1743771569902_c9ee88e6a4b7b595?_src=imagekit&tr=c-at_max,h-80,q-40,w-80","https://ik.imagekit.io/tvlk/ugc-review/guys1L+Yyer9kzI3sp-pb0CG1j2bhflZGFUZOoIf1YOBAm37kEUOKR41ieUZm7ZJ/ugc-photo-ap-southeast-1-581603780057-acd24e232f75f09e/REVIEW/98474938_REVIEW_1743771569902_fff23ffe983dbcb3?_src=imagekit&tr=c-at_max,h-80,q-40,w-80","https://ik.imagekit.io/tvlk/ugc-review/guys1L+Yyer9kzI3sp-pb0CG1j2bhflZGFUZOoIf1YOBAm37kEUOKR41ieUZm7ZJ/ugc-photo-ap-southeast-1-581603780057-acd24e232f75f09e/REVIEW/98474938_REVIEW_1743771569903_23bceecb370f8ec5?_src=imagekit&tr=c-at_max,h-80,q-40,w-80","https://ik.imagekit.io/tvlk/ugc-review/guys1L+Yyer9kzI3sp-pb0CG1j2bhflZGFUZOoIf1YOBAm37kEUOKR41ieUZm7ZJ/ugc-photo-ap-southeast-1-581603780057-acd24e232f75f09e/REVIEW/98474938_REVIEW_1743771569903_02b39fe8d56728c1?_src=imagekit&tr=c-at_max,h-80,q-40,w-80",,,,,,,,,,,,
https://www.traveloka.com/id-id/user/review/consumption/HOTEL/GENERAL/295675,5,1,"lokasinya strategis, suasananya nyaman, Nex time kesini lagi",Diulas 57 minggu lalu,"https://ik.imagekit.io/tvlk/ugc-review/guys1L+Yyer9kzI3sp-pb0CG1j2bhflZGFUZOoIf1YOBAm37kEUOKR41ieUZm7ZJ/ugc-photo-ap-southeast-1-581603780057-acd24e232f75f09e/REVIEW/11060511_REVIEW_1743500147623_4ed1c504a34f60de?_src=imagekit&tr=c-at_max,h-100,q-40,w-100","https://ik.imagekit.io/tvlk/ugc-review/guys1L+Yyer9kzI3sp-pb0CG1j2bhflZGFUZOoIf1YOBAm37kEUOKR41ieUZm7ZJ/ugc-photo-ap-southeast-1-581603780057-acd24e232f75f09e/REVIEW/11060511_REVIEW_1743500147624_52c9f7d62098236b?_src=imagekit&tr=c-at_max,h-100,q-40,w-100","https://ik.imagekit.io/tvlk/ugc-review/guys1L+Yyer9kzI3sp-pb0CG1j2bhflZGFUZOoIf1YOBAm37kEUOKR41ieUZm7ZJ/ugc-photo-ap-southeast-1-581603780057-acd24e232f75f09e/REVIEW/11060511_REVIEW_1743500147624_9c88aafc4e2e14e6?_src=imagekit&tr=c-at_max,h-100,q-40,w-100",,,,,,,,,,,,,,,,,
https://www.traveloka.com/id-id/user/review/consumption/HOTEL/GENERAL/295675,5,2,"Pelayanan cepat dibantu staff yang ramah.. Makanan untuk sahur akan lebih baik kalau variatif, kebetulan saya nginep pas bulan puasa.. Overall baik dan menyenangkan",Diulas 58 minggu lalu,"https://ik.imagekit.io/tvlk/ugc-review/guys1L+Yyer9kzI3sp-pb0CG1j2bhflZGFUZOoIf1YOBAm37kEUOKR41ieUZm7ZJ/ugc-photo-ap-southeast-1-581603780057-acd24e232f75f09e/REVIEW/9038482_REVIEW_1742890328159_dc9bbb5c395eca19?_src=imagekit&tr=c-at_max,h-100,q-40,w-100","https://ik.imagekit.io/tvlk/ugc-review/guys1L+Yyer9kzI3sp-pb0CG1j2bhflZGFUZOoIf1YOBAm37kEUOKR41ieUZm7ZJ/ugc-photo-ap-southeast-1-581603780057-acd24e232f75f09e/REVIEW/9038482_REVIEW_1742890328156_cc42be8e3af2f8a6?_src=imagekit&tr=c-at_max,h-100,q-40,w-100",,,,,,,,,,,,,,,,,,
https://www.traveloka.com/id-id/user/review/consumption/HOTEL/GENERAL/295675,5,3,mantabbbbb hanya kolam renang tidak ada.sebelahny ada.,Diulas 60 minggu lalu,"https://ik.imagekit.io/tvlk/ugc-review/guys1L+Yyer9kzI3sp-pb0CG1j2bhflZGFUZOoIf1YOBAm37kEUOKR41ieUZm7ZJ/ugc-photo-ap-southeast-1-581603780057-acd24e232f75f09e/REVIEW/14421822_REVIEW_1742143227740_b66b298de486baae?_src=imagekit&tr=c-at_max,h-100,q-40,w-100",,,,,,,,,,,,,,,,,,,
https://www.traveloka.com/id-id/user/review/consumption/HOTEL/GENERAL/295675,5,4,"Trip kedua kali ini dengan keluarga lengkap dengan anak-anak. Awal check-in sedikit kecewa karena pesan 2 kamar superior dengan connected door ternyata habis, padahal di pesanan sudah di-request, kamar minta no smoking dikasih yang smoking. Awalnya dikasih kamar yang 1 lantai tapi berjauhan, sehubungan dengan anak saya tetap minta dicarikan yang bersebelahan atau berhadapan. Akhirnya setelah diminta menunggu lagi 15 menit buat cek kamar (prakteknya 40 menit baru bisa checkin) itupun jadi dapat yang smoking.

Setelah masuk kamar terbalas sudah rasa cape dan sedikit kecewa tadi dengan kenyamanan kamar, kebersihan dan view kota Bandung yang bagus terutama saat malam hari. Sarapannya juga lengkap dari western, tradisional sampai snack-snack pelengkapnya.

Walau ada kecewa tapi semua tertutup dengan fasilitasnya yang juga sangat dekat dengan mal dan Trans Studio. Ini hotel favorite buat staycation atau liburan di Bandung buat keluarga kami. Semoga kedepan makin profesional lagi dalam pelayanannya…",Diulas 62 minggu lalu,"https://ik.imagekit.io/tvlk/ugc-review/guys1L+Yyer9kzI3sp-pb0CG1j2bhflZGFUZOoIf1YOBAm37kEUOKR41ieUZm7ZJ/ugc-photo-ap-southeast-1-581603780057-acd24e232f75f09e/REVIEW/127323502_REVIEW_1740625454139_86f141075b3a7980?_src=imagekit&tr=c-at_max,h-100,q-40,w-100","https://ik.imagekit.io/tvlk/ugc-review/guys1L+Yyer9kzI3sp-pb0CG1j2bhflZGFUZOoIf1YOBAm37kEUOKR41ieUZm7ZJ/ugc-photo-ap-southeast-1-581603780057-acd24e232f75f09e/REVIEW/127323502_REVIEW_1740625515975_53d0cabd4bb6b93c?_src=imagekit&tr=c-at_max,h-100,q-40,w-100","https://ik.imagekit.io/tvlk/ugc-review/guys1L+Yyer9kzI3sp-pb0CG1j2bhflZGFUZOoIf1YOBAm37kEUOKR41ieUZm7ZJ/ugc-photo-ap-southeast-1-581603780057-acd24e232f75f09e/REVIEW/127323502_REVIEW_1740625515974_12f5e8f191ed40c3?_src=imagekit&tr=c-at_max,h-100,q-40,w-100",,,,,,,,,,,,,,,,,
https://www.traveloka.com/id-id/user/review/consumption/HOTEL/GENERAL/295675,5,5,check in cepat. meja di kamar cocok untuk bekerja dari hotel,Diulas 64 minggu lalu,"https://ik.imagekit.io/tvlk/ugc-review/guys1L+Yyer9kzI3sp-pb0CG1j2bhflZGFUZOoIf1YOBAm37kEUOKR41ieUZm7ZJ/ugc-photo-ap-southeast-1-581603780057-acd24e232f75f09e/REVIEW/9181375_REVIEW_1739760606993_e4ad354cc46fdb85?_src=imagekit&tr=c-at_max,h-100,q-40,w-100",,,,,,,,,,,,,,,,,,,
https://www.traveloka.com/id-id/user/review/consumption/HOTEL/GENERAL/295675,5,6,makanan nya enak dan variasi nya lumayan banyak,Diulas 64 minggu lalu,"https://ik.imagekit.io/tvlk/ugc-review/guys1L+Yyer9kzI3sp-pb0CG1j2bhflZGFUZOoIf1YOBAm37kEUOKR41ieUZm7ZJ/ugc-photo-ap-southeast-1-581603780057-acd24e232f75f09e/REVIEW/5674387_REVIEW_1739597631451_160dccf1e367bb71?_src=imagekit&tr=c-at_max,h-100,q-40,w-100",,,,,,,,,,,,,,,,,,,
https://www.traveloka.com/id-id/user/review/consumption/HOTEL/GENERAL/295675,5,7,"menyenangkan, suasana hommy, Deket dengan trans studio bandung",Diulas 64 minggu lalu,"https://ik.imagekit.io/tvlk/ugc-review/guys1L+Yyer9kzI3sp-pb0CG1j2bhflZGFUZOoIf1YOBAm37kEUOKR41ieUZm7ZJ/ugc-photo-ap-southeast-1-581603780057-acd24e232f75f09e/REVIEW/114086576_REVIEW_1739529684830_8f5bd353b554e5ba?_src=imagekit&tr=c-at_max,h-100,q-40,w-100",,,,,,,,,,,,,,,,,,,
https://www.traveloka.com/id-id/user/review/consumption/HOTEL/GENERAL/295675,5,8,"Lobi hotelnya ramai sekali saat hendak check in, harus sabar antre. Sepertinya mbaknya lama, mungkin karena internetnya lemot atau bagaimana.",Diulas 65 minggu lalu,"https://ik.imagekit.io/tvlk/ugc-review/guys1L+Yyer9kzI3sp-pb0CG1j2bhflZGFUZOoIf1YOBAm37kEUOKR41ieUZm7ZJ/ugc-photo-ap-southeast-1-581603780057-acd24e232f75f09e/REVIEW/16380080_REVIEW_1739179433390_85932a32b5926745?_src=imagekit&tr=c-at_max,h-100,q-40,w-100","https://ik.imagekit.io/tvlk/ugc-review/guys1L+Yyer9kzI3sp-pb0CG1j2bhflZGFUZOoIf1YOBAm37kEUOKR41ieUZm7ZJ/ugc-photo-ap-southeast-1-581603780057-acd24e232f75f09e/REVIEW/16380080_REVIEW_1739179433391_2f5f0ed04859f62f?_src=imagekit&tr=c-at_max,h-100,q-40,w-100","https://ik.imagekit.io/tvlk/ugc-review/guys1L+Yyer9kzI3sp-pb0CG1j2bhflZGFUZOoIf1YOBAm37kEUOKR41ieUZm7ZJ/ugc-photo-ap-southeast-1-581603780057-acd24e232f75f09e/REVIEW/16380080_REVIEW_1739179433391_0bdeef010a485b02?_src=imagekit&tr=c-at_max,h-100,q-40,w-100","https://ik.imagekit.io/tvlk/ugc-review/guys1L+Yyer9kzI3sp-pb0CG1j2bhflZGFUZOoIf1YOBAm37kEUOKR41ieUZm7ZJ/ugc-photo-ap-southeast-1-581603780057-acd24e232f75f09e/REVIEW/16380080_REVIEW_1739179433391_22da5a76b4908860?_src=imagekit&tr=c-at_max,h-100,q-40,w-100","https://ik.imagekit.io/tvlk/ugc-review/guys1L+Yyer9kzI3sp-pb0CG1j2bhflZGFUZOoIf1YOBAm37kEUOKR41ieUZm7ZJ/ugc-photo-ap-southeast-1-581603780057-acd24e232f75f09e/REVIEW/16380080_REVIEW_1739179433391_9e7cd50a644c9bb6?_src=imagekit&tr=c-at_max,h-100,q-40,w-100","https://ik.imagekit.io/tvlk/ugc-review/guys1L+Yyer9kzI3sp-pb0CG1j2bhflZGFUZOoIf1YOBAm37kEUOKR41ieUZm7ZJ/ugc-photo-ap-southeast-1-581603780057-acd24e232f75f09e/REVIEW/16380080_REVIEW_1739179433392_e16b107d1334ef21?_src=imagekit&tr=c-at_max,h-100,q-40,w-100",,,,,,,,,,,,,,
https://www.traveloka.com/id-id/user/review/consumption/HOTEL/GENERAL/295675,5,9,"Staff-nya ramah. Lobby-nya wangi, kalau bisa kamar-nya juga wangi, apalagi kamar mandinya. Cuma kamar memang tidak terlalu kedap suara.",Diulas 65 minggu lalu,"https://ik.imagekit.io/tvlk/ugc-review/guys1L+Yyer9kzI3sp-pb0CG1j2bhflZGFUZOoIf1YOBAm37kEUOKR41ieUZm7ZJ/ugc-photo-ap-southeast-1-581603780057-acd24e232f75f09e/REVIEW/14043979_REVIEW_1739063399677_02e4ee583b1a5ff6?_src=imagekit&tr=c-at_max,h-100,q-40,w-100",,,,,,,,,,,,,,,,,,,
https://www.traveloka.com/id-id/user/review/consumption/HOTEL/GENERAL/295675,5,10,"Pertama kali menginap di sini untuk perjalanan bisnis, sangat berkesan apalagi satu area dengan mal dan wahana bermain anak. Next akan kembali lagi dengan keluarga full team.",Diulas 65 minggu lalu,"https://ik.imagekit.io/tvlk/ugc-review/guys1L+Yyer9kzI3sp-pb0CG1j2bhflZGFUZOoIf1YOBAm37kEUOKR41ieUZm7ZJ/ugc-photo-ap-southeast-1-581603780057-acd24e232f75f09e/REVIEW/127323502_REVIEW_1738896042852_2223d1ca2ff9cee5?_src=imagekit&tr=c-at_max,h-80,q-40,w-80","https://ik.imagekit.io/tvlk/ugc-review/guys1L+Yyer9kzI3sp-pb0CG1j2bhflZGFUZOoIf1YOBAm37kEUOKR41ieUZm7ZJ/ugc-photo-ap-southeast-1-581603780057-acd24e232f75f09e/REVIEW/127323502_REVIEW_1738896042852_5cb1271eb8243b8c?_src=imagekit&tr=c-at_max,h-80,q-40,w-80","https://ik.imagekit.io/tvlk/ugc-review/guys1L+Yyer9kzI3sp-pb0CG1j2bhflZGFUZOoIf1YOBAm37kEUOKR41ieUZm7ZJ/ugc-photo-ap-southeast-1-581603780057-acd24e232f75f09e/REVIEW/127323502_REVIEW_1738896042852_a84cb02cfeff42c3?_src=imagekit&tr=c-at_max,h-80,q-40,w-80","https://ik.imagekit.io/tvlk/ugc-review/guys1L+Yyer9kzI3sp-pb0CG1j2bhflZGFUZOoIf1YOBAm37kEUOKR41ieUZm7ZJ/ugc-photo-ap-southeast-1-581603780057-acd24e232f75f09e/REVIEW/127323502_REVIEW_1738896042852_ea6a3310524ff7d5?_src=imagekit&tr=c-at_max,h-80,q-40,w-80","https://ik.imagekit.io/tvlk/ugc-review/guys1L+Yyer9kzI3sp-pb0CG1j2bhflZGFUZOoIf1YOBAm37kEUOKR41ieUZm7ZJ/ugc-photo-ap-southeast-1-581603780057-acd24e232f75f09e/REVIEW/127323502_REVIEW_1738896042851_deb69ae062e2d1f1?_src=imagekit&tr=c-at_max,h-80,q-40,w-80","https://ik.imagekit.io/tvlk/ugc-review/guys1L+Yyer9kzI3sp-pb0CG1j2bhflZGFUZOoIf1YOBAm37kEUOKR41ieUZm7ZJ/ugc-photo-ap-southeast-1-581603780057-acd24e232f75f09e/REVIEW/127323502_REVIEW_1738896042851_05da2541d769dc5f?_src=imagekit&tr=c-at_max,h-80,q-40,w-80","https://ik.imagekit.io/tvlk/ugc-review/guys1L+Yyer9kzI3sp-pb0CG1j2bhflZGFUZOoIf1YOBAm37kEUOKR41ieUZm7ZJ/ugc-photo-ap-southeast-1-581603780057-acd24e232f75f09e/REVIEW/127323502_REVIEW_1738896042853_5ed8b245256818dc?_src=imagekit&tr=c-at_max,h-80,q-40,w-80","https://ik.imagekit.io/tvlk/ugc-review/guys1L+Yyer9kzI3sp-pb0CG1j2bhflZGFUZOoIf1YOBAm37kEUOKR41ieUZm7ZJ/ugc-photo-ap-southeast-1-581603780057-acd24e232f75f09e/REVIEW/127323502_REVIEW_1738896042853_0d1708ff3515b732?_src=imagekit&tr=c-at_max,h-80,q-40,w-80",,,,,,,,,,,,
https://www.traveloka.com/id-id/user/review/consumption/HOTEL/GENERAL/295675,5,11,"Suasana hotel asyik dan nyaman untuk keluarga, baik dalam rangka perjalanan dinas maupun berlibur.",Diulas 65 minggu lalu,"https://ik.imagekit.io/tvlk/ugc-review/guys1L+Yyer9kzI3sp-pb0CG1j2bhflZGFUZOoIf1YOBAm37kEUOKR41ieUZm7ZJ/ugc-photo-ap-southeast-1-581603780057-acd24e232f75f09e/REVIEW/185207145_REVIEW_1738817694047_2e670ded5bce35ba?_src=imagekit&tr=c-at_max,h-100,q-40,w-100",,,,,,,,,,,,,,,,,,,
https://www.traveloka.com/id-id/user/review/consumption/HOTEL/GENERAL/295675,5,12,"fast responsif dimulai dari security,front office,room service,restonya pun.ada arena bermain di lengkapi playground anak,ps5 ada xbox juga ada,permainan legonya juga ada,bisa belajar hias cakenya juga.bakal jd langganan kalo ke sini.",Diulas 66 minggu lalu,"https://ik.imagekit.io/tvlk/ugc-review/guys1L+Yyer9kzI3sp-pb0CG1j2bhflZGFUZOoIf1YOBAm37kEUOKR41ieUZm7ZJ/ugc-photo-ap-southeast-1-581603780057-acd24e232f75f09e/REVIEW/10543339_REVIEW_1738219417083_02a52bb1f6ebbb70?_src=imagekit&tr=c-at_max,h-100,q-40,w-100","https://ik.imagekit.io/tvlk/ugc-review/guys1L+Yyer9kzI3sp-pb0CG1j2bhflZGFUZOoIf1YOBAm37kEUOKR41ieUZm7ZJ/ugc-photo-ap-southeast-1-581603780057-acd24e232f75f09e/REVIEW/10543339_REVIEW_1738219417083_a47a6bc2c0abb3ba?_src=imagekit&tr=c-at_max,h-100,q-40,w-100","https://ik.imagekit.io/tvlk/ugc-review/guys1L+Yyer9kzI3sp-pb0CG1j2bhflZGFUZOoIf1YOBAm37kEUOKR41ieUZm7ZJ/ugc-photo-ap-southeast-1-581603780057-acd24e232f75f09e/REVIEW/10543339_REVIEW_1738219417084_490b4b85859208ba?_src=imagekit&tr=c-at_max,h-100,q-40,w-100",,,,,,,,,,,,,,,,,
https://www.traveloka.com/id-id/user/review/consumption/HOTEL/GENERAL/295675,5,13,"Proses check-in-nya lama, cuma menunggu 2 antrean saja lebih dari 30 menit. Disaat kartu kamar saya error, perlu kembali ke lobi dan menunggu 1 antrean saja lebih dari 15 menit. Benar-benar wasting time prosesnya. Selain proses check-in, lainnya sudah bagus.",Diulas 66 minggu lalu,"https://ik.imagekit.io/tvlk/ugc-review/guys1L+Yyer9kzI3sp-pb0CG1j2bhflZGFUZOoIf1YOBAm37kEUOKR41ieUZm7ZJ/ugc-photo-ap-southeast-1-581603780057-acd24e232f75f09e/REVIEW/49319787_REVIEW_1738053601023_c69dc054a1c08fdd?_src=imagekit&tr=c-at_max,h-100,q-40,w-100",,,,,,,,,,,,,,,,,,,
https://www.traveloka.com/id-id/user/review/consumption/HOTEL/GENERAL/295675,5,14,"Menginap selama 3 hari, semua staff hotel sangat ramah, pemandangan dari dalam kamar tidak membosankan, sarapan bervariasi, akses ke TSM dan TSB mudah, kulineran sekitar hotel juga bisa ditempuh dengan berjalan kaki. Sengaja booking saat weekday jadi saat sarapan dan main di TSB tidak terlalu penuh. Kami sekeluarga sangat nyaman. Terima kasih Ibis Hotel",Diulas 67 minggu lalu,"https://ik.imagekit.io/tvlk/ugc-review/guys1L+Yyer9kzI3sp-pb0CG1j2bhflZGFUZOoIf1YOBAm37kEUOKR41ieUZm7ZJ/ugc-photo-ap-southeast-1-581603780057-acd24e232f75f09e/REVIEW/263792968_REVIEW_1737492439727_f7a9f8c33e2e31ff?_src=imagekit&tr=c-at_max,h-100,q-40,w-100","https://ik.imagekit.io/tvlk/ugc-review/guys1L+Yyer9kzI3sp-pb0CG1j2bhflZGFUZOoIf1YOBAm37kEUOKR41ieUZm7ZJ/ugc-photo-ap-southeast-1-581603780057-acd24e232f75f09e/REVIEW/263792968_REVIEW_1737492439728_65092230b44d2069?_src=imagekit&tr=c-at_max,h-100,q-40,w-100",,,,,,,,,,,,,,,,,,
https://www.traveloka.com/id-id/user/review/consumption/HOTEL/GENERAL/295675,5,15,"Jarak tempuh berjalan kaki dari hotel saya adalah mal dan taman trans studio, yang sangat nyaman tetapi berharap ada jembatan penghubung antara mal dan hotel sehingga kami tidak perlu berjalan keluar, karena pernah hujan deras selama saya menginap dan saya tidak dapat kembali ke hotel.

Makanannya enak dengan banyak variasi, tetapi minumannya bisa lebih baik dan dispensernya terlihat tua dan hanya dapat mengeluarkan air dingin, bukan air dingin. Kamar mandinya sangat kecil, tetapi bersih. Fasilitas kamar mandinya sedikit dengan sampo dan sabun mandi yang terkunci di tempatnya dan terasa kosong saat dikocok. Secara keseluruhan, lumayan, bukan yang terbaik, tetapi menyenangkan karena stafnya baik dan membantu.",Diulas 70 minggu lalu,"https://ik.imagekit.io/tvlk/ugc-review/guys1L+Yyer9kzI3sp-pb0CG1j2bhflZGFUZOoIf1YOBAm37kEUOKR41ieUZm7ZJ/ugc-photo-ap-southeast-1-581603780057-acd24e232f75f09e/REVIEW/34123308_REVIEW_1736207388401_da53a8a81eaf20e8?_src=imagekit&tr=c-at_max,h-100,q-40,w-100",,,,,,,,,,,,,,,,,,,
https://www.traveloka.com/id-id/user/review/consumption/HOTEL/GENERAL/295675,5,16,suasana hotel sangat nyaman dan layanan pegawai hotel baik2 semua,Diulas 70 minggu lalu,"https://ik.imagekit.io/tvlk/ugc-review/guys1L+Yyer9kzI3sp-pb0CG1j2bhflZGFUZOoIf1YOBAm37kEUOKR41ieUZm7ZJ/ugc-photo-ap-southeast-1-581603780057-acd24e232f75f09e/REVIEW/9072808_REVIEW_1735865939990_5fbbf3262ad73f69?_src=imagekit&tr=c-at_max,h-100,q-40,w-100",,,,,,,,,,,,,,,,,,,
https://www.traveloka.com/id-id/user/review/consumption/HOTEL/GENERAL/295675,5,17,pegawai hotel ramah dan nyaman hotelnya,Diulas 70 minggu lalu,"https://ik.imagekit.io/tvlk/ugc-review/guys1L+Yyer9kzI3sp-pb0CG1j2bhflZGFUZOoIf1YOBAm37kEUOKR41ieUZm7ZJ/ugc-photo-ap-southeast-1-581603780057-acd24e232f75f09e/REVIEW/9072808_REVIEW_1735865553229_9d5cc0ec655d6d5f?_src=imagekit&tr=c-at_max,h-100,q-40,w-100",,,,,,,,,,,,,,,,,,,
https://www.traveloka.com/id-id/user/review/consumption/HOTEL/GENERAL/295675,5,18,"Staf hotel ramah, sarapan enak, view bagus, nyaman... sudah ke-2 kali stay di Ibis.",Diulas 73 minggu lalu,"https://ik.imagekit.io/tvlk/ugc-review/guys1L+Yyer9kzI3sp-pb0CG1j2bhflZGFUZOoIf1YOBAm37kEUOKR41ieUZm7ZJ/ugc-photo-ap-southeast-1-581603780057-acd24e232f75f09e/REVIEW/19369043_REVIEW_1734315022162_dfa6159a9ecb8b93?_src=imagekit&tr=c-at_max,h-80,q-40,w-80","https://ik.imagekit.io/tvlk/ugc-review/guys1L+Yyer9kzI3sp-pb0CG1j2bhflZGFUZOoIf1YOBAm37kEUOKR41ieUZm7ZJ/ugc-photo-ap-southeast-1-581603780057-acd24e232f75f09e/REVIEW/19369043_REVIEW_1734315022162_4b9dc6e645b1324b?_src=imagekit&tr=c-at_max,h-80,q-40,w-80","https://ik.imagekit.io/tvlk/ugc-review/guys1L+Yyer9kzI3sp-pb0CG1j2bhflZGFUZOoIf1YOBAm37kEUOKR41ieUZm7ZJ/ugc-photo-ap-southeast-1-581603780057-acd24e232f75f09e/REVIEW/19369043_REVIEW_1734315022162_ea266b0f441e4c1e?_src=imagekit&tr=c-at_max,h-80,q-40,w-80","https://ik.imagekit.io/tvlk/ugc-review/guys1L+Yyer9kzI3sp-pb0CG1j2bhflZGFUZOoIf1YOBAm37kEUOKR41ieUZm7ZJ/ugc-photo-ap-southeast-1-581603780057-acd24e232f75f09e/REVIEW/19369043_REVIEW_1734315022162_b44a217730800a6e?_src=imagekit&tr=c-at_max,h-80,q-40,w-80","https://ik.imagekit.io/tvlk/ugc-review/guys1L+Yyer9kzI3sp-pb0CG1j2bhflZGFUZOoIf1YOBAm37kEUOKR41ieUZm7ZJ/ugc-photo-ap-southeast-1-581603780057-acd24e232f75f09e/REVIEW/19369043_REVIEW_1734315022162_10acdf027d0e3449?_src=imagekit&tr=c-at_max,h-80,q-40,w-80","https://ik.imagekit.io/tvlk/ugc-review/guys1L+Yyer9kzI3sp-pb0CG1j2bhflZGFUZOoIf1YOBAm37kEUOKR41ieUZm7ZJ/ugc-photo-ap-southeast-1-581603780057-acd24e232f75f09e/REVIEW/19369043_REVIEW_1734315022163_d895f4db14724c58?_src=imagekit&tr=c-at_max,h-80,q-40,w-80","https://ik.imagekit.io/tvlk/ugc-review/guys1L+Yyer9kzI3sp-pb0CG1j2bhflZGFUZOoIf1YOBAm37kEUOKR41ieUZm7ZJ/ugc-photo-ap-southeast-1-581603780057-acd24e232f75f09e/REVIEW/19369043_REVIEW_1734315022163_2651ff2ba524c633?_src=imagekit&tr=c-at_max,h-80,q-40,w-80","https://ik.imagekit.io/tvlk/ugc-review/guys1L+Yyer9kzI3sp-pb0CG1j2bhflZGFUZOoIf1YOBAm37kEUOKR41ieUZm7ZJ/ugc-photo-ap-southeast-1-581603780057-acd24e232f75f09e/REVIEW/19369043_REVIEW_1734315022164_fdc19d673292f93b?_src=imagekit&tr=c-at_max,h-80,q-40,w-80",,,,,,,,,,,,
https://www.traveloka.com/id-id/user/review/consumption/HOTEL/GENERAL/295675,5,19,"sangat nyaman menginap di Ibis hotel, bersih dan nyaman.",Diulas 73 minggu lalu,"https://ik.imagekit.io/tvlk/ugc-review/guys1L+Yyer9kzI3sp-pb0CG1j2bhflZGFUZOoIf1YOBAm37kEUOKR41ieUZm7ZJ/ugc-photo-ap-southeast-1-581603780057-acd24e232f75f09e/REVIEW/336065580_REVIEW_1734174820036_c71bf214de0f1668?_src=imagekit&tr=c-at_max,h-100,q-40,w-100","https://ik.imagekit.io/tvlk/ugc-review/guys1L+Yyer9kzI3sp-pb0CG1j2bhflZGFUZOoIf1YOBAm37kEUOKR41ieUZm7ZJ/ugc-photo-ap-southeast-1-581603780057-acd24e232f75f09e/REVIEW/336065580_REVIEW_1734174820037_014c721c57834f09?_src=imagekit&tr=c-at_max,h-100,q-40,w-100",,,,,,,,,,,,,,,,,,
https://www.traveloka.com/id-id/user/review/consumption/HOTEL/GENERAL/295675,5,20,"staf hotel sangat ramah, pelayanan bintang 5.. kamar sangat bersih, lokasi strategis",Diulas 77 minggu lalu,"https://ik.imagekit.io/tvlk/ugc-review/guys1L+Yyer9kzI3sp-pb0CG1j2bhflZGFUZOoIf1YOBAm37kEUOKR41ieUZm7ZJ/ugc-photo-ap-southeast-1-581603780057-acd24e232f75f09e/REVIEW/200517690_REVIEW_1731422776026_e98c48b80d6798e9?_src=imagekit&tr=c-at_max,h-100,q-40,w-100",,,,,,,,,,,,,,,,,,,
https://www.traveloka.com/id-id/user/review/consumption/HOTEL/GENERAL/295675,6,1,"Luar biasa, semuanya sempurna dan sangat ramah, cepat tanggap, pertahankan dan tambah fasilitasnya.",Diulas 79 minggu lalu,"https://ik.imagekit.io/tvlk/ugc-review/guys1L+Yyer9kzI3sp-pb0CG1j2bhflZGFUZOoIf1YOBAm37kEUOKR41ieUZm7ZJ/ugc-photo-ap-southeast-1-581603780057-acd24e232f75f09e/REVIEW/8342770_REVIEW_1730262461775_4d64456fe818195a?_src=imagekit&tr=c-at_max,h-100,q-40,w-100",,,,,,,,,,,,,,,,,,,
https://www.traveloka.com/id-id/user/review/consumption/HOTEL/GENERAL/295675,6,2,"Kamar bersih, fasilitas sesuai kelasnya. Sukanya di Ibis (di mana pun) adalah kita disediakan air galon di koridor untuk ambil sendiri sesuai kebutuhan. Makanan banyak pilihan. Overall, good experience!",Diulas 81 minggu lalu,"https://ik.imagekit.io/tvlk/ugc-review/guys1L+Yyer9kzI3sp-pb0CG1j2bhflZGFUZOoIf1YOBAm37kEUOKR41ieUZm7ZJ/ugc-photo-ap-southeast-1-581603780057-acd24e232f75f09e/REVIEW/4867445_REVIEW_1729134452023_9bf2dc52e15ea375?_src=imagekit&tr=c-at_max,h-100,q-40,w-100","https://ik.imagekit.io/tvlk/ugc-review/guys1L+Yyer9kzI3sp-pb0CG1j2bhflZGFUZOoIf1YOBAm37kEUOKR41ieUZm7ZJ/ugc-photo-ap-southeast-1-581603780057-acd24e232f75f09e/REVIEW/4867445_REVIEW_1729134452023_83404e9a398e4966?_src=imagekit&tr=c-at_max,h-100,q-40,w-100",,,,,,,,,,,,,,,,,,
https://www.traveloka.com/id-id/user/review/consumption/HOTEL/GENERAL/295675,6,3,"Kamarnya luas dan bersih. Akses ke mal juga gampang. Breakfast-nya banyak pilihan, cuma ramai saja kalau pas weekend.",Diulas 83 minggu lalu,"https://ik.imagekit.io/tvlk/ugc-review/guys1L+Yyer9kzI3sp-pb0CG1j2bhflZGFUZOoIf1YOBAm37kEUOKR41ieUZm7ZJ/ugc-photo-ap-southeast-1-581603780057-acd24e232f75f09e/REVIEW/21806541_REVIEW_1728177658163_6c4d5188876ad183?_src=imagekit&tr=c-at_max,h-100,q-40,w-100",,,,,,,,,,,,,,,,,,,
https://www.traveloka.com/id-id/user/review/consumption/HOTEL/GENERAL/295675,6,4,"AC tidak dingin, tetapi bisa diperbaiki. Di atas kulkas kecil berdebu. Untuk harga tersebut tidak ada kolam renang. Staf oke. Pelayanan oke. Menu makanan oke. Lobby perlu sentuhan agar lebih menarik.",Diulas 87 minggu lalu,"https://ik.imagekit.io/tvlk/ugc-review/guys1L+Yyer9kzI3sp-pb0CG1j2bhflZGFUZOoIf1YOBAm37kEUOKR41ieUZm7ZJ/ugc-photo-ap-southeast-1-581603780057-acd24e232f75f09e/REVIEW/333411159_REVIEW_1725855926234_42f208cecbc6ed19?_src=imagekit&tr=c-at_max,h-100,q-40,w-100","https://ik.imagekit.io/tvlk/ugc-review/guys1L+Yyer9kzI3sp-pb0CG1j2bhflZGFUZOoIf1YOBAm37kEUOKR41ieUZm7ZJ/ugc-photo-ap-southeast-1-581603780057-acd24e232f75f09e/REVIEW/333411159_REVIEW_1725855926234_228a759080da2158?_src=imagekit&tr=c-at_max,h-100,q-40,w-100","https://ik.imagekit.io/tvlk/ugc-review/guys1L+Yyer9kzI3sp-pb0CG1j2bhflZGFUZOoIf1YOBAm37kEUOKR41ieUZm7ZJ/ugc-photo-ap-southeast-1-581603780057-acd24e232f75f09e/REVIEW/333411159_REVIEW_1725855926234_da18ed2b348e53b9?_src=imagekit&tr=c-at_max,h-100,q-40,w-100",,,,,,,,,,,,,,,,,
https://www.traveloka.com/id-id/user/review/consumption/HOTEL/GENERAL/295675,6,5,"Staff sangat ramah. Amenities di kamar lengkap, ac dingin, semua berfungsi baik. View dari kamar bagus karena dapet kamar lantai yang tinggi di lantai 21 😊😊",Diulas 90 minggu lalu,"https://ik.imagekit.io/tvlk/ugc-review/guys1L+Yyer9kzI3sp-pb0CG1j2bhflZGFUZOoIf1YOBAm37kEUOKR41ieUZm7ZJ/ugc-photo-ap-southeast-1-581603780057-acd24e232f75f09e/REVIEW/95625370_REVIEW_1723907992924_15c94ab03df84b14?_src=imagekit&tr=c-at_max,h-100,q-40,w-100",,,,,,,,,,,,,,,,,,,
https://www.traveloka.com/id-id/user/review/consumption/HOTEL/GENERAL/295675,6,6,"Tempat nyaman dan strategis, banyak jajanan di sekitar hotel.",Diulas 92 minggu lalu,"https://ik.imagekit.io/tvlk/ugc-review/guys1L+Yyer9kzI3sp-pb0CG1j2bhflZGFUZOoIf1YOBAm37kEUOKR41ieUZm7ZJ/ugc-photo-ap-southeast-1-581603780057-acd24e232f75f09e/REVIEW/60926733_REVIEW_1722907880729_1053cf4e568a2045?_src=imagekit&tr=c-at_max,h-100,q-40,w-100",,,,,,,,,,,,,,,,,,,
https://www.traveloka.com/id-id/user/review/consumption/HOTEL/GENERAL/295675,6,7,"Pelayanan prima, tempat bagus.",Diulas 96 minggu lalu,"https://ik.imagekit.io/tvlk/ugc-review/guys1L+Yyer9kzI3sp-pb0CG1j2bhflZGFUZOoIf1YOBAm37kEUOKR41ieUZm7ZJ/ugc-photo-ap-southeast-1-581603780057-acd24e232f75f09e/REVIEW/7577018_REVIEW_1720422885279_ed217bde6324dacc?_src=imagekit&tr=c-at_max,h-100,q-40,w-100",,,,,,,,,,,,,,,,,,,
https://www.traveloka.com/id-id/user/review/consumption/HOTEL/GENERAL/295675,6,8,"Tempat menginap yang bagus, dekat mal trans studio",Diulas 96 minggu lalu,"https://ik.imagekit.io/tvlk/ugc-review/guys1L+Yyer9kzI3sp-pb0CG1j2bhflZGFUZOoIf1YOBAm37kEUOKR41ieUZm7ZJ/ugc-photo-ap-southeast-1-581603780057-acd24e232f75f09e/REVIEW/6902080_REVIEW_1719909791025_97de2c9b344da816?_src=imagekit&tr=c-at_max,h-100,q-40,w-100",,,,,,,,,,,,,,,,,,,
https://www.traveloka.com/id-id/user/review/consumption/HOTEL/GENERAL/295675,6,9,"Saat check in banyak sekali tamu yang antre, namun proses check in sangat cepat. Free parkir untuk kendaraan tinggal minta stempel saja, walking distance ke Masjid Agung Trans Studio. Kamar nyaman, bersih, dan lengkap dengan TV yang modern. Pelayanan sangat baik, breakfast lengkap, enak, dan nyaman tempatnya.",Diulas 99 minggu lalu,"https://ik.imagekit.io/tvlk/ugc-review/guys1L+Yyer9kzI3sp-pb0CG1j2bhflZGFUZOoIf1YOBAm37kEUOKR41ieUZm7ZJ/ugc-photo-ap-southeast-1-581603780057-acd24e232f75f09e/REVIEW/3506943_REVIEW_1718674329477_d0ce45aadea737a0?_src=imagekit&tr=c-at_max,h-100,q-40,w-100","https://ik.imagekit.io/tvlk/ugc-review/guys1L+Yyer9kzI3sp-pb0CG1j2bhflZGFUZOoIf1YOBAm37kEUOKR41ieUZm7ZJ/ugc-photo-ap-southeast-1-581603780057-acd24e232f75f09e/REVIEW/3506943_REVIEW_1718674329477_a567dfcffdca8d19?_src=imagekit&tr=c-at_max,h-100,q-40,w-100",,,,,,,,,,,,,,,,,,
https://www.traveloka.com/id-id/user/review/consumption/HOTEL/GENERAL/295675,6,10,"ke 4 kalinya menginap disini. Lokasi, kebersihan, check in/out cepat sesuai dengan kebutuhan saya. Sangat direkomendasikan.",Diulas 99 minggu lalu,"https://ik.imagekit.io/tvlk/ugc-review/guys1L+Yyer9kzI3sp-pb0CG1j2bhflZGFUZOoIf1YOBAm37kEUOKR41ieUZm7ZJ/ugc-photo-ap-southeast-1-581603780057-acd24e232f75f09e/REVIEW/4444809_REVIEW_1718453603489_46cdfbb515c076da?_src=imagekit&tr=c-at_max,h-100,q-40,w-100","https://ik.imagekit.io/tvlk/ugc-review/guys1L+Yyer9kzI3sp-pb0CG1j2bhflZGFUZOoIf1YOBAm37kEUOKR41ieUZm7ZJ/ugc-photo-ap-southeast-1-581603780057-acd24e232f75f09e/REVIEW/4444809_REVIEW_1718453603489_47a696c7b4e4fc71?_src=imagekit&tr=c-at_max,h-100,q-40,w-100","https://ik.imagekit.io/tvlk/ugc-review/guys1L+Yyer9kzI3sp-pb0CG1j2bhflZGFUZOoIf1YOBAm37kEUOKR41ieUZm7ZJ/ugc-photo-ap-southeast-1-581603780057-acd24e232f75f09e/REVIEW/4444809_REVIEW_1718453603489_178d47e82e66ff2f?_src=imagekit&tr=c-at_max,h-100,q-40,w-100","https://ik.imagekit.io/tvlk/ugc-review/guys1L+Yyer9kzI3sp-pb0CG1j2bhflZGFUZOoIf1YOBAm37kEUOKR41ieUZm7ZJ/ugc-photo-ap-southeast-1-581603780057-acd24e232f75f09e/REVIEW/4444809_REVIEW_1718453603489_444d01631ea750f9?_src=imagekit&tr=c-at_max,h-100,q-40,w-100",,,,,,,,,,,,,,,,
https://www.traveloka.com/id-id/user/review/consumption/HOTEL/GENERAL/295675,6,11,"Baru pertama kali ke sini. Enak, nyaman, enggak ngebosenin stay di sini. Next bakal ke sini lagi.",Diulas 100 minggu lalu,"https://ik.imagekit.io/tvlk/ugc-review/guys1L+Yyer9kzI3sp-pb0CG1j2bhflZGFUZOoIf1YOBAm37kEUOKR41ieUZm7ZJ/ugc-photo-ap-southeast-1-581603780057-acd24e232f75f09e/REVIEW/325924421_REVIEW_1717849056889_33c259a394ee5cdb?_src=imagekit&tr=c-at_max,h-100,q-40,w-100","https://ik.imagekit.io/tvlk/ugc-review/guys1L+Yyer9kzI3sp-pb0CG1j2bhflZGFUZOoIf1YOBAm37kEUOKR41ieUZm7ZJ/ugc-photo-ap-southeast-1-581603780057-acd24e232f75f09e/REVIEW/325924421_REVIEW_1717849056890_40dda5c2f6711568?_src=imagekit&tr=c-at_max,h-100,q-40,w-100",,,,,,,,,,,,,,,,,,
https://www.traveloka.com/id-id/user/review/consumption/HOTEL/GENERAL/295675,6,12,Kamarnya tidak kedap suara sehingga Anda dapat mendengar suara kamar lain di sebelah Anda dan suara anak-anak berlarian di lorong. Sarapannya memiliki banyak pilihan tetapi rasanya tidak enak dan selama jam sibuk beberapa makanan butuh waktu lama untuk diisi ulang. Kamarnya tidak buruk dan lokasinya strategis tetapi lalu lintasnya juga tidak terlalu padat dan terhubung dengan mal.,Diulas 101 minggu lalu,"https://ik.imagekit.io/tvlk/ugc-review/guys1L+Yyer9kzI3sp-pb0CG1j2bhflZGFUZOoIf1YOBAm37kEUOKR41ieUZm7ZJ/ugc-photo-ap-southeast-1-581603780057-acd24e232f75f09e/REVIEW/19218145_REVIEW_1717134556935_c4bb8578a19aceb7?_src=imagekit&tr=c-at_max,h-100,q-40,w-100","https://ik.imagekit.io/tvlk/ugc-review/guys1L+Yyer9kzI3sp-pb0CG1j2bhflZGFUZOoIf1YOBAm37kEUOKR41ieUZm7ZJ/ugc-photo-ap-southeast-1-581603780057-acd24e232f75f09e/REVIEW/19218145_REVIEW_1717134556934_ab88f01a22c1f8f9?_src=imagekit&tr=c-at_max,h-100,q-40,w-100","https://ik.imagekit.io/tvlk/ugc-review/guys1L+Yyer9kzI3sp-pb0CG1j2bhflZGFUZOoIf1YOBAm37kEUOKR41ieUZm7ZJ/ugc-photo-ap-southeast-1-581603780057-acd24e232f75f09e/REVIEW/19218145_REVIEW_1717134556934_ea65d3126ac3a687?_src=imagekit&tr=c-at_max,h-100,q-40,w-100",,,,,,,,,,,,,,,,,
https://www.traveloka.com/id-id/user/review/consumption/HOTEL/GENERAL/295675,6,13,"Hotel sangat bersih, pelayanannya ramah sekali",Diulas 102 minggu lalu,"https://ik.imagekit.io/tvlk/ugc-review/guys1L+Yyer9kzI3sp-pb0CG1j2bhflZGFUZOoIf1YOBAm37kEUOKR41ieUZm7ZJ/ugc-photo-ap-southeast-1-581603780057-acd24e232f75f09e/REVIEW/143766648_REVIEW_1716383626027_6c3e43df06a9d5dc?_src=imagekit&tr=c-at_max,h-100,q-40,w-100",,,,,,,,,,,,,,,,,,,
https://www.traveloka.com/id-id/user/review/consumption/HOTEL/GENERAL/295675,6,14,"Kamar terbersih, suasana bagus, pelayanan bagus.",Diulas 103 minggu lalu,"https://ik.imagekit.io/tvlk/ugc-review/guys1L+Yyer9kzI3sp-pb0CG1j2bhflZGFUZOoIf1YOBAm37kEUOKR41ieUZm7ZJ/ugc-photo-ap-southeast-1-581603780057-acd24e232f75f09e/REVIEW/143766648_REVIEW_1716212139714_9566cdd32bdd12f2?_src=imagekit&tr=c-at_max,h-100,q-40,w-100",,,,,,,,,,,,,,,,,,,
https://www.traveloka.com/id-id/user/review/consumption/HOTEL/GENERAL/295675,6,15,"Hotel yang hampir sempurna, suasana yang bagus",Diulas 103 minggu lalu,"https://ik.imagekit.io/tvlk/ugc-review/guys1L+Yyer9kzI3sp-pb0CG1j2bhflZGFUZOoIf1YOBAm37kEUOKR41ieUZm7ZJ/ugc-photo-ap-southeast-1-581603780057-acd24e232f75f09e/REVIEW/143766648_REVIEW_1716178947067_a13311ce15db5f94?_src=imagekit&tr=c-at_max,h-100,q-40,w-100",,,,,,,,,,,,,,,,,,,
https://www.traveloka.com/id-id/user/review/consumption/HOTEL/GENERAL/295675,6,16,Sangat memuaskan dari segala hal,Diulas 103 minggu lalu,"https://ik.imagekit.io/tvlk/ugc-review/guys1L+Yyer9kzI3sp-pb0CG1j2bhflZGFUZOoIf1YOBAm37kEUOKR41ieUZm7ZJ/ugc-photo-ap-southeast-1-581603780057-acd24e232f75f09e/REVIEW/120288010_REVIEW_1716130395974_ca296d875af4d1e6?_src=imagekit&tr=c-at_max,h-100,q-40,w-100","https://ik.imagekit.io/tvlk/ugc-review/guys1L+Yyer9kzI3sp-pb0CG1j2bhflZGFUZOoIf1YOBAm37kEUOKR41ieUZm7ZJ/ugc-photo-ap-southeast-1-581603780057-acd24e232f75f09e/REVIEW/120288010_REVIEW_1716130395975_993542ffa5d07986?_src=imagekit&tr=c-at_max,h-100,q-40,w-100",,,,,,,,,,,,,,,,,,
https://www.traveloka.com/id-id/user/review/consumption/HOTEL/GENERAL/295675,6,17,"Recommend sekali, dapat kamar view kolam renang ala pantai. Ke mal tinggal jalan saja gak perlu mengeluarkan kendaraan dulu. Anak-anak happy banget",Diulas 106 minggu lalu,"https://ik.imagekit.io/tvlk/ugc-review/guys1L+Yyer9kzI3sp-pb0CG1j2bhflZGFUZOoIf1YOBAm37kEUOKR41ieUZm7ZJ/ugc-photo-ap-southeast-1-581603780057-acd24e232f75f09e/REVIEW/7167817_REVIEW_1714357693217_276fbf98da364006?_src=imagekit&tr=c-at_max,h-100,q-40,w-100",,,,,,,,,,,,,,,,,,,
https://www.traveloka.com/id-id/user/review/consumption/HOTEL/GENERAL/295675,6,18,"Lengkap dengan AC, kulkas, termos air panas, safe deposit box, sayang kamar kurang luas.",Diulas 108 minggu lalu,"https://ik.imagekit.io/tvlk/ugc-review/guys1L+Yyer9kzI3sp-pb0CG1j2bhflZGFUZOoIf1YOBAm37kEUOKR41ieUZm7ZJ/ugc-photo-ap-southeast-1-581603780057-acd24e232f75f09e/ACCOMMODATION/11982996_ACCOMMODATION_1712835813873_6a8458cc1615524b?_src=imagekit&tr=c-at_max,h-100,q-40,w-100","https://ik.imagekit.io/tvlk/ugc-review/guys1L+Yyer9kzI3sp-pb0CG1j2bhflZGFUZOoIf1YOBAm37kEUOKR41ieUZm7ZJ/ugc-photo-ap-southeast-1-581603780057-acd24e232f75f09e/ACCOMMODATION/11982996_ACCOMMODATION_1712835813874_b4a26b1205c452c2?_src=imagekit&tr=c-at_max,h-100,q-40,w-100","https://ik.imagekit.io/tvlk/ugc-review/guys1L+Yyer9kzI3sp-pb0CG1j2bhflZGFUZOoIf1YOBAm37kEUOKR41ieUZm7ZJ/ugc-photo-ap-southeast-1-581603780057-acd24e232f75f09e/ACCOMMODATION/11982996_ACCOMMODATION_1712835813874_95de381ce4c37ca6?_src=imagekit&tr=c-at_max,h-100,q-40,w-100","https://ik.imagekit.io/tvlk/ugc-review/guys1L+Yyer9kzI3sp-pb0CG1j2bhflZGFUZOoIf1YOBAm37kEUOKR41ieUZm7ZJ/ugc-photo-ap-southeast-1-581603780057-acd24e232f75f09e/ACCOMMODATION/11982996_ACCOMMODATION_1712835813874_1801177d0bb57680?_src=imagekit&tr=c-at_max,h-100,q-40,w-100","https://ik.imagekit.io/tvlk/ugc-review/guys1L+Yyer9kzI3sp-pb0CG1j2bhflZGFUZOoIf1YOBAm37kEUOKR41ieUZm7ZJ/ugc-photo-ap-southeast-1-581603780057-acd24e232f75f09e/ACCOMMODATION/11982996_ACCOMMODATION_1712835813875_96dad725fd5264ae?_src=imagekit&tr=c-at_max,h-100,q-40,w-100","https://ik.imagekit.io/tvlk/ugc-review/guys1L+Yyer9kzI3sp-pb0CG1j2bhflZGFUZOoIf1YOBAm37kEUOKR41ieUZm7ZJ/ugc-photo-ap-southeast-1-581603780057-acd24e232f75f09e/ACCOMMODATION/11982996_ACCOMMODATION_1712835813874_8898b01c8aea3597?_src=imagekit&tr=c-at_max,h-100,q-40,w-100",,,,,,,,,,,,,,
https://www.traveloka.com/id-id/user/review/consumption/HOTEL/GENERAL/295675,6,19,"Hotelnya sangat nyaman, wangi, handuk, sprei, dan selimut pun wangi, sampai pengen tanya cuci pakai apa karena wangi banget 😅. Kebersihan mantap, highly recommended hotel-nya. Sudah langganan banget tiap mudik nginepnya di sini. No minus deh kayaknya. Cuman tips-nya kalau mau nginep mending pesan dari jauh hari, H-1 atau 2 bulan. Lumayan harganya jauh lebih murah 😁👌🏻",Diulas 108 minggu lalu,"https://ik.imagekit.io/tvlk/ugc-review/guys1L+Yyer9kzI3sp-pb0CG1j2bhflZGFUZOoIf1YOBAm37kEUOKR41ieUZm7ZJ/ugc-photo-ap-southeast-1-581603780057-acd24e232f75f09e/REVIEW/14682590_REVIEW_1712798929213_fd1746b07e541204?_src=imagekit&tr=c-at_max,h-100,q-40,w-100","https://ik.imagekit.io/tvlk/ugc-review/guys1L+Yyer9kzI3sp-pb0CG1j2bhflZGFUZOoIf1YOBAm37kEUOKR41ieUZm7ZJ/ugc-photo-ap-southeast-1-581603780057-acd24e232f75f09e/REVIEW/14682590_REVIEW_1712798917377_87b69f1f163b40fa?_src=imagekit&tr=c-at_max,h-100,q-40,w-100","https://ik.imagekit.io/tvlk/ugc-review/guys1L+Yyer9kzI3sp-pb0CG1j2bhflZGFUZOoIf1YOBAm37kEUOKR41ieUZm7ZJ/ugc-photo-ap-southeast-1-581603780057-acd24e232f75f09e/REVIEW/14682590_REVIEW_1712798945551_e2a496466cd58091?_src=imagekit&tr=c-at_max,h-100,q-40,w-100",,,,,,,,,,,,,,,,,
https://www.traveloka.com/id-id/user/review/consumption/HOTEL/GENERAL/295675,6,20,Kamar cukup. Tidak luas dan tidak sempit. AC dingin. Wifi kencang. Air bisa refill. Kasur nyaman. Tempat strategis. Kebersihan cukup.,Diulas 112 minggu lalu,"https://ik.imagekit.io/tvlk/ugc-review/guys1L+Yyer9kzI3sp-pb0CG1j2bhflZGFUZOoIf1YOBAm37kEUOKR41ieUZm7ZJ/ugc-photo-ap-southeast-1-581603780057-acd24e232f75f09e/REVIEW/66229004_REVIEW_1710728382284_e8c6fe108ca9ea8b?_src=imagekit&tr=c-at_max,h-100,q-40,w-100",,,,,,,,,,,,,,,,,,,
https://www.traveloka.com/id-id/user/review/consumption/HOTEL/GENERAL/295675,7,1,Selalu menyenangkan minep di hotel ini dekat sekali dengan mall.😄😄,Diulas 112 minggu lalu,"https://ik.imagekit.io/tvlk/ugc-review/guys1L+Yyer9kzI3sp-pb0CG1j2bhflZGFUZOoIf1YOBAm37kEUOKR41ieUZm7ZJ/ugc-photo-ap-southeast-1-581603780057-acd24e232f75f09e/REVIEW/140409416_REVIEW_1710391539621_f42ef8c6832d5270?_src=imagekit&tr=c-at_max,h-100,q-40,w-100","https://ik.imagekit.io/tvlk/ugc-review/guys1L+Yyer9kzI3sp-pb0CG1j2bhflZGFUZOoIf1YOBAm37kEUOKR41ieUZm7ZJ/ugc-photo-ap-southeast-1-581603780057-acd24e232f75f09e/REVIEW/140409416_REVIEW_1710391539621_36175b36ee661cdd?_src=imagekit&tr=c-at_max,h-100,q-40,w-100","https://ik.imagekit.io/tvlk/ugc-review/guys1L+Yyer9kzI3sp-pb0CG1j2bhflZGFUZOoIf1YOBAm37kEUOKR41ieUZm7ZJ/ugc-photo-ap-southeast-1-581603780057-acd24e232f75f09e/REVIEW/140409416_REVIEW_1710391539621_43904e40b7bcf86e?_src=imagekit&tr=c-at_max,h-100,q-40,w-100","https://ik.imagekit.io/tvlk/ugc-review/guys1L+Yyer9kzI3sp-pb0CG1j2bhflZGFUZOoIf1YOBAm37kEUOKR41ieUZm7ZJ/ugc-photo-ap-southeast-1-581603780057-acd24e232f75f09e/REVIEW/140409416_REVIEW_1710391539621_fc77604d05f374e6?_src=imagekit&tr=c-at_max,h-100,q-40,w-100","https://ik.imagekit.io/tvlk/ugc-review/guys1L+Yyer9kzI3sp-pb0CG1j2bhflZGFUZOoIf1YOBAm37kEUOKR41ieUZm7ZJ/ugc-photo-ap-southeast-1-581603780057-acd24e232f75f09e/REVIEW/140409416_REVIEW_1710391539622_6eb0da95b54318b6?_src=imagekit&tr=c-at_max,h-100,q-40,w-100","https://ik.imagekit.io/tvlk/ugc-review/guys1L+Yyer9kzI3sp-pb0CG1j2bhflZGFUZOoIf1YOBAm37kEUOKR41ieUZm7ZJ/ugc-photo-ap-southeast-1-581603780057-acd24e232f75f09e/REVIEW/140409416_REVIEW_1710391539622_a5156430e396de17?_src=imagekit&tr=c-at_max,h-100,q-40,w-100",,,,,,,,,,,,,,
https://www.traveloka.com/id-id/user/review/consumption/HOTEL/GENERAL/295675,7,2,"Tempatnya bersih nyaman, dari sini bisa melihat pemandangan kota bandung.",Diulas 113 minggu lalu,"https://ik.imagekit.io/tvlk/ugc-review/guys1L+Yyer9kzI3sp-pb0CG1j2bhflZGFUZOoIf1YOBAm37kEUOKR41ieUZm7ZJ/ugc-photo-ap-southeast-1-581603780057-acd24e232f75f09e/REVIEW/123876694_REVIEW_1710130733476_03a47cc045689eac?_src=imagekit&tr=c-at_max,h-100,q-40,w-100","https://ik.imagekit.io/tvlk/ugc-review/guys1L+Yyer9kzI3sp-pb0CG1j2bhflZGFUZOoIf1YOBAm37kEUOKR41ieUZm7ZJ/ugc-photo-ap-southeast-1-581603780057-acd24e232f75f09e/REVIEW/123876694_REVIEW_1710130762837_32bccf11ee3c251c?_src=imagekit&tr=c-at_max,h-100,q-40,w-100",,,,,,,,,,,,,,,,,,
https://www.traveloka.com/id-id/user/review/consumption/HOTEL/GENERAL/295675,7,3,"Ibis trans studio Hotel keren, pelayanannya baik. Roomboy an. Taufik sangat ramah dan pelayanan kamarnya baik 👍",Diulas 115 minggu lalu,"https://ik.imagekit.io/tvlk/ugc-review/guys1L+Yyer9kzI3sp-pb0CG1j2bhflZGFUZOoIf1YOBAm37kEUOKR41ieUZm7ZJ/ugc-photo-ap-southeast-1-581603780057-acd24e232f75f09e/ACCOMMODATION/314724810_ACCOMMODATION_1708667297171_1afd500e306b0cd2?_src=imagekit&tr=c-at_max,h-100,q-40,w-100",,,,,,,,,,,,,,,,,,,
https://www.traveloka.com/id-id/user/review/consumption/HOTEL/GENERAL/295675,7,4,Dekat dengan TSM bagi yang berencana ke sini akan sangat membantu.,Diulas 117 minggu lalu,"https://ik.imagekit.io/tvlk/ugc-review/guys1L+Yyer9kzI3sp-pb0CG1j2bhflZGFUZOoIf1YOBAm37kEUOKR41ieUZm7ZJ/ugc-photo-ap-southeast-1-581603780057-acd24e232f75f09e/ACCOMMODATION/5220186_ACCOMMODATION_1707626643174_909ba8a1e3133c77?_src=imagekit&tr=c-at_max,h-100,q-40,w-100",,,,,,,,,,,,,,,,,,,
https://www.traveloka.com/id-id/user/review/consumption/HOTEL/GENERAL/295675,7,5,"Kamar bagus, sudah ga diragukan lagi untuk ibis. Dekat dengan mall, rasa makanan lumayan, banyak variannya.",Diulas 124 minggu lalu,"https://ik.imagekit.io/tvlk/ugc-review/guys1L+Yyer9kzI3sp-pb0CG1j2bhflZGFUZOoIf1YOBAm37kEUOKR41ieUZm7ZJ/ugc-photo-ap-southeast-1-581603780057-acd24e232f75f09e/ACCOMMODATION/222418235_ACCOMMODATION_1703463173426_ae669699b8fb15be?_src=imagekit&tr=c-at_max,h-100,q-40,w-100","https://ik.imagekit.io/tvlk/ugc-review/guys1L+Yyer9kzI3sp-pb0CG1j2bhflZGFUZOoIf1YOBAm37kEUOKR41ieUZm7ZJ/ugc-photo-ap-southeast-1-581603780057-acd24e232f75f09e/ACCOMMODATION/222418235_ACCOMMODATION_1703463173426_b747c8b75e355216?_src=imagekit&tr=c-at_max,h-100,q-40,w-100",,,,,,,,,,,,,,,,,,
https://www.traveloka.com/id-id/user/review/consumption/HOTEL/GENERAL/295675,7,6,"Resepsionis nya sangat ramah, numpang ngeprint juga gratis, kamarnya juga bagus rapi tapi sayang house keeping nya kurang bersih. Lantainya masih ada sampah di pojokan, dan paling agak geli pas mau bikin kopi gelasnya ada item itemnya. Sendok atau pengaduk kopi juga nggak ada.",Diulas 127 minggu lalu,"https://ik.imagekit.io/tvlk/ugc-review/guys1L+Yyer9kzI3sp-pb0CG1j2bhflZGFUZOoIf1YOBAm37kEUOKR41ieUZm7ZJ/ugc-photo-ap-southeast-1-581603780057-acd24e232f75f09e/ACCOMMODATION/3888990_ACCOMMODATION_1701438642825_3ddf081a7b4704b6?_src=imagekit&tr=c-at_max,h-100,q-40,w-100","https://ik.imagekit.io/tvlk/ugc-review/guys1L+Yyer9kzI3sp-pb0CG1j2bhflZGFUZOoIf1YOBAm37kEUOKR41ieUZm7ZJ/ugc-photo-ap-southeast-1-581603780057-acd24e232f75f09e/ACCOMMODATION/3888990_ACCOMMODATION_1701438642824_015774e85ef4f14d?_src=imagekit&tr=c-at_max,h-100,q-40,w-100","https://ik.imagekit.io/tvlk/ugc-review/guys1L+Yyer9kzI3sp-pb0CG1j2bhflZGFUZOoIf1YOBAm37kEUOKR41ieUZm7ZJ/ugc-photo-ap-southeast-1-581603780057-acd24e232f75f09e/ACCOMMODATION/3888990_ACCOMMODATION_1701438642825_d00a7943cafd5b83?_src=imagekit&tr=c-at_max,h-100,q-40,w-100",,,,,,,,,,,,,,,,,
https://www.traveloka.com/id-id/user/review/consumption/HOTEL/GENERAL/295675,7,7,"Hotelnya bersih (pakai banget), pelayanan bagus dan ramah, strategis tempatnya, sarapan bervariasi dan enak. The best lah pokoknya, suka banget nginap di sini",Diulas 129 minggu lalu,"https://ik.imagekit.io/tvlk/ugc-review/guys1L+Yyer9kzI3sp-pb0CG1j2bhflZGFUZOoIf1YOBAm37kEUOKR41ieUZm7ZJ/ugc-photo-ap-southeast-1-581603780057-acd24e232f75f09e/ACCOMMODATION/7651676_ACCOMMODATION_1699881862609_c06196ac8bb37fef?_src=imagekit&tr=c-at_max,h-100,q-40,w-100",,,,,,,,,,,,,,,,,,,
https://www.traveloka.com/id-id/user/review/consumption/HOTEL/GENERAL/295675,7,8,"Senang menginap di hotel ini. Staf bersih dan ramah. Akomodasi bagus, sangat dekat dengan transtudio mall (TSM) di Bandung. Makanannya juga enak. Cobalah dan Anda akan menyukainya. Sayangnya saya mendapat kamar dengan masalah AC, saya harap mereka menyadarinya. Terima kasih ibis, terima kasih traveloka untuk harga bagus.",Diulas 132 minggu lalu,"https://ik.imagekit.io/tvlk/ugc-review/guys1L+Yyer9kzI3sp-pb0CG1j2bhflZGFUZOoIf1YOBAm37kEUOKR41ieUZm7ZJ/ugc-photo-ap-southeast-1-581603780057-acd24e232f75f09e/ACCOMMODATION/13020746_ACCOMMODATION_1698361285844_13a5a3d382cf4b26?_src=imagekit&tr=c-at_max,h-100,q-40,w-100","https://ik.imagekit.io/tvlk/ugc-review/guys1L+Yyer9kzI3sp-pb0CG1j2bhflZGFUZOoIf1YOBAm37kEUOKR41ieUZm7ZJ/ugc-photo-ap-southeast-1-581603780057-acd24e232f75f09e/ACCOMMODATION/13020746_ACCOMMODATION_1698361285846_0da99944a7c3ca32?_src=imagekit&tr=c-at_max,h-100,q-40,w-100","https://ik.imagekit.io/tvlk/ugc-review/guys1L+Yyer9kzI3sp-pb0CG1j2bhflZGFUZOoIf1YOBAm37kEUOKR41ieUZm7ZJ/ugc-photo-ap-southeast-1-581603780057-acd24e232f75f09e/ACCOMMODATION/13020746_ACCOMMODATION_1698361285846_ba30fe221b35125b?_src=imagekit&tr=c-at_max,h-100,q-40,w-100",,,,,,,,,,,,,,,,,
https://www.traveloka.com/id-id/user/review/consumption/HOTEL/GENERAL/295675,7,9,"Proses check in cepat, walaupun sedang ramai tamu, kamar bersih, lokasi sangat strategis, dekat Trans Studio Mall",Diulas 149 minggu lalu,"https://ik.imagekit.io/tvlk/ugc-review/guys1L+Yyer9kzI3sp-pb0CG1j2bhflZGFUZOoIf1YOBAm37kEUOKR41ieUZm7ZJ/ugc-photo-ap-southeast-1-581603780057-acd24e232f75f09e/ACCOMMODATION/29816711_ACCOMMODATION_1688261104462_b0bd85427e226a46?_src=imagekit&tr=c-at_max,h-100,q-40,w-100",,,,,,,,,,,,,,,,,,,
https://www.traveloka.com/id-id/user/review/consumption/HOTEL/GENERAL/295675,7,10,"Sangat direkomendasikan untuk menginap bersama keluarga! Memiliki pengalaman hebat secara keseluruhan dengan kamar & layanan, juga terhubung dengan Trans Studio Mall melalui lobi yang merupakan poin plus 👍",Diulas 153 minggu lalu,"https://ik.imagekit.io/tvlk/ugc-review/guys1L+Yyer9kzI3sp-pb0CG1j2bhflZGFUZOoIf1YOBAm37kEUOKR41ieUZm7ZJ/ugc-photo-ap-southeast-1-581603780057-acd24e232f75f09e/ACCOMMODATION/246823240_ACCOMMODATION_1685674284689_c2c273e998c93bba?_src=imagekit&tr=c-at_max,h-100,q-40,w-100","https://ik.imagekit.io/tvlk/ugc-review/guys1L+Yyer9kzI3sp-pb0CG1j2bhflZGFUZOoIf1YOBAm37kEUOKR41ieUZm7ZJ/ugc-photo-ap-southeast-1-581603780057-acd24e232f75f09e/ACCOMMODATION/246823240_ACCOMMODATION_1685674284690_09366c6af80779bb?_src=imagekit&tr=c-at_max,h-100,q-40,w-100",,,,,,,,,,,,,,,,,,
https://www.traveloka.com/id-id/user/review/consumption/HOTEL/GENERAL/295675,7,11,"Staff ramah, kondisi room bersih dan dapat compliment cake 🎂 untuk anniversary, terima kasih Ibis TSM",Diulas 159 minggu lalu,"https://ik.imagekit.io/tvlk/ugc-review/guys1L+Yyer9kzI3sp-pb0CG1j2bhflZGFUZOoIf1YOBAm37kEUOKR41ieUZm7ZJ/ugc-photo-ap-southeast-1-581603780057-acd24e232f75f09e/ACCOMMODATION/11056374_ACCOMMODATION_1682351021523_1ebf826ca0d3fa04?_src=imagekit&tr=c-at_max,h-100,q-40,w-100",,,,,,,,,,,,,,,,,,,
https://www.traveloka.com/id-id/user/review/consumption/HOTEL/GENERAL/295675,7,12,"Glad will all the experience. The room is small, but very comfortable. The employee services are great! Felt pleasant and welcomed. The breakfast food also really good, so satisfying. Overall, I will stay again in this hotel, or maybe the other Ibis Hotel with this same standard.",Diulas 159 minggu lalu,"https://ik.imagekit.io/tvlk/ugc-review/guys1L+Yyer9kzI3sp-pb0CG1j2bhflZGFUZOoIf1YOBAm37kEUOKR41ieUZm7ZJ/ugc-photo-ap-southeast-1-581603780057-acd24e232f75f09e/ACCOMMODATION/109322474_ACCOMMODATION_1682219596734_031af8ce0b2499fa?_src=imagekit&tr=c-at_max,h-100,q-40,w-100",,,,,,,,,,,,,,,,,,,
https://www.traveloka.com/id-id/user/review/consumption/HOTEL/GENERAL/295675,7,13,"Kami menginap di standard room 2 malam, semua fasilitas oke sesuai harapan, makan sahur enak anak-anak suka banget, hanya kamar mandi yang sempit dan pintunya tanpa kunci.",Diulas 160 minggu lalu,"https://ik.imagekit.io/tvlk/ugc-review/guys1L+Yyer9kzI3sp-pb0CG1j2bhflZGFUZOoIf1YOBAm37kEUOKR41ieUZm7ZJ/ugc-photo-ap-southeast-1-581603780057-acd24e232f75f09e/ACCOMMODATION/12177499_ACCOMMODATION_1681777784474_79f43859960efff1?_src=imagekit&tr=c-at_max,h-100,q-40,w-100",,,,,,,,,,,,,,,,,,,
https://www.traveloka.com/id-id/user/review/consumption/HOTEL/GENERAL/295675,7,14,"Pilihan makanan yang berharga dan baik di restoran, dan tepat di sebelah mal yang memiliki begitu banyak restoran dan toko",Diulas 162 minggu lalu,"https://ik.imagekit.io/tvlk/ugc-review/guys1L+Yyer9kzI3sp-pb0CG1j2bhflZGFUZOoIf1YOBAm37kEUOKR41ieUZm7ZJ/ugc-photo-ap-southeast-1-581603780057-acd24e232f75f09e/ACCOMMODATION/6252309_ACCOMMODATION_1680246725480_b0b1ebd008b325d9?_src=imagekit&tr=c-at_max,h-100,q-40,w-100","https://ik.imagekit.io/tvlk/ugc-review/guys1L+Yyer9kzI3sp-pb0CG1j2bhflZGFUZOoIf1YOBAm37kEUOKR41ieUZm7ZJ/ugc-photo-ap-southeast-1-581603780057-acd24e232f75f09e/ACCOMMODATION/6252309_ACCOMMODATION_1680246725481_e72d1f0027104023?_src=imagekit&tr=c-at_max,h-100,q-40,w-100","https://ik.imagekit.io/tvlk/ugc-review/guys1L+Yyer9kzI3sp-pb0CG1j2bhflZGFUZOoIf1YOBAm37kEUOKR41ieUZm7ZJ/ugc-photo-ap-southeast-1-581603780057-acd24e232f75f09e/ACCOMMODATION/6252309_ACCOMMODATION_1680246725481_d439cdec26a7dd84?_src=imagekit&tr=c-at_max,h-100,q-40,w-100","https://ik.imagekit.io/tvlk/ugc-review/guys1L+Yyer9kzI3sp-pb0CG1j2bhflZGFUZOoIf1YOBAm37kEUOKR41ieUZm7ZJ/ugc-photo-ap-southeast-1-581603780057-acd24e232f75f09e/ACCOMMODATION/6252309_ACCOMMODATION_1680246725482_96cc28c2418832de?_src=imagekit&tr=c-at_max,h-100,q-40,w-100",,,,,,,,,,,,,,,,
https://www.traveloka.com/id-id/user/review/consumption/HOTEL/GENERAL/295675,7,15,"Kamar bersih, tempat bagus, front officer nya ramah, security ramah, semua ramah. Terima kasih banyak.",Diulas 163 minggu lalu,"https://ik.imagekit.io/tvlk/ugc-review/guys1L+Yyer9kzI3sp-pb0CG1j2bhflZGFUZOoIf1YOBAm37kEUOKR41ieUZm7ZJ/ugc-photo-ap-southeast-1-581603780057-acd24e232f75f09e/ACCOMMODATION/14989244_ACCOMMODATION_1679396747554_5f70b23890fd7a03?_src=imagekit&tr=c-at_max,h-100,q-40,w-100","https://ik.imagekit.io/tvlk/ugc-review/guys1L+Yyer9kzI3sp-pb0CG1j2bhflZGFUZOoIf1YOBAm37kEUOKR41ieUZm7ZJ/ugc-photo-ap-southeast-1-581603780057-acd24e232f75f09e/ACCOMMODATION/14989244_ACCOMMODATION_1679396747555_58570800e219b4ae?_src=imagekit&tr=c-at_max,h-100,q-40,w-100","https://ik.imagekit.io/tvlk/ugc-review/guys1L+Yyer9kzI3sp-pb0CG1j2bhflZGFUZOoIf1YOBAm37kEUOKR41ieUZm7ZJ/ugc-photo-ap-southeast-1-581603780057-acd24e232f75f09e/ACCOMMODATION/14989244_ACCOMMODATION_1679396747556_7aab5ba70a006ab8?_src=imagekit&tr=c-at_max,h-100,q-40,w-100",,,,,,,,,,,,,,,,,
https://www.traveloka.com/id-id/user/review/consumption/HOTEL/GENERAL/295675,7,16,"Secara umum cukup baik. Cuma kamarnya ada yang bocor. Sudah di sedot jam 20, lalu jam 06 bocor lagi.",Diulas 164 minggu lalu,"https://ik.imagekit.io/tvlk/ugc-review/guys1L+Yyer9kzI3sp-pb0CG1j2bhflZGFUZOoIf1YOBAm37kEUOKR41ieUZm7ZJ/ugc-photo-ap-southeast-1-581603780057-acd24e232f75f09e/ACCOMMODATION/6100294_ACCOMMODATION_1679185016928_90800aecac5c4517?_src=imagekit&tr=c-at_max,h-100,q-40,w-100",,,,,,,,,,,,,,,,,,,
https://www.traveloka.com/id-id/user/review/consumption/HOTEL/GENERAL/295675,7,17,"Great experience 😊 Definitely will come again with my family. Simple and easy to book and make reservations by Traveloka apps. Smooth check in processes, nice room and good food? Yeah haha",Diulas 166 minggu lalu,"https://ik.imagekit.io/tvlk/ugc-review/guys1L+Yyer9kzI3sp-pb0CG1j2bhflZGFUZOoIf1YOBAm37kEUOKR41ieUZm7ZJ/ugc-photo-ap-southeast-1-581603780057-acd24e232f75f09e/ACCOMMODATION/39467637_ACCOMMODATION_1678072258647_7e8692c447209b96?_src=imagekit&tr=c-at_max,h-100,q-40,w-100",,,,,,,,,,,,,,,,,,,
https://www.traveloka.com/id-id/user/review/consumption/HOTEL/GENERAL/295675,7,18,"Lokasi enak banget samping mall, tinggal jalan kaki, parkiran luas, staff lumayan ramah, kamarnya besar, sarapannya standard. Kamar bersih. Overall hotel ini worth it dan oke banget dengan harga yang lumayan murah.",Diulas 167 minggu lalu,"https://ik.imagekit.io/tvlk/ugc-review/guys1L+Yyer9kzI3sp-pb0CG1j2bhflZGFUZOoIf1YOBAm37kEUOKR41ieUZm7ZJ/ugc-photo-ap-southeast-1-581603780057-acd24e232f75f09e/ACCOMMODATION/9256913_ACCOMMODATION_1677409494017_adc7c763ed70ea42?_src=imagekit&tr=c-at_max,h-100,q-40,w-100",,,,,,,,,,,,,,,,,,,
https://www.traveloka.com/id-id/user/review/consumption/HOTEL/GENERAL/295675,7,19,"Hotelnya bagus tapi kurang koordinasi antara resepsionis dengan housekeeping nya, posisi sudah check-in dan pukul 15 kurang, sudah dikasih kunci kamar namun pas tiba di kamar ternyata kamarnya baru dibersihkan, akhirnya dipindahkan ke kamar yang lain yang mana kamar tersebut tidak sesuai dengan permintaan pada saat pemesanan, kemudian dipindah lagi ke kamar lainnya dan pindah lantai, total pindah 3 kamar, buang waktu karena belum sholat dan akhirnya harus pindah pindah padahal mau istirahat",Diulas 168 minggu lalu,"https://ik.imagekit.io/tvlk/ugc-review/guys1L+Yyer9kzI3sp-pb0CG1j2bhflZGFUZOoIf1YOBAm37kEUOKR41ieUZm7ZJ/ugc-photo-ap-southeast-1-581603780057-acd24e232f75f09e/ACCOMMODATION/233197518_ACCOMMODATION_1676623411541_3092694b6e96dcaf?_src=imagekit&tr=c-at_max,h-100,q-40,w-100",,,,,,,,,,,,,,,,,,,
https://www.traveloka.com/id-id/user/review/consumption/HOTEL/GENERAL/295675,7,20,"Good service, proses check in cepat. Untuk anak-anak ada cooking class, dapet gulali. Happy anak-anaknya.",Diulas 174 minggu lalu,"https://ik.imagekit.io/tvlk/ugc-review/guys1L+Yyer9kzI3sp-pb0CG1j2bhflZGFUZOoIf1YOBAm37kEUOKR41ieUZm7ZJ/ugc-photo-ap-southeast-1-581603780057-acd24e232f75f09e/ACCOMMODATION/23676409_ACCOMMODATION_1673242079710_f7c5b105f2aa6ce1?_src=imagekit&tr=c-at_max,h-100,q-40,w-100",,,,,,,,,,,,,,,,,,,
https://www.traveloka.com/id-id/user/review/consumption/HOTEL/GENERAL/295675,8,1,"Pesan via app, saya tiba di hotel untuk check in sekitar pukul 16.00 tapi kamar masih dicek lagi (sekitar 10 menitan).- untuk air minum disediakan teko isi ulang, dispenser tersedia di lorong kamar.- remote TV di kamar gak berfungsi, setelah lapor, petugas dengan cepat datang untuk mengganti battery nya.- staff ramah-ramah.- breakfast menu beragam dan enak.- sayang sekali di kamar saya kemarin nemu jackpot, kecoa kecil. Untuk saya gak masalah, mungkin beda bagi tamu lain. Sebaiknya dibersihkan lagi. Terima kasih ibis",Diulas 174 minggu lalu,"https://ik.imagekit.io/tvlk/ugc-review/guys1L+Yyer9kzI3sp-pb0CG1j2bhflZGFUZOoIf1YOBAm37kEUOKR41ieUZm7ZJ/ugc-photo-ap-southeast-1-581603780057-acd24e232f75f09e/ACCOMMODATION/3360271_ACCOMMODATION_1672885098606_28515766fb43eb4b?_src=imagekit&tr=c-at_max,h-100,q-40,w-100","https://ik.imagekit.io/tvlk/ugc-review/guys1L+Yyer9kzI3sp-pb0CG1j2bhflZGFUZOoIf1YOBAm37kEUOKR41ieUZm7ZJ/ugc-photo-ap-southeast-1-581603780057-acd24e232f75f09e/ACCOMMODATION/3360271_ACCOMMODATION_1672885098606_2a80a1a28e5b8b28?_src=imagekit&tr=c-at_max,h-100,q-40,w-100",,,,,,,,,,,,,,,,,,
https://www.traveloka.com/id-id/user/review/consumption/HOTEL/GENERAL/295675,8,2,"Check in cepat, tapi request kamar penghubung malah dilewat 1 kamar. Jadi cape bolak balik ke kamar anak. Sebaiknya H-1 konfirm dulu. Jadi ga kecewa. Pelayanan kamar cepat, kunci kamar sering ga bisa dipakai untung ada petugas hotel yang bisa open. Sarapan enak, nasgornya sedikit keasinan.",Diulas 174 minggu lalu,"https://ik.imagekit.io/tvlk/ugc-review/guys1L+Yyer9kzI3sp-pb0CG1j2bhflZGFUZOoIf1YOBAm37kEUOKR41ieUZm7ZJ/ugc-photo-ap-southeast-1-581603780057-acd24e232f75f09e/ACCOMMODATION/125944280_ACCOMMODATION_1672755295874_2c9992bd73a123eb?_src=imagekit&tr=c-at_max,h-100,q-40,w-100",,,,,,,,,,,,,,,,,,,
https://www.traveloka.com/id-id/user/review/consumption/HOTEL/GENERAL/295675,8,3,"Nyaman nginep di sini, resepsionisnya cepat tanggap, akses mudah nyari makanan di mall, kalo ke Bandung bakal nginep di sini lagi.",Diulas 199 minggu lalu,"https://ik.imagekit.io/tvlk/ugc-review/guys1L+Yyer9kzI3sp-pb0CG1j2bhflZGFUZOoIf1YOBAm37kEUOKR41ieUZm7ZJ/ugc-photo-ap-southeast-1-581603780057-acd24e232f75f09e/ACCOMMODATION/175488879_ACCOMMODATION_1657854876040_a1ca191cb1370638?_src=imagekit&tr=c-at_max,h-100,q-40,w-100",,,,,,,,,,,,,,,,,,,
https://www.traveloka.com/id-id/user/review/consumption/HOTEL/GENERAL/295675,8,4,Tempat sempurna untuk menginap di bandung,Diulas 200 minggu lalu,"https://ik.imagekit.io/tvlk/ugc-review/guys1L+Yyer9kzI3sp-pb0CG1j2bhflZGFUZOoIf1YOBAm37kEUOKR41ieUZm7ZJ/ugc-photo-ap-southeast-1-581603780057-acd24e232f75f09e/ACCOMMODATION/4765760_ACCOMMODATION_1657554813732_4c2fd1ae581b119b?_src=imagekit&tr=c-at_max,h-100,q-40,w-100",,,,,,,,,,,,,,,,,,,
https://www.traveloka.com/id-id/user/review/consumption/HOTEL/GENERAL/295675,8,5,"Kecewa, air kamar mandi kotor. kekuning kuningan. AC bocor parah. Sudah di hubungi cleaning tapi tidak datang dan diinfo lewat perhatian dibersihkan tidak datang sampai malam. Walhasil kamar banjir.",Diulas 205 minggu lalu,"https://ik.imagekit.io/tvlk/ugc-review/guys1L+Yyer9kzI3sp-pb0CG1j2bhflZGFUZOoIf1YOBAm37kEUOKR41ieUZm7ZJ/ugc-photo-ap-southeast-1-581603780057-acd24e232f75f09e/ACCOMMODATION/179185787_ACCOMMODATION_1654263420230_7a89ef6907d2edb4?_src=imagekit&tr=c-at_max,h-100,q-40,w-100","https://ik.imagekit.io/tvlk/ugc-review/guys1L+Yyer9kzI3sp-pb0CG1j2bhflZGFUZOoIf1YOBAm37kEUOKR41ieUZm7ZJ/ugc-photo-ap-southeast-1-581603780057-acd24e232f75f09e/ACCOMMODATION/179185787_ACCOMMODATION_1654263420232_cebaea276db037e8?_src=imagekit&tr=c-at_max,h-100,q-40,w-100",,,,,,,,,,,,,,,,,,
https://www.traveloka.com/id-id/user/review/consumption/HOTEL/GENERAL/295675,8,6,"Request high floor, pemandangan sangat indah. Namun karena diberi kamar persis sebelah lift. Bunyi seperti ada pekerjaan berat sepanjang hari-sepanjang malam. Sangat mengganggu. Kasur ada beberapa bercak dan amenities sikat gigi dan sleeper diberi hanya 1 tapi bisa request kok. Yang baik oke. Terima kasih.",Diulas 205 minggu lalu,"https://ik.imagekit.io/tvlk/ugc-review/guys1L+Yyer9kzI3sp-pb0CG1j2bhflZGFUZOoIf1YOBAm37kEUOKR41ieUZm7ZJ/ugc-photo-ap-southeast-1-581603780057-acd24e232f75f09e/ACCOMMODATION/4404146_ACCOMMODATION_1654076313020_a5b2a03673fd2a6a?_src=imagekit&tr=c-at_max,h-100,q-40,w-100","https://ik.imagekit.io/tvlk/ugc-review/guys1L+Yyer9kzI3sp-pb0CG1j2bhflZGFUZOoIf1YOBAm37kEUOKR41ieUZm7ZJ/ugc-photo-ap-southeast-1-581603780057-acd24e232f75f09e/ACCOMMODATION/4404146_ACCOMMODATION_1654076313022_f551aca32e90dbbb?_src=imagekit&tr=c-at_max,h-100,q-40,w-100","https://ik.imagekit.io/tvlk/ugc-review/guys1L+Yyer9kzI3sp-pb0CG1j2bhflZGFUZOoIf1YOBAm37kEUOKR41ieUZm7ZJ/ugc-photo-ap-southeast-1-581603780057-acd24e232f75f09e/ACCOMMODATION/4404146_ACCOMMODATION_1654076313022_8cced72a287605bd?_src=imagekit&tr=c-at_max,h-100,q-40,w-100",,,,,,,,,,,,,,,,,
https://www.traveloka.com/id-id/user/review/consumption/HOTEL/GENERAL/295675,8,7,"Baru kali ini saya menginap hotel merasa jijik dengan kamarnya. Saya check in sekitar jam 17.00, awalnya saya merasa aman aman saja melihat kondisi kamar yang bersih. Eh ternyata dibalik kebersihan tersebut ternyata ada hal menjijikan yaitu bedcover dan sprei ada noda darah mens yang masih baru. Jijik sekaligus kaget, kita check in nya sore. Harapannya dapat kamar yang bersih ternyata dapat kamar menjijikan. Minta ganti kamar, tidak dikasih dan cuma dikasih solusi ganti bedcover dan sprei. Kapok sudah di sini.",Diulas 207 minggu lalu,"https://ik.imagekit.io/tvlk/ugc-review/guys1L+Yyer9kzI3sp-pb0CG1j2bhflZGFUZOoIf1YOBAm37kEUOKR41ieUZm7ZJ/ugc-photo-ap-southeast-1-581603780057-acd24e232f75f09e/ACCOMMODATION/184999240_ACCOMMODATION_1653158586360_3615129fa50c6586?_src=imagekit&tr=c-at_max,h-100,q-40,w-100","https://ik.imagekit.io/tvlk/ugc-review/guys1L+Yyer9kzI3sp-pb0CG1j2bhflZGFUZOoIf1YOBAm37kEUOKR41ieUZm7ZJ/ugc-photo-ap-southeast-1-581603780057-acd24e232f75f09e/ACCOMMODATION/184999240_ACCOMMODATION_1653158586361_b491fd5062df8279?_src=imagekit&tr=c-at_max,h-100,q-40,w-100","https://ik.imagekit.io/tvlk/ugc-review/guys1L+Yyer9kzI3sp-pb0CG1j2bhflZGFUZOoIf1YOBAm37kEUOKR41ieUZm7ZJ/ugc-photo-ap-southeast-1-581603780057-acd24e232f75f09e/ACCOMMODATION/184999240_ACCOMMODATION_1653158586361_250c4490da76d46a?_src=imagekit&tr=c-at_max,h-100,q-40,w-100",,,,,,,,,,,,,,,,,
https://www.traveloka.com/id-id/user/review/consumption/HOTEL/GENERAL/295675,8,8,Minta untuk honeymoon minta di decor tapi ga sama sekali. Minta yang arahnya ke kolam renang the luxury dan transstudio juga ga dikabulkan. Ga ada kesetnya. Untuk tempat strategis banget karena bisa cuma jalan langsung ke transstudio. Makanannya lumayan enak,Diulas 207 minggu lalu,"https://ik.imagekit.io/tvlk/ugc-review/guys1L+Yyer9kzI3sp-pb0CG1j2bhflZGFUZOoIf1YOBAm37kEUOKR41ieUZm7ZJ/ugc-photo-ap-southeast-1-581603780057-acd24e232f75f09e/ACCOMMODATION/10002238_ACCOMMODATION_1653006593088_4b432f0fd4d4fcf3?_src=imagekit&tr=c-at_max,h-100,q-40,w-100","https://ik.imagekit.io/tvlk/ugc-review/guys1L+Yyer9kzI3sp-pb0CG1j2bhflZGFUZOoIf1YOBAm37kEUOKR41ieUZm7ZJ/ugc-photo-ap-southeast-1-581603780057-acd24e232f75f09e/ACCOMMODATION/10002238_ACCOMMODATION_1653006633157_7d8250b07a32ede0?_src=imagekit&tr=c-at_max,h-100,q-40,w-100",,,,,,,,,,,,,,,,,,
https://www.traveloka.com/id-id/user/review/consumption/HOTEL/GENERAL/295675,8,9,"Proses check in sangat lama. Dengan beban tamu yang menginap di sini liftnya hanya 2 (untuk lantai 15-22) dan butuh waktu lama untuk pergi ke lobi untuk sarapan. Bahkan kamar kakak saya saat check-in lebih parah lagi, saat mereka masuk selimut dan bantal tidak rapi dan tidak rapi. Lantai masih kurang bersih karena melihat sedikit sampah di bawah meja, Standee flyer segitiga di rak juga jatuh (tidak berdiri) seperti tidak ada yang membersihkan kamar itu. Kami tidak berharap banyak dari hotel bintang 3, tapi setidaknya kami berharap kamarnya bisa bersih dan rapi untuk tidur. Saya tidak yakin saya akan datang menginap di hotel itu lagi.",Diulas 207 minggu lalu,"https://ik.imagekit.io/tvlk/ugc-review/guys1L+Yyer9kzI3sp-pb0CG1j2bhflZGFUZOoIf1YOBAm37kEUOKR41ieUZm7ZJ/ugc-photo-ap-southeast-1-581603780057-acd24e232f75f09e/ACCOMMODATION/9588028_ACCOMMODATION_1652862719132_c8f4ac430c4e9ed1?_src=imagekit&tr=c-at_max,h-100,q-40,w-100",,,,,,,,,,,,,,,,,,,
https://www.traveloka.com/id-id/user/review/consumption/HOTEL/GENERAL/295675,8,10,"Kamar tidak luas-luas banget, tapi tidak kecil juga, cukup nyaman. Kebersihan oke. View keren dari lantai 21. Lokasi mantap nyatu sama mall.",Diulas 208 minggu lalu,"https://ik.imagekit.io/tvlk/ugc-review/guys1L+Yyer9kzI3sp-pb0CG1j2bhflZGFUZOoIf1YOBAm37kEUOKR41ieUZm7ZJ/ugc-photo-ap-southeast-1-581603780057-acd24e232f75f09e/ACCOMMODATION/66229004_ACCOMMODATION_1652531152185_e1fa3f5d7632dc40?_src=imagekit&tr=c-at_max,h-100,q-40,w-100",,,,,,,,,,,,,,,,,,,
https://www.traveloka.com/id-id/user/review/consumption/HOTEL/GENERAL/295675,8,11,Untuk kamar dan pelayanan security dan lain-lain top banget tapi ada catatan untuk receptionisnya hari pertama ada yang jutek banget pas hari ke 2 masih sama jutek banget itu perlu diperbaiki.,Diulas 208 minggu lalu,"https://ik.imagekit.io/tvlk/ugc-review/guys1L+Yyer9kzI3sp-pb0CG1j2bhflZGFUZOoIf1YOBAm37kEUOKR41ieUZm7ZJ/ugc-photo-ap-southeast-1-581603780057-acd24e232f75f09e/ACCOMMODATION/38366557_ACCOMMODATION_1652429370242_ee007e954a224061?_src=imagekit&tr=c-at_max,h-100,q-40,w-100",,,,,,,,,,,,,,,,,,,
https://www.traveloka.com/id-id/user/review/consumption/HOTEL/GENERAL/295675,8,12,"Sebenarnya saya ingin berikan review yang positif, karena ini bukan pertama kalinya menginap di sini, baik dari kantor ataupun pribadi, makanya kembali memilih di tempat ini. Tapi kali ini saya cukup kecewa setelah bersabar dari malam 1 sampai malam 2 menginap. Malam 1 masuk toilet di kamar, atasnya sudah ketauan bocor lalu saya telp ke resepsionis, saya kira bakal diganti kamarnya, padahal kamar pun belum saya sentuh-sentuh suapay kalo pindah pun ga banyak alasan karena sudah inilah itulah. Datanglah teknisi cuma liat dan bilang nanti harus dicek dulu ke atas bu. Oh oke saya pikir. Saya tunggu itu teknisi sampai jam 9 malam ga ada cerita apapun lagi, malah makin bercucuran dari atas. Tapi saya pikir yasudahlah. Kebesokannya, saya tinggal berenang dan ke mall, lantai kamar mandi sudah penuh air bocoran dari atas. Sampai alas kaki yang tadinya kering sampai ga bisa nyerap lagi karena air yang banyak tergenang. Kebocoran itu tepat di atas toiletnya, tapi saya pikir bakal masuk ke toilet nya. Tapi malah cipratan airnya kemana-mana. Kesabaran bener-bener diuji ketika malam kedua tepat pukul 00.05 saya telp resepsionis karena kami tidak bisa buang air kecil dan lain-lain karena pasti ketumpahan air bocorannya. Bolak balik anak saya bajunya basah ketika toilet. Apa iya kami merasa nyaman di toilet ketumpahan air dari atas? Resepsionis cuma sampaikan nanti dipanggilkan teknisi lagi atau pindah kamar. Kami pun paham dan ga tega teknisi harus benerin di jam 12an malam. Tapi ini kan sudah malam kedua, ya kenapa ga opsinya diberikan kamar yang lebih baik saja dari awal? Walaupun kami juga pasti akan repot harus rapih-rapihin barang lagi. Tapi setidaknya kenyamanan itu penting, terutama profesionalitas. Tapi saya tetap berterima kasih dan menghargai teknisi yang masih berusaha di jam 00.30, walau saya juga ga tidur-tidur karena menunggu info lanjutan nya. Niatnya mau istirahat malah kondisi yang ada berbeda. Kalo memang bocor dari awal, kenapa kamarnya diberikan? Atau kalo memang masih bermasalah, seharusnya kamar tersebut di benerin dulu. Kami kan bayar bukan di endorse. Kepercayaan pelanggan itu penting. Tp kalo sudah seperti itu? Ya semoga ke depannya lebih baik lagi.",Diulas 209 minggu lalu,"https://ik.imagekit.io/tvlk/ugc-review/guys1L+Yyer9kzI3sp-pb0CG1j2bhflZGFUZOoIf1YOBAm37kEUOKR41ieUZm7ZJ/ugc-photo-ap-southeast-1-581603780057-acd24e232f75f09e/ACCOMMODATION/94827964_ACCOMMODATION_1651597912754_fe3e9ebe0d15be9c?_src=imagekit&tr=c-at_max,h-100,q-40,w-100",,,,,,,,,,,,,,,,,,,
https://www.traveloka.com/id-id/user/review/consumption/HOTEL/GENERAL/295675,8,13,"Tempanya bersih, dan menyatu dengan mall. Sarapannya juga mantap.",Diulas 210 minggu lalu,"https://ik.imagekit.io/tvlk/ugc-review/guys1L+Yyer9kzI3sp-pb0CG1j2bhflZGFUZOoIf1YOBAm37kEUOKR41ieUZm7ZJ/ugc-photo-ap-southeast-1-581603780057-acd24e232f75f09e/ACCOMMODATION/18696049_ACCOMMODATION_1651224607124_29190060a2b35a54?_src=imagekit&tr=c-at_max,h-100,q-40,w-100",,,,,,,,,,,,,,,,,,,
https://www.traveloka.com/id-id/user/review/consumption/HOTEL/GENERAL/295675,8,14,"Ketika baru pertama kali masuk kamar, kamar berantakan dan terlihat tidak dirapikan. Kamar seperti sudah ditempati, padahal saya check in jam 9.30 malam. Sangat mengecewakan.",Diulas 212 minggu lalu,"https://ik.imagekit.io/tvlk/ugc-review/guys1L+Yyer9kzI3sp-pb0CG1j2bhflZGFUZOoIf1YOBAm37kEUOKR41ieUZm7ZJ/ugc-photo-ap-southeast-1-581603780057-acd24e232f75f09e/ACCOMMODATION/20011793_ACCOMMODATION_1650013591034_43cad1186cc3289c?_src=imagekit&tr=c-at_max,h-100,q-40,w-100","https://ik.imagekit.io/tvlk/ugc-review/guys1L+Yyer9kzI3sp-pb0CG1j2bhflZGFUZOoIf1YOBAm37kEUOKR41ieUZm7ZJ/ugc-photo-ap-southeast-1-581603780057-acd24e232f75f09e/ACCOMMODATION/20011793_ACCOMMODATION_1650013591034_2d5c3d52d1ebb964?_src=imagekit&tr=c-at_max,h-100,q-40,w-100","https://ik.imagekit.io/tvlk/ugc-review/guys1L+Yyer9kzI3sp-pb0CG1j2bhflZGFUZOoIf1YOBAm37kEUOKR41ieUZm7ZJ/ugc-photo-ap-southeast-1-581603780057-acd24e232f75f09e/ACCOMMODATION/20011793_ACCOMMODATION_1650013591035_456d710448217c39?_src=imagekit&tr=c-at_max,h-100,q-40,w-100",,,,,,,,,,,,,,,,,
https://www.traveloka.com/id-id/user/review/consumption/HOTEL/GENERAL/295675,8,15,"Nice stay hotel bersih, nyaman buat keluarga saya .",Diulas 214 minggu lalu,"https://ik.imagekit.io/tvlk/ugc-review/guys1L+Yyer9kzI3sp-pb0CG1j2bhflZGFUZOoIf1YOBAm37kEUOKR41ieUZm7ZJ/ugc-photo-ap-southeast-1-581603780057-acd24e232f75f09e/ACCOMMODATION/56673403_ACCOMMODATION_1648819814443_e958f385c3350a62?_src=imagekit&tr=c-at_max,h-100,q-40,w-100","https://ik.imagekit.io/tvlk/ugc-review/guys1L+Yyer9kzI3sp-pb0CG1j2bhflZGFUZOoIf1YOBAm37kEUOKR41ieUZm7ZJ/ugc-photo-ap-southeast-1-581603780057-acd24e232f75f09e/ACCOMMODATION/56673403_ACCOMMODATION_1648819814443_fb90f91ee595a4c1?_src=imagekit&tr=c-at_max,h-100,q-40,w-100",,,,,,,,,,,,,,,,,,
https://www.traveloka.com/id-id/user/review/consumption/HOTEL/GENERAL/295675,8,16,Pokoknya rekomendasi deh pelayanan oke.,Diulas 216 minggu lalu,"https://ik.imagekit.io/tvlk/ugc-review/guys1L+Yyer9kzI3sp-pb0CG1j2bhflZGFUZOoIf1YOBAm37kEUOKR41ieUZm7ZJ/ugc-photo-ap-southeast-1-581603780057-acd24e232f75f09e/ACCOMMODATION/219703519_ACCOMMODATION_1647697347597_f57f76a7df4b7b41?_src=imagekit&tr=c-at_max,h-100,q-40,w-100",,,,,,,,,,,,,,,,,,,
https://www.traveloka.com/id-id/user/review/consumption/HOTEL/GENERAL/295675,8,17,"Tempat sangat strategis di TSM, dekat dengan pusat belanja dan hiburan, sarapan variatif dan cukup enak. Hanya saja kamar cukup sempit, bagi yang punya badan oversize kurang recommended untuk di sini karena toilet sangat minimalis. View pagi dan malam hari sangat bagus dengan view kota Bandung.",Diulas 216 minggu lalu,"https://ik.imagekit.io/tvlk/ugc-review/guys1L+Yyer9kzI3sp-pb0CG1j2bhflZGFUZOoIf1YOBAm37kEUOKR41ieUZm7ZJ/ugc-photo-ap-southeast-1-581603780057-acd24e232f75f09e/ACCOMMODATION/5980217_ACCOMMODATION_1647427621661_d322586e84d0fc52?_src=imagekit&tr=c-at_max,h-100,q-40,w-100","https://ik.imagekit.io/tvlk/ugc-review/guys1L+Yyer9kzI3sp-pb0CG1j2bhflZGFUZOoIf1YOBAm37kEUOKR41ieUZm7ZJ/ugc-photo-ap-southeast-1-581603780057-acd24e232f75f09e/ACCOMMODATION/5980217_ACCOMMODATION_1647427621661_4d86f3c56f4a47d9?_src=imagekit&tr=c-at_max,h-100,q-40,w-100","https://ik.imagekit.io/tvlk/ugc-review/guys1L+Yyer9kzI3sp-pb0CG1j2bhflZGFUZOoIf1YOBAm37kEUOKR41ieUZm7ZJ/ugc-photo-ap-southeast-1-581603780057-acd24e232f75f09e/ACCOMMODATION/5980217_ACCOMMODATION_1647427621661_f72f7eb845e22bc8?_src=imagekit&tr=c-at_max,h-100,q-40,w-100","https://ik.imagekit.io/tvlk/ugc-review/guys1L+Yyer9kzI3sp-pb0CG1j2bhflZGFUZOoIf1YOBAm37kEUOKR41ieUZm7ZJ/ugc-photo-ap-southeast-1-581603780057-acd24e232f75f09e/ACCOMMODATION/5980217_ACCOMMODATION_1647427621661_dd2fed54d04da25e?_src=imagekit&tr=c-at_max,h-100,q-40,w-100","https://ik.imagekit.io/tvlk/ugc-review/guys1L+Yyer9kzI3sp-pb0CG1j2bhflZGFUZOoIf1YOBAm37kEUOKR41ieUZm7ZJ/ugc-photo-ap-southeast-1-581603780057-acd24e232f75f09e/ACCOMMODATION/5980217_ACCOMMODATION_1647427621661_a1a8459481cff509?_src=imagekit&tr=c-at_max,h-100,q-40,w-100",,,,,,,,,,,,,,,
https://www.traveloka.com/id-id/user/review/consumption/HOTEL/GENERAL/295675,8,18,"Kamar bersih, AC dingin, air panas oke, pelayanan ramah, ke mall TSM ada akses masuk langsung. Kami datang jam 1 siang & sudah diperbolehkan masuk kamar, ga harus nunggu sampai jam 2, asik banget. Ga ribet & lama check in nya. Check out juga diperbolehkan max sampai jam 1 siang, mantap dah. Sarapan enak & banyak variasinya. Yang kurang hanya kalo mau berenang harus bayar lagi 75 rb/ orang, karena kolam renangnya milik hotel Trans. Overall sangat puas staycation di sini. Thx ibis, thx traveloka.",Diulas 217 minggu lalu,"https://ik.imagekit.io/tvlk/ugc-review/guys1L+Yyer9kzI3sp-pb0CG1j2bhflZGFUZOoIf1YOBAm37kEUOKR41ieUZm7ZJ/ugc-photo-ap-southeast-1-581603780057-acd24e232f75f09e/ACCOMMODATION/15112529_ACCOMMODATION_1646789495870_eb175ca91c3d1041?_src=imagekit&tr=c-at_max,h-100,q-40,w-100",,,,,,,,,,,,,,,,,,,
https://www.traveloka.com/id-id/user/review/consumption/HOTEL/GENERAL/295675,8,19,"Great hotel, comfortable, and strategic place",Diulas 218 minggu lalu,"https://ik.imagekit.io/tvlk/ugc-review/guys1L+Yyer9kzI3sp-pb0CG1j2bhflZGFUZOoIf1YOBAm37kEUOKR41ieUZm7ZJ/ugc-photo-ap-southeast-1-581603780057-acd24e232f75f09e/ACCOMMODATION/22949594_ACCOMMODATION_1646277943349_a370aeb773ed3d93?_src=imagekit&tr=c-at_max,h-100,q-40,w-100",,,,,,,,,,,,,,,,,,,
https://www.traveloka.com/id-id/user/review/consumption/HOTEL/GENERAL/295675,8,20,"Proses check in lama banget seperti antri sembako, prokes jadi terbengkalai jadi kurang jarak antriannya, petugas receptionist kurang responsif dan kurang ramah terhadap tamu, sehingga banyak kamar belum siap, akan di telpon jam 14.00 sampai jam 15.40 belum di telpon, proses sarapan pagi juga membludak, kurang pas dalam menerima tamu dan apalagi banyak anak kecil. Khawatir banyak penularan covid-19.",Diulas 218 minggu lalu,"https://ik.imagekit.io/tvlk/ugc-review/guys1L+Yyer9kzI3sp-pb0CG1j2bhflZGFUZOoIf1YOBAm37kEUOKR41ieUZm7ZJ/ugc-photo-ap-southeast-1-581603780057-acd24e232f75f09e/ACCOMMODATION/5547373_ACCOMMODATION_1646148863441_edf95549f2d5531e?_src=imagekit&tr=c-at_max,h-100,q-40,w-100","https://ik.imagekit.io/tvlk/ugc-review/guys1L+Yyer9kzI3sp-pb0CG1j2bhflZGFUZOoIf1YOBAm37kEUOKR41ieUZm7ZJ/ugc-photo-ap-southeast-1-581603780057-acd24e232f75f09e/ACCOMMODATION/5547373_ACCOMMODATION_1646148863442_6c5c36aad7a90bd3?_src=imagekit&tr=c-at_max,h-100,q-40,w-100","https://ik.imagekit.io/tvlk/ugc-review/guys1L+Yyer9kzI3sp-pb0CG1j2bhflZGFUZOoIf1YOBAm37kEUOKR41ieUZm7ZJ/ugc-photo-ap-southeast-1-581603780057-acd24e232f75f09e/ACCOMMODATION/5547373_ACCOMMODATION_1646148863442_6519bf51066bc49c?_src=imagekit&tr=c-at_max,h-100,q-40,w-100",,,,,,,,,,,,,,,,,
https://www.traveloka.com/id-id/user/review/consumption/HOTEL/GENERAL/295675,9,1,Kamar & toilet terlalu kecil tapi kebersihan dan keramahannya bagus.,Diulas 220 minggu lalu,"https://ik.imagekit.io/tvlk/ugc-review/guys1L+Yyer9kzI3sp-pb0CG1j2bhflZGFUZOoIf1YOBAm37kEUOKR41ieUZm7ZJ/ugc-photo-ap-southeast-1-581603780057-acd24e232f75f09e/ACCOMMODATION/8834849_ACCOMMODATION_1645325615775_2eeafa022e656a17?_src=imagekit&tr=c-at_max,h-100,q-40,w-100",,,,,,,,,,,,,,,,,,,
https://www.traveloka.com/id-id/user/review/consumption/HOTEL/GENERAL/295675,9,2,"Breakfasnya oke cuma kurang varian outlet nya banyak yang kosong jadi kurang pilihan, tv channel nya banyak yang burem tapi gapapa, kamarnya oke, pelayanan juga oke, tim eng nya sigap langsung cross check tv ke kamar ga nunggu lama.",Diulas 220 minggu lalu,"https://ik.imagekit.io/tvlk/ugc-review/guys1L+Yyer9kzI3sp-pb0CG1j2bhflZGFUZOoIf1YOBAm37kEUOKR41ieUZm7ZJ/ugc-photo-ap-southeast-1-581603780057-acd24e232f75f09e/ACCOMMODATION/119826945_ACCOMMODATION_1644994464601_aee553a365f8a72a?_src=imagekit&tr=c-at_max,h-100,q-40,w-100",,,,,,,,,,,,,,,,,,,
https://www.traveloka.com/id-id/user/review/consumption/HOTEL/GENERAL/295675,9,3,"Sarapannya lumayan enak, tapi servicenya kurang baik. Minta cabe potong saja ngga ada, masa iya sih dapur resto tidak ada stok cabe dan berhubung anak saya belum bangun, saya  minta sarapan di antar ke room. Jam 9.30 menu masih banyak tu yaa. Cuma minta nasi goreng pakek lauk 1 ngga banyak macam dan saya minta antar langsung. Tapi di antar jam 10.30 itu yang di kasih makanan sisa roti susu sama telur. Alasan nasinya habis, hello. Saya sarapan bayar kali bukan gratis.",Diulas 221 minggu lalu,"https://ik.imagekit.io/tvlk/ugc-review/guys1L+Yyer9kzI3sp-pb0CG1j2bhflZGFUZOoIf1YOBAm37kEUOKR41ieUZm7ZJ/ugc-photo-ap-southeast-1-581603780057-acd24e232f75f09e/ACCOMMODATION/208908212_ACCOMMODATION_1644377525433_0c04c1fb820e4887?_src=imagekit&tr=c-at_max,h-100,q-40,w-100",,,,,,,,,,,,,,,,,,,
https://www.traveloka.com/id-id/user/review/consumption/HOTEL/GENERAL/295675,9,4,"Dapat di lantai 19, amazing, kamar cukup luas, walo kamar mandi sempit, tempat tidur twin nya terlalu kecil menurut kami, ada bantal+guling (jarang hotel yang nyediakan ini), tapi kalo ukuran kasur queen/besar lebih baik, saran pesan yang ranjang besar, pegawai ramah semua dan membantu, sempat adik saya dikira pegawai hotel disuruh angkat barang karena berpakaian hitam hitam, lucu banget, protokol kesehatan cukup bagus, sarapan beberapa stall tidak buka, mungkin efek pandemi jadi yang menginap tidak terlalu banyak, hari pertama nasi goreng dan omelet rasanya kurang pas  tapi pas sarapan hari kedua rasa nasi goreng dan omeletnya lezat, mungkin beda yang masak ya, lokasi dekat dengan mall trans, dari hotel mau ke mall via jalan pintas melalui restoran hotel. Dapat harga kamarnya, include breakfast, berkat diskon dari traveloka jadi lumayan banget.",Diulas 222 minggu lalu,"https://ik.imagekit.io/tvlk/ugc-review/guys1L+Yyer9kzI3sp-pb0CG1j2bhflZGFUZOoIf1YOBAm37kEUOKR41ieUZm7ZJ/ugc-photo-ap-southeast-1-581603780057-acd24e232f75f09e/ACCOMMODATION/3573634_ACCOMMODATION_1644205098182_9f4f6e3867ac47ec?_src=imagekit&tr=c-at_max,h-100,q-40,w-100","https://ik.imagekit.io/tvlk/ugc-review/guys1L+Yyer9kzI3sp-pb0CG1j2bhflZGFUZOoIf1YOBAm37kEUOKR41ieUZm7ZJ/ugc-photo-ap-southeast-1-581603780057-acd24e232f75f09e/ACCOMMODATION/3573634_ACCOMMODATION_1644205098182_8e0c04b3d86f318b?_src=imagekit&tr=c-at_max,h-100,q-40,w-100","https://ik.imagekit.io/tvlk/ugc-review/guys1L+Yyer9kzI3sp-pb0CG1j2bhflZGFUZOoIf1YOBAm37kEUOKR41ieUZm7ZJ/ugc-photo-ap-southeast-1-581603780057-acd24e232f75f09e/ACCOMMODATION/3573634_ACCOMMODATION_1644205098182_5dafd29a12364f98?_src=imagekit&tr=c-at_max,h-100,q-40,w-100",,,,,,,,,,,,,,,,,
https://www.traveloka.com/id-id/user/review/consumption/HOTEL/GENERAL/295675,9,5,"Hotel murah yang sangat bagus dengan staf yang ramah. Jika Anda pergi ke bandung untuk jalan-jalan dan tidak mencari kamar mewah untuk menginap, ini adalah pilihan yang baik. Menu sarapan juga sangat lezat dan bernilai uang. 4 yo saya ditawari permen kapas yang bagus dan dia sangat senang. Terima kasih Ibis telah membuat masa menginap kami menyenangkan.",Diulas 223 minggu lalu,"https://ik.imagekit.io/tvlk/ugc-review/guys1L+Yyer9kzI3sp-pb0CG1j2bhflZGFUZOoIf1YOBAm37kEUOKR41ieUZm7ZJ/ugc-photo-ap-southeast-1-581603780057-acd24e232f75f09e/ACCOMMODATION/198916622_ACCOMMODATION_1643588444066_56620ff9e1e30552?_src=imagekit&tr=c-at_max,h-100,q-40,w-100","https://ik.imagekit.io/tvlk/ugc-review/guys1L+Yyer9kzI3sp-pb0CG1j2bhflZGFUZOoIf1YOBAm37kEUOKR41ieUZm7ZJ/ugc-photo-ap-southeast-1-581603780057-acd24e232f75f09e/ACCOMMODATION/198916622_ACCOMMODATION_1643588444067_b12771aa7da7fee1?_src=imagekit&tr=c-at_max,h-100,q-40,w-100",,,,,,,,,,,,,,,,,,
https://www.traveloka.com/id-id/user/review/consumption/HOTEL/GENERAL/295675,9,6,"Kamar standart saja, wastafel bocor dipipa pembuangannya, setelan AC sentralnya tidak bisa diatur. Menginap di lantai 21 dan lift nya error (gangguan) bisa bayangin khan nunggunya lama banget di pagi hari mau turun, karena hanya 1 yang berfungsi.",Diulas 224 minggu lalu,"https://ik.imagekit.io/tvlk/ugc-review/guys1L+Yyer9kzI3sp-pb0CG1j2bhflZGFUZOoIf1YOBAm37kEUOKR41ieUZm7ZJ/ugc-photo-ap-southeast-1-581603780057-acd24e232f75f09e/ACCOMMODATION/6723087_ACCOMMODATION_1642979612802_01c2aa8ae0f324a7?_src=imagekit&tr=c-at_max,h-100,q-40,w-100",,,,,,,,,,,,,,,,,,,
https://www.traveloka.com/id-id/user/review/consumption/HOTEL/GENERAL/295675,9,7,"Kamar sesuai gambar, bersih, lumayan buat staycation.",Diulas 226 minggu lalu,"https://ik.imagekit.io/tvlk/ugc-review/guys1L+Yyer9kzI3sp-pb0CG1j2bhflZGFUZOoIf1YOBAm37kEUOKR41ieUZm7ZJ/ugc-photo-ap-southeast-1-581603780057-acd24e232f75f09e/ACCOMMODATION/8879387_ACCOMMODATION_1641828581259_9c290f00a83c0a0f?_src=imagekit&tr=c-at_max,h-100,q-40,w-100",,,,,,,,,,,,,,,,,,,
https://www.traveloka.com/id-id/user/review/consumption/HOTEL/GENERAL/295675,9,8,"Waktu saya check in, ramai sekali tamu sehingga antri agak lama. Setelah dapat kamar, ternyata kamar belum dibersihkan oleh cs sehingga terasa agak percuma cepat-cepat check in, padahal saya rencana untuk meninggalkan barang-barang bawaan sebelum ada agenda lainnya. Kami baru dapat kamar pengganti sore sekitar pukul 4 / 5 di mana kami diminta untuk menukar kartu akses kamar pada saat kembali ke hotel. Pada beberapa kesempatan selama kami menginap, kami mendapati bahwa pada saat kamar dibersihkan, kami tidak diberikan handuk baru sehingga kami harus meminta lagi ke Front Office melalui telpon yang agak lama dijawab nya. Parkiran juga tergabung dengan Trans Hotel, sehingga selama kami menginap agak susah mendapatkan parkir. Terutama jika ada acara di salah satu atau kedua hotel seperti pada sast saya menginap. Stop kontak juga terbatas di kamar sehingga agak susah.",Diulas 229 minggu lalu,"https://ik.imagekit.io/tvlk/ugc-review/guys1L+Yyer9kzI3sp-pb0CG1j2bhflZGFUZOoIf1YOBAm37kEUOKR41ieUZm7ZJ/ugc-photo-ap-southeast-1-581603780057-acd24e232f75f09e/ACCOMMODATION/7182588_ACCOMMODATION_1640066613433_4582c756f34d6b53?_src=imagekit&tr=c-at_max,h-100,q-40,w-100",,,,,,,,,,,,,,,,,,,
https://www.traveloka.com/id-id/user/review/consumption/HOTEL/GENERAL/295675,9,9,"Menyenangkan sih kamarnya bersih, makanan sarapannya bervariasi dan enak, sebelahan sama Trans Studio Mall, sayang safety boxnya mati, lampu kamar mandi mati 1, dan minta keset aja harus nunggu 2 jam setengah. Ya mungkin karena hotelnya ramai kali kalo weekend.",Diulas 230 minggu lalu,"https://ik.imagekit.io/tvlk/ugc-review/guys1L+Yyer9kzI3sp-pb0CG1j2bhflZGFUZOoIf1YOBAm37kEUOKR41ieUZm7ZJ/ugc-photo-ap-southeast-1-581603780057-acd24e232f75f09e/ACCOMMODATION/24051007_ACCOMMODATION_1639341908227_c0a9b1e9593f9423?_src=imagekit&tr=c-at_max,h-100,q-40,w-100","https://ik.imagekit.io/tvlk/ugc-review/guys1L+Yyer9kzI3sp-pb0CG1j2bhflZGFUZOoIf1YOBAm37kEUOKR41ieUZm7ZJ/ugc-photo-ap-southeast-1-581603780057-acd24e232f75f09e/ACCOMMODATION/24051007_ACCOMMODATION_1639341908227_2f289a942a357a71?_src=imagekit&tr=c-at_max,h-100,q-40,w-100","https://ik.imagekit.io/tvlk/ugc-review/guys1L+Yyer9kzI3sp-pb0CG1j2bhflZGFUZOoIf1YOBAm37kEUOKR41ieUZm7ZJ/ugc-photo-ap-southeast-1-581603780057-acd24e232f75f09e/ACCOMMODATION/24051007_ACCOMMODATION_1639341908228_535236d265431323?_src=imagekit&tr=c-at_max,h-100,q-40,w-100","https://ik.imagekit.io/tvlk/ugc-review/guys1L+Yyer9kzI3sp-pb0CG1j2bhflZGFUZOoIf1YOBAm37kEUOKR41ieUZm7ZJ/ugc-photo-ap-southeast-1-581603780057-acd24e232f75f09e/ACCOMMODATION/24051007_ACCOMMODATION_1639341908228_2e167d4315f0af62?_src=imagekit&tr=c-at_max,h-100,q-40,w-100",,,,,,,,,,,,,,,,
https://www.traveloka.com/id-id/user/review/consumption/HOTEL/GENERAL/295675,9,10,"Kesan pertama masuk lobby cukup crowded karena diwaktu weekend, security nya cukup sigap dan ramah, pelayanan resepsionis juga responsif dan cekatan, hanya saja tidak semua tamu mau antri, karena antrian saya waktu mau check in tiba tiba diselak, karena kalo tamu tertib dan mau antri pasti pelayanan akan lebih cepat serta terkendali, untuk kamar overall ok, kamar mandi agak sempit, amenities lengkap, saluran TV sempat ada gangguan dan responnya cepat untuk ditindaklanjuti oleh teknisi nya, menu sarapan variatif dan dibagi beberapa sesi, saya dan keluarga ambil sesi paling pagi karena lebih fresh dan tidak antri saat mau ke restoran, insyaAllah Ibis Trans Studio Bandung masuk ke dalam salah satu list saya jika akan bermalam di bandung, terima kasih Ibis Trans Studio 👍.",Diulas 231 minggu lalu,"https://ik.imagekit.io/tvlk/ugc-review/guys1L+Yyer9kzI3sp-pb0CG1j2bhflZGFUZOoIf1YOBAm37kEUOKR41ieUZm7ZJ/ugc-photo-ap-southeast-1-581603780057-acd24e232f75f09e/ACCOMMODATION/13066601_ACCOMMODATION_1638756538983_600bfba781a6628b?_src=imagekit&tr=c-at_max,h-100,q-40,w-100","https://ik.imagekit.io/tvlk/ugc-review/guys1L+Yyer9kzI3sp-pb0CG1j2bhflZGFUZOoIf1YOBAm37kEUOKR41ieUZm7ZJ/ugc-photo-ap-southeast-1-581603780057-acd24e232f75f09e/ACCOMMODATION/13066601_ACCOMMODATION_1638756538989_6f293f72d96ea7e2?_src=imagekit&tr=c-at_max,h-100,q-40,w-100",,,,,,,,,,,,,,,,,,
https://www.traveloka.com/id-id/user/review/consumption/HOTEL/GENERAL/295675,9,11,Amazing hotel nyaman sekali dan sangat mengesankan.,Diulas 233 minggu lalu,"https://ik.imagekit.io/tvlk/ugc-review/guys1L+Yyer9kzI3sp-pb0CG1j2bhflZGFUZOoIf1YOBAm37kEUOKR41ieUZm7ZJ/ugc-photo-ap-southeast-1-581603780057-acd24e232f75f09e/ACCOMMODATION/12707058_ACCOMMODATION_1637245606322_7905b3e517df3d1d?_src=imagekit&tr=c-at_max,h-100,q-40,w-100",,,,,,,,,,,,,,,,,,,
https://www.traveloka.com/id-id/user/review/consumption/HOTEL/GENERAL/295675,9,12,"Selama menginap di sini tidak pernah ada masalah berarti sedikitpun, hanya saja untuk kali ini ada yang membuat saya kurang nyaman. Yaitu bocornya AC, kejadian ini terjadi 2x selama saya menginap 2 malam. Tapi apresiasi untuk gerak cepatnya pada petugas teknik yang sigap membetulkan. Mungkin ke depannya jika kamar bermasalah bisa diperbaiki dahulu sebelum diberikan ke tamu. Terima kasih.",Diulas 234 minggu lalu,"https://ik.imagekit.io/tvlk/ugc-review/guys1L+Yyer9kzI3sp-pb0CG1j2bhflZGFUZOoIf1YOBAm37kEUOKR41ieUZm7ZJ/ugc-photo-ap-southeast-1-581603780057-acd24e232f75f09e/ACCOMMODATION/9880251_ACCOMMODATION_1636504189913_7422882dcaa17a82?_src=imagekit&tr=c-at_max,h-100,q-40,w-100",,,,,,,,,,,,,,,,,,,
https://www.traveloka.com/id-id/user/review/consumption/HOTEL/GENERAL/295675,9,13,Hotel jauh dari apa yang d harapkan d photo-photo promo.,Diulas 235 minggu lalu,"https://ik.imagekit.io/tvlk/ugc-review/guys1L+Yyer9kzI3sp-pb0CG1j2bhflZGFUZOoIf1YOBAm37kEUOKR41ieUZm7ZJ/ugc-photo-ap-southeast-1-581603780057-acd24e232f75f09e/ACCOMMODATION/19160942_ACCOMMODATION_1636245643922_51977eaaab12ac62?_src=imagekit&tr=c-at_max,h-100,q-40,w-100",,,,,,,,,,,,,,,,,,,
https://www.traveloka.com/id-id/user/review/consumption/HOTEL/GENERAL/295675,9,14,"Hotel ini sudah menjadi andalan untuk menginap setiap berkunjung ke Bandung. Lokasi yang strategis di pusat kota membuat akses ke mana-mana menjadi lebih mudah. Satpam hotel di sini lebih ramah. Ya mungkin itu SOP dari hotel tapi sangat membantu sekali. Karena ini bukan kali pertama saya menginap di hotel ini. Karena itu saya jadi rada aneh ketika ada penurunan pelayanan. Contohnya yang saya alami kemarin yaitu di hari pertama tidak disediakannya sandal dan tempat sampah. Setelah telfon baru dikasih. Hari kedua tidak disediakan keset kamar mandi dan juga tisu. Hari ketiga gelasnya kurang 1. Ya memang sepele apalagi ini baru saya temui sejak beberapa kali menginap di sini. Itu saja keluhan saya saat menginap terakhir. Tapi, apabila ke Bandung lagi, pasti akan menginap di sini lagi.",Diulas 235 minggu lalu,"https://ik.imagekit.io/tvlk/ugc-review/guys1L+Yyer9kzI3sp-pb0CG1j2bhflZGFUZOoIf1YOBAm37kEUOKR41ieUZm7ZJ/ugc-photo-ap-southeast-1-581603780057-acd24e232f75f09e/ACCOMMODATION/8600558_ACCOMMODATION_1636217527131_83e2f31f53dfa001?_src=imagekit&tr=c-at_max,h-100,q-40,w-100",,,,,,,,,,,,,,,,,,,
https://www.traveloka.com/id-id/user/review/consumption/HOTEL/GENERAL/295675,9,15,"Hotel bagus, tapi agak sedikit horor di kamar saya karena depan kamar saya kosong terbuka gelap karena renovasi. Terdengar suara yang renov ketok-ketok tapi ga tau dimana. Kamar mandi yang sepertinya harus di renovasi, agak kotor di wastafel. Toilet semprotan ga ada yang pakai tangan. Sarapan standard enak, 2 malam menu sama. Jadi agak bosen. Hehe. Pelayanan sangat baik dan cepat, saat pergi keluar ternyata ada yang merapikan tempat tidur dan mengganti handuk. Jadi merasa bersih lagi tempat tidur nya di malam kedua menginap. Terima kasih Ibis. Mohon ditingkatkan lagi segala hal nya. Sukses selalu.",Diulas 235 minggu lalu,"https://ik.imagekit.io/tvlk/ugc-review/guys1L+Yyer9kzI3sp-pb0CG1j2bhflZGFUZOoIf1YOBAm37kEUOKR41ieUZm7ZJ/ugc-photo-ap-southeast-1-581603780057-acd24e232f75f09e/ACCOMMODATION/7730781_ACCOMMODATION_1636209053844_5631bc1c1fea5d8b?_src=imagekit&tr=c-at_max,h-100,q-40,w-100",,,,,,,,,,,,,,,,,,,
https://www.traveloka.com/id-id/user/review/consumption/HOTEL/GENERAL/295675,9,16,"Protokol kesehatan sangat kurang, scan peduli lindungi hanya pajangan saja, naik turun lift susah, apalagi kalau ramai, kartu akses masih sistem di masukin (colok) bukan ditempel bikin ribet kalau naik turun lift jadinya lama klu mau naik turun, kamar kecil dan jorok, kotor dan bau kecoa, kamar mandi air panas terus ga mau berubah jadi susah mau mandi, sabun kosong ga di refil, shampo ga ada. Kasur jorok banyak noda di sprei dan bantal dan lagi guling ga ada sarungnya, pokok nya ga banget d nginep di sini, ga bakal balik lagi d, sarapan ga ada yang enak, dan sarapan ga ada yang jaga dari waiters nya jadi perlu apa-apa susah mau minta tolong, satu lagi terlalu ramai sekali ini sangat tidak prokes sekali diwaktu pandemi, kelebihannya cuma selangkah ke trans studio bandung, tapi kapok ga bakal lagi nginep di sini deh, ga bisa tidur jdinya malahan.",Diulas 235 minggu lalu,"https://ik.imagekit.io/tvlk/ugc-review/guys1L+Yyer9kzI3sp-pb0CG1j2bhflZGFUZOoIf1YOBAm37kEUOKR41ieUZm7ZJ/ugc-photo-ap-southeast-1-581603780057-acd24e232f75f09e/ACCOMMODATION/13687034_ACCOMMODATION_1636162937756_1599bca6ffb51a6d?_src=imagekit&tr=c-at_max,h-100,q-40,w-100","https://ik.imagekit.io/tvlk/ugc-review/guys1L+Yyer9kzI3sp-pb0CG1j2bhflZGFUZOoIf1YOBAm37kEUOKR41ieUZm7ZJ/ugc-photo-ap-southeast-1-581603780057-acd24e232f75f09e/ACCOMMODATION/13687034_ACCOMMODATION_1636162937757_a2103209337e3879?_src=imagekit&tr=c-at_max,h-100,q-40,w-100",,,,,,,,,,,,,,,,,,
https://www.traveloka.com/id-id/user/review/consumption/HOTEL/GENERAL/295675,9,17,"Super rame parah di resto nya hehe padahal hari biasa, kedua kali nginep di sini, kamar enak terang, cuma kaget banget tiba-tiba muncul anak kecoa di kamar mandi huhu. Udah gitu cleaning service nya bersihin kamar tidak terlalu bersih. Keperluan: business trip",Diulas 235 minggu lalu,"https://ik.imagekit.io/tvlk/ugc-review/guys1L+Yyer9kzI3sp-pb0CG1j2bhflZGFUZOoIf1YOBAm37kEUOKR41ieUZm7ZJ/ugc-photo-ap-southeast-1-581603780057-acd24e232f75f09e/ACCOMMODATION/15326769_ACCOMMODATION_1636101204602_eb4184741ac859a5?_src=imagekit&tr=c-at_max,h-100,q-40,w-100","https://ik.imagekit.io/tvlk/ugc-review/guys1L+Yyer9kzI3sp-pb0CG1j2bhflZGFUZOoIf1YOBAm37kEUOKR41ieUZm7ZJ/ugc-photo-ap-southeast-1-581603780057-acd24e232f75f09e/ACCOMMODATION/15326769_ACCOMMODATION_1636101204603_ea53a08bc8a3e57e?_src=imagekit&tr=c-at_max,h-100,q-40,w-100","https://ik.imagekit.io/tvlk/ugc-review/guys1L+Yyer9kzI3sp-pb0CG1j2bhflZGFUZOoIf1YOBAm37kEUOKR41ieUZm7ZJ/ugc-photo-ap-southeast-1-581603780057-acd24e232f75f09e/ACCOMMODATION/15326769_ACCOMMODATION_1636101204603_697e61fb91368467?_src=imagekit&tr=c-at_max,h-100,q-40,w-100",,,,,,,,,,,,,,,,,
https://www.traveloka.com/id-id/user/review/consumption/HOTEL/GENERAL/295675,9,18,Wajib menginap sini deh pokoknya asyiik tinggal jalan kaki.,Diulas 236 minggu lalu,"https://ik.imagekit.io/tvlk/ugc-review/guys1L+Yyer9kzI3sp-pb0CG1j2bhflZGFUZOoIf1YOBAm37kEUOKR41ieUZm7ZJ/ugc-photo-ap-southeast-1-581603780057-acd24e232f75f09e/ACCOMMODATION/9300408_ACCOMMODATION_1635434055618_666bffb013b46f6e?_src=imagekit&tr=c-at_max,h-100,q-40,w-100","https://ik.imagekit.io/tvlk/ugc-review/guys1L+Yyer9kzI3sp-pb0CG1j2bhflZGFUZOoIf1YOBAm37kEUOKR41ieUZm7ZJ/ugc-photo-ap-southeast-1-581603780057-acd24e232f75f09e/ACCOMMODATION/9300408_ACCOMMODATION_1635434055618_913d42e6614872ac?_src=imagekit&tr=c-at_max,h-100,q-40,w-100","https://ik.imagekit.io/tvlk/ugc-review/guys1L+Yyer9kzI3sp-pb0CG1j2bhflZGFUZOoIf1YOBAm37kEUOKR41ieUZm7ZJ/ugc-photo-ap-southeast-1-581603780057-acd24e232f75f09e/ACCOMMODATION/9300408_ACCOMMODATION_1635434055619_ae81411baf593715?_src=imagekit&tr=c-at_max,h-100,q-40,w-100","https://ik.imagekit.io/tvlk/ugc-review/guys1L+Yyer9kzI3sp-pb0CG1j2bhflZGFUZOoIf1YOBAm37kEUOKR41ieUZm7ZJ/ugc-photo-ap-southeast-1-581603780057-acd24e232f75f09e/ACCOMMODATION/9300408_ACCOMMODATION_1635434055619_c09e3609afad64a3?_src=imagekit&tr=c-at_max,h-100,q-40,w-100",,,,,,,,,,,,,,,,
https://www.traveloka.com/id-id/user/review/consumption/HOTEL/GENERAL/295675,9,19,Ini yang kedua kalinya menginap di sini. Stafnya ramah. Bisa check in cepat. Tapi fasilitas kamar agak kurang. Tidak dapat keset. Shower bocor. Kurang pencahayaan di depan kamarnya. Jadi agak takut kalau keluar sendiri. Selebihnya fasilitas oke. Breakfast juga enak. Letaknya strategis. Dekat dengan mall TSM.,Diulas 237 minggu lalu,"https://ik.imagekit.io/tvlk/ugc-review/guys1L+Yyer9kzI3sp-pb0CG1j2bhflZGFUZOoIf1YOBAm37kEUOKR41ieUZm7ZJ/ugc-photo-ap-southeast-1-581603780057-acd24e232f75f09e/ACCOMMODATION/132962208_ACCOMMODATION_1635073655198_97c986a310109d11?_src=imagekit&tr=c-at_max,h-100,q-40,w-100","https://ik.imagekit.io/tvlk/ugc-review/guys1L+Yyer9kzI3sp-pb0CG1j2bhflZGFUZOoIf1YOBAm37kEUOKR41ieUZm7ZJ/ugc-photo-ap-southeast-1-581603780057-acd24e232f75f09e/ACCOMMODATION/132962208_ACCOMMODATION_1635073655198_3cd55bc7c98fdd2e?_src=imagekit&tr=c-at_max,h-100,q-40,w-100",,,,,,,,,,,,,,,,,,
https://www.traveloka.com/id-id/user/review/consumption/HOTEL/GENERAL/295675,9,20,"Lokasi menyatu dengan mall, sulit parkir di hotel tapi bisa di mall hanya jalannya, relatif jauh, sarapan oke n variatif, pelayanan mantap",Diulas 237 minggu lalu,"https://ik.imagekit.io/tvlk/ugc-review/guys1L+Yyer9kzI3sp-pb0CG1j2bhflZGFUZOoIf1YOBAm37kEUOKR41ieUZm7ZJ/ugc-photo-ap-southeast-1-581603780057-acd24e232f75f09e/ACCOMMODATION/16110252_ACCOMMODATION_1634872534643_ba14267b85901ad5?_src=imagekit&tr=c-at_max,h-100,q-40,w-100","https://ik.imagekit.io/tvlk/ugc-review/guys1L+Yyer9kzI3sp-pb0CG1j2bhflZGFUZOoIf1YOBAm37kEUOKR41ieUZm7ZJ/ugc-photo-ap-southeast-1-581603780057-acd24e232f75f09e/ACCOMMODATION/16110252_ACCOMMODATION_1634872534644_76a318adbb6a74b4?_src=imagekit&tr=c-at_max,h-100,q-40,w-100","https://ik.imagekit.io/tvlk/ugc-review/guys1L+Yyer9kzI3sp-pb0CG1j2bhflZGFUZOoIf1YOBAm37kEUOKR41ieUZm7ZJ/ugc-photo-ap-southeast-1-581603780057-acd24e232f75f09e/ACCOMMODATION/16110252_ACCOMMODATION_1634872534644_813dd8b2375d9134?_src=imagekit&tr=c-at_max,h-100,q-40,w-100",,,,,,,,,,,,,,,,,
https://www.traveloka.com/id-id/user/review/consumption/HOTEL/GENERAL/295675,10,1,"Kamar temperarur yang terbaik. Saya suka dingin, menunya enak, stafnya baik",Diulas 238 minggu lalu,"https://ik.imagekit.io/tvlk/ugc-review/guys1L+Yyer9kzI3sp-pb0CG1j2bhflZGFUZOoIf1YOBAm37kEUOKR41ieUZm7ZJ/ugc-photo-ap-southeast-1-581603780057-acd24e232f75f09e/ACCOMMODATION/15923888_ACCOMMODATION_1634202904856_298eac892f1f7381?_src=imagekit&tr=c-at_max,h-100,q-40,w-100","https://ik.imagekit.io/tvlk/ugc-review/guys1L+Yyer9kzI3sp-pb0CG1j2bhflZGFUZOoIf1YOBAm37kEUOKR41ieUZm7ZJ/ugc-photo-ap-southeast-1-581603780057-acd24e232f75f09e/ACCOMMODATION/15923888_ACCOMMODATION_1634202904857_77483d35720a7906?_src=imagekit&tr=c-at_max,h-100,q-40,w-100","https://ik.imagekit.io/tvlk/ugc-review/guys1L+Yyer9kzI3sp-pb0CG1j2bhflZGFUZOoIf1YOBAm37kEUOKR41ieUZm7ZJ/ugc-photo-ap-southeast-1-581603780057-acd24e232f75f09e/ACCOMMODATION/15923888_ACCOMMODATION_1634202904857_89c2e8c0ae18d120?_src=imagekit&tr=c-at_max,h-100,q-40,w-100",,,,,,,,,,,,,,,,,
https://www.traveloka.com/id-id/user/review/consumption/HOTEL/GENERAL/295675,10,2,"Staf sangat membantu, responsif (pelayanannya bagus!) rasa makanannya enak.",Diulas 240 minggu lalu,"https://ik.imagekit.io/tvlk/ugc-review/guys1L+Yyer9kzI3sp-pb0CG1j2bhflZGFUZOoIf1YOBAm37kEUOKR41ieUZm7ZJ/ugc-photo-ap-southeast-1-581603780057-acd24e232f75f09e/ACCOMMODATION/171550097_ACCOMMODATION_1633227197746_bfb7085982feacb0?_src=imagekit&tr=c-at_max,h-100,q-40,w-100","https://ik.imagekit.io/tvlk/ugc-review/guys1L+Yyer9kzI3sp-pb0CG1j2bhflZGFUZOoIf1YOBAm37kEUOKR41ieUZm7ZJ/ugc-photo-ap-southeast-1-581603780057-acd24e232f75f09e/ACCOMMODATION/171550097_ACCOMMODATION_1633227197746_0e9a799f56b80386?_src=imagekit&tr=c-at_max,h-100,q-40,w-100","https://ik.imagekit.io/tvlk/ugc-review/guys1L+Yyer9kzI3sp-pb0CG1j2bhflZGFUZOoIf1YOBAm37kEUOKR41ieUZm7ZJ/ugc-photo-ap-southeast-1-581603780057-acd24e232f75f09e/ACCOMMODATION/171550097_ACCOMMODATION_1633227197746_5e5bf0ed7cb9882e?_src=imagekit&tr=c-at_max,h-100,q-40,w-100","https://ik.imagekit.io/tvlk/ugc-review/guys1L+Yyer9kzI3sp-pb0CG1j2bhflZGFUZOoIf1YOBAm37kEUOKR41ieUZm7ZJ/ugc-photo-ap-southeast-1-581603780057-acd24e232f75f09e/ACCOMMODATION/171550097_ACCOMMODATION_1633227197747_c91c89635afb44f8?_src=imagekit&tr=c-at_max,h-100,q-40,w-100","https://ik.imagekit.io/tvlk/ugc-review/guys1L+Yyer9kzI3sp-pb0CG1j2bhflZGFUZOoIf1YOBAm37kEUOKR41ieUZm7ZJ/ugc-photo-ap-southeast-1-581603780057-acd24e232f75f09e/ACCOMMODATION/171550097_ACCOMMODATION_1633227197747_b94c2530c5e0ced3?_src=imagekit&tr=c-at_max,h-100,q-40,w-100",,,,,,,,,,,,,,,
https://www.traveloka.com/id-id/user/review/consumption/HOTEL/GENERAL/295675,10,3,Hanya nginep 1 malam. Dapet kamar yang viewnya cakep.,Diulas 241 minggu lalu,"https://ik.imagekit.io/tvlk/ugc-review/guys1L+Yyer9kzI3sp-pb0CG1j2bhflZGFUZOoIf1YOBAm37kEUOKR41ieUZm7ZJ/ugc-photo-ap-southeast-1-581603780057-acd24e232f75f09e/ACCOMMODATION/8361657_ACCOMMODATION_1632611871603_00ae43fa3bcaf5fc?_src=imagekit&tr=c-at_max,h-100,q-40,w-100",,,,,,,,,,,,,,,,,,,
https://www.traveloka.com/id-id/user/review/consumption/HOTEL/GENERAL/295675,10,4,Staycation yang menyenangkan. Yang terpenting anak suka dan bahagia. Next pasti menginap di sini lagi. Thank you,Diulas 245 minggu lalu,"https://ik.imagekit.io/tvlk/ugc-review/guys1L+Yyer9kzI3sp-pb0CG1j2bhflZGFUZOoIf1YOBAm37kEUOKR41ieUZm7ZJ/ugc-photo-ap-southeast-1-581603780057-acd24e232f75f09e/ACCOMMODATION/118157003_ACCOMMODATION_1630203540722_d33313df1c3e2ac6?_src=imagekit&tr=c-at_max,h-100,q-40,w-100",,,,,,,,,,,,,,,,,,,
https://www.traveloka.com/id-id/user/review/consumption/HOTEL/GENERAL/295675,10,5,"Sebenarnya saya sudah beberapa kali menginap di sini, tapi nginep kali ini kurang pas aja. 1. Minta di bukakan pintu connect antar kamar yang terkunci, bisa nunggu 30 menit an. Sudah via telepon 3 kali dan akhirnya di info untuk ambil ke lobby bawah, saya turun dari lantai 17. Sampai lobby katanya petugas nanti di antar ke kamar. Nunggu lagi. Jadi di pingpong. Tapi alhamdulillah jadi sehat naik turun. Melatih kesabaran. 2. Malamnya pas mau mandi, sabun mandi cairnya habis. Kosong. Alhamdulillah jadi mandi gak sabunnan. Malah sehat. 3. Pas ngecek closet duduknya, air kran air untuk cebok gak bisa mancur keluar. Ada yang rusak. Wah kalo ini yang repot. Padahal gak ada kran air. Saran. Mohon diperbaiki lagi. Terima kasih.",Diulas 245 minggu lalu,"https://ik.imagekit.io/tvlk/ugc-review/guys1L+Yyer9kzI3sp-pb0CG1j2bhflZGFUZOoIf1YOBAm37kEUOKR41ieUZm7ZJ/ugc-photo-ap-southeast-1-581603780057-acd24e232f75f09e/ACCOMMODATION/182188386_ACCOMMODATION_1630203525398_f824604260f39e5d?_src=imagekit&tr=c-at_max,h-100,q-40,w-100",,,,,,,,,,,,,,,,,,,
https://www.traveloka.com/id-id/user/review/consumption/HOTEL/GENERAL/295675,10,6,Tempatnya strategis. Harga terjangkau. Fasilitasnya sih standar. Untuk alternatif tempat menginap di dalam kota Bandung recommended.,Diulas 245 minggu lalu,"https://ik.imagekit.io/tvlk/ugc-review/guys1L+Yyer9kzI3sp-pb0CG1j2bhflZGFUZOoIf1YOBAm37kEUOKR41ieUZm7ZJ/ugc-photo-ap-southeast-1-581603780057-acd24e232f75f09e/ACCOMMODATION/28607437_ACCOMMODATION_1629813275607_9876ab647565ec20?_src=imagekit&tr=c-at_max,h-100,q-40,w-100","https://ik.imagekit.io/tvlk/ugc-review/guys1L+Yyer9kzI3sp-pb0CG1j2bhflZGFUZOoIf1YOBAm37kEUOKR41ieUZm7ZJ/ugc-photo-ap-southeast-1-581603780057-acd24e232f75f09e/ACCOMMODATION/28607437_ACCOMMODATION_1629813275607_fcb5ac0af3acdedc?_src=imagekit&tr=c-at_max,h-100,q-40,w-100",,,,,,,,,,,,,,,,,,
https://www.traveloka.com/id-id/user/review/consumption/HOTEL/GENERAL/295675,10,7,Kamar nyaman dengan pemandangan kota bandung dan pegunungan,Diulas 246 minggu lalu,"https://ik.imagekit.io/tvlk/ugc-review/guys1L+Yyer9kzI3sp-pb0CG1j2bhflZGFUZOoIf1YOBAm37kEUOKR41ieUZm7ZJ/ugc-photo-ap-southeast-1-581603780057-acd24e232f75f09e/ACCOMMODATION/23383432_ACCOMMODATION_1629655013140_38e7d46b6b288714?_src=imagekit&tr=c-at_max,h-80,q-40,w-80","https://ik.imagekit.io/tvlk/ugc-review/guys1L+Yyer9kzI3sp-pb0CG1j2bhflZGFUZOoIf1YOBAm37kEUOKR41ieUZm7ZJ/ugc-photo-ap-southeast-1-581603780057-acd24e232f75f09e/ACCOMMODATION/23383432_ACCOMMODATION_1629655013141_08fba1970e6734b7?_src=imagekit&tr=c-at_max,h-80,q-40,w-80","https://ik.imagekit.io/tvlk/ugc-review/guys1L+Yyer9kzI3sp-pb0CG1j2bhflZGFUZOoIf1YOBAm37kEUOKR41ieUZm7ZJ/ugc-photo-ap-southeast-1-581603780057-acd24e232f75f09e/ACCOMMODATION/23383432_ACCOMMODATION_1629655013141_cc6e895247d74386?_src=imagekit&tr=c-at_max,h-80,q-40,w-80","https://ik.imagekit.io/tvlk/ugc-review/guys1L+Yyer9kzI3sp-pb0CG1j2bhflZGFUZOoIf1YOBAm37kEUOKR41ieUZm7ZJ/ugc-photo-ap-southeast-1-581603780057-acd24e232f75f09e/ACCOMMODATION/23383432_ACCOMMODATION_1629655013141_025102148f661e54?_src=imagekit&tr=c-at_max,h-80,q-40,w-80","https://ik.imagekit.io/tvlk/ugc-review/guys1L+Yyer9kzI3sp-pb0CG1j2bhflZGFUZOoIf1YOBAm37kEUOKR41ieUZm7ZJ/ugc-photo-ap-southeast-1-581603780057-acd24e232f75f09e/ACCOMMODATION/23383432_ACCOMMODATION_1629655013142_1ee1c454c7c3164a?_src=imagekit&tr=c-at_max,h-80,q-40,w-80","https://ik.imagekit.io/tvlk/ugc-review/guys1L+Yyer9kzI3sp-pb0CG1j2bhflZGFUZOoIf1YOBAm37kEUOKR41ieUZm7ZJ/ugc-photo-ap-southeast-1-581603780057-acd24e232f75f09e/ACCOMMODATION/23383432_ACCOMMODATION_1629655013142_04712bd35717e153?_src=imagekit&tr=c-at_max,h-80,q-40,w-80","https://ik.imagekit.io/tvlk/ugc-review/guys1L+Yyer9kzI3sp-pb0CG1j2bhflZGFUZOoIf1YOBAm37kEUOKR41ieUZm7ZJ/ugc-photo-ap-southeast-1-581603780057-acd24e232f75f09e/ACCOMMODATION/23383432_ACCOMMODATION_1629655013143_d0a6af05883290ad?_src=imagekit&tr=c-at_max,h-80,q-40,w-80",,,,,,,,,,,,,
https://www.traveloka.com/id-id/user/review/consumption/HOTEL/GENERAL/295675,10,8,"Nyaman, makanan enak, tp ada beberapa yang rusak kaya hairdryer tp udah langsung cepet diganti yang baru, ramah-ramah orangnya",Diulas 248 minggu lalu,"https://ik.imagekit.io/tvlk/ugc-review/guys1L+Yyer9kzI3sp-pb0CG1j2bhflZGFUZOoIf1YOBAm37kEUOKR41ieUZm7ZJ/ugc-photo-ap-southeast-1-581603780057-acd24e232f75f09e/ACCOMMODATION/6603484_ACCOMMODATION_1628573681980_d3b2a357131604f9?_src=imagekit&tr=c-at_max,h-100,q-40,w-100",,,,,,,,,,,,,,,,,,,
https://www.traveloka.com/id-id/user/review/consumption/HOTEL/GENERAL/295675,10,9,Secara General semuanya oke. Saya pesan 2 kamar 2 Malam untuk menginap (1529 dan 1533). Di kamar 1533 ada kecoa nya jalan-jalan di meja samping tempat tidur kemudia langsung ku getok dengan botol air mineral dan kecoa nya pun tewas!,Diulas 255 minggu lalu,"https://ik.imagekit.io/tvlk/ugc-review/guys1L+Yyer9kzI3sp-pb0CG1j2bhflZGFUZOoIf1YOBAm37kEUOKR41ieUZm7ZJ/ugc-photo-ap-southeast-1-581603780057-acd24e232f75f09e/ACCOMMODATION/6153680_ACCOMMODATION_1623805998847_77ddd994ca5cfed4?_src=imagekit&tr=c-at_max,h-100,q-40,w-100",,,,,,,,,,,,,,,,,,,
https://www.traveloka.com/id-id/user/review/consumption/HOTEL/GENERAL/295675,10,10,"Saya menginap di sini karena tempatnya yang strategis, bersebelahan dengan Mall. Resepsionis pada saat check in cukup ramah, tapi karena saya early check in, waktu itu jam 12 lebih saya harus membayar 50 ribu. Kamar cukup nyaman, channel tv kurang banyak, amenities khusus untuk sikat gigi harus diminta dulu. Hidangan untuk sahur juga cukup lengkap, tapi sayang tidak ada bread puddingnya, padahal saya menginap di sini karena rindu makan bread puddingnya juga. Overall, saya cukup puas menginap di sini.",Diulas 262 minggu lalu,"https://ik.imagekit.io/tvlk/ugc-review/guys1L+Yyer9kzI3sp-pb0CG1j2bhflZGFUZOoIf1YOBAm37kEUOKR41ieUZm7ZJ/ugc-photo-ap-southeast-1-581603780057-acd24e232f75f09e/ACCOMMODATION/7864836_ACCOMMODATION_1619420330998_ffde1d04f4ded7da?_src=imagekit&tr=c-at_max,h-100,q-40,w-100","https://ik.imagekit.io/tvlk/ugc-review/guys1L+Yyer9kzI3sp-pb0CG1j2bhflZGFUZOoIf1YOBAm37kEUOKR41ieUZm7ZJ/ugc-photo-ap-southeast-1-581603780057-acd24e232f75f09e/ACCOMMODATION/7864836_ACCOMMODATION_1619420330999_aa67842f48692acb?_src=imagekit&tr=c-at_max,h-100,q-40,w-100",,,,,,,,,,,,,,,,,,
https://www.traveloka.com/id-id/user/review/consumption/HOTEL/GENERAL/295675,10,11,"Kebersihan & kenyamanan selalu memuaskan. fasilitas property lengkap berfungsi semua. proses chekin checkout cepet banget. amanities tidak dikasi pasta gigi & sikat. teh/kopi tidak di sediakan penyeduhnya. breakfast cukup, rasa standart. satu tempat dengan mall dan lokasi strategis tidak jauh kemana-mana. mudah dicari tempatnya.",Diulas 264 minggu lalu,"https://ik.imagekit.io/tvlk/ugc-review/guys1L+Yyer9kzI3sp-pb0CG1j2bhflZGFUZOoIf1YOBAm37kEUOKR41ieUZm7ZJ/ugc-photo-ap-southeast-1-581603780057-acd24e232f75f09e/ACCOMMODATION/190830669_ACCOMMODATION_1618181479149_f3b7dbd5e305fa6f?_src=imagekit&tr=c-at_max,h-100,q-40,w-100",,,,,,,,,,,,,,,,,,,
https://www.traveloka.com/id-id/user/review/consumption/HOTEL/GENERAL/295675,10,12,Kebersihan dan penerangan area depan cukup terawat dg baik.,Diulas 265 minggu lalu,"https://ik.imagekit.io/tvlk/ugc-review/guys1L+Yyer9kzI3sp-pb0CG1j2bhflZGFUZOoIf1YOBAm37kEUOKR41ieUZm7ZJ/ugc-photo-ap-southeast-1-581603780057-acd24e232f75f09e/ACCOMMODATION/5004624_ACCOMMODATION_1618210311442_0cac58eee8ad6d57?_src=imagekit&tr=c-at_max,h-100,q-40,w-100","https://ik.imagekit.io/tvlk/ugc-review/guys1L+Yyer9kzI3sp-pb0CG1j2bhflZGFUZOoIf1YOBAm37kEUOKR41ieUZm7ZJ/ugc-photo-ap-southeast-1-581603780057-acd24e232f75f09e/ACCOMMODATION/5004624_ACCOMMODATION_1618210311442_edabb32de1063b4f?_src=imagekit&tr=c-at_max,h-100,q-40,w-100",,,,,,,,,,,,,,,,,,
https://www.traveloka.com/id-id/user/review/consumption/HOTEL/GENERAL/295675,10,13,Lokasi yg nyaman untuk stay jika di Bandung. Beberapa kali menginap disini selalu mendapat pelayanan yg prima dan tidak pernah mengecewakan...,Diulas 266 minggu lalu,"https://ik.imagekit.io/tvlk/ugc-review/guys1L+Yyer9kzI3sp-pb0CG1j2bhflZGFUZOoIf1YOBAm37kEUOKR41ieUZm7ZJ/ugc-photo-ap-southeast-1-581603780057-acd24e232f75f09e/ACCOMMODATION/9880251_ACCOMMODATION_1617648110092_4a2f56c1425ee308?_src=imagekit&tr=c-at_max,h-100,q-40,w-100",,,,,,,,,,,,,,,,,,,
https://www.traveloka.com/id-id/user/review/consumption/HOTEL/GENERAL/295675,10,14,Tidak pernah mengecewakan staycation di tempat ini. harga nya juga affordable dgn satu lingkungan dengan mall. utk pelayanannya check in dan check outnya cepat bgt. parkir gratis utk tamu. kekurangannya tidak ada fasilitas breakfast. sayang banget padahal.,Diulas 266 minggu lalu,"https://ik.imagekit.io/tvlk/ugc-review/guys1L+Yyer9kzI3sp-pb0CG1j2bhflZGFUZOoIf1YOBAm37kEUOKR41ieUZm7ZJ/ugc-photo-ap-southeast-1-581603780057-acd24e232f75f09e/ACCOMMODATION/44915042_ACCOMMODATION_1617118626889_d32baf6789b4770f?_src=imagekit&tr=c-at_max,h-100,q-40,w-100",,,,,,,,,,,,,,,,,,,
https://www.traveloka.com/id-id/user/review/consumption/HOTEL/GENERAL/295675,10,15,"Jika ada pilihan tengah untuk kepuasan, saya akan memilih itu. Meskipun kamarnya bersih dan semuanya berfungsi dengan baik, saya sedikit kecewa karena saya mendapat kamar dengan pintu penghubung tetapi tidak apa-apa karena staf menjelaskan bahwa mekanisme pintu membutuhkan kedua sisi untuk dibuka bersama dan dapat dikunci, bagi mereka yang tidak baik dengan itu tanyakan sebelum memesan. Yang tidak oke adalah kamar bebas rokok berbau seperti asap terutama di kamar mandi dan saya menemukan korek api di kamar mandi. Orang-orang, harap hormati aturan hotel, ada tempat untuk merokok jika Anda harus tanpa mengganggu non perokok. Sepertinya kamar disiapkan terburu-buru karena beberapa item hilang tetapi dapat diminta dan segera dikirimkan. Secara keseluruhan hotel ini masih Ibis dengan tempat tidur yang bagus dan cahaya yang bagus.",Diulas 266 minggu lalu,"https://ik.imagekit.io/tvlk/ugc-review/guys1L+Yyer9kzI3sp-pb0CG1j2bhflZGFUZOoIf1YOBAm37kEUOKR41ieUZm7ZJ/ugc-photo-ap-southeast-1-581603780057-acd24e232f75f09e/ACCOMMODATION/104344345_ACCOMMODATION_1617022275283_292585bd2b614631?_src=imagekit&tr=c-at_max,h-100,q-40,w-100",,,,,,,,,,,,,,,,,,,
https://www.traveloka.com/id-id/user/review/consumption/HOTEL/GENERAL/295675,10,16,"Tempatnya nyaman dan kamarnya bagus, tapi yang harus di perbaiki handuknya kusam. Pastinya dekat sama mall, pasti menginap disini lagi. Terimakasih",Diulas 266 minggu lalu,"https://ik.imagekit.io/tvlk/ugc-review/guys1L+Yyer9kzI3sp-pb0CG1j2bhflZGFUZOoIf1YOBAm37kEUOKR41ieUZm7ZJ/ugc-photo-ap-southeast-1-581603780057-acd24e232f75f09e/ACCOMMODATION/5225726_ACCOMMODATION_1617093626192_98cf28cb44d844b3?_src=imagekit&tr=c-at_max,h-100,q-40,w-100",,,,,,,,,,,,,,,,,,,
https://www.traveloka.com/id-id/user/review/consumption/HOTEL/GENERAL/295675,10,17,"Hotel budget terbaik yang pernah saya tempati, 4hari 3malam disini, pesan dengan layanan breakfast, selama 3 hari sarapan selalu ganti ganti menunya, jadi tidak tidak bosen, housekeeping dan resepsionis baik baik banget, emang dasarnya yang punya hotel udah kaya, jadi kita tidak perlu beli makanan hotel kalau mau pinjem alat makan seperti sendok atau piring, ya tapi ngerti lah kasih tips 10-20k untuk yang antar, di banding ibis hotel yang lain yang pernah saya tempati, ini paling terbaik di Indonesia mungkin.",Diulas 268 minggu lalu,"https://ik.imagekit.io/tvlk/ugc-review/guys1L+Yyer9kzI3sp-pb0CG1j2bhflZGFUZOoIf1YOBAm37kEUOKR41ieUZm7ZJ/ugc-photo-ap-southeast-1-581603780057-acd24e232f75f09e/ACCOMMODATION/173468071_ACCOMMODATION_1616387336430_19b414580ee4ed57?_src=imagekit&tr=c-at_max,h-100,q-40,w-100","https://ik.imagekit.io/tvlk/ugc-review/guys1L+Yyer9kzI3sp-pb0CG1j2bhflZGFUZOoIf1YOBAm37kEUOKR41ieUZm7ZJ/ugc-photo-ap-southeast-1-581603780057-acd24e232f75f09e/ACCOMMODATION/173468071_ACCOMMODATION_1616387336431_e9ac0069a5580519?_src=imagekit&tr=c-at_max,h-100,q-40,w-100",,,,,,,,,,,,,,,,,,
https://www.traveloka.com/id-id/user/review/consumption/HOTEL/GENERAL/295675,10,18,"Menginap disini sangatlah tidak mengecewakan, pelayanan prima dan staff yg selalu ramah membantu tamu. Apalagi dimasa pandemi saat ini protokol kesehatan sangat diterapkan oleh para staffnya. Ntah sudah beberapa kali menginap disini karena kenyamanannya 👌🏻👍🏼",Diulas 268 minggu lalu,"https://ik.imagekit.io/tvlk/ugc-review/guys1L+Yyer9kzI3sp-pb0CG1j2bhflZGFUZOoIf1YOBAm37kEUOKR41ieUZm7ZJ/ugc-photo-ap-southeast-1-581603780057-acd24e232f75f09e/ACCOMMODATION/9880251_ACCOMMODATION_1616311232898_57eb46aeb595cbd2?_src=imagekit&tr=c-at_max,h-100,q-40,w-100",,,,,,,,,,,,,,,,,,,
https://www.traveloka.com/id-id/user/review/consumption/HOTEL/GENERAL/295675,10,19,"ambil 2 kamar dengan sarapan , puas dan akses ke Mall Trans selangkah dari Hotel, Air Panas Ok, Pelayanan Ok Cek In Cek Out Cepat",Diulas 268 minggu lalu,"https://ik.imagekit.io/tvlk/ugc-review/guys1L+Yyer9kzI3sp-pb0CG1j2bhflZGFUZOoIf1YOBAm37kEUOKR41ieUZm7ZJ/ugc-photo-ap-southeast-1-581603780057-acd24e232f75f09e/ACCOMMODATION/4803497_ACCOMMODATION_1615882567988_12c04a54302db48c?_src=imagekit&tr=c-at_max,h-100,q-40,w-100","https://ik.imagekit.io/tvlk/ugc-review/guys1L+Yyer9kzI3sp-pb0CG1j2bhflZGFUZOoIf1YOBAm37kEUOKR41ieUZm7ZJ/ugc-photo-ap-southeast-1-581603780057-acd24e232f75f09e/ACCOMMODATION/4803497_ACCOMMODATION_1615882567988_adad8b87c73fff62?_src=imagekit&tr=c-at_max,h-100,q-40,w-100",,,,,,,,,,,,,,,,,,
https://www.traveloka.com/id-id/user/review/consumption/HOTEL/GENERAL/295675,10,20,"Ibis hotel merupakan bintang 3 yang bersebelahan dengan TSM Bandung, kita bisa menuju mall dengan melewai kafe/ bar hotel ibis dengan jalan kaki. Jika kita membawa mobil parkir p2 hotel Ibis dan hotel ini parkirannya gabung sama hotel Trans dan mall .tp jangan lupa di cap pada saat cek in supaya free parking. Cek in nya cepat hanya tunjukan ktp dan ttd saja tanpa ada nya deposit dan kita mendapat 2 card untuk menuju kamar. Kamar nya tdk terlalu besar dan kamar mandi juga tdk terlalu besar. Cuman sayang kasurnya kecil kalau kita membawa 2 anak jd nya tdrnya agak sempit padahal sy pesen double bed. View nya indah krn kita di lantai 17 terlihat indahnya Kota Bandung. Fasilitas kulkas kecil, brangkas, air mineral , 2 sandal tersedia. Sayangnya tv kabel nya suka putus sendiri sinyalnya (sinyal lemah) jdnya kalau nonton agak terganggu . Tapi kamarnya nyaman tdk berisik. Sarapan pagi prasmanan dan dibagi 3 shift . Dan makanan pun jika kita mau diambilnya sama petugasnya krn lagi masa pendemi. Menunya banyak dan rasanya enak cocok. Dan proses cek out pun cepat. Thanks.",Diulas 271 minggu lalu,"https://ik.imagekit.io/tvlk/ugc-review/guys1L+Yyer9kzI3sp-pb0CG1j2bhflZGFUZOoIf1YOBAm37kEUOKR41ieUZm7ZJ/ugc-photo-ap-southeast-1-581603780057-acd24e232f75f09e/ACCOMMODATION/4112556_ACCOMMODATION_1614637567489_066920705c6f2f71?_src=imagekit&tr=c-at_max,h-80,q-40,w-80","https://ik.imagekit.io/tvlk/ugc-review/guys1L+Yyer9kzI3sp-pb0CG1j2bhflZGFUZOoIf1YOBAm37kEUOKR41ieUZm7ZJ/ugc-photo-ap-southeast-1-581603780057-acd24e232f75f09e/ACCOMMODATION/4112556_ACCOMMODATION_1614637567489_e42734d348151209?_src=imagekit&tr=c-at_max,h-80,q-40,w-80","https://ik.imagekit.io/tvlk/ugc-review/guys1L+Yyer9kzI3sp-pb0CG1j2bhflZGFUZOoIf1YOBAm37kEUOKR41ieUZm7ZJ/ugc-photo-ap-southeast-1-581603780057-acd24e232f75f09e/ACCOMMODATION/4112556_ACCOMMODATION_1614637638729_30a389b438dad1b5?_src=imagekit&tr=c-at_max,h-80,q-40,w-80","https://ik.imagekit.io/tvlk/ugc-review/guys1L+Yyer9kzI3sp-pb0CG1j2bhflZGFUZOoIf1YOBAm37kEUOKR41ieUZm7ZJ/ugc-photo-ap-southeast-1-581603780057-acd24e232f75f09e/ACCOMMODATION/4112556_ACCOMMODATION_1614637638729_c7867a7b098eabe4?_src=imagekit&tr=c-at_max,h-80,q-40,w-80","https://ik.imagekit.io/tvlk/ugc-review/guys1L+Yyer9kzI3sp-pb0CG1j2bhflZGFUZOoIf1YOBAm37kEUOKR41ieUZm7ZJ/ugc-photo-ap-southeast-1-581603780057-acd24e232f75f09e/ACCOMMODATION/4112556_ACCOMMODATION_1614637638729_a08f4e22cf2102c9?_src=imagekit&tr=c-at_max,h-80,q-40,w-80","https://ik.imagekit.io/tvlk/ugc-review/guys1L+Yyer9kzI3sp-pb0CG1j2bhflZGFUZOoIf1YOBAm37kEUOKR41ieUZm7ZJ/ugc-photo-ap-southeast-1-581603780057-acd24e232f75f09e/ACCOMMODATION/4112556_ACCOMMODATION_1614637709181_8064b30a2b71cd92?_src=imagekit&tr=c-at_max,h-80,q-40,w-80","https://ik.imagekit.io/tvlk/ugc-review/guys1L+Yyer9kzI3sp-pb0CG1j2bhflZGFUZOoIf1YOBAm37kEUOKR41ieUZm7ZJ/ugc-photo-ap-southeast-1-581603780057-acd24e232f75f09e/ACCOMMODATION/4112556_ACCOMMODATION_1614637709182_b39d5d0143e9e937?_src=imagekit&tr=c-at_max,h-80,q-40,w-80","https://ik.imagekit.io/tvlk/ugc-review/guys1L+Yyer9kzI3sp-pb0CG1j2bhflZGFUZOoIf1YOBAm37kEUOKR41ieUZm7ZJ/ugc-photo-ap-southeast-1-581603780057-acd24e232f75f09e/ACCOMMODATION/4112556_ACCOMMODATION_1614637709182_f2d78c7b4afd657d?_src=imagekit&tr=c-at_max,h-80,q-40,w-80","https://ik.imagekit.io/tvlk/ugc-review/guys1L+Yyer9kzI3sp-pb0CG1j2bhflZGFUZOoIf1YOBAm37kEUOKR41ieUZm7ZJ/ugc-photo-ap-southeast-1-581603780057-acd24e232f75f09e/ACCOMMODATION/4112556_ACCOMMODATION_1614637709182_eb0ab3f0746e8cb4?_src=imagekit&tr=c-at_max,h-80,q-40,w-80","https://ik.imagekit.io/tvlk/ugc-review/guys1L+Yyer9kzI3sp-pb0CG1j2bhflZGFUZOoIf1YOBAm37kEUOKR41ieUZm7ZJ/ugc-photo-ap-southeast-1-581603780057-acd24e232f75f09e/ACCOMMODATION/4112556_ACCOMMODATION_1614637709182_f8b41832df9753a9?_src=imagekit&tr=c-at_max,h-80,q-40,w-80",,,,,,,,,,
https://www.traveloka.com/id-id/user/review/consumption/HOTEL/GENERAL/295675,11,1,"sangat menyenangkan tinggal selama dua hari dihotel ibis pelayanan ramah tidak ribet waktu cek in,cocok buat keluarga yg lagi cari tempat bisa disini aja tidak perlu kemana mana",Diulas 271 minggu lalu,"https://ik.imagekit.io/tvlk/ugc-review/guys1L+Yyer9kzI3sp-pb0CG1j2bhflZGFUZOoIf1YOBAm37kEUOKR41ieUZm7ZJ/ugc-photo-ap-southeast-1-581603780057-acd24e232f75f09e/ACCOMMODATION/36786425_ACCOMMODATION_1614522815076_c65ad787f2b0953c?_src=imagekit&tr=c-at_max,h-100,q-40,w-100",,,,,,,,,,,,,,,,,,,
https://www.traveloka.com/id-id/user/review/consumption/HOTEL/GENERAL/295675,11,2,"ibis transtudio sangat menyenangkan cuma kalau anda rencana mau menginap disana cuma saya sarankan periksa kelengkapan amenitis dan sendal soalnya semua harus minta ke resepsionis tapi kalau di telephon cepat di antar ke kamar,mall dekat tinggal lewat melalui restauran dan bar langsung nyampe mall cuma hati-hati kalau ke mall tsm pengalaman saya dgn tujuan mau nyantai di mall sekalian makan eskrim dan beli cemilan pulang ke kamar langsung demam untung sembuh jadi saya sarankan jangan nongkrong di mall mending pesan makanan via grab atau gojek saja begitulah pengalaman saya bobo di ibis transtidio kalau soal ibis pasti mantap tapi jangan cari kolam renang soalnya tidak ada😁",Diulas 273 minggu lalu,"https://ik.imagekit.io/tvlk/ugc-review/guys1L+Yyer9kzI3sp-pb0CG1j2bhflZGFUZOoIf1YOBAm37kEUOKR41ieUZm7ZJ/ugc-photo-ap-southeast-1-581603780057-acd24e232f75f09e/ACCOMMODATION/57403341_ACCOMMODATION_1612489442095_08bd8daa50ec3711?_src=imagekit&tr=c-at_max,h-100,q-40,w-100","https://ik.imagekit.io/tvlk/ugc-review/guys1L+Yyer9kzI3sp-pb0CG1j2bhflZGFUZOoIf1YOBAm37kEUOKR41ieUZm7ZJ/ugc-photo-ap-southeast-1-581603780057-acd24e232f75f09e/ACCOMMODATION/57403341_ACCOMMODATION_1612489442095_6f9e61f26e93b33c?_src=imagekit&tr=c-at_max,h-100,q-40,w-100","https://ik.imagekit.io/tvlk/ugc-review/guys1L+Yyer9kzI3sp-pb0CG1j2bhflZGFUZOoIf1YOBAm37kEUOKR41ieUZm7ZJ/ugc-photo-ap-southeast-1-581603780057-acd24e232f75f09e/ACCOMMODATION/57403341_ACCOMMODATION_1612489442095_c6e752a9b084ab96?_src=imagekit&tr=c-at_max,h-100,q-40,w-100","https://ik.imagekit.io/tvlk/ugc-review/guys1L+Yyer9kzI3sp-pb0CG1j2bhflZGFUZOoIf1YOBAm37kEUOKR41ieUZm7ZJ/ugc-photo-ap-southeast-1-581603780057-acd24e232f75f09e/ACCOMMODATION/57403341_ACCOMMODATION_1612489442096_1e36708375e1c71a?_src=imagekit&tr=c-at_max,h-100,q-40,w-100","https://ik.imagekit.io/tvlk/ugc-review/guys1L+Yyer9kzI3sp-pb0CG1j2bhflZGFUZOoIf1YOBAm37kEUOKR41ieUZm7ZJ/ugc-photo-ap-southeast-1-581603780057-acd24e232f75f09e/ACCOMMODATION/57403341_ACCOMMODATION_1612489442096_6e63ef7269f2b353?_src=imagekit&tr=c-at_max,h-100,q-40,w-100",,,,,,,,,,,,,,,
https://www.traveloka.com/id-id/user/review/consumption/HOTEL/GENERAL/295675,11,3,"Pertama kali menginap di ibis trans, pengalaman yang sangat menyenangkan. Service yang sangat memuaskan. Next akan sering menginap di sini lagi",Diulas 275 minggu lalu,"https://ik.imagekit.io/tvlk/ugc-review/guys1L+Yyer9kzI3sp-pb0CG1j2bhflZGFUZOoIf1YOBAm37kEUOKR41ieUZm7ZJ/ugc-photo-ap-southeast-1-581603780057-acd24e232f75f09e/ACCOMMODATION/65470968_ACCOMMODATION_1612075519451_ccba952f6d93ed40?_src=imagekit&tr=c-at_max,h-100,q-40,w-100","https://ik.imagekit.io/tvlk/ugc-review/guys1L+Yyer9kzI3sp-pb0CG1j2bhflZGFUZOoIf1YOBAm37kEUOKR41ieUZm7ZJ/ugc-photo-ap-southeast-1-581603780057-acd24e232f75f09e/ACCOMMODATION/65470968_ACCOMMODATION_1612075519451_b314f9efd7fd315c?_src=imagekit&tr=c-at_max,h-100,q-40,w-100",,,,,,,,,,,,,,,,,,
https://www.traveloka.com/id-id/user/review/consumption/HOTEL/GENERAL/295675,11,4,sangat menyenang staycation disini.,Diulas 276 minggu lalu,"https://ik.imagekit.io/tvlk/ugc-review/guys1L+Yyer9kzI3sp-pb0CG1j2bhflZGFUZOoIf1YOBAm37kEUOKR41ieUZm7ZJ/ugc-photo-ap-southeast-1-581603780057-acd24e232f75f09e/ACCOMMODATION/11937815_ACCOMMODATION_1611351496391_9f520066ef583341?_src=imagekit&tr=c-at_max,h-100,q-40,w-100",,,,,,,,,,,,,,,,,,,
https://www.traveloka.com/id-id/user/review/consumption/HOTEL/GENERAL/295675,11,5,"Tempat yang strategis berada di pusat kota sehingga tidak begitu membuang waktu untuk pergi ke tempat wisata, terminal, stasiun, dsb. Hotel berada di depan trans studio mal. Protokol kesehatan diterapkan dengan baik mulai dari lobi hingga dalam kamar. Menghindari penumpukkan tamu pada saat sarapan, pihak hotel membagi 3 kelompok makan. Di depan hotel terdapat taksi bluebird yang mangkal 24 jam sehingga memudahkan kami untuk bepergian. Untuk mencari makanan/jajanan lokal sangat mudah karena di sekitar hotel banyak pedagang yang menjajakan makanan khas bandung, paling penting, Hotel tidak angker, aman untuk membawa balita. Aman juga untuk anda yang penakut. Hanya saja di hari terakhir kami menginap handuk, sprei, dan selimut tidak diganti. Padahal kami menginap 4 malam. Selebihnya sangat oke dan recommended. Kami akan menginap lagi setiap di Bandung.",Diulas 279 minggu lalu,"https://ik.imagekit.io/tvlk/ugc-review/guys1L+Yyer9kzI3sp-pb0CG1j2bhflZGFUZOoIf1YOBAm37kEUOKR41ieUZm7ZJ/ugc-photo-ap-southeast-1-581603780057-acd24e232f75f09e/ACCOMMODATION/8600558_ACCOMMODATION_1609251618007_627a9cfc21a40e43?_src=imagekit&tr=c-at_max,h-100,q-40,w-100","https://ik.imagekit.io/tvlk/ugc-review/guys1L+Yyer9kzI3sp-pb0CG1j2bhflZGFUZOoIf1YOBAm37kEUOKR41ieUZm7ZJ/ugc-photo-ap-southeast-1-581603780057-acd24e232f75f09e/ACCOMMODATION/8600558_ACCOMMODATION_1609251618009_8d444cc9e27b8cc6?_src=imagekit&tr=c-at_max,h-100,q-40,w-100","https://ik.imagekit.io/tvlk/ugc-review/guys1L+Yyer9kzI3sp-pb0CG1j2bhflZGFUZOoIf1YOBAm37kEUOKR41ieUZm7ZJ/ugc-photo-ap-southeast-1-581603780057-acd24e232f75f09e/ACCOMMODATION/8600558_ACCOMMODATION_1609251618010_c6124bcba6f242d0?_src=imagekit&tr=c-at_max,h-100,q-40,w-100",,,,,,,,,,,,,,,,,
https://www.traveloka.com/id-id/user/review/consumption/HOTEL/GENERAL/295675,11,6,"Menginap dua malam. cukup menyenangkan, kamar bersih. Hanya sprei dan bantal bau agak kurang nyaman. Tidak seperti biasanya saat dulu menginap disini. Selebihnya oke semua. WiFi sangat bagus, breakfast sistem buffet. Agak crowded, pegawai semua ramah. Terutama saat malam di open restoran pelayanan sangat baik. Cream mushroomnya enak.",Diulas 279 minggu lalu,"https://ik.imagekit.io/tvlk/ugc-review/guys1L+Yyer9kzI3sp-pb0CG1j2bhflZGFUZOoIf1YOBAm37kEUOKR41ieUZm7ZJ/ugc-photo-ap-southeast-1-581603780057-acd24e232f75f09e/ACCOMMODATION/13339673_ACCOMMODATION_1609390911948_3d2096d582946173?_src=imagekit&tr=c-at_max,h-100,q-40,w-100",,,,,,,,,,,,,,,,,,,
https://www.traveloka.com/id-id/user/review/consumption/HOTEL/GENERAL/295675,11,7,"Staycation dengan anggaran rendah saya pikir itu pilihan terbaik untuk tinggal di sini. Stafnya ramah dan membantu Anda sesuai kebutuhan. Sebenarnya saya hanya menginap selama 2 malam tapi saya perpanjang 1 malam lagi. Kamarnya bersih dan dengan pemandangan yang bagus. Tetapi kadang-kadang Anda akan mendengar suara-suara dari atas dan kamar di samping Anda. Saya terkejut karena makanannya enak, dan jangan khawatir mereka akan memberi Anda pilihan untuk waktu sarapan. Terima kasih",Diulas 280 minggu lalu,"https://ik.imagekit.io/tvlk/ugc-review/guys1L+Yyer9kzI3sp-pb0CG1j2bhflZGFUZOoIf1YOBAm37kEUOKR41ieUZm7ZJ/ugc-photo-ap-southeast-1-581603780057-acd24e232f75f09e/ACCOMMODATION/5303589_ACCOMMODATION_1609205890909_506479594270056a?_src=imagekit&tr=c-at_max,h-100,q-40,w-100","https://ik.imagekit.io/tvlk/ugc-review/guys1L+Yyer9kzI3sp-pb0CG1j2bhflZGFUZOoIf1YOBAm37kEUOKR41ieUZm7ZJ/ugc-photo-ap-southeast-1-581603780057-acd24e232f75f09e/ACCOMMODATION/5303589_ACCOMMODATION_1609205960059_c394ab657a384511?_src=imagekit&tr=c-at_max,h-100,q-40,w-100",,,,,,,,,,,,,,,,,,
https://www.traveloka.com/id-id/user/review/consumption/HOTEL/GENERAL/295675,11,8,"Lokasi hotelnya strategis, hotelnya bersih dan nyaman, menu sarapan bervariatif, recommended pokoknya.",Diulas 280 minggu lalu,"https://ik.imagekit.io/tvlk/ugc-review/guys1L+Yyer9kzI3sp-pb0CG1j2bhflZGFUZOoIf1YOBAm37kEUOKR41ieUZm7ZJ/ugc-photo-ap-southeast-1-581603780057-acd24e232f75f09e/ACCOMMODATION/45197563_ACCOMMODATION_1608870830271_68474ad6f750150c?_src=imagekit&tr=c-at_max,h-100,q-40,w-100",,,,,,,,,,,,,,,,,,,
https://www.traveloka.com/id-id/user/review/consumption/HOTEL/GENERAL/295675,11,9,"Di hari spesial bersama orang spesial dengan view yang spesial, terima kasih hotel ibis trans studio bandung.",Diulas 282 minggu lalu,"https://ik.imagekit.io/tvlk/ugc-review/guys1L+Yyer9kzI3sp-pb0CG1j2bhflZGFUZOoIf1YOBAm37kEUOKR41ieUZm7ZJ/ugc-photo-ap-southeast-1-581603780057-acd24e232f75f09e/ACCOMMODATION/183297012_ACCOMMODATION_1607238582450_50eaf5a5814596f9?_src=imagekit&tr=c-at_max,h-100,q-40,w-100","https://ik.imagekit.io/tvlk/ugc-review/guys1L+Yyer9kzI3sp-pb0CG1j2bhflZGFUZOoIf1YOBAm37kEUOKR41ieUZm7ZJ/ugc-photo-ap-southeast-1-581603780057-acd24e232f75f09e/ACCOMMODATION/183297012_ACCOMMODATION_1607238717655_fe6b95370b2b898b?_src=imagekit&tr=c-at_max,h-100,q-40,w-100","https://ik.imagekit.io/tvlk/ugc-review/guys1L+Yyer9kzI3sp-pb0CG1j2bhflZGFUZOoIf1YOBAm37kEUOKR41ieUZm7ZJ/ugc-photo-ap-southeast-1-581603780057-acd24e232f75f09e/ACCOMMODATION/183297012_ACCOMMODATION_1607238717655_d915db2d4d6e5c36?_src=imagekit&tr=c-at_max,h-100,q-40,w-100",,,,,,,,,,,,,,,,,
https://www.traveloka.com/id-id/user/review/consumption/HOTEL/GENERAL/295675,11,10,"Menginap di ibis menyenangkan, fasilitasnya oke, makanannya lumayan, hanya bantalnya agak bau saja. Mungkin hanya ganti penutup bantalnya saja.",Diulas 286 minggu lalu,"https://ik.imagekit.io/tvlk/ugc-review/guys1L+Yyer9kzI3sp-pb0CG1j2bhflZGFUZOoIf1YOBAm37kEUOKR41ieUZm7ZJ/ugc-photo-ap-southeast-1-581603780057-acd24e232f75f09e/ACCOMMODATION/12144097_ACCOMMODATION_1604999812896_ea4996c8ae67fdb4?_src=imagekit&tr=c-at_max,h-100,q-40,w-100","https://ik.imagekit.io/tvlk/ugc-review/guys1L+Yyer9kzI3sp-pb0CG1j2bhflZGFUZOoIf1YOBAm37kEUOKR41ieUZm7ZJ/ugc-photo-ap-southeast-1-581603780057-acd24e232f75f09e/ACCOMMODATION/12144097_ACCOMMODATION_1604999812896_ac80661078f46dde?_src=imagekit&tr=c-at_max,h-100,q-40,w-100","https://ik.imagekit.io/tvlk/ugc-review/guys1L+Yyer9kzI3sp-pb0CG1j2bhflZGFUZOoIf1YOBAm37kEUOKR41ieUZm7ZJ/ugc-photo-ap-southeast-1-581603780057-acd24e232f75f09e/ACCOMMODATION/12144097_ACCOMMODATION_1604999812896_3158298b2f6439b1?_src=imagekit&tr=c-at_max,h-100,q-40,w-100",,,,,,,,,,,,,,,,,
https://www.traveloka.com/id-id/user/review/consumption/HOTEL/GENERAL/295675,11,11,"Pintu pengait di kamar 1202 rusak. Saya masuk ke kamar, pengaitnya sudah rusak. Tolong diperhatikan masalah kecil begitu. Untuk yang lain saya suka, mulai dari fasilitas, pelayanan frontlinernya, makanan, kebersihan sudah cukup bagus. Mungkin harus diperhatikan hal-hal kecil seperti yang saya sebutkan. Terima kasih.",Diulas 287 minggu lalu,"https://ik.imagekit.io/tvlk/ugc-review/guys1L+Yyer9kzI3sp-pb0CG1j2bhflZGFUZOoIf1YOBAm37kEUOKR41ieUZm7ZJ/ugc-photo-ap-southeast-1-581603780057-acd24e232f75f09e/ACCOMMODATION/9099736_ACCOMMODATION_1604911373726_f0084f7392b0fbc4?_src=imagekit&tr=c-at_max,h-100,q-40,w-100",,,,,,,,,,,,,,,,,,,
https://www.traveloka.com/id-id/user/review/consumption/HOTEL/GENERAL/295675,11,12,"Saya memesan standard room dengan breakfast. Lalu requaht tambahan dengan kamar connecting, bebas asap rokok serta lantai tinggi dan itu dikabulkan oleh pihak hotel, great job! Untuk kebersihan kamar oke, AC berfungsi dengan baik. Untuk channel TV lengkap. Untuk amenity kit disediakan terbatas, Kata pihak service room mesti by req baru disediakan. Untuk parkiran mobil berada di basement. Untuk breakfast dimasa kebiasaan baru ini dihidangkan sesuai protokol kesehatan, yakni diambilkan oleh petugas. untuk variasi makanan lengkap, Ada nasi goreng, nasi biasa, roti dan kue, sereal, bubur, aneka jus dan buah. Saya puas menginap semalam di hotel ini, sebenarnya mau pesan 3 malam tapi karena full booked dapatnya satu malam saja.",Diulas 288 minggu lalu,"https://ik.imagekit.io/tvlk/ugc-review/guys1L+Yyer9kzI3sp-pb0CG1j2bhflZGFUZOoIf1YOBAm37kEUOKR41ieUZm7ZJ/ugc-photo-ap-southeast-1-581603780057-acd24e232f75f09e/ACCOMMODATION/174348792_ACCOMMODATION_1604150262971_d4bdf8a74e94f8fc?_src=imagekit&tr=c-at_max,h-100,q-40,w-100",,,,,,,,,,,,,,,,,,,
https://www.traveloka.com/id-id/user/review/consumption/HOTEL/GENERAL/295675,11,13,"Kamarnya bagus, bersih, walaupun kamar mandinya sempit banget, tapi nice room, ada kulkasnya juga buat kamar standar so far satisfied.",Diulas 292 minggu lalu,"https://ik.imagekit.io/tvlk/ugc-review/guys1L+Yyer9kzI3sp-pb0CG1j2bhflZGFUZOoIf1YOBAm37kEUOKR41ieUZm7ZJ/ugc-photo-ap-southeast-1-581603780057-acd24e232f75f09e/ACCOMMODATION/10273482_ACCOMMODATION_1601869096302_af33baa827c44358?_src=imagekit&tr=c-at_max,h-80,q-40,w-80","https://ik.imagekit.io/tvlk/ugc-review/guys1L+Yyer9kzI3sp-pb0CG1j2bhflZGFUZOoIf1YOBAm37kEUOKR41ieUZm7ZJ/ugc-photo-ap-southeast-1-581603780057-acd24e232f75f09e/ACCOMMODATION/10273482_ACCOMMODATION_1601869096302_7c5503b556dc96f8?_src=imagekit&tr=c-at_max,h-80,q-40,w-80","https://ik.imagekit.io/tvlk/ugc-review/guys1L+Yyer9kzI3sp-pb0CG1j2bhflZGFUZOoIf1YOBAm37kEUOKR41ieUZm7ZJ/ugc-photo-ap-southeast-1-581603780057-acd24e232f75f09e/ACCOMMODATION/10273482_ACCOMMODATION_1601869096302_43b7463032eea8e2?_src=imagekit&tr=c-at_max,h-80,q-40,w-80","https://ik.imagekit.io/tvlk/ugc-review/guys1L+Yyer9kzI3sp-pb0CG1j2bhflZGFUZOoIf1YOBAm37kEUOKR41ieUZm7ZJ/ugc-photo-ap-southeast-1-581603780057-acd24e232f75f09e/ACCOMMODATION/10273482_ACCOMMODATION_1601869096303_1f78cdebe809dca0?_src=imagekit&tr=c-at_max,h-80,q-40,w-80","https://ik.imagekit.io/tvlk/ugc-review/guys1L+Yyer9kzI3sp-pb0CG1j2bhflZGFUZOoIf1YOBAm37kEUOKR41ieUZm7ZJ/ugc-photo-ap-southeast-1-581603780057-acd24e232f75f09e/ACCOMMODATION/10273482_ACCOMMODATION_1601869096303_fd7104555ae0192d?_src=imagekit&tr=c-at_max,h-80,q-40,w-80","https://ik.imagekit.io/tvlk/ugc-review/guys1L+Yyer9kzI3sp-pb0CG1j2bhflZGFUZOoIf1YOBAm37kEUOKR41ieUZm7ZJ/ugc-photo-ap-southeast-1-581603780057-acd24e232f75f09e/ACCOMMODATION/10273482_ACCOMMODATION_1601869096303_8d481e2e58d27195?_src=imagekit&tr=c-at_max,h-80,q-40,w-80","https://ik.imagekit.io/tvlk/ugc-review/guys1L+Yyer9kzI3sp-pb0CG1j2bhflZGFUZOoIf1YOBAm37kEUOKR41ieUZm7ZJ/ugc-photo-ap-southeast-1-581603780057-acd24e232f75f09e/ACCOMMODATION/10273482_ACCOMMODATION_1601869096303_dddb6d0db9c4b7de?_src=imagekit&tr=c-at_max,h-80,q-40,w-80","https://ik.imagekit.io/tvlk/ugc-review/guys1L+Yyer9kzI3sp-pb0CG1j2bhflZGFUZOoIf1YOBAm37kEUOKR41ieUZm7ZJ/ugc-photo-ap-southeast-1-581603780057-acd24e232f75f09e/ACCOMMODATION/10273482_ACCOMMODATION_1601869096304_5b8ceaca93fcf6c1?_src=imagekit&tr=c-at_max,h-80,q-40,w-80","https://ik.imagekit.io/tvlk/ugc-review/guys1L+Yyer9kzI3sp-pb0CG1j2bhflZGFUZOoIf1YOBAm37kEUOKR41ieUZm7ZJ/ugc-photo-ap-southeast-1-581603780057-acd24e232f75f09e/ACCOMMODATION/10273482_ACCOMMODATION_1601869096304_cb3c123cb1f4f997?_src=imagekit&tr=c-at_max,h-80,q-40,w-80","https://ik.imagekit.io/tvlk/ugc-review/guys1L+Yyer9kzI3sp-pb0CG1j2bhflZGFUZOoIf1YOBAm37kEUOKR41ieUZm7ZJ/ugc-photo-ap-southeast-1-581603780057-acd24e232f75f09e/ACCOMMODATION/10273482_ACCOMMODATION_1601869096304_40bc470ee320c464?_src=imagekit&tr=c-at_max,h-80,q-40,w-80",,,,,,,,,,
https://www.traveloka.com/id-id/user/review/consumption/HOTEL/GENERAL/295675,11,14,"Kamar bersih, pelayanan ramah dan dapat harga murah.",Diulas 292 minggu lalu,"https://ik.imagekit.io/tvlk/ugc-review/guys1L+Yyer9kzI3sp-pb0CG1j2bhflZGFUZOoIf1YOBAm37kEUOKR41ieUZm7ZJ/ugc-photo-ap-southeast-1-581603780057-acd24e232f75f09e/ACCOMMODATION/258050_ACCOMMODATION_1601800013726_89cc50fa069045ad?_src=imagekit&tr=c-at_max,h-100,q-40,w-100",,,,,,,,,,,,,,,,,,,
https://www.traveloka.com/id-id/user/review/consumption/HOTEL/GENERAL/295675,11,15,"Tempatnya sangat bagus... Dan kamar hotel bersih, tapi hanya cocok untuk dua orang saja satu kamar, kalo ada anak pasti kasurnya tidak muat.",Diulas 297 minggu lalu,"https://ik.imagekit.io/tvlk/ugc-review/guys1L+Yyer9kzI3sp-pb0CG1j2bhflZGFUZOoIf1YOBAm37kEUOKR41ieUZm7ZJ/ugc-photo-ap-southeast-1-581603780057-acd24e232f75f09e/ACCOMMODATION/21922863_ACCOMMODATION_1598517756409_e758508c6f0a1df2?_src=imagekit&tr=c-at_max,h-100,q-40,w-100","https://ik.imagekit.io/tvlk/ugc-review/guys1L+Yyer9kzI3sp-pb0CG1j2bhflZGFUZOoIf1YOBAm37kEUOKR41ieUZm7ZJ/ugc-photo-ap-southeast-1-581603780057-acd24e232f75f09e/ACCOMMODATION/21922863_ACCOMMODATION_1598518002459_f674e491f1a6ab97?_src=imagekit&tr=c-at_max,h-100,q-40,w-100",,,,,,,,,,,,,,,,,,
https://www.traveloka.com/id-id/user/review/consumption/HOTEL/GENERAL/295675,11,16,Hotel sangat strategis dan nyaman. Sarapan enak. Cuma mau check-in lama sekali nunggu 2 jam. Padahal kita sudah capai semua ingin langsung bisa masuk ke kamar hotel utk istirahat.,Diulas 298 minggu lalu,"https://ik.imagekit.io/tvlk/ugc-review/guys1L+Yyer9kzI3sp-pb0CG1j2bhflZGFUZOoIf1YOBAm37kEUOKR41ieUZm7ZJ/ugc-photo-ap-southeast-1-581603780057-acd24e232f75f09e/ACCOMMODATION/6070671_ACCOMMODATION_1598332545424_4bc1d27cdce90775?_src=imagekit&tr=c-at_max,h-100,q-40,w-100","https://ik.imagekit.io/tvlk/ugc-review/guys1L+Yyer9kzI3sp-pb0CG1j2bhflZGFUZOoIf1YOBAm37kEUOKR41ieUZm7ZJ/ugc-photo-ap-southeast-1-581603780057-acd24e232f75f09e/ACCOMMODATION/6070671_ACCOMMODATION_1598332545424_6d726059dad86f2e?_src=imagekit&tr=c-at_max,h-100,q-40,w-100",,,,,,,,,,,,,,,,,,
https://www.traveloka.com/id-id/user/review/consumption/HOTEL/GENERAL/295675,11,17,"Agak kecewa sih, sekelas ibis dengan rate 300 ribu tapi tidak ada air panas. Toiletries yang kurang mesti minta tidak disediain duluan. Kamarnya kecil sekali ibis budget. Kalau dibanding ibis budget sama ibis yang di trans studio mending ibis budget. Lobby-nya juga biasa saja, masih mending yang ibis budget.",Diulas 298 minggu lalu,"https://ik.imagekit.io/tvlk/ugc-review/guys1L+Yyer9kzI3sp-pb0CG1j2bhflZGFUZOoIf1YOBAm37kEUOKR41ieUZm7ZJ/ugc-photo-ap-southeast-1-581603780057-acd24e232f75f09e/ACCOMMODATION/52202048_ACCOMMODATION_1598094687601_1dd840588d0f125a?_src=imagekit&tr=c-at_max,h-100,q-40,w-100","https://ik.imagekit.io/tvlk/ugc-review/guys1L+Yyer9kzI3sp-pb0CG1j2bhflZGFUZOoIf1YOBAm37kEUOKR41ieUZm7ZJ/ugc-photo-ap-southeast-1-581603780057-acd24e232f75f09e/ACCOMMODATION/52202048_ACCOMMODATION_1598094687602_c504cddd8913b124?_src=imagekit&tr=c-at_max,h-100,q-40,w-100","https://ik.imagekit.io/tvlk/ugc-review/guys1L+Yyer9kzI3sp-pb0CG1j2bhflZGFUZOoIf1YOBAm37kEUOKR41ieUZm7ZJ/ugc-photo-ap-southeast-1-581603780057-acd24e232f75f09e/ACCOMMODATION/52202048_ACCOMMODATION_1598094687602_485194742d56274f?_src=imagekit&tr=c-at_max,h-100,q-40,w-100",,,,,,,,,,,,,,,,,
https://www.traveloka.com/id-id/user/review/consumption/HOTEL/GENERAL/295675,11,18,Rekomend banget deh pokoknya !!,Diulas 299 minggu lalu,"https://ik.imagekit.io/tvlk/ugc-review/guys1L+Yyer9kzI3sp-pb0CG1j2bhflZGFUZOoIf1YOBAm37kEUOKR41ieUZm7ZJ/ugc-photo-ap-southeast-1-581603780057-acd24e232f75f09e/ACCOMMODATION/129936822_ACCOMMODATION_1597724395870_a09b2dddee07477d?_src=imagekit&tr=c-at_max,h-100,q-40,w-100",,,,,,,,,,,,,,,,,,,
https://www.traveloka.com/id-id/user/review/consumption/HOTEL/GENERAL/295675,11,19,"Kamar bersih, makanan cukup enak.",Diulas 299 minggu lalu,"https://ik.imagekit.io/tvlk/ugc-review/guys1L+Yyer9kzI3sp-pb0CG1j2bhflZGFUZOoIf1YOBAm37kEUOKR41ieUZm7ZJ/ugc-photo-ap-southeast-1-581603780057-acd24e232f75f09e/ACCOMMODATION/19850452_ACCOMMODATION_1597550178443_67e3213ee93d5b86?_src=imagekit&tr=c-at_max,h-100,q-40,w-100",,,,,,,,,,,,,,,,,,,
https://www.traveloka.com/id-id/user/review/consumption/HOTEL/GENERAL/295675,11,20,tinggal itu menyenangkan. protokol kesehatan cukup baik. kamar cukup kecil tapi cukup untuk 2 orang. sarapan juga OK dengan protokol kesehatan yang terkontrol. Lokasi tepat di sebelah Trans Studio Mall Bandung.,Diulas 299 minggu lalu,"https://ik.imagekit.io/tvlk/ugc-review/guys1L+Yyer9kzI3sp-pb0CG1j2bhflZGFUZOoIf1YOBAm37kEUOKR41ieUZm7ZJ/ugc-photo-ap-southeast-1-581603780057-acd24e232f75f09e/ACCOMMODATION/3394452_ACCOMMODATION_1596963234159_66aadd5659435284?_src=imagekit&tr=c-at_max,h-100,q-40,w-100","https://ik.imagekit.io/tvlk/ugc-review/guys1L+Yyer9kzI3sp-pb0CG1j2bhflZGFUZOoIf1YOBAm37kEUOKR41ieUZm7ZJ/ugc-photo-ap-southeast-1-581603780057-acd24e232f75f09e/ACCOMMODATION/3394452_ACCOMMODATION_1596963234159_ac46bec44f0a22ec?_src=imagekit&tr=c-at_max,h-100,q-40,w-100",,,,,,,,,,,,,,,,,,
https://www.traveloka.com/id-id/user/review/consumption/HOTEL/GENERAL/295675,12,1,Hotel budget terbaik di area Bandung.,Diulas 300 minggu lalu,"https://ik.imagekit.io/tvlk/ugc-review/guys1L+Yyer9kzI3sp-pb0CG1j2bhflZGFUZOoIf1YOBAm37kEUOKR41ieUZm7ZJ/ugc-photo-ap-southeast-1-581603780057-acd24e232f75f09e/ACCOMMODATION/4945109_ACCOMMODATION_1596954089593_654bd5a75c0d49bb?_src=imagekit&tr=c-at_max,h-100,q-40,w-100","https://ik.imagekit.io/tvlk/ugc-review/guys1L+Yyer9kzI3sp-pb0CG1j2bhflZGFUZOoIf1YOBAm37kEUOKR41ieUZm7ZJ/ugc-photo-ap-southeast-1-581603780057-acd24e232f75f09e/ACCOMMODATION/4945109_ACCOMMODATION_1596954089593_3cb31aa16adf9fc0?_src=imagekit&tr=c-at_max,h-100,q-40,w-100","https://ik.imagekit.io/tvlk/ugc-review/guys1L+Yyer9kzI3sp-pb0CG1j2bhflZGFUZOoIf1YOBAm37kEUOKR41ieUZm7ZJ/ugc-photo-ap-southeast-1-581603780057-acd24e232f75f09e/ACCOMMODATION/4945109_ACCOMMODATION_1596954089593_8b851e915d9ec3bc?_src=imagekit&tr=c-at_max,h-100,q-40,w-100",,,,,,,,,,,,,,,,,
https://www.traveloka.com/id-id/user/review/consumption/HOTEL/GENERAL/295675,12,2,"Pelayan hotel disana ramah dan murah senyum. Tempat tidur dan toilet pun semua bersih, cuma kurang lengkap untuk peralatannya.",Diulas 301 minggu lalu,"https://ik.imagekit.io/tvlk/ugc-review/guys1L+Yyer9kzI3sp-pb0CG1j2bhflZGFUZOoIf1YOBAm37kEUOKR41ieUZm7ZJ/ugc-photo-ap-southeast-1-581603780057-acd24e232f75f09e/ACCOMMODATION/24316443_ACCOMMODATION_1596360384548_ba17b2a286108541?_src=imagekit&tr=c-at_max,h-100,q-40,w-100","https://ik.imagekit.io/tvlk/ugc-review/guys1L+Yyer9kzI3sp-pb0CG1j2bhflZGFUZOoIf1YOBAm37kEUOKR41ieUZm7ZJ/ugc-photo-ap-southeast-1-581603780057-acd24e232f75f09e/ACCOMMODATION/24316443_ACCOMMODATION_1596360384549_52b77efb67e5190a?_src=imagekit&tr=c-at_max,h-100,q-40,w-100","https://ik.imagekit.io/tvlk/ugc-review/guys1L+Yyer9kzI3sp-pb0CG1j2bhflZGFUZOoIf1YOBAm37kEUOKR41ieUZm7ZJ/ugc-photo-ap-southeast-1-581603780057-acd24e232f75f09e/ACCOMMODATION/24316443_ACCOMMODATION_1596360384549_5d0b1e8ed84366f8?_src=imagekit&tr=c-at_max,h-100,q-40,w-100","https://ik.imagekit.io/tvlk/ugc-review/guys1L+Yyer9kzI3sp-pb0CG1j2bhflZGFUZOoIf1YOBAm37kEUOKR41ieUZm7ZJ/ugc-photo-ap-southeast-1-581603780057-acd24e232f75f09e/ACCOMMODATION/24316443_ACCOMMODATION_1596360384549_2f21ea008db078ca?_src=imagekit&tr=c-at_max,h-100,q-40,w-100",,,,,,,,,,,,,,,,
https://www.traveloka.com/id-id/user/review/consumption/HOTEL/GENERAL/295675,12,3,"Pengalaman liburan menyenangkan, kamar terkoneksi bisa private walaupun bareng keluarga. ruangan bersih dan ke mall tinggal jalan.",Diulas 301 minggu lalu,"https://ik.imagekit.io/tvlk/ugc-review/guys1L+Yyer9kzI3sp-pb0CG1j2bhflZGFUZOoIf1YOBAm37kEUOKR41ieUZm7ZJ/ugc-photo-ap-southeast-1-581603780057-acd24e232f75f09e/ACCOMMODATION/4425498_ACCOMMODATION_1596226475467_05fa4fd8fbcf41ec?_src=imagekit&tr=c-at_max,h-100,q-40,w-100",,,,,,,,,,,,,,,,,,,
https://www.traveloka.com/id-id/user/review/consumption/HOTEL/GENERAL/295675,12,4,"Sempat tidak bisa naik lift karena kartu kamarnya entah rusak atau bima agak, tapi langsung diganti sama mba-mbaknya, pelayanannya sigap, thank you jadi kangen ke bandung lagi.",Diulas 302 minggu lalu,"https://ik.imagekit.io/tvlk/ugc-review/guys1L+Yyer9kzI3sp-pb0CG1j2bhflZGFUZOoIf1YOBAm37kEUOKR41ieUZm7ZJ/ugc-photo-ap-southeast-1-581603780057-acd24e232f75f09e/ACCOMMODATION/18459276_ACCOMMODATION_1595854845351_b4cc4b73e943a654?_src=imagekit&tr=c-at_max,h-100,q-40,w-100",,,,,,,,,,,,,,,,,,,
https://www.traveloka.com/id-id/user/review/consumption/HOTEL/GENERAL/295675,12,5,"Tolong bantalnya diganti, sudah tipis, sediakan keran untuk widlu. Kami sudah berusia di atas 55 th.",Diulas 304 minggu lalu,"https://ik.imagekit.io/tvlk/ugc-review/guys1L+Yyer9kzI3sp-pb0CG1j2bhflZGFUZOoIf1YOBAm37kEUOKR41ieUZm7ZJ/ugc-photo-ap-southeast-1-581603780057-acd24e232f75f09e/ACCOMMODATION/5004624_ACCOMMODATION_1594106684727_bf1fb2886b3b3662?_src=imagekit&tr=c-at_max,h-100,q-40,w-100",,,,,,,,,,,,,,,,,,,
https://www.traveloka.com/id-id/user/review/consumption/HOTEL/GENERAL/295675,12,6,"Sabun, sampo, sikat gigi tidak ada.",Diulas 305 minggu lalu,"https://ik.imagekit.io/tvlk/ugc-review/guys1L+Yyer9kzI3sp-pb0CG1j2bhflZGFUZOoIf1YOBAm37kEUOKR41ieUZm7ZJ/ugc-photo-ap-southeast-1-581603780057-acd24e232f75f09e/ACCOMMODATION/21656611_ACCOMMODATION_1593870695076_09f635f87e4516dc?_src=imagekit&tr=c-at_max,h-100,q-40,w-100",,,,,,,,,,,,,,,,,,,
https://www.traveloka.com/id-id/user/review/consumption/HOTEL/GENERAL/295675,12,7,Sangat nyaman dengan harga yang lumayan terjangkau 👍,Diulas 306 minggu lalu,"https://ik.imagekit.io/tvlk/ugc-review/guys1L+Yyer9kzI3sp-pb0CG1j2bhflZGFUZOoIf1YOBAm37kEUOKR41ieUZm7ZJ/ugc-photo-ap-southeast-1-581603780057-acd24e232f75f09e/ACCOMMODATION/61412537_ACCOMMODATION_1593473732276_490f787f6d6980fe?_src=imagekit&tr=c-at_max,h-100,q-40,w-100","https://ik.imagekit.io/tvlk/ugc-review/guys1L+Yyer9kzI3sp-pb0CG1j2bhflZGFUZOoIf1YOBAm37kEUOKR41ieUZm7ZJ/ugc-photo-ap-southeast-1-581603780057-acd24e232f75f09e/ACCOMMODATION/61412537_ACCOMMODATION_1593473732276_f267e2ab7a0fd1f5?_src=imagekit&tr=c-at_max,h-100,q-40,w-100",,,,,,,,,,,,,,,,,,
https://www.traveloka.com/id-id/user/review/consumption/HOTEL/GENERAL/295675,12,8,"Lobby hotelnya cukup besar, front office dan securitynya ramah dan membantu sekali. Pelayanan saat check-in cepat dan makanannya enak-enak, untuk kamar cukup nyaman, AC-nya dingin, Akan lebih baik lagi kalau handuk kamarnya diganti dengan yang baru dikarenakan yang kami terima sudah agak dekil. Terima kasih.",Diulas 319 minggu lalu,"https://ik.imagekit.io/tvlk/ugc-review/guys1L+Yyer9kzI3sp-pb0CG1j2bhflZGFUZOoIf1YOBAm37kEUOKR41ieUZm7ZJ/ugc-photo-ap-southeast-1-581603780057-acd24e232f75f09e/ACCOMMODATION/5788375_ACCOMMODATION_1585544384174_9ca764f2228b1429?_src=imagekit&tr=c-at_max,h-100,q-40,w-100",,,,,,,,,,,,,,,,,,,
https://www.traveloka.com/id-id/user/review/consumption/HOTEL/GENERAL/295675,12,9,"Tempat yang nyaman untuk menikmati waktu istirahat, straf ramah, kebersihan oke, fasilitas oke.",Diulas 321 minggu lalu,"https://ik.imagekit.io/tvlk/ugc-review/guys1L+Yyer9kzI3sp-pb0CG1j2bhflZGFUZOoIf1YOBAm37kEUOKR41ieUZm7ZJ/ugc-photo-ap-southeast-1-581603780057-acd24e232f75f09e/ACCOMMODATION/17278804_ACCOMMODATION_1584248046466_bf87fe804ae5bfdf?_src=imagekit&tr=c-at_max,h-100,q-40,w-100","https://ik.imagekit.io/tvlk/ugc-review/guys1L+Yyer9kzI3sp-pb0CG1j2bhflZGFUZOoIf1YOBAm37kEUOKR41ieUZm7ZJ/ugc-photo-ap-southeast-1-581603780057-acd24e232f75f09e/ACCOMMODATION/17278804_ACCOMMODATION_1584248046466_6fa393342755b10e?_src=imagekit&tr=c-at_max,h-100,q-40,w-100",,,,,,,,,,,,,,,,,,
https://www.traveloka.com/id-id/user/review/consumption/HOTEL/GENERAL/295675,12,10,"Lokasi samping tersama jadi enak banget buat jalan nge mal, tempat strategis. Makanan enak dan banyak variasi.",Diulas 324 minggu lalu,"https://ik.imagekit.io/tvlk/ugc-review/guys1L+Yyer9kzI3sp-pb0CG1j2bhflZGFUZOoIf1YOBAm37kEUOKR41ieUZm7ZJ/ugc-photo-ap-southeast-1-581603780057-acd24e232f75f09e/ACCOMMODATION/17496566_ACCOMMODATION_1582426819911_cfa96e95cf8f2679?_src=imagekit&tr=c-at_max,h-100,q-40,w-100","https://ik.imagekit.io/tvlk/ugc-review/guys1L+Yyer9kzI3sp-pb0CG1j2bhflZGFUZOoIf1YOBAm37kEUOKR41ieUZm7ZJ/ugc-photo-ap-southeast-1-581603780057-acd24e232f75f09e/ACCOMMODATION/17496566_ACCOMMODATION_1582426819912_3acc7e7dccdc442d?_src=imagekit&tr=c-at_max,h-100,q-40,w-100","https://ik.imagekit.io/tvlk/ugc-review/guys1L+Yyer9kzI3sp-pb0CG1j2bhflZGFUZOoIf1YOBAm37kEUOKR41ieUZm7ZJ/ugc-photo-ap-southeast-1-581603780057-acd24e232f75f09e/ACCOMMODATION/17496566_ACCOMMODATION_1582426819912_56096688e339a7f0?_src=imagekit&tr=c-at_max,h-100,q-40,w-100","https://ik.imagekit.io/tvlk/ugc-review/guys1L+Yyer9kzI3sp-pb0CG1j2bhflZGFUZOoIf1YOBAm37kEUOKR41ieUZm7ZJ/ugc-photo-ap-southeast-1-581603780057-acd24e232f75f09e/ACCOMMODATION/17496566_ACCOMMODATION_1582426819912_1bd350dd102b9a80?_src=imagekit&tr=c-at_max,h-100,q-40,w-100",,,,,,,,,,,,,,,,
https://www.traveloka.com/id-id/user/review/consumption/HOTEL/GENERAL/295675,12,11,Tidak ada slipper. Sabun di kamar mandi habis. Bad maintenance. Kartu kunci tidak dapat digunakan di lift. Not recommended.,Diulas 325 minggu lalu,"https://ik.imagekit.io/tvlk/ugc-review/guys1L+Yyer9kzI3sp-pb0CG1j2bhflZGFUZOoIf1YOBAm37kEUOKR41ieUZm7ZJ/ugc-photo-ap-southeast-1-581603780057-acd24e232f75f09e/ACCOMMODATION/18142007_ACCOMMODATION_1581945640280_65bf0009bf05e099?_src=imagekit&tr=c-at_max,h-100,q-40,w-100",,,,,,,,,,,,,,,,,,,
https://www.traveloka.com/id-id/user/review/consumption/HOTEL/GENERAL/295675,12,12,Sangat nyaman dan dekat dengan lokasi restoran dan rempat rekreasi.,Diulas 325 minggu lalu,"https://ik.imagekit.io/tvlk/ugc-review/guys1L+Yyer9kzI3sp-pb0CG1j2bhflZGFUZOoIf1YOBAm37kEUOKR41ieUZm7ZJ/ugc-photo-ap-southeast-1-581603780057-acd24e232f75f09e/ACCOMMODATION/13515737_ACCOMMODATION_1581647351233_db7e09e2e7f72ce0?_src=imagekit&tr=c-at_max,h-100,q-40,w-100",,,,,,,,,,,,,,,,,,,
https://www.traveloka.com/id-id/user/review/consumption/HOTEL/GENERAL/295675,12,13,"Nyaman, bersih, posisi strategis banget gampang dijangkau, parkiran juga luas.",Diulas 326 minggu lalu,"https://ik.imagekit.io/tvlk/ugc-review/guys1L+Yyer9kzI3sp-pb0CG1j2bhflZGFUZOoIf1YOBAm37kEUOKR41ieUZm7ZJ/ugc-photo-ap-southeast-1-581603780057-acd24e232f75f09e/ACCOMMODATION/11185723_ACCOMMODATION_1581153609093_3f37df18762f6fa9?_src=imagekit&tr=c-at_max,h-100,q-40,w-100","https://ik.imagekit.io/tvlk/ugc-review/guys1L+Yyer9kzI3sp-pb0CG1j2bhflZGFUZOoIf1YOBAm37kEUOKR41ieUZm7ZJ/ugc-photo-ap-southeast-1-581603780057-acd24e232f75f09e/ACCOMMODATION/11185723_ACCOMMODATION_1581153609093_67c044d017101c5b?_src=imagekit&tr=c-at_max,h-100,q-40,w-100","https://ik.imagekit.io/tvlk/ugc-review/guys1L+Yyer9kzI3sp-pb0CG1j2bhflZGFUZOoIf1YOBAm37kEUOKR41ieUZm7ZJ/ugc-photo-ap-southeast-1-581603780057-acd24e232f75f09e/ACCOMMODATION/11185723_ACCOMMODATION_1581153609093_17a944c8f83df9c0?_src=imagekit&tr=c-at_max,h-100,q-40,w-100","https://ik.imagekit.io/tvlk/ugc-review/guys1L+Yyer9kzI3sp-pb0CG1j2bhflZGFUZOoIf1YOBAm37kEUOKR41ieUZm7ZJ/ugc-photo-ap-southeast-1-581603780057-acd24e232f75f09e/ACCOMMODATION/11185723_ACCOMMODATION_1581153609093_e48e230483ff0d13?_src=imagekit&tr=c-at_max,h-100,q-40,w-100",,,,,,,,,,,,,,,,
https://www.traveloka.com/id-id/user/review/consumption/HOTEL/GENERAL/295675,12,14,Mantap lah kamar bersih plus nyaman bner.,Diulas 328 minggu lalu,"https://ik.imagekit.io/tvlk/ugc-review/guys1L+Yyer9kzI3sp-pb0CG1j2bhflZGFUZOoIf1YOBAm37kEUOKR41ieUZm7ZJ/ugc-photo-ap-southeast-1-581603780057-acd24e232f75f09e/ACCOMMODATION/17013058_ACCOMMODATION_1579954825119_89bc17b22efd4ecc?_src=imagekit&tr=c-at_max,h-100,q-40,w-100",,,,,,,,,,,,,,,,,,,
https://www.traveloka.com/id-id/user/review/consumption/HOTEL/GENERAL/295675,12,15,"Hotelnya bersih, tempatnya nyaman, dekat dengan masjid dan mal, mantul?\ 👍",Diulas 330 minggu lalu,"https://ik.imagekit.io/tvlk/ugc-review/guys1L+Yyer9kzI3sp-pb0CG1j2bhflZGFUZOoIf1YOBAm37kEUOKR41ieUZm7ZJ/ugc-photo-ap-southeast-1-581603780057-acd24e232f75f09e/ACCOMMODATION/17464453_ACCOMMODATION_1578888621907_58c982a867857255?_src=imagekit&tr=c-at_max,h-100,q-40,w-100",,,,,,,,,,,,,,,,,,,
https://www.traveloka.com/id-id/user/review/consumption/HOTEL/GENERAL/295675,12,16,"Kamar bersih dan nyaman. Proses check-in cepat, dekat dengan transmart.",Diulas 330 minggu lalu,"https://ik.imagekit.io/tvlk/ugc-review/guys1L+Yyer9kzI3sp-pb0CG1j2bhflZGFUZOoIf1YOBAm37kEUOKR41ieUZm7ZJ/ugc-photo-ap-southeast-1-581603780057-acd24e232f75f09e/ACCOMMODATION/5278424_ACCOMMODATION_1578848305429_de60af56f1db8671?_src=imagekit&tr=c-at_max,h-100,q-40,w-100",,,,,,,,,,,,,,,,,,,
https://www.traveloka.com/id-id/user/review/consumption/HOTEL/GENERAL/295675,12,17,"Kamar bersih, proses check-in cepat.",Diulas 330 minggu lalu,"https://ik.imagekit.io/tvlk/ugc-review/guys1L+Yyer9kzI3sp-pb0CG1j2bhflZGFUZOoIf1YOBAm37kEUOKR41ieUZm7ZJ/ugc-photo-ap-southeast-1-581603780057-acd24e232f75f09e/ACCOMMODATION/5278424_ACCOMMODATION_1578848083264_fffade9ab7229388?_src=imagekit&tr=c-at_max,h-100,q-40,w-100",,,,,,,,,,,,,,,,,,,
https://www.traveloka.com/id-id/user/review/consumption/HOTEL/GENERAL/295675,12,18,"Hotel bersih dan nyaman, proses check-in cepat.",Diulas 330 minggu lalu,"https://ik.imagekit.io/tvlk/ugc-review/guys1L+Yyer9kzI3sp-pb0CG1j2bhflZGFUZOoIf1YOBAm37kEUOKR41ieUZm7ZJ/ugc-photo-ap-southeast-1-581603780057-acd24e232f75f09e/ACCOMMODATION/5278424_ACCOMMODATION_1578847161537_b1738227818bc20e?_src=imagekit&tr=c-at_max,h-100,q-40,w-100",,,,,,,,,,,,,,,,,,,
https://www.traveloka.com/id-id/user/review/consumption/HOTEL/GENERAL/295675,12,19,"Menginap di hotel ini sangat menyenangkan, Lokasi sangat strategis karena menyatu dengan mal dan trans studio sehingga tidak perlu keluar untuk mencari restoran untuk makan malam maupun siang. Makanannya enak, bervariasi dan banyak. kamarnya dingin dan bersih. Petugas funya cukup baik dan cekatan dalam melaksanakan tugasnya. check-in tidak sampai 5 menit demikian juga pada saat check-out. Karena area sekitar hotel dan mal sangat luas, maka olahraga jogging pagi hari saya lakukan disekitar di sekitar hotel saja. Keberadaan masjid yang sangat indah di area mal memungkinkan tamu hotel untuk shalat berjamaah dengan lebih mudah, khususnya shalat subuh. Kalau ke Bandung lagi, saya tetap akan memilih hotel ini.",Diulas 330 minggu lalu,"https://ik.imagekit.io/tvlk/ugc-review/guys1L+Yyer9kzI3sp-pb0CG1j2bhflZGFUZOoIf1YOBAm37kEUOKR41ieUZm7ZJ/ugc-photo-ap-southeast-1-581603780057-acd24e232f75f09e/ACCOMMODATION/9770204_ACCOMMODATION_1578748643621_dba3e265d20bfbd6?_src=imagekit&tr=c-at_max,h-100,q-40,w-100","https://ik.imagekit.io/tvlk/ugc-review/guys1L+Yyer9kzI3sp-pb0CG1j2bhflZGFUZOoIf1YOBAm37kEUOKR41ieUZm7ZJ/ugc-photo-ap-southeast-1-581603780057-acd24e232f75f09e/ACCOMMODATION/9770204_ACCOMMODATION_1578748643622_17cf9810d1b133c6?_src=imagekit&tr=c-at_max,h-100,q-40,w-100",,,,,,,,,,,,,,,,,,
https://www.traveloka.com/id-id/user/review/consumption/HOTEL/GENERAL/295675,12,20,Ada jalan pintas ke mal melalui restoran yang buka 24 jam. Masjid Agung Trans Studio hanya perlu 4 menit berjalan kaki dari hotel. Sarapan disajikan mulai pukul 6 hingga 10 pagi dengan banyak variasi makanan. Kulkas kecil juga disediakan di dalam kamar.,Diulas 331 minggu lalu,"https://ik.imagekit.io/tvlk/ugc-review/guys1L+Yyer9kzI3sp-pb0CG1j2bhflZGFUZOoIf1YOBAm37kEUOKR41ieUZm7ZJ/ugc-photo-ap-southeast-1-581603780057-acd24e232f75f09e/ACCOMMODATION/4399879_ACCOMMODATION_1577793331340_37d5a28ea634808b?_src=imagekit&tr=c-at_max,h-100,q-40,w-100",,,,,,,,,,,,,,,,,,,
https://www.traveloka.com/id-id/user/review/consumption/HOTEL/GENERAL/295675,13,1,"Hotel yang sangat menyenangkan untuk menginap. Begitu turun langsung arah ke mal, mau makan apapun mudah, benar-benar hotel ibis yang mewah, meskipun kurang amenities. Tapi so far memuaskan sekali. Pelayananan servis dari semua staf pun sangat ramah sekali, menyenangkan sekali menginap disini, akan menginap lagi.",Diulas 331 minggu lalu,"https://ik.imagekit.io/tvlk/ugc-review/guys1L+Yyer9kzI3sp-pb0CG1j2bhflZGFUZOoIf1YOBAm37kEUOKR41ieUZm7ZJ/ugc-photo-ap-southeast-1-581603780057-acd24e232f75f09e/ACCOMMODATION/32022117_ACCOMMODATION_1578195646821_3ea46a4e96daa312?_src=imagekit&tr=c-at_max,h-80,q-40,w-80","https://ik.imagekit.io/tvlk/ugc-review/guys1L+Yyer9kzI3sp-pb0CG1j2bhflZGFUZOoIf1YOBAm37kEUOKR41ieUZm7ZJ/ugc-photo-ap-southeast-1-581603780057-acd24e232f75f09e/ACCOMMODATION/32022117_ACCOMMODATION_1578195646822_9393708df481eb14?_src=imagekit&tr=c-at_max,h-80,q-40,w-80","https://ik.imagekit.io/tvlk/ugc-review/guys1L+Yyer9kzI3sp-pb0CG1j2bhflZGFUZOoIf1YOBAm37kEUOKR41ieUZm7ZJ/ugc-photo-ap-southeast-1-581603780057-acd24e232f75f09e/ACCOMMODATION/32022117_ACCOMMODATION_1578195646822_f405bb461ffc45e3?_src=imagekit&tr=c-at_max,h-80,q-40,w-80","https://ik.imagekit.io/tvlk/ugc-review/guys1L+Yyer9kzI3sp-pb0CG1j2bhflZGFUZOoIf1YOBAm37kEUOKR41ieUZm7ZJ/ugc-photo-ap-southeast-1-581603780057-acd24e232f75f09e/ACCOMMODATION/32022117_ACCOMMODATION_1578195646822_7368146032364768?_src=imagekit&tr=c-at_max,h-80,q-40,w-80","https://ik.imagekit.io/tvlk/ugc-review/guys1L+Yyer9kzI3sp-pb0CG1j2bhflZGFUZOoIf1YOBAm37kEUOKR41ieUZm7ZJ/ugc-photo-ap-southeast-1-581603780057-acd24e232f75f09e/ACCOMMODATION/32022117_ACCOMMODATION_1578195646823_efa3ea83ece62853?_src=imagekit&tr=c-at_max,h-80,q-40,w-80","https://ik.imagekit.io/tvlk/ugc-review/guys1L+Yyer9kzI3sp-pb0CG1j2bhflZGFUZOoIf1YOBAm37kEUOKR41ieUZm7ZJ/ugc-photo-ap-southeast-1-581603780057-acd24e232f75f09e/ACCOMMODATION/32022117_ACCOMMODATION_1578195646823_3b3fe44ab0d62832?_src=imagekit&tr=c-at_max,h-80,q-40,w-80","https://ik.imagekit.io/tvlk/ugc-review/guys1L+Yyer9kzI3sp-pb0CG1j2bhflZGFUZOoIf1YOBAm37kEUOKR41ieUZm7ZJ/ugc-photo-ap-southeast-1-581603780057-acd24e232f75f09e/ACCOMMODATION/32022117_ACCOMMODATION_1578195646824_ff1b3b0b3c7e60fc?_src=imagekit&tr=c-at_max,h-80,q-40,w-80","https://ik.imagekit.io/tvlk/ugc-review/guys1L+Yyer9kzI3sp-pb0CG1j2bhflZGFUZOoIf1YOBAm37kEUOKR41ieUZm7ZJ/ugc-photo-ap-southeast-1-581603780057-acd24e232f75f09e/ACCOMMODATION/32022117_ACCOMMODATION_1578195646824_b3e4c540e4acd5cf?_src=imagekit&tr=c-at_max,h-80,q-40,w-80",,,,,,,,,,,,
https://www.traveloka.com/id-id/user/review/consumption/HOTEL/GENERAL/295675,13,2,Masih banyak yang perlu diperhatikan - exhaust kamar mandi mati - terdapat sprei yg masih ada bercak bekas darah - lantai kamar mandi kebersihannya masih perlu ditingkatkan.,Diulas 331 minggu lalu,"https://ik.imagekit.io/tvlk/ugc-review/guys1L+Yyer9kzI3sp-pb0CG1j2bhflZGFUZOoIf1YOBAm37kEUOKR41ieUZm7ZJ/ugc-photo-ap-southeast-1-581603780057-acd24e232f75f09e/ACCOMMODATION/29312375_ACCOMMODATION_1577875925309_42320cac9f7ffb7e?_src=imagekit&tr=c-at_max,h-100,q-40,w-100","https://ik.imagekit.io/tvlk/ugc-review/guys1L+Yyer9kzI3sp-pb0CG1j2bhflZGFUZOoIf1YOBAm37kEUOKR41ieUZm7ZJ/ugc-photo-ap-southeast-1-581603780057-acd24e232f75f09e/ACCOMMODATION/29312375_ACCOMMODATION_1577875925309_c2c857592d7b2b39?_src=imagekit&tr=c-at_max,h-100,q-40,w-100",,,,,,,,,,,,,,,,,,
https://www.traveloka.com/id-id/user/review/consumption/HOTEL/GENERAL/295675,13,3,Staf Ibis Bandung ramah dan efisien. Meski ruangannya agak kecil. Secara keseluruhan masih memuaskan. Pertahankan kerja bagus dan tingkatkan yang tidak begitu baik.,Diulas 334 minggu lalu,"https://ik.imagekit.io/tvlk/ugc-review/guys1L+Yyer9kzI3sp-pb0CG1j2bhflZGFUZOoIf1YOBAm37kEUOKR41ieUZm7ZJ/ugc-photo-ap-southeast-1-581603780057-acd24e232f75f09e/ACCOMMODATION/19065274_ACCOMMODATION_1575850796456_649bc75f31a02574?_src=imagekit&tr=c-at_max,h-80,q-40,w-80","https://ik.imagekit.io/tvlk/ugc-review/guys1L+Yyer9kzI3sp-pb0CG1j2bhflZGFUZOoIf1YOBAm37kEUOKR41ieUZm7ZJ/ugc-photo-ap-southeast-1-581603780057-acd24e232f75f09e/ACCOMMODATION/19065274_ACCOMMODATION_1575850796456_cbc9aa23405bd761?_src=imagekit&tr=c-at_max,h-80,q-40,w-80","https://ik.imagekit.io/tvlk/ugc-review/guys1L+Yyer9kzI3sp-pb0CG1j2bhflZGFUZOoIf1YOBAm37kEUOKR41ieUZm7ZJ/ugc-photo-ap-southeast-1-581603780057-acd24e232f75f09e/ACCOMMODATION/19065274_ACCOMMODATION_1575850796457_a59cdba23ec72be3?_src=imagekit&tr=c-at_max,h-80,q-40,w-80","https://ik.imagekit.io/tvlk/ugc-review/guys1L+Yyer9kzI3sp-pb0CG1j2bhflZGFUZOoIf1YOBAm37kEUOKR41ieUZm7ZJ/ugc-photo-ap-southeast-1-581603780057-acd24e232f75f09e/ACCOMMODATION/19065274_ACCOMMODATION_1575850796457_40c16a2c314a5bd2?_src=imagekit&tr=c-at_max,h-80,q-40,w-80","https://ik.imagekit.io/tvlk/ugc-review/guys1L+Yyer9kzI3sp-pb0CG1j2bhflZGFUZOoIf1YOBAm37kEUOKR41ieUZm7ZJ/ugc-photo-ap-southeast-1-581603780057-acd24e232f75f09e/ACCOMMODATION/19065274_ACCOMMODATION_1575850796457_a65581c45eb9b438?_src=imagekit&tr=c-at_max,h-80,q-40,w-80","https://ik.imagekit.io/tvlk/ugc-review/guys1L+Yyer9kzI3sp-pb0CG1j2bhflZGFUZOoIf1YOBAm37kEUOKR41ieUZm7ZJ/ugc-photo-ap-southeast-1-581603780057-acd24e232f75f09e/ACCOMMODATION/19065274_ACCOMMODATION_1575850796456_4519e87faba5f936?_src=imagekit&tr=c-at_max,h-80,q-40,w-80","https://ik.imagekit.io/tvlk/ugc-review/guys1L+Yyer9kzI3sp-pb0CG1j2bhflZGFUZOoIf1YOBAm37kEUOKR41ieUZm7ZJ/ugc-photo-ap-southeast-1-581603780057-acd24e232f75f09e/ACCOMMODATION/19065274_ACCOMMODATION_1575850796456_c10f7a5af5817f4f?_src=imagekit&tr=c-at_max,h-80,q-40,w-80",,,,,,,,,,,,,
https://www.traveloka.com/id-id/user/review/consumption/HOTEL/GENERAL/295675,13,4,"Sangat dekat dengan Trans Studio Mal/Bandung tinggal jalan kaki saja. Dari stasiun kereta bandung juga dekat, kurang lebih 30 menit kalau macet.",Diulas 335 minggu lalu,"https://ik.imagekit.io/tvlk/ugc-review/guys1L+Yyer9kzI3sp-pb0CG1j2bhflZGFUZOoIf1YOBAm37kEUOKR41ieUZm7ZJ/ugc-photo-ap-southeast-1-581603780057-acd24e232f75f09e/ACCOMMODATION/37776942_ACCOMMODATION_1575686732682_19518ae75fec4217?_src=imagekit&tr=c-at_max,h-100,q-40,w-100","https://ik.imagekit.io/tvlk/ugc-review/guys1L+Yyer9kzI3sp-pb0CG1j2bhflZGFUZOoIf1YOBAm37kEUOKR41ieUZm7ZJ/ugc-photo-ap-southeast-1-581603780057-acd24e232f75f09e/ACCOMMODATION/37776942_ACCOMMODATION_1575686732682_d1dd1b66e68b7824?_src=imagekit&tr=c-at_max,h-100,q-40,w-100","https://ik.imagekit.io/tvlk/ugc-review/guys1L+Yyer9kzI3sp-pb0CG1j2bhflZGFUZOoIf1YOBAm37kEUOKR41ieUZm7ZJ/ugc-photo-ap-southeast-1-581603780057-acd24e232f75f09e/ACCOMMODATION/37776942_ACCOMMODATION_1575686732682_d0cd9cf0a8d27e9d?_src=imagekit&tr=c-at_max,h-100,q-40,w-100",,,,,,,,,,,,,,,,,
https://www.traveloka.com/id-id/user/review/consumption/HOTEL/GENERAL/295675,13,5,"Kamar tidak terawat dengan baik. Terlalu kotor. Hanya tinggal semalam, dan hanya itu. Tidak akan kembali lagi. Lebih baik memilih opsi lain, kecuali jika Anda ingin melihat sesuatu yang buruk di kamar Anda (seperti tusuk gigi bekas di lantai) dan Anda setuju dengan itu, hanya karena itu hanya sebuah mal besar dan taman hiburan dalam ruangan yang terkenal",Diulas 336 minggu lalu,"https://ik.imagekit.io/tvlk/ugc-review/guys1L+Yyer9kzI3sp-pb0CG1j2bhflZGFUZOoIf1YOBAm37kEUOKR41ieUZm7ZJ/ugc-photo-ap-southeast-1-581603780057-acd24e232f75f09e/ACCOMMODATION/19405873_ACCOMMODATION_1575216915230_7775578456df6325?_src=imagekit&tr=c-at_max,h-100,q-40,w-100","https://ik.imagekit.io/tvlk/ugc-review/guys1L+Yyer9kzI3sp-pb0CG1j2bhflZGFUZOoIf1YOBAm37kEUOKR41ieUZm7ZJ/ugc-photo-ap-southeast-1-581603780057-acd24e232f75f09e/ACCOMMODATION/19405873_ACCOMMODATION_1575216915230_4f44de51892036f4?_src=imagekit&tr=c-at_max,h-100,q-40,w-100","https://ik.imagekit.io/tvlk/ugc-review/guys1L+Yyer9kzI3sp-pb0CG1j2bhflZGFUZOoIf1YOBAm37kEUOKR41ieUZm7ZJ/ugc-photo-ap-southeast-1-581603780057-acd24e232f75f09e/ACCOMMODATION/19405873_ACCOMMODATION_1575216915231_3e487770ece0755f?_src=imagekit&tr=c-at_max,h-100,q-40,w-100","https://ik.imagekit.io/tvlk/ugc-review/guys1L+Yyer9kzI3sp-pb0CG1j2bhflZGFUZOoIf1YOBAm37kEUOKR41ieUZm7ZJ/ugc-photo-ap-southeast-1-581603780057-acd24e232f75f09e/ACCOMMODATION/19405873_ACCOMMODATION_1575216915231_9ebf9dae738f8003?_src=imagekit&tr=c-at_max,h-100,q-40,w-100",,,,,,,,,,,,,,,,
https://www.traveloka.com/id-id/user/review/consumption/HOTEL/GENERAL/295675,13,6,"Kamar luas dan bersih, hanya saja jam 3 dini hari AC sempat mati, dan sayangnya restoran dan barnya tidak dibuat terpisah ruangannya jadi agak deg-degan dan khawatir juga kehalalan makanannya, karena memikirkan mencuci gelasnya di 1 tempat cucian yang sama dengan bekas gelas dari minuman berakohol atau tidak mengingat kami pasangan muslim, selebihnya oke.",Diulas 337 minggu lalu,"https://ik.imagekit.io/tvlk/ugc-review/guys1L+Yyer9kzI3sp-pb0CG1j2bhflZGFUZOoIf1YOBAm37kEUOKR41ieUZm7ZJ/ugc-photo-ap-southeast-1-581603780057-acd24e232f75f09e/ACCOMMODATION/11506391_ACCOMMODATION_1574162501164_80f42ef224d0b712?_src=imagekit&tr=c-at_max,h-100,q-40,w-100","https://ik.imagekit.io/tvlk/ugc-review/guys1L+Yyer9kzI3sp-pb0CG1j2bhflZGFUZOoIf1YOBAm37kEUOKR41ieUZm7ZJ/ugc-photo-ap-southeast-1-581603780057-acd24e232f75f09e/ACCOMMODATION/11506391_ACCOMMODATION_1574162501164_b2bf74f9cd1f1e8e?_src=imagekit&tr=c-at_max,h-100,q-40,w-100",,,,,,,,,,,,,,,,,,
https://www.traveloka.com/id-id/user/review/consumption/HOTEL/GENERAL/295675,13,7,"Sangat menikmati bermalam disini, dari segi pelayanan bagus dan memuaskan, kamarnya bersih dan bebas asap rokok, dekat dengan tempat wisata dan mall, menu sarapan paginya banyak. Saran saja untuk pihak hotel kalau ada acara gathering kantor atau yg lain nya untuk sarapan paginya dipisah saja dengan tamu umum. Terlalu ramai dan sampai-sampai kita harus menunggu lama untuk mendapatkan kursi dan meja. Tapi selebihnya rekomendasi buat bermalam disini bareng keluarga 👍🏻👌🏻",Diulas 338 minggu lalu,"https://ik.imagekit.io/tvlk/ugc-review/guys1L+Yyer9kzI3sp-pb0CG1j2bhflZGFUZOoIf1YOBAm37kEUOKR41ieUZm7ZJ/ugc-photo-ap-southeast-1-581603780057-acd24e232f75f09e/ACCOMMODATION/21095504_ACCOMMODATION_1573805292596_463df6612968abf9?_src=imagekit&tr=c-at_max,h-100,q-40,w-100","https://ik.imagekit.io/tvlk/ugc-review/guys1L+Yyer9kzI3sp-pb0CG1j2bhflZGFUZOoIf1YOBAm37kEUOKR41ieUZm7ZJ/ugc-photo-ap-southeast-1-581603780057-acd24e232f75f09e/ACCOMMODATION/21095504_ACCOMMODATION_1573805292596_2f6c7eefaa36d5fd?_src=imagekit&tr=c-at_max,h-100,q-40,w-100",,,,,,,,,,,,,,,,,,
https://www.traveloka.com/id-id/user/review/consumption/HOTEL/GENERAL/295675,13,8,Puas deh menginap disini apalagi letaknya berdekatan dengan trans studio. Pasti saya akan kembali kesini.,Diulas 339 minggu lalu,"https://ik.imagekit.io/tvlk/ugc-review/guys1L+Yyer9kzI3sp-pb0CG1j2bhflZGFUZOoIf1YOBAm37kEUOKR41ieUZm7ZJ/ugc-photo-ap-southeast-1-581603780057-acd24e232f75f09e/ACCOMMODATION/23149614_ACCOMMODATION_1573539539149_e665134cec7aa7f2?_src=imagekit&tr=c-at_max,h-100,q-40,w-100",,,,,,,,,,,,,,,,,,,
https://www.traveloka.com/id-id/user/review/consumption/HOTEL/GENERAL/295675,13,9,"Ibis trans studio mal bandung lokasinya sangat strategis, dekat dengan trans studio mal dan trans studio.",Diulas 340 minggu lalu,"https://ik.imagekit.io/tvlk/ugc-review/guys1L+Yyer9kzI3sp-pb0CG1j2bhflZGFUZOoIf1YOBAm37kEUOKR41ieUZm7ZJ/ugc-photo-ap-southeast-1-581603780057-acd24e232f75f09e/ACCOMMODATION/3892948_ACCOMMODATION_1572679358575_977a84ee4273bb7f?_src=imagekit&tr=c-at_max,h-100,q-40,w-100",,,,,,,,,,,,,,,,,,,
https://www.traveloka.com/id-id/user/review/consumption/HOTEL/GENERAL/295675,13,10,Kamar standar datang sangat bersih dan nyaman. Ada sofa yang terpasang di dinding untuk duduk dan bersantai dan meja yang cukup panjang untuk bekerja dengan nyaman pada laptop Anda. Saya sangat menyukainya!,Diulas 340 minggu lalu,"https://ik.imagekit.io/tvlk/ugc-review/guys1L+Yyer9kzI3sp-pb0CG1j2bhflZGFUZOoIf1YOBAm37kEUOKR41ieUZm7ZJ/ugc-photo-ap-southeast-1-581603780057-acd24e232f75f09e/ACCOMMODATION/36303185_ACCOMMODATION_1572406048783_7c2d332c667305d5?_src=imagekit&tr=c-at_max,h-100,q-40,w-100",,,,,,,,,,,,,,,,,,,
https://www.traveloka.com/id-id/user/review/consumption/HOTEL/GENERAL/295675,13,11,"pemandangan indah, layanan luar biasa, respons cepat",Diulas 342 minggu lalu,"https://ik.imagekit.io/tvlk/ugc-review/guys1L+Yyer9kzI3sp-pb0CG1j2bhflZGFUZOoIf1YOBAm37kEUOKR41ieUZm7ZJ/ugc-photo-ap-southeast-1-581603780057-acd24e232f75f09e/ACCOMMODATION/65980444_ACCOMMODATION_1571574480433_6aff390695b4d1cc?_src=imagekit&tr=c-at_max,h-100,q-40,w-100","https://ik.imagekit.io/tvlk/ugc-review/guys1L+Yyer9kzI3sp-pb0CG1j2bhflZGFUZOoIf1YOBAm37kEUOKR41ieUZm7ZJ/ugc-photo-ap-southeast-1-581603780057-acd24e232f75f09e/ACCOMMODATION/65980444_ACCOMMODATION_1571574480434_838f059e93c0405f?_src=imagekit&tr=c-at_max,h-100,q-40,w-100",,,,,,,,,,,,,,,,,,
https://www.traveloka.com/id-id/user/review/consumption/HOTEL/GENERAL/295675,13,12,"Menginap yang kedua kalinya di ibis TSB, tidak mengecewakan, pelayanan selalu maksimal. Tapi untuk di receptionist saya lebih suka yang jaganya perempuan. bukan tanpa alasan, dari cara menyapa sampai dibantu check-in baik sekali, Terus diingatkan juga stempel tiket parkir jika bawa kendaraan.",Diulas 342 minggu lalu,"https://ik.imagekit.io/tvlk/ugc-review/guys1L+Yyer9kzI3sp-pb0CG1j2bhflZGFUZOoIf1YOBAm37kEUOKR41ieUZm7ZJ/ugc-photo-ap-southeast-1-581603780057-acd24e232f75f09e/ACCOMMODATION/111069388_ACCOMMODATION_1571127088255_ce14db0261cd7702?_src=imagekit&tr=c-at_max,h-100,q-40,w-100","https://ik.imagekit.io/tvlk/ugc-review/guys1L+Yyer9kzI3sp-pb0CG1j2bhflZGFUZOoIf1YOBAm37kEUOKR41ieUZm7ZJ/ugc-photo-ap-southeast-1-581603780057-acd24e232f75f09e/ACCOMMODATION/111069388_ACCOMMODATION_1571127088255_de147253a4788b64?_src=imagekit&tr=c-at_max,h-100,q-40,w-100",,,,,,,,,,,,,,,,,,
https://www.traveloka.com/id-id/user/review/consumption/HOTEL/GENERAL/295675,13,13,"Kamar nyaman, bersih, cuma kamar mandi agak sempit, susah bergerak. Makanan enak, banyak pilihan.",Diulas 344 minggu lalu,"https://ik.imagekit.io/tvlk/ugc-review/guys1L+Yyer9kzI3sp-pb0CG1j2bhflZGFUZOoIf1YOBAm37kEUOKR41ieUZm7ZJ/ugc-photo-ap-southeast-1-581603780057-acd24e232f75f09e/ACCOMMODATION/32751770_ACCOMMODATION_1570198914745_b151a01a30828096?_src=imagekit&tr=c-at_max,h-100,q-40,w-100","https://ik.imagekit.io/tvlk/ugc-review/guys1L+Yyer9kzI3sp-pb0CG1j2bhflZGFUZOoIf1YOBAm37kEUOKR41ieUZm7ZJ/ugc-photo-ap-southeast-1-581603780057-acd24e232f75f09e/ACCOMMODATION/32751770_ACCOMMODATION_1570198914745_415e12279c91f3e0?_src=imagekit&tr=c-at_max,h-100,q-40,w-100",,,,,,,,,,,,,,,,,,
https://www.traveloka.com/id-id/user/review/consumption/HOTEL/GENERAL/295675,13,14,Bangun pagi melihat matahari terbit 👍,Diulas 345 minggu lalu,"https://ik.imagekit.io/tvlk/ugc-review/guys1L+Yyer9kzI3sp-pb0CG1j2bhflZGFUZOoIf1YOBAm37kEUOKR41ieUZm7ZJ/ugc-photo-ap-southeast-1-581603780057-acd24e232f75f09e/ACCOMMODATION/6977530_ACCOMMODATION_1569447521545_bdd96b01d1d99baa?_src=imagekit&tr=c-at_max,h-100,q-40,w-100",,,,,,,,,,,,,,,,,,,
https://www.traveloka.com/id-id/user/review/consumption/HOTEL/GENERAL/295675,13,15,"Senang tinggal di sini, staf yang baik, membantu dan fasilitas berjalan dengan baik",Diulas 346 minggu lalu,"https://ik.imagekit.io/tvlk/ugc-review/guys1L+Yyer9kzI3sp-pb0CG1j2bhflZGFUZOoIf1YOBAm37kEUOKR41ieUZm7ZJ/ugc-photo-ap-southeast-1-581603780057-acd24e232f75f09e/ACCOMMODATION/92872415_ACCOMMODATION_1569212155008_84efd4e067943183?_src=imagekit&tr=c-at_max,h-100,q-40,w-100","https://ik.imagekit.io/tvlk/ugc-review/guys1L+Yyer9kzI3sp-pb0CG1j2bhflZGFUZOoIf1YOBAm37kEUOKR41ieUZm7ZJ/ugc-photo-ap-southeast-1-581603780057-acd24e232f75f09e/ACCOMMODATION/92872415_ACCOMMODATION_1569212155009_2e47ba27f84b216c?_src=imagekit&tr=c-at_max,h-100,q-40,w-100",,,,,,,,,,,,,,,,,,
https://www.traveloka.com/id-id/user/review/consumption/HOTEL/GENERAL/295675,13,16,"Saya senang menginap di ibis trans dengan buku keluarga saya 2 pilihan standar yang baik dari b&#39;fast dekat ke mal, hanya perlu mengganti linen dan handuk, banyak noda, terima kasih, U traveloka",Diulas 349 minggu lalu,"https://ik.imagekit.io/tvlk/ugc-review/guys1L+Yyer9kzI3sp-pb0CG1j2bhflZGFUZOoIf1YOBAm37kEUOKR41ieUZm7ZJ/ugc-photo-ap-southeast-1-581603780057-acd24e232f75f09e/ACCOMMODATION/5023668_ACCOMMODATION_1567401516716_8d6e01f79d8d3ba0?_src=imagekit&tr=c-at_max,h-100,q-40,w-100",,,,,,,,,,,,,,,,,,,
https://www.traveloka.com/id-id/user/review/consumption/HOTEL/GENERAL/295675,13,17,"Hotel yang nyaman, strategis, di lingkungan trans studio bandung. Pelayanan memuaskan. Staff ramah. Makanan bervariasi. Minusnya toiletries kurang lengkap (tidak ada sikat gigi).",Diulas 349 minggu lalu,"https://ik.imagekit.io/tvlk/ugc-review/guys1L+Yyer9kzI3sp-pb0CG1j2bhflZGFUZOoIf1YOBAm37kEUOKR41ieUZm7ZJ/ugc-photo-ap-southeast-1-581603780057-acd24e232f75f09e/ACCOMMODATION/3876763_ACCOMMODATION_1567129046408_071a838a88a927e7?_src=imagekit&tr=c-at_max,h-100,q-40,w-100","https://ik.imagekit.io/tvlk/ugc-review/guys1L+Yyer9kzI3sp-pb0CG1j2bhflZGFUZOoIf1YOBAm37kEUOKR41ieUZm7ZJ/ugc-photo-ap-southeast-1-581603780057-acd24e232f75f09e/ACCOMMODATION/3876763_ACCOMMODATION_1567129046408_307f47451686b5a7?_src=imagekit&tr=c-at_max,h-100,q-40,w-100",,,,,,,,,,,,,,,,,,
https://www.traveloka.com/id-id/user/review/consumption/HOTEL/GENERAL/295675,13,18,"Hotelnya dekat bandara, dekat Trans Studio Bandung, dekat transmal, Dari tempat wisata dekat juga cuma 30 menit dari hotel pelayanannya oke cepat makanannya banyak enak-enak pokoknya tidak kecewa deh.",Diulas 349 minggu lalu,"https://ik.imagekit.io/tvlk/ugc-review/guys1L+Yyer9kzI3sp-pb0CG1j2bhflZGFUZOoIf1YOBAm37kEUOKR41ieUZm7ZJ/ugc-photo-ap-southeast-1-581603780057-acd24e232f75f09e/ACCOMMODATION/120912664_ACCOMMODATION_1566904590644_9efbe1e07900259c?_src=imagekit&tr=c-at_max,h-100,q-40,w-100",,,,,,,,,,,,,,,,,,,
https://www.traveloka.com/id-id/user/review/consumption/HOTEL/GENERAL/295675,13,19,"Sarapannya enak, dekat dengan pusat perbelanjaan dan masjid besar.",Diulas 350 minggu lalu,"https://ik.imagekit.io/tvlk/ugc-review/guys1L+Yyer9kzI3sp-pb0CG1j2bhflZGFUZOoIf1YOBAm37kEUOKR41ieUZm7ZJ/ugc-photo-ap-southeast-1-581603780057-acd24e232f75f09e/ACCOMMODATION/0_ACCOMMODATION_1566300110981_eb7a418ff890e77b?_src=imagekit&tr=c-at_max,h-100,q-40,w-100","https://ik.imagekit.io/tvlk/ugc-review/guys1L+Yyer9kzI3sp-pb0CG1j2bhflZGFUZOoIf1YOBAm37kEUOKR41ieUZm7ZJ/ugc-photo-ap-southeast-1-581603780057-acd24e232f75f09e/ACCOMMODATION/0_ACCOMMODATION_1566300110981_290da45af0cc1693?_src=imagekit&tr=c-at_max,h-100,q-40,w-100","https://ik.imagekit.io/tvlk/ugc-review/guys1L+Yyer9kzI3sp-pb0CG1j2bhflZGFUZOoIf1YOBAm37kEUOKR41ieUZm7ZJ/ugc-photo-ap-southeast-1-581603780057-acd24e232f75f09e/ACCOMMODATION/0_ACCOMMODATION_1566300110982_0d5caaba26de6b3b?_src=imagekit&tr=c-at_max,h-100,q-40,w-100","https://ik.imagekit.io/tvlk/ugc-review/guys1L+Yyer9kzI3sp-pb0CG1j2bhflZGFUZOoIf1YOBAm37kEUOKR41ieUZm7ZJ/ugc-photo-ap-southeast-1-581603780057-acd24e232f75f09e/ACCOMMODATION/0_ACCOMMODATION_1566300110981_d95c014ce837c16c?_src=imagekit&tr=c-at_max,h-100,q-40,w-100",,,,,,,,,,,,,,,,
https://www.traveloka.com/id-id/user/review/consumption/HOTEL/GENERAL/295675,13,20,Pengalaman staycation yang seperti biasa tanpa keluhan.,Diulas 350 minggu lalu,"https://ik.imagekit.io/tvlk/ugc-review/guys1L+Yyer9kzI3sp-pb0CG1j2bhflZGFUZOoIf1YOBAm37kEUOKR41ieUZm7ZJ/ugc-photo-ap-southeast-1-581603780057-acd24e232f75f09e/ACCOMMODATION/9880251_ACCOMMODATION_1566293150299_1a82dfcaff2a07ee?_src=imagekit&tr=c-at_max,h-100,q-40,w-100","https://ik.imagekit.io/tvlk/ugc-review/guys1L+Yyer9kzI3sp-pb0CG1j2bhflZGFUZOoIf1YOBAm37kEUOKR41ieUZm7ZJ/ugc-photo-ap-southeast-1-581603780057-acd24e232f75f09e/ACCOMMODATION/9880251_ACCOMMODATION_1566293150299_ad77c3306dc37b1f?_src=imagekit&tr=c-at_max,h-100,q-40,w-100",,,,,,,,,,,,,,,,,,
https://www.traveloka.com/id-id/user/review/consumption/HOTEL/GENERAL/295675,14,1,"Tumben dapat harga promo di hotel berbintang, pengalaman mengasyikkan, servis hotel yang menyenangkan, bersih, lokasi strategis, fasilitas lengkap, mau hiburan atau belanja tinggal ke samping hotel.",Diulas 351 minggu lalu,"https://ik.imagekit.io/tvlk/ugc-review/guys1L+Yyer9kzI3sp-pb0CG1j2bhflZGFUZOoIf1YOBAm37kEUOKR41ieUZm7ZJ/ugc-photo-ap-southeast-1-581603780057-acd24e232f75f09e/ACCOMMODATION/39558963_ACCOMMODATION_1566222165948_3f66acfd7d3f9d7b?_src=imagekit&tr=c-at_max,h-100,q-40,w-100",,,,,,,,,,,,,,,,,,,
https://www.traveloka.com/id-id/user/review/consumption/HOTEL/GENERAL/295675,14,2,"Pelayanan cukup ramah, hanya saja untuk menginap kali ini ada beberapa koreksi. Pertama air panas kurang panas dari awalnya tidak panas sama sekali. Kedua makanan rasanya kurang pas, ayam kering, ikan fillet juga kering.",Diulas 351 minggu lalu,"https://ik.imagekit.io/tvlk/ugc-review/guys1L+Yyer9kzI3sp-pb0CG1j2bhflZGFUZOoIf1YOBAm37kEUOKR41ieUZm7ZJ/ugc-photo-ap-southeast-1-581603780057-acd24e232f75f09e/ACCOMMODATION/9880251_ACCOMMODATION_1565751593687_e15724ffb78d4eed?_src=imagekit&tr=c-at_max,h-100,q-40,w-100",,,,,,,,,,,,,,,,,,,
https://www.traveloka.com/id-id/user/review/consumption/HOTEL/GENERAL/295675,14,3,"Rapi dan bersih untuk pelayanan sangat baik tapi untuk rasaa makanan saat sarapan semua kurang bumbu, untuk kesini lagi bisa dipikirkan.",Diulas 353 minggu lalu,"https://ik.imagekit.io/tvlk/ugc-review/guys1L+Yyer9kzI3sp-pb0CG1j2bhflZGFUZOoIf1YOBAm37kEUOKR41ieUZm7ZJ/ugc-photo-ap-southeast-1-581603780057-acd24e232f75f09e/ACCOMMODATION/45029576_ACCOMMODATION_1564993110968_8933f7c9f2d9cc9e?_src=imagekit&tr=c-at_max,h-100,q-40,w-100",,,,,,,,,,,,,,,,,,,
https://www.traveloka.com/id-id/user/review/consumption/HOTEL/GENERAL/295675,14,4,resepsionis cepat hanya perlu 5 menit untuk mendapatkan kunci kamar kami. Kamar bersih dan sarapannya ok,Diulas 354 minggu lalu,"https://ik.imagekit.io/tvlk/ugc-review/guys1L+Yyer9kzI3sp-pb0CG1j2bhflZGFUZOoIf1YOBAm37kEUOKR41ieUZm7ZJ/ugc-photo-ap-southeast-1-581603780057-acd24e232f75f09e/ACCOMMODATION/29631140_ACCOMMODATION_1564361084826_cf830143c51109a2?_src=imagekit&tr=c-at_max,h-100,q-40,w-100",,,,,,,,,,,,,,,,,,,
https://www.traveloka.com/id-id/user/review/consumption/HOTEL/GENERAL/295675,14,5,"Overall sangat memuaskan hanya minus saat check-in saya datang jam 14.12 hampir menunggu sampai sejam karena jam 15.00 baru bisa masuk, dengan alasan kamar belum ready. Semoga jadi masukan untuk lebih ditingkatkan lagi.",Diulas 354 minggu lalu,"https://ik.imagekit.io/tvlk/ugc-review/guys1L+Yyer9kzI3sp-pb0CG1j2bhflZGFUZOoIf1YOBAm37kEUOKR41ieUZm7ZJ/ugc-photo-ap-southeast-1-581603780057-acd24e232f75f09e/ACCOMMODATION/18431802_ACCOMMODATION_1564306910619_3d559dfdcac7f3f1?_src=imagekit&tr=c-at_max,h-100,q-40,w-100","https://ik.imagekit.io/tvlk/ugc-review/guys1L+Yyer9kzI3sp-pb0CG1j2bhflZGFUZOoIf1YOBAm37kEUOKR41ieUZm7ZJ/ugc-photo-ap-southeast-1-581603780057-acd24e232f75f09e/ACCOMMODATION/18431802_ACCOMMODATION_1564306910620_9792b0b8813ff8cc?_src=imagekit&tr=c-at_max,h-100,q-40,w-100",,,,,,,,,,,,,,,,,,
https://www.traveloka.com/id-id/user/review/consumption/HOTEL/GENERAL/295675,14,6,"Cukup bersih. Harga wajar, lokasi dekat dari tempat terkenal Bandung, yaitu trans studio, trans mall, dll. Fasilitas baik-baik saja.",Diulas 354 minggu lalu,"https://ik.imagekit.io/tvlk/ugc-review/guys1L+Yyer9kzI3sp-pb0CG1j2bhflZGFUZOoIf1YOBAm37kEUOKR41ieUZm7ZJ/ugc-photo-ap-southeast-1-581603780057-acd24e232f75f09e/ACCOMMODATION/12122355_ACCOMMODATION_1564135603589_ba5273580fc89e9f?_src=imagekit&tr=c-at_max,h-100,q-40,w-100",,,,,,,,,,,,,,,,,,,
https://www.traveloka.com/id-id/user/review/consumption/HOTEL/GENERAL/295675,14,7,"Saya sangat menikmati pengalaman saya menginap disini. Hotel ini satu kawasan dengan trans studio jadi tidak perlu jauh-jauh mencari penginapan lagi. Jika ingin berbelanja atau menonton film, bisa juga ke trans studio mal, untuk ibadah juga ada masjid agung trans studio yang begitu megah, Jadi tidak usah khawatir mencari masjid. Kamarnya cukup nyaman, AC berfungsi dengan baik. Namun untuk hydrayernya tidak berfungsi, dan dinding kayu bawah dekat pintu kamar mandi sedikit kebuka, walau tidak penting bagi saya, Tapi menjadi tidak enak untuk dilihat. Saya dapat kamar di lantai. 9. untuk pelayanan cukup baik. Dari mulai check-in yang mudah dan cepat, orang-orangnya yang ramah, saat meminta sikat gigi pun langsung di antarkan ke kamar. Recommended deh hotel ibis tersebut ini.",Diulas 355 minggu lalu,"https://ik.imagekit.io/tvlk/ugc-review/guys1L+Yyer9kzI3sp-pb0CG1j2bhflZGFUZOoIf1YOBAm37kEUOKR41ieUZm7ZJ/ugc-photo-ap-southeast-1-581603780057-acd24e232f75f09e/ACCOMMODATION/111069388_ACCOMMODATION_1563436923467_f182d47451d75f29?_src=imagekit&tr=c-at_max,h-100,q-40,w-100","https://ik.imagekit.io/tvlk/ugc-review/guys1L+Yyer9kzI3sp-pb0CG1j2bhflZGFUZOoIf1YOBAm37kEUOKR41ieUZm7ZJ/ugc-photo-ap-southeast-1-581603780057-acd24e232f75f09e/ACCOMMODATION/111069388_ACCOMMODATION_1563436923467_f45cf8f51821ae8b?_src=imagekit&tr=c-at_max,h-100,q-40,w-100","https://ik.imagekit.io/tvlk/ugc-review/guys1L+Yyer9kzI3sp-pb0CG1j2bhflZGFUZOoIf1YOBAm37kEUOKR41ieUZm7ZJ/ugc-photo-ap-southeast-1-581603780057-acd24e232f75f09e/ACCOMMODATION/111069388_ACCOMMODATION_1563436923467_7a76f6987e3114df?_src=imagekit&tr=c-at_max,h-100,q-40,w-100",,,,,,,,,,,,,,,,,
https://www.traveloka.com/id-id/user/review/consumption/HOTEL/GENERAL/295675,14,8,"Hotelnya dekat banget dengan trans studio bandung. AC kamarnya dingin, tempat tidurnya nyaman kamarnya bersih, sarapannya beragam dan rasanya enak semua. Terima kasih Traveloka dan ibis trans studio. Liburan keluarga kami sangat menyenangkan😘❤",Diulas 355 minggu lalu,"https://ik.imagekit.io/tvlk/ugc-review/guys1L+Yyer9kzI3sp-pb0CG1j2bhflZGFUZOoIf1YOBAm37kEUOKR41ieUZm7ZJ/ugc-photo-ap-southeast-1-581603780057-acd24e232f75f09e/ACCOMMODATION/125414693_ACCOMMODATION_1563373774549_c9f9a51a89653c1d?_src=imagekit&tr=c-at_max,h-100,q-40,w-100",,,,,,,,,,,,,,,,,,,
https://www.traveloka.com/id-id/user/review/consumption/HOTEL/GENERAL/295675,14,9,"Dapat kamar di lantai 8, cocok meong. Malam-malam liat mesjid agung trans studio, lebih megah karena lampunya nyala. Kamar mandi bersih. Menu sarapan lengkap dan enak. Bolak-balik ke TSM tinggal jalan kaki, bebas macet.",Diulas 356 minggu lalu,"https://ik.imagekit.io/tvlk/ugc-review/guys1L+Yyer9kzI3sp-pb0CG1j2bhflZGFUZOoIf1YOBAm37kEUOKR41ieUZm7ZJ/ugc-photo-ap-southeast-1-581603780057-acd24e232f75f09e/ACCOMMODATION/14099256_ACCOMMODATION_1563201309145_f9b66b4dfef04a4e?_src=imagekit&tr=c-at_max,h-100,q-40,w-100",,,,,,,,,,,,,,,,,,,
https://www.traveloka.com/id-id/user/review/consumption/HOTEL/GENERAL/295675,14,10,"Kami tinggal di Ibis Trans Studio akhir pekan lalu dan secara keseluruhan itu adalah pengalaman yang menyenangkan. Ada beberapa hal yang perlu disorot: Plus 1. Lokasi Ini adalah titik kekuatan utama Ibis Trans Studio. Terletak di Gatot Subroto di sebelah Trans Luxury Hotel dan Trans Studio Mall yang akan menjadi fitur menarik bagi wisatawan dari kota lain. Lokasi itu sendiri dapat diakses oleh banyak moda transportasi dan khususnya mudah dijangkau dari Stasiun Kereta Api Bandung 2. Keramahtamahan Staf hotel ramah dan membantu. Mereka sangat sopan dalam melayani tamu mereka. Pada hari kami tiba di Ibis Trans Studio, kami berada 2 jam lebih awal dari jam check-in mereka. Namun, mereka ingin memeriksa kamar yang tersedia. Begitu mereka menemukan satu, mereka memberi tahu kami dan membiarkan kami memasuki ruangan untuk beristirahat. Itu sangat berarti bagi kami. 3. Sarapan Sarapan berkualitas dengan makanan barat dan Indonesia. Mereka melayani sarapan dari jam 6 pagi dan bahkan lebih awal pada acara khusus (permintaan khusus) Minus 1. Kunci kamar Mereka menggunakan kunci kamar digital untuk para tamu untuk mengakses lantai dan kamar tertentu. Namun, banyak tamu (termasuk saya) menemukan kesulitan dalam mengakses lantai dan kamar mereka. Mereka perlu meminta resepsionis untuk penggantian berkali-kali. Saran saya untuk Ibis adalah mereka mungkin ingin berpikir untuk mengganti kunci digital mereka ke model yang disadap. Terakhir kali saya memeriksa mereka masih menggunakan model plug-in. 2. Kurangnya fasilitas Tidak seperti hotel bintang 3 di atas lainnya, mereka memutuskan untuk memberikan jumlah fasilitas minimum. Selama kami tinggal, kami hanya punya sepasang sabun dan topi mandi. Mereka memang menyediakan pasta gigi berdasarkan permintaan dan saya menemukan ini agak aneh. Juga, sepasang cotton buds tidak akan sakit, kan? 3. Tempat Parkir Karena ruang parkir adalah tempat parkir bersama antara Ibis, Trans Luxury, dan TSM, ini sedikit membingungkan pada saat pertama kali memarkir mobil kami. Area parkir Ibis agak tersembunyi dan kami menghabiskan setengah jam hanya untuk memarkir mobil kami. Secara keseluruhan, ini adalah pengalaman menginap yang menyenangkan. Saya pasti akan tinggal di sana lagi. Ibis, secara umum, tidak pernah mengecewakan saya.",Diulas 357 minggu lalu,"https://ik.imagekit.io/tvlk/ugc-review/guys1L+Yyer9kzI3sp-pb0CG1j2bhflZGFUZOoIf1YOBAm37kEUOKR41ieUZm7ZJ/ugc-photo-ap-southeast-1-581603780057-acd24e232f75f09e/ACCOMMODATION/3576056_ACCOMMODATION_1562570659293_61bd99bcbaea4dee?_src=imagekit&tr=c-at_max,h-100,q-40,w-100","https://ik.imagekit.io/tvlk/ugc-review/guys1L+Yyer9kzI3sp-pb0CG1j2bhflZGFUZOoIf1YOBAm37kEUOKR41ieUZm7ZJ/ugc-photo-ap-southeast-1-581603780057-acd24e232f75f09e/ACCOMMODATION/3576056_ACCOMMODATION_1562570659293_5c0c1975c8185a50?_src=imagekit&tr=c-at_max,h-100,q-40,w-100","https://ik.imagekit.io/tvlk/ugc-review/guys1L+Yyer9kzI3sp-pb0CG1j2bhflZGFUZOoIf1YOBAm37kEUOKR41ieUZm7ZJ/ugc-photo-ap-southeast-1-581603780057-acd24e232f75f09e/ACCOMMODATION/3576056_ACCOMMODATION_1562570659293_30e20dde03bbc5ad?_src=imagekit&tr=c-at_max,h-100,q-40,w-100","https://ik.imagekit.io/tvlk/ugc-review/guys1L+Yyer9kzI3sp-pb0CG1j2bhflZGFUZOoIf1YOBAm37kEUOKR41ieUZm7ZJ/ugc-photo-ap-southeast-1-581603780057-acd24e232f75f09e/ACCOMMODATION/3576056_ACCOMMODATION_1562570659294_c470b2beaae9b64f?_src=imagekit&tr=c-at_max,h-100,q-40,w-100","https://ik.imagekit.io/tvlk/ugc-review/guys1L+Yyer9kzI3sp-pb0CG1j2bhflZGFUZOoIf1YOBAm37kEUOKR41ieUZm7ZJ/ugc-photo-ap-southeast-1-581603780057-acd24e232f75f09e/ACCOMMODATION/3576056_ACCOMMODATION_1562570659294_d70ee2449954ec64?_src=imagekit&tr=c-at_max,h-100,q-40,w-100","https://ik.imagekit.io/tvlk/ugc-review/guys1L+Yyer9kzI3sp-pb0CG1j2bhflZGFUZOoIf1YOBAm37kEUOKR41ieUZm7ZJ/ugc-photo-ap-southeast-1-581603780057-acd24e232f75f09e/ACCOMMODATION/3576056_ACCOMMODATION_1562570659294_161b1f3089d8bee2?_src=imagekit&tr=c-at_max,h-100,q-40,w-100",,,,,,,,,,,,,,
https://www.traveloka.com/id-id/user/review/consumption/HOTEL/GENERAL/295675,14,11,"Saya pergi ke bandung untuk perjalanan bisnis, dan saya harus bersiap-siap pagi-pagi sekali, tetapi hanya ada air panas di kamar mandi saya (nomor kamar 1719), saya sudah menelepon rumah tangga dan sangat lama setelah saya menunggu dan mereka memeriksa, katanya mereka perlu memeriksa kembali, dan saya meminta untuk pindah kamar karena saya benar-benar harus bersiap-siap dan kemudian dia meninggalkan saya dan membuat saya menunggu seperti 30 menit atau lebih dan akhirnya saya check out dan pergi tanpa mengambil mandi",Diulas 357 minggu lalu,"https://ik.imagekit.io/tvlk/ugc-review/guys1L+Yyer9kzI3sp-pb0CG1j2bhflZGFUZOoIf1YOBAm37kEUOKR41ieUZm7ZJ/ugc-photo-ap-southeast-1-581603780057-acd24e232f75f09e/ACCOMMODATION/55029812_ACCOMMODATION_1562237819862_8286dabae7389714?_src=imagekit&tr=c-at_max,h-100,q-40,w-100",,,,,,,,,,,,,,,,,,,
https://www.traveloka.com/id-id/user/review/consumption/HOTEL/GENERAL/295675,14,12,Akomodasi yang cocok untuk liburan keluarga karena dekat dengan mal dan tempat permainan. Kamarnya bersih karena setiap hari dibersihkan. Para pekerjanya ramah-ramah dan sangat menolong bila diperlukan.,Diulas 357 minggu lalu,"https://ik.imagekit.io/tvlk/ugc-review/guys1L+Yyer9kzI3sp-pb0CG1j2bhflZGFUZOoIf1YOBAm37kEUOKR41ieUZm7ZJ/ugc-photo-ap-southeast-1-581603780057-acd24e232f75f09e/ACCOMMODATION/20443179_ACCOMMODATION_1562055399194_9f8c0ae776ff94d5?_src=imagekit&tr=c-at_max,h-100,q-40,w-100",,,,,,,,,,,,,,,,,,,
https://www.traveloka.com/id-id/user/review/consumption/HOTEL/GENERAL/295675,14,13,"Yang saya mau komplain dgn rasa jengkel disini adalah pelayanan housekeepingnya sungguh sangat2 keterlaluan.Saya checkin tgl 26/6/2019 malam skitar jam 18an,skitar jam 22.30 saya mau menggunakan sikat gigi tapi tdk lgsng tersedia krn hrs by request.Dari 22.30-23.45 2x tlpn housekeeping dan mereka bilang akan segera di bawakan sikat gigi tapi ternyata bohong besar. Hampir jam 24 akhirnya saya tlpn bagian receptionist dan di terima oleh pak Janitra dan skitar 5mnitan datang dengan membawakan sikat gigi tersebut. Smoga review saya ini di baca oleh IBIS transtudio hotel bandung agar mendidik bagian housekeeping untuk sungguh2 dlm menjalankan tugas. Utk pak Janitra bagian receptionist Terima kasih banyak, bisa menjadi contoh teladan buat yg lain.",Diulas 358 minggu lalu,"https://ik.imagekit.io/tvlk/ugc-review/guys1L+Yyer9kzI3sp-pb0CG1j2bhflZGFUZOoIf1YOBAm37kEUOKR41ieUZm7ZJ/ugc-photo-ap-southeast-1-581603780057-acd24e232f75f09e/ACCOMMODATION/4756158_ACCOMMODATION_1561626423229_7596279d40f67e52?_src=imagekit&tr=c-at_max,h-100,q-40,w-100","https://ik.imagekit.io/tvlk/ugc-review/guys1L+Yyer9kzI3sp-pb0CG1j2bhflZGFUZOoIf1YOBAm37kEUOKR41ieUZm7ZJ/ugc-photo-ap-southeast-1-581603780057-acd24e232f75f09e/ACCOMMODATION/4756158_ACCOMMODATION_1561626423230_a5c7f3f0562f940d?_src=imagekit&tr=c-at_max,h-100,q-40,w-100","https://ik.imagekit.io/tvlk/ugc-review/guys1L+Yyer9kzI3sp-pb0CG1j2bhflZGFUZOoIf1YOBAm37kEUOKR41ieUZm7ZJ/ugc-photo-ap-southeast-1-581603780057-acd24e232f75f09e/ACCOMMODATION/4756158_ACCOMMODATION_1561626423230_e715570e331ea437?_src=imagekit&tr=c-at_max,h-100,q-40,w-100",,,,,,,,,,,,,,,,,
https://www.traveloka.com/id-id/user/review/consumption/HOTEL/GENERAL/295675,14,14,"Proses check-in cepat, pelayanan ramah, kamar dan toilet bersih, fasilitas kamar sesuai deskripsi, menu breakfast variatif dan enak. Overall, Ibis is 👍",Diulas 359 minggu lalu,"https://ik.imagekit.io/tvlk/ugc-review/guys1L+Yyer9kzI3sp-pb0CG1j2bhflZGFUZOoIf1YOBAm37kEUOKR41ieUZm7ZJ/ugc-photo-ap-southeast-1-581603780057-acd24e232f75f09e/ACCOMMODATION/10484600_ACCOMMODATION_1561431022078_4cc8d105820f21e7?_src=imagekit&tr=c-at_max,h-80,q-40,w-80","https://ik.imagekit.io/tvlk/ugc-review/guys1L+Yyer9kzI3sp-pb0CG1j2bhflZGFUZOoIf1YOBAm37kEUOKR41ieUZm7ZJ/ugc-photo-ap-southeast-1-581603780057-acd24e232f75f09e/ACCOMMODATION/10484600_ACCOMMODATION_1561431022078_077c6b9a0a22ef43?_src=imagekit&tr=c-at_max,h-80,q-40,w-80","https://ik.imagekit.io/tvlk/ugc-review/guys1L+Yyer9kzI3sp-pb0CG1j2bhflZGFUZOoIf1YOBAm37kEUOKR41ieUZm7ZJ/ugc-photo-ap-southeast-1-581603780057-acd24e232f75f09e/ACCOMMODATION/10484600_ACCOMMODATION_1561431022078_88d989ded6ffb20f?_src=imagekit&tr=c-at_max,h-80,q-40,w-80","https://ik.imagekit.io/tvlk/ugc-review/guys1L+Yyer9kzI3sp-pb0CG1j2bhflZGFUZOoIf1YOBAm37kEUOKR41ieUZm7ZJ/ugc-photo-ap-southeast-1-581603780057-acd24e232f75f09e/ACCOMMODATION/10484600_ACCOMMODATION_1561431022079_2b8ae6780b17329a?_src=imagekit&tr=c-at_max,h-80,q-40,w-80","https://ik.imagekit.io/tvlk/ugc-review/guys1L+Yyer9kzI3sp-pb0CG1j2bhflZGFUZOoIf1YOBAm37kEUOKR41ieUZm7ZJ/ugc-photo-ap-southeast-1-581603780057-acd24e232f75f09e/ACCOMMODATION/10484600_ACCOMMODATION_1561431022079_f4da8b2ee73633c9?_src=imagekit&tr=c-at_max,h-80,q-40,w-80","https://ik.imagekit.io/tvlk/ugc-review/guys1L+Yyer9kzI3sp-pb0CG1j2bhflZGFUZOoIf1YOBAm37kEUOKR41ieUZm7ZJ/ugc-photo-ap-southeast-1-581603780057-acd24e232f75f09e/ACCOMMODATION/10484600_ACCOMMODATION_1561431022079_755bf2ceda7a3a7e?_src=imagekit&tr=c-at_max,h-80,q-40,w-80","https://ik.imagekit.io/tvlk/ugc-review/guys1L+Yyer9kzI3sp-pb0CG1j2bhflZGFUZOoIf1YOBAm37kEUOKR41ieUZm7ZJ/ugc-photo-ap-southeast-1-581603780057-acd24e232f75f09e/ACCOMMODATION/10484600_ACCOMMODATION_1561431022079_52c020e9d4132577?_src=imagekit&tr=c-at_max,h-80,q-40,w-80","https://ik.imagekit.io/tvlk/ugc-review/guys1L+Yyer9kzI3sp-pb0CG1j2bhflZGFUZOoIf1YOBAm37kEUOKR41ieUZm7ZJ/ugc-photo-ap-southeast-1-581603780057-acd24e232f75f09e/ACCOMMODATION/10484600_ACCOMMODATION_1561431022079_1d54caeebbf13d92?_src=imagekit&tr=c-at_max,h-80,q-40,w-80","https://ik.imagekit.io/tvlk/ugc-review/guys1L+Yyer9kzI3sp-pb0CG1j2bhflZGFUZOoIf1YOBAm37kEUOKR41ieUZm7ZJ/ugc-photo-ap-southeast-1-581603780057-acd24e232f75f09e/ACCOMMODATION/10484600_ACCOMMODATION_1561431022080_0573a448c9c628d9?_src=imagekit&tr=c-at_max,h-80,q-40,w-80","https://ik.imagekit.io/tvlk/ugc-review/guys1L+Yyer9kzI3sp-pb0CG1j2bhflZGFUZOoIf1YOBAm37kEUOKR41ieUZm7ZJ/ugc-photo-ap-southeast-1-581603780057-acd24e232f75f09e/ACCOMMODATION/10484600_ACCOMMODATION_1561431022080_cc043dae78d112f4?_src=imagekit&tr=c-at_max,h-80,q-40,w-80",,,,,,,,,,
https://www.traveloka.com/id-id/user/review/consumption/HOTEL/GENERAL/295675,14,15,"Saya sudah yang ketiga kalinya menginap di trans studio bandung, rekreasi keluarga yang menyenangkan, terutama untuk anak-anak, pada saat masuk parkiran, mereka sudah sangat ramai, besok main ini itu, ke trans studio. Pengalaman terakhir waktu stay di ibis bandung, untuk pelayanan bagus, dan makanannya lumayan enak-enak. Semoga terus ipertahankan kalau perlu dinaikan untuk hospitality-nya.",Diulas 359 minggu lalu,"https://ik.imagekit.io/tvlk/ugc-review/guys1L+Yyer9kzI3sp-pb0CG1j2bhflZGFUZOoIf1YOBAm37kEUOKR41ieUZm7ZJ/ugc-photo-ap-southeast-1-581603780057-acd24e232f75f09e/ACCOMMODATION/4781062_ACCOMMODATION_1560244866657_216beeb12b6901eb?_src=imagekit&tr=c-at_max,h-100,q-40,w-100",,,,,,,,,,,,,,,,,,,
https://www.traveloka.com/id-id/user/review/consumption/HOTEL/GENERAL/295675,14,16,"Tempatnya menyenangkan, bersih, parkir luas, menu sarapan oke.",Diulas 359 minggu lalu,"https://ik.imagekit.io/tvlk/ugc-review/guys1L+Yyer9kzI3sp-pb0CG1j2bhflZGFUZOoIf1YOBAm37kEUOKR41ieUZm7ZJ/ugc-photo-ap-southeast-1-581603780057-acd24e232f75f09e/ACCOMMODATION/45759785_ACCOMMODATION_1561016063477_e0c47c2639964bc2?_src=imagekit&tr=c-at_max,h-100,q-40,w-100",,,,,,,,,,,,,,,,,,,
https://www.traveloka.com/id-id/user/review/consumption/HOTEL/GENERAL/295675,14,17,"Meskipun kami tidak bisa mendapatkan pintu penghubung dengan kedua tempat tidur queen, secara keseluruhan tetap baik. Kamar bersih, petugas meja depan, Ms. Melati sangat ramah dan membantu. Proses check out sederhana dan cepat. Pasti akan tinggal di sana lagi ketika kami kembali ke Bandung.",Diulas 360 minggu lalu,"https://ik.imagekit.io/tvlk/ugc-review/guys1L+Yyer9kzI3sp-pb0CG1j2bhflZGFUZOoIf1YOBAm37kEUOKR41ieUZm7ZJ/ugc-photo-ap-southeast-1-581603780057-acd24e232f75f09e/ACCOMMODATION/19234620_ACCOMMODATION_1560755248864_f8c330f1e0eb7e81?_src=imagekit&tr=c-at_max,h-100,q-40,w-100",,,,,,,,,,,,,,,,,,,
https://www.traveloka.com/id-id/user/review/consumption/HOTEL/GENERAL/295675,14,18,"Seperti biasa, setiap ke bandung selalu ke ibis trans, sudah sepert irumah sendiri.",Diulas 360 minggu lalu,"https://ik.imagekit.io/tvlk/ugc-review/guys1L+Yyer9kzI3sp-pb0CG1j2bhflZGFUZOoIf1YOBAm37kEUOKR41ieUZm7ZJ/ugc-photo-ap-southeast-1-581603780057-acd24e232f75f09e/ACCOMMODATION/6070545_ACCOMMODATION_1560566199325_02bd256e0b4f61c6?_src=imagekit&tr=c-at_max,h-100,q-40,w-100",,,,,,,,,,,,,,,,,,,
https://www.traveloka.com/id-id/user/review/consumption/HOTEL/GENERAL/295675,14,19,"Kamar bersih, Wi-Fi lancar cuma kamar mandinya terlalu sempit dengan pintu kaca di dalam. Kulkasnya tidak dingin, lift terlalu sedikit dan sempit apalagi momen lebaran pagi sampai malam lift selalu penuh. Breakfast lengkap, pilihan menu komplet.",Diulas 360 minggu lalu,"https://ik.imagekit.io/tvlk/ugc-review/guys1L+Yyer9kzI3sp-pb0CG1j2bhflZGFUZOoIf1YOBAm37kEUOKR41ieUZm7ZJ/ugc-photo-ap-southeast-1-581603780057-acd24e232f75f09e/ACCOMMODATION/5008513_ACCOMMODATION_1560488674597_9f6475be34350410?_src=imagekit&tr=c-at_max,h-100,q-40,w-100","https://ik.imagekit.io/tvlk/ugc-review/guys1L+Yyer9kzI3sp-pb0CG1j2bhflZGFUZOoIf1YOBAm37kEUOKR41ieUZm7ZJ/ugc-photo-ap-southeast-1-581603780057-acd24e232f75f09e/ACCOMMODATION/5008513_ACCOMMODATION_1560488674597_b230c6df26301b33?_src=imagekit&tr=c-at_max,h-100,q-40,w-100","https://ik.imagekit.io/tvlk/ugc-review/guys1L+Yyer9kzI3sp-pb0CG1j2bhflZGFUZOoIf1YOBAm37kEUOKR41ieUZm7ZJ/ugc-photo-ap-southeast-1-581603780057-acd24e232f75f09e/ACCOMMODATION/5008513_ACCOMMODATION_1560488674597_3fc50678b99c1bac?_src=imagekit&tr=c-at_max,h-100,q-40,w-100","https://ik.imagekit.io/tvlk/ugc-review/guys1L+Yyer9kzI3sp-pb0CG1j2bhflZGFUZOoIf1YOBAm37kEUOKR41ieUZm7ZJ/ugc-photo-ap-southeast-1-581603780057-acd24e232f75f09e/ACCOMMODATION/5008513_ACCOMMODATION_1560488674598_bccbd8d68ab501fa?_src=imagekit&tr=c-at_max,h-100,q-40,w-100",,,,,,,,,,,,,,,,
https://www.traveloka.com/id-id/user/review/consumption/HOTEL/GENERAL/295675,14,20,"Menginap di ibis BTS yang berada di satu wilayah Bandung Trans Studio sangat cocok untuk mereka yang ingin bermain di BTS, kamarnya bersih, dapat pelayanannya cepat.",Diulas 361 minggu lalu,"https://ik.imagekit.io/tvlk/ugc-review/guys1L+Yyer9kzI3sp-pb0CG1j2bhflZGFUZOoIf1YOBAm37kEUOKR41ieUZm7ZJ/ugc-photo-ap-southeast-1-581603780057-acd24e232f75f09e/ACCOMMODATION/6822966_ACCOMMODATION_1560159627412_be45b7fd29d6b915?_src=imagekit&tr=c-at_max,h-100,q-40,w-100","https://ik.imagekit.io/tvlk/ugc-review/guys1L+Yyer9kzI3sp-pb0CG1j2bhflZGFUZOoIf1YOBAm37kEUOKR41ieUZm7ZJ/ugc-photo-ap-southeast-1-581603780057-acd24e232f75f09e/ACCOMMODATION/6822966_ACCOMMODATION_1560159627412_61b141a49fa882eb?_src=imagekit&tr=c-at_max,h-100,q-40,w-100",,,,,,,,,,,,,,,,,,
https://www.traveloka.com/id-id/user/review/consumption/HOTEL/GENERAL/295675,15,1,"Lokasi hotel yang dekat dengan trans studio bandung, wajib kesini jika ke Bandung.",Diulas 361 minggu lalu,"https://ik.imagekit.io/tvlk/ugc-review/guys1L+Yyer9kzI3sp-pb0CG1j2bhflZGFUZOoIf1YOBAm37kEUOKR41ieUZm7ZJ/ugc-photo-ap-southeast-1-581603780057-acd24e232f75f09e/ACCOMMODATION/5197242_ACCOMMODATION_1559961701516_fe8fb77d92b3987a?_src=imagekit&tr=c-at_max,h-100,q-40,w-100",,,,,,,,,,,,,,,,,,,
https://www.traveloka.com/id-id/user/review/consumption/HOTEL/GENERAL/295675,15,2,"Sebenarnya harga gak sesuai dengan kamarnya tapi karena moment lebaran dimanfaatkan untuk meraih income ya sudah la gapapa, tamu rame banget jadi saat breakfast jadi tidak menyenangkan.",Diulas 361 minggu lalu,"https://ik.imagekit.io/tvlk/ugc-review/guys1L+Yyer9kzI3sp-pb0CG1j2bhflZGFUZOoIf1YOBAm37kEUOKR41ieUZm7ZJ/ugc-photo-ap-southeast-1-581603780057-acd24e232f75f09e/ACCOMMODATION/29486298_ACCOMMODATION_1559914699674_2ac59c76483ec3de?_src=imagekit&tr=c-at_max,h-100,q-40,w-100","https://ik.imagekit.io/tvlk/ugc-review/guys1L+Yyer9kzI3sp-pb0CG1j2bhflZGFUZOoIf1YOBAm37kEUOKR41ieUZm7ZJ/ugc-photo-ap-southeast-1-581603780057-acd24e232f75f09e/ACCOMMODATION/29486298_ACCOMMODATION_1559914699674_70aa8df2b6b14781?_src=imagekit&tr=c-at_max,h-100,q-40,w-100",,,,,,,,,,,,,,,,,,
https://www.traveloka.com/id-id/user/review/consumption/HOTEL/GENERAL/295675,15,3,"Pengalaman check in terburuk yang pernah ada. Saya datang di konter check in tepat di 2PM dan ruangan bahkan belum siap. Kantor depan bahkan tidak bisa memberikan kejelasan kapan kita bisa mendapatkan kamar, alasan mereka adalah masih dibersihkan. Akhirnya mereka meminta kami untuk menunggu sampai jam 2.30 sore dengan barang-barang berat kami di lobi yang ramai karena ada juga banyak tamu yang menunggu untuk mendapatkan kamar juga. Mereka bahkan tidak memberi kami minuman selamat datang untuk menunggu setengah jam, mereka seharusnya sudah mempersiapkan diri lebih baik untuk musim puncak. Sangat tidak memuaskan, jelas tidak sepadan dengan semua uang yang dihabiskan.",Diulas 361 minggu lalu,"https://ik.imagekit.io/tvlk/ugc-review/guys1L+Yyer9kzI3sp-pb0CG1j2bhflZGFUZOoIf1YOBAm37kEUOKR41ieUZm7ZJ/ugc-photo-ap-southeast-1-581603780057-acd24e232f75f09e/ACCOMMODATION/24436464_ACCOMMODATION_1559891384848_485a2fe72d2a2618?_src=imagekit&tr=c-at_max,h-100,q-40,w-100",,,,,,,,,,,,,,,,,,,
https://www.traveloka.com/id-id/user/review/consumption/HOTEL/GENERAL/295675,15,4,"Saya memesan kamar standar, no kamar 1106. Luar biasa sekali kebersihan dan kenyamanan kamarnya. Fasilitas di dalam kamarnya juga lengkap. Kasurnya nyaman. Sangat puas sekali 2 malam menginap di ibis ini. Next liburan pasti kesini lagi nginepnya, untuk menu makanannya juga enak-enak, sangat memuaskan. Jalan-jalan ke trans studio dan trans studio mal juga lebih dekat.",Diulas 363 minggu lalu,"https://ik.imagekit.io/tvlk/ugc-review/guys1L+Yyer9kzI3sp-pb0CG1j2bhflZGFUZOoIf1YOBAm37kEUOKR41ieUZm7ZJ/ugc-photo-ap-southeast-1-581603780057-acd24e232f75f09e/ACCOMMODATION/39399551_ACCOMMODATION_1558933130340_1e0f9a33c20067f6?_src=imagekit&tr=c-at_max,h-100,q-40,w-100","https://ik.imagekit.io/tvlk/ugc-review/guys1L+Yyer9kzI3sp-pb0CG1j2bhflZGFUZOoIf1YOBAm37kEUOKR41ieUZm7ZJ/ugc-photo-ap-southeast-1-581603780057-acd24e232f75f09e/ACCOMMODATION/39399551_ACCOMMODATION_1558933130341_42eb919281817c9d?_src=imagekit&tr=c-at_max,h-100,q-40,w-100","https://ik.imagekit.io/tvlk/ugc-review/guys1L+Yyer9kzI3sp-pb0CG1j2bhflZGFUZOoIf1YOBAm37kEUOKR41ieUZm7ZJ/ugc-photo-ap-southeast-1-581603780057-acd24e232f75f09e/ACCOMMODATION/39399551_ACCOMMODATION_1558933130341_cd3f87ee83220651?_src=imagekit&tr=c-at_max,h-100,q-40,w-100",,,,,,,,,,,,,,,,,
https://www.traveloka.com/id-id/user/review/consumption/HOTEL/GENERAL/295675,15,5,"Lokasi strategis, kamar nyaman dan staf ramah, sangat menyenangkan menginap disini.",Diulas 363 minggu lalu,"https://ik.imagekit.io/tvlk/ugc-review/guys1L+Yyer9kzI3sp-pb0CG1j2bhflZGFUZOoIf1YOBAm37kEUOKR41ieUZm7ZJ/ugc-photo-ap-southeast-1-581603780057-acd24e232f75f09e/ACCOMMODATION/9880251_ACCOMMODATION_1558856700444_a6b9f38ff713eb80?_src=imagekit&tr=c-at_max,h-100,q-40,w-100",,,,,,,,,,,,,,,,,,,
https://www.traveloka.com/id-id/user/review/consumption/HOTEL/GENERAL/295675,15,6,Overall fasilitas semua standar sekelas hotel bintang 3. Nilainya 8 untuk hotel ini.,Diulas 364 minggu lalu,"https://ik.imagekit.io/tvlk/ugc-review/guys1L+Yyer9kzI3sp-pb0CG1j2bhflZGFUZOoIf1YOBAm37kEUOKR41ieUZm7ZJ/ugc-photo-ap-southeast-1-581603780057-acd24e232f75f09e/ACCOMMODATION/370698_ACCOMMODATION_1558369030895_9874c9bc907393d7?_src=imagekit&tr=c-at_max,h-100,q-40,w-100","https://ik.imagekit.io/tvlk/ugc-review/guys1L+Yyer9kzI3sp-pb0CG1j2bhflZGFUZOoIf1YOBAm37kEUOKR41ieUZm7ZJ/ugc-photo-ap-southeast-1-581603780057-acd24e232f75f09e/ACCOMMODATION/370698_ACCOMMODATION_1558369030895_7fd3ac64f33261f2?_src=imagekit&tr=c-at_max,h-100,q-40,w-100","https://ik.imagekit.io/tvlk/ugc-review/guys1L+Yyer9kzI3sp-pb0CG1j2bhflZGFUZOoIf1YOBAm37kEUOKR41ieUZm7ZJ/ugc-photo-ap-southeast-1-581603780057-acd24e232f75f09e/ACCOMMODATION/370698_ACCOMMODATION_1558369030896_3511c02965165af3?_src=imagekit&tr=c-at_max,h-100,q-40,w-100",,,,,,,,,,,,,,,,,
https://www.traveloka.com/id-id/user/review/consumption/HOTEL/GENERAL/295675,15,7,"Saya sangat senang menginap di hotel ibis bandung, sangat dekat dengan trans studio bandung dan dekat juga dengan bandung eye center buah batu. Kamarnya bersih dan sangat nyaman. Cocok sebagai tempat menginap saat berlibur bersama keluarga ataupun perjalanan bisnis.",Diulas 364 minggu lalu,"https://ik.imagekit.io/tvlk/ugc-review/guys1L+Yyer9kzI3sp-pb0CG1j2bhflZGFUZOoIf1YOBAm37kEUOKR41ieUZm7ZJ/ugc-photo-ap-southeast-1-581603780057-acd24e232f75f09e/ACCOMMODATION/4843726_ACCOMMODATION_1558040749908_5b4866f437cb9227?_src=imagekit&tr=c-at_max,h-100,q-40,w-100",,,,,,,,,,,,,,,,,,,
https://www.traveloka.com/id-id/user/review/consumption/HOTEL/GENERAL/295675,15,8,"Roomnya bagus bersih, nyaman dengan view yang baik sehingga tampak Bandung dari atas. Hanya tidak didukung dengan menu sarapan-sahur yang memadai. Harusnya sarapan bisa ditingkatkan lagi oleh ibis.",Diulas 364 minggu lalu,"https://ik.imagekit.io/tvlk/ugc-review/guys1L+Yyer9kzI3sp-pb0CG1j2bhflZGFUZOoIf1YOBAm37kEUOKR41ieUZm7ZJ/ugc-photo-ap-southeast-1-581603780057-acd24e232f75f09e/ACCOMMODATION/90528267_ACCOMMODATION_1557627859663_3c82cda7c70a7272?_src=imagekit&tr=c-at_max,h-100,q-40,w-100","https://ik.imagekit.io/tvlk/ugc-review/guys1L+Yyer9kzI3sp-pb0CG1j2bhflZGFUZOoIf1YOBAm37kEUOKR41ieUZm7ZJ/ugc-photo-ap-southeast-1-581603780057-acd24e232f75f09e/ACCOMMODATION/90528267_ACCOMMODATION_1557627859663_0db8c24e556fa6e1?_src=imagekit&tr=c-at_max,h-100,q-40,w-100","https://ik.imagekit.io/tvlk/ugc-review/guys1L+Yyer9kzI3sp-pb0CG1j2bhflZGFUZOoIf1YOBAm37kEUOKR41ieUZm7ZJ/ugc-photo-ap-southeast-1-581603780057-acd24e232f75f09e/ACCOMMODATION/90528267_ACCOMMODATION_1557627859664_aaf526c9f4269c61?_src=imagekit&tr=c-at_max,h-100,q-40,w-100","https://ik.imagekit.io/tvlk/ugc-review/guys1L+Yyer9kzI3sp-pb0CG1j2bhflZGFUZOoIf1YOBAm37kEUOKR41ieUZm7ZJ/ugc-photo-ap-southeast-1-581603780057-acd24e232f75f09e/ACCOMMODATION/90528267_ACCOMMODATION_1557982060361_45fa8d49de3292ab?_src=imagekit&tr=c-at_max,h-100,q-40,w-100","https://ik.imagekit.io/tvlk/ugc-review/guys1L+Yyer9kzI3sp-pb0CG1j2bhflZGFUZOoIf1YOBAm37kEUOKR41ieUZm7ZJ/ugc-photo-ap-southeast-1-581603780057-acd24e232f75f09e/ACCOMMODATION/90528267_ACCOMMODATION_1557982060361_c4d5b799bd985a06?_src=imagekit&tr=c-at_max,h-100,q-40,w-100","https://ik.imagekit.io/tvlk/ugc-review/guys1L+Yyer9kzI3sp-pb0CG1j2bhflZGFUZOoIf1YOBAm37kEUOKR41ieUZm7ZJ/ugc-photo-ap-southeast-1-581603780057-acd24e232f75f09e/ACCOMMODATION/90528267_ACCOMMODATION_1557982060361_d9587b32828827c3?_src=imagekit&tr=c-at_max,h-100,q-40,w-100",,,,,,,,,,,,,,
https://www.traveloka.com/id-id/user/review/consumption/HOTEL/GENERAL/295675,15,9,"Recommended banget, pelayanan oke dan makanannya enak. Best deh, karena sebelahan dengan TSM juga jd ba ngemall juga. Thanks Traveloka dan ibis",Diulas 365 minggu lalu,"https://ik.imagekit.io/tvlk/ugc-review/guys1L+Yyer9kzI3sp-pb0CG1j2bhflZGFUZOoIf1YOBAm37kEUOKR41ieUZm7ZJ/ugc-photo-ap-southeast-1-581603780057-acd24e232f75f09e/ACCOMMODATION/3578034_ACCOMMODATION_1556894220976_ea99b904da341f96?_src=imagekit&tr=c-at_max,h-100,q-40,w-100","https://ik.imagekit.io/tvlk/ugc-review/guys1L+Yyer9kzI3sp-pb0CG1j2bhflZGFUZOoIf1YOBAm37kEUOKR41ieUZm7ZJ/ugc-photo-ap-southeast-1-581603780057-acd24e232f75f09e/ACCOMMODATION/3578034_ACCOMMODATION_1556894220975_c38f6e1611e47f62?_src=imagekit&tr=c-at_max,h-100,q-40,w-100",,,,,,,,,,,,,,,,,,
https://www.traveloka.com/id-id/user/review/consumption/HOTEL/GENERAL/295675,15,10,"Hotel dan pelayanan bagus, kamar bersih, rapi, cuma agak kecil, makan pagi juga banyak pilihan. Cuma harga di weekend naiknya banyak banget",Diulas 366 minggu lalu,"https://ik.imagekit.io/tvlk/ugc-review/guys1L+Yyer9kzI3sp-pb0CG1j2bhflZGFUZOoIf1YOBAm37kEUOKR41ieUZm7ZJ/ugc-photo-ap-southeast-1-581603780057-acd24e232f75f09e/ACCOMMODATION/56698773_ACCOMMODATION_1556936024070_c940d86ab560c4f1?_src=imagekit&tr=c-at_max,h-100,q-40,w-100","https://ik.imagekit.io/tvlk/ugc-review/guys1L+Yyer9kzI3sp-pb0CG1j2bhflZGFUZOoIf1YOBAm37kEUOKR41ieUZm7ZJ/ugc-photo-ap-southeast-1-581603780057-acd24e232f75f09e/ACCOMMODATION/56698773_ACCOMMODATION_1556936119826_cf1d27c22ac5fabc?_src=imagekit&tr=c-at_max,h-100,q-40,w-100",,,,,,,,,,,,,,,,,,
https://www.traveloka.com/id-id/user/review/consumption/HOTEL/GENERAL/295675,15,11,"Sangat bagus, makanan super enak, hotel pas di tengah kota, dekat Mal Trans Studio.",Diulas 367 minggu lalu,"https://ik.imagekit.io/tvlk/ugc-review/guys1L+Yyer9kzI3sp-pb0CG1j2bhflZGFUZOoIf1YOBAm37kEUOKR41ieUZm7ZJ/ugc-photo-ap-southeast-1-581603780057-acd24e232f75f09e/ACCOMMODATION/5403749_ACCOMMODATION_1556069306326_24ea0a2d7772c0c9?_src=imagekit&tr=c-at_max,h-100,q-40,w-100",,,,,,,,,,,,,,,,,,,
https://www.traveloka.com/id-id/user/review/consumption/HOTEL/GENERAL/295675,15,12,"Kamar cukup untuk saya yang menginap sendirian dalam rangka bisnis trip, mungkin akan terlalu sempit jika menginap bersama keluarga. Variasi menu sarapan banyak dan rasanya cukup baik. Staf pelayanan di front desk dan security ramah.",Diulas 369 minggu lalu,"https://ik.imagekit.io/tvlk/ugc-review/guys1L+Yyer9kzI3sp-pb0CG1j2bhflZGFUZOoIf1YOBAm37kEUOKR41ieUZm7ZJ/ugc-photo-ap-southeast-1-581603780057-acd24e232f75f09e/ACCOMMODATION/5702518_ACCOMMODATION_1555036946625_1f3a59d7049ac34e?_src=imagekit&tr=c-at_max,h-80,q-40,w-80","https://ik.imagekit.io/tvlk/ugc-review/guys1L+Yyer9kzI3sp-pb0CG1j2bhflZGFUZOoIf1YOBAm37kEUOKR41ieUZm7ZJ/ugc-photo-ap-southeast-1-581603780057-acd24e232f75f09e/ACCOMMODATION/5702518_ACCOMMODATION_1555036946626_93203c23e67e327f?_src=imagekit&tr=c-at_max,h-80,q-40,w-80","https://ik.imagekit.io/tvlk/ugc-review/guys1L+Yyer9kzI3sp-pb0CG1j2bhflZGFUZOoIf1YOBAm37kEUOKR41ieUZm7ZJ/ugc-photo-ap-southeast-1-581603780057-acd24e232f75f09e/ACCOMMODATION/5702518_ACCOMMODATION_1555036946626_54de6552fa0a719d?_src=imagekit&tr=c-at_max,h-80,q-40,w-80","https://ik.imagekit.io/tvlk/ugc-review/guys1L+Yyer9kzI3sp-pb0CG1j2bhflZGFUZOoIf1YOBAm37kEUOKR41ieUZm7ZJ/ugc-photo-ap-southeast-1-581603780057-acd24e232f75f09e/ACCOMMODATION/5702518_ACCOMMODATION_1555036946627_6897894831b381da?_src=imagekit&tr=c-at_max,h-80,q-40,w-80","https://ik.imagekit.io/tvlk/ugc-review/guys1L+Yyer9kzI3sp-pb0CG1j2bhflZGFUZOoIf1YOBAm37kEUOKR41ieUZm7ZJ/ugc-photo-ap-southeast-1-581603780057-acd24e232f75f09e/ACCOMMODATION/5702518_ACCOMMODATION_1555036946627_1e5a2b5d3ac8b700?_src=imagekit&tr=c-at_max,h-80,q-40,w-80","https://ik.imagekit.io/tvlk/ugc-review/guys1L+Yyer9kzI3sp-pb0CG1j2bhflZGFUZOoIf1YOBAm37kEUOKR41ieUZm7ZJ/ugc-photo-ap-southeast-1-581603780057-acd24e232f75f09e/ACCOMMODATION/5702518_ACCOMMODATION_1555036946627_2f5322a4d5199649?_src=imagekit&tr=c-at_max,h-80,q-40,w-80","https://ik.imagekit.io/tvlk/ugc-review/guys1L+Yyer9kzI3sp-pb0CG1j2bhflZGFUZOoIf1YOBAm37kEUOKR41ieUZm7ZJ/ugc-photo-ap-southeast-1-581603780057-acd24e232f75f09e/ACCOMMODATION/5702518_ACCOMMODATION_1555036946628_9fad7de78884fa79?_src=imagekit&tr=c-at_max,h-80,q-40,w-80",,,,,,,,,,,,,
https://www.traveloka.com/id-id/user/review/consumption/HOTEL/GENERAL/295675,15,13,Ramah dan bersih di pusat kota.,Diulas 372 minggu lalu,"https://ik.imagekit.io/tvlk/ugc-review/guys1L+Yyer9kzI3sp-pb0CG1j2bhflZGFUZOoIf1YOBAm37kEUOKR41ieUZm7ZJ/ugc-photo-ap-southeast-1-581603780057-acd24e232f75f09e/ACCOMMODATION/19669427_ACCOMMODATION_1553333004383_34d4396e0dbfec49?_src=imagekit&tr=c-at_max,h-100,q-40,w-100",,,,,,,,,,,,,,,,,,,
https://www.traveloka.com/id-id/user/review/consumption/HOTEL/GENERAL/295675,15,14,Di samping mal trans studio dan hotel trans. Harga sepadan dengan fasilitas. Akan kembali untuk tinggal di sini lagi. Yang terbaik adalah mereka menyediakan guling (guling) .. Terima kasih atas keramahannya,Diulas 372 minggu lalu,"https://ik.imagekit.io/tvlk/ugc-review/guys1L+Yyer9kzI3sp-pb0CG1j2bhflZGFUZOoIf1YOBAm37kEUOKR41ieUZm7ZJ/ugc-photo-ap-southeast-1-581603780057-acd24e232f75f09e/ACCOMMODATION/17017121_ACCOMMODATION_1553307019562_ee9378bdf29e08ff?_src=imagekit&tr=c-at_max,h-100,q-40,w-100","https://ik.imagekit.io/tvlk/ugc-review/guys1L+Yyer9kzI3sp-pb0CG1j2bhflZGFUZOoIf1YOBAm37kEUOKR41ieUZm7ZJ/ugc-photo-ap-southeast-1-581603780057-acd24e232f75f09e/ACCOMMODATION/17017121_ACCOMMODATION_1553307167956_9cfaa3e419e3bc31?_src=imagekit&tr=c-at_max,h-100,q-40,w-100",,,,,,,,,,,,,,,,,,
https://www.traveloka.com/id-id/user/review/consumption/HOTEL/GENERAL/295675,15,15,"Hotel yang sangat nyaman. Fasilitas yang lengkap, dan pelayanannya ramah.",Diulas 372 minggu lalu,"https://ik.imagekit.io/tvlk/ugc-review/guys1L+Yyer9kzI3sp-pb0CG1j2bhflZGFUZOoIf1YOBAm37kEUOKR41ieUZm7ZJ/ugc-photo-ap-southeast-1-581603780057-acd24e232f75f09e/ACCOMMODATION/17040356_ACCOMMODATION_1553141819823_4474f06812e214ee?_src=imagekit&tr=c-at_max,h-100,q-40,w-100",,,,,,,,,,,,,,,,,,,
https://www.traveloka.com/id-id/user/review/consumption/HOTEL/GENERAL/295675,15,16,"Untuk room-nya sangat nyaman, bersih dan rapi serta design room-nya keren, padahal tergolong sempit namun sangat memaksimalkan ruangan. Untuk lokasi tidak diragukan lagi sangat strategis karena satu kawasan dengan Trans Studio, ada arena hiburan keluarga, ada mal dan ada mesjid dengan megahnya. Untuk sarapan lumayan enak dan untuk harga sangat miring. Sangat recommended terlebih untuk liburan keluarga di Bandung.",Diulas 373 minggu lalu,"https://ik.imagekit.io/tvlk/ugc-review/guys1L+Yyer9kzI3sp-pb0CG1j2bhflZGFUZOoIf1YOBAm37kEUOKR41ieUZm7ZJ/ugc-photo-ap-southeast-1-581603780057-acd24e232f75f09e/ACCOMMODATION/17972126_ACCOMMODATION_1552542681800_d213baa8a4aa603e?_src=imagekit&tr=c-at_max,h-80,q-40,w-80","https://ik.imagekit.io/tvlk/ugc-review/guys1L+Yyer9kzI3sp-pb0CG1j2bhflZGFUZOoIf1YOBAm37kEUOKR41ieUZm7ZJ/ugc-photo-ap-southeast-1-581603780057-acd24e232f75f09e/ACCOMMODATION/17972126_ACCOMMODATION_1552542681801_f037093da7fbd7b5?_src=imagekit&tr=c-at_max,h-80,q-40,w-80","https://ik.imagekit.io/tvlk/ugc-review/guys1L+Yyer9kzI3sp-pb0CG1j2bhflZGFUZOoIf1YOBAm37kEUOKR41ieUZm7ZJ/ugc-photo-ap-southeast-1-581603780057-acd24e232f75f09e/ACCOMMODATION/17972126_ACCOMMODATION_1552542681801_743abeb13c17b2ec?_src=imagekit&tr=c-at_max,h-80,q-40,w-80","https://ik.imagekit.io/tvlk/ugc-review/guys1L+Yyer9kzI3sp-pb0CG1j2bhflZGFUZOoIf1YOBAm37kEUOKR41ieUZm7ZJ/ugc-photo-ap-southeast-1-581603780057-acd24e232f75f09e/ACCOMMODATION/17972126_ACCOMMODATION_1552542681802_ba540ecc298b6ff5?_src=imagekit&tr=c-at_max,h-80,q-40,w-80","https://ik.imagekit.io/tvlk/ugc-review/guys1L+Yyer9kzI3sp-pb0CG1j2bhflZGFUZOoIf1YOBAm37kEUOKR41ieUZm7ZJ/ugc-photo-ap-southeast-1-581603780057-acd24e232f75f09e/ACCOMMODATION/17972126_ACCOMMODATION_1552542681802_28c02df760e0f2db?_src=imagekit&tr=c-at_max,h-80,q-40,w-80","https://ik.imagekit.io/tvlk/ugc-review/guys1L+Yyer9kzI3sp-pb0CG1j2bhflZGFUZOoIf1YOBAm37kEUOKR41ieUZm7ZJ/ugc-photo-ap-southeast-1-581603780057-acd24e232f75f09e/ACCOMMODATION/17972126_ACCOMMODATION_1552542681802_0a33e347b155c23a?_src=imagekit&tr=c-at_max,h-80,q-40,w-80","https://ik.imagekit.io/tvlk/ugc-review/guys1L+Yyer9kzI3sp-pb0CG1j2bhflZGFUZOoIf1YOBAm37kEUOKR41ieUZm7ZJ/ugc-photo-ap-southeast-1-581603780057-acd24e232f75f09e/ACCOMMODATION/17972126_ACCOMMODATION_1552542681803_9f4d952fb5e9a783?_src=imagekit&tr=c-at_max,h-80,q-40,w-80","https://ik.imagekit.io/tvlk/ugc-review/guys1L+Yyer9kzI3sp-pb0CG1j2bhflZGFUZOoIf1YOBAm37kEUOKR41ieUZm7ZJ/ugc-photo-ap-southeast-1-581603780057-acd24e232f75f09e/ACCOMMODATION/17972126_ACCOMMODATION_1552542681803_05a36758b74604ad?_src=imagekit&tr=c-at_max,h-80,q-40,w-80","https://ik.imagekit.io/tvlk/ugc-review/guys1L+Yyer9kzI3sp-pb0CG1j2bhflZGFUZOoIf1YOBAm37kEUOKR41ieUZm7ZJ/ugc-photo-ap-southeast-1-581603780057-acd24e232f75f09e/ACCOMMODATION/17972126_ACCOMMODATION_1552542681803_eae7c45d7854c766?_src=imagekit&tr=c-at_max,h-80,q-40,w-80","https://ik.imagekit.io/tvlk/ugc-review/guys1L+Yyer9kzI3sp-pb0CG1j2bhflZGFUZOoIf1YOBAm37kEUOKR41ieUZm7ZJ/ugc-photo-ap-southeast-1-581603780057-acd24e232f75f09e/ACCOMMODATION/17972126_ACCOMMODATION_1552542681803_088c93e56bad642f?_src=imagekit&tr=c-at_max,h-80,q-40,w-80",,,,,,,,,,
https://www.traveloka.com/id-id/user/review/consumption/HOTEL/GENERAL/295675,15,17,"Dekat dengan trans mal dan trans studio tinggal jalan kaki beberapa langkah saja, hotelnya bersih dan menyenangkan.",Diulas 374 minggu lalu,"https://ik.imagekit.io/tvlk/ugc-review/guys1L+Yyer9kzI3sp-pb0CG1j2bhflZGFUZOoIf1YOBAm37kEUOKR41ieUZm7ZJ/ugc-photo-ap-southeast-1-581603780057-acd24e232f75f09e/ACCOMMODATION/23598521_ACCOMMODATION_1552310148397_0e6e4aff33fe4503?_src=imagekit&tr=c-at_max,h-100,q-40,w-100",,,,,,,,,,,,,,,,,,,
https://www.traveloka.com/id-id/user/review/consumption/HOTEL/GENERAL/295675,15,18,"Saya telah tinggal paling menyenangkan, orang-orang di meja depan ramah. Kamarnya bersih dan rapi dan harganya bisa diterima.",Diulas 374 minggu lalu,"https://ik.imagekit.io/tvlk/ugc-review/guys1L+Yyer9kzI3sp-pb0CG1j2bhflZGFUZOoIf1YOBAm37kEUOKR41ieUZm7ZJ/ugc-photo-ap-southeast-1-581603780057-acd24e232f75f09e/ACCOMMODATION/9829300_ACCOMMODATION_1551750235683_e84aa09f1b805792?_src=imagekit&tr=c-at_max,h-100,q-40,w-100",,,,,,,,,,,,,,,,,,,
https://www.traveloka.com/id-id/user/review/consumption/HOTEL/GENERAL/295675,15,19,"Ibis terima kasih, saya akan melihat yang terbaik. Saya bisa melihat TSM dan Masjid Agung melalui jendela saya. Keramahannya luar biasa, kalian punya tim terbaik yang pernah ada. Mereka semua sangat membantu dan ramah. Terima kasih. Tentu saja, saya akan menginap di Ibis lagi.",Diulas 375 minggu lalu,"https://ik.imagekit.io/tvlk/ugc-review/guys1L+Yyer9kzI3sp-pb0CG1j2bhflZGFUZOoIf1YOBAm37kEUOKR41ieUZm7ZJ/ugc-photo-ap-southeast-1-581603780057-acd24e232f75f09e/ACCOMMODATION/97207812_ACCOMMODATION_1551693165126_2a4f9a0209d6582a?_src=imagekit&tr=c-at_max,h-100,q-40,w-100",,,,,,,,,,,,,,,,,,,
https://www.traveloka.com/id-id/user/review/consumption/HOTEL/GENERAL/295675,15,20,Tempatnya strategis dan yang pasti dekat dengan masjid karena saya muslim.,Diulas 375 minggu lalu,"https://ik.imagekit.io/tvlk/ugc-review/guys1L+Yyer9kzI3sp-pb0CG1j2bhflZGFUZOoIf1YOBAm37kEUOKR41ieUZm7ZJ/ugc-photo-ap-southeast-1-581603780057-acd24e232f75f09e/ACCOMMODATION/70872546_ACCOMMODATION_1551060413589_10cdcc7ebbca7743?_src=imagekit&tr=c-at_max,h-100,q-40,w-100",,,,,,,,,,,,,,,,,,,
https://www.traveloka.com/id-id/user/review/consumption/HOTEL/GENERAL/295675,16,1,Memiliki akhir pekan yang sangat menyenangkan. Lokasi sangat nyaman. Kamar yang nyaman. Cepat masuk dan keluar. Staf yang ramah Pasti akan kembali ke sini.,Diulas 376 minggu lalu,"https://ik.imagekit.io/tvlk/ugc-review/guys1L+Yyer9kzI3sp-pb0CG1j2bhflZGFUZOoIf1YOBAm37kEUOKR41ieUZm7ZJ/ugc-photo-ap-southeast-1-581603780057-acd24e232f75f09e/ACCOMMODATION/6452774_ACCOMMODATION_1551026619027_d08dafcb58464e87?_src=imagekit&tr=c-at_max,h-100,q-40,w-100",,,,,,,,,,,,,,,,,,,
https://www.traveloka.com/id-id/user/review/consumption/HOTEL/GENERAL/295675,16,2,Cocok buat saya yang malas kemana-mana kalau sudah di bandung. Semua ada di satu tempat.,Diulas 377 minggu lalu,"https://ik.imagekit.io/tvlk/ugc-review/guys1L+Yyer9kzI3sp-pb0CG1j2bhflZGFUZOoIf1YOBAm37kEUOKR41ieUZm7ZJ/ugc-photo-ap-southeast-1-581603780057-acd24e232f75f09e/ACCOMMODATION/9327957_ACCOMMODATION_1550452553936_c96cbbbb184601b3?_src=imagekit&tr=c-at_max,h-100,q-40,w-100","https://ik.imagekit.io/tvlk/ugc-review/guys1L+Yyer9kzI3sp-pb0CG1j2bhflZGFUZOoIf1YOBAm37kEUOKR41ieUZm7ZJ/ugc-photo-ap-southeast-1-581603780057-acd24e232f75f09e/ACCOMMODATION/9327957_ACCOMMODATION_1550452553937_4514b88677727335?_src=imagekit&tr=c-at_max,h-100,q-40,w-100",,,,,,,,,,,,,,,,,,
https://www.traveloka.com/id-id/user/review/consumption/HOTEL/GENERAL/295675,16,3,Gue kira kecil kamarnya ternyata tidak terlalu kecil untuk untuk superior. Recommended.,Diulas 377 minggu lalu,"https://ik.imagekit.io/tvlk/ugc-review/guys1L+Yyer9kzI3sp-pb0CG1j2bhflZGFUZOoIf1YOBAm37kEUOKR41ieUZm7ZJ/ugc-photo-ap-southeast-1-581603780057-acd24e232f75f09e/ACCOMMODATION/6833203_ACCOMMODATION_1550334610401_842b93d12018e99b?_src=imagekit&tr=c-at_max,h-100,q-40,w-100",,,,,,,,,,,,,,,,,,,
https://www.traveloka.com/id-id/user/review/consumption/HOTEL/GENERAL/295675,16,4,"Love it, sangat mewakili yang saya rasakan selama menginap disana.",Diulas 378 minggu lalu,"https://ik.imagekit.io/tvlk/ugc-review/guys1L+Yyer9kzI3sp-pb0CG1j2bhflZGFUZOoIf1YOBAm37kEUOKR41ieUZm7ZJ/ugc-photo-ap-southeast-1-581603780057-acd24e232f75f09e/ACCOMMODATION/3994860_ACCOMMODATION_1549454054046_5cfd89379e4faaf7?_src=imagekit&tr=c-at_max,h-100,q-40,w-100",,,,,,,,,,,,,,,,,,,
https://www.traveloka.com/id-id/user/review/consumption/HOTEL/GENERAL/295675,16,5,"Kamar yang nyaman tetapi ruang terbatas saat sarapan, sulit untuk menemukan meja yang tersedia di restoran.",Diulas 379 minggu lalu,"https://ik.imagekit.io/tvlk/ugc-review/guys1L+Yyer9kzI3sp-pb0CG1j2bhflZGFUZOoIf1YOBAm37kEUOKR41ieUZm7ZJ/ugc-photo-ap-southeast-1-581603780057-acd24e232f75f09e/ACCOMMODATION/6961582_ACCOMMODATION_1549254522242_7345d41c1658c84a?_src=imagekit&tr=c-at_max,h-100,q-40,w-100","https://ik.imagekit.io/tvlk/ugc-review/guys1L+Yyer9kzI3sp-pb0CG1j2bhflZGFUZOoIf1YOBAm37kEUOKR41ieUZm7ZJ/ugc-photo-ap-southeast-1-581603780057-acd24e232f75f09e/ACCOMMODATION/6961582_ACCOMMODATION_1549254522243_605ca0a292c955ab?_src=imagekit&tr=c-at_max,h-100,q-40,w-100",,,,,,,,,,,,,,,,,,
https://www.traveloka.com/id-id/user/review/consumption/HOTEL/GENERAL/295675,16,6,"Lokasi dekat TSM Mall dan Trans Studio Bandung, bersih, sarapan standar bintang 3, pemandangan saat malam keren, tapi parkirnya susah, karena tidak ada petugas parkir yang mengarahkan. Next akan menginap di hotel ini lagi.",Diulas 379 minggu lalu,"https://ik.imagekit.io/tvlk/ugc-review/guys1L+Yyer9kzI3sp-pb0CG1j2bhflZGFUZOoIf1YOBAm37kEUOKR41ieUZm7ZJ/ugc-photo-ap-southeast-1-581603780057-acd24e232f75f09e/ACCOMMODATION/8745801_ACCOMMODATION_1549245380936_d931c293dba6fd81?_src=imagekit&tr=c-at_max,h-100,q-40,w-100",,,,,,,,,,,,,,,,,,,
https://www.traveloka.com/id-id/user/review/consumption/HOTEL/GENERAL/295675,16,7,"Dekat dengan trans studio dan mal, pengalaman yang menyenangkan, luar biasa!",Diulas 379 minggu lalu,"https://ik.imagekit.io/tvlk/ugc-review/guys1L+Yyer9kzI3sp-pb0CG1j2bhflZGFUZOoIf1YOBAm37kEUOKR41ieUZm7ZJ/ugc-photo-ap-southeast-1-581603780057-acd24e232f75f09e/ACCOMMODATION/98676185_ACCOMMODATION_1549177703225_ce75174f08dc1c50?_src=imagekit&tr=c-at_max,h-100,q-40,w-100","https://ik.imagekit.io/tvlk/ugc-review/guys1L+Yyer9kzI3sp-pb0CG1j2bhflZGFUZOoIf1YOBAm37kEUOKR41ieUZm7ZJ/ugc-photo-ap-southeast-1-581603780057-acd24e232f75f09e/ACCOMMODATION/98676185_ACCOMMODATION_1549177703225_522e4665dc9394fb?_src=imagekit&tr=c-at_max,h-100,q-40,w-100",,,,,,,,,,,,,,,,,,
https://www.traveloka.com/id-id/user/review/consumption/HOTEL/GENERAL/295675,16,8,"Ibis Bandung Trans Studio telah menyelesaikan akhir pekan kami 👏🏻💝😍 hal terbaik yang kami suka adalah hotel ini bersih, nyaman dan nyaman👍 Terima kasih Ibis Bandung Trans Studio. Kamu hebat👏🏻👏🏻👏🏻",Diulas 379 minggu lalu,"https://ik.imagekit.io/tvlk/ugc-review/guys1L+Yyer9kzI3sp-pb0CG1j2bhflZGFUZOoIf1YOBAm37kEUOKR41ieUZm7ZJ/ugc-photo-ap-southeast-1-581603780057-acd24e232f75f09e/ACCOMMODATION/6547020_ACCOMMODATION_1549159529178_273e4891ac56360b?_src=imagekit&tr=c-at_max,h-100,q-40,w-100","https://ik.imagekit.io/tvlk/ugc-review/guys1L+Yyer9kzI3sp-pb0CG1j2bhflZGFUZOoIf1YOBAm37kEUOKR41ieUZm7ZJ/ugc-photo-ap-southeast-1-581603780057-acd24e232f75f09e/ACCOMMODATION/6547020_ACCOMMODATION_1549159529178_4ecc3536f9d6fc02?_src=imagekit&tr=c-at_max,h-100,q-40,w-100","https://ik.imagekit.io/tvlk/ugc-review/guys1L+Yyer9kzI3sp-pb0CG1j2bhflZGFUZOoIf1YOBAm37kEUOKR41ieUZm7ZJ/ugc-photo-ap-southeast-1-581603780057-acd24e232f75f09e/ACCOMMODATION/6547020_ACCOMMODATION_1549159529179_b66fbd23f7364360?_src=imagekit&tr=c-at_max,h-100,q-40,w-100",,,,,,,,,,,,,,,,,
https://www.traveloka.com/id-id/user/review/consumption/HOTEL/GENERAL/295675,16,9,"Bersih, kamarnya lumayan luas namun kamar mandinya yang kecil dan tidak ada tempat kebugarannya. Recommended untuk urusan bisnis maupun kuarga karena kemana-mana dekat. Dan yang pasti dekat sama transmart.",Diulas 379 minggu lalu,"https://ik.imagekit.io/tvlk/ugc-review/guys1L+Yyer9kzI3sp-pb0CG1j2bhflZGFUZOoIf1YOBAm37kEUOKR41ieUZm7ZJ/ugc-photo-ap-southeast-1-581603780057-acd24e232f75f09e/ACCOMMODATION/6361456_ACCOMMODATION_1549110680478_8e5f45d368340587?_src=imagekit&tr=c-at_max,h-100,q-40,w-100","https://ik.imagekit.io/tvlk/ugc-review/guys1L+Yyer9kzI3sp-pb0CG1j2bhflZGFUZOoIf1YOBAm37kEUOKR41ieUZm7ZJ/ugc-photo-ap-southeast-1-581603780057-acd24e232f75f09e/ACCOMMODATION/6361456_ACCOMMODATION_1549110680478_0a77c9388b67ac54?_src=imagekit&tr=c-at_max,h-100,q-40,w-100","https://ik.imagekit.io/tvlk/ugc-review/guys1L+Yyer9kzI3sp-pb0CG1j2bhflZGFUZOoIf1YOBAm37kEUOKR41ieUZm7ZJ/ugc-photo-ap-southeast-1-581603780057-acd24e232f75f09e/ACCOMMODATION/6361456_ACCOMMODATION_1549110680479_cd2c8ac9c3eca0eb?_src=imagekit&tr=c-at_max,h-100,q-40,w-100",,,,,,,,,,,,,,,,,
https://www.traveloka.com/id-id/user/review/consumption/HOTEL/GENERAL/295675,16,10,"Dekat pusat perbelanjaan, kamar persis seperti di foto, bersih, interior ya bagus, sarapannya enak, receptionistnya ramah, keamanannya juga ramah, recommend untuk kalian yang ingin liburan atau ada urusan bisnis di Bandung",Diulas 380 minggu lalu,"https://ik.imagekit.io/tvlk/ugc-review/guys1L+Yyer9kzI3sp-pb0CG1j2bhflZGFUZOoIf1YOBAm37kEUOKR41ieUZm7ZJ/ugc-photo-ap-southeast-1-581603780057-acd24e232f75f09e/ACCOMMODATION/50582466_ACCOMMODATION_1548731002135_c23d12e237a91727?_src=imagekit&tr=c-at_max,h-100,q-40,w-100",,,,,,,,,,,,,,,,,,,
https://www.traveloka.com/id-id/user/review/consumption/HOTEL/GENERAL/295675,16,11,"Pelayanannya ramah, kamar nyaman, meskipun kamar mandi sedikit sempit😆",Diulas 380 minggu lalu,"https://ik.imagekit.io/tvlk/ugc-review/guys1L+Yyer9kzI3sp-pb0CG1j2bhflZGFUZOoIf1YOBAm37kEUOKR41ieUZm7ZJ/ugc-photo-ap-southeast-1-581603780057-acd24e232f75f09e/ACCOMMODATION/69048200_ACCOMMODATION_1548555145488_c96ee53f69bf03b9?_src=imagekit&tr=c-at_max,h-100,q-40,w-100",,,,,,,,,,,,,,,,,,,
https://www.traveloka.com/id-id/user/review/consumption/HOTEL/GENERAL/295675,16,12,"Sangat puas menginap di Ibis Trans Studio, pelayanan yg ramah, utk hrga 600rb an, kamarnya cukup nyaman, walopun kamar mandi sempit, petugas kebersihan kamar menjatuhkan sisir saya hingga patah, tapi, langsung staf hotel menelepon saya, dan memberitahukan kejadian tersebut, sepulang saya dari kantor, sisir yang sama sudah ada di kamar saya dalam kondisi baru. kemudian, saya checkout saat subuh, sarapan utk saya sudah dikemas, sebagai bekal saya selama di perjalanan. terima kasih Ibis hotel...",Diulas 380 minggu lalu,"https://ik.imagekit.io/tvlk/ugc-review/guys1L+Yyer9kzI3sp-pb0CG1j2bhflZGFUZOoIf1YOBAm37kEUOKR41ieUZm7ZJ/ugc-photo-ap-southeast-1-581603780057-acd24e232f75f09e/ACCOMMODATION/4386331_ACCOMMODATION_1548300601379_e3af7f2a41d8aa46?_src=imagekit&tr=c-at_max,h-100,q-40,w-100","https://ik.imagekit.io/tvlk/ugc-review/guys1L+Yyer9kzI3sp-pb0CG1j2bhflZGFUZOoIf1YOBAm37kEUOKR41ieUZm7ZJ/ugc-photo-ap-southeast-1-581603780057-acd24e232f75f09e/ACCOMMODATION/4386331_ACCOMMODATION_1548300601379_58c568f48c7784e1?_src=imagekit&tr=c-at_max,h-100,q-40,w-100","https://ik.imagekit.io/tvlk/ugc-review/guys1L+Yyer9kzI3sp-pb0CG1j2bhflZGFUZOoIf1YOBAm37kEUOKR41ieUZm7ZJ/ugc-photo-ap-southeast-1-581603780057-acd24e232f75f09e/ACCOMMODATION/4386331_ACCOMMODATION_1548300601380_d6e37d910dafd10d?_src=imagekit&tr=c-at_max,h-100,q-40,w-100","https://ik.imagekit.io/tvlk/ugc-review/guys1L+Yyer9kzI3sp-pb0CG1j2bhflZGFUZOoIf1YOBAm37kEUOKR41ieUZm7ZJ/ugc-photo-ap-southeast-1-581603780057-acd24e232f75f09e/ACCOMMODATION/4386331_ACCOMMODATION_1548300601380_d9cdfc73b0323229?_src=imagekit&tr=c-at_max,h-100,q-40,w-100",,,,,,,,,,,,,,,,
https://www.traveloka.com/id-id/user/review/consumption/HOTEL/GENERAL/295675,16,13,Ukuran kamar minimalis seperti di gambar. Aliran shower tidak kencang. Variasi menu saat sarapan cukup variatif.,Diulas 380 minggu lalu,"https://ik.imagekit.io/tvlk/ugc-review/guys1L+Yyer9kzI3sp-pb0CG1j2bhflZGFUZOoIf1YOBAm37kEUOKR41ieUZm7ZJ/ugc-photo-ap-southeast-1-581603780057-acd24e232f75f09e/ACCOMMODATION/41269476_ACCOMMODATION_1548226786962_437220b3f1cd6d68?_src=imagekit&tr=c-at_max,h-100,q-40,w-100",,,,,,,,,,,,,,,,,,,
https://www.traveloka.com/id-id/user/review/consumption/HOTEL/GENERAL/295675,16,14,"Ketiga kalinya stay di Ibis tsm. All staf friendly and very helpful mulai dari fda, hk sampai room service. Harga dan fasilitas sesuai dengan yang didapat. Affordable price, lokasi strategis, btw semalam saya order kwetiau dan mie goreng, kwetiaunya rasanya pas but the noodle so salty huhu.",Diulas 381 minggu lalu,"https://ik.imagekit.io/tvlk/ugc-review/guys1L+Yyer9kzI3sp-pb0CG1j2bhflZGFUZOoIf1YOBAm37kEUOKR41ieUZm7ZJ/ugc-photo-ap-southeast-1-581603780057-acd24e232f75f09e/ACCOMMODATION/98919285_ACCOMMODATION_1547435063633_44c3d5876ea4db95?_src=imagekit&tr=c-at_max,h-100,q-40,w-100",,,,,,,,,,,,,,,,,,,
https://www.traveloka.com/id-id/user/review/consumption/HOTEL/GENERAL/295675,16,15,Hotel ibis berbintang 3 dengan fasilitas yang bagus serta pelayanan yg sangat baik dan ramah sekali sarapannya lumayan enak dan dekat dengan mall dan trans studio bandung tinggal jalan kaki aja untuk yg ingin bermalam disin dan bermain ke TSB saya merekomendasikan untuk menginap disini sudah cukup nyaman dan bagus,Diulas 381 minggu lalu,"https://ik.imagekit.io/tvlk/ugc-review/guys1L+Yyer9kzI3sp-pb0CG1j2bhflZGFUZOoIf1YOBAm37kEUOKR41ieUZm7ZJ/ugc-photo-ap-southeast-1-581603780057-acd24e232f75f09e/ACCOMMODATION/19666858_ACCOMMODATION_1547773930234_4bfee26f6707497b?_src=imagekit&tr=c-at_max,h-100,q-40,w-100","https://ik.imagekit.io/tvlk/ugc-review/guys1L+Yyer9kzI3sp-pb0CG1j2bhflZGFUZOoIf1YOBAm37kEUOKR41ieUZm7ZJ/ugc-photo-ap-southeast-1-581603780057-acd24e232f75f09e/ACCOMMODATION/19666858_ACCOMMODATION_1547773930234_8847c9948ff399a5?_src=imagekit&tr=c-at_max,h-100,q-40,w-100","https://ik.imagekit.io/tvlk/ugc-review/guys1L+Yyer9kzI3sp-pb0CG1j2bhflZGFUZOoIf1YOBAm37kEUOKR41ieUZm7ZJ/ugc-photo-ap-southeast-1-581603780057-acd24e232f75f09e/ACCOMMODATION/19666858_ACCOMMODATION_1547773930234_c1d9b2d2a4764642?_src=imagekit&tr=c-at_max,h-100,q-40,w-100","https://ik.imagekit.io/tvlk/ugc-review/guys1L+Yyer9kzI3sp-pb0CG1j2bhflZGFUZOoIf1YOBAm37kEUOKR41ieUZm7ZJ/ugc-photo-ap-southeast-1-581603780057-acd24e232f75f09e/ACCOMMODATION/19666858_ACCOMMODATION_1547773930235_1870f0599f01e6b9?_src=imagekit&tr=c-at_max,h-100,q-40,w-100","https://ik.imagekit.io/tvlk/ugc-review/guys1L+Yyer9kzI3sp-pb0CG1j2bhflZGFUZOoIf1YOBAm37kEUOKR41ieUZm7ZJ/ugc-photo-ap-southeast-1-581603780057-acd24e232f75f09e/ACCOMMODATION/19666858_ACCOMMODATION_1547773994042_925c88e10b3abce7?_src=imagekit&tr=c-at_max,h-100,q-40,w-100",,,,,,,,,,,,,,,
https://www.traveloka.com/id-id/user/review/consumption/HOTEL/GENERAL/295675,16,16,"Pengalaman saya sangat nyaman berada di hotel ibis, pelayanannya juga sangat memuaskan. Apalagi sop iganya mantap sekali rasanya. Senang bisa berada di ibis Trans Studio Bandung",Diulas 382 minggu lalu,"https://ik.imagekit.io/tvlk/ugc-review/guys1L+Yyer9kzI3sp-pb0CG1j2bhflZGFUZOoIf1YOBAm37kEUOKR41ieUZm7ZJ/ugc-photo-ap-southeast-1-581603780057-acd24e232f75f09e/ACCOMMODATION/19720850_ACCOMMODATION_1546949354108_3d54bb6bcb9824cf?_src=imagekit&tr=c-at_max,h-100,q-40,w-100","https://ik.imagekit.io/tvlk/ugc-review/guys1L+Yyer9kzI3sp-pb0CG1j2bhflZGFUZOoIf1YOBAm37kEUOKR41ieUZm7ZJ/ugc-photo-ap-southeast-1-581603780057-acd24e232f75f09e/ACCOMMODATION/19720850_ACCOMMODATION_1546949354108_c409a9fe3a49e88d?_src=imagekit&tr=c-at_max,h-100,q-40,w-100",,,,,,,,,,,,,,,,,,
https://www.traveloka.com/id-id/user/review/consumption/HOTEL/GENERAL/295675,16,17,"So much recommended hotel. Saya dan keluarga sudah datang dari pagi karena mau main di trans studio, saat kami konfirm kedatangan, staf hotel membolehkan kami parkir di area hotel (free parking) padahal waktu itu kami belum check-in. Cape main di trans studio, mengantuk sangat. Dan ternyata, check-in hotelnya cepat banget, OMG, so helpful. Thanks to ibis hotel. Saya dapat kamar sesuai request saya, no smoking area, bersih, makanan juga enak dan banyak variasi menu. Next mau ajak ibu dan keluarga besar menginap disini.",Diulas 383 minggu lalu,"https://ik.imagekit.io/tvlk/ugc-review/guys1L+Yyer9kzI3sp-pb0CG1j2bhflZGFUZOoIf1YOBAm37kEUOKR41ieUZm7ZJ/ugc-photo-ap-southeast-1-581603780057-acd24e232f75f09e/ACCOMMODATION/12321332_ACCOMMODATION_1546487112110_3bb2446c1f8c11d4?_src=imagekit&tr=c-at_max,h-100,q-40,w-100",,,,,,,,,,,,,,,,,,,
https://www.traveloka.com/id-id/user/review/consumption/HOTEL/GENERAL/295675,16,18,"Kamar nyaman, area kerja cukup mantap dengan pemandangan kota dari lantai 15 yang saya tempati. Staf yang ramah dan cekatan dalam membantu customer.",Diulas 383 minggu lalu,"https://ik.imagekit.io/tvlk/ugc-review/guys1L+Yyer9kzI3sp-pb0CG1j2bhflZGFUZOoIf1YOBAm37kEUOKR41ieUZm7ZJ/ugc-photo-ap-southeast-1-581603780057-acd24e232f75f09e/ACCOMMODATION/9880251_ACCOMMODATION_1546480947783_e6d1d77d9b005d61?_src=imagekit&tr=c-at_max,h-100,q-40,w-100","https://ik.imagekit.io/tvlk/ugc-review/guys1L+Yyer9kzI3sp-pb0CG1j2bhflZGFUZOoIf1YOBAm37kEUOKR41ieUZm7ZJ/ugc-photo-ap-southeast-1-581603780057-acd24e232f75f09e/ACCOMMODATION/9880251_ACCOMMODATION_1546480977567_440198b907ce2a26?_src=imagekit&tr=c-at_max,h-100,q-40,w-100",,,,,,,,,,,,,,,,,,
https://www.traveloka.com/id-id/user/review/consumption/HOTEL/GENERAL/295675,16,19,"Liburan natal tahun ini di ibis TSM sangat menyenangkan, sayangnya sarapan pagi kurang memuaskan rasanya. dibanding tahun-tahun sebelumnya. Saran saya semoga rasa makanannya tidak mengecewakan lagi.",Diulas 384 minggu lalu,"https://ik.imagekit.io/tvlk/ugc-review/guys1L+Yyer9kzI3sp-pb0CG1j2bhflZGFUZOoIf1YOBAm37kEUOKR41ieUZm7ZJ/ugc-photo-ap-southeast-1-581603780057-acd24e232f75f09e/ACCOMMODATION/14497578_ACCOMMODATION_1546141687879_bbb65f5a92d27c6b?_src=imagekit&tr=c-at_max,h-100,q-40,w-100","https://ik.imagekit.io/tvlk/ugc-review/guys1L+Yyer9kzI3sp-pb0CG1j2bhflZGFUZOoIf1YOBAm37kEUOKR41ieUZm7ZJ/ugc-photo-ap-southeast-1-581603780057-acd24e232f75f09e/ACCOMMODATION/14497578_ACCOMMODATION_1546141687879_1a0e66cef89e8d48?_src=imagekit&tr=c-at_max,h-100,q-40,w-100",,,,,,,,,,,,,,,,,,
https://www.traveloka.com/id-id/user/review/consumption/HOTEL/GENERAL/295675,16,20,Ini adalah pertama kalinya kami menginap di Ibis trans studio bandung dengan seluruh keluarga termasuk bayi kami yang baru lahir dan kakek dan nenek. Ada sedikit insiden ketika bayi kecil kami dikunci sendirian di kamar tidur tetapi staf dengan cepat membantu kami. Hotel yang sangat direkomendasikan dengan staf yang luar biasa,Diulas 384 minggu lalu,"https://ik.imagekit.io/tvlk/ugc-review/guys1L+Yyer9kzI3sp-pb0CG1j2bhflZGFUZOoIf1YOBAm37kEUOKR41ieUZm7ZJ/ugc-photo-ap-southeast-1-581603780057-acd24e232f75f09e/ACCOMMODATION/7145544_ACCOMMODATION_1546051773869_ae9399d05f09a54c?_src=imagekit&tr=c-at_max,h-100,q-40,w-100","https://ik.imagekit.io/tvlk/ugc-review/guys1L+Yyer9kzI3sp-pb0CG1j2bhflZGFUZOoIf1YOBAm37kEUOKR41ieUZm7ZJ/ugc-photo-ap-southeast-1-581603780057-acd24e232f75f09e/ACCOMMODATION/7145544_ACCOMMODATION_1546051773869_679a8cf09b79ecd1?_src=imagekit&tr=c-at_max,h-100,q-40,w-100","https://ik.imagekit.io/tvlk/ugc-review/guys1L+Yyer9kzI3sp-pb0CG1j2bhflZGFUZOoIf1YOBAm37kEUOKR41ieUZm7ZJ/ugc-photo-ap-southeast-1-581603780057-acd24e232f75f09e/ACCOMMODATION/7145544_ACCOMMODATION_1546051773869_4eb4aa054edb820d?_src=imagekit&tr=c-at_max,h-100,q-40,w-100","https://ik.imagekit.io/tvlk/ugc-review/guys1L+Yyer9kzI3sp-pb0CG1j2bhflZGFUZOoIf1YOBAm37kEUOKR41ieUZm7ZJ/ugc-photo-ap-southeast-1-581603780057-acd24e232f75f09e/ACCOMMODATION/7145544_ACCOMMODATION_1546051773870_d6df2787654a58b1?_src=imagekit&tr=c-at_max,h-100,q-40,w-100",,,,,,,,,,,,,,,,
https://www.traveloka.com/id-id/user/review/consumption/HOTEL/GENERAL/295675,17,1,"Roses chek in dan chek out sangat cepat. Pelayanan yang ramah. Tempat tidur nyaman, dari kamar bisa melihat view kota bandung. Menu makanan restaurant yang sangat variatif dan super delicious. Terintegrasi dengan mall dan masjid. Cocok untuk liburan keluarga dan untuk honeymoon make grateful moment holiday. I think ibis hotel is beautiful and best hotel in Bandung.",Diulas 384 minggu lalu,"https://ik.imagekit.io/tvlk/ugc-review/guys1L+Yyer9kzI3sp-pb0CG1j2bhflZGFUZOoIf1YOBAm37kEUOKR41ieUZm7ZJ/ugc-photo-ap-southeast-1-581603780057-acd24e232f75f09e/ACCOMMODATION/89052791_ACCOMMODATION_1546005877792_37d8d23ba950ff9d?_src=imagekit&tr=c-at_max,h-100,q-40,w-100","https://ik.imagekit.io/tvlk/ugc-review/guys1L+Yyer9kzI3sp-pb0CG1j2bhflZGFUZOoIf1YOBAm37kEUOKR41ieUZm7ZJ/ugc-photo-ap-southeast-1-581603780057-acd24e232f75f09e/ACCOMMODATION/89052791_ACCOMMODATION_1546005877792_3250189ce3982cae?_src=imagekit&tr=c-at_max,h-100,q-40,w-100",,,,,,,,,,,,,,,,,,
https://www.traveloka.com/id-id/user/review/consumption/HOTEL/GENERAL/295675,17,2,"Check-in cepat, interior elegan",Diulas 384 minggu lalu,"https://ik.imagekit.io/tvlk/ugc-review/guys1L+Yyer9kzI3sp-pb0CG1j2bhflZGFUZOoIf1YOBAm37kEUOKR41ieUZm7ZJ/ugc-photo-ap-southeast-1-581603780057-acd24e232f75f09e/ACCOMMODATION/15547300_ACCOMMODATION_1545990823809_60649b8399184f6e?_src=imagekit&tr=c-at_max,h-100,q-40,w-100","https://ik.imagekit.io/tvlk/ugc-review/guys1L+Yyer9kzI3sp-pb0CG1j2bhflZGFUZOoIf1YOBAm37kEUOKR41ieUZm7ZJ/ugc-photo-ap-southeast-1-581603780057-acd24e232f75f09e/ACCOMMODATION/15547300_ACCOMMODATION_1545990823810_dc8de02736281916?_src=imagekit&tr=c-at_max,h-100,q-40,w-100","https://ik.imagekit.io/tvlk/ugc-review/guys1L+Yyer9kzI3sp-pb0CG1j2bhflZGFUZOoIf1YOBAm37kEUOKR41ieUZm7ZJ/ugc-photo-ap-southeast-1-581603780057-acd24e232f75f09e/ACCOMMODATION/15547300_ACCOMMODATION_1545990823810_73a5d63dbf244896?_src=imagekit&tr=c-at_max,h-100,q-40,w-100",,,,,,,,,,,,,,,,,
https://www.traveloka.com/id-id/user/review/consumption/HOTEL/GENERAL/295675,17,3,Anda dapat memiliki mimpi indah di hotel ini! Pergi ke TSM hanya dengan berjalan kaki dan menemukan makanan lebih mudah dari yang Anda bayangkan!,Diulas 384 minggu lalu,"https://ik.imagekit.io/tvlk/ugc-review/guys1L+Yyer9kzI3sp-pb0CG1j2bhflZGFUZOoIf1YOBAm37kEUOKR41ieUZm7ZJ/ugc-photo-ap-southeast-1-581603780057-acd24e232f75f09e/ACCOMMODATION/10290516_ACCOMMODATION_1545965614620_fd5efe90adac3e5c?_src=imagekit&tr=c-at_max,h-100,q-40,w-100",,,,,,,,,,,,,,,,,,,
https://www.traveloka.com/id-id/user/review/consumption/HOTEL/GENERAL/295675,17,4,"Hotelnya bagus, bersih, ramah-ramah pelayanannya  😍🙏, restonya enak, nyaman dan bersih. Terima kasih",Diulas 384 minggu lalu,"https://ik.imagekit.io/tvlk/ugc-review/guys1L+Yyer9kzI3sp-pb0CG1j2bhflZGFUZOoIf1YOBAm37kEUOKR41ieUZm7ZJ/ugc-photo-ap-southeast-1-581603780057-acd24e232f75f09e/ACCOMMODATION/90742814_ACCOMMODATION_1545631890842_ff9388cbe47d8d02?_src=imagekit&tr=c-at_max,h-100,q-40,w-100",,,,,,,,,,,,,,,,,,,
https://www.traveloka.com/id-id/user/review/consumption/HOTEL/GENERAL/295675,17,5,Menginap di hotel ibis trans studio sangat menyenangkan karena tempatnya sangat strategis berada di kawasan trans studio bandung. Kamarnya bersih dan sarapannya enak cukup variatif dan lengkap untuk ukuran hotel bintang tiga pokoknya sangat recommended dan memuaskan menginap di Ibis.,Diulas 384 minggu lalu,"https://ik.imagekit.io/tvlk/ugc-review/guys1L+Yyer9kzI3sp-pb0CG1j2bhflZGFUZOoIf1YOBAm37kEUOKR41ieUZm7ZJ/ugc-photo-ap-southeast-1-581603780057-acd24e232f75f09e/ACCOMMODATION/19973137_ACCOMMODATION_1545756672945_294f89f893a282c1?_src=imagekit&tr=c-at_max,h-100,q-40,w-100",,,,,,,,,,,,,,,,,,,
https://www.traveloka.com/id-id/user/review/consumption/HOTEL/GENERAL/295675,17,6,Kamarnya bagus dan sangat bersih. Sarapan sangat lezat dan banyak pilihan ... Saya suka hotel ini,Diulas 385 minggu lalu,"https://ik.imagekit.io/tvlk/ugc-review/guys1L+Yyer9kzI3sp-pb0CG1j2bhflZGFUZOoIf1YOBAm37kEUOKR41ieUZm7ZJ/ugc-photo-ap-southeast-1-581603780057-acd24e232f75f09e/ACCOMMODATION/24490439_ACCOMMODATION_1545704504066_54d034145c45568e?_src=imagekit&tr=c-at_max,h-100,q-40,w-100",,,,,,,,,,,,,,,,,,,
https://www.traveloka.com/id-id/user/review/consumption/HOTEL/GENERAL/295675,17,7,"Pelayanan ramah, kamar bersih, makanan enak, mal dan trans studio dekat.",Diulas 385 minggu lalu,"https://ik.imagekit.io/tvlk/ugc-review/guys1L+Yyer9kzI3sp-pb0CG1j2bhflZGFUZOoIf1YOBAm37kEUOKR41ieUZm7ZJ/ugc-photo-ap-southeast-1-581603780057-acd24e232f75f09e/ACCOMMODATION/3135926_ACCOMMODATION_1545701100023_701ca2227a6bd9dd?_src=imagekit&tr=c-at_max,h-100,q-40,w-100",,,,,,,,,,,,,,,,,,,
https://www.traveloka.com/id-id/user/review/consumption/HOTEL/GENERAL/295675,17,8,"kamar dan layanannya bagus. lokasi bagus jika Anda berencana pergi ke trans studio. harga sepadan dengan yang Anda dapatkan, kamar mandi kecil dan tempat tidur ukuran queen adalah ukuran terbesar yang mereka miliki, ruang keluarga adalah ruang penghubung. stafnya sangat profesional.",Diulas 386 minggu lalu,"https://ik.imagekit.io/tvlk/ugc-review/guys1L+Yyer9kzI3sp-pb0CG1j2bhflZGFUZOoIf1YOBAm37kEUOKR41ieUZm7ZJ/ugc-photo-ap-southeast-1-581603780057-acd24e232f75f09e/ACCOMMODATION/11701604_ACCOMMODATION_1545100806186_afc3f58ef673b961?_src=imagekit&tr=c-at_max,h-100,q-40,w-100",,,,,,,,,,,,,,,,,,,
https://www.traveloka.com/id-id/user/review/consumption/HOTEL/GENERAL/295675,17,9,Seseorang mengatakan kepada saya untuk menginap di Ibis Trans Studio ketika saya bertanya hotel terdekat ke Trans Studio Hotel karena saya ingin pergi ke resepsi pernikahan di sana. Dan itu benar karena saya pikir Ibis Trans adalah bagian dari Trans Studio Hotel. Sangat mudah !,Diulas 386 minggu lalu,"https://ik.imagekit.io/tvlk/ugc-review/guys1L+Yyer9kzI3sp-pb0CG1j2bhflZGFUZOoIf1YOBAm37kEUOKR41ieUZm7ZJ/ugc-photo-ap-southeast-1-581603780057-acd24e232f75f09e/ACCOMMODATION/6788622_ACCOMMODATION_1545013991087_9c6b844ecec09c84?_src=imagekit&tr=c-at_max,h-100,q-40,w-100",,,,,,,,,,,,,,,,,,,
https://www.traveloka.com/id-id/user/review/consumption/HOTEL/GENERAL/295675,17,10,"Kamar tidy, comfortable and kebetulan setiap jalan-jalan keluar kota tanpa di sengaja nginepnya di Ibis hotel juga. 😁",Diulas 388 minggu lalu,"https://ik.imagekit.io/tvlk/ugc-review/guys1L+Yyer9kzI3sp-pb0CG1j2bhflZGFUZOoIf1YOBAm37kEUOKR41ieUZm7ZJ/ugc-photo-ap-southeast-1-581603780057-acd24e232f75f09e/ACCOMMODATION/93790352_ACCOMMODATION_1543883919142_49b80d30e66b64e1?_src=imagekit&tr=c-at_max,h-100,q-40,w-100",,,,,,,,,,,,,,,,,,,
https://www.traveloka.com/id-id/user/review/consumption/HOTEL/GENERAL/295675,17,11,"Tempatnya nyaman, pelayanan bagus, cocok untuk bisnis dan acra keluarga",Diulas 388 minggu lalu,"https://ik.imagekit.io/tvlk/ugc-review/guys1L+Yyer9kzI3sp-pb0CG1j2bhflZGFUZOoIf1YOBAm37kEUOKR41ieUZm7ZJ/ugc-photo-ap-southeast-1-581603780057-acd24e232f75f09e/ACCOMMODATION/13879412_ACCOMMODATION_1543718195475_56d7453271595867?_src=imagekit&tr=c-at_max,h-100,q-40,w-100","https://ik.imagekit.io/tvlk/ugc-review/guys1L+Yyer9kzI3sp-pb0CG1j2bhflZGFUZOoIf1YOBAm37kEUOKR41ieUZm7ZJ/ugc-photo-ap-southeast-1-581603780057-acd24e232f75f09e/ACCOMMODATION/13879412_ACCOMMODATION_1543718195476_971d80730053ae5a?_src=imagekit&tr=c-at_max,h-100,q-40,w-100",,,,,,,,,,,,,,,,,,
https://www.traveloka.com/id-id/user/review/consumption/HOTEL/GENERAL/295675,17,12,"Ini adalah ketiga kalinya saya menginap di hotel ini. Biasanya saya dan keluarga saya tinggal di sini ketika saya harus menghadiri pertemuan di Trans Luxury Hotel (di samping Ibis). Saya memilih untuk menginap di Ibis karena lokasinya hanya di sebelah Trans Hotel, Trans Studio, dan Trans Mall. Kamar cukup untuk saya dan keluarga saya, kamar standar dengan fasilitas standar. Makanannya enak, meskipun cukup mahal untuk makan di kamar. Satu hal yang saya suka tentang kamar adalah memiliki kulkas kecil dan sofa kecil yang dapat Anda gunakan sebagai tempat tidur tambahan. Secara keseluruhan, senang tinggal di sini dan semoga kami akan tinggal di sini lagi di masa depan.",Diulas 388 minggu lalu,"https://ik.imagekit.io/tvlk/ugc-review/guys1L+Yyer9kzI3sp-pb0CG1j2bhflZGFUZOoIf1YOBAm37kEUOKR41ieUZm7ZJ/ugc-photo-ap-southeast-1-581603780057-acd24e232f75f09e/ACCOMMODATION/12841542_ACCOMMODATION_1543802297818_c8573ea118f32c62?_src=imagekit&tr=c-at_max,h-100,q-40,w-100","https://ik.imagekit.io/tvlk/ugc-review/guys1L+Yyer9kzI3sp-pb0CG1j2bhflZGFUZOoIf1YOBAm37kEUOKR41ieUZm7ZJ/ugc-photo-ap-southeast-1-581603780057-acd24e232f75f09e/ACCOMMODATION/12841542_ACCOMMODATION_1543802330426_536522ad1fed5583?_src=imagekit&tr=c-at_max,h-100,q-40,w-100",,,,,,,,,,,,,,,,,,
https://www.traveloka.com/id-id/user/review/consumption/HOTEL/GENERAL/295675,17,13,"nyaman, pemandangan indah dari kamar kami, akan tinggal lagi segera",Diulas 388 minggu lalu,"https://ik.imagekit.io/tvlk/ugc-review/guys1L+Yyer9kzI3sp-pb0CG1j2bhflZGFUZOoIf1YOBAm37kEUOKR41ieUZm7ZJ/ugc-photo-ap-southeast-1-581603780057-acd24e232f75f09e/ACCOMMODATION/17258605_ACCOMMODATION_1542978465834_1648c5165c0465f5?_src=imagekit&tr=c-at_max,h-100,q-40,w-100",,,,,,,,,,,,,,,,,,,
https://www.traveloka.com/id-id/user/review/consumption/HOTEL/GENERAL/295675,17,14,"Hotel bintang 3, ngonek dengan mal.",Diulas 389 minggu lalu,"https://ik.imagekit.io/tvlk/ugc-review/guys1L+Yyer9kzI3sp-pb0CG1j2bhflZGFUZOoIf1YOBAm37kEUOKR41ieUZm7ZJ/ugc-photo-ap-southeast-1-581603780057-acd24e232f75f09e/ACCOMMODATION/6677017_ACCOMMODATION_1543198061132_f39d025e8994e468?_src=imagekit&tr=c-at_max,h-100,q-40,w-100",,,,,,,,,,,,,,,,,,,
https://www.traveloka.com/id-id/user/review/consumption/HOTEL/GENERAL/295675,17,15,"Happy menginap di ibis, lokasi yang stategis dan nyaman untuk tidur.",Diulas 389 minggu lalu,"https://ik.imagekit.io/tvlk/ugc-review/guys1L+Yyer9kzI3sp-pb0CG1j2bhflZGFUZOoIf1YOBAm37kEUOKR41ieUZm7ZJ/ugc-photo-ap-southeast-1-581603780057-acd24e232f75f09e/ACCOMMODATION/7213491_ACCOMMODATION_1543196625563_af0cd6374f018590?_src=imagekit&tr=c-at_max,h-100,q-40,w-100",,,,,,,,,,,,,,,,,,,
https://www.traveloka.com/id-id/user/review/consumption/HOTEL/GENERAL/295675,17,16,"Pengalaman menginap di hotel ini, sangat bersih, semua fasilitas oke. Paling utama Hotel Ibis ini dekat dengan Trans Studio Mall.",Diulas 390 minggu lalu,"https://ik.imagekit.io/tvlk/ugc-review/guys1L+Yyer9kzI3sp-pb0CG1j2bhflZGFUZOoIf1YOBAm37kEUOKR41ieUZm7ZJ/ugc-photo-ap-southeast-1-581603780057-acd24e232f75f09e/ACCOMMODATION/18978104_ACCOMMODATION_1542449286185_da190c0d41f581b5?_src=imagekit&tr=c-at_max,h-100,q-40,w-100","https://ik.imagekit.io/tvlk/ugc-review/guys1L+Yyer9kzI3sp-pb0CG1j2bhflZGFUZOoIf1YOBAm37kEUOKR41ieUZm7ZJ/ugc-photo-ap-southeast-1-581603780057-acd24e232f75f09e/ACCOMMODATION/18978104_ACCOMMODATION_1542449286186_07fd307ebcdc5306?_src=imagekit&tr=c-at_max,h-100,q-40,w-100",,,,,,,,,,,,,,,,,,
https://www.traveloka.com/id-id/user/review/consumption/HOTEL/GENERAL/295675,17,17,Harusnya bintang 5 nih hotel,Diulas 390 minggu lalu,"https://ik.imagekit.io/tvlk/ugc-review/guys1L+Yyer9kzI3sp-pb0CG1j2bhflZGFUZOoIf1YOBAm37kEUOKR41ieUZm7ZJ/ugc-photo-ap-southeast-1-581603780057-acd24e232f75f09e/ACCOMMODATION/16090968_ACCOMMODATION_1542250606331_407a8007c4090cc7?_src=imagekit&tr=c-at_max,h-100,q-40,w-100",,,,,,,,,,,,,,,,,,,
https://www.traveloka.com/id-id/user/review/consumption/HOTEL/GENERAL/295675,17,18,"tempat yang bagus, suasana, dan nyaman",Diulas 392 minggu lalu,"https://ik.imagekit.io/tvlk/ugc-review/guys1L+Yyer9kzI3sp-pb0CG1j2bhflZGFUZOoIf1YOBAm37kEUOKR41ieUZm7ZJ/ugc-photo-ap-southeast-1-581603780057-acd24e232f75f09e/ACCOMMODATION/8262330_ACCOMMODATION_1541330139847_6d52bb5acc1f7b96?_src=imagekit&tr=c-at_max,h-100,q-40,w-100",,,,,,,,,,,,,,,,,,,
https://www.traveloka.com/id-id/user/review/consumption/HOTEL/GENERAL/295675,17,19,"Strategis, ramah, bersih, makanan enak, harga sesuai.",Diulas 392 minggu lalu,"https://ik.imagekit.io/tvlk/ugc-review/guys1L+Yyer9kzI3sp-pb0CG1j2bhflZGFUZOoIf1YOBAm37kEUOKR41ieUZm7ZJ/ugc-photo-ap-southeast-1-581603780057-acd24e232f75f09e/ACCOMMODATION/5499057_ACCOMMODATION_1541030976772_171b250e05b4f2a0?_src=imagekit&tr=c-at_max,h-100,q-40,w-100",,,,,,,,,,,,,,,,,,,
https://www.traveloka.com/id-id/user/review/consumption/HOTEL/GENERAL/295675,17,20,"Hotel ibis ini semua kamar standar tapi harga bukan standar bintang 3, makanan kurang enak dan terhitung mahal, Saya hampir di kenakan tarif tambahan hanya karena saya telat check-out di hari jumat, padahal masih di bawah jam 14.00 di hari jumat, tolong manajemen bisa toleran terutama di hari jumat.",Diulas 393 minggu lalu,"https://ik.imagekit.io/tvlk/ugc-review/guys1L+Yyer9kzI3sp-pb0CG1j2bhflZGFUZOoIf1YOBAm37kEUOKR41ieUZm7ZJ/ugc-photo-ap-southeast-1-581603780057-acd24e232f75f09e/ACCOMMODATION/22686515_ACCOMMODATION_1540617510783_4b4a0b460daf8f21?_src=imagekit&tr=c-at_max,h-80,q-40,w-80","https://ik.imagekit.io/tvlk/ugc-review/guys1L+Yyer9kzI3sp-pb0CG1j2bhflZGFUZOoIf1YOBAm37kEUOKR41ieUZm7ZJ/ugc-photo-ap-southeast-1-581603780057-acd24e232f75f09e/ACCOMMODATION/22686515_ACCOMMODATION_1540617510783_da6ab6a66df6977e?_src=imagekit&tr=c-at_max,h-80,q-40,w-80","https://ik.imagekit.io/tvlk/ugc-review/guys1L+Yyer9kzI3sp-pb0CG1j2bhflZGFUZOoIf1YOBAm37kEUOKR41ieUZm7ZJ/ugc-photo-ap-southeast-1-581603780057-acd24e232f75f09e/ACCOMMODATION/22686515_ACCOMMODATION_1540617510784_581812a75f94862c?_src=imagekit&tr=c-at_max,h-80,q-40,w-80","https://ik.imagekit.io/tvlk/ugc-review/guys1L+Yyer9kzI3sp-pb0CG1j2bhflZGFUZOoIf1YOBAm37kEUOKR41ieUZm7ZJ/ugc-photo-ap-southeast-1-581603780057-acd24e232f75f09e/ACCOMMODATION/22686515_ACCOMMODATION_1540617510784_fd61cd0fb2925ee7?_src=imagekit&tr=c-at_max,h-80,q-40,w-80","https://ik.imagekit.io/tvlk/ugc-review/guys1L+Yyer9kzI3sp-pb0CG1j2bhflZGFUZOoIf1YOBAm37kEUOKR41ieUZm7ZJ/ugc-photo-ap-southeast-1-581603780057-acd24e232f75f09e/ACCOMMODATION/22686515_ACCOMMODATION_1540617510784_0996b1b8feeb773c?_src=imagekit&tr=c-at_max,h-80,q-40,w-80","https://ik.imagekit.io/tvlk/ugc-review/guys1L+Yyer9kzI3sp-pb0CG1j2bhflZGFUZOoIf1YOBAm37kEUOKR41ieUZm7ZJ/ugc-photo-ap-southeast-1-581603780057-acd24e232f75f09e/ACCOMMODATION/22686515_ACCOMMODATION_1540617510785_ce865ee60346553f?_src=imagekit&tr=c-at_max,h-80,q-40,w-80","https://ik.imagekit.io/tvlk/ugc-review/guys1L+Yyer9kzI3sp-pb0CG1j2bhflZGFUZOoIf1YOBAm37kEUOKR41ieUZm7ZJ/ugc-photo-ap-southeast-1-581603780057-acd24e232f75f09e/ACCOMMODATION/22686515_ACCOMMODATION_1540617510785_86dec350eacdb0da?_src=imagekit&tr=c-at_max,h-80,q-40,w-80","https://ik.imagekit.io/tvlk/ugc-review/guys1L+Yyer9kzI3sp-pb0CG1j2bhflZGFUZOoIf1YOBAm37kEUOKR41ieUZm7ZJ/ugc-photo-ap-southeast-1-581603780057-acd24e232f75f09e/ACCOMMODATION/22686515_ACCOMMODATION_1540617510786_f01830ac72aad8c5?_src=imagekit&tr=c-at_max,h-80,q-40,w-80","https://ik.imagekit.io/tvlk/ugc-review/guys1L+Yyer9kzI3sp-pb0CG1j2bhflZGFUZOoIf1YOBAm37kEUOKR41ieUZm7ZJ/ugc-photo-ap-southeast-1-581603780057-acd24e232f75f09e/ACCOMMODATION/22686515_ACCOMMODATION_1540617510786_14e5220e20564e3c?_src=imagekit&tr=c-at_max,h-80,q-40,w-80","https://ik.imagekit.io/tvlk/ugc-review/guys1L+Yyer9kzI3sp-pb0CG1j2bhflZGFUZOoIf1YOBAm37kEUOKR41ieUZm7ZJ/ugc-photo-ap-southeast-1-581603780057-acd24e232f75f09e/ACCOMMODATION/22686515_ACCOMMODATION_1540617510786_9e35ca96acd7c69e?_src=imagekit&tr=c-at_max,h-80,q-40,w-80",,,,,,,,,,
https://www.traveloka.com/id-id/user/review/consumption/HOTEL/GENERAL/295675,18,1,"Saya sangat puas dengan pelayanan ibis transtudio bandung, ramah, murah senyum dan sarapan pagi yang mantap.",Diulas 394 minggu lalu,"https://ik.imagekit.io/tvlk/ugc-review/guys1L+Yyer9kzI3sp-pb0CG1j2bhflZGFUZOoIf1YOBAm37kEUOKR41ieUZm7ZJ/ugc-photo-ap-southeast-1-581603780057-acd24e232f75f09e/ACCOMMODATION/21445828_ACCOMMODATION_1540193209748_1c80c14297b09f7e?_src=imagekit&tr=c-at_max,h-100,q-40,w-100","https://ik.imagekit.io/tvlk/ugc-review/guys1L+Yyer9kzI3sp-pb0CG1j2bhflZGFUZOoIf1YOBAm37kEUOKR41ieUZm7ZJ/ugc-photo-ap-southeast-1-581603780057-acd24e232f75f09e/ACCOMMODATION/21445828_ACCOMMODATION_1540193209749_eba3d84c58a7cc0a?_src=imagekit&tr=c-at_max,h-100,q-40,w-100","https://ik.imagekit.io/tvlk/ugc-review/guys1L+Yyer9kzI3sp-pb0CG1j2bhflZGFUZOoIf1YOBAm37kEUOKR41ieUZm7ZJ/ugc-photo-ap-southeast-1-581603780057-acd24e232f75f09e/ACCOMMODATION/21445828_ACCOMMODATION_1540193209749_b7869a5d94d06eb8?_src=imagekit&tr=c-at_max,h-100,q-40,w-100","https://ik.imagekit.io/tvlk/ugc-review/guys1L+Yyer9kzI3sp-pb0CG1j2bhflZGFUZOoIf1YOBAm37kEUOKR41ieUZm7ZJ/ugc-photo-ap-southeast-1-581603780057-acd24e232f75f09e/ACCOMMODATION/21445828_ACCOMMODATION_1540193209750_d777ad58b95aeea9?_src=imagekit&tr=c-at_max,h-100,q-40,w-100",,,,,,,,,,,,,,,,
https://www.traveloka.com/id-id/user/review/consumption/HOTEL/GENERAL/295675,18,2,"Kamar standar, bersih dan nyaman.",Diulas 394 minggu lalu,"https://ik.imagekit.io/tvlk/ugc-review/guys1L+Yyer9kzI3sp-pb0CG1j2bhflZGFUZOoIf1YOBAm37kEUOKR41ieUZm7ZJ/ugc-photo-ap-southeast-1-581603780057-acd24e232f75f09e/ACCOMMODATION/20445216_ACCOMMODATION_1539914169151_6165a450700641d8?_src=imagekit&tr=c-at_max,h-100,q-40,w-100","https://ik.imagekit.io/tvlk/ugc-review/guys1L+Yyer9kzI3sp-pb0CG1j2bhflZGFUZOoIf1YOBAm37kEUOKR41ieUZm7ZJ/ugc-photo-ap-southeast-1-581603780057-acd24e232f75f09e/ACCOMMODATION/20445216_ACCOMMODATION_1539914169152_ee710acb1366d26f?_src=imagekit&tr=c-at_max,h-100,q-40,w-100",,,,,,,,,,,,,,,,,,
https://www.traveloka.com/id-id/user/review/consumption/HOTEL/GENERAL/295675,18,3,Hotel bintang 3 serasa bintang 5 saya diberi kamar sesuai apa yang saya mau? Kalau ke Bandung lagi saya pasti menginap disini lagi. Tidak perlu panjang lebar cuma 1 kata perfect.,Diulas 395 minggu lalu,"https://ik.imagekit.io/tvlk/ugc-review/guys1L+Yyer9kzI3sp-pb0CG1j2bhflZGFUZOoIf1YOBAm37kEUOKR41ieUZm7ZJ/ugc-photo-ap-southeast-1-581603780057-acd24e232f75f09e/ACCOMMODATION/15156738_ACCOMMODATION_1539251372978_ea1b994cdb1e276c?_src=imagekit&tr=c-at_max,h-100,q-40,w-100","https://ik.imagekit.io/tvlk/ugc-review/guys1L+Yyer9kzI3sp-pb0CG1j2bhflZGFUZOoIf1YOBAm37kEUOKR41ieUZm7ZJ/ugc-photo-ap-southeast-1-581603780057-acd24e232f75f09e/ACCOMMODATION/15156738_ACCOMMODATION_1539251372978_01bf63ee285f9c07?_src=imagekit&tr=c-at_max,h-100,q-40,w-100",,,,,,,,,,,,,,,,,,
https://www.traveloka.com/id-id/user/review/consumption/HOTEL/GENERAL/295675,18,4,"So far, sangat nyaman menginap disini. Terlebih hotelnya jadi 1 dengan mal dan tempat bermain. Next time saya akan balik lagi menginap disini.",Diulas 395 minggu lalu,"https://ik.imagekit.io/tvlk/ugc-review/guys1L+Yyer9kzI3sp-pb0CG1j2bhflZGFUZOoIf1YOBAm37kEUOKR41ieUZm7ZJ/ugc-photo-ap-southeast-1-581603780057-acd24e232f75f09e/ACCOMMODATION/33916415_ACCOMMODATION_1539599103630_01946e1d497cbdf6?_src=imagekit&tr=c-at_max,h-100,q-40,w-100",,,,,,,,,,,,,,,,,,,
https://www.traveloka.com/id-id/user/review/consumption/HOTEL/GENERAL/295675,18,5,"I Love Monday Menginap di Ibis, Mager, Menyepi, Produktivitas semakin meningkat. Love pokoknya!",Diulas 395 minggu lalu,"https://ik.imagekit.io/tvlk/ugc-review/guys1L+Yyer9kzI3sp-pb0CG1j2bhflZGFUZOoIf1YOBAm37kEUOKR41ieUZm7ZJ/ugc-photo-ap-southeast-1-581603780057-acd24e232f75f09e/ACCOMMODATION/4647216_ACCOMMODATION_1539326215653_093a8fe9dd239e71?_src=imagekit&tr=c-at_max,h-100,q-40,w-100","https://ik.imagekit.io/tvlk/ugc-review/guys1L+Yyer9kzI3sp-pb0CG1j2bhflZGFUZOoIf1YOBAm37kEUOKR41ieUZm7ZJ/ugc-photo-ap-southeast-1-581603780057-acd24e232f75f09e/ACCOMMODATION/4647216_ACCOMMODATION_1539326215653_e8d34c51494317d1?_src=imagekit&tr=c-at_max,h-100,q-40,w-100","https://ik.imagekit.io/tvlk/ugc-review/guys1L+Yyer9kzI3sp-pb0CG1j2bhflZGFUZOoIf1YOBAm37kEUOKR41ieUZm7ZJ/ugc-photo-ap-southeast-1-581603780057-acd24e232f75f09e/ACCOMMODATION/4647216_ACCOMMODATION_1539326215654_0d6d09e7b18a91d4?_src=imagekit&tr=c-at_max,h-100,q-40,w-100",,,,,,,,,,,,,,,,,
https://www.traveloka.com/id-id/user/review/consumption/HOTEL/GENERAL/295675,18,6,kalau ada yang bilang bla bla jangan mendengarnya. karena menurut saya saya suka hotel ini. terimakasih sobat,Diulas 395 minggu lalu,"https://ik.imagekit.io/tvlk/ugc-review/guys1L+Yyer9kzI3sp-pb0CG1j2bhflZGFUZOoIf1YOBAm37kEUOKR41ieUZm7ZJ/ugc-photo-ap-southeast-1-581603780057-acd24e232f75f09e/ACCOMMODATION/10791628_ACCOMMODATION_1539137570983_9a0b53160df5df33?_src=imagekit&tr=c-at_max,h-100,q-40,w-100",,,,,,,,,,,,,,,,,,,
https://www.traveloka.com/id-id/user/review/consumption/HOTEL/GENERAL/295675,18,7,"Kamarnya nyaman dan bersih. TV memiliki daftar saluran yang membantu kita memilih saluran dengan lebih mudah. Tapi bantal itu berbau tidak sedap seperti bau lembab dan salah satu lift rusak, itu membuat kami menghabiskan waktu lebih lama untuk menunggu lift datang.",Diulas 396 minggu lalu,"https://ik.imagekit.io/tvlk/ugc-review/guys1L+Yyer9kzI3sp-pb0CG1j2bhflZGFUZOoIf1YOBAm37kEUOKR41ieUZm7ZJ/ugc-photo-ap-southeast-1-581603780057-acd24e232f75f09e/ACCOMMODATION/83743197_ACCOMMODATION_1538894474878_669ad0081be12a88?_src=imagekit&tr=c-at_max,h-100,q-40,w-100","https://ik.imagekit.io/tvlk/ugc-review/guys1L+Yyer9kzI3sp-pb0CG1j2bhflZGFUZOoIf1YOBAm37kEUOKR41ieUZm7ZJ/ugc-photo-ap-southeast-1-581603780057-acd24e232f75f09e/ACCOMMODATION/83743197_ACCOMMODATION_1538894474878_fe8eb0229217f57d?_src=imagekit&tr=c-at_max,h-100,q-40,w-100","https://ik.imagekit.io/tvlk/ugc-review/guys1L+Yyer9kzI3sp-pb0CG1j2bhflZGFUZOoIf1YOBAm37kEUOKR41ieUZm7ZJ/ugc-photo-ap-southeast-1-581603780057-acd24e232f75f09e/ACCOMMODATION/83743197_ACCOMMODATION_1538894474878_6ac7e3a0a623484e?_src=imagekit&tr=c-at_max,h-100,q-40,w-100","https://ik.imagekit.io/tvlk/ugc-review/guys1L+Yyer9kzI3sp-pb0CG1j2bhflZGFUZOoIf1YOBAm37kEUOKR41ieUZm7ZJ/ugc-photo-ap-southeast-1-581603780057-acd24e232f75f09e/ACCOMMODATION/83743197_ACCOMMODATION_1538894474879_6990aca471e1492e?_src=imagekit&tr=c-at_max,h-100,q-40,w-100","https://ik.imagekit.io/tvlk/ugc-review/guys1L+Yyer9kzI3sp-pb0CG1j2bhflZGFUZOoIf1YOBAm37kEUOKR41ieUZm7ZJ/ugc-photo-ap-southeast-1-581603780057-acd24e232f75f09e/ACCOMMODATION/83743197_ACCOMMODATION_1538894474879_214931abdc6b49f9?_src=imagekit&tr=c-at_max,h-100,q-40,w-100",,,,,,,,,,,,,,,
https://www.traveloka.com/id-id/user/review/consumption/HOTEL/GENERAL/295675,18,8,"Dapat view kota, bagus fasilitas juga oke, sarapan pagi variasi menunya banyak dari usia anak-anak sampai dewasa ada, waktu saya menginap minus cuma di sikat gigi dan pasta yang tidak ada. Overall cukup memuaskan lah.",Diulas 396 minggu lalu,"https://ik.imagekit.io/tvlk/ugc-review/guys1L+Yyer9kzI3sp-pb0CG1j2bhflZGFUZOoIf1YOBAm37kEUOKR41ieUZm7ZJ/ugc-photo-ap-southeast-1-581603780057-acd24e232f75f09e/ACCOMMODATION/70815335_ACCOMMODATION_1538373309299_04e5258f33022478?_src=imagekit&tr=c-at_max,h-100,q-40,w-100","https://ik.imagekit.io/tvlk/ugc-review/guys1L+Yyer9kzI3sp-pb0CG1j2bhflZGFUZOoIf1YOBAm37kEUOKR41ieUZm7ZJ/ugc-photo-ap-southeast-1-581603780057-acd24e232f75f09e/ACCOMMODATION/70815335_ACCOMMODATION_1538373309300_66cead66478a6c6f?_src=imagekit&tr=c-at_max,h-100,q-40,w-100",,,,,,,,,,,,,,,,,,
https://www.traveloka.com/id-id/user/review/consumption/HOTEL/GENERAL/295675,18,9,"Pelayanannya ramah, kamar bersih dan terawat. Karena saya bawa anak-anak tujuan mau main ke trans studio jadi saya pilih menginap disini selain harga bersahabat dan juga lokasinya sangat dekat dengan trans studio. Kami hanya perlu jalan kaki sekitar 3 menit sampai di tujuan dan yang jelas anak-anak sangat senang. Semua sesuai dengan ulasan.",Diulas 397 minggu lalu,"https://ik.imagekit.io/tvlk/ugc-review/guys1L+Yyer9kzI3sp-pb0CG1j2bhflZGFUZOoIf1YOBAm37kEUOKR41ieUZm7ZJ/ugc-photo-ap-southeast-1-581603780057-acd24e232f75f09e/ACCOMMODATION/8068427_ACCOMMODATION_1538360687571_59ea45e01fc6e380?_src=imagekit&tr=c-at_max,h-100,q-40,w-100",,,,,,,,,,,,,,,,,,,
https://www.traveloka.com/id-id/user/review/consumption/HOTEL/GENERAL/295675,18,10,"Hotelnya menyenangkan. Cuma karena waktu itu lift tamunya sedang rusak jadi agak susah saja. Harus melalui lift karyawan. Kemudian letak kamar saya dekat lift, agak berisik dengan suara lift yang naik turun.",Diulas 398 minggu lalu,"https://ik.imagekit.io/tvlk/ugc-review/guys1L+Yyer9kzI3sp-pb0CG1j2bhflZGFUZOoIf1YOBAm37kEUOKR41ieUZm7ZJ/ugc-photo-ap-southeast-1-581603780057-acd24e232f75f09e/ACCOMMODATION/22456851_ACCOMMODATION_1537791326251_f53d59ae0e8a28f7?_src=imagekit&tr=c-at_max,h-100,q-40,w-100","https://ik.imagekit.io/tvlk/ugc-review/guys1L+Yyer9kzI3sp-pb0CG1j2bhflZGFUZOoIf1YOBAm37kEUOKR41ieUZm7ZJ/ugc-photo-ap-southeast-1-581603780057-acd24e232f75f09e/ACCOMMODATION/22456851_ACCOMMODATION_1537791326251_e0613007b4b4ff09?_src=imagekit&tr=c-at_max,h-100,q-40,w-100","https://ik.imagekit.io/tvlk/ugc-review/guys1L+Yyer9kzI3sp-pb0CG1j2bhflZGFUZOoIf1YOBAm37kEUOKR41ieUZm7ZJ/ugc-photo-ap-southeast-1-581603780057-acd24e232f75f09e/ACCOMMODATION/22456851_ACCOMMODATION_1537791326252_b7c089e17195cb99?_src=imagekit&tr=c-at_max,h-100,q-40,w-100","https://ik.imagekit.io/tvlk/ugc-review/guys1L+Yyer9kzI3sp-pb0CG1j2bhflZGFUZOoIf1YOBAm37kEUOKR41ieUZm7ZJ/ugc-photo-ap-southeast-1-581603780057-acd24e232f75f09e/ACCOMMODATION/22456851_ACCOMMODATION_1537791326251_51f2943f70300068?_src=imagekit&tr=c-at_max,h-100,q-40,w-100",,,,,,,,,,,,,,,,
https://www.traveloka.com/id-id/user/review/consumption/HOTEL/GENERAL/295675,18,11,Saya harus membuat pemesanan menit terakhir di hotel ini dan layanannya bagus,Diulas 398 minggu lalu,"https://ik.imagekit.io/tvlk/ugc-review/guys1L+Yyer9kzI3sp-pb0CG1j2bhflZGFUZOoIf1YOBAm37kEUOKR41ieUZm7ZJ/ugc-photo-ap-southeast-1-581603780057-acd24e232f75f09e/ACCOMMODATION/10379158_ACCOMMODATION_1537705133352_6ca9e8011f70adcd?_src=imagekit&tr=c-at_max,h-100,q-40,w-100","https://ik.imagekit.io/tvlk/ugc-review/guys1L+Yyer9kzI3sp-pb0CG1j2bhflZGFUZOoIf1YOBAm37kEUOKR41ieUZm7ZJ/ugc-photo-ap-southeast-1-581603780057-acd24e232f75f09e/ACCOMMODATION/10379158_ACCOMMODATION_1537705133353_0fe393c348257f47?_src=imagekit&tr=c-at_max,h-100,q-40,w-100",,,,,,,,,,,,,,,,,,
https://www.traveloka.com/id-id/user/review/consumption/HOTEL/GENERAL/295675,18,12,"Kamarnya nyaman, dingin, tapi toilet tempat mandinya terlalu sempit, tidak bisa gantung baju/handuk sama sekali.",Diulas 398 minggu lalu,"https://ik.imagekit.io/tvlk/ugc-review/guys1L+Yyer9kzI3sp-pb0CG1j2bhflZGFUZOoIf1YOBAm37kEUOKR41ieUZm7ZJ/ugc-photo-ap-southeast-1-581603780057-acd24e232f75f09e/ACCOMMODATION/23188442_ACCOMMODATION_1537703059369_6a78c511535c71fe?_src=imagekit&tr=c-at_max,h-100,q-40,w-100",,,,,,,,,,,,,,,,,,,
https://www.traveloka.com/id-id/user/review/consumption/HOTEL/GENERAL/295675,18,13,"Ruangan nyaman, makanan enak, tempat nyaman, lorong terlalu remang-remang, terdapat antrean dalam menunggu lift, tapi overall good.",Diulas 398 minggu lalu,"https://ik.imagekit.io/tvlk/ugc-review/guys1L+Yyer9kzI3sp-pb0CG1j2bhflZGFUZOoIf1YOBAm37kEUOKR41ieUZm7ZJ/ugc-photo-ap-southeast-1-581603780057-acd24e232f75f09e/ACCOMMODATION/23361242_ACCOMMODATION_1537504268057_97cbd2e1e2cea853?_src=imagekit&tr=c-at_max,h-100,q-40,w-100",,,,,,,,,,,,,,,,,,,
https://www.traveloka.com/id-id/user/review/consumption/HOTEL/GENERAL/295675,18,14,"Kamar tidur nyaman, ada tempat duduk untuk ngobrol. Signal WiFi kuat. Ranjang cukup empuk, namun bila ada tambah topper c-pro tentu lebih nyaman lagi. Pilihan acara TV kurang variatif. Kamar mandi terlalu sempit, pintu kaca tempat mandi tidak pas karena pas buka pintu, kena keset. Air shower sehabis mandi luber keluar ke toilet. Tidak ada shelving sama sekali di tempat mandi untuk taruh perlengkapan mandi (lulur, dan lain-lain).",Diulas 398 minggu lalu,"https://ik.imagekit.io/tvlk/ugc-review/guys1L+Yyer9kzI3sp-pb0CG1j2bhflZGFUZOoIf1YOBAm37kEUOKR41ieUZm7ZJ/ugc-photo-ap-southeast-1-581603780057-acd24e232f75f09e/ACCOMMODATION/23188442_ACCOMMODATION_1537414500627_05a72effb6d3317b?_src=imagekit&tr=c-at_max,h-100,q-40,w-100","https://ik.imagekit.io/tvlk/ugc-review/guys1L+Yyer9kzI3sp-pb0CG1j2bhflZGFUZOoIf1YOBAm37kEUOKR41ieUZm7ZJ/ugc-photo-ap-southeast-1-581603780057-acd24e232f75f09e/ACCOMMODATION/23188442_ACCOMMODATION_1537414500627_26ac9e99743dbb66?_src=imagekit&tr=c-at_max,h-100,q-40,w-100",,,,,,,,,,,,,,,,,,
https://www.traveloka.com/id-id/user/review/consumption/HOTEL/GENERAL/295675,18,15,"Bisa tidur nyenyak sudah, alhamdulillah.",Diulas 399 minggu lalu,"https://ik.imagekit.io/tvlk/ugc-review/guys1L+Yyer9kzI3sp-pb0CG1j2bhflZGFUZOoIf1YOBAm37kEUOKR41ieUZm7ZJ/ugc-photo-ap-southeast-1-581603780057-acd24e232f75f09e/ACCOMMODATION/8830037_ACCOMMODATION_1537241040558_a4b49ef0b5c0ded4?_src=imagekit&tr=c-at_max,h-100,q-40,w-100","https://ik.imagekit.io/tvlk/ugc-review/guys1L+Yyer9kzI3sp-pb0CG1j2bhflZGFUZOoIf1YOBAm37kEUOKR41ieUZm7ZJ/ugc-photo-ap-southeast-1-581603780057-acd24e232f75f09e/ACCOMMODATION/8830037_ACCOMMODATION_1537241040558_4c3fde9f23bccabe?_src=imagekit&tr=c-at_max,h-100,q-40,w-100",,,,,,,,,,,,,,,,,,
https://www.traveloka.com/id-id/user/review/consumption/HOTEL/GENERAL/295675,18,16,"Strategis karena ada akses langsung ke Mall Trans Studio Bandung, kamar minimalis bersih dan nyaman. Hanya saja breakfastnya yang rasanya agak terlalu biasa namun cukup bervariasi.",Diulas 399 minggu lalu,"https://ik.imagekit.io/tvlk/ugc-review/guys1L+Yyer9kzI3sp-pb0CG1j2bhflZGFUZOoIf1YOBAm37kEUOKR41ieUZm7ZJ/ugc-photo-ap-southeast-1-581603780057-acd24e232f75f09e/ACCOMMODATION/4186841_ACCOMMODATION_1537183388354_4cea8e94f84e03f7?_src=imagekit&tr=c-at_max,h-100,q-40,w-100",,,,,,,,,,,,,,,,,,,
https://www.traveloka.com/id-id/user/review/consumption/HOTEL/GENERAL/295675,18,17,"Mantap nyaman lokasi strategis, recommended untuk yang pingin berlibur di kota Bandung.",Diulas 400 minggu lalu,"https://ik.imagekit.io/tvlk/ugc-review/guys1L+Yyer9kzI3sp-pb0CG1j2bhflZGFUZOoIf1YOBAm37kEUOKR41ieUZm7ZJ/ugc-photo-ap-southeast-1-581603780057-acd24e232f75f09e/ACCOMMODATION/10417908_ACCOMMODATION_1536474905284_295ef937b7daaa12?_src=imagekit&tr=c-at_max,h-100,q-40,w-100","https://ik.imagekit.io/tvlk/ugc-review/guys1L+Yyer9kzI3sp-pb0CG1j2bhflZGFUZOoIf1YOBAm37kEUOKR41ieUZm7ZJ/ugc-photo-ap-southeast-1-581603780057-acd24e232f75f09e/ACCOMMODATION/10417908_ACCOMMODATION_1536474905285_dcf66326ee146a92?_src=imagekit&tr=c-at_max,h-100,q-40,w-100","https://ik.imagekit.io/tvlk/ugc-review/guys1L+Yyer9kzI3sp-pb0CG1j2bhflZGFUZOoIf1YOBAm37kEUOKR41ieUZm7ZJ/ugc-photo-ap-southeast-1-581603780057-acd24e232f75f09e/ACCOMMODATION/10417908_ACCOMMODATION_1536474905285_84cd13e1d80177b7?_src=imagekit&tr=c-at_max,h-100,q-40,w-100","https://ik.imagekit.io/tvlk/ugc-review/guys1L+Yyer9kzI3sp-pb0CG1j2bhflZGFUZOoIf1YOBAm37kEUOKR41ieUZm7ZJ/ugc-photo-ap-southeast-1-581603780057-acd24e232f75f09e/ACCOMMODATION/10417908_ACCOMMODATION_1536474905285_d53cd16b0f44a860?_src=imagekit&tr=c-at_max,h-100,q-40,w-100",,,,,,,,,,,,,,,,
https://www.traveloka.com/id-id/user/review/consumption/HOTEL/GENERAL/295675,18,18,"Kamar nyaman. Ada guling dan bantal ekstra. Bersih, rapi. Lokasi searea sama trans studio. Mau nonton bioskop juga gampang.",Diulas 401 minggu lalu,"https://ik.imagekit.io/tvlk/ugc-review/guys1L+Yyer9kzI3sp-pb0CG1j2bhflZGFUZOoIf1YOBAm37kEUOKR41ieUZm7ZJ/ugc-photo-ap-southeast-1-581603780057-acd24e232f75f09e/ACCOMMODATION/8279174_ACCOMMODATION_1535948887420_c43ec01e6f395756?_src=imagekit&tr=c-at_max,h-100,q-40,w-100",,,,,,,,,,,,,,,,,,,
https://www.traveloka.com/id-id/user/review/consumption/HOTEL/GENERAL/295675,18,19,Proses check-in dan check-out yang cepat nyaman dan strategis. Harus lebih ramah saja dalam segala pelayanan. Tempat menginap yang asyik untuk keluarga.,Diulas 401 minggu lalu,"https://ik.imagekit.io/tvlk/ugc-review/guys1L+Yyer9kzI3sp-pb0CG1j2bhflZGFUZOoIf1YOBAm37kEUOKR41ieUZm7ZJ/ugc-photo-ap-southeast-1-581603780057-acd24e232f75f09e/ACCOMMODATION/3484750_ACCOMMODATION_1535894205966_3ef0bcccfaad226a?_src=imagekit&tr=c-at_max,h-100,q-40,w-100","https://ik.imagekit.io/tvlk/ugc-review/guys1L+Yyer9kzI3sp-pb0CG1j2bhflZGFUZOoIf1YOBAm37kEUOKR41ieUZm7ZJ/ugc-photo-ap-southeast-1-581603780057-acd24e232f75f09e/ACCOMMODATION/3484750_ACCOMMODATION_1535894205966_76653c506cb6768e?_src=imagekit&tr=c-at_max,h-100,q-40,w-100",,,,,,,,,,,,,,,,,,
https://www.traveloka.com/id-id/user/review/consumption/HOTEL/GENERAL/295675,18,20,Hotel ini direkomendasikan terutama untuk tamu luar Bandung yang ingin berkunjung ke Trans Studio Bandung. Habis seharian main di Trans Studio bisa langsung menuju kamar untuk istirahat.,Diulas 402 minggu lalu,"https://ik.imagekit.io/tvlk/ugc-review/guys1L+Yyer9kzI3sp-pb0CG1j2bhflZGFUZOoIf1YOBAm37kEUOKR41ieUZm7ZJ/ugc-photo-ap-southeast-1-581603780057-acd24e232f75f09e/ACCOMMODATION/21789881_ACCOMMODATION_1535271670601_79edf5a257b244ab?_src=imagekit&tr=c-at_max,h-100,q-40,w-100","https://ik.imagekit.io/tvlk/ugc-review/guys1L+Yyer9kzI3sp-pb0CG1j2bhflZGFUZOoIf1YOBAm37kEUOKR41ieUZm7ZJ/ugc-photo-ap-southeast-1-581603780057-acd24e232f75f09e/ACCOMMODATION/21789881_ACCOMMODATION_1535271670602_17f89415bca41314?_src=imagekit&tr=c-at_max,h-100,q-40,w-100","https://ik.imagekit.io/tvlk/ugc-review/guys1L+Yyer9kzI3sp-pb0CG1j2bhflZGFUZOoIf1YOBAm37kEUOKR41ieUZm7ZJ/ugc-photo-ap-southeast-1-581603780057-acd24e232f75f09e/ACCOMMODATION/21789881_ACCOMMODATION_1535271670602_e23f5e64500cf09a?_src=imagekit&tr=c-at_max,h-100,q-40,w-100",,,,,,,,,,,,,,,,,
https://www.traveloka.com/id-id/user/review/consumption/HOTEL/GENERAL/295675,19,1,"tempat penghubung, hotel ibis - trans kemewahan - trans mart - trans studio dengan manajemen masjid yang baik harus mempersiapkan diri untuk proses check in dan kamar terutama ketika mereka memiliki acara, kamar tersedia sekitar 1,5 jam setelah check in, mereka memberikan kompensasi; keterlambatan check out sampai jam 4 sore (tapi kadang-kadang tidak berguna 😊)",Diulas 403 minggu lalu,"https://ik.imagekit.io/tvlk/ugc-review/guys1L+Yyer9kzI3sp-pb0CG1j2bhflZGFUZOoIf1YOBAm37kEUOKR41ieUZm7ZJ/ugc-photo-ap-southeast-1-581603780057-acd24e232f75f09e/ACCOMMODATION/1216361_ACCOMMODATION_1534732608400_08c522ae24b36172?_src=imagekit&tr=c-at_max,h-100,q-40,w-100",,,,,,,,,,,,,,,,,,,
https://www.traveloka.com/id-id/user/review/consumption/HOTEL/GENERAL/295675,19,2,"Luas, bersih, di sebelah mal dan Trans Luxury hotel dan pusat konvensi + ballroom + Trans.",Diulas 403 minggu lalu,"https://ik.imagekit.io/tvlk/ugc-review/guys1L+Yyer9kzI3sp-pb0CG1j2bhflZGFUZOoIf1YOBAm37kEUOKR41ieUZm7ZJ/ugc-photo-ap-southeast-1-581603780057-acd24e232f75f09e/ACCOMMODATION/3852188_ACCOMMODATION_1534676847538_d1d26a2d8f7338b6?_src=imagekit&tr=c-at_max,h-100,q-40,w-100","https://ik.imagekit.io/tvlk/ugc-review/guys1L+Yyer9kzI3sp-pb0CG1j2bhflZGFUZOoIf1YOBAm37kEUOKR41ieUZm7ZJ/ugc-photo-ap-southeast-1-581603780057-acd24e232f75f09e/ACCOMMODATION/3852188_ACCOMMODATION_1534676847538_904fde728db16000?_src=imagekit&tr=c-at_max,h-100,q-40,w-100","https://ik.imagekit.io/tvlk/ugc-review/guys1L+Yyer9kzI3sp-pb0CG1j2bhflZGFUZOoIf1YOBAm37kEUOKR41ieUZm7ZJ/ugc-photo-ap-southeast-1-581603780057-acd24e232f75f09e/ACCOMMODATION/3852188_ACCOMMODATION_1534676847539_866f96349e0a0a30?_src=imagekit&tr=c-at_max,h-100,q-40,w-100","https://ik.imagekit.io/tvlk/ugc-review/guys1L+Yyer9kzI3sp-pb0CG1j2bhflZGFUZOoIf1YOBAm37kEUOKR41ieUZm7ZJ/ugc-photo-ap-southeast-1-581603780057-acd24e232f75f09e/ACCOMMODATION/3852188_ACCOMMODATION_1534676847539_de75711a565ebc0c?_src=imagekit&tr=c-at_max,h-100,q-40,w-100","https://ik.imagekit.io/tvlk/ugc-review/guys1L+Yyer9kzI3sp-pb0CG1j2bhflZGFUZOoIf1YOBAm37kEUOKR41ieUZm7ZJ/ugc-photo-ap-southeast-1-581603780057-acd24e232f75f09e/ACCOMMODATION/3852188_ACCOMMODATION_1534676847539_b7db8fda8fa3d70a?_src=imagekit&tr=c-at_max,h-100,q-40,w-100",,,,,,,,,,,,,,,
https://www.traveloka.com/id-id/user/review/consumption/HOTEL/GENERAL/295675,19,3,"Pertama kali menginap disini cukup menyenangkan. Kamar bersih, makanan lengkap dan enak. dekat dengan pusat hiburan. Untuk kesempatan lain mungkin saya akan menginap disini lagi.",Diulas 405 minggu lalu,"https://ik.imagekit.io/tvlk/ugc-review/guys1L+Yyer9kzI3sp-pb0CG1j2bhflZGFUZOoIf1YOBAm37kEUOKR41ieUZm7ZJ/ugc-photo-ap-southeast-1-581603780057-acd24e232f75f09e/ACCOMMODATION/3119131_ACCOMMODATION_1533524197689_b9dcca5942cd57ef?_src=imagekit&tr=c-at_max,h-100,q-40,w-100",,,,,,,,,,,,,,,,,,,
https://www.traveloka.com/id-id/user/review/consumption/HOTEL/GENERAL/295675,19,4,"Overall perfect ❤️ Baru nyampe langsung pengen bikin review! Gue dari stasiun jam 12 siang jalan sendirian luntang lantung bingung cari hotel. Langsung mutuskan di ibis karena dekat dan gue bener-bener bingung mau stay dimana, dan tidak kecewa sama sekali setelah nyampe hotel, padahal gue ambil yang paling murah hahaha ❤️",Diulas 405 minggu lalu,"https://ik.imagekit.io/tvlk/ugc-review/guys1L+Yyer9kzI3sp-pb0CG1j2bhflZGFUZOoIf1YOBAm37kEUOKR41ieUZm7ZJ/ugc-photo-ap-southeast-1-581603780057-acd24e232f75f09e/ACCOMMODATION/71139217_ACCOMMODATION_1533111857497_efaa426c45e1456e?_src=imagekit&tr=c-at_max,h-100,q-40,w-100",,,,,,,,,,,,,,,,,,,
https://www.traveloka.com/id-id/user/review/consumption/HOTEL/GENERAL/295675,19,5,"ibis trans bandung adalah hotel dengan konsep minimalis dan keluarga saya dan saya seperti itu, mungkin setelah ini saya akan menginap di ibis lagi",Diulas 409 minggu lalu,"https://ik.imagekit.io/tvlk/ugc-review/guys1L+Yyer9kzI3sp-pb0CG1j2bhflZGFUZOoIf1YOBAm37kEUOKR41ieUZm7ZJ/ugc-photo-ap-southeast-1-581603780057-acd24e232f75f09e/ACCOMMODATION/17747084_ACCOMMODATION_1531022544916_a31eef3b9a015c39?_src=imagekit&tr=c-at_max,h-100,q-40,w-100",,,,,,,,,,,,,,,,,,,
https://www.traveloka.com/id-id/user/review/consumption/HOTEL/GENERAL/295675,19,6,"Pelayanan bagus, kamar oke, hotel sangat dekat dengan trans studio bandung (TSB) hanya 3 menit jalan kaki.",Diulas 410 minggu lalu,"https://ik.imagekit.io/tvlk/ugc-review/guys1L+Yyer9kzI3sp-pb0CG1j2bhflZGFUZOoIf1YOBAm37kEUOKR41ieUZm7ZJ/ugc-photo-ap-southeast-1-581603780057-acd24e232f75f09e/ACCOMMODATION/17982560_ACCOMMODATION_1530334047369_6311af806dda30a8?_src=imagekit&tr=c-at_max,h-100,q-40,w-100",,,,,,,,,,,,,,,,,,,
https://www.traveloka.com/id-id/user/review/consumption/HOTEL/GENERAL/295675,19,7,Tempat nongkrong sama nonton piala dunianya cozy... Papa aku sampai betah banget... Kemana-mana dekat... Mau nyari apa-apa gampang... Kamar nyaman.,Diulas 410 minggu lalu,"https://ik.imagekit.io/tvlk/ugc-review/guys1L+Yyer9kzI3sp-pb0CG1j2bhflZGFUZOoIf1YOBAm37kEUOKR41ieUZm7ZJ/ugc-photo-ap-southeast-1-581603780057-acd24e232f75f09e/ACCOMMODATION/21764454_ACCOMMODATION_1530262428031_dd57e5dd54536e2a?_src=imagekit&tr=c-at_max,h-100,q-40,w-100","https://ik.imagekit.io/tvlk/ugc-review/guys1L+Yyer9kzI3sp-pb0CG1j2bhflZGFUZOoIf1YOBAm37kEUOKR41ieUZm7ZJ/ugc-photo-ap-southeast-1-581603780057-acd24e232f75f09e/ACCOMMODATION/21764454_ACCOMMODATION_1530262440893_db77da79542c0e66?_src=imagekit&tr=c-at_max,h-100,q-40,w-100",,,,,,,,,,,,,,,,,,
https://www.traveloka.com/id-id/user/review/consumption/HOTEL/GENERAL/295675,19,8,"Pelayanan baik, kamar bersih, makanan enak, banyak, dan lainnya bagus.",Diulas 410 minggu lalu,"https://ik.imagekit.io/tvlk/ugc-review/guys1L+Yyer9kzI3sp-pb0CG1j2bhflZGFUZOoIf1YOBAm37kEUOKR41ieUZm7ZJ/ugc-photo-ap-southeast-1-581603780057-acd24e232f75f09e/ACCOMMODATION/3131955_ACCOMMODATION_1530246570052_34487fb394f745f6?_src=imagekit&tr=c-at_max,h-100,q-40,w-100",,,,,,,,,,,,,,,,,,,
https://www.traveloka.com/id-id/user/review/consumption/HOTEL/GENERAL/295675,19,9,Makanan breakfast oke tapi tolong wetersnya ditambah keramahannya.,Diulas 411 minggu lalu,"https://ik.imagekit.io/tvlk/ugc-review/guys1L+Yyer9kzI3sp-pb0CG1j2bhflZGFUZOoIf1YOBAm37kEUOKR41ieUZm7ZJ/ugc-photo-ap-southeast-1-581603780057-acd24e232f75f09e/ACCOMMODATION/11415265_ACCOMMODATION_1529829362503_ddb7a3c8da03a143?_src=imagekit&tr=c-at_max,h-100,q-40,w-100",,,,,,,,,,,,,,,,,,,
https://www.traveloka.com/id-id/user/review/consumption/HOTEL/GENERAL/295675,19,10,"Kualitas hotel layanan hotel servis hotel lumayan baik, hanya saja ruangan kamar mandi agak sempit, overall bagus lah, lokasi strategis dekat kemana-mana.",Diulas 411 minggu lalu,"https://ik.imagekit.io/tvlk/ugc-review/guys1L+Yyer9kzI3sp-pb0CG1j2bhflZGFUZOoIf1YOBAm37kEUOKR41ieUZm7ZJ/ugc-photo-ap-southeast-1-581603780057-acd24e232f75f09e/ACCOMMODATION/13985248_ACCOMMODATION_1529117810868_1223c2746ba9f1d2?_src=imagekit&tr=c-at_max,h-100,q-40,w-100",,,,,,,,,,,,,,,,,,,
https://www.traveloka.com/id-id/user/review/consumption/HOTEL/GENERAL/295675,19,11,"Sangat nyaman untuk keluarga kecil, tempat lokasi sangat enak dengan hiburan mal TSM Bandung, TOP banget!",Diulas 412 minggu lalu,"https://ik.imagekit.io/tvlk/ugc-review/guys1L+Yyer9kzI3sp-pb0CG1j2bhflZGFUZOoIf1YOBAm37kEUOKR41ieUZm7ZJ/ugc-photo-ap-southeast-1-581603780057-acd24e232f75f09e/ACCOMMODATION/6584120_ACCOMMODATION_1529204050410_e6244392adfc130a?_src=imagekit&tr=c-at_max,h-100,q-40,w-100","https://ik.imagekit.io/tvlk/ugc-review/guys1L+Yyer9kzI3sp-pb0CG1j2bhflZGFUZOoIf1YOBAm37kEUOKR41ieUZm7ZJ/ugc-photo-ap-southeast-1-581603780057-acd24e232f75f09e/ACCOMMODATION/6584120_ACCOMMODATION_1529204050411_54ece01da6dee39c?_src=imagekit&tr=c-at_max,h-100,q-40,w-100","https://ik.imagekit.io/tvlk/ugc-review/guys1L+Yyer9kzI3sp-pb0CG1j2bhflZGFUZOoIf1YOBAm37kEUOKR41ieUZm7ZJ/ugc-photo-ap-southeast-1-581603780057-acd24e232f75f09e/ACCOMMODATION/6584120_ACCOMMODATION_1529204050411_1cab6ffa1f993cb8?_src=imagekit&tr=c-at_max,h-100,q-40,w-100",,,,,,,,,,,,,,,,,
https://www.traveloka.com/id-id/user/review/consumption/HOTEL/GENERAL/295675,19,12,Kamar bersih. cuma agak sempit. bisa ke mal tiap waktu. oke pelayanannya. good.,Diulas 412 minggu lalu,"https://ik.imagekit.io/tvlk/ugc-review/guys1L+Yyer9kzI3sp-pb0CG1j2bhflZGFUZOoIf1YOBAm37kEUOKR41ieUZm7ZJ/ugc-photo-ap-southeast-1-581603780057-acd24e232f75f09e/ACCOMMODATION/13809388_ACCOMMODATION_1529155037975_d7721b661211c246?_src=imagekit&tr=c-at_max,h-100,q-40,w-100",,,,,,,,,,,,,,,,,,,
https://www.traveloka.com/id-id/user/review/consumption/HOTEL/GENERAL/295675,19,13,"Kulkas tidak dingin sama sekali, bersih, tapi agak kecil. stategis dekat trans studio dan trans mal. jalan kaki saja.",Diulas 412 minggu lalu,"https://ik.imagekit.io/tvlk/ugc-review/guys1L+Yyer9kzI3sp-pb0CG1j2bhflZGFUZOoIf1YOBAm37kEUOKR41ieUZm7ZJ/ugc-photo-ap-southeast-1-581603780057-acd24e232f75f09e/ACCOMMODATION/1032649_ACCOMMODATION_1528906886609_696ce172e872fca1?_src=imagekit&tr=c-at_max,h-100,q-40,w-100","https://ik.imagekit.io/tvlk/ugc-review/guys1L+Yyer9kzI3sp-pb0CG1j2bhflZGFUZOoIf1YOBAm37kEUOKR41ieUZm7ZJ/ugc-photo-ap-southeast-1-581603780057-acd24e232f75f09e/ACCOMMODATION/1032649_ACCOMMODATION_1528906886610_f78541e92f32f7b1?_src=imagekit&tr=c-at_max,h-100,q-40,w-100","https://ik.imagekit.io/tvlk/ugc-review/guys1L+Yyer9kzI3sp-pb0CG1j2bhflZGFUZOoIf1YOBAm37kEUOKR41ieUZm7ZJ/ugc-photo-ap-southeast-1-581603780057-acd24e232f75f09e/ACCOMMODATION/1032649_ACCOMMODATION_1528906886611_7b189cfa685af1d8?_src=imagekit&tr=c-at_max,h-100,q-40,w-100","https://ik.imagekit.io/tvlk/ugc-review/guys1L+Yyer9kzI3sp-pb0CG1j2bhflZGFUZOoIf1YOBAm37kEUOKR41ieUZm7ZJ/ugc-photo-ap-southeast-1-581603780057-acd24e232f75f09e/ACCOMMODATION/1032649_ACCOMMODATION_1528906886611_e5de354d4bafb109?_src=imagekit&tr=c-at_max,h-100,q-40,w-100",,,,,,,,,,,,,,,,
https://www.traveloka.com/id-id/user/review/consumption/HOTEL/GENERAL/295675,19,14,"Kamar tidurnya nyaman, bersih, pencahayaannya juga tepat / tidak gelap, interiornya juga mendukung jika ingin kerja didalam kamar, bantalnya sedikit berbau. Ada beberapa yang menjadi saran saya : 1. Sebaiknya jika ada botol minum sisa air, jangan dibuang, diletakan saja bersama dengan air minum baru, (agar tidak menyia2kan sumberdaya air). 2. Jangan membuang barang milik pengguna kamar. saya meletakan pencuci muka (travel size) dan shower cap yang dibawa sendiri dari rumah dikamar mandi akan tetapi ketika saya kembali sehabis dari luar semuanya sudah tidak ada, untung saya tidak meletakan benda lain di kamar or k.mandi (bisa2 nanti dibuang😑). Sungguh sangat menyebalkan untuk hal yang satu ini, karena biasanya dihotel manapun saya menyinap selalu dirapikan dan tidak pernah ada sejarahnya dibuang atau hilang. Ini bukan mengenai nilai barang, tapi lebih dari tata cara yang seharusnya tidak seperti itu. Untuk makan pagi lumayan banyak variasi, untuk rasa relatif.",Diulas 413 minggu lalu,"https://ik.imagekit.io/tvlk/ugc-review/guys1L+Yyer9kzI3sp-pb0CG1j2bhflZGFUZOoIf1YOBAm37kEUOKR41ieUZm7ZJ/ugc-photo-ap-southeast-1-581603780057-acd24e232f75f09e/ACCOMMODATION/4689557_ACCOMMODATION_1528378512791_48d73a1591c72380?_src=imagekit&tr=c-at_max,h-100,q-40,w-100","https://ik.imagekit.io/tvlk/ugc-review/guys1L+Yyer9kzI3sp-pb0CG1j2bhflZGFUZOoIf1YOBAm37kEUOKR41ieUZm7ZJ/ugc-photo-ap-southeast-1-581603780057-acd24e232f75f09e/ACCOMMODATION/4689557_ACCOMMODATION_1528378512792_35b12a7a50962838?_src=imagekit&tr=c-at_max,h-100,q-40,w-100",,,,,,,,,,,,,,,,,,
https://www.traveloka.com/id-id/user/review/consumption/HOTEL/GENERAL/295675,19,15,"Tema makanan tidak sesuai ekspektasi, tapi wajarlah dengan buffet yang murah sesuai kantong tapi dengan akses yang sama seperti trans luxury yang bintang 6",Diulas 414 minggu lalu,"https://ik.imagekit.io/tvlk/ugc-review/guys1L+Yyer9kzI3sp-pb0CG1j2bhflZGFUZOoIf1YOBAm37kEUOKR41ieUZm7ZJ/ugc-photo-ap-southeast-1-581603780057-acd24e232f75f09e/ACCOMMODATION/1724929_ACCOMMODATION_1528167738772_62429ee38d7db867?_src=imagekit&tr=c-at_max,h-100,q-40,w-100",,,,,,,,,,,,,,,,,,,
https://www.traveloka.com/id-id/user/review/consumption/HOTEL/GENERAL/295675,19,16,"Hotel yang bagus, kamar yang bersih dan murah.",Diulas 414 minggu lalu,"https://ik.imagekit.io/tvlk/ugc-review/guys1L+Yyer9kzI3sp-pb0CG1j2bhflZGFUZOoIf1YOBAm37kEUOKR41ieUZm7ZJ/ugc-photo-ap-southeast-1-581603780057-acd24e232f75f09e/ACCOMMODATION/8706270_ACCOMMODATION_1528136164824_57b660725b0792c9?_src=imagekit&tr=c-at_max,h-100,q-40,w-100",,,,,,,,,,,,,,,,,,,
https://www.traveloka.com/id-id/user/review/consumption/HOTEL/GENERAL/295675,19,17,"Sangat memuaskan, petugas ramah, lokasi dekat dengan trans studio, dan trans mal",Diulas 414 minggu lalu,"https://ik.imagekit.io/tvlk/ugc-review/guys1L+Yyer9kzI3sp-pb0CG1j2bhflZGFUZOoIf1YOBAm37kEUOKR41ieUZm7ZJ/ugc-photo-ap-southeast-1-581603780057-acd24e232f75f09e/ACCOMMODATION/17586334_ACCOMMODATION_1528113699178_2a0e47a56e28c69c?_src=imagekit&tr=c-at_max,h-100,q-40,w-100","https://ik.imagekit.io/tvlk/ugc-review/guys1L+Yyer9kzI3sp-pb0CG1j2bhflZGFUZOoIf1YOBAm37kEUOKR41ieUZm7ZJ/ugc-photo-ap-southeast-1-581603780057-acd24e232f75f09e/ACCOMMODATION/17586334_ACCOMMODATION_1528113699179_932ca9b93f160cb5?_src=imagekit&tr=c-at_max,h-100,q-40,w-100",,,,,,,,,,,,,,,,,,
https://www.traveloka.com/id-id/user/review/consumption/HOTEL/GENERAL/295675,19,18,"keseluruhan pengalaman baik ..
sarapan agak bosan dengan varian yang hampir sama setiap hari.",Diulas 414 minggu lalu,"https://ik.imagekit.io/tvlk/ugc-review/guys1L+Yyer9kzI3sp-pb0CG1j2bhflZGFUZOoIf1YOBAm37kEUOKR41ieUZm7ZJ/ugc-photo-ap-southeast-1-581603780057-acd24e232f75f09e/ACCOMMODATION/4099300_ACCOMMODATION_1527839300406_26aa998339b0b52e?_src=imagekit&tr=c-at_max,h-100,q-40,w-100",,,,,,,,,,,,,,,,,,,
https://www.traveloka.com/id-id/user/review/consumption/HOTEL/GENERAL/295675,19,19,"makanan saat sarapan perlu ditingkatkan,",Diulas 415 minggu lalu,"https://ik.imagekit.io/tvlk/ugc-review/guys1L+Yyer9kzI3sp-pb0CG1j2bhflZGFUZOoIf1YOBAm37kEUOKR41ieUZm7ZJ/ugc-photo-ap-southeast-1-581603780057-acd24e232f75f09e/ACCOMMODATION/6072561_ACCOMMODATION_1527220562561_ad8dee6a020fcbf7?_src=imagekit&tr=c-at_max,h-100,q-40,w-100",,,,,,,,,,,,,,,,,,,
https://www.traveloka.com/id-id/user/review/consumption/HOTEL/GENERAL/295675,19,20,"Nyaman, pelayanan ramah, kamar oke. Dekat dengan Mal, Trans Studio Bandung mau cari makan gampang, ada mini mart juga dekat situ.",Diulas 416 minggu lalu,"https://ik.imagekit.io/tvlk/ugc-review/guys1L+Yyer9kzI3sp-pb0CG1j2bhflZGFUZOoIf1YOBAm37kEUOKR41ieUZm7ZJ/ugc-photo-ap-southeast-1-581603780057-acd24e232f75f09e/ACCOMMODATION/8923948_ACCOMMODATION_1526862113698_21f390c10a6fcbc9?_src=imagekit&tr=c-at_max,h-100,q-40,w-100",,,,,,,,,,,,,,,,,,,
https://www.traveloka.com/id-id/user/review/consumption/HOTEL/GENERAL/295675,20,1,"Tempat yang bagus jika Anda ingin menemukan tempat yang cukup dekat dengan TSM atau TSB. Tapi, fasilitasnya buruk :( tidak ada gym, tidak ada kolam renang, tidak ada spa, bahkan Wifi sulit diakses karena terlalu banyak orang yang mengaksesnya. Fasilitas hanya Kamar &amp; sarapannya.",Diulas 420 minggu lalu,"https://ik.imagekit.io/tvlk/ugc-review/guys1L+Yyer9kzI3sp-pb0CG1j2bhflZGFUZOoIf1YOBAm37kEUOKR41ieUZm7ZJ/ugc-photo-ap-southeast-1-581603780057-acd24e232f75f09e/ACCOMMODATION/40496492_ACCOMMODATION_1524363452427_4ae9ee1e26ddfc89?_src=imagekit&tr=c-at_max,h-100,q-40,w-100",,,,,,,,,,,,,,,,,,,
https://www.traveloka.com/id-id/user/review/consumption/HOTEL/GENERAL/295675,20,2,"Bagus, tempat strategis dan dekat dengan pusat perbelanjaan dan hiburan",Diulas 425 minggu lalu,"https://ik.imagekit.io/tvlk/ugc-review/guys1L+Yyer9kzI3sp-pb0CG1j2bhflZGFUZOoIf1YOBAm37kEUOKR41ieUZm7ZJ/ugc-photo-ap-southeast-1-581603780057-acd24e232f75f09e/ACCOMMODATION/4118787_ACCOMMODATION_1521384527866_5aa5ff8e0d7b752c?_src=imagekit&tr=c-at_max,h-100,q-40,w-100",,,,,,,,,,,,,,,,,,,
