url,page,review_index,teks_ulasan,tanggal,gambar-1,gambar-2,gambar-3,gambar-4,gambar-5,gambar-6,gambar-7,gambar-8,gambar-9,gambar-10,gambar-11,gambar-12,gambar-13,gambar-14,gambar-15,gambar-16,gambar-17,gambar-18,gambar-19,gambar-20
https://www.traveloka.com/id-id/user/review/consumption/HOTEL/GENERAL/1000000485924,1,1,"Nice hotel, lumayan bagus, nyaman",Diulas 1 minggu lalu,"https://ik.imagekit.io/tvlk/ugc-review/guys1L+Yyer9kzI3sp-pb0CG1j2bhflZGFUZOoIf1YOBAm37kEUOKR41ieUZm7ZJ/ugc-photo-ap-southeast-1-581603780057-acd24e232f75f09e/REVIEW/REVIEW_1777600648526_e13c76a777e69ac1?_src=imagekit&tr=c-at_max,h-100,q-40,w-100","https://ik.imagekit.io/tvlk/ugc-review/guys1L+Yyer9kzI3sp-pb0CG1j2bhflZGFUZOoIf1YOBAm37kEUOKR41ieUZm7ZJ/ugc-photo-ap-southeast-1-581603780057-acd24e232f75f09e/REVIEW/REVIEW_1777600663217_aeefa58cf3d66820?_src=imagekit&tr=c-at_max,h-100,q-40,w-100",,,,,,,,,,,,,,,,,,
https://www.traveloka.com/id-id/user/review/consumption/HOTEL/GENERAL/1000000485924,1,2,Rekomended banget buat yang mau menginap dengan harga yang murah sudah nyaman banget. Sarapannya enak-enak apalagi lontong kari-nya juara👍🏼,Diulas 6 minggu lalu,"https://ik.imagekit.io/tvlk/ugc-review/guys1L+Yyer9kzI3sp-pb0CG1j2bhflZGFUZOoIf1YOBAm37kEUOKR41ieUZm7ZJ/ugc-photo-ap-southeast-1-581603780057-acd24e232f75f09e/REVIEW/REVIEW_1774675568794_16eb24fad5399551?_src=imagekit&tr=c-at_max,h-100,q-40,w-100","https://ik.imagekit.io/tvlk/ugc-review/guys1L+Yyer9kzI3sp-pb0CG1j2bhflZGFUZOoIf1YOBAm37kEUOKR41ieUZm7ZJ/ugc-photo-ap-southeast-1-581603780057-acd24e232f75f09e/REVIEW/REVIEW_1774675568793_2cf99fe5b6c50a1c?_src=imagekit&tr=c-at_max,h-100,q-40,w-100",,,,,,,,,,,,,,,,,,
https://www.traveloka.com/id-id/user/review/consumption/HOTEL/GENERAL/1000000485924,1,3,"Pengalaman yang baik menginap 4 malam di sini. Staff ramah. Saya bisa nge-print dokumen kerjaan juga di resepsionis secara gratis (tentu dengan jumlah yang wajar). Dapat free upgrade kamar. Variasi makanan untuk hotel bintang 3 cukup baik. Mungkin kualitas cita rasa dan bumbunya perlu ditingkatkan. Kamarnya bagus, untuk kamar suite/besar alangkah baiknya jika diberi karpet. Wi-Fi-nya susah konek. Sisanya baik. Tata suasana dan tata letak lobi mungkin bisa diperbaiki agar lebih nyaman dan enak dipandang. Di seberang ada resto dan kopi Eskalasi, rasanya cukup enak. Jarak ke kota juga tidak terlalu jauh.",Diulas 12 minggu lalu,"https://ik.imagekit.io/tvlk/ugc-review/guys1L+Yyer9kzI3sp-pb0CG1j2bhflZGFUZOoIf1YOBAm37kEUOKR41ieUZm7ZJ/ugc-photo-ap-southeast-1-581603780057-acd24e232f75f09e/REVIEW/REVIEW_1771214606882_92edf8361316826e?_src=imagekit&tr=c-at_max,h-100,q-40,w-100","https://ik.imagekit.io/tvlk/ugc-review/guys1L+Yyer9kzI3sp-pb0CG1j2bhflZGFUZOoIf1YOBAm37kEUOKR41ieUZm7ZJ/ugc-photo-ap-southeast-1-581603780057-acd24e232f75f09e/REVIEW/REVIEW_1771214606882_e8cc80e7fcc917a2?_src=imagekit&tr=c-at_max,h-100,q-40,w-100",,,,,,,,,,,,,,,,,,
https://www.traveloka.com/id-id/user/review/consumption/HOTEL/GENERAL/1000000485924,1,4,Staafff nya ramahh. Saya masuk hotel jam 1 an sudah di perbolehkan untuk check-in.. TERDEBEESSTTT !!! Next kalo ke Bandung kayanya nginep disini lagii🥰,Diulas 15 minggu lalu,"https://ik.imagekit.io/tvlk/ugc-review/guys1L+Yyer9kzI3sp-pb0CG1j2bhflZGFUZOoIf1YOBAm37kEUOKR41ieUZm7ZJ/ugc-photo-ap-southeast-1-581603780057-acd24e232f75f09e/REVIEW/REVIEW_1768907463611_b3f767a916be7c5e?_src=imagekit&tr=c-at_max,h-100,q-40,w-100",,,,,,,,,,,,,,,,,,,
https://www.traveloka.com/id-id/user/review/consumption/HOTEL/GENERAL/1000000485924,1,5,"proses cek in cepat, lokasi pinggir jalan ada indomaret samping hotel, kamar di pojok wifi nya kenceng, ac dingin, top one clear top ten.",Diulas 18 minggu lalu,"https://ik.imagekit.io/tvlk/ugc-review/guys1L+Yyer9kzI3sp-pb0CG1j2bhflZGFUZOoIf1YOBAm37kEUOKR41ieUZm7ZJ/ugc-photo-ap-southeast-1-581603780057-acd24e232f75f09e/REVIEW/REVIEW_1767676209210_ac72d67c06dee604?_src=imagekit&tr=c-at_max,h-100,q-40,w-100","https://ik.imagekit.io/tvlk/ugc-review/guys1L+Yyer9kzI3sp-pb0CG1j2bhflZGFUZOoIf1YOBAm37kEUOKR41ieUZm7ZJ/ugc-photo-ap-southeast-1-581603780057-acd24e232f75f09e/REVIEW/REVIEW_1767676209210_98e1f099f8a47884?_src=imagekit&tr=c-at_max,h-100,q-40,w-100","https://ik.imagekit.io/tvlk/ugc-review/guys1L+Yyer9kzI3sp-pb0CG1j2bhflZGFUZOoIf1YOBAm37kEUOKR41ieUZm7ZJ/ugc-photo-ap-southeast-1-581603780057-acd24e232f75f09e/REVIEW/REVIEW_1767676209210_c03e3429e793ea9d?_src=imagekit&tr=c-at_max,h-100,q-40,w-100","https://ik.imagekit.io/tvlk/ugc-review/guys1L+Yyer9kzI3sp-pb0CG1j2bhflZGFUZOoIf1YOBAm37kEUOKR41ieUZm7ZJ/ugc-photo-ap-southeast-1-581603780057-acd24e232f75f09e/REVIEW/REVIEW_1767676209209_c1e48c57f6a53c26?_src=imagekit&tr=c-at_max,h-100,q-40,w-100",,,,,,,,,,,,,,,,
https://www.traveloka.com/id-id/user/review/consumption/HOTEL/GENERAL/1000000485924,1,6,meninap yg menyenangkan untuk kembali dikunjungi,Diulas 20 minggu lalu,"https://ik.imagekit.io/tvlk/ugc-review/guys1L+Yyer9kzI3sp-pb0CG1j2bhflZGFUZOoIf1YOBAm37kEUOKR41ieUZm7ZJ/ugc-photo-ap-southeast-1-581603780057-acd24e232f75f09e/REVIEW/REVIEW_1766063838035_43ec37144e05ae16?_src=imagekit&tr=c-at_max,h-100,q-40,w-100",,,,,,,,,,,,,,,,,,,
https://www.traveloka.com/id-id/user/review/consumption/HOTEL/GENERAL/1000000485924,1,7,Minta handuk harus berkali-kali.,Diulas 21 minggu lalu,"https://ik.imagekit.io/tvlk/ugc-review/guys1L+Yyer9kzI3sp-pb0CG1j2bhflZGFUZOoIf1YOBAm37kEUOKR41ieUZm7ZJ/ugc-photo-ap-southeast-1-581603780057-acd24e232f75f09e/REVIEW/REVIEW_1765854892621_b9277a86dd169ce8?_src=imagekit&tr=c-at_max,h-100,q-40,w-100",,,,,,,,,,,,,,,,,,,
https://www.traveloka.com/id-id/user/review/consumption/HOTEL/GENERAL/1000000485924,1,8,"pelayanan thebest sarapan di hotel banyak banget pilihan nya.. 
kalo kebandung slau di sini cekin nya❤️",Diulas 28 minggu lalu,"https://ik.imagekit.io/tvlk/ugc-review/guys1L+Yyer9kzI3sp-pb0CG1j2bhflZGFUZOoIf1YOBAm37kEUOKR41ieUZm7ZJ/ugc-photo-ap-southeast-1-581603780057-acd24e232f75f09e/REVIEW/REVIEW_1761224831639_fbfec3669809a059?_src=imagekit&tr=c-at_max,h-100,q-40,w-100","https://ik.imagekit.io/tvlk/ugc-review/guys1L+Yyer9kzI3sp-pb0CG1j2bhflZGFUZOoIf1YOBAm37kEUOKR41ieUZm7ZJ/ugc-photo-ap-southeast-1-581603780057-acd24e232f75f09e/REVIEW/REVIEW_1761224831638_cd955b4d75a287c7?_src=imagekit&tr=c-at_max,h-100,q-40,w-100",,,,,,,,,,,,,,,,,,
https://www.traveloka.com/id-id/user/review/consumption/HOTEL/GENERAL/1000000485924,1,9,Kamarnya nyaman bersih recomen pokoknya 👌🏻,Diulas 28 minggu lalu,"https://ik.imagekit.io/tvlk/ugc-review/guys1L+Yyer9kzI3sp-pb0CG1j2bhflZGFUZOoIf1YOBAm37kEUOKR41ieUZm7ZJ/ugc-photo-ap-southeast-1-581603780057-acd24e232f75f09e/REVIEW/REVIEW_1761219345142_e1349ea481e0f95a?_src=imagekit&tr=c-at_max,h-100,q-40,w-100",,,,,,,,,,,,,,,,,,,
https://www.traveloka.com/id-id/user/review/consumption/HOTEL/GENERAL/1000000485924,1,10,"sesuai budget, lokasi bagus di tengah kota, mudah kemana2, proses cepat",Diulas 28 minggu lalu,"https://ik.imagekit.io/tvlk/ugc-review/guys1L+Yyer9kzI3sp-pb0CG1j2bhflZGFUZOoIf1YOBAm37kEUOKR41ieUZm7ZJ/ugc-photo-ap-southeast-1-581603780057-acd24e232f75f09e/REVIEW/REVIEW_1761209460282_e67ae4a03a3536f2?_src=imagekit&tr=c-at_max,h-100,q-40,w-100",,,,,,,,,,,,,,,,,,,
https://www.traveloka.com/id-id/user/review/consumption/HOTEL/GENERAL/1000000485924,1,11,"Pelayanan sangat ramah, staff kasih informasi yang lengkap, suasana hotel yang nyaman dan bersih. cocok untuk tempat istirahat👍🏻",Diulas 42 minggu lalu,"https://ik.imagekit.io/tvlk/ugc-review/guys1L+Yyer9kzI3sp-pb0CG1j2bhflZGFUZOoIf1YOBAm37kEUOKR41ieUZm7ZJ/ugc-photo-ap-southeast-1-581603780057-acd24e232f75f09e/REVIEW/REVIEW_1753152797960_a45e044fc88adf0c?_src=imagekit&tr=c-at_max,h-100,q-40,w-100","https://ik.imagekit.io/tvlk/ugc-review/guys1L+Yyer9kzI3sp-pb0CG1j2bhflZGFUZOoIf1YOBAm37kEUOKR41ieUZm7ZJ/ugc-photo-ap-southeast-1-581603780057-acd24e232f75f09e/REVIEW/REVIEW_1753152797960_8865296db56b310f?_src=imagekit&tr=c-at_max,h-100,q-40,w-100",,,,,,,,,,,,,,,,,,
https://www.traveloka.com/id-id/user/review/consumption/HOTEL/GENERAL/1000000485924,1,12,"semuanya ramah"" dari CS sampe security",Diulas 44 minggu lalu,"https://ik.imagekit.io/tvlk/ugc-review/guys1L+Yyer9kzI3sp-pb0CG1j2bhflZGFUZOoIf1YOBAm37kEUOKR41ieUZm7ZJ/ugc-photo-ap-southeast-1-581603780057-acd24e232f75f09e/REVIEW/REVIEW_1751951916940_18eea95a43a1e5fd?_src=imagekit&tr=c-at_max,h-100,q-40,w-100",,,,,,,,,,,,,,,,,,,
https://www.traveloka.com/id-id/user/review/consumption/HOTEL/GENERAL/1000000485924,1,13,"Sangat berharga, saya akan kembali ke Meize.",Diulas 44 minggu lalu,"https://ik.imagekit.io/tvlk/ugc-review/guys1L+Yyer9kzI3sp-pb0CG1j2bhflZGFUZOoIf1YOBAm37kEUOKR41ieUZm7ZJ/ugc-photo-ap-southeast-1-581603780057-acd24e232f75f09e/REVIEW/9644660_REVIEW_1751433098865_9140aca871a3d61c?_src=imagekit&tr=c-at_max,h-100,q-40,w-100","https://ik.imagekit.io/tvlk/ugc-review/guys1L+Yyer9kzI3sp-pb0CG1j2bhflZGFUZOoIf1YOBAm37kEUOKR41ieUZm7ZJ/ugc-photo-ap-southeast-1-581603780057-acd24e232f75f09e/REVIEW/9644660_REVIEW_1751433098865_9c55c64748663eb6?_src=imagekit&tr=c-at_max,h-100,q-40,w-100","https://ik.imagekit.io/tvlk/ugc-review/guys1L+Yyer9kzI3sp-pb0CG1j2bhflZGFUZOoIf1YOBAm37kEUOKR41ieUZm7ZJ/ugc-photo-ap-southeast-1-581603780057-acd24e232f75f09e/REVIEW/9644660_REVIEW_1751433098865_0c42b258889c408a?_src=imagekit&tr=c-at_max,h-100,q-40,w-100","https://ik.imagekit.io/tvlk/ugc-review/guys1L+Yyer9kzI3sp-pb0CG1j2bhflZGFUZOoIf1YOBAm37kEUOKR41ieUZm7ZJ/ugc-photo-ap-southeast-1-581603780057-acd24e232f75f09e/REVIEW/9644660_REVIEW_1751433098866_f16c9ed2d966f525?_src=imagekit&tr=c-at_max,h-100,q-40,w-100","https://ik.imagekit.io/tvlk/ugc-review/guys1L+Yyer9kzI3sp-pb0CG1j2bhflZGFUZOoIf1YOBAm37kEUOKR41ieUZm7ZJ/ugc-photo-ap-southeast-1-581603780057-acd24e232f75f09e/REVIEW/9644660_REVIEW_1751433098866_6209708af27e827e?_src=imagekit&tr=c-at_max,h-100,q-40,w-100","https://ik.imagekit.io/tvlk/ugc-review/guys1L+Yyer9kzI3sp-pb0CG1j2bhflZGFUZOoIf1YOBAm37kEUOKR41ieUZm7ZJ/ugc-photo-ap-southeast-1-581603780057-acd24e232f75f09e/REVIEW/9644660_REVIEW_1751433098866_e2d91ddc63bc3726?_src=imagekit&tr=c-at_max,h-100,q-40,w-100",,,,,,,,,,,,,,
https://www.traveloka.com/id-id/user/review/consumption/HOTEL/GENERAL/1000000485924,1,14,Awalnya stay hanya 2 hari untuk urusan bisnin namun extend 2 malam lagi disini. so happy! thanks meize,Diulas 47 minggu lalu,"https://ik.imagekit.io/tvlk/ugc-review/guys1L+Yyer9kzI3sp-pb0CG1j2bhflZGFUZOoIf1YOBAm37kEUOKR41ieUZm7ZJ/ugc-photo-ap-southeast-1-581603780057-acd24e232f75f09e/REVIEW/3881521_REVIEW_1749548794416_fe1615d673dd94a7?_src=imagekit&tr=c-at_max,h-100,q-40,w-100",,,,,,,,,,,,,,,,,,,
https://www.traveloka.com/id-id/user/review/consumption/HOTEL/GENERAL/1000000485924,1,15,"Hotel recomended .. Lokasi strategis dekat kemana mana ..staff juga ramah, hotel bersih, dan air panasnya juga berfungsi dengan baik",Diulas 47 minggu lalu,"https://ik.imagekit.io/tvlk/ugc-review/guys1L+Yyer9kzI3sp-pb0CG1j2bhflZGFUZOoIf1YOBAm37kEUOKR41ieUZm7ZJ/ugc-photo-ap-southeast-1-581603780057-acd24e232f75f09e/REVIEW/3881521_REVIEW_1749548633015_2bc14827e4a75539?_src=imagekit&tr=c-at_max,h-100,q-40,w-100",,,,,,,,,,,,,,,,,,,
https://www.traveloka.com/id-id/user/review/consumption/HOTEL/GENERAL/1000000485924,1,16,Bandung ok mantap Bandung ok mantap Bandung ok mantap Bandung ok mantap Bandung ok mantap Bandung ok mantap Bandung ok mantap,Diulas 49 minggu lalu,"https://ik.imagekit.io/tvlk/ugc-review/guys1L+Yyer9kzI3sp-pb0CG1j2bhflZGFUZOoIf1YOBAm37kEUOKR41ieUZm7ZJ/ugc-photo-ap-southeast-1-581603780057-acd24e232f75f09e/REVIEW/261806393_REVIEW_1748829545096_be6223b542ba0be4?_src=imagekit&tr=c-at_max,h-100,q-40,w-100",,,,,,,,,,,,,,,,,,,
https://www.traveloka.com/id-id/user/review/consumption/HOTEL/GENERAL/1000000485924,1,17,"Cukup nyaman untuk tidur, tidak terlalu ramai suara kendaraan. Check-in malam karena memang cuma buat tidur. Check-out early karena harus pulang. Proses check-in dan check-out cepat. Pesan kamar tidak include breakfast.",Diulas 50 minggu lalu,"https://ik.imagekit.io/tvlk/ugc-review/guys1L+Yyer9kzI3sp-pb0CG1j2bhflZGFUZOoIf1YOBAm37kEUOKR41ieUZm7ZJ/ugc-photo-ap-southeast-1-581603780057-acd24e232f75f09e/REVIEW/156840326_REVIEW_1748010888149_17fd5a33868d5729?_src=imagekit&tr=c-at_max,h-100,q-40,w-100","https://ik.imagekit.io/tvlk/ugc-review/guys1L+Yyer9kzI3sp-pb0CG1j2bhflZGFUZOoIf1YOBAm37kEUOKR41ieUZm7ZJ/ugc-photo-ap-southeast-1-581603780057-acd24e232f75f09e/REVIEW/156840326_REVIEW_1748010888149_cbcff8423687b4da?_src=imagekit&tr=c-at_max,h-100,q-40,w-100","https://ik.imagekit.io/tvlk/ugc-review/guys1L+Yyer9kzI3sp-pb0CG1j2bhflZGFUZOoIf1YOBAm37kEUOKR41ieUZm7ZJ/ugc-photo-ap-southeast-1-581603780057-acd24e232f75f09e/REVIEW/156840326_REVIEW_1748010888150_8ecf8a40e881a9b6?_src=imagekit&tr=c-at_max,h-100,q-40,w-100","https://ik.imagekit.io/tvlk/ugc-review/guys1L+Yyer9kzI3sp-pb0CG1j2bhflZGFUZOoIf1YOBAm37kEUOKR41ieUZm7ZJ/ugc-photo-ap-southeast-1-581603780057-acd24e232f75f09e/REVIEW/156840326_REVIEW_1748010888150_63856dc9ea2450f9?_src=imagekit&tr=c-at_max,h-100,q-40,w-100",,,,,,,,,,,,,,,,
https://www.traveloka.com/id-id/user/review/consumption/HOTEL/GENERAL/1000000485924,1,18,"Jalan jalan nostalgia, Jl. Sumbawa ~ Jl. Lombok sekitarnya",Diulas 52 minggu lalu,"https://ik.imagekit.io/tvlk/ugc-review/guys1L+Yyer9kzI3sp-pb0CG1j2bhflZGFUZOoIf1YOBAm37kEUOKR41ieUZm7ZJ/ugc-photo-ap-southeast-1-581603780057-acd24e232f75f09e/REVIEW/261287911_REVIEW_1746535369664_3f50afb6483bcc62?_src=imagekit&tr=c-at_max,h-100,q-40,w-100",,,,,,,,,,,,,,,,,,,
https://www.traveloka.com/id-id/user/review/consumption/HOTEL/GENERAL/1000000485924,1,19,"hotel bagus,nyaman dan menyenangkan",Diulas 53 minggu lalu,"https://ik.imagekit.io/tvlk/ugc-review/guys1L+Yyer9kzI3sp-pb0CG1j2bhflZGFUZOoIf1YOBAm37kEUOKR41ieUZm7ZJ/ugc-photo-ap-southeast-1-581603780057-acd24e232f75f09e/REVIEW/11792414_REVIEW_1746462035253_f59c0b4248564cab?_src=imagekit&tr=c-at_max,h-100,q-40,w-100",,,,,,,,,,,,,,,,,,,
https://www.traveloka.com/id-id/user/review/consumption/HOTEL/GENERAL/1000000485924,1,20,enak bgt hotel Meize deket mesjid dkt tempat makan. nyaman bersih. lokasi dkt kemana mana.  reccomended.,Diulas 54 minggu lalu,"https://ik.imagekit.io/tvlk/ugc-review/guys1L+Yyer9kzI3sp-pb0CG1j2bhflZGFUZOoIf1YOBAm37kEUOKR41ieUZm7ZJ/ugc-photo-ap-southeast-1-581603780057-acd24e232f75f09e/REVIEW/13592108_REVIEW_1745741661470_640b9bbf80133059?_src=imagekit&tr=c-at_max,h-100,q-40,w-100",,,,,,,,,,,,,,,,,,,
https://www.traveloka.com/id-id/user/review/consumption/HOTEL/GENERAL/1000000485924,1,21,Dari dulu meize masih tetep sama.harga murah ya lumayan,Diulas 56 minggu lalu,"https://ik.imagekit.io/tvlk/ugc-review/guys1L+Yyer9kzI3sp-pb0CG1j2bhflZGFUZOoIf1YOBAm37kEUOKR41ieUZm7ZJ/ugc-photo-ap-southeast-1-581603780057-acd24e232f75f09e/REVIEW/51208381_REVIEW_1744669822186_95fba71e87a96259?_src=imagekit&tr=c-at_max,h-100,q-40,w-100",,,,,,,,,,,,,,,,,,,
https://www.traveloka.com/id-id/user/review/consumption/HOTEL/GENERAL/1000000485924,1,22,Dinding kamar mandi sebaiknya dipoles-poles lagi supaya tidak terlihat ada putih-putih jejak cipratan air dan sabun. Dan dinding jadi tidak licin juga. Over all selalu berlangganan menginap di sini jika ada kerjaan.,Diulas 59 minggu lalu,"https://ik.imagekit.io/tvlk/ugc-review/guys1L+Yyer9kzI3sp-pb0CG1j2bhflZGFUZOoIf1YOBAm37kEUOKR41ieUZm7ZJ/ugc-photo-ap-southeast-1-581603780057-acd24e232f75f09e/REVIEW/203761598_REVIEW_1742791660982_dc18efb524c93b27?_src=imagekit&tr=c-at_max,h-100,q-40,w-100",,,,,,,,,,,,,,,,,,,
https://www.traveloka.com/id-id/user/review/consumption/HOTEL/GENERAL/1000000485924,1,23,"Kamarnya bersih dan nyaman, tapi kamar mandinya kecil. Lokasinya strategis dan dekat dengan Indomaret.",Diulas 67 minggu lalu,"https://ik.imagekit.io/tvlk/ugc-review/guys1L+Yyer9kzI3sp-pb0CG1j2bhflZGFUZOoIf1YOBAm37kEUOKR41ieUZm7ZJ/ugc-photo-ap-southeast-1-581603780057-acd24e232f75f09e/REVIEW/9716978_REVIEW_1738003011361_87401ddb8b4d5282?_src=imagekit&tr=c-at_max,h-100,q-40,w-100","https://ik.imagekit.io/tvlk/ugc-review/guys1L+Yyer9kzI3sp-pb0CG1j2bhflZGFUZOoIf1YOBAm37kEUOKR41ieUZm7ZJ/ugc-photo-ap-southeast-1-581603780057-acd24e232f75f09e/REVIEW/9716978_REVIEW_1738003037701_134ba3f49ffe6c0c?_src=imagekit&tr=c-at_max,h-100,q-40,w-100",,,,,,,,,,,,,,,,,,
https://www.traveloka.com/id-id/user/review/consumption/HOTEL/GENERAL/1000000485924,1,24,"Kamarnya nyaman dan tenang, cuma AC menurut saya kurang dingin 🤭, tapi lain-lain semua bagus-bagus.",Diulas 67 minggu lalu,"https://ik.imagekit.io/tvlk/ugc-review/guys1L+Yyer9kzI3sp-pb0CG1j2bhflZGFUZOoIf1YOBAm37kEUOKR41ieUZm7ZJ/ugc-photo-ap-southeast-1-581603780057-acd24e232f75f09e/REVIEW/187467612_REVIEW_1737456914310_ab8c3f75cdfa9866?_src=imagekit&tr=c-at_max,h-100,q-40,w-100",,,,,,,,,,,,,,,,,,,
https://www.traveloka.com/id-id/user/review/consumption/HOTEL/GENERAL/1000000485924,1,25,"Untuk harga segitu lumayan sih, dapat sarapan pula, cukup puas menginap di sini, AC dingin, ada TV dan air hangat, sayang-nya enggak ada lemari-nya, enggak ada kopi/teh.",Diulas 80 minggu lalu,"https://ik.imagekit.io/tvlk/ugc-review/guys1L+Yyer9kzI3sp-pb0CG1j2bhflZGFUZOoIf1YOBAm37kEUOKR41ieUZm7ZJ/ugc-photo-ap-southeast-1-581603780057-acd24e232f75f09e/REVIEW/186579392_REVIEW_1729867866650_0acca270ca913a6f?_src=imagekit&tr=c-at_max,h-100,q-40,w-100",,,,,,,,,,,,,,,,,,,
https://www.traveloka.com/id-id/user/review/consumption/HOTEL/GENERAL/1000000485924,1,26,"Recommended banget nginep di sini, staff ramah 24 jam, menu sarapan banyak, ke Indomaret deket banget, kamar bersih wangi rapi lagi.",Diulas 81 minggu lalu,"https://ik.imagekit.io/tvlk/ugc-review/guys1L+Yyer9kzI3sp-pb0CG1j2bhflZGFUZOoIf1YOBAm37kEUOKR41ieUZm7ZJ/ugc-photo-ap-southeast-1-581603780057-acd24e232f75f09e/REVIEW/338559149_REVIEW_1729015776372_6bb7d7546c6cee81?_src=imagekit&tr=c-at_max,h-100,q-40,w-100","https://ik.imagekit.io/tvlk/ugc-review/guys1L+Yyer9kzI3sp-pb0CG1j2bhflZGFUZOoIf1YOBAm37kEUOKR41ieUZm7ZJ/ugc-photo-ap-southeast-1-581603780057-acd24e232f75f09e/REVIEW/338559149_REVIEW_1729015776372_1efc9c7114cf738d?_src=imagekit&tr=c-at_max,h-100,q-40,w-100",,,,,,,,,,,,,,,,,,
https://www.traveloka.com/id-id/user/review/consumption/HOTEL/GENERAL/1000000485924,1,27,"Receptionist berbohong menyatakan tidak ada kasur queen / double bad di meize. Setelah saya info bahwa saya sering menginap di meize, barulah diberikan kasur queen/double bad, namun yang smoking dengan keadaan ac sperri di gambar dan wc yang tidak bersih",Diulas 83 minggu lalu,"https://ik.imagekit.io/tvlk/ugc-review/guys1L+Yyer9kzI3sp-pb0CG1j2bhflZGFUZOoIf1YOBAm37kEUOKR41ieUZm7ZJ/ugc-photo-ap-southeast-1-581603780057-acd24e232f75f09e/REVIEW/14993692_REVIEW_1728055918611_5e2bea56278ce8a3?_src=imagekit&tr=c-at_max,h-100,q-40,w-100","https://ik.imagekit.io/tvlk/ugc-review/guys1L+Yyer9kzI3sp-pb0CG1j2bhflZGFUZOoIf1YOBAm37kEUOKR41ieUZm7ZJ/ugc-photo-ap-southeast-1-581603780057-acd24e232f75f09e/REVIEW/14993692_REVIEW_1728055918611_dca7fca44179628f?_src=imagekit&tr=c-at_max,h-100,q-40,w-100",,,,,,,,,,,,,,,,,,
https://www.traveloka.com/id-id/user/review/consumption/HOTEL/GENERAL/1000000485924,1,28,"Proses check-in sangat cepat, namun petugas receptionist yang jaga (mas-mas pakai kacamata agak gendut dan mbak-mbak rambut diikat) kurang ramah. Lokasi hotel sangat strategis tengah kota, mau ke Braga dekat (itu poin plusnya). Kamar cukup luas tapi masih ada beberapa kotoran seperti rambut yang belum tersapu. Pertama saat masuk kamar mandi kaget karena tidak ada handuknya sama sekali, hanya ada keset, lalu saya telepon receptionist katanya disuruh menunggu karena belum datang dari laundry (sekitar 1 jam baru diantar ke kamar), mungkin bagi yang sudah bawa handuk tidak masalah namun untuk saya yang tidak bawa handuk dan ingin segera mandi jadi suatu hal yang menghambat. Seharusnya sebelum pelanggan menginap handuk sudah siap di dalam kamar mandi (masukan), jadi pelanggan tidak menunggu lama. Makanan tidak tahu rasanya seperti apa karena saya pesan room only. Pagi hari saat keluar lift lantai GF ada seperti tiang tenda melintang di lantai, ibu saya jadi kesandung, mohon pihak hotel tidak meletakkan barang sembarangan di lantai yang dapat membahayakan bagi pengunjung hotel. Terima kasih",Diulas 86 minggu lalu,"https://ik.imagekit.io/tvlk/ugc-review/guys1L+Yyer9kzI3sp-pb0CG1j2bhflZGFUZOoIf1YOBAm37kEUOKR41ieUZm7ZJ/ugc-photo-ap-southeast-1-581603780057-acd24e232f75f09e/REVIEW/5584315_REVIEW_1726025924345_635b6619f9638563?_src=imagekit&tr=c-at_max,h-100,q-40,w-100","https://ik.imagekit.io/tvlk/ugc-review/guys1L+Yyer9kzI3sp-pb0CG1j2bhflZGFUZOoIf1YOBAm37kEUOKR41ieUZm7ZJ/ugc-photo-ap-southeast-1-581603780057-acd24e232f75f09e/REVIEW/5584315_REVIEW_1726025924345_1431e3854bda7fc0?_src=imagekit&tr=c-at_max,h-100,q-40,w-100",,,,,,,,,,,,,,,,,,
https://www.traveloka.com/id-id/user/review/consumption/HOTEL/GENERAL/1000000485924,1,29,Lokasi bagus hanya kurang terawatnperalatan fasilitas kamar mandinya.,Diulas 89 minggu lalu,"https://ik.imagekit.io/tvlk/ugc-review/guys1L+Yyer9kzI3sp-pb0CG1j2bhflZGFUZOoIf1YOBAm37kEUOKR41ieUZm7ZJ/ugc-photo-ap-southeast-1-581603780057-acd24e232f75f09e/REVIEW/17222848_REVIEW_1724435638686_78eef8632c6a23f9?_src=imagekit&tr=c-at_max,h-100,q-40,w-100",,,,,,,,,,,,,,,,,,,
https://www.traveloka.com/id-id/user/review/consumption/HOTEL/GENERAL/1000000485924,1,30,"Staff ramah, harga terjangkau, lokasi strategis, kamar sangat nyaman dan bersih. Staff respon cepat. Air panas berfungsi dengan baik, mengalir lancar. Pokoknya recommended banget nginap di sini.😍",Diulas 91 minggu lalu,"https://ik.imagekit.io/tvlk/ugc-review/guys1L+Yyer9kzI3sp-pb0CG1j2bhflZGFUZOoIf1YOBAm37kEUOKR41ieUZm7ZJ/ugc-photo-ap-southeast-1-581603780057-acd24e232f75f09e/REVIEW/324337093_REVIEW_1723041710394_c6dd6419c2bef85a?_src=imagekit&tr=c-at_max,h-100,q-40,w-100","https://ik.imagekit.io/tvlk/ugc-review/guys1L+Yyer9kzI3sp-pb0CG1j2bhflZGFUZOoIf1YOBAm37kEUOKR41ieUZm7ZJ/ugc-photo-ap-southeast-1-581603780057-acd24e232f75f09e/REVIEW/324337093_REVIEW_1723041733078_f94d05c57b5ab9b5?_src=imagekit&tr=c-at_max,h-100,q-40,w-100",,,,,,,,,,,,,,,,,,
https://www.traveloka.com/id-id/user/review/consumption/HOTEL/GENERAL/1000000485924,1,31,"Staff hotel ramah, kamar bersih, dan yang paling penting adalah lokasi hotel sangat strategis di pusat kota.",Diulas 93 minggu lalu,"https://ik.imagekit.io/tvlk/ugc-review/guys1L+Yyer9kzI3sp-pb0CG1j2bhflZGFUZOoIf1YOBAm37kEUOKR41ieUZm7ZJ/ugc-photo-ap-southeast-1-581603780057-acd24e232f75f09e/REVIEW/3881521_REVIEW_1721877958148_1802b0cb354cd182?_src=imagekit&tr=c-at_max,h-100,q-40,w-100",,,,,,,,,,,,,,,,,,,
https://www.traveloka.com/id-id/user/review/consumption/HOTEL/GENERAL/1000000485924,1,32,"Kamar bersih, staff hotel ramah dan yang paling penting lokasi sangat strategis.",Diulas 93 minggu lalu,"https://ik.imagekit.io/tvlk/ugc-review/guys1L+Yyer9kzI3sp-pb0CG1j2bhflZGFUZOoIf1YOBAm37kEUOKR41ieUZm7ZJ/ugc-photo-ap-southeast-1-581603780057-acd24e232f75f09e/REVIEW/3881521_REVIEW_1721877325313_efae61ed3e00f151?_src=imagekit&tr=c-at_max,h-100,q-40,w-100",,,,,,,,,,,,,,,,,,,
https://www.traveloka.com/id-id/user/review/consumption/HOTEL/GENERAL/1000000485924,1,33,"Lumayan untuk sekadar menginap, sarapan lumayan, kurang variatif, check in, check out gak ribet.",Diulas 95 minggu lalu,"https://ik.imagekit.io/tvlk/ugc-review/guys1L+Yyer9kzI3sp-pb0CG1j2bhflZGFUZOoIf1YOBAm37kEUOKR41ieUZm7ZJ/ugc-photo-ap-southeast-1-581603780057-acd24e232f75f09e/REVIEW/19943702_REVIEW_1720661001231_38361e151b630375?_src=imagekit&tr=c-at_max,h-100,q-40,w-100",,,,,,,,,,,,,,,,,,,
https://www.traveloka.com/id-id/user/review/consumption/HOTEL/GENERAL/1000000485924,1,34,"Sudah 3 kali menginap di sini, dan sepertinya akan nginep di sini lagi kalau ke Bandung.",Diulas 96 minggu lalu,"https://ik.imagekit.io/tvlk/ugc-review/guys1L+Yyer9kzI3sp-pb0CG1j2bhflZGFUZOoIf1YOBAm37kEUOKR41ieUZm7ZJ/ugc-photo-ap-southeast-1-581603780057-acd24e232f75f09e/REVIEW/39025648_REVIEW_1720406097129_eb24e0f7235d43b5?_src=imagekit&tr=c-at_max,h-100,q-40,w-100","https://ik.imagekit.io/tvlk/ugc-review/guys1L+Yyer9kzI3sp-pb0CG1j2bhflZGFUZOoIf1YOBAm37kEUOKR41ieUZm7ZJ/ugc-photo-ap-southeast-1-581603780057-acd24e232f75f09e/REVIEW/39025648_REVIEW_1720406097129_dbd096d85aab90d6?_src=imagekit&tr=c-at_max,h-100,q-40,w-100",,,,,,,,,,,,,,,,,,
https://www.traveloka.com/id-id/user/review/consumption/HOTEL/GENERAL/1000000485924,1,35,"Lokasi hotel bagus, dekat ke mana-mana dengan harga yang murah, sarapan juga menu-nya enak, staf juga ramah, AC dingin, hanya di kamar mandi perlu ditingkatkan kebersihan dan diperbaiki lagi peralatan-nya, terima kasih Hotel Meize",Diulas 98 minggu lalu,"https://ik.imagekit.io/tvlk/ugc-review/guys1L+Yyer9kzI3sp-pb0CG1j2bhflZGFUZOoIf1YOBAm37kEUOKR41ieUZm7ZJ/ugc-photo-ap-southeast-1-581603780057-acd24e232f75f09e/REVIEW/7293229_REVIEW_1718874889168_98b6fac8caca5747?_src=imagekit&tr=c-at_max,h-100,q-40,w-100",,,,,,,,,,,,,,,,,,,
https://www.traveloka.com/id-id/user/review/consumption/HOTEL/GENERAL/1000000485924,1,36,"Karena dadakan jadi dapat harga lumayan tinggi, tapi lumayan, enak banget ke mana-mana tinggal jalan kaki cuy!! Nyaman, bersih di tiap penjuru hotel dan kamarnya, staff ramah, tempat parkir ok banget dan aman karena kawasan militer, handuk bersih, perlengkapan mandi lengkap, tisu tersedia banyak, teko listriknya bagus cepat panas, air mineral juga dapat, sprei kasur bantal bed cover bersih, AC dingin, TV menyala, no complain untuk Meize, paket sarapan B aja karena memang harganya juga murah banget sih untuk plus sarapan.",Diulas 100 minggu lalu,"https://ik.imagekit.io/tvlk/ugc-review/guys1L+Yyer9kzI3sp-pb0CG1j2bhflZGFUZOoIf1YOBAm37kEUOKR41ieUZm7ZJ/ugc-photo-ap-southeast-1-581603780057-acd24e232f75f09e/REVIEW/114246148_REVIEW_1717930431145_8be806d232c493ea?_src=imagekit&tr=c-at_max,h-100,q-40,w-100","https://ik.imagekit.io/tvlk/ugc-review/guys1L+Yyer9kzI3sp-pb0CG1j2bhflZGFUZOoIf1YOBAm37kEUOKR41ieUZm7ZJ/ugc-photo-ap-southeast-1-581603780057-acd24e232f75f09e/REVIEW/114246148_REVIEW_1717930431144_bf2242ba5f004829?_src=imagekit&tr=c-at_max,h-100,q-40,w-100","https://ik.imagekit.io/tvlk/ugc-review/guys1L+Yyer9kzI3sp-pb0CG1j2bhflZGFUZOoIf1YOBAm37kEUOKR41ieUZm7ZJ/ugc-photo-ap-southeast-1-581603780057-acd24e232f75f09e/REVIEW/114246148_REVIEW_1717930431144_b0ddcada30aaf188?_src=imagekit&tr=c-at_max,h-100,q-40,w-100","https://ik.imagekit.io/tvlk/ugc-review/guys1L+Yyer9kzI3sp-pb0CG1j2bhflZGFUZOoIf1YOBAm37kEUOKR41ieUZm7ZJ/ugc-photo-ap-southeast-1-581603780057-acd24e232f75f09e/REVIEW/114246148_REVIEW_1717930431144_5eae30ef98c176ad?_src=imagekit&tr=c-at_max,h-100,q-40,w-100",,,,,,,,,,,,,,,,
https://www.traveloka.com/id-id/user/review/consumption/HOTEL/GENERAL/1000000485924,1,37,Kamar bersih dan lokasi sangat strategis!,Diulas 101 minggu lalu,"https://ik.imagekit.io/tvlk/ugc-review/guys1L+Yyer9kzI3sp-pb0CG1j2bhflZGFUZOoIf1YOBAm37kEUOKR41ieUZm7ZJ/ugc-photo-ap-southeast-1-581603780057-acd24e232f75f09e/REVIEW/63567437_REVIEW_1717481795330_7c5d351c5bad0a4a?_src=imagekit&tr=c-at_max,h-100,q-40,w-100","https://ik.imagekit.io/tvlk/ugc-review/guys1L+Yyer9kzI3sp-pb0CG1j2bhflZGFUZOoIf1YOBAm37kEUOKR41ieUZm7ZJ/ugc-photo-ap-southeast-1-581603780057-acd24e232f75f09e/REVIEW/63567437_REVIEW_1717481795330_19ac75e66365ec86?_src=imagekit&tr=c-at_max,h-100,q-40,w-100",,,,,,,,,,,,,,,,,,
https://www.traveloka.com/id-id/user/review/consumption/HOTEL/GENERAL/1000000485924,1,38,"Bagus, bersih, staff ramah, lengkap semua 🫶🏻 sudah berkali-kali menginap di sini juga.",Diulas 103 minggu lalu,"https://ik.imagekit.io/tvlk/ugc-review/guys1L+Yyer9kzI3sp-pb0CG1j2bhflZGFUZOoIf1YOBAm37kEUOKR41ieUZm7ZJ/ugc-photo-ap-southeast-1-581603780057-acd24e232f75f09e/REVIEW/319161583_REVIEW_1715823896695_63b7faaf71468b6a?_src=imagekit&tr=c-at_max,h-100,q-40,w-100","https://ik.imagekit.io/tvlk/ugc-review/guys1L+Yyer9kzI3sp-pb0CG1j2bhflZGFUZOoIf1YOBAm37kEUOKR41ieUZm7ZJ/ugc-photo-ap-southeast-1-581603780057-acd24e232f75f09e/REVIEW/319161583_REVIEW_1715823896695_41725cdeca9e8a00?_src=imagekit&tr=c-at_max,h-100,q-40,w-100",,,,,,,,,,,,,,,,,,
https://www.traveloka.com/id-id/user/review/consumption/HOTEL/GENERAL/1000000485924,1,39,"Bagus, harga murah, bersih, kalau bisa bagian lantai kamar mandi dikosok/disikatin juga, suka licin soalnya.",Diulas 103 minggu lalu,"https://ik.imagekit.io/tvlk/ugc-review/guys1L+Yyer9kzI3sp-pb0CG1j2bhflZGFUZOoIf1YOBAm37kEUOKR41ieUZm7ZJ/ugc-photo-ap-southeast-1-581603780057-acd24e232f75f09e/REVIEW/319161583_REVIEW_1715823411441_2368841e8b54d3b2?_src=imagekit&tr=c-at_max,h-100,q-40,w-100","https://ik.imagekit.io/tvlk/ugc-review/guys1L+Yyer9kzI3sp-pb0CG1j2bhflZGFUZOoIf1YOBAm37kEUOKR41ieUZm7ZJ/ugc-photo-ap-southeast-1-581603780057-acd24e232f75f09e/REVIEW/319161583_REVIEW_1715823411442_0960cc20062060b2?_src=imagekit&tr=c-at_max,h-100,q-40,w-100",,,,,,,,,,,,,,,,,,
https://www.traveloka.com/id-id/user/review/consumption/HOTEL/GENERAL/1000000485924,1,40,"Ke-2 kalinya menginap di sini, kali ini 2 malam, menyenangkan akan berkunjung lagi.",Diulas 105 minggu lalu,"https://ik.imagekit.io/tvlk/ugc-review/guys1L+Yyer9kzI3sp-pb0CG1j2bhflZGFUZOoIf1YOBAm37kEUOKR41ieUZm7ZJ/ugc-photo-ap-southeast-1-581603780057-acd24e232f75f09e/ACCOMMODATION/39025648_ACCOMMODATION_1714740728655_795012a0b8efbecf?_src=imagekit&tr=c-at_max,h-100,q-40,w-100","https://ik.imagekit.io/tvlk/ugc-review/guys1L+Yyer9kzI3sp-pb0CG1j2bhflZGFUZOoIf1YOBAm37kEUOKR41ieUZm7ZJ/ugc-photo-ap-southeast-1-581603780057-acd24e232f75f09e/ACCOMMODATION/39025648_ACCOMMODATION_1714740728654_acf112ef7537fafb?_src=imagekit&tr=c-at_max,h-100,q-40,w-100",,,,,,,,,,,,,,,,,,
https://www.traveloka.com/id-id/user/review/consumption/HOTEL/GENERAL/1000000485924,2,1,"Hotelnya strategis tengah kota, ke mana-mana deket, cari makan juga deket, sebelah-nya pas banget Indomaret jadi enak kalau beli minum atau apa yang dibutuhkan. Hotel bersih, pelayanan ramah, cuma minusnya hotelnya agak bau rokok, gak ada hair dryer, gak dapat air mineral kemasan. Tapi worth it buat harga 200k/malam",Diulas 105 minggu lalu,"https://ik.imagekit.io/tvlk/ugc-review/guys1L+Yyer9kzI3sp-pb0CG1j2bhflZGFUZOoIf1YOBAm37kEUOKR41ieUZm7ZJ/ugc-photo-ap-southeast-1-581603780057-acd24e232f75f09e/REVIEW/38611796_REVIEW_1714613984550_b76eae24252a86bc?_src=imagekit&tr=c-at_max,h-100,q-40,w-100",,,,,,,,,,,,,,,,,,,
https://www.traveloka.com/id-id/user/review/consumption/HOTEL/GENERAL/1000000485924,2,2,"Staf hotel sangat ramah dan membantu. Untuk parkir memang terbatas, tp pengaturannya 24 jam siap membantu",Diulas 106 minggu lalu,"https://ik.imagekit.io/tvlk/ugc-review/guys1L+Yyer9kzI3sp-pb0CG1j2bhflZGFUZOoIf1YOBAm37kEUOKR41ieUZm7ZJ/ugc-photo-ap-southeast-1-581603780057-acd24e232f75f09e/REVIEW/16280607_REVIEW_1713894953549_3973ea0aadc6a7a5?_src=imagekit&tr=c-at_max,h-100,q-40,w-100","https://ik.imagekit.io/tvlk/ugc-review/guys1L+Yyer9kzI3sp-pb0CG1j2bhflZGFUZOoIf1YOBAm37kEUOKR41ieUZm7ZJ/ugc-photo-ap-southeast-1-581603780057-acd24e232f75f09e/REVIEW/16280607_REVIEW_1713894953550_282601576ec3418f?_src=imagekit&tr=c-at_max,h-100,q-40,w-100",,,,,,,,,,,,,,,,,,
https://www.traveloka.com/id-id/user/review/consumption/HOTEL/GENERAL/1000000485924,2,3,"Kurang nyaman karena sejak awal saya minta untuk kamar yang non smoking tetapi ternyata kamarnya berbau asap rokok sampai saya meminta untuk ganti handuk yang berbau rokok karena kesehatan paru-paru saya kurang bagus dan tidak dapat menghirup bau rokok. Untuk jet shower juga sangat lemah sehingga sulit menggunakan air. ACnya juga harus di ganjal dulu agar dapat terbuka dengan sempurna, sedikit kotor pada jendela dan pemandangannya kurang baik. Hanya saja ruangannya cukup luas dan besar tetapi sepanjang lorong kamar karpetnya berbau sehingga itu mengganggu penciuman tamu.",Diulas 108 minggu lalu,"https://ik.imagekit.io/tvlk/ugc-review/guys1L+Yyer9kzI3sp-pb0CG1j2bhflZGFUZOoIf1YOBAm37kEUOKR41ieUZm7ZJ/ugc-photo-ap-southeast-1-581603780057-acd24e232f75f09e/ACCOMMODATION/88643149_ACCOMMODATION_1713114642290_9cb82dcbf4ae4194?_src=imagekit&tr=c-at_max,h-100,q-40,w-100","https://ik.imagekit.io/tvlk/ugc-review/guys1L+Yyer9kzI3sp-pb0CG1j2bhflZGFUZOoIf1YOBAm37kEUOKR41ieUZm7ZJ/ugc-photo-ap-southeast-1-581603780057-acd24e232f75f09e/ACCOMMODATION/88643149_ACCOMMODATION_1713114642291_8c04135208e65c69?_src=imagekit&tr=c-at_max,h-100,q-40,w-100","https://ik.imagekit.io/tvlk/ugc-review/guys1L+Yyer9kzI3sp-pb0CG1j2bhflZGFUZOoIf1YOBAm37kEUOKR41ieUZm7ZJ/ugc-photo-ap-southeast-1-581603780057-acd24e232f75f09e/ACCOMMODATION/88643149_ACCOMMODATION_1713114642291_5930fef34fbc5bdf?_src=imagekit&tr=c-at_max,h-100,q-40,w-100","https://ik.imagekit.io/tvlk/ugc-review/guys1L+Yyer9kzI3sp-pb0CG1j2bhflZGFUZOoIf1YOBAm37kEUOKR41ieUZm7ZJ/ugc-photo-ap-southeast-1-581603780057-acd24e232f75f09e/ACCOMMODATION/88643149_ACCOMMODATION_1713114642291_7e7ffa9f0ea6d8df?_src=imagekit&tr=c-at_max,h-100,q-40,w-100",,,,,,,,,,,,,,,,
https://www.traveloka.com/id-id/user/review/consumption/HOTEL/GENERAL/1000000485924,2,4,"Kamar oke, harga oke & bagus, kasurnya enak buat tidur, lampu pencahayaannya bagus sih, resepsionis cukup ramah juga.",Diulas 111 minggu lalu,"https://ik.imagekit.io/tvlk/ugc-review/guys1L+Yyer9kzI3sp-pb0CG1j2bhflZGFUZOoIf1YOBAm37kEUOKR41ieUZm7ZJ/ugc-photo-ap-southeast-1-581603780057-acd24e232f75f09e/REVIEW/319161583_REVIEW_1711400933992_5da64446a281e9a8?_src=imagekit&tr=c-at_max,h-100,q-40,w-100","https://ik.imagekit.io/tvlk/ugc-review/guys1L+Yyer9kzI3sp-pb0CG1j2bhflZGFUZOoIf1YOBAm37kEUOKR41ieUZm7ZJ/ugc-photo-ap-southeast-1-581603780057-acd24e232f75f09e/REVIEW/319161583_REVIEW_1711400933992_48858418e57bce5c?_src=imagekit&tr=c-at_max,h-100,q-40,w-100",,,,,,,,,,,,,,,,,,
https://www.traveloka.com/id-id/user/review/consumption/HOTEL/GENERAL/1000000485924,2,5,"Kamarnya ga sebagus yang di review. Dapat kamar sesuai note, minta ranajng king tapi yang disediakan ternyata twin digabung yah jadi ada celong di tengah. Uda gitu ranjang kanan uda miring ke kiri, ranjang sebelah kiri jeblos pada bagian pala (better diputer deh tuh ranjang kda ga miring sebelah karena sering d tidurin). Sprei banyak noda dan selimut juga sudah lusuh. Yang paling parah bantalnya setipis selimut euy. Minta bantal extra supaya ga engap ke receptionis di anternya 1jam lebih, sampe ada kali 4-5x telpon br akhirnya di anter. Sandal kamar cuma ada 1, males minta lagi karena nanti lama lagi dtgnya. Handuk hotel ga ada (pas minta sama house keepingnya bilang, kehabisan karena laundry telat anter.) Tv channel tiba-tiba mati semua pas habis cek in ktnya gangguan. (nyala lagi entah jam brapa) Kamar mandinya paling penting, kecil banget. Palingan 1.4m dan memanjang. Ga ada pintu kaca ya jadi kalau mandi yah basah kemana-mana airnya ciprat, plus air itu menggenang. Satu lagi. Pintu ga rapet yah, ada celah di pintu bagian atas. Jadi suara orang lewat itu pasti masuk banget. Parkiran kecil yah, jadi kl malem balik harus titip kunci ke security. Di bawah hotel ada indomaret enaknya bisa beli minum dan cemilan. Dan sblhan sama masjid yah. Jadi suara jam sholat itu kedengaran di kamar. Pastinya ga akan balik lagi ke hotel ini.",Diulas 118 minggu lalu,"https://ik.imagekit.io/tvlk/ugc-review/guys1L+Yyer9kzI3sp-pb0CG1j2bhflZGFUZOoIf1YOBAm37kEUOKR41ieUZm7ZJ/ugc-photo-ap-southeast-1-581603780057-acd24e232f75f09e/ACCOMMODATION/15221978_ACCOMMODATION_1707011123694_c82107479ee30da3?_src=imagekit&tr=c-at_max,h-100,q-40,w-100","https://ik.imagekit.io/tvlk/ugc-review/guys1L+Yyer9kzI3sp-pb0CG1j2bhflZGFUZOoIf1YOBAm37kEUOKR41ieUZm7ZJ/ugc-photo-ap-southeast-1-581603780057-acd24e232f75f09e/ACCOMMODATION/15221978_ACCOMMODATION_1707011123694_ce88cb43ecbfd49e?_src=imagekit&tr=c-at_max,h-100,q-40,w-100","https://ik.imagekit.io/tvlk/ugc-review/guys1L+Yyer9kzI3sp-pb0CG1j2bhflZGFUZOoIf1YOBAm37kEUOKR41ieUZm7ZJ/ugc-photo-ap-southeast-1-581603780057-acd24e232f75f09e/ACCOMMODATION/15221978_ACCOMMODATION_1707011123694_be94049b70678d0f?_src=imagekit&tr=c-at_max,h-100,q-40,w-100","https://ik.imagekit.io/tvlk/ugc-review/guys1L+Yyer9kzI3sp-pb0CG1j2bhflZGFUZOoIf1YOBAm37kEUOKR41ieUZm7ZJ/ugc-photo-ap-southeast-1-581603780057-acd24e232f75f09e/ACCOMMODATION/15221978_ACCOMMODATION_1707011123695_abb73867a6c16774?_src=imagekit&tr=c-at_max,h-100,q-40,w-100","https://ik.imagekit.io/tvlk/ugc-review/guys1L+Yyer9kzI3sp-pb0CG1j2bhflZGFUZOoIf1YOBAm37kEUOKR41ieUZm7ZJ/ugc-photo-ap-southeast-1-581603780057-acd24e232f75f09e/ACCOMMODATION/15221978_ACCOMMODATION_1707011123695_94b757f6c507d72b?_src=imagekit&tr=c-at_max,h-100,q-40,w-100",,,,,,,,,,,,,,,
https://www.traveloka.com/id-id/user/review/consumption/HOTEL/GENERAL/1000000485924,2,6,"Pengalaman menginap yang luar biasa. Pertama kalinya pesan hotel ini, dari awal check in sudah terkesan dengan pelayanan dan keramahan staf hotel. Kamar bersih, rapi, tidak bau, bathroom nya pun bersih. Bikin betah walaupun ambil stay yang 2 night, rasanya ga mau pulang hehe. Sangat recommended. Insya Allah next trip bakalan singgah di sini lagi. Terima kasih Meize City Center Hotel 😁.",Diulas 123 minggu lalu,"https://ik.imagekit.io/tvlk/ugc-review/guys1L+Yyer9kzI3sp-pb0CG1j2bhflZGFUZOoIf1YOBAm37kEUOKR41ieUZm7ZJ/ugc-photo-ap-southeast-1-581603780057-acd24e232f75f09e/ACCOMMODATION/114362897_ACCOMMODATION_1703651531959_21903421e797efa7?_src=imagekit&tr=c-at_max,h-100,q-40,w-100",,,,,,,,,,,,,,,,,,,
https://www.traveloka.com/id-id/user/review/consumption/HOTEL/GENERAL/1000000485924,2,7,"Kamar oke, sesuai pesanan. Minus AC yang bocor, mudah-mudahn bisa diperbaiki ya. Petugas ramah. Overall is good.",Diulas 126 minggu lalu,"https://ik.imagekit.io/tvlk/ugc-review/guys1L+Yyer9kzI3sp-pb0CG1j2bhflZGFUZOoIf1YOBAm37kEUOKR41ieUZm7ZJ/ugc-photo-ap-southeast-1-581603780057-acd24e232f75f09e/ACCOMMODATION/7543643_ACCOMMODATION_1702289442302_4e8d352cdc2c7f27?_src=imagekit&tr=c-at_max,h-100,q-40,w-100","https://ik.imagekit.io/tvlk/ugc-review/guys1L+Yyer9kzI3sp-pb0CG1j2bhflZGFUZOoIf1YOBAm37kEUOKR41ieUZm7ZJ/ugc-photo-ap-southeast-1-581603780057-acd24e232f75f09e/ACCOMMODATION/7543643_ACCOMMODATION_1702289442302_afb9b9f10bad0723?_src=imagekit&tr=c-at_max,h-100,q-40,w-100",,,,,,,,,,,,,,,,,,
https://www.traveloka.com/id-id/user/review/consumption/HOTEL/GENERAL/1000000485924,2,8,"Pelayanan nya bagus, resepsionis nya ramah, ada satpamnya jaga parkiran 24 jam, toilet & kamar bersih, ada air panas untuk mandi, tersedia pemanas air, wifi kenceng, TV nya banyak channelnya strategis deket dengan Indomaret & Jalan Braga. Recommended untuk yang mau staycation di Bandung",Diulas 126 minggu lalu,"https://ik.imagekit.io/tvlk/ugc-review/guys1L+Yyer9kzI3sp-pb0CG1j2bhflZGFUZOoIf1YOBAm37kEUOKR41ieUZm7ZJ/ugc-photo-ap-southeast-1-581603780057-acd24e232f75f09e/ACCOMMODATION/124330244_ACCOMMODATION_1701762760881_b12ac1157432ccfa?_src=imagekit&tr=c-at_max,h-100,q-40,w-100","https://ik.imagekit.io/tvlk/ugc-review/guys1L+Yyer9kzI3sp-pb0CG1j2bhflZGFUZOoIf1YOBAm37kEUOKR41ieUZm7ZJ/ugc-photo-ap-southeast-1-581603780057-acd24e232f75f09e/ACCOMMODATION/124330244_ACCOMMODATION_1701762760881_b27f67a0123aa420?_src=imagekit&tr=c-at_max,h-100,q-40,w-100","https://ik.imagekit.io/tvlk/ugc-review/guys1L+Yyer9kzI3sp-pb0CG1j2bhflZGFUZOoIf1YOBAm37kEUOKR41ieUZm7ZJ/ugc-photo-ap-southeast-1-581603780057-acd24e232f75f09e/ACCOMMODATION/124330244_ACCOMMODATION_1701762760881_1631f122e882e423?_src=imagekit&tr=c-at_max,h-100,q-40,w-100","https://ik.imagekit.io/tvlk/ugc-review/guys1L+Yyer9kzI3sp-pb0CG1j2bhflZGFUZOoIf1YOBAm37kEUOKR41ieUZm7ZJ/ugc-photo-ap-southeast-1-581603780057-acd24e232f75f09e/ACCOMMODATION/124330244_ACCOMMODATION_1701762760880_0e819f4e3a584a24?_src=imagekit&tr=c-at_max,h-100,q-40,w-100","https://ik.imagekit.io/tvlk/ugc-review/guys1L+Yyer9kzI3sp-pb0CG1j2bhflZGFUZOoIf1YOBAm37kEUOKR41ieUZm7ZJ/ugc-photo-ap-southeast-1-581603780057-acd24e232f75f09e/ACCOMMODATION/124330244_ACCOMMODATION_1701762760881_86bdc9f7d74d68a5?_src=imagekit&tr=c-at_max,h-100,q-40,w-100",,,,,,,,,,,,,,,
https://www.traveloka.com/id-id/user/review/consumption/HOTEL/GENERAL/1000000485924,2,9,Senang sekali bisa menginap di sini. Stafnya sangat membantu dan ramah.,Diulas 142 minggu lalu,"https://ik.imagekit.io/tvlk/ugc-review/guys1L+Yyer9kzI3sp-pb0CG1j2bhflZGFUZOoIf1YOBAm37kEUOKR41ieUZm7ZJ/ugc-photo-ap-southeast-1-581603780057-acd24e232f75f09e/ACCOMMODATION/22443939_ACCOMMODATION_1692682852920_c717e382f1a5eb1f?_src=imagekit&tr=c-at_max,h-100,q-40,w-100","https://ik.imagekit.io/tvlk/ugc-review/guys1L+Yyer9kzI3sp-pb0CG1j2bhflZGFUZOoIf1YOBAm37kEUOKR41ieUZm7ZJ/ugc-photo-ap-southeast-1-581603780057-acd24e232f75f09e/ACCOMMODATION/22443939_ACCOMMODATION_1692682852920_ea5f1bdb08a4fd91?_src=imagekit&tr=c-at_max,h-100,q-40,w-100","https://ik.imagekit.io/tvlk/ugc-review/guys1L+Yyer9kzI3sp-pb0CG1j2bhflZGFUZOoIf1YOBAm37kEUOKR41ieUZm7ZJ/ugc-photo-ap-southeast-1-581603780057-acd24e232f75f09e/ACCOMMODATION/22443939_ACCOMMODATION_1692682852920_97a11d3dac8f9c80?_src=imagekit&tr=c-at_max,h-100,q-40,w-100",,,,,,,,,,,,,,,,,
https://www.traveloka.com/id-id/user/review/consumption/HOTEL/GENERAL/1000000485924,2,10,"Semuanya bagus, kamar bersih, WC bersih, sprei wangi dan bersih. Kurangnya hanya gak di sediakan handuk dan alas kaki. Makanannya juga enak enak",Diulas 147 minggu lalu,"https://ik.imagekit.io/tvlk/ugc-review/guys1L+Yyer9kzI3sp-pb0CG1j2bhflZGFUZOoIf1YOBAm37kEUOKR41ieUZm7ZJ/ugc-photo-ap-southeast-1-581603780057-acd24e232f75f09e/ACCOMMODATION/236850521_ACCOMMODATION_1689312365607_ebb6ff4ea5e0f374?_src=imagekit&tr=c-at_max,h-100,q-40,w-100",,,,,,,,,,,,,,,,,,,
https://www.traveloka.com/id-id/user/review/consumption/HOTEL/GENERAL/1000000485924,2,11,"Kamarnya cukup luas, kamar mandi bersih, hospitality cukup komplit, sayang tidak dikasih teh/kopi aja, yang lainnya bagus",Diulas 150 minggu lalu,"https://ik.imagekit.io/tvlk/ugc-review/guys1L+Yyer9kzI3sp-pb0CG1j2bhflZGFUZOoIf1YOBAm37kEUOKR41ieUZm7ZJ/ugc-photo-ap-southeast-1-581603780057-acd24e232f75f09e/ACCOMMODATION/42164534_ACCOMMODATION_1687403468592_01cdf3f9dba2d40b?_src=imagekit&tr=c-at_max,h-100,q-40,w-100",,,,,,,,,,,,,,,,,,,
https://www.traveloka.com/id-id/user/review/consumption/HOTEL/GENERAL/1000000485924,2,12,"Untuk hotel harga 200an ribu ya sudah cukup nyaman. Kasurnya luas dan empuk. Kamar mandinya standar, biasa aja tapi agak gelap, mungkin bisa di tambah lampu untuk di toilet dan kamar mandi biar lebih terang. AC nya gak terlalu dingin dan sprei nya kotor, mungkin karena udah lama ya. Saya kemarin dapet handuk yang bau asem padahal belum di pake. Mungkin bisa di tingkatkan untuk kualitas kebersihan seperti sprei, selimut, handuk, dan lain-lain. Selain itu nyaman. Thanks Meize.",Diulas 151 minggu lalu,"https://ik.imagekit.io/tvlk/ugc-review/guys1L+Yyer9kzI3sp-pb0CG1j2bhflZGFUZOoIf1YOBAm37kEUOKR41ieUZm7ZJ/ugc-photo-ap-southeast-1-581603780057-acd24e232f75f09e/ACCOMMODATION/22548993_ACCOMMODATION_1686892347916_d667c70728865cf9?_src=imagekit&tr=c-at_max,h-100,q-40,w-100",,,,,,,,,,,,,,,,,,,
https://www.traveloka.com/id-id/user/review/consumption/HOTEL/GENERAL/1000000485924,2,13,"Lokasinya tepat di pinggir jalan. Kamarnya cukup bersih, hanya saja lantainya agak lengket. Menu sarapan lumayan untuk harga segitu. Murah tapi enggak murahan.",Diulas 159 minggu lalu,"https://ik.imagekit.io/tvlk/ugc-review/guys1L+Yyer9kzI3sp-pb0CG1j2bhflZGFUZOoIf1YOBAm37kEUOKR41ieUZm7ZJ/ugc-photo-ap-southeast-1-581603780057-acd24e232f75f09e/ACCOMMODATION/6711819_ACCOMMODATION_1681897662482_0e561e89c23c1a8a?_src=imagekit&tr=c-at_max,h-100,q-40,w-100","https://ik.imagekit.io/tvlk/ugc-review/guys1L+Yyer9kzI3sp-pb0CG1j2bhflZGFUZOoIf1YOBAm37kEUOKR41ieUZm7ZJ/ugc-photo-ap-southeast-1-581603780057-acd24e232f75f09e/ACCOMMODATION/6711819_ACCOMMODATION_1681897662482_547693ddec267be9?_src=imagekit&tr=c-at_max,h-100,q-40,w-100",,,,,,,,,,,,,,,,,,
https://www.traveloka.com/id-id/user/review/consumption/HOTEL/GENERAL/1000000485924,2,14,Kami berdua round-round dulu karena kereta Panoramic nya cepat banget nyampenya jam 8 kurang. Baru bisa check in jam 13.45. Lokasi hotel strategis. Kemana-mana dekat. Dekat sama stasiun juga. Kami nginap 2 malam. Sarapan di roof top hotel lumayan enak. Kami musafir. 😊 Suasana tempat makan sepi karena bulan puasa. Hari Minggu pas check out sarapan diantar ke kamar. Servis antar nya excellent sekelas ⭐5. Hnanya saja untuk pilihan makan/resto dekat hotel tidak banyak. Untuk kamar mandi agak sempit mungkin lebarnya gak nyampe semeter. Ini memang susah karena sudah given ya. Untuk orang jangkung cukup mengganggu. Ada Indomaret bersebelahan dengan hotel. Sepertinya masih satu gedung. Kapan-kapan balik ke Bandung hotel ini bisa jadi pilihan untuk menginap kembali.,Diulas 162 minggu lalu,"https://ik.imagekit.io/tvlk/ugc-review/guys1L+Yyer9kzI3sp-pb0CG1j2bhflZGFUZOoIf1YOBAm37kEUOKR41ieUZm7ZJ/ugc-photo-ap-southeast-1-581603780057-acd24e232f75f09e/ACCOMMODATION/6114111_ACCOMMODATION_1680403528595_1cf96a5950f99b01?_src=imagekit&tr=c-at_max,h-100,q-40,w-100","https://ik.imagekit.io/tvlk/ugc-review/guys1L+Yyer9kzI3sp-pb0CG1j2bhflZGFUZOoIf1YOBAm37kEUOKR41ieUZm7ZJ/ugc-photo-ap-southeast-1-581603780057-acd24e232f75f09e/ACCOMMODATION/6114111_ACCOMMODATION_1680405748139_deba257bfe390a2e?_src=imagekit&tr=c-at_max,h-100,q-40,w-100","https://ik.imagekit.io/tvlk/ugc-review/guys1L+Yyer9kzI3sp-pb0CG1j2bhflZGFUZOoIf1YOBAm37kEUOKR41ieUZm7ZJ/ugc-photo-ap-southeast-1-581603780057-acd24e232f75f09e/ACCOMMODATION/6114111_ACCOMMODATION_1680405748139_04855b8c15805e0f?_src=imagekit&tr=c-at_max,h-100,q-40,w-100","https://ik.imagekit.io/tvlk/ugc-review/guys1L+Yyer9kzI3sp-pb0CG1j2bhflZGFUZOoIf1YOBAm37kEUOKR41ieUZm7ZJ/ugc-photo-ap-southeast-1-581603780057-acd24e232f75f09e/ACCOMMODATION/6114111_ACCOMMODATION_1680405748140_cc179d3ecf99029e?_src=imagekit&tr=c-at_max,h-100,q-40,w-100",,,,,,,,,,,,,,,,
https://www.traveloka.com/id-id/user/review/consumption/HOTEL/GENERAL/1000000485924,2,15,"Dapet kamar lumayan luas dengan harga segitu, ada sofa, kattel listrik, hair dryer, water heater berfungsi dengan baik. Dapat kamar no 357 pas masuk agak bau mungkin karena AC belum nyala minta ganti sprei gercep banget langsung diganti. Thanks Meize City Center Bandung next akan nginep di sana lagi.",Diulas 173 minggu lalu,"https://ik.imagekit.io/tvlk/ugc-review/guys1L+Yyer9kzI3sp-pb0CG1j2bhflZGFUZOoIf1YOBAm37kEUOKR41ieUZm7ZJ/ugc-photo-ap-southeast-1-581603780057-acd24e232f75f09e/ACCOMMODATION/64050593_ACCOMMODATION_1673676703934_95f1dde8d9d3f831?_src=imagekit&tr=c-at_max,h-100,q-40,w-100","https://ik.imagekit.io/tvlk/ugc-review/guys1L+Yyer9kzI3sp-pb0CG1j2bhflZGFUZOoIf1YOBAm37kEUOKR41ieUZm7ZJ/ugc-photo-ap-southeast-1-581603780057-acd24e232f75f09e/ACCOMMODATION/64050593_ACCOMMODATION_1673676703935_00e9903ec7a3c277?_src=imagekit&tr=c-at_max,h-100,q-40,w-100",,,,,,,,,,,,,,,,,,
https://www.traveloka.com/id-id/user/review/consumption/HOTEL/GENERAL/1000000485924,2,16,"Kami menginap 4 malam di kamar 507-509-511.(-) Proses check in lama, kami menunggu 40 menit. Jam 14.50 baru bisa masuk kamar.(-) Kebersihan kamar mandi sangat kurang. Shower tidak berfungsi, exhaust fan tidak nyala. Air sempat tidak nyala pada hari pertama, Sekat kaca tidak pernah dibersihkan.(-) Kebersihan kamar juga kurang. Masih banyak disa debu dan kotoran di lantai.(-) gagang Connecting door lepas.(-) Parkiran mobil sangat terbatas.(+) Lokasi strategis.(+) AC dingin setiap kamar.(+) Air hangat berfungsi.(+) Cari sarapan makan mudah di depan hotel ada yang jual.(+) sebelah hotel ada minimarket.",Diulas 175 minggu lalu,"https://ik.imagekit.io/tvlk/ugc-review/guys1L+Yyer9kzI3sp-pb0CG1j2bhflZGFUZOoIf1YOBAm37kEUOKR41ieUZm7ZJ/ugc-photo-ap-southeast-1-581603780057-acd24e232f75f09e/ACCOMMODATION/262648084_ACCOMMODATION_1672666620509_0efaa4c4ca021acb?_src=imagekit&tr=c-at_max,h-100,q-40,w-100","https://ik.imagekit.io/tvlk/ugc-review/guys1L+Yyer9kzI3sp-pb0CG1j2bhflZGFUZOoIf1YOBAm37kEUOKR41ieUZm7ZJ/ugc-photo-ap-southeast-1-581603780057-acd24e232f75f09e/ACCOMMODATION/262648084_ACCOMMODATION_1672666681973_970ab642701586ca?_src=imagekit&tr=c-at_max,h-100,q-40,w-100",,,,,,,,,,,,,,,,,,
https://www.traveloka.com/id-id/user/review/consumption/HOTEL/GENERAL/1000000485924,2,17,"Sebenarnya hotel lumayan bagus sesuai dengan harga. Cuma yang sedikit buat jengkel harus berkali-kali telpon untuk minta extra bednya segera diantar. Udah diantarnya bed dan selimut tapi handuk, bantal, sikat gigi ga diantar. Ditungguin samai 1 jam ga juga diantar. Akhirnya telepon lagi baru diantar. Untuk sarapan ga banyak variasi. Oh iya toilet juga masih berkerak sepertinya ga disikat. Handuk yang 1 udah berurai-urai sepertinya udah saatnya dibuang.",Diulas 176 minggu lalu,"https://ik.imagekit.io/tvlk/ugc-review/guys1L+Yyer9kzI3sp-pb0CG1j2bhflZGFUZOoIf1YOBAm37kEUOKR41ieUZm7ZJ/ugc-photo-ap-southeast-1-581603780057-acd24e232f75f09e/ACCOMMODATION/17739577_ACCOMMODATION_1671705429489_dedd84579f627729?_src=imagekit&tr=c-at_max,h-80,q-40,w-80","https://ik.imagekit.io/tvlk/ugc-review/guys1L+Yyer9kzI3sp-pb0CG1j2bhflZGFUZOoIf1YOBAm37kEUOKR41ieUZm7ZJ/ugc-photo-ap-southeast-1-581603780057-acd24e232f75f09e/ACCOMMODATION/17739577_ACCOMMODATION_1671705429490_58136290e457bbc8?_src=imagekit&tr=c-at_max,h-80,q-40,w-80","https://ik.imagekit.io/tvlk/ugc-review/guys1L+Yyer9kzI3sp-pb0CG1j2bhflZGFUZOoIf1YOBAm37kEUOKR41ieUZm7ZJ/ugc-photo-ap-southeast-1-581603780057-acd24e232f75f09e/ACCOMMODATION/17739577_ACCOMMODATION_1671705429490_9b5b7df0ed280d46?_src=imagekit&tr=c-at_max,h-80,q-40,w-80","https://ik.imagekit.io/tvlk/ugc-review/guys1L+Yyer9kzI3sp-pb0CG1j2bhflZGFUZOoIf1YOBAm37kEUOKR41ieUZm7ZJ/ugc-photo-ap-southeast-1-581603780057-acd24e232f75f09e/ACCOMMODATION/17739577_ACCOMMODATION_1671705429490_27aff19b2cfb493f?_src=imagekit&tr=c-at_max,h-80,q-40,w-80","https://ik.imagekit.io/tvlk/ugc-review/guys1L+Yyer9kzI3sp-pb0CG1j2bhflZGFUZOoIf1YOBAm37kEUOKR41ieUZm7ZJ/ugc-photo-ap-southeast-1-581603780057-acd24e232f75f09e/ACCOMMODATION/17739577_ACCOMMODATION_1671705429490_cde02b6be0289850?_src=imagekit&tr=c-at_max,h-80,q-40,w-80","https://ik.imagekit.io/tvlk/ugc-review/guys1L+Yyer9kzI3sp-pb0CG1j2bhflZGFUZOoIf1YOBAm37kEUOKR41ieUZm7ZJ/ugc-photo-ap-southeast-1-581603780057-acd24e232f75f09e/ACCOMMODATION/17739577_ACCOMMODATION_1671705429492_2b563e4938c9e835?_src=imagekit&tr=c-at_max,h-80,q-40,w-80","https://ik.imagekit.io/tvlk/ugc-review/guys1L+Yyer9kzI3sp-pb0CG1j2bhflZGFUZOoIf1YOBAm37kEUOKR41ieUZm7ZJ/ugc-photo-ap-southeast-1-581603780057-acd24e232f75f09e/ACCOMMODATION/17739577_ACCOMMODATION_1671705655162_a55412cf09069c30?_src=imagekit&tr=c-at_max,h-80,q-40,w-80","https://ik.imagekit.io/tvlk/ugc-review/guys1L+Yyer9kzI3sp-pb0CG1j2bhflZGFUZOoIf1YOBAm37kEUOKR41ieUZm7ZJ/ugc-photo-ap-southeast-1-581603780057-acd24e232f75f09e/ACCOMMODATION/17739577_ACCOMMODATION_1671705655162_bfdf616fe202b287?_src=imagekit&tr=c-at_max,h-80,q-40,w-80","https://ik.imagekit.io/tvlk/ugc-review/guys1L+Yyer9kzI3sp-pb0CG1j2bhflZGFUZOoIf1YOBAm37kEUOKR41ieUZm7ZJ/ugc-photo-ap-southeast-1-581603780057-acd24e232f75f09e/ACCOMMODATION/17739577_ACCOMMODATION_1671705692699_4a3247066257991b?_src=imagekit&tr=c-at_max,h-80,q-40,w-80",,,,,,,,,,,
https://www.traveloka.com/id-id/user/review/consumption/HOTEL/GENERAL/1000000485924,2,18,"Tempatnya nyaman, bersih, dan wangi. Buat harga 199 ribu super worth it banget sih! Ditambah lagi letaknya yang strategis & di tengah kota jadi deket kemana mana. (satpamnya ramah banget sih, patut diapresiasi)",Diulas 179 minggu lalu,"https://ik.imagekit.io/tvlk/ugc-review/guys1L+Yyer9kzI3sp-pb0CG1j2bhflZGFUZOoIf1YOBAm37kEUOKR41ieUZm7ZJ/ugc-photo-ap-southeast-1-581603780057-acd24e232f75f09e/ACCOMMODATION/201499052_ACCOMMODATION_1670232969433_7d66baa449f5ed77?_src=imagekit&tr=c-at_max,h-100,q-40,w-100","https://ik.imagekit.io/tvlk/ugc-review/guys1L+Yyer9kzI3sp-pb0CG1j2bhflZGFUZOoIf1YOBAm37kEUOKR41ieUZm7ZJ/ugc-photo-ap-southeast-1-581603780057-acd24e232f75f09e/ACCOMMODATION/201499052_ACCOMMODATION_1670232969433_4ae8fb2ec45a0e73?_src=imagekit&tr=c-at_max,h-100,q-40,w-100",,,,,,,,,,,,,,,,,,
https://www.traveloka.com/id-id/user/review/consumption/HOTEL/GENERAL/1000000485924,2,19,"Dari sebelum pandemi suka menginap di sini kalau ke Bandung, hotelnya dulu bagus dan bersih. Sekarang seperti kurang maintenance, saya dapat lantai 5 AC tidak dingin hanya terasa angin, lalu handuk dan keset tidak ada diminta baru diberikan. Saya berusaha complain dan dikasih kesempatan untuk pindah ke lantai 2 dan ternyata sama saja sangat mengganggu waktu istirahat. Kalau memang hotel ini maintenance nya kurang mungkin harga bisa di naikkan, sayang sekali padahal hotel ini dekat kemana mana. Semoga saran dan kritik saya bisa diterima dan menjadi lebih baik lagi.",Diulas 180 minggu lalu,"https://ik.imagekit.io/tvlk/ugc-review/guys1L+Yyer9kzI3sp-pb0CG1j2bhflZGFUZOoIf1YOBAm37kEUOKR41ieUZm7ZJ/ugc-photo-ap-southeast-1-581603780057-acd24e232f75f09e/ACCOMMODATION/6961549_ACCOMMODATION_1669224668634_4e62f3aea3e9172a?_src=imagekit&tr=c-at_max,h-100,q-40,w-100",,,,,,,,,,,,,,,,,,,
https://www.traveloka.com/id-id/user/review/consumption/HOTEL/GENERAL/1000000485924,2,20,Sesuai dengan foto display di aplikasi. Bersih.,Diulas 180 minggu lalu,"https://ik.imagekit.io/tvlk/ugc-review/guys1L+Yyer9kzI3sp-pb0CG1j2bhflZGFUZOoIf1YOBAm37kEUOKR41ieUZm7ZJ/ugc-photo-ap-southeast-1-581603780057-acd24e232f75f09e/ACCOMMODATION/3134692_ACCOMMODATION_1669214782765_6ba5b2a10b468c67?_src=imagekit&tr=c-at_max,h-100,q-40,w-100","https://ik.imagekit.io/tvlk/ugc-review/guys1L+Yyer9kzI3sp-pb0CG1j2bhflZGFUZOoIf1YOBAm37kEUOKR41ieUZm7ZJ/ugc-photo-ap-southeast-1-581603780057-acd24e232f75f09e/ACCOMMODATION/3134692_ACCOMMODATION_1669214782766_a0b07c411e13596c?_src=imagekit&tr=c-at_max,h-100,q-40,w-100","https://ik.imagekit.io/tvlk/ugc-review/guys1L+Yyer9kzI3sp-pb0CG1j2bhflZGFUZOoIf1YOBAm37kEUOKR41ieUZm7ZJ/ugc-photo-ap-southeast-1-581603780057-acd24e232f75f09e/ACCOMMODATION/3134692_ACCOMMODATION_1669214782766_cf5416711e85b17d?_src=imagekit&tr=c-at_max,h-100,q-40,w-100",,,,,,,,,,,,,,,,,
https://www.traveloka.com/id-id/user/review/consumption/HOTEL/GENERAL/1000000485924,2,21,"Very poor maintenance, selimut dan sprei kotor, kasur gatel-gatel di badan. Jarang dimonitor kayaknya. AC 20 derajat tapi berasa 25 derajat. Bintang 3 harusnya ga begini",Diulas 182 minggu lalu,"https://ik.imagekit.io/tvlk/ugc-review/guys1L+Yyer9kzI3sp-pb0CG1j2bhflZGFUZOoIf1YOBAm37kEUOKR41ieUZm7ZJ/ugc-photo-ap-southeast-1-581603780057-acd24e232f75f09e/ACCOMMODATION/188818434_ACCOMMODATION_1668424589910_8e54be9ea2b5b507?_src=imagekit&tr=c-at_max,h-100,q-40,w-100","https://ik.imagekit.io/tvlk/ugc-review/guys1L+Yyer9kzI3sp-pb0CG1j2bhflZGFUZOoIf1YOBAm37kEUOKR41ieUZm7ZJ/ugc-photo-ap-southeast-1-581603780057-acd24e232f75f09e/ACCOMMODATION/188818434_ACCOMMODATION_1668424614079_b97366c159f17f18?_src=imagekit&tr=c-at_max,h-100,q-40,w-100","https://ik.imagekit.io/tvlk/ugc-review/guys1L+Yyer9kzI3sp-pb0CG1j2bhflZGFUZOoIf1YOBAm37kEUOKR41ieUZm7ZJ/ugc-photo-ap-southeast-1-581603780057-acd24e232f75f09e/ACCOMMODATION/188818434_ACCOMMODATION_1668424649349_7603d2bdd67d9d9b?_src=imagekit&tr=c-at_max,h-100,q-40,w-100",,,,,,,,,,,,,,,,,
https://www.traveloka.com/id-id/user/review/consumption/HOTEL/GENERAL/1000000485924,2,22,"Sprei kusam. Handuk bekas orang masih tergantung basah, kamar mandi sangat sempit, lantai lengket, dapat kamar dipojokan bau asap rokok. Semoga ke depannya sesuaikan harga kamar pojok itu sama dengan bintang 1.",Diulas 189 minggu lalu,"https://ik.imagekit.io/tvlk/ugc-review/guys1L+Yyer9kzI3sp-pb0CG1j2bhflZGFUZOoIf1YOBAm37kEUOKR41ieUZm7ZJ/ugc-photo-ap-southeast-1-581603780057-acd24e232f75f09e/ACCOMMODATION/39080349_ACCOMMODATION_1664074230460_dda53a4be07ff3d5?_src=imagekit&tr=c-at_max,h-100,q-40,w-100",,,,,,,,,,,,,,,,,,,
https://www.traveloka.com/id-id/user/review/consumption/HOTEL/GENERAL/1000000485924,2,23,"Kondisi kamar tidak sesuai dengan deskripsi di foto katalog. Teman saya alergi debu, antara acnya berdebu atau bed covernya. Padahal bed cover sudah di ganti. Handuk kotor. Kamar mandi kotor. Sangat kecewa.",Diulas 195 minggu lalu,"https://ik.imagekit.io/tvlk/ugc-review/guys1L+Yyer9kzI3sp-pb0CG1j2bhflZGFUZOoIf1YOBAm37kEUOKR41ieUZm7ZJ/ugc-photo-ap-southeast-1-581603780057-acd24e232f75f09e/ACCOMMODATION/7614198_ACCOMMODATION_1660556266175_3d3ce3df4005340e?_src=imagekit&tr=c-at_max,h-80,q-40,w-80","https://ik.imagekit.io/tvlk/ugc-review/guys1L+Yyer9kzI3sp-pb0CG1j2bhflZGFUZOoIf1YOBAm37kEUOKR41ieUZm7ZJ/ugc-photo-ap-southeast-1-581603780057-acd24e232f75f09e/ACCOMMODATION/7614198_ACCOMMODATION_1660556266175_f8dbc41b37251c5d?_src=imagekit&tr=c-at_max,h-80,q-40,w-80","https://ik.imagekit.io/tvlk/ugc-review/guys1L+Yyer9kzI3sp-pb0CG1j2bhflZGFUZOoIf1YOBAm37kEUOKR41ieUZm7ZJ/ugc-photo-ap-southeast-1-581603780057-acd24e232f75f09e/ACCOMMODATION/7614198_ACCOMMODATION_1660556407975_0a859af65fea4360?_src=imagekit&tr=c-at_max,h-80,q-40,w-80","https://ik.imagekit.io/tvlk/ugc-review/guys1L+Yyer9kzI3sp-pb0CG1j2bhflZGFUZOoIf1YOBAm37kEUOKR41ieUZm7ZJ/ugc-photo-ap-southeast-1-581603780057-acd24e232f75f09e/ACCOMMODATION/7614198_ACCOMMODATION_1660556407975_bcc95449acbbfd45?_src=imagekit&tr=c-at_max,h-80,q-40,w-80","https://ik.imagekit.io/tvlk/ugc-review/guys1L+Yyer9kzI3sp-pb0CG1j2bhflZGFUZOoIf1YOBAm37kEUOKR41ieUZm7ZJ/ugc-photo-ap-southeast-1-581603780057-acd24e232f75f09e/ACCOMMODATION/7614198_ACCOMMODATION_1660556407976_acb457a45625a302?_src=imagekit&tr=c-at_max,h-80,q-40,w-80","https://ik.imagekit.io/tvlk/ugc-review/guys1L+Yyer9kzI3sp-pb0CG1j2bhflZGFUZOoIf1YOBAm37kEUOKR41ieUZm7ZJ/ugc-photo-ap-southeast-1-581603780057-acd24e232f75f09e/ACCOMMODATION/7614198_ACCOMMODATION_1660556407977_dd0cb0a93c73c4fb?_src=imagekit&tr=c-at_max,h-80,q-40,w-80","https://ik.imagekit.io/tvlk/ugc-review/guys1L+Yyer9kzI3sp-pb0CG1j2bhflZGFUZOoIf1YOBAm37kEUOKR41ieUZm7ZJ/ugc-photo-ap-southeast-1-581603780057-acd24e232f75f09e/ACCOMMODATION/7614198_ACCOMMODATION_1660556407977_fcfae078dce9e68d?_src=imagekit&tr=c-at_max,h-80,q-40,w-80","https://ik.imagekit.io/tvlk/ugc-review/guys1L+Yyer9kzI3sp-pb0CG1j2bhflZGFUZOoIf1YOBAm37kEUOKR41ieUZm7ZJ/ugc-photo-ap-southeast-1-581603780057-acd24e232f75f09e/ACCOMMODATION/7614198_ACCOMMODATION_1660556407977_d3164d5b83640389?_src=imagekit&tr=c-at_max,h-80,q-40,w-80","https://ik.imagekit.io/tvlk/ugc-review/guys1L+Yyer9kzI3sp-pb0CG1j2bhflZGFUZOoIf1YOBAm37kEUOKR41ieUZm7ZJ/ugc-photo-ap-southeast-1-581603780057-acd24e232f75f09e/ACCOMMODATION/7614198_ACCOMMODATION_1660556519802_3fcc55055f9edecd?_src=imagekit&tr=c-at_max,h-80,q-40,w-80","https://ik.imagekit.io/tvlk/ugc-review/guys1L+Yyer9kzI3sp-pb0CG1j2bhflZGFUZOoIf1YOBAm37kEUOKR41ieUZm7ZJ/ugc-photo-ap-southeast-1-581603780057-acd24e232f75f09e/ACCOMMODATION/7614198_ACCOMMODATION_1660556519802_468b9c00667d6480?_src=imagekit&tr=c-at_max,h-80,q-40,w-80",,,,,,,,,,
https://www.traveloka.com/id-id/user/review/consumption/HOTEL/GENERAL/1000000485924,2,24,"Kamarnya kotor setiap sudut pasti kotor. Spreinya ada bercak setelah diganti pun masih ada bercak d*r*hnya. Menginap 2 malam dengan kondisi kamar seperti ini cukup membuat mood jelek. Minta refund tapi ga bisa. Ketolong sama lokasi yang strategis. Cukup sekali menginap di sini. Harga 350 ribu sama harga 180 ribu lebih bersih dan bagus yang harga 180 ribu (tempat keluarga menginap, tau gitu ikut menginap yang 180 ribu, lebih bersih dan nyaman)",Diulas 195 minggu lalu,"https://ik.imagekit.io/tvlk/ugc-review/guys1L+Yyer9kzI3sp-pb0CG1j2bhflZGFUZOoIf1YOBAm37kEUOKR41ieUZm7ZJ/ugc-photo-ap-southeast-1-581603780057-acd24e232f75f09e/ACCOMMODATION/68887851_ACCOMMODATION_1660545627652_818e3ee57fd765a8?_src=imagekit&tr=c-at_max,h-100,q-40,w-100","https://ik.imagekit.io/tvlk/ugc-review/guys1L+Yyer9kzI3sp-pb0CG1j2bhflZGFUZOoIf1YOBAm37kEUOKR41ieUZm7ZJ/ugc-photo-ap-southeast-1-581603780057-acd24e232f75f09e/ACCOMMODATION/68887851_ACCOMMODATION_1660545627652_8c77a269f005519f?_src=imagekit&tr=c-at_max,h-100,q-40,w-100","https://ik.imagekit.io/tvlk/ugc-review/guys1L+Yyer9kzI3sp-pb0CG1j2bhflZGFUZOoIf1YOBAm37kEUOKR41ieUZm7ZJ/ugc-photo-ap-southeast-1-581603780057-acd24e232f75f09e/ACCOMMODATION/68887851_ACCOMMODATION_1660545627652_643a50496099e727?_src=imagekit&tr=c-at_max,h-100,q-40,w-100","https://ik.imagekit.io/tvlk/ugc-review/guys1L+Yyer9kzI3sp-pb0CG1j2bhflZGFUZOoIf1YOBAm37kEUOKR41ieUZm7ZJ/ugc-photo-ap-southeast-1-581603780057-acd24e232f75f09e/ACCOMMODATION/68887851_ACCOMMODATION_1660545627652_2e1c625efc44fa2d?_src=imagekit&tr=c-at_max,h-100,q-40,w-100",,,,,,,,,,,,,,,,
https://www.traveloka.com/id-id/user/review/consumption/HOTEL/GENERAL/1000000485924,2,25,"Menginap selama 2 hari karena kami lagi perjalanan jauh, overall hotelnya bagus, staf ramah, kamar bersih, handuk bersih, AC dingin, kami kebagian di lantai 3 bisa liat pemandangan kota juga, cuma yang di sayangkan kebersihan kamar mandinya kurang, licin saya hampir kepleset, sama kloset seperti tidak di bersihkan, mohon ditingkatkan lagi kebersihan kamar mandinya biar ga licin sama ngerak bekas sabun. Thank you for two days selebihnya saya merasa nyaman.",Diulas 196 minggu lalu,"https://ik.imagekit.io/tvlk/ugc-review/guys1L+Yyer9kzI3sp-pb0CG1j2bhflZGFUZOoIf1YOBAm37kEUOKR41ieUZm7ZJ/ugc-photo-ap-southeast-1-581603780057-acd24e232f75f09e/ACCOMMODATION/246047350_ACCOMMODATION_1660017600750_9f823c5482ec460b?_src=imagekit&tr=c-at_max,h-100,q-40,w-100","https://ik.imagekit.io/tvlk/ugc-review/guys1L+Yyer9kzI3sp-pb0CG1j2bhflZGFUZOoIf1YOBAm37kEUOKR41ieUZm7ZJ/ugc-photo-ap-southeast-1-581603780057-acd24e232f75f09e/ACCOMMODATION/246047350_ACCOMMODATION_1660017742846_a2e76450d0d80d73?_src=imagekit&tr=c-at_max,h-100,q-40,w-100",,,,,,,,,,,,,,,,,,
https://www.traveloka.com/id-id/user/review/consumption/HOTEL/GENERAL/1000000485924,2,26,"AC bocor dan tidak dingin😵‍💫 Baru kali ini ke Bandung menginap di hotel kepanasan 🙄 Biasanya di Bandung saya kedinginan, ini panas banget!",Diulas 197 minggu lalu,"https://ik.imagekit.io/tvlk/ugc-review/guys1L+Yyer9kzI3sp-pb0CG1j2bhflZGFUZOoIf1YOBAm37kEUOKR41ieUZm7ZJ/ugc-photo-ap-southeast-1-581603780057-acd24e232f75f09e/ACCOMMODATION/6366872_ACCOMMODATION_1659379298396_76f534251a540640?_src=imagekit&tr=c-at_max,h-100,q-40,w-100",,,,,,,,,,,,,,,,,,,
https://www.traveloka.com/id-id/user/review/consumption/HOTEL/GENERAL/1000000485924,2,27,"Saya check-out lebih awal dari waktu yang diharapkan. Karena saya sedikit kecewa. Kamar hotel terlihat kurang terawat. AC tidak dingin. Meskipun suhu sudah diatur pada 16 derajat Celcius dan dengan 5 kipas, tetap tidak terasa dingin hingga pagi ini. Dan kemudian ada air yang menetes dari AC. Mungkin jika dinyalakan sepanjang hari, lantai kamar bisa basah. Kamar mandi tidak memiliki tisu toilet dan keset. Yang lebih mengecewakan, pintu kamar tidak bisa dikunci dari luar sehingga saya harus memanggil staf untuk memperbaikinya. Satu hal lagi, di seprai terdapat noda yang terlihat seperti pada foto. Saya harap kekurangan ini dapat diperbaiki. Terima kasih.",Diulas 197 minggu lalu,"https://ik.imagekit.io/tvlk/ugc-review/guys1L+Yyer9kzI3sp-pb0CG1j2bhflZGFUZOoIf1YOBAm37kEUOKR41ieUZm7ZJ/ugc-photo-ap-southeast-1-581603780057-acd24e232f75f09e/ACCOMMODATION/6468488_ACCOMMODATION_1659195970374_680f899359b9fa7c?_src=imagekit&tr=c-at_max,h-100,q-40,w-100","https://ik.imagekit.io/tvlk/ugc-review/guys1L+Yyer9kzI3sp-pb0CG1j2bhflZGFUZOoIf1YOBAm37kEUOKR41ieUZm7ZJ/ugc-photo-ap-southeast-1-581603780057-acd24e232f75f09e/ACCOMMODATION/6468488_ACCOMMODATION_1659195970374_cf4af2ef118508a9?_src=imagekit&tr=c-at_max,h-100,q-40,w-100",,,,,,,,,,,,,,,,,,
https://www.traveloka.com/id-id/user/review/consumption/HOTEL/GENERAL/1000000485924,2,28,"Hotelnya bagus, lokasinya strategis dan dekat kemana-mana, kamarnya nyaman, AC-nya juga dingin, airnya bagus, bersih, hanya spreinya saja banyak noda kotornya saya tidak tahu harusnya diganti atau tidak, sepertinya kurang bersih untuk dicuci. Selebihnya bagus, saya rekomendasikan menginap disini kalau ke bandung lagi.",Diulas 197 minggu lalu,"https://ik.imagekit.io/tvlk/ugc-review/guys1L+Yyer9kzI3sp-pb0CG1j2bhflZGFUZOoIf1YOBAm37kEUOKR41ieUZm7ZJ/ugc-photo-ap-southeast-1-581603780057-acd24e232f75f09e/ACCOMMODATION/116005236_ACCOMMODATION_1659076366056_6097d3fc72dc292d?_src=imagekit&tr=c-at_max,h-100,q-40,w-100","https://ik.imagekit.io/tvlk/ugc-review/guys1L+Yyer9kzI3sp-pb0CG1j2bhflZGFUZOoIf1YOBAm37kEUOKR41ieUZm7ZJ/ugc-photo-ap-southeast-1-581603780057-acd24e232f75f09e/ACCOMMODATION/116005236_ACCOMMODATION_1659076366056_478b43cfa63c8afb?_src=imagekit&tr=c-at_max,h-100,q-40,w-100",,,,,,,,,,,,,,,,,,
https://www.traveloka.com/id-id/user/review/consumption/HOTEL/GENERAL/1000000485924,2,29,"Pelayanan bagus, cuma kebetulan saya dapat twin bed disatukan menjadi queen bed. Lokasi hotel mudah ditemukan, dekat pusat kota. Makanannya enak banget. Security nya cekatan, ramah, adab dan akhlaknya bagus. Proses check in dan check out super gampang dan cepat. Keren deh pokoknya. Dapat harga murah tapi fasilitas bagus. Bintang 3 tapi serasa bintang 4.",Diulas 202 minggu lalu,"https://ik.imagekit.io/tvlk/ugc-review/guys1L+Yyer9kzI3sp-pb0CG1j2bhflZGFUZOoIf1YOBAm37kEUOKR41ieUZm7ZJ/ugc-photo-ap-southeast-1-581603780057-acd24e232f75f09e/ACCOMMODATION/14103626_ACCOMMODATION_1656224703503_bb9dd2f8a5f4df11?_src=imagekit&tr=c-at_max,h-100,q-40,w-100","https://ik.imagekit.io/tvlk/ugc-review/guys1L+Yyer9kzI3sp-pb0CG1j2bhflZGFUZOoIf1YOBAm37kEUOKR41ieUZm7ZJ/ugc-photo-ap-southeast-1-581603780057-acd24e232f75f09e/ACCOMMODATION/14103626_ACCOMMODATION_1656224737749_4ad48f7acfa6055c?_src=imagekit&tr=c-at_max,h-100,q-40,w-100","https://ik.imagekit.io/tvlk/ugc-review/guys1L+Yyer9kzI3sp-pb0CG1j2bhflZGFUZOoIf1YOBAm37kEUOKR41ieUZm7ZJ/ugc-photo-ap-southeast-1-581603780057-acd24e232f75f09e/ACCOMMODATION/14103626_ACCOMMODATION_1656224773106_d5e27e96329bfac2?_src=imagekit&tr=c-at_max,h-100,q-40,w-100",,,,,,,,,,,,,,,,,
https://www.traveloka.com/id-id/user/review/consumption/HOTEL/GENERAL/1000000485924,2,30,"Letak hotel strategis, pelayanan cepat, notes saya semua terpenuhi.",Diulas 203 minggu lalu,"https://ik.imagekit.io/tvlk/ugc-review/guys1L+Yyer9kzI3sp-pb0CG1j2bhflZGFUZOoIf1YOBAm37kEUOKR41ieUZm7ZJ/ugc-photo-ap-southeast-1-581603780057-acd24e232f75f09e/ACCOMMODATION/7823080_ACCOMMODATION_1655777771011_5995ea9c31d8360e?_src=imagekit&tr=c-at_max,h-100,q-40,w-100","https://ik.imagekit.io/tvlk/ugc-review/guys1L+Yyer9kzI3sp-pb0CG1j2bhflZGFUZOoIf1YOBAm37kEUOKR41ieUZm7ZJ/ugc-photo-ap-southeast-1-581603780057-acd24e232f75f09e/ACCOMMODATION/7823080_ACCOMMODATION_1655777771012_f0d54ff5caa2a64d?_src=imagekit&tr=c-at_max,h-100,q-40,w-100","https://ik.imagekit.io/tvlk/ugc-review/guys1L+Yyer9kzI3sp-pb0CG1j2bhflZGFUZOoIf1YOBAm37kEUOKR41ieUZm7ZJ/ugc-photo-ap-southeast-1-581603780057-acd24e232f75f09e/ACCOMMODATION/7823080_ACCOMMODATION_1655777771012_541a38e12baabc57?_src=imagekit&tr=c-at_max,h-100,q-40,w-100",,,,,,,,,,,,,,,,,
https://www.traveloka.com/id-id/user/review/consumption/HOTEL/GENERAL/1000000485924,2,31,"Sangat buruk sekali kebersihannya kurang hingga tolet kamar mandi sudah kuning-kuning jarang di sikat dan keran air yang bawah selalu nyala tidak bisa di matikan ketika shower di pakai jadi ke showernya kecil airnya dan kamar banyak debu tidak di sapu dulu atau di bersihkan ketika ada yang mau ngisi kamarnya pokoknya masih banyak kekurangannya. Handuk pun tidak di siapin harus di minta, sendal hotel tidak ada jadi kemana-mana pakai sepatu kasian yang tidak bawa sandal. Tadinya mau bikin surprize anniverersary pakai bunga tapi kata pihak hotel tidak bisa tidak ada bunganya, padahal saya pesan dari jauh-jauh hari harusnya di persiapkan lebih matang supaya costumer puas. Kalau bisa di tingkatkan lagi pelayanannya dan kesiapannya terima kasih.",Diulas 205 minggu lalu,"https://ik.imagekit.io/tvlk/ugc-review/guys1L+Yyer9kzI3sp-pb0CG1j2bhflZGFUZOoIf1YOBAm37kEUOKR41ieUZm7ZJ/ugc-photo-ap-southeast-1-581603780057-acd24e232f75f09e/ACCOMMODATION/43019513_ACCOMMODATION_1654209242033_e94c8f18b58dc193?_src=imagekit&tr=c-at_max,h-100,q-40,w-100","https://ik.imagekit.io/tvlk/ugc-review/guys1L+Yyer9kzI3sp-pb0CG1j2bhflZGFUZOoIf1YOBAm37kEUOKR41ieUZm7ZJ/ugc-photo-ap-southeast-1-581603780057-acd24e232f75f09e/ACCOMMODATION/43019513_ACCOMMODATION_1654209242034_2dbce27d20ae4998?_src=imagekit&tr=c-at_max,h-100,q-40,w-100","https://ik.imagekit.io/tvlk/ugc-review/guys1L+Yyer9kzI3sp-pb0CG1j2bhflZGFUZOoIf1YOBAm37kEUOKR41ieUZm7ZJ/ugc-photo-ap-southeast-1-581603780057-acd24e232f75f09e/ACCOMMODATION/43019513_ACCOMMODATION_1654209242034_a4df20cbee2814f9?_src=imagekit&tr=c-at_max,h-100,q-40,w-100",,,,,,,,,,,,,,,,,
https://www.traveloka.com/id-id/user/review/consumption/HOTEL/GENERAL/1000000485924,2,32,"Kamarnya minimalis, dekat ke kota.",Diulas 205 minggu lalu,"https://ik.imagekit.io/tvlk/ugc-review/guys1L+Yyer9kzI3sp-pb0CG1j2bhflZGFUZOoIf1YOBAm37kEUOKR41ieUZm7ZJ/ugc-photo-ap-southeast-1-581603780057-acd24e232f75f09e/ACCOMMODATION/14745427_ACCOMMODATION_1654162073525_ea3bfcd7dc8e0c09?_src=imagekit&tr=c-at_max,h-100,q-40,w-100","https://ik.imagekit.io/tvlk/ugc-review/guys1L+Yyer9kzI3sp-pb0CG1j2bhflZGFUZOoIf1YOBAm37kEUOKR41ieUZm7ZJ/ugc-photo-ap-southeast-1-581603780057-acd24e232f75f09e/ACCOMMODATION/14745427_ACCOMMODATION_1654162073526_544ad39df6b13dfc?_src=imagekit&tr=c-at_max,h-100,q-40,w-100",,,,,,,,,,,,,,,,,,
https://www.traveloka.com/id-id/user/review/consumption/HOTEL/GENERAL/1000000485924,2,33,Seprai kotor ketika saya datang dan mereka menggabungkan dua tempat tidur single untuk membuat tempat tidur besar. Area merokok tidak mendapat kursi. Layanan hebat,Diulas 207 minggu lalu,"https://ik.imagekit.io/tvlk/ugc-review/guys1L+Yyer9kzI3sp-pb0CG1j2bhflZGFUZOoIf1YOBAm37kEUOKR41ieUZm7ZJ/ugc-photo-ap-southeast-1-581603780057-acd24e232f75f09e/ACCOMMODATION/157337361_ACCOMMODATION_1653287093243_8ccbde24021e57c6?_src=imagekit&tr=c-at_max,h-100,q-40,w-100",,,,,,,,,,,,,,,,,,,
https://www.traveloka.com/id-id/user/review/consumption/HOTEL/GENERAL/1000000485924,2,34,"Kamarnya kotor, wastafel rusak.",Diulas 207 minggu lalu,"https://ik.imagekit.io/tvlk/ugc-review/guys1L+Yyer9kzI3sp-pb0CG1j2bhflZGFUZOoIf1YOBAm37kEUOKR41ieUZm7ZJ/ugc-photo-ap-southeast-1-581603780057-acd24e232f75f09e/ACCOMMODATION/156675855_ACCOMMODATION_1652781622258_a6ada998d9a5fce8?_src=imagekit&tr=c-at_max,h-100,q-40,w-100",,,,,,,,,,,,,,,,,,,
https://www.traveloka.com/id-id/user/review/consumption/HOTEL/GENERAL/1000000485924,2,35,Bagus bersih nyaman ga berisik air hangat juga nyala hanya saja sepertinya area parkir kurang luas.,Diulas 209 minggu lalu,"https://ik.imagekit.io/tvlk/ugc-review/guys1L+Yyer9kzI3sp-pb0CG1j2bhflZGFUZOoIf1YOBAm37kEUOKR41ieUZm7ZJ/ugc-photo-ap-southeast-1-581603780057-acd24e232f75f09e/ACCOMMODATION/34107925_ACCOMMODATION_1651925372407_3e5e991a4714bf80?_src=imagekit&tr=c-at_max,h-100,q-40,w-100",,,,,,,,,,,,,,,,,,,
https://www.traveloka.com/id-id/user/review/consumption/HOTEL/GENERAL/1000000485924,2,36,"Pengalaman menginap di Meize, kamarnya kecil tapi bersih, kamar mandinya kecil juga. Tapi yang penting air panas dan AC dingin harga juga ramah di kantong, sarapan enak dan yang paling penting extra bed murmer. Bolehlah nginep di sini, untuk parkir ada free valet dari hotel.",Diulas 209 minggu lalu,"https://ik.imagekit.io/tvlk/ugc-review/guys1L+Yyer9kzI3sp-pb0CG1j2bhflZGFUZOoIf1YOBAm37kEUOKR41ieUZm7ZJ/ugc-photo-ap-southeast-1-581603780057-acd24e232f75f09e/ACCOMMODATION/22884334_ACCOMMODATION_1651623015631_84bdadbf59e9850b?_src=imagekit&tr=c-at_max,h-100,q-40,w-100",,,,,,,,,,,,,,,,,,,
https://www.traveloka.com/id-id/user/review/consumption/HOTEL/GENERAL/1000000485924,2,37,"Saya late check in jam 1 malam, sebelumnya sudah info by telpon, sampai kamar handuk tidak ada, kamar 114 bau apek, depan pintu kamar mandi banjir tidak tau air dari mana, tombol shower rusak, kamar 112 juga sama kaca kotor, AC bunyi, handuk kuning. Di depan kamar ada springbed dan meja. Jam 8 pagi langsung check out, dan saya sudah sampaikan di reception, semoga lebih di perhatikan biar tamu ngga kecewa.",Diulas 215 minggu lalu,"https://ik.imagekit.io/tvlk/ugc-review/guys1L+Yyer9kzI3sp-pb0CG1j2bhflZGFUZOoIf1YOBAm37kEUOKR41ieUZm7ZJ/ugc-photo-ap-southeast-1-581603780057-acd24e232f75f09e/ACCOMMODATION/7820332_ACCOMMODATION_1648099965104_aaca171495c678b6?_src=imagekit&tr=c-at_max,h-100,q-40,w-100",,,,,,,,,,,,,,,,,,,
https://www.traveloka.com/id-id/user/review/consumption/HOTEL/GENERAL/1000000485924,2,38,"Lantai kamarnya lengket ada sarang laba laba di atas, kamar mandinya kurang bersih dan awal masuk tidak ada handuk.",Diulas 216 minggu lalu,"https://ik.imagekit.io/tvlk/ugc-review/guys1L+Yyer9kzI3sp-pb0CG1j2bhflZGFUZOoIf1YOBAm37kEUOKR41ieUZm7ZJ/ugc-photo-ap-southeast-1-581603780057-acd24e232f75f09e/ACCOMMODATION/206685041_ACCOMMODATION_1647678144813_ea205f1080bd6cd8?_src=imagekit&tr=c-at_max,h-100,q-40,w-100","https://ik.imagekit.io/tvlk/ugc-review/guys1L+Yyer9kzI3sp-pb0CG1j2bhflZGFUZOoIf1YOBAm37kEUOKR41ieUZm7ZJ/ugc-photo-ap-southeast-1-581603780057-acd24e232f75f09e/ACCOMMODATION/206685041_ACCOMMODATION_1647678144813_7e0d95efe416c8fd?_src=imagekit&tr=c-at_max,h-100,q-40,w-100","https://ik.imagekit.io/tvlk/ugc-review/guys1L+Yyer9kzI3sp-pb0CG1j2bhflZGFUZOoIf1YOBAm37kEUOKR41ieUZm7ZJ/ugc-photo-ap-southeast-1-581603780057-acd24e232f75f09e/ACCOMMODATION/206685041_ACCOMMODATION_1647678144814_85dbc3865697bf7c?_src=imagekit&tr=c-at_max,h-100,q-40,w-100",,,,,,,,,,,,,,,,,
https://www.traveloka.com/id-id/user/review/consumption/HOTEL/GENERAL/1000000485924,2,39,"Dengan harga murah di weekend, sarapan lumayan banyak pilihan dan enak, kamar pun nyaman.",Diulas 219 minggu lalu,"https://ik.imagekit.io/tvlk/ugc-review/guys1L+Yyer9kzI3sp-pb0CG1j2bhflZGFUZOoIf1YOBAm37kEUOKR41ieUZm7ZJ/ugc-photo-ap-southeast-1-581603780057-acd24e232f75f09e/ACCOMMODATION/29086030_ACCOMMODATION_1646032514219_0c3146a049143934?_src=imagekit&tr=c-at_max,h-100,q-40,w-100",,,,,,,,,,,,,,,,,,,
https://www.traveloka.com/id-id/user/review/consumption/HOTEL/GENERAL/1000000485924,2,40,"Lokasi bagus, staf ramah, menu standar, kamar bersih dan secara keseluruhan oke.",Diulas 220 minggu lalu,"https://ik.imagekit.io/tvlk/ugc-review/guys1L+Yyer9kzI3sp-pb0CG1j2bhflZGFUZOoIf1YOBAm37kEUOKR41ieUZm7ZJ/ugc-photo-ap-southeast-1-581603780057-acd24e232f75f09e/ACCOMMODATION/13970017_ACCOMMODATION_1645420175976_36ebcfceb0836b38?_src=imagekit&tr=c-at_max,h-100,q-40,w-100","https://ik.imagekit.io/tvlk/ugc-review/guys1L+Yyer9kzI3sp-pb0CG1j2bhflZGFUZOoIf1YOBAm37kEUOKR41ieUZm7ZJ/ugc-photo-ap-southeast-1-581603780057-acd24e232f75f09e/ACCOMMODATION/13970017_ACCOMMODATION_1645420175977_9cd0a7e907721bcc?_src=imagekit&tr=c-at_max,h-100,q-40,w-100","https://ik.imagekit.io/tvlk/ugc-review/guys1L+Yyer9kzI3sp-pb0CG1j2bhflZGFUZOoIf1YOBAm37kEUOKR41ieUZm7ZJ/ugc-photo-ap-southeast-1-581603780057-acd24e232f75f09e/ACCOMMODATION/13970017_ACCOMMODATION_1645420175977_6f0b40755e1f30e9?_src=imagekit&tr=c-at_max,h-100,q-40,w-100","https://ik.imagekit.io/tvlk/ugc-review/guys1L+Yyer9kzI3sp-pb0CG1j2bhflZGFUZOoIf1YOBAm37kEUOKR41ieUZm7ZJ/ugc-photo-ap-southeast-1-581603780057-acd24e232f75f09e/ACCOMMODATION/13970017_ACCOMMODATION_1645420175977_e22d2ccf8f3539f9?_src=imagekit&tr=c-at_max,h-100,q-40,w-100",,,,,,,,,,,,,,,,
https://www.traveloka.com/id-id/user/review/consumption/HOTEL/GENERAL/1000000485924,3,1,"Menyenangkan hotel nya bagus dekat kemana-mana, harga oke",Diulas 220 minggu lalu,"https://ik.imagekit.io/tvlk/ugc-review/guys1L+Yyer9kzI3sp-pb0CG1j2bhflZGFUZOoIf1YOBAm37kEUOKR41ieUZm7ZJ/ugc-photo-ap-southeast-1-581603780057-acd24e232f75f09e/ACCOMMODATION/11984833_ACCOMMODATION_1645339452787_767f1394a9843155?_src=imagekit&tr=c-at_max,h-100,q-40,w-100",,,,,,,,,,,,,,,,,,,
https://www.traveloka.com/id-id/user/review/consumption/HOTEL/GENERAL/1000000485924,3,2,"Lantainya lengket dan kotor, kurang memuaskan. Dan pintu penghubungnya ngga double pintu, jadi kedengeran banget suara tetangga.",Diulas 221 minggu lalu,"https://ik.imagekit.io/tvlk/ugc-review/guys1L+Yyer9kzI3sp-pb0CG1j2bhflZGFUZOoIf1YOBAm37kEUOKR41ieUZm7ZJ/ugc-photo-ap-southeast-1-581603780057-acd24e232f75f09e/ACCOMMODATION/205253636_ACCOMMODATION_1644830127161_3520fdd639921a58?_src=imagekit&tr=c-at_max,h-100,q-40,w-100","https://ik.imagekit.io/tvlk/ugc-review/guys1L+Yyer9kzI3sp-pb0CG1j2bhflZGFUZOoIf1YOBAm37kEUOKR41ieUZm7ZJ/ugc-photo-ap-southeast-1-581603780057-acd24e232f75f09e/ACCOMMODATION/205253636_ACCOMMODATION_1644830274200_1083fd56dbf25c50?_src=imagekit&tr=c-at_max,h-100,q-40,w-100",,,,,,,,,,,,,,,,,,
https://www.traveloka.com/id-id/user/review/consumption/HOTEL/GENERAL/1000000485924,3,3,Pasti akan nginep di Meize setiap singgah di Bandung. Murah dengan kualitas yang super oke,Diulas 222 minggu lalu,"https://ik.imagekit.io/tvlk/ugc-review/guys1L+Yyer9kzI3sp-pb0CG1j2bhflZGFUZOoIf1YOBAm37kEUOKR41ieUZm7ZJ/ugc-photo-ap-southeast-1-581603780057-acd24e232f75f09e/ACCOMMODATION/19642469_ACCOMMODATION_1644218825536_9cb6de5700175919?_src=imagekit&tr=c-at_max,h-100,q-40,w-100",,,,,,,,,,,,,,,,,,,
https://www.traveloka.com/id-id/user/review/consumption/HOTEL/GENERAL/1000000485924,3,4,Hotel termurah dan terbaik yang pernah ada. Oke banget bisa dapet kenyamanan seperti ini di budget under 200k.,Diulas 222 minggu lalu,"https://ik.imagekit.io/tvlk/ugc-review/guys1L+Yyer9kzI3sp-pb0CG1j2bhflZGFUZOoIf1YOBAm37kEUOKR41ieUZm7ZJ/ugc-photo-ap-southeast-1-581603780057-acd24e232f75f09e/ACCOMMODATION/19642469_ACCOMMODATION_1644218732387_bbb3c2c005635dee?_src=imagekit&tr=c-at_max,h-100,q-40,w-100","https://ik.imagekit.io/tvlk/ugc-review/guys1L+Yyer9kzI3sp-pb0CG1j2bhflZGFUZOoIf1YOBAm37kEUOKR41ieUZm7ZJ/ugc-photo-ap-southeast-1-581603780057-acd24e232f75f09e/ACCOMMODATION/19642469_ACCOMMODATION_1644218732387_165574e0ec72c93d?_src=imagekit&tr=c-at_max,h-100,q-40,w-100","https://ik.imagekit.io/tvlk/ugc-review/guys1L+Yyer9kzI3sp-pb0CG1j2bhflZGFUZOoIf1YOBAm37kEUOKR41ieUZm7ZJ/ugc-photo-ap-southeast-1-581603780057-acd24e232f75f09e/ACCOMMODATION/19642469_ACCOMMODATION_1644218732388_c5acf110b1a70505?_src=imagekit&tr=c-at_max,h-100,q-40,w-100",,,,,,,,,,,,,,,,,
https://www.traveloka.com/id-id/user/review/consumption/HOTEL/GENERAL/1000000485924,3,5,Kurang bersih kamar tidur dan kamar mandinya.,Diulas 225 minggu lalu,"https://ik.imagekit.io/tvlk/ugc-review/guys1L+Yyer9kzI3sp-pb0CG1j2bhflZGFUZOoIf1YOBAm37kEUOKR41ieUZm7ZJ/ugc-photo-ap-southeast-1-581603780057-acd24e232f75f09e/ACCOMMODATION/6806818_ACCOMMODATION_1642174227763_fe759aa8af953449?_src=imagekit&tr=c-at_max,h-100,q-40,w-100",,,,,,,,,,,,,,,,,,,
https://www.traveloka.com/id-id/user/review/consumption/HOTEL/GENERAL/1000000485924,3,6,"Susah parkir, spre kotor kayak yang di foto dan ada sarang laba-laba, shower mepet banget sama dinding buat mandi susah kejedug terus, beberapa karyawan tidak pake masker & beberapa karyawan maskernya di simpen di dagu, kasur sama pintu WC jaraknya deket jadi harus hati-hati tiap keluar wc kalau tidak kejedug terus kakinya sama kasur, pengunjung yang dateng juga banyak yang tidak pake masker dan tidak di tegur",Diulas 227 minggu lalu,"https://ik.imagekit.io/tvlk/ugc-review/guys1L+Yyer9kzI3sp-pb0CG1j2bhflZGFUZOoIf1YOBAm37kEUOKR41ieUZm7ZJ/ugc-photo-ap-southeast-1-581603780057-acd24e232f75f09e/ACCOMMODATION/151175237_ACCOMMODATION_1641015232473_14ba3664aeada8e2?_src=imagekit&tr=c-at_max,h-100,q-40,w-100",,,,,,,,,,,,,,,,,,,
https://www.traveloka.com/id-id/user/review/consumption/HOTEL/GENERAL/1000000485924,3,7,"Kamar, toilet nya kotor, bantalnya kempes. Hotel ini tidak terawat. Saatnya untuk d renovasi.",Diulas 233 minggu lalu,"https://ik.imagekit.io/tvlk/ugc-review/guys1L+Yyer9kzI3sp-pb0CG1j2bhflZGFUZOoIf1YOBAm37kEUOKR41ieUZm7ZJ/ugc-photo-ap-southeast-1-581603780057-acd24e232f75f09e/ACCOMMODATION/10957075_ACCOMMODATION_1637319052138_480880b812933f17?_src=imagekit&tr=c-at_max,h-80,q-40,w-80","https://ik.imagekit.io/tvlk/ugc-review/guys1L+Yyer9kzI3sp-pb0CG1j2bhflZGFUZOoIf1YOBAm37kEUOKR41ieUZm7ZJ/ugc-photo-ap-southeast-1-581603780057-acd24e232f75f09e/ACCOMMODATION/10957075_ACCOMMODATION_1637319111787_1fb141374e1ae7b9?_src=imagekit&tr=c-at_max,h-80,q-40,w-80","https://ik.imagekit.io/tvlk/ugc-review/guys1L+Yyer9kzI3sp-pb0CG1j2bhflZGFUZOoIf1YOBAm37kEUOKR41ieUZm7ZJ/ugc-photo-ap-southeast-1-581603780057-acd24e232f75f09e/ACCOMMODATION/10957075_ACCOMMODATION_1637319204153_0128477b110979b2?_src=imagekit&tr=c-at_max,h-80,q-40,w-80","https://ik.imagekit.io/tvlk/ugc-review/guys1L+Yyer9kzI3sp-pb0CG1j2bhflZGFUZOoIf1YOBAm37kEUOKR41ieUZm7ZJ/ugc-photo-ap-southeast-1-581603780057-acd24e232f75f09e/ACCOMMODATION/10957075_ACCOMMODATION_1637319249129_4866e73842f5aeff?_src=imagekit&tr=c-at_max,h-80,q-40,w-80","https://ik.imagekit.io/tvlk/ugc-review/guys1L+Yyer9kzI3sp-pb0CG1j2bhflZGFUZOoIf1YOBAm37kEUOKR41ieUZm7ZJ/ugc-photo-ap-southeast-1-581603780057-acd24e232f75f09e/ACCOMMODATION/10957075_ACCOMMODATION_1637319297720_c6e7a8c179151183?_src=imagekit&tr=c-at_max,h-80,q-40,w-80","https://ik.imagekit.io/tvlk/ugc-review/guys1L+Yyer9kzI3sp-pb0CG1j2bhflZGFUZOoIf1YOBAm37kEUOKR41ieUZm7ZJ/ugc-photo-ap-southeast-1-581603780057-acd24e232f75f09e/ACCOMMODATION/10957075_ACCOMMODATION_1637330614675_72bf2935e445a5e6?_src=imagekit&tr=c-at_max,h-80,q-40,w-80","https://ik.imagekit.io/tvlk/ugc-review/guys1L+Yyer9kzI3sp-pb0CG1j2bhflZGFUZOoIf1YOBAm37kEUOKR41ieUZm7ZJ/ugc-photo-ap-southeast-1-581603780057-acd24e232f75f09e/ACCOMMODATION/10957075_ACCOMMODATION_1637330659248_7095aa43eb4c063b?_src=imagekit&tr=c-at_max,h-80,q-40,w-80",,,,,,,,,,,,,
https://www.traveloka.com/id-id/user/review/consumption/HOTEL/GENERAL/1000000485924,3,8,"Hotel yang alhamdulillah deket banget sama Masjid jadi enak buat tarawih selama ramadhan. Ada ATM juga di lobby hotel jadi nggak usah jauh-jauh. Deket juga mau ke Pusat Kota, Gedung Sate dan Museum Geologi. Alhamdulillah.",Diulas 264 minggu lalu,"https://ik.imagekit.io/tvlk/ugc-review/guys1L+Yyer9kzI3sp-pb0CG1j2bhflZGFUZOoIf1YOBAm37kEUOKR41ieUZm7ZJ/ugc-photo-ap-southeast-1-581603780057-acd24e232f75f09e/ACCOMMODATION/3892666_ACCOMMODATION_1618643853308_c5afc2fc02fede76?_src=imagekit&tr=c-at_max,h-100,q-40,w-100","https://ik.imagekit.io/tvlk/ugc-review/guys1L+Yyer9kzI3sp-pb0CG1j2bhflZGFUZOoIf1YOBAm37kEUOKR41ieUZm7ZJ/ugc-photo-ap-southeast-1-581603780057-acd24e232f75f09e/ACCOMMODATION/3892666_ACCOMMODATION_1618643903822_154200aaab619260?_src=imagekit&tr=c-at_max,h-100,q-40,w-100",,,,,,,,,,,,,,,,,,
https://www.traveloka.com/id-id/user/review/consumption/HOTEL/GENERAL/1000000485924,3,9,hampir sempurna! Akan lebih sempurna jika tidak ada bau asap saat pertama kali masuk kamar. Maaf saya masih mencium baunya padahal saya pakai topeng :(,Diulas 270 minggu lalu,"https://ik.imagekit.io/tvlk/ugc-review/guys1L+Yyer9kzI3sp-pb0CG1j2bhflZGFUZOoIf1YOBAm37kEUOKR41ieUZm7ZJ/ugc-photo-ap-southeast-1-581603780057-acd24e232f75f09e/ACCOMMODATION/5059460_ACCOMMODATION_1614685891722_c04d9fb71139e28b?_src=imagekit&tr=c-at_max,h-100,q-40,w-100",,,,,,,,,,,,,,,,,,,
https://www.traveloka.com/id-id/user/review/consumption/HOTEL/GENERAL/1000000485924,3,10,"direkomendasikan untuk pasangan & keluarga. lokasi strategis, harga kamar terjangkau, kamar bersih, ruang kamar cukup, staf cukup ramah, tapi tempat parkir terbatas",Diulas 275 minggu lalu,"https://ik.imagekit.io/tvlk/ugc-review/guys1L+Yyer9kzI3sp-pb0CG1j2bhflZGFUZOoIf1YOBAm37kEUOKR41ieUZm7ZJ/ugc-photo-ap-southeast-1-581603780057-acd24e232f75f09e/ACCOMMODATION/171550097_ACCOMMODATION_1612061564568_dca2f6e2dd1198d3?_src=imagekit&tr=c-at_max,h-100,q-40,w-100",,,,,,,,,,,,,,,,,,,
https://www.traveloka.com/id-id/user/review/consumption/HOTEL/GENERAL/1000000485924,3,11,Saya sangat senang karena staf di lobi banyak membantu saya. Suka warna interior. Kamar tidurnya cukup besar. Kamar mandi menyediakan wastafel dan shower dengan air panas. Sayangnya pemanas air minum di kamar saya rusak sehingga tidak bisa digunakan dengan baik,Diulas 284 minggu lalu,"https://ik.imagekit.io/tvlk/ugc-review/guys1L+Yyer9kzI3sp-pb0CG1j2bhflZGFUZOoIf1YOBAm37kEUOKR41ieUZm7ZJ/ugc-photo-ap-southeast-1-581603780057-acd24e232f75f09e/ACCOMMODATION/92822965_ACCOMMODATION_1606561577898_8192c4d26755f081?_src=imagekit&tr=c-at_max,h-100,q-40,w-100","https://ik.imagekit.io/tvlk/ugc-review/guys1L+Yyer9kzI3sp-pb0CG1j2bhflZGFUZOoIf1YOBAm37kEUOKR41ieUZm7ZJ/ugc-photo-ap-southeast-1-581603780057-acd24e232f75f09e/ACCOMMODATION/92822965_ACCOMMODATION_1606561577898_d421a2714d5177a4?_src=imagekit&tr=c-at_max,h-100,q-40,w-100","https://ik.imagekit.io/tvlk/ugc-review/guys1L+Yyer9kzI3sp-pb0CG1j2bhflZGFUZOoIf1YOBAm37kEUOKR41ieUZm7ZJ/ugc-photo-ap-southeast-1-581603780057-acd24e232f75f09e/ACCOMMODATION/92822965_ACCOMMODATION_1606561577899_3655dc5f91488bdb?_src=imagekit&tr=c-at_max,h-100,q-40,w-100",,,,,,,,,,,,,,,,,
https://www.traveloka.com/id-id/user/review/consumption/HOTEL/GENERAL/1000000485924,3,12,"Slow respon atas pengaduan, menunggu sampai 2 jam tidak ada tindak lanjut",Diulas 285 minggu lalu,"https://ik.imagekit.io/tvlk/ugc-review/guys1L+Yyer9kzI3sp-pb0CG1j2bhflZGFUZOoIf1YOBAm37kEUOKR41ieUZm7ZJ/ugc-photo-ap-southeast-1-581603780057-acd24e232f75f09e/ACCOMMODATION/91485167_ACCOMMODATION_1606025989985_ee89471ad282b309?_src=imagekit&tr=c-at_max,h-100,q-40,w-100",,,,,,,,,,,,,,,,,,,
https://www.traveloka.com/id-id/user/review/consumption/HOTEL/GENERAL/1000000485924,3,13,"Setiap liburan di Bandung selalu menginap di meize hotel, lokasi sangat strategis ada di pusat kota, Namun sangat disayangkan semenjak pandemi covid breakfast langsung diantar ke kamar masing-masing dan menunya sangat sederhana banget. Tapi untuk sejauh ini pelayanan masih oke.",Diulas 289 minggu lalu,"https://ik.imagekit.io/tvlk/ugc-review/guys1L+Yyer9kzI3sp-pb0CG1j2bhflZGFUZOoIf1YOBAm37kEUOKR41ieUZm7ZJ/ugc-photo-ap-southeast-1-581603780057-acd24e232f75f09e/ACCOMMODATION/16599513_ACCOMMODATION_1603595708162_67476905c484dc50?_src=imagekit&tr=c-at_max,h-100,q-40,w-100","https://ik.imagekit.io/tvlk/ugc-review/guys1L+Yyer9kzI3sp-pb0CG1j2bhflZGFUZOoIf1YOBAm37kEUOKR41ieUZm7ZJ/ugc-photo-ap-southeast-1-581603780057-acd24e232f75f09e/ACCOMMODATION/16599513_ACCOMMODATION_1603595708162_557a8602bae1f7f2?_src=imagekit&tr=c-at_max,h-100,q-40,w-100","https://ik.imagekit.io/tvlk/ugc-review/guys1L+Yyer9kzI3sp-pb0CG1j2bhflZGFUZOoIf1YOBAm37kEUOKR41ieUZm7ZJ/ugc-photo-ap-southeast-1-581603780057-acd24e232f75f09e/ACCOMMODATION/16599513_ACCOMMODATION_1603595708162_3e3eafc2bd8801fa?_src=imagekit&tr=c-at_max,h-100,q-40,w-100",,,,,,,,,,,,,,,,,
https://www.traveloka.com/id-id/user/review/consumption/HOTEL/GENERAL/1000000485924,3,14,"Lokasi cukup mudah dijangkau, harga terjangkau, kamar tidur dan kamar mandi nyaman namun banyak tamu yang berisik di koridor kamar dan lobby lift. Bukan salah hotelnya, salah tamu hotelnya, tapi tetap saja sedikit mengurangi ketenangan.",Diulas 290 minggu lalu,"https://ik.imagekit.io/tvlk/ugc-review/guys1L+Yyer9kzI3sp-pb0CG1j2bhflZGFUZOoIf1YOBAm37kEUOKR41ieUZm7ZJ/ugc-photo-ap-southeast-1-581603780057-acd24e232f75f09e/ACCOMMODATION/7347103_ACCOMMODATION_1602762576220_e1e99de4d12e5e3c?_src=imagekit&tr=c-at_max,h-100,q-40,w-100","https://ik.imagekit.io/tvlk/ugc-review/guys1L+Yyer9kzI3sp-pb0CG1j2bhflZGFUZOoIf1YOBAm37kEUOKR41ieUZm7ZJ/ugc-photo-ap-southeast-1-581603780057-acd24e232f75f09e/ACCOMMODATION/7347103_ACCOMMODATION_1602762670056_4d35fa2e5d12cebc?_src=imagekit&tr=c-at_max,h-100,q-40,w-100",,,,,,,,,,,,,,,,,,
https://www.traveloka.com/id-id/user/review/consumption/HOTEL/GENERAL/1000000485924,3,15,"Cocok buat liburan keluarga untuk menginap di hotel meize fasilitas yang oke, harga terjangkau juga.",Diulas 296 minggu lalu,"https://ik.imagekit.io/tvlk/ugc-review/guys1L+Yyer9kzI3sp-pb0CG1j2bhflZGFUZOoIf1YOBAm37kEUOKR41ieUZm7ZJ/ugc-photo-ap-southeast-1-581603780057-acd24e232f75f09e/ACCOMMODATION/175956507_ACCOMMODATION_1599532091359_fe44316baee64da3?_src=imagekit&tr=c-at_max,h-100,q-40,w-100","https://ik.imagekit.io/tvlk/ugc-review/guys1L+Yyer9kzI3sp-pb0CG1j2bhflZGFUZOoIf1YOBAm37kEUOKR41ieUZm7ZJ/ugc-photo-ap-southeast-1-581603780057-acd24e232f75f09e/ACCOMMODATION/175956507_ACCOMMODATION_1599532091359_1000abb8e67c00db?_src=imagekit&tr=c-at_max,h-100,q-40,w-100",,,,,,,,,,,,,,,,,,
https://www.traveloka.com/id-id/user/review/consumption/HOTEL/GENERAL/1000000485924,3,16,"Fasilitas dan kebersihan baik sebenarnya dengan harga cukup murah. Tapi yang bikin kecewa adalah distribusi sarapan. Karena covid sarapannya diantar ke kamar, tapi baru diantar jam 9.30 itu juga setelah ditelfon 3 kali, padahal jam 7.30 saat ditanya sarapannya bagaimana, Front officenya bilang sebentar lagi akan diantar. Menunggu 2 jam tidak sebentar ya.",Diulas 299 minggu lalu,"https://ik.imagekit.io/tvlk/ugc-review/guys1L+Yyer9kzI3sp-pb0CG1j2bhflZGFUZOoIf1YOBAm37kEUOKR41ieUZm7ZJ/ugc-photo-ap-southeast-1-581603780057-acd24e232f75f09e/ACCOMMODATION/80802562_ACCOMMODATION_1597554306840_8c6c632274354ee4?_src=imagekit&tr=c-at_max,h-100,q-40,w-100",,,,,,,,,,,,,,,,,,,
https://www.traveloka.com/id-id/user/review/consumption/HOTEL/GENERAL/1000000485924,3,17,"Kamar hotel bersih, lokasinya strategis.",Diulas 301 minggu lalu,"https://ik.imagekit.io/tvlk/ugc-review/guys1L+Yyer9kzI3sp-pb0CG1j2bhflZGFUZOoIf1YOBAm37kEUOKR41ieUZm7ZJ/ugc-photo-ap-southeast-1-581603780057-acd24e232f75f09e/ACCOMMODATION/13302828_ACCOMMODATION_1596037648881_fe91c5b7a0129a0e?_src=imagekit&tr=c-at_max,h-100,q-40,w-100",,,,,,,,,,,,,,,,,,,
https://www.traveloka.com/id-id/user/review/consumption/HOTEL/GENERAL/1000000485924,3,18,"Hotel yang nyaman, pelayanannya ramah, cuma saran lebih dirawat lagi fasilitasnya.",Diulas 318 minggu lalu,"https://ik.imagekit.io/tvlk/ugc-review/guys1L+Yyer9kzI3sp-pb0CG1j2bhflZGFUZOoIf1YOBAm37kEUOKR41ieUZm7ZJ/ugc-photo-ap-southeast-1-581603780057-acd24e232f75f09e/ACCOMMODATION/30192643_ACCOMMODATION_1585802997237_f5f49ff8e031bd15?_src=imagekit&tr=c-at_max,h-100,q-40,w-100","https://ik.imagekit.io/tvlk/ugc-review/guys1L+Yyer9kzI3sp-pb0CG1j2bhflZGFUZOoIf1YOBAm37kEUOKR41ieUZm7ZJ/ugc-photo-ap-southeast-1-581603780057-acd24e232f75f09e/ACCOMMODATION/30192643_ACCOMMODATION_1585802997238_dff9a82778e542eb?_src=imagekit&tr=c-at_max,h-100,q-40,w-100",,,,,,,,,,,,,,,,,,
https://www.traveloka.com/id-id/user/review/consumption/HOTEL/GENERAL/1000000485924,3,19,"Nyaman dan bersih, sesuai pesanan dan gambar sesuai, sandalnya lucu banget disini, senang pokoknya menginap di meize",Diulas 322 minggu lalu,"https://ik.imagekit.io/tvlk/ugc-review/guys1L+Yyer9kzI3sp-pb0CG1j2bhflZGFUZOoIf1YOBAm37kEUOKR41ieUZm7ZJ/ugc-photo-ap-southeast-1-581603780057-acd24e232f75f09e/ACCOMMODATION/14542864_ACCOMMODATION_1583675868237_30594ebf85a81d1f?_src=imagekit&tr=c-at_max,h-100,q-40,w-100",,,,,,,,,,,,,,,,,,,
https://www.traveloka.com/id-id/user/review/consumption/HOTEL/GENERAL/1000000485924,3,20,Letak hotel yang strategis memudahkan untuk kemana saja plus sarapan dan view from sky floornya sangat menakjubkan.,Diulas 322 minggu lalu,"https://ik.imagekit.io/tvlk/ugc-review/guys1L+Yyer9kzI3sp-pb0CG1j2bhflZGFUZOoIf1YOBAm37kEUOKR41ieUZm7ZJ/ugc-photo-ap-southeast-1-581603780057-acd24e232f75f09e/ACCOMMODATION/9178281_ACCOMMODATION_1583225519798_2e070ecf67b42ece?_src=imagekit&tr=c-at_max,h-100,q-40,w-100","https://ik.imagekit.io/tvlk/ugc-review/guys1L+Yyer9kzI3sp-pb0CG1j2bhflZGFUZOoIf1YOBAm37kEUOKR41ieUZm7ZJ/ugc-photo-ap-southeast-1-581603780057-acd24e232f75f09e/ACCOMMODATION/9178281_ACCOMMODATION_1583225533040_138f053941099af8?_src=imagekit&tr=c-at_max,h-100,q-40,w-100","https://ik.imagekit.io/tvlk/ugc-review/guys1L+Yyer9kzI3sp-pb0CG1j2bhflZGFUZOoIf1YOBAm37kEUOKR41ieUZm7ZJ/ugc-photo-ap-southeast-1-581603780057-acd24e232f75f09e/ACCOMMODATION/9178281_ACCOMMODATION_1583225545191_140a5d71719a83be?_src=imagekit&tr=c-at_max,h-100,q-40,w-100","https://ik.imagekit.io/tvlk/ugc-review/guys1L+Yyer9kzI3sp-pb0CG1j2bhflZGFUZOoIf1YOBAm37kEUOKR41ieUZm7ZJ/ugc-photo-ap-southeast-1-581603780057-acd24e232f75f09e/ACCOMMODATION/9178281_ACCOMMODATION_1583225554592_4ddb79685bb9c111?_src=imagekit&tr=c-at_max,h-100,q-40,w-100",,,,,,,,,,,,,,,,
https://www.traveloka.com/id-id/user/review/consumption/HOTEL/GENERAL/1000000485924,3,21,"Kamarnya nyaman, ya walaupun agak sempit, namun pas dengan budget. Sarapannya selama 3 hari menunya tidak berubah, namun dapat dikatakan enak. Pemandangan dari lantai paling atas tempat sarapannya sangat bagus. pelayanan bagus, pulang main tiba-tiba kamar sudah dibersihkan saja.",Diulas 326 minggu lalu,"https://ik.imagekit.io/tvlk/ugc-review/guys1L+Yyer9kzI3sp-pb0CG1j2bhflZGFUZOoIf1YOBAm37kEUOKR41ieUZm7ZJ/ugc-photo-ap-southeast-1-581603780057-acd24e232f75f09e/ACCOMMODATION/18264976_ACCOMMODATION_1581185349215_cab5c85b499ded2c?_src=imagekit&tr=c-at_max,h-100,q-40,w-100",,,,,,,,,,,,,,,,,,,
https://www.traveloka.com/id-id/user/review/consumption/HOTEL/GENERAL/1000000485924,3,22,"Fasilitas semua standar. Kamar agak sempit sebetulnya. Sempat pindah kamar karena kamar sebelumnya AC tidak dingin sama sekali. saluran pembuangan macet, tapi receptionist amat ramah sekali.",Diulas 328 minggu lalu,"https://ik.imagekit.io/tvlk/ugc-review/guys1L+Yyer9kzI3sp-pb0CG1j2bhflZGFUZOoIf1YOBAm37kEUOKR41ieUZm7ZJ/ugc-photo-ap-southeast-1-581603780057-acd24e232f75f09e/ACCOMMODATION/19869164_ACCOMMODATION_1579662599698_5f5438ee254a3bba?_src=imagekit&tr=c-at_max,h-100,q-40,w-100",,,,,,,,,,,,,,,,,,,
https://www.traveloka.com/id-id/user/review/consumption/HOTEL/GENERAL/1000000485924,3,23,"Harga murah, lokasi pinggir jalan pusat kota tapi tidak terlalu bising. Kamar dan fasilitas minimalis tapi cukup nyaman untuk short stay, sarapan standar tapi cukup variatif.",Diulas 329 minggu lalu,"https://ik.imagekit.io/tvlk/ugc-review/guys1L+Yyer9kzI3sp-pb0CG1j2bhflZGFUZOoIf1YOBAm37kEUOKR41ieUZm7ZJ/ugc-photo-ap-southeast-1-581603780057-acd24e232f75f09e/ACCOMMODATION/37207600_ACCOMMODATION_1579053382122_7989d430e919a825?_src=imagekit&tr=c-at_max,h-100,q-40,w-100","https://ik.imagekit.io/tvlk/ugc-review/guys1L+Yyer9kzI3sp-pb0CG1j2bhflZGFUZOoIf1YOBAm37kEUOKR41ieUZm7ZJ/ugc-photo-ap-southeast-1-581603780057-acd24e232f75f09e/ACCOMMODATION/37207600_ACCOMMODATION_1579053382123_539c345e329446af?_src=imagekit&tr=c-at_max,h-100,q-40,w-100","https://ik.imagekit.io/tvlk/ugc-review/guys1L+Yyer9kzI3sp-pb0CG1j2bhflZGFUZOoIf1YOBAm37kEUOKR41ieUZm7ZJ/ugc-photo-ap-southeast-1-581603780057-acd24e232f75f09e/ACCOMMODATION/37207600_ACCOMMODATION_1579053382123_adae609eb5c93abe?_src=imagekit&tr=c-at_max,h-100,q-40,w-100",,,,,,,,,,,,,,,,,
https://www.traveloka.com/id-id/user/review/consumption/HOTEL/GENERAL/1000000485924,3,24,"Pelayanan oke kamar oke, walaupun keset mesti di pinta berkali-kali overall oke breakfastnya prasmanan ada nasi goreng, ayam, mie goreng, telor ceplok setengah matang, sereal, bubur ayam, rasanya lumayan. Saran saya sih kalau kesini lebih baik dengan breakfast sekalian karena selisih harganya tidak terlalu jauh sebelahan juga hotelnya sama indomaret jadi gampang kalo mau beli-beli something. Parkiran sempit dan buat cari makan di luar agak jauh-jauhan jaraknya. Tapi sekagi kan ada ojek online. Mestinya sih tidak masalah.",Diulas 329 minggu lalu,"https://ik.imagekit.io/tvlk/ugc-review/guys1L+Yyer9kzI3sp-pb0CG1j2bhflZGFUZOoIf1YOBAm37kEUOKR41ieUZm7ZJ/ugc-photo-ap-southeast-1-581603780057-acd24e232f75f09e/ACCOMMODATION/58822995_ACCOMMODATION_1579046506931_69de981eacd4ac98?_src=imagekit&tr=c-at_max,h-100,q-40,w-100",,,,,,,,,,,,,,,,,,,
https://www.traveloka.com/id-id/user/review/consumption/HOTEL/GENERAL/1000000485924,3,25,"Keamanan sangat membantu dengan layanan pelayan setidaknya mereka tahu bagaimana mengatur ruang parkir kecil. Harga ini masuk akal untuk hotel lokal bintang 3. Tempat tidur tenang nyaman kecuali untuk tempat tidur Holywood yang mereka buat menjadi tempat tidur raja. Ketika Anda tidur di tengah, punggung Anda akan terasa sakit. Mereka harus memberi tahu Anda sebelumnya jika mereka melakukannya karena saya tinggal di sana selama 2 Malam dan istirahat yang dalam. Tidak ada lagi Sandal hanya ditetapkan untuk satu dan bahkan Anda meminta tambahan mereka bahkan tidak memperhatikan. Makanan jadi begitu.",Diulas 331 minggu lalu,"https://ik.imagekit.io/tvlk/ugc-review/guys1L+Yyer9kzI3sp-pb0CG1j2bhflZGFUZOoIf1YOBAm37kEUOKR41ieUZm7ZJ/ugc-photo-ap-southeast-1-581603780057-acd24e232f75f09e/ACCOMMODATION/21701670_ACCOMMODATION_1578224825010_81ae11754996163c?_src=imagekit&tr=c-at_max,h-100,q-40,w-100",,,,,,,,,,,,,,,,,,,
https://www.traveloka.com/id-id/user/review/consumption/HOTEL/GENERAL/1000000485924,3,26,"Check in mudah, pelayanan baik, kondisi kamar + kamar mandi lumayan bersih... cuma saran aja, spreinya kalo bisa udah wktnya diganti, bersih sih tp warnanya udah gak putih bersih lg spt dulu sy pernah nginap, kemudian lantai sebaiknya disapu+dipel dgn bersih, krn kalo jln di dlm kmr tanpa sandal, masih terasa ngeresnya ditelapak kaki, walaupun secara kasat mata kelihatan bersih lantainya",Diulas 333 minggu lalu,"https://ik.imagekit.io/tvlk/ugc-review/guys1L+Yyer9kzI3sp-pb0CG1j2bhflZGFUZOoIf1YOBAm37kEUOKR41ieUZm7ZJ/ugc-photo-ap-southeast-1-581603780057-acd24e232f75f09e/ACCOMMODATION/10637057_ACCOMMODATION_1576991490510_5ef332f9dabe8bd0?_src=imagekit&tr=c-at_max,h-100,q-40,w-100",,,,,,,,,,,,,,,,,,,
https://www.traveloka.com/id-id/user/review/consumption/HOTEL/GENERAL/1000000485924,3,27,"Untuk harga segini termasuk oke, untuk saya yang hanya 2 orang cukup tapi kalau sudah punya anak menurut saya agak kurang besar. Aku ibu hamil penciuman sensitif banget jadi agak kecium asap rokok yang tidak hilang hilang, kamar mandi bersih, Untuk sarapan menunya standar dan untuk rasa biasa saja, pelayannya sangat bagus ramah-ramah.",Diulas 336 minggu lalu,"https://ik.imagekit.io/tvlk/ugc-review/guys1L+Yyer9kzI3sp-pb0CG1j2bhflZGFUZOoIf1YOBAm37kEUOKR41ieUZm7ZJ/ugc-photo-ap-southeast-1-581603780057-acd24e232f75f09e/ACCOMMODATION/32091093_ACCOMMODATION_1575160371153_72ab78abed487c27?_src=imagekit&tr=c-at_max,h-100,q-40,w-100",,,,,,,,,,,,,,,,,,,
https://www.traveloka.com/id-id/user/review/consumption/HOTEL/GENERAL/1000000485924,3,28,Staf sangat ramah dan membantu 😊 meskipun saya berharap mereka dapat menambahkan lebih banyak lampu di kamar karena saya merasa agak gelap di dalam 🤔 terima kasih atas layanan Anda yang baik 🤗,Diulas 337 minggu lalu,"https://ik.imagekit.io/tvlk/ugc-review/guys1L+Yyer9kzI3sp-pb0CG1j2bhflZGFUZOoIf1YOBAm37kEUOKR41ieUZm7ZJ/ugc-photo-ap-southeast-1-581603780057-acd24e232f75f09e/ACCOMMODATION/8942934_ACCOMMODATION_1574681374709_99355d1e3913ff07?_src=imagekit&tr=c-at_max,h-100,q-40,w-100",,,,,,,,,,,,,,,,,,,
https://www.traveloka.com/id-id/user/review/consumption/HOTEL/GENERAL/1000000485924,3,29,"Pelayanan baik, staf ramah, dan yang paling penting lokasi sangat strategis, yang tidak begitu suka keramaian, sangat direkomendasikan memilih hotel ini.",Diulas 343 minggu lalu,"https://ik.imagekit.io/tvlk/ugc-review/guys1L+Yyer9kzI3sp-pb0CG1j2bhflZGFUZOoIf1YOBAm37kEUOKR41ieUZm7ZJ/ugc-photo-ap-southeast-1-581603780057-acd24e232f75f09e/ACCOMMODATION/16136302_ACCOMMODATION_1570859743060_c577b786687e1f4c?_src=imagekit&tr=c-at_max,h-100,q-40,w-100","https://ik.imagekit.io/tvlk/ugc-review/guys1L+Yyer9kzI3sp-pb0CG1j2bhflZGFUZOoIf1YOBAm37kEUOKR41ieUZm7ZJ/ugc-photo-ap-southeast-1-581603780057-acd24e232f75f09e/ACCOMMODATION/16136302_ACCOMMODATION_1570859743061_4d21247a88048011?_src=imagekit&tr=c-at_max,h-100,q-40,w-100",,,,,,,,,,,,,,,,,,
https://www.traveloka.com/id-id/user/review/consumption/HOTEL/GENERAL/1000000485924,3,30,"Proses check in cepat. Tidak pakai deposit uang. Kunci kamar elektrik. Lift ke atas tidak pake akses. Dekat dengan masjid alkautsar bisa untuk solat berjamaah. Sebelahnya ada indomaret. Di lobby hotel ada atm bersama link pecahan 50 ribuan. Air panas lancar. Tidak tiba-tiba panas atau dingin sperti ulasan sebelomnya. Saya dan istri stay 2 malam, kamar dibersihkan. Ada ketel air dan gelas. Tapi tidak ada kopi sachet atau gula. Pas check in masuk kamar belom ada handuk. Tapi gak masalah kita tinggal minta sama staff hotelnya. Di kamar ada tv channel k vision bisa nonton fox crime film china film india celestical movie ditambah siaran lokal. Saya pinjam setrikaan hairdryer dan sarung mukenah dan sajadah, free. Pelayanan staff cepat. Bisa titip koper setelah check out, free. Lobby hotel lumayan besar ada meja bangku untuk nunggu setelah check out. Sarapannya lumayan variasi bagus untuk harga di 300 ribuan, kalo mau lengkap makan di mall aja, mau enak tapi murah. Wkwkkwkw. Sarapannya terdiri dari nasi putih, nasi goreng, kwetiaw, ayam sayur, roti plus selai kacang coklat, susu koko krunch, buah-buahan, bubur, air mineral, teh manis hangat dan dingin, tahu tempe mendoan. Kalo tanpa sarapan di aplikasi bisa dapat harga sekitar 250 ribuan. Luas kamar memang tidak luas tapi dengan harga yang ditawarkan dan kebersihannya baik yah.",Diulas 347 minggu lalu,"https://ik.imagekit.io/tvlk/ugc-review/guys1L+Yyer9kzI3sp-pb0CG1j2bhflZGFUZOoIf1YOBAm37kEUOKR41ieUZm7ZJ/ugc-photo-ap-southeast-1-581603780057-acd24e232f75f09e/ACCOMMODATION/101659129_ACCOMMODATION_1568427616962_4085e707a4e1bb36?_src=imagekit&tr=c-at_max,h-80,q-40,w-80","https://ik.imagekit.io/tvlk/ugc-review/guys1L+Yyer9kzI3sp-pb0CG1j2bhflZGFUZOoIf1YOBAm37kEUOKR41ieUZm7ZJ/ugc-photo-ap-southeast-1-581603780057-acd24e232f75f09e/ACCOMMODATION/101659129_ACCOMMODATION_1568427616962_4333244dca1237a5?_src=imagekit&tr=c-at_max,h-80,q-40,w-80","https://ik.imagekit.io/tvlk/ugc-review/guys1L+Yyer9kzI3sp-pb0CG1j2bhflZGFUZOoIf1YOBAm37kEUOKR41ieUZm7ZJ/ugc-photo-ap-southeast-1-581603780057-acd24e232f75f09e/ACCOMMODATION/101659129_ACCOMMODATION_1568427616962_963b67fe42fbb151?_src=imagekit&tr=c-at_max,h-80,q-40,w-80","https://ik.imagekit.io/tvlk/ugc-review/guys1L+Yyer9kzI3sp-pb0CG1j2bhflZGFUZOoIf1YOBAm37kEUOKR41ieUZm7ZJ/ugc-photo-ap-southeast-1-581603780057-acd24e232f75f09e/ACCOMMODATION/101659129_ACCOMMODATION_1568427616962_db6d756d5991c5b1?_src=imagekit&tr=c-at_max,h-80,q-40,w-80","https://ik.imagekit.io/tvlk/ugc-review/guys1L+Yyer9kzI3sp-pb0CG1j2bhflZGFUZOoIf1YOBAm37kEUOKR41ieUZm7ZJ/ugc-photo-ap-southeast-1-581603780057-acd24e232f75f09e/ACCOMMODATION/101659129_ACCOMMODATION_1568427616963_f678e0234bd650e6?_src=imagekit&tr=c-at_max,h-80,q-40,w-80","https://ik.imagekit.io/tvlk/ugc-review/guys1L+Yyer9kzI3sp-pb0CG1j2bhflZGFUZOoIf1YOBAm37kEUOKR41ieUZm7ZJ/ugc-photo-ap-southeast-1-581603780057-acd24e232f75f09e/ACCOMMODATION/101659129_ACCOMMODATION_1568427616963_32e520a2e45c73ed?_src=imagekit&tr=c-at_max,h-80,q-40,w-80","https://ik.imagekit.io/tvlk/ugc-review/guys1L+Yyer9kzI3sp-pb0CG1j2bhflZGFUZOoIf1YOBAm37kEUOKR41ieUZm7ZJ/ugc-photo-ap-southeast-1-581603780057-acd24e232f75f09e/ACCOMMODATION/101659129_ACCOMMODATION_1568427616963_d7b5a593339f51ea?_src=imagekit&tr=c-at_max,h-80,q-40,w-80","https://ik.imagekit.io/tvlk/ugc-review/guys1L+Yyer9kzI3sp-pb0CG1j2bhflZGFUZOoIf1YOBAm37kEUOKR41ieUZm7ZJ/ugc-photo-ap-southeast-1-581603780057-acd24e232f75f09e/ACCOMMODATION/101659129_ACCOMMODATION_1568427616963_df8cebd51cd69e19?_src=imagekit&tr=c-at_max,h-80,q-40,w-80","https://ik.imagekit.io/tvlk/ugc-review/guys1L+Yyer9kzI3sp-pb0CG1j2bhflZGFUZOoIf1YOBAm37kEUOKR41ieUZm7ZJ/ugc-photo-ap-southeast-1-581603780057-acd24e232f75f09e/ACCOMMODATION/101659129_ACCOMMODATION_1568427616964_3acbffca512bc2b4?_src=imagekit&tr=c-at_max,h-80,q-40,w-80",,,,,,,,,,,
https://www.traveloka.com/id-id/user/review/consumption/HOTEL/GENERAL/1000000485924,3,31,"WiFi di hotel lemot, bedcover bau iler kaya tidak diganti. Kotor juga, exhaust mati, semprotan air shower juga terlalu dekat, kamar mandi sempit.",Diulas 352 minggu lalu,"https://ik.imagekit.io/tvlk/ugc-review/guys1L+Yyer9kzI3sp-pb0CG1j2bhflZGFUZOoIf1YOBAm37kEUOKR41ieUZm7ZJ/ugc-photo-ap-southeast-1-581603780057-acd24e232f75f09e/ACCOMMODATION/79411008_ACCOMMODATION_1565456265055_23515f41036de0b7?_src=imagekit&tr=c-at_max,h-100,q-40,w-100",,,,,,,,,,,,,,,,,,,
https://www.traveloka.com/id-id/user/review/consumption/HOTEL/GENERAL/1000000485924,3,32,Sangat memuaskan untuk apalagi untuk bulan madu.,Diulas 353 minggu lalu,"https://ik.imagekit.io/tvlk/ugc-review/guys1L+Yyer9kzI3sp-pb0CG1j2bhflZGFUZOoIf1YOBAm37kEUOKR41ieUZm7ZJ/ugc-photo-ap-southeast-1-581603780057-acd24e232f75f09e/ACCOMMODATION/111569694_ACCOMMODATION_1564707029040_68253b5c4e780aac?_src=imagekit&tr=c-at_max,h-100,q-40,w-100",,,,,,,,,,,,,,,,,,,
https://www.traveloka.com/id-id/user/review/consumption/HOTEL/GENERAL/1000000485924,3,33,"Dekat balaikota Bandung dan jalan asia afrika lokasi strategis, kalau pagi depan dan sampingnya ada banyak jual makanan, kamar dan fotonya sesuai, Kebersihannya lumayan bersih, dapat slipper.",Diulas 357 minggu lalu,"https://ik.imagekit.io/tvlk/ugc-review/guys1L+Yyer9kzI3sp-pb0CG1j2bhflZGFUZOoIf1YOBAm37kEUOKR41ieUZm7ZJ/ugc-photo-ap-southeast-1-581603780057-acd24e232f75f09e/ACCOMMODATION/15441252_ACCOMMODATION_1562638469064_424eb2c9022747eb?_src=imagekit&tr=c-at_max,h-100,q-40,w-100","https://ik.imagekit.io/tvlk/ugc-review/guys1L+Yyer9kzI3sp-pb0CG1j2bhflZGFUZOoIf1YOBAm37kEUOKR41ieUZm7ZJ/ugc-photo-ap-southeast-1-581603780057-acd24e232f75f09e/ACCOMMODATION/15441252_ACCOMMODATION_1562638469065_88a8b88923259320?_src=imagekit&tr=c-at_max,h-100,q-40,w-100","https://ik.imagekit.io/tvlk/ugc-review/guys1L+Yyer9kzI3sp-pb0CG1j2bhflZGFUZOoIf1YOBAm37kEUOKR41ieUZm7ZJ/ugc-photo-ap-southeast-1-581603780057-acd24e232f75f09e/ACCOMMODATION/15441252_ACCOMMODATION_1562638469065_f63649cec3a016a9?_src=imagekit&tr=c-at_max,h-100,q-40,w-100","https://ik.imagekit.io/tvlk/ugc-review/guys1L+Yyer9kzI3sp-pb0CG1j2bhflZGFUZOoIf1YOBAm37kEUOKR41ieUZm7ZJ/ugc-photo-ap-southeast-1-581603780057-acd24e232f75f09e/ACCOMMODATION/15441252_ACCOMMODATION_1562638469065_894519d2f46cd30a?_src=imagekit&tr=c-at_max,h-100,q-40,w-100","https://ik.imagekit.io/tvlk/ugc-review/guys1L+Yyer9kzI3sp-pb0CG1j2bhflZGFUZOoIf1YOBAm37kEUOKR41ieUZm7ZJ/ugc-photo-ap-southeast-1-581603780057-acd24e232f75f09e/ACCOMMODATION/15441252_ACCOMMODATION_1562638469065_700179d8040db717?_src=imagekit&tr=c-at_max,h-100,q-40,w-100",,,,,,,,,,,,,,,
https://www.traveloka.com/id-id/user/review/consumption/HOTEL/GENERAL/1000000485924,3,34,"Pertama kali mencoba menginap di Meize Hotel! kesan pertama sangat memuaskan. Dari segi lokasi yang mudah ditemukan dari maps, kenyamanan kamar dan kebersihan juga sangat memuaskan. Menu sarapan berganti dan rasa yang enak untuk harga kamar yang terjangkau. Next time pasti akan kembali lagi ke Meize Hotel.",Diulas 360 minggu lalu,"https://ik.imagekit.io/tvlk/ugc-review/guys1L+Yyer9kzI3sp-pb0CG1j2bhflZGFUZOoIf1YOBAm37kEUOKR41ieUZm7ZJ/ugc-photo-ap-southeast-1-581603780057-acd24e232f75f09e/ACCOMMODATION/11321232_ACCOMMODATION_1560336602538_25c864b34fc1b948?_src=imagekit&tr=c-at_max,h-100,q-40,w-100","https://ik.imagekit.io/tvlk/ugc-review/guys1L+Yyer9kzI3sp-pb0CG1j2bhflZGFUZOoIf1YOBAm37kEUOKR41ieUZm7ZJ/ugc-photo-ap-southeast-1-581603780057-acd24e232f75f09e/ACCOMMODATION/11321232_ACCOMMODATION_1560336602538_e6e31ea064015ed5?_src=imagekit&tr=c-at_max,h-100,q-40,w-100",,,,,,,,,,,,,,,,,,
https://www.traveloka.com/id-id/user/review/consumption/HOTEL/GENERAL/1000000485924,3,35,"Tempat bersih, security ramah, cs ramah, kamar bersih dan nyaman 😍",Diulas 362 minggu lalu,"https://ik.imagekit.io/tvlk/ugc-review/guys1L+Yyer9kzI3sp-pb0CG1j2bhflZGFUZOoIf1YOBAm37kEUOKR41ieUZm7ZJ/ugc-photo-ap-southeast-1-581603780057-acd24e232f75f09e/ACCOMMODATION/0_ACCOMMODATION_1559438012228_05b7adc395d8d727?_src=imagekit&tr=c-at_max,h-100,q-40,w-100","https://ik.imagekit.io/tvlk/ugc-review/guys1L+Yyer9kzI3sp-pb0CG1j2bhflZGFUZOoIf1YOBAm37kEUOKR41ieUZm7ZJ/ugc-photo-ap-southeast-1-581603780057-acd24e232f75f09e/ACCOMMODATION/0_ACCOMMODATION_1559438223410_5bc0f717bab14c0b?_src=imagekit&tr=c-at_max,h-100,q-40,w-100",,,,,,,,,,,,,,,,,,
https://www.traveloka.com/id-id/user/review/consumption/HOTEL/GENERAL/1000000485924,3,36,"Kamar luas, namun sepertinya selimut harus di ganti soalnya sudah banyak bercak gitu, pesan kamar+sarapan, ditanya mau sarapan pagi atau sahur, saya memilih sahur, makananya lumayan enak, banyak variasi kok, untuk istirahat saja bermalas-malasan di hotel ini cukup baik nyaman, air semuanya bisa digunakan, AC dingin kok.",Diulas 365 minggu lalu,"https://ik.imagekit.io/tvlk/ugc-review/guys1L+Yyer9kzI3sp-pb0CG1j2bhflZGFUZOoIf1YOBAm37kEUOKR41ieUZm7ZJ/ugc-photo-ap-southeast-1-581603780057-acd24e232f75f09e/ACCOMMODATION/69688311_ACCOMMODATION_1557470854608_a03d1af6ddeeee9e?_src=imagekit&tr=c-at_max,h-100,q-40,w-100",,,,,,,,,,,,,,,,,,,
https://www.traveloka.com/id-id/user/review/consumption/HOTEL/GENERAL/1000000485924,3,37,Puas dengan pelayanan dan harganya.,Diulas 366 minggu lalu,"https://ik.imagekit.io/tvlk/ugc-review/guys1L+Yyer9kzI3sp-pb0CG1j2bhflZGFUZOoIf1YOBAm37kEUOKR41ieUZm7ZJ/ugc-photo-ap-southeast-1-581603780057-acd24e232f75f09e/ACCOMMODATION/9976654_ACCOMMODATION_1556885237730_6d275d83d7323fb7?_src=imagekit&tr=c-at_max,h-100,q-40,w-100",,,,,,,,,,,,,,,,,,,
https://www.traveloka.com/id-id/user/review/consumption/HOTEL/GENERAL/1000000485924,3,38,"Ketiga kalinya menginap di sini, karena service qualitynya yang membuat betah.",Diulas 366 minggu lalu,"https://ik.imagekit.io/tvlk/ugc-review/guys1L+Yyer9kzI3sp-pb0CG1j2bhflZGFUZOoIf1YOBAm37kEUOKR41ieUZm7ZJ/ugc-photo-ap-southeast-1-581603780057-acd24e232f75f09e/ACCOMMODATION/6708413_ACCOMMODATION_1556854205438_0d389b249cae119d?_src=imagekit&tr=c-at_max,h-100,q-40,w-100","https://ik.imagekit.io/tvlk/ugc-review/guys1L+Yyer9kzI3sp-pb0CG1j2bhflZGFUZOoIf1YOBAm37kEUOKR41ieUZm7ZJ/ugc-photo-ap-southeast-1-581603780057-acd24e232f75f09e/ACCOMMODATION/6708413_ACCOMMODATION_1556854205439_4a96e82d705a5bd5?_src=imagekit&tr=c-at_max,h-100,q-40,w-100","https://ik.imagekit.io/tvlk/ugc-review/guys1L+Yyer9kzI3sp-pb0CG1j2bhflZGFUZOoIf1YOBAm37kEUOKR41ieUZm7ZJ/ugc-photo-ap-southeast-1-581603780057-acd24e232f75f09e/ACCOMMODATION/6708413_ACCOMMODATION_1556854205439_fbc35ae5140ec976?_src=imagekit&tr=c-at_max,h-100,q-40,w-100","https://ik.imagekit.io/tvlk/ugc-review/guys1L+Yyer9kzI3sp-pb0CG1j2bhflZGFUZOoIf1YOBAm37kEUOKR41ieUZm7ZJ/ugc-photo-ap-southeast-1-581603780057-acd24e232f75f09e/ACCOMMODATION/6708413_ACCOMMODATION_1556854205440_9adf950a3128534f?_src=imagekit&tr=c-at_max,h-100,q-40,w-100",,,,,,,,,,,,,,,,
https://www.traveloka.com/id-id/user/review/consumption/HOTEL/GENERAL/1000000485924,3,39,"Sudah ke 3 kalinya menginap di Meize, pelayanan selalu baik, dan petugas hotel juga sangat ramah, lalu untuk sarapannya juga enak. Thanks untuk meize hotel buat pelayanannya.",Diulas 366 minggu lalu,"https://ik.imagekit.io/tvlk/ugc-review/guys1L+Yyer9kzI3sp-pb0CG1j2bhflZGFUZOoIf1YOBAm37kEUOKR41ieUZm7ZJ/ugc-photo-ap-southeast-1-581603780057-acd24e232f75f09e/ACCOMMODATION/13302828_ACCOMMODATION_1556848213390_3824429aa2885b70?_src=imagekit&tr=c-at_max,h-100,q-40,w-100","https://ik.imagekit.io/tvlk/ugc-review/guys1L+Yyer9kzI3sp-pb0CG1j2bhflZGFUZOoIf1YOBAm37kEUOKR41ieUZm7ZJ/ugc-photo-ap-southeast-1-581603780057-acd24e232f75f09e/ACCOMMODATION/13302828_ACCOMMODATION_1556848213391_41a6041bf865265f?_src=imagekit&tr=c-at_max,h-100,q-40,w-100","https://ik.imagekit.io/tvlk/ugc-review/guys1L+Yyer9kzI3sp-pb0CG1j2bhflZGFUZOoIf1YOBAm37kEUOKR41ieUZm7ZJ/ugc-photo-ap-southeast-1-581603780057-acd24e232f75f09e/ACCOMMODATION/13302828_ACCOMMODATION_1556848213391_65ab448be719b009?_src=imagekit&tr=c-at_max,h-100,q-40,w-100",,,,,,,,,,,,,,,,,
https://www.traveloka.com/id-id/user/review/consumption/HOTEL/GENERAL/1000000485924,3,40,"Berkali-kali saya tinggal di sini, tapi kali ini yang terbaik. Saya mendapat desain kamar yang berbeda, yang lebih nyaman bagi saya. tapi sisanya begitu.",Diulas 367 minggu lalu,"https://ik.imagekit.io/tvlk/ugc-review/guys1L+Yyer9kzI3sp-pb0CG1j2bhflZGFUZOoIf1YOBAm37kEUOKR41ieUZm7ZJ/ugc-photo-ap-southeast-1-581603780057-acd24e232f75f09e/ACCOMMODATION/8670648_ACCOMMODATION_1556239769340_055c89fc9aff00a1?_src=imagekit&tr=c-at_max,h-100,q-40,w-100","https://ik.imagekit.io/tvlk/ugc-review/guys1L+Yyer9kzI3sp-pb0CG1j2bhflZGFUZOoIf1YOBAm37kEUOKR41ieUZm7ZJ/ugc-photo-ap-southeast-1-581603780057-acd24e232f75f09e/ACCOMMODATION/8670648_ACCOMMODATION_1556239809326_fec1dc2442ed1d9c?_src=imagekit&tr=c-at_max,h-100,q-40,w-100","https://ik.imagekit.io/tvlk/ugc-review/guys1L+Yyer9kzI3sp-pb0CG1j2bhflZGFUZOoIf1YOBAm37kEUOKR41ieUZm7ZJ/ugc-photo-ap-southeast-1-581603780057-acd24e232f75f09e/ACCOMMODATION/8670648_ACCOMMODATION_1556239844851_eebe91c72cd76c8e?_src=imagekit&tr=c-at_max,h-100,q-40,w-100",,,,,,,,,,,,,,,,,
https://www.traveloka.com/id-id/user/review/consumption/HOTEL/GENERAL/1000000485924,4,1,"Harusnya kami berangat tahun lalu, 2 hari sebelum check-in suami mengalami kecelakaan dan akhirnya baru bisa terelisasi tahun ini, tepat 10thn wedding anniversary kami dan pilihan hotel kami pun tidak berubah, tetap sama dan tepat! Pertahankan dan terus berkembang Meize. Very recommended hotel👍",Diulas 370 minggu lalu,"https://ik.imagekit.io/tvlk/ugc-review/guys1L+Yyer9kzI3sp-pb0CG1j2bhflZGFUZOoIf1YOBAm37kEUOKR41ieUZm7ZJ/ugc-photo-ap-southeast-1-581603780057-acd24e232f75f09e/ACCOMMODATION/15298522_ACCOMMODATION_1554487039060_326e59a31a97f8e2?_src=imagekit&tr=c-at_max,h-80,q-40,w-80","https://ik.imagekit.io/tvlk/ugc-review/guys1L+Yyer9kzI3sp-pb0CG1j2bhflZGFUZOoIf1YOBAm37kEUOKR41ieUZm7ZJ/ugc-photo-ap-southeast-1-581603780057-acd24e232f75f09e/ACCOMMODATION/15298522_ACCOMMODATION_1554487039061_9c575dfcaabb65fa?_src=imagekit&tr=c-at_max,h-80,q-40,w-80","https://ik.imagekit.io/tvlk/ugc-review/guys1L+Yyer9kzI3sp-pb0CG1j2bhflZGFUZOoIf1YOBAm37kEUOKR41ieUZm7ZJ/ugc-photo-ap-southeast-1-581603780057-acd24e232f75f09e/ACCOMMODATION/15298522_ACCOMMODATION_1554487039062_c807f6a49d7f655d?_src=imagekit&tr=c-at_max,h-80,q-40,w-80","https://ik.imagekit.io/tvlk/ugc-review/guys1L+Yyer9kzI3sp-pb0CG1j2bhflZGFUZOoIf1YOBAm37kEUOKR41ieUZm7ZJ/ugc-photo-ap-southeast-1-581603780057-acd24e232f75f09e/ACCOMMODATION/15298522_ACCOMMODATION_1554487039063_6a132a08e71e0a97?_src=imagekit&tr=c-at_max,h-80,q-40,w-80","https://ik.imagekit.io/tvlk/ugc-review/guys1L+Yyer9kzI3sp-pb0CG1j2bhflZGFUZOoIf1YOBAm37kEUOKR41ieUZm7ZJ/ugc-photo-ap-southeast-1-581603780057-acd24e232f75f09e/ACCOMMODATION/15298522_ACCOMMODATION_1554487039063_a52830b0a60c29f8?_src=imagekit&tr=c-at_max,h-80,q-40,w-80","https://ik.imagekit.io/tvlk/ugc-review/guys1L+Yyer9kzI3sp-pb0CG1j2bhflZGFUZOoIf1YOBAm37kEUOKR41ieUZm7ZJ/ugc-photo-ap-southeast-1-581603780057-acd24e232f75f09e/ACCOMMODATION/15298522_ACCOMMODATION_1554487039064_c79c24b76de42c99?_src=imagekit&tr=c-at_max,h-80,q-40,w-80","https://ik.imagekit.io/tvlk/ugc-review/guys1L+Yyer9kzI3sp-pb0CG1j2bhflZGFUZOoIf1YOBAm37kEUOKR41ieUZm7ZJ/ugc-photo-ap-southeast-1-581603780057-acd24e232f75f09e/ACCOMMODATION/15298522_ACCOMMODATION_1554487039065_c0383859fa2214d5?_src=imagekit&tr=c-at_max,h-80,q-40,w-80","https://ik.imagekit.io/tvlk/ugc-review/guys1L+Yyer9kzI3sp-pb0CG1j2bhflZGFUZOoIf1YOBAm37kEUOKR41ieUZm7ZJ/ugc-photo-ap-southeast-1-581603780057-acd24e232f75f09e/ACCOMMODATION/15298522_ACCOMMODATION_1554487183388_f01274bf34f5fc87?_src=imagekit&tr=c-at_max,h-80,q-40,w-80",,,,,,,,,,,,
https://www.traveloka.com/id-id/user/review/consumption/HOTEL/GENERAL/1000000485924,4,2,"Worth it and recommended. Kebersihan, kenyamanan yang biasanya ada di hotel bintang 5 bisa didapat di sini, dengan harga yang sangat ekonomis. Jadi orang jangan gampang marah, kalau mau dapat pasangan yang maniez. memang banyak hotel yang murah, tapi tak ada yang senyaman meize.",Diulas 371 minggu lalu,"https://ik.imagekit.io/tvlk/ugc-review/guys1L+Yyer9kzI3sp-pb0CG1j2bhflZGFUZOoIf1YOBAm37kEUOKR41ieUZm7ZJ/ugc-photo-ap-southeast-1-581603780057-acd24e232f75f09e/ACCOMMODATION/6740096_ACCOMMODATION_1554088893743_96720885eec1c294?_src=imagekit&tr=c-at_max,h-100,q-40,w-100",,,,,,,,,,,,,,,,,,,
https://www.traveloka.com/id-id/user/review/consumption/HOTEL/GENERAL/1000000485924,4,3,"Pengalaman saya setiap menginap di hotel Meize sangat menyenangkan, dengan harga yang terjangkau, area di pusat kota Bandung, mudah akses kemanapun dan yang paling saya berkesan smua staf sangat ramah, dari bapak security sampe staf lainnya, ruangannya kamar yang nyaman dan cukup luas serta kita bisa memilih kamar smoking dan non smoking. Pokoknya recomend banget buat kalian yang ingin berlibur di Bandung. Jangan bingung cari hotel yang terjangkau dan nyaaman di Meize ajah😘",Diulas 371 minggu lalu,"https://ik.imagekit.io/tvlk/ugc-review/guys1L+Yyer9kzI3sp-pb0CG1j2bhflZGFUZOoIf1YOBAm37kEUOKR41ieUZm7ZJ/ugc-photo-ap-southeast-1-581603780057-acd24e232f75f09e/ACCOMMODATION/33945438_ACCOMMODATION_1553827446155_e7ced1c4938c5e36?_src=imagekit&tr=c-at_max,h-100,q-40,w-100",,,,,,,,,,,,,,,,,,,
https://www.traveloka.com/id-id/user/review/consumption/HOTEL/GENERAL/1000000485924,4,4,"Lokasi strategis, hotelnya bersih dan asri karena adanya taman di beberapa lantai.",Diulas 372 minggu lalu,"https://ik.imagekit.io/tvlk/ugc-review/guys1L+Yyer9kzI3sp-pb0CG1j2bhflZGFUZOoIf1YOBAm37kEUOKR41ieUZm7ZJ/ugc-photo-ap-southeast-1-581603780057-acd24e232f75f09e/ACCOMMODATION/6625672_ACCOMMODATION_1552883553974_b1a05b9136cec707?_src=imagekit&tr=c-at_max,h-100,q-40,w-100","https://ik.imagekit.io/tvlk/ugc-review/guys1L+Yyer9kzI3sp-pb0CG1j2bhflZGFUZOoIf1YOBAm37kEUOKR41ieUZm7ZJ/ugc-photo-ap-southeast-1-581603780057-acd24e232f75f09e/ACCOMMODATION/6625672_ACCOMMODATION_1552883553975_821e73657e2fff9a?_src=imagekit&tr=c-at_max,h-100,q-40,w-100",,,,,,,,,,,,,,,,,,
https://www.traveloka.com/id-id/user/review/consumption/HOTEL/GENERAL/1000000485924,4,5,"Lokasi cukup baik dan mudah tapi tidak terlalu strategis. Parkiran cukup dan petugasnya sigap. Proses check-in cepat dan pelayananannya ramah. Kamar hotel bersih dan wangi aroma terapi, kamar tidak terlalu kedap suara, ada alat pebuat kopi dan dapat air mineral 2, kasur dan selimut bersih, bantal bersih, kamar mandi bersih, handuk putih dan bersih tidak berbau, hanya dapat sikat gigi 2 pasang, air panas stabil. Gak sempat coba makanannya karena telat bangun. Wkwkwk.",Diulas 373 minggu lalu,"https://ik.imagekit.io/tvlk/ugc-review/guys1L+Yyer9kzI3sp-pb0CG1j2bhflZGFUZOoIf1YOBAm37kEUOKR41ieUZm7ZJ/ugc-photo-ap-southeast-1-581603780057-acd24e232f75f09e/ACCOMMODATION/87651641_ACCOMMODATION_1552916392784_036bfffe30f82935?_src=imagekit&tr=c-at_max,h-100,q-40,w-100","https://ik.imagekit.io/tvlk/ugc-review/guys1L+Yyer9kzI3sp-pb0CG1j2bhflZGFUZOoIf1YOBAm37kEUOKR41ieUZm7ZJ/ugc-photo-ap-southeast-1-581603780057-acd24e232f75f09e/ACCOMMODATION/87651641_ACCOMMODATION_1552916392784_783d5c4b0c8ae170?_src=imagekit&tr=c-at_max,h-100,q-40,w-100","https://ik.imagekit.io/tvlk/ugc-review/guys1L+Yyer9kzI3sp-pb0CG1j2bhflZGFUZOoIf1YOBAm37kEUOKR41ieUZm7ZJ/ugc-photo-ap-southeast-1-581603780057-acd24e232f75f09e/ACCOMMODATION/87651641_ACCOMMODATION_1552916392785_0272e470968fa224?_src=imagekit&tr=c-at_max,h-100,q-40,w-100","https://ik.imagekit.io/tvlk/ugc-review/guys1L+Yyer9kzI3sp-pb0CG1j2bhflZGFUZOoIf1YOBAm37kEUOKR41ieUZm7ZJ/ugc-photo-ap-southeast-1-581603780057-acd24e232f75f09e/ACCOMMODATION/87651641_ACCOMMODATION_1552916392785_834c469afdd64055?_src=imagekit&tr=c-at_max,h-100,q-40,w-100",,,,,,,,,,,,,,,,
https://www.traveloka.com/id-id/user/review/consumption/HOTEL/GENERAL/1000000485924,4,6,"Nyaman untuk menginap bersama keluarga, lokasi strategis dan pelayanannya ramah.",Diulas 373 minggu lalu,"https://ik.imagekit.io/tvlk/ugc-review/guys1L+Yyer9kzI3sp-pb0CG1j2bhflZGFUZOoIf1YOBAm37kEUOKR41ieUZm7ZJ/ugc-photo-ap-southeast-1-581603780057-acd24e232f75f09e/ACCOMMODATION/108301772_ACCOMMODATION_1552735784109_08e228a0f0fb840b?_src=imagekit&tr=c-at_max,h-100,q-40,w-100","https://ik.imagekit.io/tvlk/ugc-review/guys1L+Yyer9kzI3sp-pb0CG1j2bhflZGFUZOoIf1YOBAm37kEUOKR41ieUZm7ZJ/ugc-photo-ap-southeast-1-581603780057-acd24e232f75f09e/ACCOMMODATION/108301772_ACCOMMODATION_1552735784110_aab4ca63c2c1671e?_src=imagekit&tr=c-at_max,h-100,q-40,w-100","https://ik.imagekit.io/tvlk/ugc-review/guys1L+Yyer9kzI3sp-pb0CG1j2bhflZGFUZOoIf1YOBAm37kEUOKR41ieUZm7ZJ/ugc-photo-ap-southeast-1-581603780057-acd24e232f75f09e/ACCOMMODATION/108301772_ACCOMMODATION_1552735784110_a07460735086a9b1?_src=imagekit&tr=c-at_max,h-100,q-40,w-100",,,,,,,,,,,,,,,,,
https://www.traveloka.com/id-id/user/review/consumption/HOTEL/GENERAL/1000000485924,4,7,"Menyenangkan sekali menginap di sini, sangat ramah, bagus pelayanannya.😍",Diulas 373 minggu lalu,"https://ik.imagekit.io/tvlk/ugc-review/guys1L+Yyer9kzI3sp-pb0CG1j2bhflZGFUZOoIf1YOBAm37kEUOKR41ieUZm7ZJ/ugc-photo-ap-southeast-1-581603780057-acd24e232f75f09e/ACCOMMODATION/87197864_ACCOMMODATION_1552638589019_b560680cddb64851?_src=imagekit&tr=c-at_max,h-100,q-40,w-100","https://ik.imagekit.io/tvlk/ugc-review/guys1L+Yyer9kzI3sp-pb0CG1j2bhflZGFUZOoIf1YOBAm37kEUOKR41ieUZm7ZJ/ugc-photo-ap-southeast-1-581603780057-acd24e232f75f09e/ACCOMMODATION/87197864_ACCOMMODATION_1552638589020_aecf13943d98240f?_src=imagekit&tr=c-at_max,h-100,q-40,w-100","https://ik.imagekit.io/tvlk/ugc-review/guys1L+Yyer9kzI3sp-pb0CG1j2bhflZGFUZOoIf1YOBAm37kEUOKR41ieUZm7ZJ/ugc-photo-ap-southeast-1-581603780057-acd24e232f75f09e/ACCOMMODATION/87197864_ACCOMMODATION_1552638589020_da081940fc428bbc?_src=imagekit&tr=c-at_max,h-100,q-40,w-100",,,,,,,,,,,,,,,,,
https://www.traveloka.com/id-id/user/review/consumption/HOTEL/GENERAL/1000000485924,4,8,"Menginap 2 hari di meize hotel nyaman banget dan lokasinya jauh dari kata macet, dekat ma gazibu, gedung sate, taman kota. Pegawainya ramah dan sarapannya lumayan, bubur ayamnya enak, recommended lah, thank you meize hotel.",Diulas 373 minggu lalu,"https://ik.imagekit.io/tvlk/ugc-review/guys1L+Yyer9kzI3sp-pb0CG1j2bhflZGFUZOoIf1YOBAm37kEUOKR41ieUZm7ZJ/ugc-photo-ap-southeast-1-581603780057-acd24e232f75f09e/ACCOMMODATION/108301772_ACCOMMODATION_1552271322918_0f72e13aa7ad0ac2?_src=imagekit&tr=c-at_max,h-100,q-40,w-100","https://ik.imagekit.io/tvlk/ugc-review/guys1L+Yyer9kzI3sp-pb0CG1j2bhflZGFUZOoIf1YOBAm37kEUOKR41ieUZm7ZJ/ugc-photo-ap-southeast-1-581603780057-acd24e232f75f09e/ACCOMMODATION/108301772_ACCOMMODATION_1552271353845_99731a6b805d019b?_src=imagekit&tr=c-at_max,h-100,q-40,w-100","https://ik.imagekit.io/tvlk/ugc-review/guys1L+Yyer9kzI3sp-pb0CG1j2bhflZGFUZOoIf1YOBAm37kEUOKR41ieUZm7ZJ/ugc-photo-ap-southeast-1-581603780057-acd24e232f75f09e/ACCOMMODATION/108301772_ACCOMMODATION_1552271301871_ff140c4b067a1821?_src=imagekit&tr=c-at_max,h-100,q-40,w-100",,,,,,,,,,,,,,,,,
https://www.traveloka.com/id-id/user/review/consumption/HOTEL/GENERAL/1000000485924,4,9,"Sangat senang dan nyaman room minimalis dan indah, hanya kurang tempat kamar mandinya terlalu kecil, panjang 3 meter lebar 2 meter, pihak manajemen hotel tolong diterangi lampu lorong ke room agak gelap, sepi, kesan seram! Terima kasih Traveloka, permintaannya dipenuhi, kamar atas + jendela menghadap ke jalan. Terakhir, the best is the to hotel Meize 👌",Diulas 373 minggu lalu,"https://ik.imagekit.io/tvlk/ugc-review/guys1L+Yyer9kzI3sp-pb0CG1j2bhflZGFUZOoIf1YOBAm37kEUOKR41ieUZm7ZJ/ugc-photo-ap-southeast-1-581603780057-acd24e232f75f09e/ACCOMMODATION/34081822_ACCOMMODATION_1552150806803_b3867d49acb45f1f?_src=imagekit&tr=c-at_max,h-80,q-40,w-80","https://ik.imagekit.io/tvlk/ugc-review/guys1L+Yyer9kzI3sp-pb0CG1j2bhflZGFUZOoIf1YOBAm37kEUOKR41ieUZm7ZJ/ugc-photo-ap-southeast-1-581603780057-acd24e232f75f09e/ACCOMMODATION/34081822_ACCOMMODATION_1552150806803_3f014de5c92ceef5?_src=imagekit&tr=c-at_max,h-80,q-40,w-80","https://ik.imagekit.io/tvlk/ugc-review/guys1L+Yyer9kzI3sp-pb0CG1j2bhflZGFUZOoIf1YOBAm37kEUOKR41ieUZm7ZJ/ugc-photo-ap-southeast-1-581603780057-acd24e232f75f09e/ACCOMMODATION/34081822_ACCOMMODATION_1552150806804_761b5d30d70b7573?_src=imagekit&tr=c-at_max,h-80,q-40,w-80","https://ik.imagekit.io/tvlk/ugc-review/guys1L+Yyer9kzI3sp-pb0CG1j2bhflZGFUZOoIf1YOBAm37kEUOKR41ieUZm7ZJ/ugc-photo-ap-southeast-1-581603780057-acd24e232f75f09e/ACCOMMODATION/34081822_ACCOMMODATION_1552267317788_32367315fdd33610?_src=imagekit&tr=c-at_max,h-80,q-40,w-80","https://ik.imagekit.io/tvlk/ugc-review/guys1L+Yyer9kzI3sp-pb0CG1j2bhflZGFUZOoIf1YOBAm37kEUOKR41ieUZm7ZJ/ugc-photo-ap-southeast-1-581603780057-acd24e232f75f09e/ACCOMMODATION/34081822_ACCOMMODATION_1552267784697_88157f9d93cabec8?_src=imagekit&tr=c-at_max,h-80,q-40,w-80","https://ik.imagekit.io/tvlk/ugc-review/guys1L+Yyer9kzI3sp-pb0CG1j2bhflZGFUZOoIf1YOBAm37kEUOKR41ieUZm7ZJ/ugc-photo-ap-southeast-1-581603780057-acd24e232f75f09e/ACCOMMODATION/34081822_ACCOMMODATION_1552267784697_70ec4c56a7fdd3bb?_src=imagekit&tr=c-at_max,h-80,q-40,w-80","https://ik.imagekit.io/tvlk/ugc-review/guys1L+Yyer9kzI3sp-pb0CG1j2bhflZGFUZOoIf1YOBAm37kEUOKR41ieUZm7ZJ/ugc-photo-ap-southeast-1-581603780057-acd24e232f75f09e/ACCOMMODATION/34081822_ACCOMMODATION_1552277972230_e7d1fbf5d22cb80d?_src=imagekit&tr=c-at_max,h-80,q-40,w-80",,,,,,,,,,,,,
https://www.traveloka.com/id-id/user/review/consumption/HOTEL/GENERAL/1000000485924,4,10,"Nyaman, kamar bersih, staf ramah.",Diulas 374 minggu lalu,"https://ik.imagekit.io/tvlk/ugc-review/guys1L+Yyer9kzI3sp-pb0CG1j2bhflZGFUZOoIf1YOBAm37kEUOKR41ieUZm7ZJ/ugc-photo-ap-southeast-1-581603780057-acd24e232f75f09e/ACCOMMODATION/103336666_ACCOMMODATION_1552273485309_1d5a4429cf19c603?_src=imagekit&tr=c-at_max,h-100,q-40,w-100",,,,,,,,,,,,,,,,,,,
https://www.traveloka.com/id-id/user/review/consumption/HOTEL/GENERAL/1000000485924,4,11,"Kamar bersih dan sesuai foto tapi agak sempit toiletnya menurutku, sarapan lumayan enak, recommended pokoknya.",Diulas 374 minggu lalu,"https://ik.imagekit.io/tvlk/ugc-review/guys1L+Yyer9kzI3sp-pb0CG1j2bhflZGFUZOoIf1YOBAm37kEUOKR41ieUZm7ZJ/ugc-photo-ap-southeast-1-581603780057-acd24e232f75f09e/ACCOMMODATION/52672449_ACCOMMODATION_1551675759274_85204283cd5d879b?_src=imagekit&tr=c-at_max,h-100,q-40,w-100",,,,,,,,,,,,,,,,,,,
https://www.traveloka.com/id-id/user/review/consumption/HOTEL/GENERAL/1000000485924,4,12,"Sering nginep di hotel ini tapi akhir-akhir ini agak kurang sih kebersihan di kamar, handuk udah agak kucel sobek-sobek pinggirnya kayanya harus diganti, kamar mandi agak bau dari saluran air, hexos fan di kamar mandi 522 juga mati. Udah 2 kali lapor tapi no respon, nggak ada pewangi ruangan, yang lainya ok, staff ramah-ramah",Diulas 375 minggu lalu,"https://ik.imagekit.io/tvlk/ugc-review/guys1L+Yyer9kzI3sp-pb0CG1j2bhflZGFUZOoIf1YOBAm37kEUOKR41ieUZm7ZJ/ugc-photo-ap-southeast-1-581603780057-acd24e232f75f09e/ACCOMMODATION/6740096_ACCOMMODATION_1551625398258_1c9d627233f8dc31?_src=imagekit&tr=c-at_max,h-100,q-40,w-100",,,,,,,,,,,,,,,,,,,
https://www.traveloka.com/id-id/user/review/consumption/HOTEL/GENERAL/1000000485924,4,13,"Good place, good time, kamarnya bersih nyaman. Sarapan enak, bisa liat view bandung direstaurant nya. Recommended",Diulas 376 minggu lalu,"https://ik.imagekit.io/tvlk/ugc-review/guys1L+Yyer9kzI3sp-pb0CG1j2bhflZGFUZOoIf1YOBAm37kEUOKR41ieUZm7ZJ/ugc-photo-ap-southeast-1-581603780057-acd24e232f75f09e/ACCOMMODATION/98080056_ACCOMMODATION_1551077051217_a9891ab68378e8bb?_src=imagekit&tr=c-at_max,h-100,q-40,w-100",,,,,,,,,,,,,,,,,,,
https://www.traveloka.com/id-id/user/review/consumption/HOTEL/GENERAL/1000000485924,4,14,"Overall oke, cuma kamar mandi saja terasa sempit. WiFi-nya mantap kenceng.",Diulas 376 minggu lalu,"https://ik.imagekit.io/tvlk/ugc-review/guys1L+Yyer9kzI3sp-pb0CG1j2bhflZGFUZOoIf1YOBAm37kEUOKR41ieUZm7ZJ/ugc-photo-ap-southeast-1-581603780057-acd24e232f75f09e/ACCOMMODATION/29403946_ACCOMMODATION_1550890868918_f0ccfbc72968d649?_src=imagekit&tr=c-at_max,h-100,q-40,w-100","https://ik.imagekit.io/tvlk/ugc-review/guys1L+Yyer9kzI3sp-pb0CG1j2bhflZGFUZOoIf1YOBAm37kEUOKR41ieUZm7ZJ/ugc-photo-ap-southeast-1-581603780057-acd24e232f75f09e/ACCOMMODATION/29403946_ACCOMMODATION_1550890868919_e6994b69d8692bf9?_src=imagekit&tr=c-at_max,h-100,q-40,w-100",,,,,,,,,,,,,,,,,,
https://www.traveloka.com/id-id/user/review/consumption/HOTEL/GENERAL/1000000485924,4,15,"Check-in cepat dan mudah, tanpa deposit. Dari situs tapi ada opsi bayar di hotel. Bisa pake kartu debit dan kredit. Hotel mudah dijangkau dari stasiun Bandung. Sebelahnya ada minimarket. Jajanan juga ada banyak di sekitar, sandal hotelnya lucu parah. Sayang dapat kamar yang jendelanya menghadap tembok jadi sama saja tidak bisa liat luar. Terus pintu kamar mandinya cuma kaca digeser jadi tidak ada kuncinya. Sudah gitu aku dapat yang tidak bisa ditutup wakas jadi lah kalau mandi airnya kemana-mana. Ada water heater cuma tidak ada kopi teh jadi harus beli sendiri. So far lumayan lah untuk stay beberapa hari di meize, thank you.",Diulas 377 minggu lalu,"https://ik.imagekit.io/tvlk/ugc-review/guys1L+Yyer9kzI3sp-pb0CG1j2bhflZGFUZOoIf1YOBAm37kEUOKR41ieUZm7ZJ/ugc-photo-ap-southeast-1-581603780057-acd24e232f75f09e/ACCOMMODATION/12407948_ACCOMMODATION_1550024256113_25260f4ea30b7417?_src=imagekit&tr=c-at_max,h-80,q-40,w-80","https://ik.imagekit.io/tvlk/ugc-review/guys1L+Yyer9kzI3sp-pb0CG1j2bhflZGFUZOoIf1YOBAm37kEUOKR41ieUZm7ZJ/ugc-photo-ap-southeast-1-581603780057-acd24e232f75f09e/ACCOMMODATION/12407948_ACCOMMODATION_1550236594370_9b782beae50ea8c6?_src=imagekit&tr=c-at_max,h-80,q-40,w-80","https://ik.imagekit.io/tvlk/ugc-review/guys1L+Yyer9kzI3sp-pb0CG1j2bhflZGFUZOoIf1YOBAm37kEUOKR41ieUZm7ZJ/ugc-photo-ap-southeast-1-581603780057-acd24e232f75f09e/ACCOMMODATION/12407948_ACCOMMODATION_1550236594370_f5257a86b4177422?_src=imagekit&tr=c-at_max,h-80,q-40,w-80","https://ik.imagekit.io/tvlk/ugc-review/guys1L+Yyer9kzI3sp-pb0CG1j2bhflZGFUZOoIf1YOBAm37kEUOKR41ieUZm7ZJ/ugc-photo-ap-southeast-1-581603780057-acd24e232f75f09e/ACCOMMODATION/12407948_ACCOMMODATION_1550236594370_1f4df771cc96bf96?_src=imagekit&tr=c-at_max,h-80,q-40,w-80","https://ik.imagekit.io/tvlk/ugc-review/guys1L+Yyer9kzI3sp-pb0CG1j2bhflZGFUZOoIf1YOBAm37kEUOKR41ieUZm7ZJ/ugc-photo-ap-southeast-1-581603780057-acd24e232f75f09e/ACCOMMODATION/12407948_ACCOMMODATION_1550236594371_d7472041b72207c7?_src=imagekit&tr=c-at_max,h-80,q-40,w-80","https://ik.imagekit.io/tvlk/ugc-review/guys1L+Yyer9kzI3sp-pb0CG1j2bhflZGFUZOoIf1YOBAm37kEUOKR41ieUZm7ZJ/ugc-photo-ap-southeast-1-581603780057-acd24e232f75f09e/ACCOMMODATION/12407948_ACCOMMODATION_1550236594371_a54ea1c79092e7ae?_src=imagekit&tr=c-at_max,h-80,q-40,w-80","https://ik.imagekit.io/tvlk/ugc-review/guys1L+Yyer9kzI3sp-pb0CG1j2bhflZGFUZOoIf1YOBAm37kEUOKR41ieUZm7ZJ/ugc-photo-ap-southeast-1-581603780057-acd24e232f75f09e/ACCOMMODATION/12407948_ACCOMMODATION_1550236594371_0fed8d04483078f5?_src=imagekit&tr=c-at_max,h-80,q-40,w-80","https://ik.imagekit.io/tvlk/ugc-review/guys1L+Yyer9kzI3sp-pb0CG1j2bhflZGFUZOoIf1YOBAm37kEUOKR41ieUZm7ZJ/ugc-photo-ap-southeast-1-581603780057-acd24e232f75f09e/ACCOMMODATION/12407948_ACCOMMODATION_1550236594372_a832393ec7b15574?_src=imagekit&tr=c-at_max,h-80,q-40,w-80","https://ik.imagekit.io/tvlk/ugc-review/guys1L+Yyer9kzI3sp-pb0CG1j2bhflZGFUZOoIf1YOBAm37kEUOKR41ieUZm7ZJ/ugc-photo-ap-southeast-1-581603780057-acd24e232f75f09e/ACCOMMODATION/12407948_ACCOMMODATION_1550236594372_3991875a88b92066?_src=imagekit&tr=c-at_max,h-80,q-40,w-80","https://ik.imagekit.io/tvlk/ugc-review/guys1L+Yyer9kzI3sp-pb0CG1j2bhflZGFUZOoIf1YOBAm37kEUOKR41ieUZm7ZJ/ugc-photo-ap-southeast-1-581603780057-acd24e232f75f09e/ACCOMMODATION/12407948_ACCOMMODATION_1550236594372_d11ffe2f7589860a?_src=imagekit&tr=c-at_max,h-80,q-40,w-80",,,,,,,,,,
https://www.traveloka.com/id-id/user/review/consumption/HOTEL/GENERAL/1000000485924,4,16,"Setiap kunjungan ke bandung pilihan pertama sy pasti ke meize hotel, lokasi nya sangat strategis karena sangat dekat ke jalan merdeka dan martadinata, juga dekat ke alun2 bandung. Di sekitar hotel ada warung langganan sy yg menjual kue kiloan dgn harga yg sangat bersahabat, juga ada jawara durian yg selalu menjadi langganan sy utk makan durian stp dtg ke bandung, posisi nya persis di depan meize hotel. Di sebelah hotel persis juga ada indomaret yg memudahkan sy utk membeli berbagai keperluan pendukung. Request room juga selalu diusahakan untuk dipenuhi oleh pihak hotel. Selain itu mulai dari awal sampai skrg tdk ada yg berubah dgn meize hotel, baik dari segi keramahan, kenyamanan sampai kebersihan kamar selalu sama tidak pernah ada keluhan sampai sekarang.",Diulas 378 minggu lalu,"https://ik.imagekit.io/tvlk/ugc-review/guys1L+Yyer9kzI3sp-pb0CG1j2bhflZGFUZOoIf1YOBAm37kEUOKR41ieUZm7ZJ/ugc-photo-ap-southeast-1-581603780057-acd24e232f75f09e/ACCOMMODATION/4452217_ACCOMMODATION_1549424355916_14303786c313c059?_src=imagekit&tr=c-at_max,h-100,q-40,w-100",,,,,,,,,,,,,,,,,,,
https://www.traveloka.com/id-id/user/review/consumption/HOTEL/GENERAL/1000000485924,4,17,"Sudah kedua kalinya menginap di meize hotel bandung, next pasti akan menginap disini lagi.",Diulas 378 minggu lalu,"https://ik.imagekit.io/tvlk/ugc-review/guys1L+Yyer9kzI3sp-pb0CG1j2bhflZGFUZOoIf1YOBAm37kEUOKR41ieUZm7ZJ/ugc-photo-ap-southeast-1-581603780057-acd24e232f75f09e/ACCOMMODATION/13302828_ACCOMMODATION_1549359161196_119651b4e4fe99f4?_src=imagekit&tr=c-at_max,h-100,q-40,w-100","https://ik.imagekit.io/tvlk/ugc-review/guys1L+Yyer9kzI3sp-pb0CG1j2bhflZGFUZOoIf1YOBAm37kEUOKR41ieUZm7ZJ/ugc-photo-ap-southeast-1-581603780057-acd24e232f75f09e/ACCOMMODATION/13302828_ACCOMMODATION_1549359161196_c469acc19456072a?_src=imagekit&tr=c-at_max,h-100,q-40,w-100",,,,,,,,,,,,,,,,,,
https://www.traveloka.com/id-id/user/review/consumption/HOTEL/GENERAL/1000000485924,4,18,"Untuk hotel budget, meize hotel bagus. kondisi kamar baru, bersih, wangi dan nyaman. Kamar mandinya juga bersih. Makanan untuk breakfastnya variatif dan taste-nya cocok di lidah. Hanya saja, AC-nya kalau siang terasa kurang dingin dan air panas untuk mandinya tidak stabil, panas-dingin keluar bergantian. overall, hotel ini bagus, Baik dan sesuai dengan budgetnya.",Diulas 379 minggu lalu,"https://ik.imagekit.io/tvlk/ugc-review/guys1L+Yyer9kzI3sp-pb0CG1j2bhflZGFUZOoIf1YOBAm37kEUOKR41ieUZm7ZJ/ugc-photo-ap-southeast-1-581603780057-acd24e232f75f09e/ACCOMMODATION/17654475_ACCOMMODATION_1549255120352_c085e9034ee71786?_src=imagekit&tr=c-at_max,h-100,q-40,w-100","https://ik.imagekit.io/tvlk/ugc-review/guys1L+Yyer9kzI3sp-pb0CG1j2bhflZGFUZOoIf1YOBAm37kEUOKR41ieUZm7ZJ/ugc-photo-ap-southeast-1-581603780057-acd24e232f75f09e/ACCOMMODATION/17654475_ACCOMMODATION_1549255120352_82b46e8f5416138b?_src=imagekit&tr=c-at_max,h-100,q-40,w-100","https://ik.imagekit.io/tvlk/ugc-review/guys1L+Yyer9kzI3sp-pb0CG1j2bhflZGFUZOoIf1YOBAm37kEUOKR41ieUZm7ZJ/ugc-photo-ap-southeast-1-581603780057-acd24e232f75f09e/ACCOMMODATION/17654475_ACCOMMODATION_1549255120353_f37e87fcde699e59?_src=imagekit&tr=c-at_max,h-100,q-40,w-100",,,,,,,,,,,,,,,,,
https://www.traveloka.com/id-id/user/review/consumption/HOTEL/GENERAL/1000000485924,4,19,"Lokasi bagus, pelayanan bagus &amp; menu lezat",Diulas 379 minggu lalu,"https://ik.imagekit.io/tvlk/ugc-review/guys1L+Yyer9kzI3sp-pb0CG1j2bhflZGFUZOoIf1YOBAm37kEUOKR41ieUZm7ZJ/ugc-photo-ap-southeast-1-581603780057-acd24e232f75f09e/ACCOMMODATION/6875855_ACCOMMODATION_1549095873733_0a2fe8ed5ca9a388?_src=imagekit&tr=c-at_max,h-80,q-40,w-80","https://ik.imagekit.io/tvlk/ugc-review/guys1L+Yyer9kzI3sp-pb0CG1j2bhflZGFUZOoIf1YOBAm37kEUOKR41ieUZm7ZJ/ugc-photo-ap-southeast-1-581603780057-acd24e232f75f09e/ACCOMMODATION/6875855_ACCOMMODATION_1549095873733_08579210ed9b200e?_src=imagekit&tr=c-at_max,h-80,q-40,w-80","https://ik.imagekit.io/tvlk/ugc-review/guys1L+Yyer9kzI3sp-pb0CG1j2bhflZGFUZOoIf1YOBAm37kEUOKR41ieUZm7ZJ/ugc-photo-ap-southeast-1-581603780057-acd24e232f75f09e/ACCOMMODATION/6875855_ACCOMMODATION_1549095873734_ca6cd848ae2f24d8?_src=imagekit&tr=c-at_max,h-80,q-40,w-80","https://ik.imagekit.io/tvlk/ugc-review/guys1L+Yyer9kzI3sp-pb0CG1j2bhflZGFUZOoIf1YOBAm37kEUOKR41ieUZm7ZJ/ugc-photo-ap-southeast-1-581603780057-acd24e232f75f09e/ACCOMMODATION/6875855_ACCOMMODATION_1549095873734_88351656b78c3d8f?_src=imagekit&tr=c-at_max,h-80,q-40,w-80","https://ik.imagekit.io/tvlk/ugc-review/guys1L+Yyer9kzI3sp-pb0CG1j2bhflZGFUZOoIf1YOBAm37kEUOKR41ieUZm7ZJ/ugc-photo-ap-southeast-1-581603780057-acd24e232f75f09e/ACCOMMODATION/6875855_ACCOMMODATION_1549095873735_251bdd91590cd138?_src=imagekit&tr=c-at_max,h-80,q-40,w-80","https://ik.imagekit.io/tvlk/ugc-review/guys1L+Yyer9kzI3sp-pb0CG1j2bhflZGFUZOoIf1YOBAm37kEUOKR41ieUZm7ZJ/ugc-photo-ap-southeast-1-581603780057-acd24e232f75f09e/ACCOMMODATION/6875855_ACCOMMODATION_1549095873735_38ef2bebf0537cc5?_src=imagekit&tr=c-at_max,h-80,q-40,w-80","https://ik.imagekit.io/tvlk/ugc-review/guys1L+Yyer9kzI3sp-pb0CG1j2bhflZGFUZOoIf1YOBAm37kEUOKR41ieUZm7ZJ/ugc-photo-ap-southeast-1-581603780057-acd24e232f75f09e/ACCOMMODATION/6875855_ACCOMMODATION_1549095873736_e23501367ddbd6a4?_src=imagekit&tr=c-at_max,h-80,q-40,w-80","https://ik.imagekit.io/tvlk/ugc-review/guys1L+Yyer9kzI3sp-pb0CG1j2bhflZGFUZOoIf1YOBAm37kEUOKR41ieUZm7ZJ/ugc-photo-ap-southeast-1-581603780057-acd24e232f75f09e/ACCOMMODATION/6875855_ACCOMMODATION_1549095873736_2e550cde8d40c9a3?_src=imagekit&tr=c-at_max,h-80,q-40,w-80","https://ik.imagekit.io/tvlk/ugc-review/guys1L+Yyer9kzI3sp-pb0CG1j2bhflZGFUZOoIf1YOBAm37kEUOKR41ieUZm7ZJ/ugc-photo-ap-southeast-1-581603780057-acd24e232f75f09e/ACCOMMODATION/6875855_ACCOMMODATION_1549095873736_593011edb9eef95f?_src=imagekit&tr=c-at_max,h-80,q-40,w-80","https://ik.imagekit.io/tvlk/ugc-review/guys1L+Yyer9kzI3sp-pb0CG1j2bhflZGFUZOoIf1YOBAm37kEUOKR41ieUZm7ZJ/ugc-photo-ap-southeast-1-581603780057-acd24e232f75f09e/ACCOMMODATION/6875855_ACCOMMODATION_1549095873737_446ba7985ff7e3e1?_src=imagekit&tr=c-at_max,h-80,q-40,w-80",,,,,,,,,,
https://www.traveloka.com/id-id/user/review/consumption/HOTEL/GENERAL/1000000485924,4,20,Hotel ini memiliki sarapan yang lezat dan pemandangan pagi kota Bandung yang indah dari restoran atap mereka. Saya senang tinggal di sini.,Diulas 379 minggu lalu,"https://ik.imagekit.io/tvlk/ugc-review/guys1L+Yyer9kzI3sp-pb0CG1j2bhflZGFUZOoIf1YOBAm37kEUOKR41ieUZm7ZJ/ugc-photo-ap-southeast-1-581603780057-acd24e232f75f09e/ACCOMMODATION/20875282_ACCOMMODATION_1549077163743_f61589f227305f9a?_src=imagekit&tr=c-at_max,h-100,q-40,w-100",,,,,,,,,,,,,,,,,,,
https://www.traveloka.com/id-id/user/review/consumption/HOTEL/GENERAL/1000000485924,4,21,"Nyaman, lokasi strategis, view-nya bagus di atas, pelayanannya ramah, harganya cukup terjangkau. Pokoknya tidak mengecewakan 😍",Diulas 379 minggu lalu,"https://ik.imagekit.io/tvlk/ugc-review/guys1L+Yyer9kzI3sp-pb0CG1j2bhflZGFUZOoIf1YOBAm37kEUOKR41ieUZm7ZJ/ugc-photo-ap-southeast-1-581603780057-acd24e232f75f09e/ACCOMMODATION/93918868_ACCOMMODATION_1548818933425_bcc55a0caafd199d?_src=imagekit&tr=c-at_max,h-100,q-40,w-100",,,,,,,,,,,,,,,,,,,
https://www.traveloka.com/id-id/user/review/consumption/HOTEL/GENERAL/1000000485924,4,22,"Ini kali ke-2 saya menginap di hotel Meize dalam rangka family vacation. kondisi kamar hotel kali ini agak kecil dibanding waktu pertama kali kami menginap di Meize. selain itu, kondisi AC kurang dingin meskipun suhu sudah kami set di 23°C. yang paling kami soroti adalah kondisi pintu kamar mandi yang gagangnya sudah copot dan sulit digeser untuk buka tutup pintu kamar mandi.",Diulas 382 minggu lalu,"https://ik.imagekit.io/tvlk/ugc-review/guys1L+Yyer9kzI3sp-pb0CG1j2bhflZGFUZOoIf1YOBAm37kEUOKR41ieUZm7ZJ/ugc-photo-ap-southeast-1-581603780057-acd24e232f75f09e/ACCOMMODATION/10294832_ACCOMMODATION_1547453411889_33fc4ecde7198c23?_src=imagekit&tr=c-at_max,h-100,q-40,w-100",,,,,,,,,,,,,,,,,,,
https://www.traveloka.com/id-id/user/review/consumption/HOTEL/GENERAL/1000000485924,4,23,"Untuk harga yang terjangkau breakfast-nya banyak varian dan enak. Kebersihan baik dan nyaman untuk istirahat. Resepsionisnya dan room service cepat tanggap, saya sangat senang. Terima kasih semoga semakin sukses buat Meize Hotel dan juga terima kasih Traveloka.",Diulas 382 minggu lalu,"https://ik.imagekit.io/tvlk/ugc-review/guys1L+Yyer9kzI3sp-pb0CG1j2bhflZGFUZOoIf1YOBAm37kEUOKR41ieUZm7ZJ/ugc-photo-ap-southeast-1-581603780057-acd24e232f75f09e/ACCOMMODATION/6523252_ACCOMMODATION_1547173332762_083da73dc447ea24?_src=imagekit&tr=c-at_max,h-100,q-40,w-100",,,,,,,,,,,,,,,,,,,
https://www.traveloka.com/id-id/user/review/consumption/HOTEL/GENERAL/1000000485924,4,24,"Dengan harga yang relatif murah disekitaran Bandung, pada saat pergantian tahun tetap menyajikan menu breakfast yang beragam. Seketemu selama 2 malam menginap kemarin petugasnya sopan-sopan. Tidak terlalu jauh dengan gedung sate disamping hotel ada mini market jadi memudahkan jika perlu urgent. Kamar berantakan, begitu kembali ke kamar sudah dirapikan kembali, hanya gelas di meja masih ada bekas bibir lipstik padahal baru saja check-in. Semoga kedepannya bisa lebih teliti lagi. Terima kasih.",Diulas 383 minggu lalu,"https://ik.imagekit.io/tvlk/ugc-review/guys1L+Yyer9kzI3sp-pb0CG1j2bhflZGFUZOoIf1YOBAm37kEUOKR41ieUZm7ZJ/ugc-photo-ap-southeast-1-581603780057-acd24e232f75f09e/ACCOMMODATION/13901604_ACCOMMODATION_1546607393120_c369df17cad92951?_src=imagekit&tr=c-at_max,h-100,q-40,w-100","https://ik.imagekit.io/tvlk/ugc-review/guys1L+Yyer9kzI3sp-pb0CG1j2bhflZGFUZOoIf1YOBAm37kEUOKR41ieUZm7ZJ/ugc-photo-ap-southeast-1-581603780057-acd24e232f75f09e/ACCOMMODATION/13901604_ACCOMMODATION_1546607393120_3b2d7bce80b5dd14?_src=imagekit&tr=c-at_max,h-100,q-40,w-100","https://ik.imagekit.io/tvlk/ugc-review/guys1L+Yyer9kzI3sp-pb0CG1j2bhflZGFUZOoIf1YOBAm37kEUOKR41ieUZm7ZJ/ugc-photo-ap-southeast-1-581603780057-acd24e232f75f09e/ACCOMMODATION/13901604_ACCOMMODATION_1546607459479_295caf71b6767218?_src=imagekit&tr=c-at_max,h-100,q-40,w-100",,,,,,,,,,,,,,,,,
https://www.traveloka.com/id-id/user/review/consumption/HOTEL/GENERAL/1000000485924,4,25,"Pelayanan baik, kamar berantakan di beresin siangnya tahu tahu kamar sudah rapi kembali. Sikat gigi dan selalu di ganti, cuma ada sayangnya tak ada keset. Sarapannya banyak pilihan bisa memilih makan sepuasnya.",Diulas 383 minggu lalu,"https://ik.imagekit.io/tvlk/ugc-review/guys1L+Yyer9kzI3sp-pb0CG1j2bhflZGFUZOoIf1YOBAm37kEUOKR41ieUZm7ZJ/ugc-photo-ap-southeast-1-581603780057-acd24e232f75f09e/ACCOMMODATION/87986189_ACCOMMODATION_1546478504210_a3310769bc2ed5e5?_src=imagekit&tr=c-at_max,h-100,q-40,w-100",,,,,,,,,,,,,,,,,,,
https://www.traveloka.com/id-id/user/review/consumption/HOTEL/GENERAL/1000000485924,4,26,"Suka hotel ini, anggarannya rendah tapi tetap memberikan layanan terbaik.",Diulas 384 minggu lalu,"https://ik.imagekit.io/tvlk/ugc-review/guys1L+Yyer9kzI3sp-pb0CG1j2bhflZGFUZOoIf1YOBAm37kEUOKR41ieUZm7ZJ/ugc-photo-ap-southeast-1-581603780057-acd24e232f75f09e/ACCOMMODATION/23095211_ACCOMMODATION_1546172649589_85368289019ad550?_src=imagekit&tr=c-at_max,h-100,q-40,w-100",,,,,,,,,,,,,,,,,,,
https://www.traveloka.com/id-id/user/review/consumption/HOTEL/GENERAL/1000000485924,4,27,"Bangunan bersih dan baru, bagus. Sayang check-in mundur berjam jam, sepertinya kurang tenaga room service dan cleaning service. Di lorong hotel laundry kotor dan perlengkapan kebersihan dimana 3 sehingga kotor dan terkesan sempot. kamar deluxe tidak ada handuk, Alasannya masih di laundry, sore/malam hari katanya baru akan dibagikan. aneh. sandal hanya satu, padahal jelas tertera tamu berdua. Intinya sedam disini deh yang kurang banyak, atau kurang handal. yang mana tuh. padahal hotel bagus loh.",Diulas 386 minggu lalu,"https://ik.imagekit.io/tvlk/ugc-review/guys1L+Yyer9kzI3sp-pb0CG1j2bhflZGFUZOoIf1YOBAm37kEUOKR41ieUZm7ZJ/ugc-photo-ap-southeast-1-581603780057-acd24e232f75f09e/ACCOMMODATION/19837544_ACCOMMODATION_1544862685739_96e220863657c44e?_src=imagekit&tr=c-at_max,h-100,q-40,w-100",,,,,,,,,,,,,,,,,,,
https://www.traveloka.com/id-id/user/review/consumption/HOTEL/GENERAL/1000000485924,4,28,"Tempat yang strategis, dekat ke taman lalu lintas dan banyak restaurant di sekitarnya. Harga yang menyenangkan untuk layanan hotel kelas low budget, recommended.",Diulas 387 minggu lalu,"https://ik.imagekit.io/tvlk/ugc-review/guys1L+Yyer9kzI3sp-pb0CG1j2bhflZGFUZOoIf1YOBAm37kEUOKR41ieUZm7ZJ/ugc-photo-ap-southeast-1-581603780057-acd24e232f75f09e/ACCOMMODATION/7673419_ACCOMMODATION_1544384930495_f6770b629365c277?_src=imagekit&tr=c-at_max,h-100,q-40,w-100","https://ik.imagekit.io/tvlk/ugc-review/guys1L+Yyer9kzI3sp-pb0CG1j2bhflZGFUZOoIf1YOBAm37kEUOKR41ieUZm7ZJ/ugc-photo-ap-southeast-1-581603780057-acd24e232f75f09e/ACCOMMODATION/7673419_ACCOMMODATION_1544384930496_2e55b041d58793c3?_src=imagekit&tr=c-at_max,h-100,q-40,w-100","https://ik.imagekit.io/tvlk/ugc-review/guys1L+Yyer9kzI3sp-pb0CG1j2bhflZGFUZOoIf1YOBAm37kEUOKR41ieUZm7ZJ/ugc-photo-ap-southeast-1-581603780057-acd24e232f75f09e/ACCOMMODATION/7673419_ACCOMMODATION_1544384930496_735e6dfcd58d181d?_src=imagekit&tr=c-at_max,h-100,q-40,w-100","https://ik.imagekit.io/tvlk/ugc-review/guys1L+Yyer9kzI3sp-pb0CG1j2bhflZGFUZOoIf1YOBAm37kEUOKR41ieUZm7ZJ/ugc-photo-ap-southeast-1-581603780057-acd24e232f75f09e/ACCOMMODATION/7673419_ACCOMMODATION_1544384930496_2d6b609765056ce1?_src=imagekit&tr=c-at_max,h-100,q-40,w-100",,,,,,,,,,,,,,,,
https://www.traveloka.com/id-id/user/review/consumption/HOTEL/GENERAL/1000000485924,4,29,"Lokasinya bagus, sarapan nya enak dan view dari restonya juga bagus. Tapi tempat parkir mobil sedikit walaupun pinggir jalan raya. Bagi penyuka sate kambing, dekat sini ada sate kambing Pak Gino enak banget.",Diulas 387 minggu lalu,"https://ik.imagekit.io/tvlk/ugc-review/guys1L+Yyer9kzI3sp-pb0CG1j2bhflZGFUZOoIf1YOBAm37kEUOKR41ieUZm7ZJ/ugc-photo-ap-southeast-1-581603780057-acd24e232f75f09e/ACCOMMODATION/3534612_ACCOMMODATION_1544023768575_940e34afd4bfec98?_src=imagekit&tr=c-at_max,h-100,q-40,w-100",,,,,,,,,,,,,,,,,,,
https://www.traveloka.com/id-id/user/review/consumption/HOTEL/GENERAL/1000000485924,4,30,"Hotel ini sangat bagus karena lokasinya sangat strategis, sarapan sebelak di meize hotel, enak banget, berasa banget Bandungnya. Sandalnya pun lucu banget, serius.",Diulas 389 minggu lalu,"https://ik.imagekit.io/tvlk/ugc-review/guys1L+Yyer9kzI3sp-pb0CG1j2bhflZGFUZOoIf1YOBAm37kEUOKR41ieUZm7ZJ/ugc-photo-ap-southeast-1-581603780057-acd24e232f75f09e/ACCOMMODATION/9258912_ACCOMMODATION_1543115865448_5e8b196461e73448?_src=imagekit&tr=c-at_max,h-100,q-40,w-100",,,,,,,,,,,,,,,,,,,
https://www.traveloka.com/id-id/user/review/consumption/HOTEL/GENERAL/1000000485924,4,31,"Kamar bersih, pelayanan sangat ramah.",Diulas 391 minggu lalu,"https://ik.imagekit.io/tvlk/ugc-review/guys1L+Yyer9kzI3sp-pb0CG1j2bhflZGFUZOoIf1YOBAm37kEUOKR41ieUZm7ZJ/ugc-photo-ap-southeast-1-581603780057-acd24e232f75f09e/ACCOMMODATION/3352766_ACCOMMODATION_1541669110588_6f2e062ec472cb1a?_src=imagekit&tr=c-at_max,h-100,q-40,w-100","https://ik.imagekit.io/tvlk/ugc-review/guys1L+Yyer9kzI3sp-pb0CG1j2bhflZGFUZOoIf1YOBAm37kEUOKR41ieUZm7ZJ/ugc-photo-ap-southeast-1-581603780057-acd24e232f75f09e/ACCOMMODATION/3352766_ACCOMMODATION_1541669160506_e23961a282046f3e?_src=imagekit&tr=c-at_max,h-100,q-40,w-100",,,,,,,,,,,,,,,,,,
https://www.traveloka.com/id-id/user/review/consumption/HOTEL/GENERAL/1000000485924,4,32,"Hotel ini sangat cocok untuk kunjungan singkat di Bandung. Kamarnya bersih, pelayannya ramah, harganya juga cukup murah. Direkomendasikan.",Diulas 392 minggu lalu,"https://ik.imagekit.io/tvlk/ugc-review/guys1L+Yyer9kzI3sp-pb0CG1j2bhflZGFUZOoIf1YOBAm37kEUOKR41ieUZm7ZJ/ugc-photo-ap-southeast-1-581603780057-acd24e232f75f09e/ACCOMMODATION/7354268_ACCOMMODATION_1541485188150_d8da03545d5f2e70?_src=imagekit&tr=c-at_max,h-100,q-40,w-100","https://ik.imagekit.io/tvlk/ugc-review/guys1L+Yyer9kzI3sp-pb0CG1j2bhflZGFUZOoIf1YOBAm37kEUOKR41ieUZm7ZJ/ugc-photo-ap-southeast-1-581603780057-acd24e232f75f09e/ACCOMMODATION/7354268_ACCOMMODATION_1541485188151_ebecf595a08c4c8c?_src=imagekit&tr=c-at_max,h-100,q-40,w-100","https://ik.imagekit.io/tvlk/ugc-review/guys1L+Yyer9kzI3sp-pb0CG1j2bhflZGFUZOoIf1YOBAm37kEUOKR41ieUZm7ZJ/ugc-photo-ap-southeast-1-581603780057-acd24e232f75f09e/ACCOMMODATION/7354268_ACCOMMODATION_1541485188151_27144cf1d0e74baf?_src=imagekit&tr=c-at_max,h-100,q-40,w-100",,,,,,,,,,,,,,,,,
https://www.traveloka.com/id-id/user/review/consumption/HOTEL/GENERAL/1000000485924,4,33,"Ini sudah ke sekian kalinya saya menginap disini. Dan selalu jadi rumah buat saya. selalu buat nyaman sekali. walaupun kecil tapi nyaman banget. bersih banget. keramahannya juga bagus. Cepat tanggap kalau request sesuatu. terbaik meize, harga murah tapi kualitas terbaik!",Diulas 394 minggu lalu,"https://ik.imagekit.io/tvlk/ugc-review/guys1L+Yyer9kzI3sp-pb0CG1j2bhflZGFUZOoIf1YOBAm37kEUOKR41ieUZm7ZJ/ugc-photo-ap-southeast-1-581603780057-acd24e232f75f09e/ACCOMMODATION/5628038_ACCOMMODATION_1539758664406_08787354a04c3cd9?_src=imagekit&tr=c-at_max,h-100,q-40,w-100",,,,,,,,,,,,,,,,,,,
https://www.traveloka.com/id-id/user/review/consumption/HOTEL/GENERAL/1000000485924,4,34,"Sangat menyenangkan, karyawan ramah, apalagi bagian security-nya sangat ramah dan membantu. Pokoknya kalau ke Bandung recommended banget ke Meize Hotel.",Diulas 397 minggu lalu,"https://ik.imagekit.io/tvlk/ugc-review/guys1L+Yyer9kzI3sp-pb0CG1j2bhflZGFUZOoIf1YOBAm37kEUOKR41ieUZm7ZJ/ugc-photo-ap-southeast-1-581603780057-acd24e232f75f09e/ACCOMMODATION/11710962_ACCOMMODATION_1538359601707_46bc07613828bd56?_src=imagekit&tr=c-at_max,h-100,q-40,w-100",,,,,,,,,,,,,,,,,,,
https://www.traveloka.com/id-id/user/review/consumption/HOTEL/GENERAL/1000000485924,4,35,"Di fotonya sih sepertinya luas, tetapi sesudah masuk, kok kecil ya, channel TV banyak tapi kurang jelas, terkenikuran pun kadang terbaca kadang tidak, kamar mandi juga kecil, wastafelnya imut hehe, airnya pun ada aroma-aroma yang kurang sedap, breakfastnya enak, tapi orange juicenya kok kaya nutrisari ya, parkiran sempit, untung ada petugas yang selalu sigap membantu..",Diulas 397 minggu lalu,"https://ik.imagekit.io/tvlk/ugc-review/guys1L+Yyer9kzI3sp-pb0CG1j2bhflZGFUZOoIf1YOBAm37kEUOKR41ieUZm7ZJ/ugc-photo-ap-southeast-1-581603780057-acd24e232f75f09e/ACCOMMODATION/24227871_ACCOMMODATION_1537928666680_13c84f07ba531698?_src=imagekit&tr=c-at_max,h-100,q-40,w-100","https://ik.imagekit.io/tvlk/ugc-review/guys1L+Yyer9kzI3sp-pb0CG1j2bhflZGFUZOoIf1YOBAm37kEUOKR41ieUZm7ZJ/ugc-photo-ap-southeast-1-581603780057-acd24e232f75f09e/ACCOMMODATION/24227871_ACCOMMODATION_1537928666680_dbd9aed98b76a0a2?_src=imagekit&tr=c-at_max,h-100,q-40,w-100",,,,,,,,,,,,,,,,,,
https://www.traveloka.com/id-id/user/review/consumption/HOTEL/GENERAL/1000000485924,4,36,"Kamarnya bersih, pesan yang connecting door. Sarapan oke, sesuai dengan harga kamar, pelayanan ramah, lift berfungsi dan AC dingin.",Diulas 398 minggu lalu,"https://ik.imagekit.io/tvlk/ugc-review/guys1L+Yyer9kzI3sp-pb0CG1j2bhflZGFUZOoIf1YOBAm37kEUOKR41ieUZm7ZJ/ugc-photo-ap-southeast-1-581603780057-acd24e232f75f09e/ACCOMMODATION/4410295_ACCOMMODATION_1537585498810_0e533320696b2142?_src=imagekit&tr=c-at_max,h-100,q-40,w-100",,,,,,,,,,,,,,,,,,,
https://www.traveloka.com/id-id/user/review/consumption/HOTEL/GENERAL/1000000485924,4,37,"Bagus, saya menginap selama seminggu meize hotel dan bersih. Cukup 10 menit sampai ke Bandung O sudah plaza. Satu kekurangannya handuk sudah lama dan layak diganti.",Diulas 400 minggu lalu,"https://ik.imagekit.io/tvlk/ugc-review/guys1L+Yyer9kzI3sp-pb0CG1j2bhflZGFUZOoIf1YOBAm37kEUOKR41ieUZm7ZJ/ugc-photo-ap-southeast-1-581603780057-acd24e232f75f09e/ACCOMMODATION/5887332_ACCOMMODATION_1536170022406_833003ce2a50bb13?_src=imagekit&tr=c-at_max,h-100,q-40,w-100","https://ik.imagekit.io/tvlk/ugc-review/guys1L+Yyer9kzI3sp-pb0CG1j2bhflZGFUZOoIf1YOBAm37kEUOKR41ieUZm7ZJ/ugc-photo-ap-southeast-1-581603780057-acd24e232f75f09e/ACCOMMODATION/5887332_ACCOMMODATION_1536170022406_1183638ba087abc1?_src=imagekit&tr=c-at_max,h-100,q-40,w-100",,,,,,,,,,,,,,,,,,
https://www.traveloka.com/id-id/user/review/consumption/HOTEL/GENERAL/1000000485924,4,38,"Menyenangkan, kamarnya bersih, nyaman, room servis juga oke, ramah dan sigap juga kalau kita butuh sesuatu kalau ada yang kurang. Makanannya lumayanan enak.",Diulas 401 minggu lalu,"https://ik.imagekit.io/tvlk/ugc-review/guys1L+Yyer9kzI3sp-pb0CG1j2bhflZGFUZOoIf1YOBAm37kEUOKR41ieUZm7ZJ/ugc-photo-ap-southeast-1-581603780057-acd24e232f75f09e/ACCOMMODATION/45965922_ACCOMMODATION_1535939861295_9c1e5d9620f3ffdb?_src=imagekit&tr=c-at_max,h-100,q-40,w-100",,,,,,,,,,,,,,,,,,,
https://www.traveloka.com/id-id/user/review/consumption/HOTEL/GENERAL/1000000485924,4,39,"Hotel ini terletak di jantung kota bandung, tidak terlalu jauh dari banyak tempat perbelanjaan. Cukup nyaman dengan harga terjangkau. Hotel murah terbaik sejauh ini",Diulas 401 minggu lalu,"https://ik.imagekit.io/tvlk/ugc-review/guys1L+Yyer9kzI3sp-pb0CG1j2bhflZGFUZOoIf1YOBAm37kEUOKR41ieUZm7ZJ/ugc-photo-ap-southeast-1-581603780057-acd24e232f75f09e/ACCOMMODATION/21914841_ACCOMMODATION_1535602617682_bd57efb13eb81beb?_src=imagekit&tr=c-at_max,h-100,q-40,w-100",,,,,,,,,,,,,,,,,,,
https://www.traveloka.com/id-id/user/review/consumption/HOTEL/GENERAL/1000000485924,4,40,"First stay and got a super bad experience. Saya dapat kamar no 514 dengan jendela menghadap ke tembok yang jaraknya dekat dengan jendela (no view dan tampak gelap). Yang paling mengecewakan adalah kamar mandinya yang sangat kotor. Banyak lumut-lumut kuning di sudut kamar mandi. sisa sabun/busa mandi yang mengering penasaran, Saya coba usap sedikit lumut kuning yang licin di sudut lantai dengan menggunakan keset, bisa hilang! Didini bukan kerak yang tidak bisa hilang. Kamar mandi jadi bau apek. Pintu sliding kaca juga kusam sekali. di bagian bawah menguning. dan handlenya lepas, sampai jari saya tergores pinggiran kaca bekas handlingnya. Saat di sliding susah dan seret karena relnya sudah berkarat. Untuk kamar tidurnya bau apek, tidak ada wangi-wanginya. Tembok kamar banyak tapak dan noda kecoklatan (mungkin harusnya di cat ulang) handuk, keset, sarung bantal dan sprei sudah terlalu kusam. Handuk sudah sobek-sobek bagian ujungnya. sudut kamar masih banyak debu. lantai juga terlihat kusam. I think i stay at warehouse. not at hotels room. Sorry to say tapi menurut saya harusnya kamar ini tidak ditawarkan lagi karena sudah perlu renovasi. Sangat berbeda dengan hotel bintang yang sama di tempat lain. Saat saya komplain dan minta pindah kamar menurut resepsionis, kamar sudah penuh semua. lalu saya tanya bagaimana solusinya, Akhirnya dipanggilkan teknisi dan housekeeping. oleh teknisi, pintu kaca yang menggores jari saya diberi isolasi sementara. Lalu oleh housekeeping kamar mandi hanya disikat sedikit dasar lantainya dan tetap dindingnya yang berlumut tadi tidak dibersihkan, tapi saya sudah malas ngmong karena sudah malam. plusnya adalah cek in-nya cepat, resepsionis dan security ramah, ada atm, indomart, dekat kemana-mana.",Diulas 403 minggu lalu,"https://ik.imagekit.io/tvlk/ugc-review/guys1L+Yyer9kzI3sp-pb0CG1j2bhflZGFUZOoIf1YOBAm37kEUOKR41ieUZm7ZJ/ugc-photo-ap-southeast-1-581603780057-acd24e232f75f09e/ACCOMMODATION/8663725_ACCOMMODATION_1534818221958_57475badbb5d02ab?_src=imagekit&tr=c-at_max,h-80,q-40,w-80","https://ik.imagekit.io/tvlk/ugc-review/guys1L+Yyer9kzI3sp-pb0CG1j2bhflZGFUZOoIf1YOBAm37kEUOKR41ieUZm7ZJ/ugc-photo-ap-southeast-1-581603780057-acd24e232f75f09e/ACCOMMODATION/8663725_ACCOMMODATION_1534818221959_3f0dd630f8d14f1a?_src=imagekit&tr=c-at_max,h-80,q-40,w-80","https://ik.imagekit.io/tvlk/ugc-review/guys1L+Yyer9kzI3sp-pb0CG1j2bhflZGFUZOoIf1YOBAm37kEUOKR41ieUZm7ZJ/ugc-photo-ap-southeast-1-581603780057-acd24e232f75f09e/ACCOMMODATION/8663725_ACCOMMODATION_1534818221959_67e4e844125efc9c?_src=imagekit&tr=c-at_max,h-80,q-40,w-80","https://ik.imagekit.io/tvlk/ugc-review/guys1L+Yyer9kzI3sp-pb0CG1j2bhflZGFUZOoIf1YOBAm37kEUOKR41ieUZm7ZJ/ugc-photo-ap-southeast-1-581603780057-acd24e232f75f09e/ACCOMMODATION/8663725_ACCOMMODATION_1534818221960_b94f33a6a5dc8ef1?_src=imagekit&tr=c-at_max,h-80,q-40,w-80","https://ik.imagekit.io/tvlk/ugc-review/guys1L+Yyer9kzI3sp-pb0CG1j2bhflZGFUZOoIf1YOBAm37kEUOKR41ieUZm7ZJ/ugc-photo-ap-southeast-1-581603780057-acd24e232f75f09e/ACCOMMODATION/8663725_ACCOMMODATION_1534818221960_4db62e524dabe246?_src=imagekit&tr=c-at_max,h-80,q-40,w-80","https://ik.imagekit.io/tvlk/ugc-review/guys1L+Yyer9kzI3sp-pb0CG1j2bhflZGFUZOoIf1YOBAm37kEUOKR41ieUZm7ZJ/ugc-photo-ap-southeast-1-581603780057-acd24e232f75f09e/ACCOMMODATION/8663725_ACCOMMODATION_1534818221960_3ba682090a0ed46c?_src=imagekit&tr=c-at_max,h-80,q-40,w-80","https://ik.imagekit.io/tvlk/ugc-review/guys1L+Yyer9kzI3sp-pb0CG1j2bhflZGFUZOoIf1YOBAm37kEUOKR41ieUZm7ZJ/ugc-photo-ap-southeast-1-581603780057-acd24e232f75f09e/ACCOMMODATION/8663725_ACCOMMODATION_1534818221961_064c97f093f249e3?_src=imagekit&tr=c-at_max,h-80,q-40,w-80","https://ik.imagekit.io/tvlk/ugc-review/guys1L+Yyer9kzI3sp-pb0CG1j2bhflZGFUZOoIf1YOBAm37kEUOKR41ieUZm7ZJ/ugc-photo-ap-southeast-1-581603780057-acd24e232f75f09e/ACCOMMODATION/8663725_ACCOMMODATION_1534818221961_b4ea9c681533e9d0?_src=imagekit&tr=c-at_max,h-80,q-40,w-80","https://ik.imagekit.io/tvlk/ugc-review/guys1L+Yyer9kzI3sp-pb0CG1j2bhflZGFUZOoIf1YOBAm37kEUOKR41ieUZm7ZJ/ugc-photo-ap-southeast-1-581603780057-acd24e232f75f09e/ACCOMMODATION/8663725_ACCOMMODATION_1534818221961_684b51a8c630c919?_src=imagekit&tr=c-at_max,h-80,q-40,w-80",,,,,,,,,,,
https://www.traveloka.com/id-id/user/review/consumption/HOTEL/GENERAL/1000000485924,5,1,Hotel budget yang nyaman dan memberikan fasilitas yang cukup memuaskan. Kamar tidur nyaman. Ada jendela di setiap kamar yang mengarahkan keluar gedung sehingga bisa mendapatkan cahaya matahari.,Diulas 403 minggu lalu,"https://ik.imagekit.io/tvlk/ugc-review/guys1L+Yyer9kzI3sp-pb0CG1j2bhflZGFUZOoIf1YOBAm37kEUOKR41ieUZm7ZJ/ugc-photo-ap-southeast-1-581603780057-acd24e232f75f09e/ACCOMMODATION/8962697_ACCOMMODATION_1534400143258_f298e2fceff02c4a?_src=imagekit&tr=c-at_max,h-100,q-40,w-100","https://ik.imagekit.io/tvlk/ugc-review/guys1L+Yyer9kzI3sp-pb0CG1j2bhflZGFUZOoIf1YOBAm37kEUOKR41ieUZm7ZJ/ugc-photo-ap-southeast-1-581603780057-acd24e232f75f09e/ACCOMMODATION/8962697_ACCOMMODATION_1534400143259_5f35430d209927c3?_src=imagekit&tr=c-at_max,h-100,q-40,w-100",,,,,,,,,,,,,,,,,,
https://www.traveloka.com/id-id/user/review/consumption/HOTEL/GENERAL/1000000485924,5,2,"Fasilitas untuk semuanya, puas banget tidak ada kekurangan. Cuma pas breakfast belum sempat mencoba walaupun menginap 3 malam.",Diulas 407 minggu lalu,"https://ik.imagekit.io/tvlk/ugc-review/guys1L+Yyer9kzI3sp-pb0CG1j2bhflZGFUZOoIf1YOBAm37kEUOKR41ieUZm7ZJ/ugc-photo-ap-southeast-1-581603780057-acd24e232f75f09e/ACCOMMODATION/16556106_ACCOMMODATION_1531837860212_63fccf422201451e?_src=imagekit&tr=c-at_max,h-100,q-40,w-100",,,,,,,,,,,,,,,,,,,
https://www.traveloka.com/id-id/user/review/consumption/HOTEL/GENERAL/1000000485924,5,3,"Hotelnya nyaman, bersih, tidak neko-neko, tidak banyak aneh-aneh, pelayanan ramah, tapi pas masuk kamar kirain kamarnya jendelanya menghadap keluar/ke taman, taunya menghadap ke tangga evakuasi, tapi overall bagus lah untuk harga segitu worth it.",Diulas 407 minggu lalu,"https://ik.imagekit.io/tvlk/ugc-review/guys1L+Yyer9kzI3sp-pb0CG1j2bhflZGFUZOoIf1YOBAm37kEUOKR41ieUZm7ZJ/ugc-photo-ap-southeast-1-581603780057-acd24e232f75f09e/ACCOMMODATION/6684112_ACCOMMODATION_1532076447002_85094a7259b8cb69?_src=imagekit&tr=c-at_max,h-100,q-40,w-100",,,,,,,,,,,,,,,,,,,
https://www.traveloka.com/id-id/user/review/consumption/HOTEL/GENERAL/1000000485924,5,4,Sangat puas dengan harga tidak menguras kantong.,Diulas 407 minggu lalu,"https://ik.imagekit.io/tvlk/ugc-review/guys1L+Yyer9kzI3sp-pb0CG1j2bhflZGFUZOoIf1YOBAm37kEUOKR41ieUZm7ZJ/ugc-photo-ap-southeast-1-581603780057-acd24e232f75f09e/ACCOMMODATION/6763804_ACCOMMODATION_1531992685702_be01397d9138c7e7?_src=imagekit&tr=c-at_max,h-100,q-40,w-100","https://ik.imagekit.io/tvlk/ugc-review/guys1L+Yyer9kzI3sp-pb0CG1j2bhflZGFUZOoIf1YOBAm37kEUOKR41ieUZm7ZJ/ugc-photo-ap-southeast-1-581603780057-acd24e232f75f09e/ACCOMMODATION/6763804_ACCOMMODATION_1531992685703_064719f5905283f6?_src=imagekit&tr=c-at_max,h-100,q-40,w-100","https://ik.imagekit.io/tvlk/ugc-review/guys1L+Yyer9kzI3sp-pb0CG1j2bhflZGFUZOoIf1YOBAm37kEUOKR41ieUZm7ZJ/ugc-photo-ap-southeast-1-581603780057-acd24e232f75f09e/ACCOMMODATION/6763804_ACCOMMODATION_1531992685703_7e62c06aacd83878?_src=imagekit&tr=c-at_max,h-100,q-40,w-100",,,,,,,,,,,,,,,,,
https://www.traveloka.com/id-id/user/review/consumption/HOTEL/GENERAL/1000000485924,5,5,"Jempol... Harga jelas murah, lokasi jelas tengah kota, strategis lingkungan rindam siliwangi tepat di sebelah markas zeni. Diapit rumah makan padang dan indomaret. Kamarnya bersih nyaman, fasilitas lengkap sesuai bintang 3, kurangnya cuma lemari pakaian dan kolam renang aja. Kamar mandi memang agak sempit, tp masih cukup tidak mengganggu. Saran pintu shower dikasih kain supaya airnya tidak nyiprat ke bagian lain. Juga handuk agak bau, bukan tidak bersih tp mungkin bau detergen/lemari, sebaiknya ditambahkan sedikit pewangi. Yg takjub saat sarapan, lokasinya di rooftop, menu lengkap dan enak (yg bilang tidak enak mah orang aneh), bener-bener melampaui harganya yg cuma senilai budget hotel.",Diulas 407 minggu lalu,"https://ik.imagekit.io/tvlk/ugc-review/guys1L+Yyer9kzI3sp-pb0CG1j2bhflZGFUZOoIf1YOBAm37kEUOKR41ieUZm7ZJ/ugc-photo-ap-southeast-1-581603780057-acd24e232f75f09e/ACCOMMODATION/15493099_ACCOMMODATION_1531880266435_1e54a37ad84e73eb?_src=imagekit&tr=c-at_max,h-100,q-40,w-100","https://ik.imagekit.io/tvlk/ugc-review/guys1L+Yyer9kzI3sp-pb0CG1j2bhflZGFUZOoIf1YOBAm37kEUOKR41ieUZm7ZJ/ugc-photo-ap-southeast-1-581603780057-acd24e232f75f09e/ACCOMMODATION/15493099_ACCOMMODATION_1531880266436_8db2e7a48da71057?_src=imagekit&tr=c-at_max,h-100,q-40,w-100",,,,,,,,,,,,,,,,,,
https://www.traveloka.com/id-id/user/review/consumption/HOTEL/GENERAL/1000000485924,5,6,"Sangat bagus, murah dan pelayanan bagus",Diulas 408 minggu lalu,"https://ik.imagekit.io/tvlk/ugc-review/guys1L+Yyer9kzI3sp-pb0CG1j2bhflZGFUZOoIf1YOBAm37kEUOKR41ieUZm7ZJ/ugc-photo-ap-southeast-1-581603780057-acd24e232f75f09e/ACCOMMODATION/3628340_ACCOMMODATION_1531627469007_cb3e7ea6407c9526?_src=imagekit&tr=c-at_max,h-100,q-40,w-100",,,,,,,,,,,,,,,,,,,
https://www.traveloka.com/id-id/user/review/consumption/HOTEL/GENERAL/1000000485924,5,7,"Sarapannya variatif, banyak pilihan. Staf ramah, cuma saya kebagian di lantai 5 dan malam hari agak terganggu dengan suara mesin thorn air yg mungkin letaknya di atas.",Diulas 409 minggu lalu,"https://ik.imagekit.io/tvlk/ugc-review/guys1L+Yyer9kzI3sp-pb0CG1j2bhflZGFUZOoIf1YOBAm37kEUOKR41ieUZm7ZJ/ugc-photo-ap-southeast-1-581603780057-acd24e232f75f09e/ACCOMMODATION/27867332_ACCOMMODATION_1530805198693_c3941bb3d7eeb422?_src=imagekit&tr=c-at_max,h-100,q-40,w-100",,,,,,,,,,,,,,,,,,,
https://www.traveloka.com/id-id/user/review/consumption/HOTEL/GENERAL/1000000485924,5,8,"Kamarnya nyaman, bersih, fasilitas lengkap, harga oke, kalau ke Bandung pasti menginap di Meize lagi.",Diulas 410 minggu lalu,"https://ik.imagekit.io/tvlk/ugc-review/guys1L+Yyer9kzI3sp-pb0CG1j2bhflZGFUZOoIf1YOBAm37kEUOKR41ieUZm7ZJ/ugc-photo-ap-southeast-1-581603780057-acd24e232f75f09e/ACCOMMODATION/10167330_ACCOMMODATION_1530582830351_4bce6d026ef49187?_src=imagekit&tr=c-at_max,h-100,q-40,w-100",,,,,,,,,,,,,,,,,,,
https://www.traveloka.com/id-id/user/review/consumption/HOTEL/GENERAL/1000000485924,5,9,"Saya suka kamarnya cukup nyaman. Tapi untuk makanannya, rasanya sangat standar.",Diulas 411 minggu lalu,"https://ik.imagekit.io/tvlk/ugc-review/guys1L+Yyer9kzI3sp-pb0CG1j2bhflZGFUZOoIf1YOBAm37kEUOKR41ieUZm7ZJ/ugc-photo-ap-southeast-1-581603780057-acd24e232f75f09e/ACCOMMODATION/26395602_ACCOMMODATION_1529624076528_512df890cad9d914?_src=imagekit&tr=c-at_max,h-100,q-40,w-100",,,,,,,,,,,,,,,,,,,
https://www.traveloka.com/id-id/user/review/consumption/HOTEL/GENERAL/1000000485924,5,10,"Booked hotel ini saat libur lebaran, tergoda karena harganya 580 per kamar dan plus breakfast untuk 2 orang. Ternyata saya menaruh ekspektasi yang terlalu tinggi sepertinya. Untuk traveler lain menu breakfastnya saat itu, nasi, nasi goreng, bihun, Ayam goreng, bubur beserta pelengkapnya, telur dadar, roti beserta selai dan buah buahan",Diulas 411 minggu lalu,"https://ik.imagekit.io/tvlk/ugc-review/guys1L+Yyer9kzI3sp-pb0CG1j2bhflZGFUZOoIf1YOBAm37kEUOKR41ieUZm7ZJ/ugc-photo-ap-southeast-1-581603780057-acd24e232f75f09e/ACCOMMODATION/15002889_ACCOMMODATION_1529378101557_6ed202f0668027e4?_src=imagekit&tr=c-at_max,h-100,q-40,w-100",,,,,,,,,,,,,,,,,,,
https://www.traveloka.com/id-id/user/review/consumption/HOTEL/GENERAL/1000000485924,5,11,"Interior bagus, pelayanan menarik, cuma mohon saluran TV semua kamar lebih dibaguskan lagi.",Diulas 411 minggu lalu,"https://ik.imagekit.io/tvlk/ugc-review/guys1L+Yyer9kzI3sp-pb0CG1j2bhflZGFUZOoIf1YOBAm37kEUOKR41ieUZm7ZJ/ugc-photo-ap-southeast-1-581603780057-acd24e232f75f09e/ACCOMMODATION/61691063_ACCOMMODATION_1529648859154_dbf03b99aa7cb67f?_src=imagekit&tr=c-at_max,h-100,q-40,w-100",,,,,,,,,,,,,,,,,,,
https://www.traveloka.com/id-id/user/review/consumption/HOTEL/GENERAL/1000000485924,5,12,"Lobby dan restaurant bagus and luas tapi sayang lokasinya jauh dari mana-mana. Saluran TVnya tidak jernih and sedikit, Variasi menu breakfastnya perlu di tambah, rasa makanan kurang enak. Staf restorannya ramah. Hotel ini cukuplah kalau untuk sekedar istirahat dengan harga yang murah.",Diulas 411 minggu lalu,"https://ik.imagekit.io/tvlk/ugc-review/guys1L+Yyer9kzI3sp-pb0CG1j2bhflZGFUZOoIf1YOBAm37kEUOKR41ieUZm7ZJ/ugc-photo-ap-southeast-1-581603780057-acd24e232f75f09e/ACCOMMODATION/10819759_ACCOMMODATION_1529550718084_2ad42497c87ff29c?_src=imagekit&tr=c-at_max,h-80,q-40,w-80","https://ik.imagekit.io/tvlk/ugc-review/guys1L+Yyer9kzI3sp-pb0CG1j2bhflZGFUZOoIf1YOBAm37kEUOKR41ieUZm7ZJ/ugc-photo-ap-southeast-1-581603780057-acd24e232f75f09e/ACCOMMODATION/10819759_ACCOMMODATION_1529550718085_e06188333058b0d6?_src=imagekit&tr=c-at_max,h-80,q-40,w-80","https://ik.imagekit.io/tvlk/ugc-review/guys1L+Yyer9kzI3sp-pb0CG1j2bhflZGFUZOoIf1YOBAm37kEUOKR41ieUZm7ZJ/ugc-photo-ap-southeast-1-581603780057-acd24e232f75f09e/ACCOMMODATION/10819759_ACCOMMODATION_1529550718085_b448784e6b779456?_src=imagekit&tr=c-at_max,h-80,q-40,w-80","https://ik.imagekit.io/tvlk/ugc-review/guys1L+Yyer9kzI3sp-pb0CG1j2bhflZGFUZOoIf1YOBAm37kEUOKR41ieUZm7ZJ/ugc-photo-ap-southeast-1-581603780057-acd24e232f75f09e/ACCOMMODATION/10819759_ACCOMMODATION_1529550718086_476a2e84f7571c75?_src=imagekit&tr=c-at_max,h-80,q-40,w-80","https://ik.imagekit.io/tvlk/ugc-review/guys1L+Yyer9kzI3sp-pb0CG1j2bhflZGFUZOoIf1YOBAm37kEUOKR41ieUZm7ZJ/ugc-photo-ap-southeast-1-581603780057-acd24e232f75f09e/ACCOMMODATION/10819759_ACCOMMODATION_1529550718086_5aff2e60835934ab?_src=imagekit&tr=c-at_max,h-80,q-40,w-80","https://ik.imagekit.io/tvlk/ugc-review/guys1L+Yyer9kzI3sp-pb0CG1j2bhflZGFUZOoIf1YOBAm37kEUOKR41ieUZm7ZJ/ugc-photo-ap-southeast-1-581603780057-acd24e232f75f09e/ACCOMMODATION/10819759_ACCOMMODATION_1529550718087_d45d37f517c8baf7?_src=imagekit&tr=c-at_max,h-80,q-40,w-80","https://ik.imagekit.io/tvlk/ugc-review/guys1L+Yyer9kzI3sp-pb0CG1j2bhflZGFUZOoIf1YOBAm37kEUOKR41ieUZm7ZJ/ugc-photo-ap-southeast-1-581603780057-acd24e232f75f09e/ACCOMMODATION/10819759_ACCOMMODATION_1529550718087_fce39fed72a9016f?_src=imagekit&tr=c-at_max,h-80,q-40,w-80","https://ik.imagekit.io/tvlk/ugc-review/guys1L+Yyer9kzI3sp-pb0CG1j2bhflZGFUZOoIf1YOBAm37kEUOKR41ieUZm7ZJ/ugc-photo-ap-southeast-1-581603780057-acd24e232f75f09e/ACCOMMODATION/10819759_ACCOMMODATION_1529550718087_d79510ee5b1a03bb?_src=imagekit&tr=c-at_max,h-80,q-40,w-80","https://ik.imagekit.io/tvlk/ugc-review/guys1L+Yyer9kzI3sp-pb0CG1j2bhflZGFUZOoIf1YOBAm37kEUOKR41ieUZm7ZJ/ugc-photo-ap-southeast-1-581603780057-acd24e232f75f09e/ACCOMMODATION/10819759_ACCOMMODATION_1529550718088_5db272989a99cd9d?_src=imagekit&tr=c-at_max,h-80,q-40,w-80","https://ik.imagekit.io/tvlk/ugc-review/guys1L+Yyer9kzI3sp-pb0CG1j2bhflZGFUZOoIf1YOBAm37kEUOKR41ieUZm7ZJ/ugc-photo-ap-southeast-1-581603780057-acd24e232f75f09e/ACCOMMODATION/10819759_ACCOMMODATION_1529550718088_e92be50f810fd9fd?_src=imagekit&tr=c-at_max,h-80,q-40,w-80",,,,,,,,,,
https://www.traveloka.com/id-id/user/review/consumption/HOTEL/GENERAL/1000000485924,5,13,"Hotel budget yang sangat memuaskan. Kamarnya bersih dan tidak sempit. kamar mandi juga bersih dan ukurannya minimalis. Breakfast disini juga All You Can Eat! Dan dilantai atas ada spot yang sambil bisa nikmatin pemandangan. Parkir valet free, kesadaran kita saja kasih tips untuk masnya. Recommended banget untuk kalian yang ingin ke bandung menginap di hotel budget! 5 stars untuk Meize Hotel.",Diulas 413 minggu lalu,"https://ik.imagekit.io/tvlk/ugc-review/guys1L+Yyer9kzI3sp-pb0CG1j2bhflZGFUZOoIf1YOBAm37kEUOKR41ieUZm7ZJ/ugc-photo-ap-southeast-1-581603780057-acd24e232f75f09e/ACCOMMODATION/19298020_ACCOMMODATION_1528202457706_c7e93edb3c9a5e24?_src=imagekit&tr=c-at_max,h-100,q-40,w-100","https://ik.imagekit.io/tvlk/ugc-review/guys1L+Yyer9kzI3sp-pb0CG1j2bhflZGFUZOoIf1YOBAm37kEUOKR41ieUZm7ZJ/ugc-photo-ap-southeast-1-581603780057-acd24e232f75f09e/ACCOMMODATION/19298020_ACCOMMODATION_1528202457706_b01e67d3575a8e8c?_src=imagekit&tr=c-at_max,h-100,q-40,w-100",,,,,,,,,,,,,,,,,,
https://www.traveloka.com/id-id/user/review/consumption/HOTEL/GENERAL/1000000485924,5,14,"2 hari stay di meize hotel merasa puas dari pelayanannya, roomnya yang bersih, breakfastnya cukup beragam dengan harga yang ditawarkan. Pinjam hair dryer langsung di antar sama petugasnya over roll sip deh. Untuk kalian yang mau liburan ke bandung dengan budget yang murah, Cocok buat backpacker seperti saya, thanks meize hotel.",Diulas 415 minggu lalu,"https://ik.imagekit.io/tvlk/ugc-review/guys1L+Yyer9kzI3sp-pb0CG1j2bhflZGFUZOoIf1YOBAm37kEUOKR41ieUZm7ZJ/ugc-photo-ap-southeast-1-581603780057-acd24e232f75f09e/ACCOMMODATION/16719218_ACCOMMODATION_1527571936930_7d1fd940912ab7d6?_src=imagekit&tr=c-at_max,h-100,q-40,w-100",,,,,,,,,,,,,,,,,,,
https://www.traveloka.com/id-id/user/review/consumption/HOTEL/GENERAL/1000000485924,5,15,"Hotelnya nyaman lokasi dipinggir jalan, ada tempat refleksinya lagi, cuma 1 saran saya supaya ada keset kamar mandi ya supaya semakin oke",Diulas 416 minggu lalu,"https://ik.imagekit.io/tvlk/ugc-review/guys1L+Yyer9kzI3sp-pb0CG1j2bhflZGFUZOoIf1YOBAm37kEUOKR41ieUZm7ZJ/ugc-photo-ap-southeast-1-581603780057-acd24e232f75f09e/ACCOMMODATION/5092646_ACCOMMODATION_1526877188697_13e980c8b4dde6cf?_src=imagekit&tr=c-at_max,h-100,q-40,w-100","https://ik.imagekit.io/tvlk/ugc-review/guys1L+Yyer9kzI3sp-pb0CG1j2bhflZGFUZOoIf1YOBAm37kEUOKR41ieUZm7ZJ/ugc-photo-ap-southeast-1-581603780057-acd24e232f75f09e/ACCOMMODATION/5092646_ACCOMMODATION_1526877184080_74f1f310bfe1c3b7?_src=imagekit&tr=c-at_max,h-100,q-40,w-100",,,,,,,,,,,,,,,,,,
https://www.traveloka.com/id-id/user/review/consumption/HOTEL/GENERAL/1000000485924,5,16,Mantap nyaman makanan enak. Harga terjangkau,Diulas 417 minggu lalu,"https://ik.imagekit.io/tvlk/ugc-review/guys1L+Yyer9kzI3sp-pb0CG1j2bhflZGFUZOoIf1YOBAm37kEUOKR41ieUZm7ZJ/ugc-photo-ap-southeast-1-581603780057-acd24e232f75f09e/ACCOMMODATION/4100285_ACCOMMODATION_1526349990141_06fd7eb1f06fc2e5?_src=imagekit&tr=c-at_max,h-100,q-40,w-100",,,,,,,,,,,,,,,,,,,
https://www.traveloka.com/id-id/user/review/consumption/HOTEL/GENERAL/1000000485924,5,17,"Sangat bagus, kalau ke Bandung lagi pasti ke sini.",Diulas 418 minggu lalu,"https://ik.imagekit.io/tvlk/ugc-review/guys1L+Yyer9kzI3sp-pb0CG1j2bhflZGFUZOoIf1YOBAm37kEUOKR41ieUZm7ZJ/ugc-photo-ap-southeast-1-581603780057-acd24e232f75f09e/ACCOMMODATION/5195362_ACCOMMODATION_1524724934510_7774e6e2daf78e5b?_src=imagekit&tr=c-at_max,h-100,q-40,w-100",,,,,,,,,,,,,,,,,,,
https://www.traveloka.com/id-id/user/review/consumption/HOTEL/GENERAL/1000000485924,5,18,"Luar biasa saya dapat kejutan di upgrade kamar saya tanpa ada biaya tambahan and benar-benar Traveloka memberikan pelayanan yang terbaik, kamar oke banget",Diulas 418 minggu lalu,"https://ik.imagekit.io/tvlk/ugc-review/guys1L+Yyer9kzI3sp-pb0CG1j2bhflZGFUZOoIf1YOBAm37kEUOKR41ieUZm7ZJ/ugc-photo-ap-southeast-1-581603780057-acd24e232f75f09e/ACCOMMODATION/13478210_ACCOMMODATION_1525309224223_65b52bb72b05b7e4?_src=imagekit&tr=c-at_max,h-100,q-40,w-100","https://ik.imagekit.io/tvlk/ugc-review/guys1L+Yyer9kzI3sp-pb0CG1j2bhflZGFUZOoIf1YOBAm37kEUOKR41ieUZm7ZJ/ugc-photo-ap-southeast-1-581603780057-acd24e232f75f09e/ACCOMMODATION/13478210_ACCOMMODATION_1525309224224_62854f7a6aa1cbe8?_src=imagekit&tr=c-at_max,h-100,q-40,w-100",,,,,,,,,,,,,,,,,,
https://www.traveloka.com/id-id/user/review/consumption/HOTEL/GENERAL/1000000485924,5,19,"Lokasi hotel strategis, kamar luas tapi kamar mandi sempit sekali. Handuk seperti sudah lusuh.",Diulas 418 minggu lalu,"https://ik.imagekit.io/tvlk/ugc-review/guys1L+Yyer9kzI3sp-pb0CG1j2bhflZGFUZOoIf1YOBAm37kEUOKR41ieUZm7ZJ/ugc-photo-ap-southeast-1-581603780057-acd24e232f75f09e/ACCOMMODATION/4356508_ACCOMMODATION_1525227947484_74348c8adb216faf?_src=imagekit&tr=c-at_max,h-100,q-40,w-100",,,,,,,,,,,,,,,,,,,
https://www.traveloka.com/id-id/user/review/consumption/HOTEL/GENERAL/1000000485924,5,20,Pelayanan dari datang sampai pulang sangat baik. Bersih juga nyaman.,Diulas 419 minggu lalu,"https://ik.imagekit.io/tvlk/ugc-review/guys1L+Yyer9kzI3sp-pb0CG1j2bhflZGFUZOoIf1YOBAm37kEUOKR41ieUZm7ZJ/ugc-photo-ap-southeast-1-581603780057-acd24e232f75f09e/ACCOMMODATION/8812710_ACCOMMODATION_1524280933793_6cdb2228c852fcc8?_src=imagekit&tr=c-at_max,h-100,q-40,w-100",,,,,,,,,,,,,,,,,,,
https://www.traveloka.com/id-id/user/review/consumption/HOTEL/GENERAL/1000000485924,5,21,"Nyaman, tenang dan bersih",Diulas 420 minggu lalu,"https://ik.imagekit.io/tvlk/ugc-review/guys1L+Yyer9kzI3sp-pb0CG1j2bhflZGFUZOoIf1YOBAm37kEUOKR41ieUZm7ZJ/ugc-photo-ap-southeast-1-581603780057-acd24e232f75f09e/ACCOMMODATION/5709140_ACCOMMODATION_1524381334972_9973d2635ddf06c8?_src=imagekit&tr=c-at_max,h-100,q-40,w-100",,,,,,,,,,,,,,,,,,,
https://www.traveloka.com/id-id/user/review/consumption/HOTEL/GENERAL/1000000485924,5,22,"Tempat bersih dan lokasi cukup strategis, makanan memang variasi tapi rasanya kurang-kurang fasilitas kamar alat pembuat teh, Benar-benar arti harafiah hanya disediakan alatnya tapi teh/kopinya tidak disediakan, saran saja lebih baik tidak usah disediain sekalian di tiap kamar jadi tidak memberi harapan dapat teh/kopi-kamar 201 dekat banget seberangan dengan gudang room service jadi agak berisik karena stafnya pada ambil stok barang disitu Sering mondar mandire-FO-nya jutek amat pas awal datang dan harus deposit saat awal meski sudah bayar full di muka",Diulas 420 minggu lalu,"https://ik.imagekit.io/tvlk/ugc-review/guys1L+Yyer9kzI3sp-pb0CG1j2bhflZGFUZOoIf1YOBAm37kEUOKR41ieUZm7ZJ/ugc-photo-ap-southeast-1-581603780057-acd24e232f75f09e/ACCOMMODATION/17898736_ACCOMMODATION_1524456849829_1ebc672e293dbb95?_src=imagekit&tr=c-at_max,h-100,q-40,w-100","https://ik.imagekit.io/tvlk/ugc-review/guys1L+Yyer9kzI3sp-pb0CG1j2bhflZGFUZOoIf1YOBAm37kEUOKR41ieUZm7ZJ/ugc-photo-ap-southeast-1-581603780057-acd24e232f75f09e/ACCOMMODATION/17898736_ACCOMMODATION_1524456849830_b179168f45334b8e?_src=imagekit&tr=c-at_max,h-100,q-40,w-100",,,,,,,,,,,,,,,,,,
https://www.traveloka.com/id-id/user/review/consumption/HOTEL/GENERAL/1000000485924,5,23,"AC tidak dingin dari pertama kali datang, resepsionis lama pick up phone, Sampai saya check-out AC masih tidak dingin padahal katanya sudah di isi Freon. Sabun mandi kosong, kamar mandi bau, handuk keras, staf FO tidak ramah! makanan tidak enak. 2 kali saya menginap disini dan kapok! Katanya ini yang training staffnya orang prancis tapi sama sekali hotel yang tidak berstandard.",Diulas 420 minggu lalu,"https://ik.imagekit.io/tvlk/ugc-review/guys1L+Yyer9kzI3sp-pb0CG1j2bhflZGFUZOoIf1YOBAm37kEUOKR41ieUZm7ZJ/ugc-photo-ap-southeast-1-581603780057-acd24e232f75f09e/ACCOMMODATION/7761309_ACCOMMODATION_1523674149371_e814b9122079c91e?_src=imagekit&tr=c-at_max,h-100,q-40,w-100","https://ik.imagekit.io/tvlk/ugc-review/guys1L+Yyer9kzI3sp-pb0CG1j2bhflZGFUZOoIf1YOBAm37kEUOKR41ieUZm7ZJ/ugc-photo-ap-southeast-1-581603780057-acd24e232f75f09e/ACCOMMODATION/7761309_ACCOMMODATION_1523674212553_4ef40e3467702994?_src=imagekit&tr=c-at_max,h-100,q-40,w-100",,,,,,,,,,,,,,,,,,
https://www.traveloka.com/id-id/user/review/consumption/HOTEL/GENERAL/1000000485924,5,24,setiap ke bandung pasti nginepnya di meize. udah ga diraguin lagi deh. cuma untuk variasi makanannya harap lebih ditingkatkan yaaa 🎊,Diulas 421 minggu lalu,"https://ik.imagekit.io/tvlk/ugc-review/guys1L+Yyer9kzI3sp-pb0CG1j2bhflZGFUZOoIf1YOBAm37kEUOKR41ieUZm7ZJ/ugc-photo-ap-southeast-1-581603780057-acd24e232f75f09e/ACCOMMODATION/12809446_ACCOMMODATION_1523675098788_1862c0d50129caec?_src=imagekit&tr=c-at_max,h-100,q-40,w-100",,,,,,,,,,,,,,,,,,,
https://www.traveloka.com/id-id/user/review/consumption/HOTEL/GENERAL/1000000485924,5,25,"Good, kebersihan kamar dan kenyamanan kamar oke, kebetulan dapat resepsionis yang ramah.",Diulas 421 minggu lalu,"https://ik.imagekit.io/tvlk/ugc-review/guys1L+Yyer9kzI3sp-pb0CG1j2bhflZGFUZOoIf1YOBAm37kEUOKR41ieUZm7ZJ/ugc-photo-ap-southeast-1-581603780057-acd24e232f75f09e/ACCOMMODATION/49030954_ACCOMMODATION_1523539310771_e77f5bf91934e6bd?_src=imagekit&tr=c-at_max,h-100,q-40,w-100",,,,,,,,,,,,,,,,,,,
https://www.traveloka.com/id-id/user/review/consumption/HOTEL/GENERAL/1000000485924,5,26,"Harga hotelnya lumayan murah, tetapi nyaman dan pelayanannya cukup memuaskan, jadi bagi kalian yang mau jalan-jalan ke Bandung, Jangan lupa nginepnya di meize hotel.",Diulas 422 minggu lalu,"https://ik.imagekit.io/tvlk/ugc-review/guys1L+Yyer9kzI3sp-pb0CG1j2bhflZGFUZOoIf1YOBAm37kEUOKR41ieUZm7ZJ/ugc-photo-ap-southeast-1-581603780057-acd24e232f75f09e/ACCOMMODATION/9602220_ACCOMMODATION_1522889976218_c751c89402b618c5?_src=imagekit&tr=c-at_max,h-100,q-40,w-100","https://ik.imagekit.io/tvlk/ugc-review/guys1L+Yyer9kzI3sp-pb0CG1j2bhflZGFUZOoIf1YOBAm37kEUOKR41ieUZm7ZJ/ugc-photo-ap-southeast-1-581603780057-acd24e232f75f09e/ACCOMMODATION/9602220_ACCOMMODATION_1522890083982_f645809427557e5f?_src=imagekit&tr=c-at_max,h-100,q-40,w-100",,,,,,,,,,,,,,,,,,
