url,page,review_index,teks_ulasan,tanggal,gambar-1,gambar-2,gambar-3,gambar-4,gambar-5,gambar-6,gambar-7,gambar-8,gambar-9,gambar-10,gambar-11,gambar-12,gambar-13,gambar-14,gambar-15,gambar-16,gambar-17,gambar-18,gambar-19,gambar-20
https://www.traveloka.com/id-id/user/review/consumption/HOTEL/GENERAL/3000020009559,1,1,"Josss, mantap dan nyaman dekat Mal PasKal",Diulas 3 minggu lalu,"https://ik.imagekit.io/tvlk/ugc-review/guys1L+Yyer9kzI3sp-pb0CG1j2bhflZGFUZOoIf1YOBAm37kEUOKR41ieUZm7ZJ/ugc-photo-ap-southeast-1-581603780057-acd24e232f75f09e/REVIEW/REVIEW_1776679882477_c142f380d0525a06?_src=imagekit&tr=c-at_max,h-100,q-40,w-100",,,,,,,,,,,,,,,,,,,
https://www.traveloka.com/id-id/user/review/consumption/HOTEL/GENERAL/3000020009559,1,2,"Sangat puas menginap di hotel Yello, staff-nya ramah semua, mulai dari parkir sampai kamar, makanan bervariatif dan enak, harga affordable tapi layanan sangat bagus, kamar bersih dan wangi, lengkap dengan taman bermain anak, pokoknya bakal balik lagi ke Yello, thanks",Diulas 3 minggu lalu,"https://ik.imagekit.io/tvlk/ugc-review/guys1L+Yyer9kzI3sp-pb0CG1j2bhflZGFUZOoIf1YOBAm37kEUOKR41ieUZm7ZJ/ugc-photo-ap-southeast-1-581603780057-acd24e232f75f09e/REVIEW/REVIEW_1776607011248_a8e3c5f8f25e5547?_src=imagekit&tr=c-at_max,h-100,q-40,w-100",https://d24fi85k5ai89e.cloudfront.net/REVIEW_VIDEO/THUMBNAIL/a2fa0bea-f356-4990-8163-bfcac09df9e4.0000001.jpg,https://d24fi85k5ai89e.cloudfront.net/REVIEW_VIDEO/THUMBNAIL/db27495c-e125-4387-b502-311ca5da13a8.0000001.jpg,,,,,,,,,,,,,,,,,
https://www.traveloka.com/id-id/user/review/consumption/HOTEL/GENERAL/3000020009559,1,3,"Mantap sekali menginap di sini, ke mana pun dekat, cuacanya juga sangat bagus.",Diulas 4 minggu lalu,"https://ik.imagekit.io/tvlk/ugc-review/guys1L+Yyer9kzI3sp-pb0CG1j2bhflZGFUZOoIf1YOBAm37kEUOKR41ieUZm7ZJ/ugc-photo-ap-southeast-1-581603780057-acd24e232f75f09e/REVIEW/REVIEW_1776040039888_b0a622f1613fcf4c?_src=imagekit&tr=c-at_max,h-100,q-40,w-100",,,,,,,,,,,,,,,,,,,
https://www.traveloka.com/id-id/user/review/consumption/HOTEL/GENERAL/3000020009559,1,4,"Bakal balik lagi karena memang senyaman itu meskipun tidak cukup luas, tapi clean dan nyaman dan seru dekat tempat kuliner.",Diulas 4 minggu lalu,"https://ik.imagekit.io/tvlk/ugc-review/guys1L+Yyer9kzI3sp-pb0CG1j2bhflZGFUZOoIf1YOBAm37kEUOKR41ieUZm7ZJ/ugc-photo-ap-southeast-1-581603780057-acd24e232f75f09e/REVIEW/REVIEW_1775858506705_f475e1c1906ce16b?_src=imagekit&tr=c-at_max,h-100,q-40,w-100",,,,,,,,,,,,,,,,,,,
https://www.traveloka.com/id-id/user/review/consumption/HOTEL/GENERAL/3000020009559,1,5,Luar biasaaa. Tiap kali ke Bandung pasti inap di sini,Diulas 5 minggu lalu,"https://ik.imagekit.io/tvlk/ugc-review/guys1L+Yyer9kzI3sp-pb0CG1j2bhflZGFUZOoIf1YOBAm37kEUOKR41ieUZm7ZJ/ugc-photo-ap-southeast-1-581603780057-acd24e232f75f09e/REVIEW/REVIEW_1775375961881_4034885e920d3e89?_src=imagekit&tr=c-at_max,h-100,q-40,w-100",,,,,,,,,,,,,,,,,,,
https://www.traveloka.com/id-id/user/review/consumption/HOTEL/GENERAL/3000020009559,1,6,"Lokasi dekat banget sama mal, tinggal turun ke bawah. Akses enak. Kalau bawa mobil enak juga, free parkir dan dibantu cari parkiran sama bellboy, kita tinggal check in dan beres deh. Nyaman pokoknya, mau balik lagi kalau ke Bandung, enak tidur dan liburan di sini.",Diulas 5 minggu lalu,"https://ik.imagekit.io/tvlk/ugc-review/guys1L+Yyer9kzI3sp-pb0CG1j2bhflZGFUZOoIf1YOBAm37kEUOKR41ieUZm7ZJ/ugc-photo-ap-southeast-1-581603780057-acd24e232f75f09e/REVIEW/REVIEW_1775369270138_ce770c545ba9f16e?_src=imagekit&tr=c-at_max,h-100,q-40,w-100",,,,,,,,,,,,,,,,,,,
https://www.traveloka.com/id-id/user/review/consumption/HOTEL/GENERAL/3000020009559,1,7,"Lokasi hotel strategis, tinggal turun sudah langsung ke 23 Paskal mal, dekat dengan pusat kuliner hits Bandung. Recommend banget buat yang mau liburan ke Bandung. Menginap 2 hari, menu sarapan cukup enak hanya kurang variatif. Staff hotel ramah, dapat free complimentary.",Diulas 5 minggu lalu,"https://ik.imagekit.io/tvlk/ugc-review/guys1L+Yyer9kzI3sp-pb0CG1j2bhflZGFUZOoIf1YOBAm37kEUOKR41ieUZm7ZJ/ugc-photo-ap-southeast-1-581603780057-acd24e232f75f09e/REVIEW/REVIEW_1775349444676_b4e08d8b0c99ebc5?_src=imagekit&tr=c-at_max,h-100,q-40,w-100","https://ik.imagekit.io/tvlk/ugc-review/guys1L+Yyer9kzI3sp-pb0CG1j2bhflZGFUZOoIf1YOBAm37kEUOKR41ieUZm7ZJ/ugc-photo-ap-southeast-1-581603780057-acd24e232f75f09e/REVIEW/REVIEW_1775349444676_9e5ffc034630154b?_src=imagekit&tr=c-at_max,h-100,q-40,w-100","https://ik.imagekit.io/tvlk/ugc-review/guys1L+Yyer9kzI3sp-pb0CG1j2bhflZGFUZOoIf1YOBAm37kEUOKR41ieUZm7ZJ/ugc-photo-ap-southeast-1-581603780057-acd24e232f75f09e/REVIEW/REVIEW_1775349444677_b4ffc81d5f58c93b?_src=imagekit&tr=c-at_max,h-100,q-40,w-100","https://ik.imagekit.io/tvlk/ugc-review/guys1L+Yyer9kzI3sp-pb0CG1j2bhflZGFUZOoIf1YOBAm37kEUOKR41ieUZm7ZJ/ugc-photo-ap-southeast-1-581603780057-acd24e232f75f09e/REVIEW/REVIEW_1775349444676_67fd086f3aa1f839?_src=imagekit&tr=c-at_max,h-100,q-40,w-100","https://ik.imagekit.io/tvlk/ugc-review/guys1L+Yyer9kzI3sp-pb0CG1j2bhflZGFUZOoIf1YOBAm37kEUOKR41ieUZm7ZJ/ugc-photo-ap-southeast-1-581603780057-acd24e232f75f09e/REVIEW/REVIEW_1775349444677_6c18370daeaa858a?_src=imagekit&tr=c-at_max,h-100,q-40,w-100",,,,,,,,,,,,,,,
https://www.traveloka.com/id-id/user/review/consumption/HOTEL/GENERAL/3000020009559,1,8,"Makanannya juara, enak banget, enggak nyangka. Di bawahnya langsung mal juga dan enggak ribet parkir, bisa di-vale-in.",Diulas 5 minggu lalu,"https://ik.imagekit.io/tvlk/ugc-review/guys1L+Yyer9kzI3sp-pb0CG1j2bhflZGFUZOoIf1YOBAm37kEUOKR41ieUZm7ZJ/ugc-photo-ap-southeast-1-581603780057-acd24e232f75f09e/REVIEW/REVIEW_1775284612975_b5f087b67fe9a528?_src=imagekit&tr=c-at_max,h-100,q-40,w-100","https://ik.imagekit.io/tvlk/ugc-review/guys1L+Yyer9kzI3sp-pb0CG1j2bhflZGFUZOoIf1YOBAm37kEUOKR41ieUZm7ZJ/ugc-photo-ap-southeast-1-581603780057-acd24e232f75f09e/REVIEW/REVIEW_1775284612974_f4da831d020f1e2d?_src=imagekit&tr=c-at_max,h-100,q-40,w-100",,,,,,,,,,,,,,,,,,
https://www.traveloka.com/id-id/user/review/consumption/HOTEL/GENERAL/3000020009559,1,9,"Staff ramah, kamar bersih, mudah untuk check in & out, harga standar, nyaman untuk staycation karena dekat dengan mal, stasiun, dan area perkotaan.",Diulas 6 minggu lalu,"https://ik.imagekit.io/tvlk/ugc-review/guys1L+Yyer9kzI3sp-pb0CG1j2bhflZGFUZOoIf1YOBAm37kEUOKR41ieUZm7ZJ/ugc-photo-ap-southeast-1-581603780057-acd24e232f75f09e/REVIEW/REVIEW_1774408391882_81364bf32a755df8?_src=imagekit&tr=c-at_max,h-100,q-40,w-100",,,,,,,,,,,,,,,,,,,
https://www.traveloka.com/id-id/user/review/consumption/HOTEL/GENERAL/3000020009559,1,10,"Overall sangat bagus. Ramah staff. Nyaman, bersih, dan super dingin AC kamar. Makanan enak. Semuanya sudah ok, selalu menginap di sini kalau ke Bandung.",Diulas 7 minggu lalu,"https://ik.imagekit.io/tvlk/ugc-review/guys1L+Yyer9kzI3sp-pb0CG1j2bhflZGFUZOoIf1YOBAm37kEUOKR41ieUZm7ZJ/ugc-photo-ap-southeast-1-581603780057-acd24e232f75f09e/REVIEW/REVIEW_1773997320763_163b58780faae80c?_src=imagekit&tr=c-at_max,h-100,q-40,w-100","https://ik.imagekit.io/tvlk/ugc-review/guys1L+Yyer9kzI3sp-pb0CG1j2bhflZGFUZOoIf1YOBAm37kEUOKR41ieUZm7ZJ/ugc-photo-ap-southeast-1-581603780057-acd24e232f75f09e/REVIEW/REVIEW_1773997320762_f95610d2daaacf84?_src=imagekit&tr=c-at_max,h-100,q-40,w-100","https://ik.imagekit.io/tvlk/ugc-review/guys1L+Yyer9kzI3sp-pb0CG1j2bhflZGFUZOoIf1YOBAm37kEUOKR41ieUZm7ZJ/ugc-photo-ap-southeast-1-581603780057-acd24e232f75f09e/REVIEW/REVIEW_1773997320762_22d44bf0ac007e3e?_src=imagekit&tr=c-at_max,h-100,q-40,w-100",,,,,,,,,,,,,,,,,
https://www.traveloka.com/id-id/user/review/consumption/HOTEL/GENERAL/3000020009559,1,11,"Hotel nyaman, fasilitas ada kolam renang dan playground yang menyenangkan untuk anak saya. Dekat dengan mal sehingga memudahkan kami untuk membeli beberapa keperluan, parkiran aman di dalam mal dan gratis karena menginap. Kamar nyaman, hanya saja ada beberapa kamar yang perlu sedikit perbaikan seperti tirai yang bolong.",Diulas 7 minggu lalu,"https://ik.imagekit.io/tvlk/ugc-review/guys1L+Yyer9kzI3sp-pb0CG1j2bhflZGFUZOoIf1YOBAm37kEUOKR41ieUZm7ZJ/ugc-photo-ap-southeast-1-581603780057-acd24e232f75f09e/REVIEW/REVIEW_1773975492112_614ca20472c2fc6b?_src=imagekit&tr=c-at_max,h-100,q-40,w-100","https://ik.imagekit.io/tvlk/ugc-review/guys1L+Yyer9kzI3sp-pb0CG1j2bhflZGFUZOoIf1YOBAm37kEUOKR41ieUZm7ZJ/ugc-photo-ap-southeast-1-581603780057-acd24e232f75f09e/REVIEW/REVIEW_1773975492112_9a8beeeb53a08f28?_src=imagekit&tr=c-at_max,h-100,q-40,w-100",https://d24fi85k5ai89e.cloudfront.net/REVIEW_VIDEO/THUMBNAIL/988884a0-ad57-41eb-a368-40ea58778c50.0000001.jpg,"https://ik.imagekit.io/tvlk/ugc-review/guys1L+Yyer9kzI3sp-pb0CG1j2bhflZGFUZOoIf1YOBAm37kEUOKR41ieUZm7ZJ/ugc-photo-ap-southeast-1-581603780057-acd24e232f75f09e/REVIEW/REVIEW_1773975492111_bf3ad880fdb11901?_src=imagekit&tr=c-at_max,h-100,q-40,w-100","https://ik.imagekit.io/tvlk/ugc-review/guys1L+Yyer9kzI3sp-pb0CG1j2bhflZGFUZOoIf1YOBAm37kEUOKR41ieUZm7ZJ/ugc-photo-ap-southeast-1-581603780057-acd24e232f75f09e/REVIEW/REVIEW_1773976557697_043bcf6a1fa2f787?_src=imagekit&tr=c-at_max,h-100,q-40,w-100","https://ik.imagekit.io/tvlk/ugc-review/guys1L+Yyer9kzI3sp-pb0CG1j2bhflZGFUZOoIf1YOBAm37kEUOKR41ieUZm7ZJ/ugc-photo-ap-southeast-1-581603780057-acd24e232f75f09e/REVIEW/REVIEW_1773976569788_c691667aa1e959e3?_src=imagekit&tr=c-at_max,h-100,q-40,w-100",,,,,,,,,,,,,,
https://www.traveloka.com/id-id/user/review/consumption/HOTEL/GENERAL/3000020009559,1,12,"Hotel favorit anak, selalu minta di hotel ini setiap ke Bandung padahal sudah ditawarkan hotel lainnya. 'De best",Diulas 9 minggu lalu,"https://ik.imagekit.io/tvlk/ugc-review/guys1L+Yyer9kzI3sp-pb0CG1j2bhflZGFUZOoIf1YOBAm37kEUOKR41ieUZm7ZJ/ugc-photo-ap-southeast-1-581603780057-acd24e232f75f09e/REVIEW/REVIEW_1772684477064_f302cd9ef14eecab?_src=imagekit&tr=c-at_max,h-100,q-40,w-100","https://ik.imagekit.io/tvlk/ugc-review/guys1L+Yyer9kzI3sp-pb0CG1j2bhflZGFUZOoIf1YOBAm37kEUOKR41ieUZm7ZJ/ugc-photo-ap-southeast-1-581603780057-acd24e232f75f09e/REVIEW/REVIEW_1772684477064_ab7c08f4620507b3?_src=imagekit&tr=c-at_max,h-100,q-40,w-100","https://ik.imagekit.io/tvlk/ugc-review/guys1L+Yyer9kzI3sp-pb0CG1j2bhflZGFUZOoIf1YOBAm37kEUOKR41ieUZm7ZJ/ugc-photo-ap-southeast-1-581603780057-acd24e232f75f09e/REVIEW/REVIEW_1772684477063_9b896974aee2c5f3?_src=imagekit&tr=c-at_max,h-100,q-40,w-100",https://d24fi85k5ai89e.cloudfront.net/REVIEW_VIDEO/THUMBNAIL/2195b420-6633-4606-8476-89c72da91329.0000001.jpg,,,,,,,,,,,,,,,,
https://www.traveloka.com/id-id/user/review/consumption/HOTEL/GENERAL/3000020009559,1,13,"Pertama kali nyoba di Yello, bagusss! Kamarnya cukup luas dan ada sofa. Breakfast banyak pilihan. Lokasi pastinya enak banget, bisa langsung ke mal dan di sekeliling banyak banget ruko buat kuliner. Masukan untuk hotel, sediakan 1 tissue kotak di meja karena hanya ada tissue toilet.",Diulas 10 minggu lalu,"https://ik.imagekit.io/tvlk/ugc-review/guys1L+Yyer9kzI3sp-pb0CG1j2bhflZGFUZOoIf1YOBAm37kEUOKR41ieUZm7ZJ/ugc-photo-ap-southeast-1-581603780057-acd24e232f75f09e/REVIEW/REVIEW_1772332710989_8ea5c4e789de9bdb?_src=imagekit&tr=c-at_max,h-80,q-40,w-80","https://ik.imagekit.io/tvlk/ugc-review/guys1L+Yyer9kzI3sp-pb0CG1j2bhflZGFUZOoIf1YOBAm37kEUOKR41ieUZm7ZJ/ugc-photo-ap-southeast-1-581603780057-acd24e232f75f09e/REVIEW/REVIEW_1772332710989_5be9d120216e9aa7?_src=imagekit&tr=c-at_max,h-80,q-40,w-80","https://ik.imagekit.io/tvlk/ugc-review/guys1L+Yyer9kzI3sp-pb0CG1j2bhflZGFUZOoIf1YOBAm37kEUOKR41ieUZm7ZJ/ugc-photo-ap-southeast-1-581603780057-acd24e232f75f09e/REVIEW/REVIEW_1772332710989_4d85f9351681095d?_src=imagekit&tr=c-at_max,h-80,q-40,w-80","https://ik.imagekit.io/tvlk/ugc-review/guys1L+Yyer9kzI3sp-pb0CG1j2bhflZGFUZOoIf1YOBAm37kEUOKR41ieUZm7ZJ/ugc-photo-ap-southeast-1-581603780057-acd24e232f75f09e/REVIEW/REVIEW_1772332710988_827e301fa43c374e?_src=imagekit&tr=c-at_max,h-80,q-40,w-80","https://ik.imagekit.io/tvlk/ugc-review/guys1L+Yyer9kzI3sp-pb0CG1j2bhflZGFUZOoIf1YOBAm37kEUOKR41ieUZm7ZJ/ugc-photo-ap-southeast-1-581603780057-acd24e232f75f09e/REVIEW/REVIEW_1772332710988_afdb975898e78a9e?_src=imagekit&tr=c-at_max,h-80,q-40,w-80","https://ik.imagekit.io/tvlk/ugc-review/guys1L+Yyer9kzI3sp-pb0CG1j2bhflZGFUZOoIf1YOBAm37kEUOKR41ieUZm7ZJ/ugc-photo-ap-southeast-1-581603780057-acd24e232f75f09e/REVIEW/REVIEW_1772332710988_d01915653ee62315?_src=imagekit&tr=c-at_max,h-80,q-40,w-80","https://ik.imagekit.io/tvlk/ugc-review/guys1L+Yyer9kzI3sp-pb0CG1j2bhflZGFUZOoIf1YOBAm37kEUOKR41ieUZm7ZJ/ugc-photo-ap-southeast-1-581603780057-acd24e232f75f09e/REVIEW/REVIEW_1772332710988_1bea2f67dcf09b40?_src=imagekit&tr=c-at_max,h-80,q-40,w-80","https://ik.imagekit.io/tvlk/ugc-review/guys1L+Yyer9kzI3sp-pb0CG1j2bhflZGFUZOoIf1YOBAm37kEUOKR41ieUZm7ZJ/ugc-photo-ap-southeast-1-581603780057-acd24e232f75f09e/REVIEW/REVIEW_1772332710988_6ee0f0af13372175?_src=imagekit&tr=c-at_max,h-80,q-40,w-80","https://ik.imagekit.io/tvlk/ugc-review/guys1L+Yyer9kzI3sp-pb0CG1j2bhflZGFUZOoIf1YOBAm37kEUOKR41ieUZm7ZJ/ugc-photo-ap-southeast-1-581603780057-acd24e232f75f09e/REVIEW/REVIEW_1772332710987_d22c380b1f51cf8e?_src=imagekit&tr=c-at_max,h-80,q-40,w-80","https://ik.imagekit.io/tvlk/ugc-review/guys1L+Yyer9kzI3sp-pb0CG1j2bhflZGFUZOoIf1YOBAm37kEUOKR41ieUZm7ZJ/ugc-photo-ap-southeast-1-581603780057-acd24e232f75f09e/REVIEW/REVIEW_1772332710987_c87147857aa8146b?_src=imagekit&tr=c-at_max,h-80,q-40,w-80",,,,,,,,,,
https://www.traveloka.com/id-id/user/review/consumption/HOTEL/GENERAL/3000020009559,1,14,"Suka menginap sini karena dekat stasiun, tinggal jalan. Minta lantai tinggi, dikasih. Tapi lupa bilang minta kamar menghadap utara jadi privacy kurang.",Diulas 12 minggu lalu,"https://ik.imagekit.io/tvlk/ugc-review/guys1L+Yyer9kzI3sp-pb0CG1j2bhflZGFUZOoIf1YOBAm37kEUOKR41ieUZm7ZJ/ugc-photo-ap-southeast-1-581603780057-acd24e232f75f09e/REVIEW/REVIEW_1770986148277_47e2212f6290cae2?_src=imagekit&tr=c-at_max,h-100,q-40,w-100","https://ik.imagekit.io/tvlk/ugc-review/guys1L+Yyer9kzI3sp-pb0CG1j2bhflZGFUZOoIf1YOBAm37kEUOKR41ieUZm7ZJ/ugc-photo-ap-southeast-1-581603780057-acd24e232f75f09e/REVIEW/REVIEW_1770986148277_dc38650502f28058?_src=imagekit&tr=c-at_max,h-100,q-40,w-100","https://ik.imagekit.io/tvlk/ugc-review/guys1L+Yyer9kzI3sp-pb0CG1j2bhflZGFUZOoIf1YOBAm37kEUOKR41ieUZm7ZJ/ugc-photo-ap-southeast-1-581603780057-acd24e232f75f09e/REVIEW/REVIEW_1770986148277_200b2f26933002b5?_src=imagekit&tr=c-at_max,h-100,q-40,w-100","https://ik.imagekit.io/tvlk/ugc-review/guys1L+Yyer9kzI3sp-pb0CG1j2bhflZGFUZOoIf1YOBAm37kEUOKR41ieUZm7ZJ/ugc-photo-ap-southeast-1-581603780057-acd24e232f75f09e/REVIEW/REVIEW_1770986148276_63775f063cde7c9f?_src=imagekit&tr=c-at_max,h-100,q-40,w-100",,,,,,,,,,,,,,,,
https://www.traveloka.com/id-id/user/review/consumption/HOTEL/GENERAL/3000020009559,1,15,"Pengalaman pertama menginap di hotel ini, krn kami mau cari hotel yg dkt dgn mall, utk proses check in sangat cpt, tanpa money deposit jg. Staff bagian resepsionisnya ramah, maaf sy lupa namanya, sy check in agak sore sekitar jam 6 krn baru pulang kerja, utk masalah parkiran jg dipermudah dgn dibantu oleh bagian security, sprti valet parking. Tadinya kami agak khawatir krn bnyk review mengenai kendala parkiran di sini, tapi ternyata tdk terjadi, krn kami dapat arahan dr staff resepsionis td, parkir mobil mudah, dan mengenai biaya jg free asalkan kita exit ke arah jln pasirkaliki. 
Salah satu yg jadi kelebihan hotel ini krn akses ke mall yg mudah, krn satu bangunan dgn mall 23 PASKAL. Utk cari makanan & hiburan ok bangetlah kalo di sini, bnyk banget pilihannya . Utk kamar hotelnya, nyaman & bersih.",Diulas 13 minggu lalu,"https://ik.imagekit.io/tvlk/ugc-review/guys1L+Yyer9kzI3sp-pb0CG1j2bhflZGFUZOoIf1YOBAm37kEUOKR41ieUZm7ZJ/ugc-photo-ap-southeast-1-581603780057-acd24e232f75f09e/REVIEW/REVIEW_1770125260670_ae0d601d39173b34?_src=imagekit&tr=c-at_max,h-100,q-40,w-100","https://ik.imagekit.io/tvlk/ugc-review/guys1L+Yyer9kzI3sp-pb0CG1j2bhflZGFUZOoIf1YOBAm37kEUOKR41ieUZm7ZJ/ugc-photo-ap-southeast-1-581603780057-acd24e232f75f09e/REVIEW/REVIEW_1770125506378_cb3cbe4e54ed4825?_src=imagekit&tr=c-at_max,h-100,q-40,w-100",,,,,,,,,,,,,,,,,,
https://www.traveloka.com/id-id/user/review/consumption/HOTEL/GENERAL/3000020009559,1,16,"Hotelnya nyaman, pelayanan menyenangkan, klw mau ngemall tinggal turun, tempatnya strategis banget",Diulas 17 minggu lalu,"https://ik.imagekit.io/tvlk/ugc-review/guys1L+Yyer9kzI3sp-pb0CG1j2bhflZGFUZOoIf1YOBAm37kEUOKR41ieUZm7ZJ/ugc-photo-ap-southeast-1-581603780057-acd24e232f75f09e/REVIEW/REVIEW_1768232439166_c9b45e6fa985f637?_src=imagekit&tr=c-at_max,h-100,q-40,w-100",,,,,,,,,,,,,,,,,,,
https://www.traveloka.com/id-id/user/review/consumption/HOTEL/GENERAL/3000020009559,1,17,"Sangat senang sekali menginap di Yello Hotel Paskal Bandung, terutama menu sarapan nya banyak pilihan dan rasanya  juga enak enak.terimakasih Yello Hotel Paskal Bandung",Diulas 17 minggu lalu,"https://ik.imagekit.io/tvlk/ugc-review/guys1L+Yyer9kzI3sp-pb0CG1j2bhflZGFUZOoIf1YOBAm37kEUOKR41ieUZm7ZJ/ugc-photo-ap-southeast-1-581603780057-acd24e232f75f09e/REVIEW/REVIEW_1767834072627_2b3267cb379ad6a5?_src=imagekit&tr=c-at_max,h-100,q-40,w-100","https://ik.imagekit.io/tvlk/ugc-review/guys1L+Yyer9kzI3sp-pb0CG1j2bhflZGFUZOoIf1YOBAm37kEUOKR41ieUZm7ZJ/ugc-photo-ap-southeast-1-581603780057-acd24e232f75f09e/REVIEW/REVIEW_1767834086470_7a6d5de9f11544f3?_src=imagekit&tr=c-at_max,h-100,q-40,w-100","https://ik.imagekit.io/tvlk/ugc-review/guys1L+Yyer9kzI3sp-pb0CG1j2bhflZGFUZOoIf1YOBAm37kEUOKR41ieUZm7ZJ/ugc-photo-ap-southeast-1-581603780057-acd24e232f75f09e/REVIEW/REVIEW_1767834344901_ad72b830c329d9f6?_src=imagekit&tr=c-at_max,h-100,q-40,w-100",,,,,,,,,,,,,,,,,
https://www.traveloka.com/id-id/user/review/consumption/HOTEL/GENERAL/3000020009559,1,18,"Staf sangat ramah.. dekat dengan kota, akses ke 23 paskal sangat mudah",Diulas 18 minggu lalu,"https://ik.imagekit.io/tvlk/ugc-review/guys1L+Yyer9kzI3sp-pb0CG1j2bhflZGFUZOoIf1YOBAm37kEUOKR41ieUZm7ZJ/ugc-photo-ap-southeast-1-581603780057-acd24e232f75f09e/REVIEW/REVIEW_1767575073557_09f48c80f35ccd70?_src=imagekit&tr=c-at_max,h-100,q-40,w-100","https://ik.imagekit.io/tvlk/ugc-review/guys1L+Yyer9kzI3sp-pb0CG1j2bhflZGFUZOoIf1YOBAm37kEUOKR41ieUZm7ZJ/ugc-photo-ap-southeast-1-581603780057-acd24e232f75f09e/REVIEW/REVIEW_1767575073558_e463f55a49d6b1be?_src=imagekit&tr=c-at_max,h-100,q-40,w-100","https://ik.imagekit.io/tvlk/ugc-review/guys1L+Yyer9kzI3sp-pb0CG1j2bhflZGFUZOoIf1YOBAm37kEUOKR41ieUZm7ZJ/ugc-photo-ap-southeast-1-581603780057-acd24e232f75f09e/REVIEW/REVIEW_1767575073558_7068842e9848413a?_src=imagekit&tr=c-at_max,h-100,q-40,w-100",,,,,,,,,,,,,,,,,
https://www.traveloka.com/id-id/user/review/consumption/HOTEL/GENERAL/3000020009559,1,19,"cukup menyenangkan menginap bersama keluarga disini, berada dipusat perbelanjaan dikota bandung.",Diulas 18 minggu lalu,"https://ik.imagekit.io/tvlk/ugc-review/guys1L+Yyer9kzI3sp-pb0CG1j2bhflZGFUZOoIf1YOBAm37kEUOKR41ieUZm7ZJ/ugc-photo-ap-southeast-1-581603780057-acd24e232f75f09e/REVIEW/REVIEW_1767534604780_34c10503a92173dc?_src=imagekit&tr=c-at_max,h-100,q-40,w-100","https://ik.imagekit.io/tvlk/ugc-review/guys1L+Yyer9kzI3sp-pb0CG1j2bhflZGFUZOoIf1YOBAm37kEUOKR41ieUZm7ZJ/ugc-photo-ap-southeast-1-581603780057-acd24e232f75f09e/REVIEW/REVIEW_1767534604779_9db98d1f3da5f6e8?_src=imagekit&tr=c-at_max,h-100,q-40,w-100","https://ik.imagekit.io/tvlk/ugc-review/guys1L+Yyer9kzI3sp-pb0CG1j2bhflZGFUZOoIf1YOBAm37kEUOKR41ieUZm7ZJ/ugc-photo-ap-southeast-1-581603780057-acd24e232f75f09e/REVIEW/REVIEW_1767534604779_f5d65346cc5ec6b0?_src=imagekit&tr=c-at_max,h-100,q-40,w-100","https://ik.imagekit.io/tvlk/ugc-review/guys1L+Yyer9kzI3sp-pb0CG1j2bhflZGFUZOoIf1YOBAm37kEUOKR41ieUZm7ZJ/ugc-photo-ap-southeast-1-581603780057-acd24e232f75f09e/REVIEW/REVIEW_1767534604779_f710b543fed87d0a?_src=imagekit&tr=c-at_max,h-100,q-40,w-100","https://ik.imagekit.io/tvlk/ugc-review/guys1L+Yyer9kzI3sp-pb0CG1j2bhflZGFUZOoIf1YOBAm37kEUOKR41ieUZm7ZJ/ugc-photo-ap-southeast-1-581603780057-acd24e232f75f09e/REVIEW/REVIEW_1767534604779_25c0806834ff6c47?_src=imagekit&tr=c-at_max,h-100,q-40,w-100",,,,,,,,,,,,,,,
https://www.traveloka.com/id-id/user/review/consumption/HOTEL/GENERAL/3000020009559,1,20,"Staff hotel semua Helpfull, Dari mulai check in, parkir, check out n free parking semua ok bgt. 
Mau ke shopping tinggal turun, view nya pegunungan, fresh n sejenak healing dari kemacetan Jakarta. 
Sudah smart tv ya, ac dingin, air panas berfungsi normal

Begitu bangun tidur, view nya indah bgt, Gunung n kota Bandung terlihat semua dari lantai 6..
Next ke Bandung ke Yello lg ya, 
Nyaman, bersih, ok lah pokok nya.. Bintang 10 dari saya & keluarga..",Diulas 18 minggu lalu,https://d24fi85k5ai89e.cloudfront.net/REVIEW_VIDEO/THUMBNAIL/97defea4-a52d-4ecf-8ef4-14ee7b9ce428.0000001.jpg,,,,,,,,,,,,,,,,,,,
https://www.traveloka.com/id-id/user/review/consumption/HOTEL/GENERAL/3000020009559,1,21,"liburan akhir tahun baru bersama keluarga menjadi sangat berkesan, lokasi dekat mall jd gampang cari mkn, parkiran juga luas, kamar bersih dan petugas hotel juga ramah.",Diulas 18 minggu lalu,"https://ik.imagekit.io/tvlk/ugc-review/guys1L+Yyer9kzI3sp-pb0CG1j2bhflZGFUZOoIf1YOBAm37kEUOKR41ieUZm7ZJ/ugc-photo-ap-southeast-1-581603780057-acd24e232f75f09e/REVIEW/REVIEW_1767371197983_97573d27f215efd0?_src=imagekit&tr=c-at_max,h-100,q-40,w-100",,,,,,,,,,,,,,,,,,,
https://www.traveloka.com/id-id/user/review/consumption/HOTEL/GENERAL/3000020009559,1,22,"Pesan lantai atas dipenuhi kang resepsionis senang sekali saya, tumben tidak seperti sebelumnya sudah pesan lantai atas malah dikasih lantai 5 or 6 doang sama neng resepsionisnya pdhl pesan dari jauh hari sangat mengecewakan. lainnya ok sesuai harapan",Diulas 18 minggu lalu,"https://ik.imagekit.io/tvlk/ugc-review/guys1L+Yyer9kzI3sp-pb0CG1j2bhflZGFUZOoIf1YOBAm37kEUOKR41ieUZm7ZJ/ugc-photo-ap-southeast-1-581603780057-acd24e232f75f09e/REVIEW/REVIEW_1767089722955_62d9f5159919e62c?_src=imagekit&tr=c-at_max,h-100,q-40,w-100","https://ik.imagekit.io/tvlk/ugc-review/guys1L+Yyer9kzI3sp-pb0CG1j2bhflZGFUZOoIf1YOBAm37kEUOKR41ieUZm7ZJ/ugc-photo-ap-southeast-1-581603780057-acd24e232f75f09e/REVIEW/REVIEW_1767089722954_f71ec3f6c4cea72c?_src=imagekit&tr=c-at_max,h-100,q-40,w-100","https://ik.imagekit.io/tvlk/ugc-review/guys1L+Yyer9kzI3sp-pb0CG1j2bhflZGFUZOoIf1YOBAm37kEUOKR41ieUZm7ZJ/ugc-photo-ap-southeast-1-581603780057-acd24e232f75f09e/REVIEW/REVIEW_1767089722954_b50dcd9b39c88ad4?_src=imagekit&tr=c-at_max,h-100,q-40,w-100","https://ik.imagekit.io/tvlk/ugc-review/guys1L+Yyer9kzI3sp-pb0CG1j2bhflZGFUZOoIf1YOBAm37kEUOKR41ieUZm7ZJ/ugc-photo-ap-southeast-1-581603780057-acd24e232f75f09e/REVIEW/REVIEW_1767089722954_3e886f3364c1d8e4?_src=imagekit&tr=c-at_max,h-100,q-40,w-100",,,,,,,,,,,,,,,,
https://www.traveloka.com/id-id/user/review/consumption/HOTEL/GENERAL/3000020009559,1,23,"mksihhhhhh , psti nnti ksni lgiii",Diulas 19 minggu lalu,"https://ik.imagekit.io/tvlk/ugc-review/guys1L+Yyer9kzI3sp-pb0CG1j2bhflZGFUZOoIf1YOBAm37kEUOKR41ieUZm7ZJ/ugc-photo-ap-southeast-1-581603780057-acd24e232f75f09e/REVIEW/REVIEW_1766610742791_4e9213a97cb3a5b0?_src=imagekit&tr=c-at_max,h-100,q-40,w-100",,,,,,,,,,,,,,,,,,,
https://www.traveloka.com/id-id/user/review/consumption/HOTEL/GENERAL/3000020009559,1,24,"Kami menyukai hotel ini karena sederhana dan bersih. Hotel ini dekat dengan mal tempat kami ingin mengunjungi banyak aktivitas, terutama Skyward.",Diulas 20 minggu lalu,"https://ik.imagekit.io/tvlk/ugc-review/guys1L+Yyer9kzI3sp-pb0CG1j2bhflZGFUZOoIf1YOBAm37kEUOKR41ieUZm7ZJ/ugc-photo-ap-southeast-1-581603780057-acd24e232f75f09e/REVIEW/REVIEW_1766422271016_a898a0e2a901c9ca?_src=imagekit&tr=c-at_max,h-100,q-40,w-100",,,,,,,,,,,,,,,,,,,
https://www.traveloka.com/id-id/user/review/consumption/HOTEL/GENERAL/3000020009559,1,25,"pengalaman menginap yang nyaman. staf ramah, lokasi strategis. sempurna",Diulas 20 minggu lalu,"https://ik.imagekit.io/tvlk/ugc-review/guys1L+Yyer9kzI3sp-pb0CG1j2bhflZGFUZOoIf1YOBAm37kEUOKR41ieUZm7ZJ/ugc-photo-ap-southeast-1-581603780057-acd24e232f75f09e/REVIEW/REVIEW_1766111544075_605614604353566a?_src=imagekit&tr=c-at_max,h-100,q-40,w-100","https://ik.imagekit.io/tvlk/ugc-review/guys1L+Yyer9kzI3sp-pb0CG1j2bhflZGFUZOoIf1YOBAm37kEUOKR41ieUZm7ZJ/ugc-photo-ap-southeast-1-581603780057-acd24e232f75f09e/REVIEW/REVIEW_1766111555315_3fd6bb45b6287583?_src=imagekit&tr=c-at_max,h-100,q-40,w-100","https://ik.imagekit.io/tvlk/ugc-review/guys1L+Yyer9kzI3sp-pb0CG1j2bhflZGFUZOoIf1YOBAm37kEUOKR41ieUZm7ZJ/ugc-photo-ap-southeast-1-581603780057-acd24e232f75f09e/REVIEW/REVIEW_1766111598096_cb552c343b1fc529?_src=imagekit&tr=c-at_max,h-100,q-40,w-100",,,,,,,,,,,,,,,,,
https://www.traveloka.com/id-id/user/review/consumption/HOTEL/GENERAL/3000020009559,1,26,"Staff hotel ramah, lingkungan nyaman, akses mudah ke hotel, hanya saja kalau weekend tempat parkir sulit meski gratis karena didalam mal",Diulas 24 minggu lalu,"https://ik.imagekit.io/tvlk/ugc-review/guys1L+Yyer9kzI3sp-pb0CG1j2bhflZGFUZOoIf1YOBAm37kEUOKR41ieUZm7ZJ/ugc-photo-ap-southeast-1-581603780057-acd24e232f75f09e/REVIEW/REVIEW_1763715460116_65d280b582ceb01a?_src=imagekit&tr=c-at_max,h-100,q-40,w-100","https://ik.imagekit.io/tvlk/ugc-review/guys1L+Yyer9kzI3sp-pb0CG1j2bhflZGFUZOoIf1YOBAm37kEUOKR41ieUZm7ZJ/ugc-photo-ap-southeast-1-581603780057-acd24e232f75f09e/REVIEW/REVIEW_1763715460116_ca1904a4d08a24b6?_src=imagekit&tr=c-at_max,h-100,q-40,w-100","https://ik.imagekit.io/tvlk/ugc-review/guys1L+Yyer9kzI3sp-pb0CG1j2bhflZGFUZOoIf1YOBAm37kEUOKR41ieUZm7ZJ/ugc-photo-ap-southeast-1-581603780057-acd24e232f75f09e/REVIEW/REVIEW_1763715460116_cf5e585d78c7885e?_src=imagekit&tr=c-at_max,h-100,q-40,w-100","https://ik.imagekit.io/tvlk/ugc-review/guys1L+Yyer9kzI3sp-pb0CG1j2bhflZGFUZOoIf1YOBAm37kEUOKR41ieUZm7ZJ/ugc-photo-ap-southeast-1-581603780057-acd24e232f75f09e/REVIEW/REVIEW_1763715460116_02954c17dfba7695?_src=imagekit&tr=c-at_max,h-100,q-40,w-100","https://ik.imagekit.io/tvlk/ugc-review/guys1L+Yyer9kzI3sp-pb0CG1j2bhflZGFUZOoIf1YOBAm37kEUOKR41ieUZm7ZJ/ugc-photo-ap-southeast-1-581603780057-acd24e232f75f09e/REVIEW/REVIEW_1763715460116_af54281e589f01d4?_src=imagekit&tr=c-at_max,h-100,q-40,w-100","https://ik.imagekit.io/tvlk/ugc-review/guys1L+Yyer9kzI3sp-pb0CG1j2bhflZGFUZOoIf1YOBAm37kEUOKR41ieUZm7ZJ/ugc-photo-ap-southeast-1-581603780057-acd24e232f75f09e/REVIEW/REVIEW_1763715460115_89e98dde0f50c036?_src=imagekit&tr=c-at_max,h-100,q-40,w-100",,,,,,,,,,,,,,
https://www.traveloka.com/id-id/user/review/consumption/HOTEL/GENERAL/3000020009559,1,27,"Enak nginep disini karena dibawahnya mall langsung, jadi kita gak perlu jauh"" jalan"" cari diskon",Diulas 24 minggu lalu,"https://ik.imagekit.io/tvlk/ugc-review/guys1L+Yyer9kzI3sp-pb0CG1j2bhflZGFUZOoIf1YOBAm37kEUOKR41ieUZm7ZJ/ugc-photo-ap-southeast-1-581603780057-acd24e232f75f09e/REVIEW/REVIEW_1763465350375_f2a8dca0922924af?_src=imagekit&tr=c-at_max,h-100,q-40,w-100",,,,,,,,,,,,,,,,,,,
https://www.traveloka.com/id-id/user/review/consumption/HOTEL/GENERAL/3000020009559,1,28,"Hotel yang strategis, nyaman, penuh keramahan, makanan lumayan enak, parkir luas nyatu sama parkir mall, pelayanan luar biasa.",Diulas 26 minggu lalu,"https://ik.imagekit.io/tvlk/ugc-review/guys1L+Yyer9kzI3sp-pb0CG1j2bhflZGFUZOoIf1YOBAm37kEUOKR41ieUZm7ZJ/ugc-photo-ap-southeast-1-581603780057-acd24e232f75f09e/REVIEW/REVIEW_1762450330437_083721194e362e5e?_src=imagekit&tr=c-at_max,h-100,q-40,w-100","https://ik.imagekit.io/tvlk/ugc-review/guys1L+Yyer9kzI3sp-pb0CG1j2bhflZGFUZOoIf1YOBAm37kEUOKR41ieUZm7ZJ/ugc-photo-ap-southeast-1-581603780057-acd24e232f75f09e/REVIEW/REVIEW_1762450330436_675e5a841f385d27?_src=imagekit&tr=c-at_max,h-100,q-40,w-100","https://ik.imagekit.io/tvlk/ugc-review/guys1L+Yyer9kzI3sp-pb0CG1j2bhflZGFUZOoIf1YOBAm37kEUOKR41ieUZm7ZJ/ugc-photo-ap-southeast-1-581603780057-acd24e232f75f09e/REVIEW/REVIEW_1762450330436_f6e07f120a53b210?_src=imagekit&tr=c-at_max,h-100,q-40,w-100","https://ik.imagekit.io/tvlk/ugc-review/guys1L+Yyer9kzI3sp-pb0CG1j2bhflZGFUZOoIf1YOBAm37kEUOKR41ieUZm7ZJ/ugc-photo-ap-southeast-1-581603780057-acd24e232f75f09e/REVIEW/REVIEW_1762450330436_c85c35add6ad283f?_src=imagekit&tr=c-at_max,h-100,q-40,w-100","https://ik.imagekit.io/tvlk/ugc-review/guys1L+Yyer9kzI3sp-pb0CG1j2bhflZGFUZOoIf1YOBAm37kEUOKR41ieUZm7ZJ/ugc-photo-ap-southeast-1-581603780057-acd24e232f75f09e/REVIEW/REVIEW_1762450330432_7dee0d8377193d84?_src=imagekit&tr=c-at_max,h-100,q-40,w-100",,,,,,,,,,,,,,,
https://www.traveloka.com/id-id/user/review/consumption/HOTEL/GENERAL/3000020009559,1,29,"Hotel yang pasti ku pilih kalau main ke Bandung. Alasannya karena lokasinya di dalam Mall paskal 23, mallnya super lengkap, mau makan, main, belanja seharian juga bisa",Diulas 26 minggu lalu,"https://ik.imagekit.io/tvlk/ugc-review/guys1L+Yyer9kzI3sp-pb0CG1j2bhflZGFUZOoIf1YOBAm37kEUOKR41ieUZm7ZJ/ugc-photo-ap-southeast-1-581603780057-acd24e232f75f09e/REVIEW/REVIEW_1762311603373_25d984ce0e963554?_src=imagekit&tr=c-at_max,h-100,q-40,w-100",,,,,,,,,,,,,,,,,,,
https://www.traveloka.com/id-id/user/review/consumption/HOTEL/GENERAL/3000020009559,1,30,Tiap ke bandung selalu mesen hotel disini karena udah cocok. Lokasinya di dalam paskal jadi bisa main di mall seharian sampe malem. Cuma cari parkirnya itu loh setengah mati karena pskal ruame poll,Diulas 27 minggu lalu,"https://ik.imagekit.io/tvlk/ugc-review/guys1L+Yyer9kzI3sp-pb0CG1j2bhflZGFUZOoIf1YOBAm37kEUOKR41ieUZm7ZJ/ugc-photo-ap-southeast-1-581603780057-acd24e232f75f09e/REVIEW/REVIEW_1762126035229_9f7354dfabe50c66?_src=imagekit&tr=c-at_max,h-100,q-40,w-100",,,,,,,,,,,,,,,,,,,
https://www.traveloka.com/id-id/user/review/consumption/HOTEL/GENERAL/3000020009559,1,31,"Suka nginep disini karena bersih, dan yang terpenting itu di dalem mall paskal 23, jadi bisa keliling mall. Cuma negatifnya 1, yaitu parkir susah cari pas weekend karena mall ramenanget",Diulas 27 minggu lalu,"https://ik.imagekit.io/tvlk/ugc-review/guys1L+Yyer9kzI3sp-pb0CG1j2bhflZGFUZOoIf1YOBAm37kEUOKR41ieUZm7ZJ/ugc-photo-ap-southeast-1-581603780057-acd24e232f75f09e/REVIEW/REVIEW_1762005318635_359299b0235b5f48?_src=imagekit&tr=c-at_max,h-100,q-40,w-100",,,,,,,,,,,,,,,,,,,
https://www.traveloka.com/id-id/user/review/consumption/HOTEL/GENERAL/3000020009559,1,32,"Hotel ini menawarkan fasilitas yang sangat baik. Para tamu biasanya menikmati kamar yang luas dan tertata apik, serta fasilitas kesehatan. Hotel Yello menawarkan kenyamanan kamar dan layanan yang sangat baik.",Diulas 28 minggu lalu,"https://ik.imagekit.io/tvlk/ugc-review/guys1L+Yyer9kzI3sp-pb0CG1j2bhflZGFUZOoIf1YOBAm37kEUOKR41ieUZm7ZJ/ugc-photo-ap-southeast-1-581603780057-acd24e232f75f09e/REVIEW/REVIEW_1761440659845_5d71bd24e6dec9d4?_src=imagekit&tr=c-at_max,h-100,q-40,w-100","https://ik.imagekit.io/tvlk/ugc-review/guys1L+Yyer9kzI3sp-pb0CG1j2bhflZGFUZOoIf1YOBAm37kEUOKR41ieUZm7ZJ/ugc-photo-ap-southeast-1-581603780057-acd24e232f75f09e/REVIEW/REVIEW_1761440659845_6fa68c610e1b3b3c?_src=imagekit&tr=c-at_max,h-100,q-40,w-100",,,,,,,,,,,,,,,,,,
https://www.traveloka.com/id-id/user/review/consumption/HOTEL/GENERAL/3000020009559,1,33,"Suka banget, soon kalo ke bandung will surely stay di sini lagi
Harganya competitive, deket dari braga dan kartika sari of course oleh oleh khas bandung. Sarapannya banyak pilihan. Selalu excited jadinya bangun pagi buat sarapan. Staff ramah. 
Best of the best",Diulas 31 minggu lalu,"https://ik.imagekit.io/tvlk/ugc-review/guys1L+Yyer9kzI3sp-pb0CG1j2bhflZGFUZOoIf1YOBAm37kEUOKR41ieUZm7ZJ/ugc-photo-ap-southeast-1-581603780057-acd24e232f75f09e/REVIEW/REVIEW_1759247032475_6440d37942c9928f?_src=imagekit&tr=c-at_max,h-100,q-40,w-100","https://ik.imagekit.io/tvlk/ugc-review/guys1L+Yyer9kzI3sp-pb0CG1j2bhflZGFUZOoIf1YOBAm37kEUOKR41ieUZm7ZJ/ugc-photo-ap-southeast-1-581603780057-acd24e232f75f09e/REVIEW/REVIEW_1759247032475_81dd31dc1dd4e4bc?_src=imagekit&tr=c-at_max,h-100,q-40,w-100",,,,,,,,,,,,,,,,,,
https://www.traveloka.com/id-id/user/review/consumption/HOTEL/GENERAL/3000020009559,1,34,pesan kamar lantai atas menghadap utara dikasih sungguh menyenangkan,Diulas 32 minggu lalu,"https://ik.imagekit.io/tvlk/ugc-review/guys1L+Yyer9kzI3sp-pb0CG1j2bhflZGFUZOoIf1YOBAm37kEUOKR41ieUZm7ZJ/ugc-photo-ap-southeast-1-581603780057-acd24e232f75f09e/REVIEW/REVIEW_1759011400943_46bb9cea7e9698bc?_src=imagekit&tr=c-at_max,h-100,q-40,w-100",,,,,,,,,,,,,,,,,,,
https://www.traveloka.com/id-id/user/review/consumption/HOTEL/GENERAL/3000020009559,1,35,pesan lantai tinggi supaya malam hari menjelang tidur bisa buka korden demi melihat bulan bintang gagal karena dikasi lantai dasar kurang privacy juga.,Diulas 34 minggu lalu,"https://ik.imagekit.io/tvlk/ugc-review/guys1L+Yyer9kzI3sp-pb0CG1j2bhflZGFUZOoIf1YOBAm37kEUOKR41ieUZm7ZJ/ugc-photo-ap-southeast-1-581603780057-acd24e232f75f09e/REVIEW/REVIEW_1757843351157_c4531b94fff01a39?_src=imagekit&tr=c-at_max,h-100,q-40,w-100","https://ik.imagekit.io/tvlk/ugc-review/guys1L+Yyer9kzI3sp-pb0CG1j2bhflZGFUZOoIf1YOBAm37kEUOKR41ieUZm7ZJ/ugc-photo-ap-southeast-1-581603780057-acd24e232f75f09e/REVIEW/REVIEW_1757843351157_8fc79fc0b3625e8e?_src=imagekit&tr=c-at_max,h-100,q-40,w-100","https://ik.imagekit.io/tvlk/ugc-review/guys1L+Yyer9kzI3sp-pb0CG1j2bhflZGFUZOoIf1YOBAm37kEUOKR41ieUZm7ZJ/ugc-photo-ap-southeast-1-581603780057-acd24e232f75f09e/REVIEW/REVIEW_1757843351158_c21d3af82465bc1c?_src=imagekit&tr=c-at_max,h-100,q-40,w-100",,,,,,,,,,,,,,,,,
https://www.traveloka.com/id-id/user/review/consumption/HOTEL/GENERAL/3000020009559,1,36,"staf hotel ramah, kasur empuk, nempel ke mall dan tempat kuliner. mantap next nginep di yello lagi",Diulas 36 minggu lalu,"https://ik.imagekit.io/tvlk/ugc-review/guys1L+Yyer9kzI3sp-pb0CG1j2bhflZGFUZOoIf1YOBAm37kEUOKR41ieUZm7ZJ/ugc-photo-ap-southeast-1-581603780057-acd24e232f75f09e/REVIEW/REVIEW_1756772070101_24f84fc42db8db92?_src=imagekit&tr=c-at_max,h-100,q-40,w-100","https://ik.imagekit.io/tvlk/ugc-review/guys1L+Yyer9kzI3sp-pb0CG1j2bhflZGFUZOoIf1YOBAm37kEUOKR41ieUZm7ZJ/ugc-photo-ap-southeast-1-581603780057-acd24e232f75f09e/REVIEW/REVIEW_1756772098520_95d24e26c3378efa?_src=imagekit&tr=c-at_max,h-100,q-40,w-100",,,,,,,,,,,,,,,,,,
https://www.traveloka.com/id-id/user/review/consumption/HOTEL/GENERAL/3000020009559,1,37,"Kamar nyaman, fasilitas bersih, dan staf ramah dan membantu.",Diulas 36 minggu lalu,"https://ik.imagekit.io/tvlk/ugc-review/guys1L+Yyer9kzI3sp-pb0CG1j2bhflZGFUZOoIf1YOBAm37kEUOKR41ieUZm7ZJ/ugc-photo-ap-southeast-1-581603780057-acd24e232f75f09e/REVIEW/REVIEW_1756706050229_9a4afa60a49b3c8a?_src=imagekit&tr=c-at_max,h-100,q-40,w-100",,,,,,,,,,,,,,,,,,,
https://www.traveloka.com/id-id/user/review/consumption/HOTEL/GENERAL/3000020009559,1,38,"Enak puas, kalau ada rezeki-nya mau menginap di sini lagi. Sarapan-nya enak-enak, guys.",Diulas 36 minggu lalu,"https://ik.imagekit.io/tvlk/ugc-review/guys1L+Yyer9kzI3sp-pb0CG1j2bhflZGFUZOoIf1YOBAm37kEUOKR41ieUZm7ZJ/ugc-photo-ap-southeast-1-581603780057-acd24e232f75f09e/REVIEW/REVIEW_1756293972978_9bc37d40dde8181b?_src=imagekit&tr=c-at_max,h-100,q-40,w-100",,,,,,,,,,,,,,,,,,,
https://www.traveloka.com/id-id/user/review/consumption/HOTEL/GENERAL/3000020009559,1,39,"thanks for the service... very nice and helpfull, buat mas kasir resto good attitude dan sangat friendly thanks ya",Diulas 41 minggu lalu,"https://ik.imagekit.io/tvlk/ugc-review/guys1L+Yyer9kzI3sp-pb0CG1j2bhflZGFUZOoIf1YOBAm37kEUOKR41ieUZm7ZJ/ugc-photo-ap-southeast-1-581603780057-acd24e232f75f09e/REVIEW/REVIEW_1753591315936_e2e38540e89af82f?_src=imagekit&tr=c-at_max,h-100,q-40,w-100","https://ik.imagekit.io/tvlk/ugc-review/guys1L+Yyer9kzI3sp-pb0CG1j2bhflZGFUZOoIf1YOBAm37kEUOKR41ieUZm7ZJ/ugc-photo-ap-southeast-1-581603780057-acd24e232f75f09e/REVIEW/REVIEW_1753591315936_8f557a46590f2cdd?_src=imagekit&tr=c-at_max,h-100,q-40,w-100","https://ik.imagekit.io/tvlk/ugc-review/guys1L+Yyer9kzI3sp-pb0CG1j2bhflZGFUZOoIf1YOBAm37kEUOKR41ieUZm7ZJ/ugc-photo-ap-southeast-1-581603780057-acd24e232f75f09e/REVIEW/REVIEW_1753591315936_0f1c73b35b603207?_src=imagekit&tr=c-at_max,h-100,q-40,w-100","https://ik.imagekit.io/tvlk/ugc-review/guys1L+Yyer9kzI3sp-pb0CG1j2bhflZGFUZOoIf1YOBAm37kEUOKR41ieUZm7ZJ/ugc-photo-ap-southeast-1-581603780057-acd24e232f75f09e/REVIEW/REVIEW_1753591315936_590e4d1e0ec88561?_src=imagekit&tr=c-at_max,h-100,q-40,w-100",,,,,,,,,,,,,,,,
https://www.traveloka.com/id-id/user/review/consumption/HOTEL/GENERAL/3000020009559,1,40,"Tidak ada ruang untuk bagasi
Cukup taruh di meja
Sangat buruk untuk bekerja, tidak punya ruang",Diulas 41 minggu lalu,"https://ik.imagekit.io/tvlk/ugc-review/guys1L+Yyer9kzI3sp-pb0CG1j2bhflZGFUZOoIf1YOBAm37kEUOKR41ieUZm7ZJ/ugc-photo-ap-southeast-1-581603780057-acd24e232f75f09e/REVIEW/REVIEW_1753248019960_3c40a06d91d95942?_src=imagekit&tr=c-at_max,h-100,q-40,w-100","https://ik.imagekit.io/tvlk/ugc-review/guys1L+Yyer9kzI3sp-pb0CG1j2bhflZGFUZOoIf1YOBAm37kEUOKR41ieUZm7ZJ/ugc-photo-ap-southeast-1-581603780057-acd24e232f75f09e/REVIEW/REVIEW_1753248019961_34bdf1e025c6c052?_src=imagekit&tr=c-at_max,h-100,q-40,w-100","https://ik.imagekit.io/tvlk/ugc-review/guys1L+Yyer9kzI3sp-pb0CG1j2bhflZGFUZOoIf1YOBAm37kEUOKR41ieUZm7ZJ/ugc-photo-ap-southeast-1-581603780057-acd24e232f75f09e/REVIEW/REVIEW_1753248019960_740b5026668114e7?_src=imagekit&tr=c-at_max,h-100,q-40,w-100","https://ik.imagekit.io/tvlk/ugc-review/guys1L+Yyer9kzI3sp-pb0CG1j2bhflZGFUZOoIf1YOBAm37kEUOKR41ieUZm7ZJ/ugc-photo-ap-southeast-1-581603780057-acd24e232f75f09e/REVIEW/REVIEW_1753248019960_c6800974bf08b437?_src=imagekit&tr=c-at_max,h-100,q-40,w-100",,,,,,,,,,,,,,,,
https://www.traveloka.com/id-id/user/review/consumption/HOTEL/GENERAL/3000020009559,2,1,"Holiday bersama anak-anak yang seru, diawali dengan complimentary yang enak dan menarik hiasan handuk yang lucu. Hotel ini berada tempat di atasnya Mall Paskal 23 aksesnya di Lobby Cai di sebelah Paul untuk ke lobby hotel lantai 4 dengan kamar yang nyaman dan sarapan pagi enak dan lengkap dari waffle sampe mie goreng ada. dengan fasilitas kolam renangnya menambah menarik untuk anak bermain air plus ada game zone di Lobby. Thanks for your hospitality 🙏",Diulas 43 minggu lalu,"https://ik.imagekit.io/tvlk/ugc-review/guys1L+Yyer9kzI3sp-pb0CG1j2bhflZGFUZOoIf1YOBAm37kEUOKR41ieUZm7ZJ/ugc-photo-ap-southeast-1-581603780057-acd24e232f75f09e/REVIEW/REVIEW_1752457387748_4b66da8907fcf214?_src=imagekit&tr=c-at_max,h-80,q-40,w-80","https://ik.imagekit.io/tvlk/ugc-review/guys1L+Yyer9kzI3sp-pb0CG1j2bhflZGFUZOoIf1YOBAm37kEUOKR41ieUZm7ZJ/ugc-photo-ap-southeast-1-581603780057-acd24e232f75f09e/REVIEW/REVIEW_1752457393308_27611818c697c5ac?_src=imagekit&tr=c-at_max,h-80,q-40,w-80","https://ik.imagekit.io/tvlk/ugc-review/guys1L+Yyer9kzI3sp-pb0CG1j2bhflZGFUZOoIf1YOBAm37kEUOKR41ieUZm7ZJ/ugc-photo-ap-southeast-1-581603780057-acd24e232f75f09e/REVIEW/REVIEW_1752457409593_40023dca53d9373c?_src=imagekit&tr=c-at_max,h-80,q-40,w-80","https://ik.imagekit.io/tvlk/ugc-review/guys1L+Yyer9kzI3sp-pb0CG1j2bhflZGFUZOoIf1YOBAm37kEUOKR41ieUZm7ZJ/ugc-photo-ap-southeast-1-581603780057-acd24e232f75f09e/REVIEW/REVIEW_1752457419415_c277edd3634ebe1c?_src=imagekit&tr=c-at_max,h-80,q-40,w-80","https://ik.imagekit.io/tvlk/ugc-review/guys1L+Yyer9kzI3sp-pb0CG1j2bhflZGFUZOoIf1YOBAm37kEUOKR41ieUZm7ZJ/ugc-photo-ap-southeast-1-581603780057-acd24e232f75f09e/REVIEW/REVIEW_1752457662761_c35012dce96fe703?_src=imagekit&tr=c-at_max,h-80,q-40,w-80","https://ik.imagekit.io/tvlk/ugc-review/guys1L+Yyer9kzI3sp-pb0CG1j2bhflZGFUZOoIf1YOBAm37kEUOKR41ieUZm7ZJ/ugc-photo-ap-southeast-1-581603780057-acd24e232f75f09e/REVIEW/REVIEW_1752457662761_cf7ef6a4743ca44c?_src=imagekit&tr=c-at_max,h-80,q-40,w-80","https://ik.imagekit.io/tvlk/ugc-review/guys1L+Yyer9kzI3sp-pb0CG1j2bhflZGFUZOoIf1YOBAm37kEUOKR41ieUZm7ZJ/ugc-photo-ap-southeast-1-581603780057-acd24e232f75f09e/REVIEW/REVIEW_1752457662761_45d4545e88b14aa4?_src=imagekit&tr=c-at_max,h-80,q-40,w-80","https://ik.imagekit.io/tvlk/ugc-review/guys1L+Yyer9kzI3sp-pb0CG1j2bhflZGFUZOoIf1YOBAm37kEUOKR41ieUZm7ZJ/ugc-photo-ap-southeast-1-581603780057-acd24e232f75f09e/REVIEW/REVIEW_1752457662762_29f90c7864a30827?_src=imagekit&tr=c-at_max,h-80,q-40,w-80","https://ik.imagekit.io/tvlk/ugc-review/guys1L+Yyer9kzI3sp-pb0CG1j2bhflZGFUZOoIf1YOBAm37kEUOKR41ieUZm7ZJ/ugc-photo-ap-southeast-1-581603780057-acd24e232f75f09e/REVIEW/REVIEW_1752457662762_fff87f8af6a86a26?_src=imagekit&tr=c-at_max,h-80,q-40,w-80","https://ik.imagekit.io/tvlk/ugc-review/guys1L+Yyer9kzI3sp-pb0CG1j2bhflZGFUZOoIf1YOBAm37kEUOKR41ieUZm7ZJ/ugc-photo-ap-southeast-1-581603780057-acd24e232f75f09e/REVIEW/REVIEW_1752457662762_eca8d14a1ed87dca?_src=imagekit&tr=c-at_max,h-80,q-40,w-80",,,,,,,,,,
https://www.traveloka.com/id-id/user/review/consumption/HOTEL/GENERAL/3000020009559,2,2,"Staff hotel semua sangat ramah dan membantu dalam segala hal, terutama bisa langsung check in sebelum waktunya. Area hotel lumayan bersih, kolam renang bersih, walau kamar tidak begitu luas tapi bersih semua. Musholla sangat nyaman, fasilitas lengkap. Breakfast bervariasi setiap hari, untuk rasa di lauk-pauk nya standar lainnya sangat enak. Hotelnya di atas Mall 23 Paskal dan dekat dengan Stasiun Bandung. Bakal balik lagi ke Hotel Yello PASKAL kalau liburan ke Bandung lagi. Thanks Yello 🙏❤",Diulas 43 minggu lalu,"https://ik.imagekit.io/tvlk/ugc-review/guys1L+Yyer9kzI3sp-pb0CG1j2bhflZGFUZOoIf1YOBAm37kEUOKR41ieUZm7ZJ/ugc-photo-ap-southeast-1-581603780057-acd24e232f75f09e/REVIEW/REVIEW_1752023325352_d6d65c78c126c09e?_src=imagekit&tr=c-at_max,h-100,q-40,w-100","https://ik.imagekit.io/tvlk/ugc-review/guys1L+Yyer9kzI3sp-pb0CG1j2bhflZGFUZOoIf1YOBAm37kEUOKR41ieUZm7ZJ/ugc-photo-ap-southeast-1-581603780057-acd24e232f75f09e/REVIEW/REVIEW_1752023325353_eb95756337beb6e9?_src=imagekit&tr=c-at_max,h-100,q-40,w-100","https://ik.imagekit.io/tvlk/ugc-review/guys1L+Yyer9kzI3sp-pb0CG1j2bhflZGFUZOoIf1YOBAm37kEUOKR41ieUZm7ZJ/ugc-photo-ap-southeast-1-581603780057-acd24e232f75f09e/REVIEW/REVIEW_1752023325353_a6ffb3d98b4766db?_src=imagekit&tr=c-at_max,h-100,q-40,w-100","https://ik.imagekit.io/tvlk/ugc-review/guys1L+Yyer9kzI3sp-pb0CG1j2bhflZGFUZOoIf1YOBAm37kEUOKR41ieUZm7ZJ/ugc-photo-ap-southeast-1-581603780057-acd24e232f75f09e/REVIEW/REVIEW_1752023325353_9e89ae04c55340c6?_src=imagekit&tr=c-at_max,h-100,q-40,w-100","https://ik.imagekit.io/tvlk/ugc-review/guys1L+Yyer9kzI3sp-pb0CG1j2bhflZGFUZOoIf1YOBAm37kEUOKR41ieUZm7ZJ/ugc-photo-ap-southeast-1-581603780057-acd24e232f75f09e/REVIEW/REVIEW_1752023325353_03735143c71c90a9?_src=imagekit&tr=c-at_max,h-100,q-40,w-100","https://ik.imagekit.io/tvlk/ugc-review/guys1L+Yyer9kzI3sp-pb0CG1j2bhflZGFUZOoIf1YOBAm37kEUOKR41ieUZm7ZJ/ugc-photo-ap-southeast-1-581603780057-acd24e232f75f09e/REVIEW/REVIEW_1752023325352_7f2c9e5044dc336d?_src=imagekit&tr=c-at_max,h-100,q-40,w-100",,,,,,,,,,,,,,
https://www.traveloka.com/id-id/user/review/consumption/HOTEL/GENERAL/3000020009559,2,3,"smuanya oke, cm mau saran aja kolam renangnya air hangat dong soalnya pada kedinginan angin kenceng air dingin bgt dan tambah ruangan gym ya. yg lainnya udah ok bgt Puas bgt bakal kesni lg.",Diulas 44 minggu lalu,"https://ik.imagekit.io/tvlk/ugc-review/guys1L+Yyer9kzI3sp-pb0CG1j2bhflZGFUZOoIf1YOBAm37kEUOKR41ieUZm7ZJ/ugc-photo-ap-southeast-1-581603780057-acd24e232f75f09e/REVIEW/12023772_REVIEW_1751938189335_a695b45f8046ce36?_src=imagekit&tr=c-at_max,h-100,q-40,w-100","https://ik.imagekit.io/tvlk/ugc-review/guys1L+Yyer9kzI3sp-pb0CG1j2bhflZGFUZOoIf1YOBAm37kEUOKR41ieUZm7ZJ/ugc-photo-ap-southeast-1-581603780057-acd24e232f75f09e/REVIEW/12023772_REVIEW_1751938189335_7e77311e4c9db560?_src=imagekit&tr=c-at_max,h-100,q-40,w-100","https://ik.imagekit.io/tvlk/ugc-review/guys1L+Yyer9kzI3sp-pb0CG1j2bhflZGFUZOoIf1YOBAm37kEUOKR41ieUZm7ZJ/ugc-photo-ap-southeast-1-581603780057-acd24e232f75f09e/REVIEW/12023772_REVIEW_1751938189335_8bad0f947377ece6?_src=imagekit&tr=c-at_max,h-100,q-40,w-100","https://ik.imagekit.io/tvlk/ugc-review/guys1L+Yyer9kzI3sp-pb0CG1j2bhflZGFUZOoIf1YOBAm37kEUOKR41ieUZm7ZJ/ugc-photo-ap-southeast-1-581603780057-acd24e232f75f09e/REVIEW/12023772_REVIEW_1751938189335_7c97eebe72be1d20?_src=imagekit&tr=c-at_max,h-100,q-40,w-100",,,,,,,,,,,,,,,,
https://www.traveloka.com/id-id/user/review/consumption/HOTEL/GENERAL/3000020009559,2,4,"Saya pesan 3 kamar tipe Yello Urban Extra di 603, 605 dan 606. Bedroom dan bathroom selalu dalam keadaan rapi dan bersih. Saya membawa Ibunda yang sudah lansia dan saya memerlukan tambahan perlengkapan untuk mandi, dengan cepat keperluan tersebut diantarnya ke kamar. Tiap kali ke Bandung hotel ini selalu menjadi pilihan, akses ke Paskal Mall menjadikan pilihan saya dan keluarga untuk selalu menginap di sini. Breakfast-nya pun sangat variatif dan dikarenakan saya memilih tipe Yello Urban Extra, disajikan pula tambahan menu (Beef... ...) Saya lupa lagi namanya. Anak saya pun sangat menyukai handuk yang dibentuk gajah yang diletakkan di atas bed. Sangat puas dengan service excellent-nya Yello Hotel Paskal Bandung. Ke Bandung lagi... ya Yello Hotel Paskal lagi.",Diulas 46 minggu lalu,"https://ik.imagekit.io/tvlk/ugc-review/guys1L+Yyer9kzI3sp-pb0CG1j2bhflZGFUZOoIf1YOBAm37kEUOKR41ieUZm7ZJ/ugc-photo-ap-southeast-1-581603780057-acd24e232f75f09e/REVIEW/12591158_REVIEW_1750660781178_99578b595339bdf5?_src=imagekit&tr=c-at_max,h-100,q-40,w-100",,,,,,,,,,,,,,,,,,,
https://www.traveloka.com/id-id/user/review/consumption/HOTEL/GENERAL/3000020009559,2,5,bagus kamarnya fasilitas bagus,Diulas 48 minggu lalu,"https://ik.imagekit.io/tvlk/ugc-review/guys1L+Yyer9kzI3sp-pb0CG1j2bhflZGFUZOoIf1YOBAm37kEUOKR41ieUZm7ZJ/ugc-photo-ap-southeast-1-581603780057-acd24e232f75f09e/REVIEW/18997584_REVIEW_1749430918916_1eae4adb6822bfd4?_src=imagekit&tr=c-at_max,h-100,q-40,w-100","https://ik.imagekit.io/tvlk/ugc-review/guys1L+Yyer9kzI3sp-pb0CG1j2bhflZGFUZOoIf1YOBAm37kEUOKR41ieUZm7ZJ/ugc-photo-ap-southeast-1-581603780057-acd24e232f75f09e/REVIEW/18997584_REVIEW_1749430918915_0edaad424562b5cf?_src=imagekit&tr=c-at_max,h-100,q-40,w-100","https://ik.imagekit.io/tvlk/ugc-review/guys1L+Yyer9kzI3sp-pb0CG1j2bhflZGFUZOoIf1YOBAm37kEUOKR41ieUZm7ZJ/ugc-photo-ap-southeast-1-581603780057-acd24e232f75f09e/REVIEW/18997584_REVIEW_1749430918915_d07060e343e4b3f2?_src=imagekit&tr=c-at_max,h-100,q-40,w-100",,,,,,,,,,,,,,,,,
https://www.traveloka.com/id-id/user/review/consumption/HOTEL/GENERAL/3000020009559,2,6,"Suka menginap di sini karena tinggal jalan kaki dari stasiun bandung, banyak makanan. waktu check out disuruh nunggu tp tamu lain lancar2 aja baru pertamax nginep sini disuruh nunggu lama dikiranya sy mau nyolong ya sblmnya ga pernah gt, tdnya saya mau abaikan jet shower yg netes2 tp krn disuruh nunggu lama jd sy sampaikan saja.",Diulas 48 minggu lalu,"https://ik.imagekit.io/tvlk/ugc-review/guys1L+Yyer9kzI3sp-pb0CG1j2bhflZGFUZOoIf1YOBAm37kEUOKR41ieUZm7ZJ/ugc-photo-ap-southeast-1-581603780057-acd24e232f75f09e/REVIEW/16380080_REVIEW_1749113212820_ca11736f9909b3f0?_src=imagekit&tr=c-at_max,h-100,q-40,w-100","https://ik.imagekit.io/tvlk/ugc-review/guys1L+Yyer9kzI3sp-pb0CG1j2bhflZGFUZOoIf1YOBAm37kEUOKR41ieUZm7ZJ/ugc-photo-ap-southeast-1-581603780057-acd24e232f75f09e/REVIEW/16380080_REVIEW_1749113212821_e4e112cc3beb1341?_src=imagekit&tr=c-at_max,h-100,q-40,w-100","https://ik.imagekit.io/tvlk/ugc-review/guys1L+Yyer9kzI3sp-pb0CG1j2bhflZGFUZOoIf1YOBAm37kEUOKR41ieUZm7ZJ/ugc-photo-ap-southeast-1-581603780057-acd24e232f75f09e/REVIEW/16380080_REVIEW_1749113212821_abdc8a42f467affc?_src=imagekit&tr=c-at_max,h-100,q-40,w-100","https://ik.imagekit.io/tvlk/ugc-review/guys1L+Yyer9kzI3sp-pb0CG1j2bhflZGFUZOoIf1YOBAm37kEUOKR41ieUZm7ZJ/ugc-photo-ap-southeast-1-581603780057-acd24e232f75f09e/REVIEW/16380080_REVIEW_1749113212821_6b7b79da24e25fed?_src=imagekit&tr=c-at_max,h-100,q-40,w-100",,,,,,,,,,,,,,,,
https://www.traveloka.com/id-id/user/review/consumption/HOTEL/GENERAL/3000020009559,2,7,"staff ramah, tempet tidur nya luas, kamar nya jg luas. sendal nya lucu",Diulas 48 minggu lalu,"https://ik.imagekit.io/tvlk/ugc-review/guys1L+Yyer9kzI3sp-pb0CG1j2bhflZGFUZOoIf1YOBAm37kEUOKR41ieUZm7ZJ/ugc-photo-ap-southeast-1-581603780057-acd24e232f75f09e/REVIEW/27440803_REVIEW_1749051200419_19c895c43740b39a?_src=imagekit&tr=c-at_max,h-100,q-40,w-100",,,,,,,,,,,,,,,,,,,
https://www.traveloka.com/id-id/user/review/consumption/HOTEL/GENERAL/3000020009559,2,8,"dari stasiun bandung tinggal jalan kaki, ke mol tinggal turun, banyak makanan di sekitar.",Diulas 51 minggu lalu,"https://ik.imagekit.io/tvlk/ugc-review/guys1L+Yyer9kzI3sp-pb0CG1j2bhflZGFUZOoIf1YOBAm37kEUOKR41ieUZm7ZJ/ugc-photo-ap-southeast-1-581603780057-acd24e232f75f09e/REVIEW/16380080_REVIEW_1747125618473_1eb1f3399eec92c8?_src=imagekit&tr=c-at_max,h-80,q-40,w-80","https://ik.imagekit.io/tvlk/ugc-review/guys1L+Yyer9kzI3sp-pb0CG1j2bhflZGFUZOoIf1YOBAm37kEUOKR41ieUZm7ZJ/ugc-photo-ap-southeast-1-581603780057-acd24e232f75f09e/REVIEW/16380080_REVIEW_1747125618473_c759a4f2992e1587?_src=imagekit&tr=c-at_max,h-80,q-40,w-80","https://ik.imagekit.io/tvlk/ugc-review/guys1L+Yyer9kzI3sp-pb0CG1j2bhflZGFUZOoIf1YOBAm37kEUOKR41ieUZm7ZJ/ugc-photo-ap-southeast-1-581603780057-acd24e232f75f09e/REVIEW/16380080_REVIEW_1747125618474_04708c5ab988d63e?_src=imagekit&tr=c-at_max,h-80,q-40,w-80","https://ik.imagekit.io/tvlk/ugc-review/guys1L+Yyer9kzI3sp-pb0CG1j2bhflZGFUZOoIf1YOBAm37kEUOKR41ieUZm7ZJ/ugc-photo-ap-southeast-1-581603780057-acd24e232f75f09e/REVIEW/16380080_REVIEW_1747125618475_15af6ac662a17ee6?_src=imagekit&tr=c-at_max,h-80,q-40,w-80","https://ik.imagekit.io/tvlk/ugc-review/guys1L+Yyer9kzI3sp-pb0CG1j2bhflZGFUZOoIf1YOBAm37kEUOKR41ieUZm7ZJ/ugc-photo-ap-southeast-1-581603780057-acd24e232f75f09e/REVIEW/16380080_REVIEW_1747125618473_93628875fbe767cb?_src=imagekit&tr=c-at_max,h-80,q-40,w-80","https://ik.imagekit.io/tvlk/ugc-review/guys1L+Yyer9kzI3sp-pb0CG1j2bhflZGFUZOoIf1YOBAm37kEUOKR41ieUZm7ZJ/ugc-photo-ap-southeast-1-581603780057-acd24e232f75f09e/REVIEW/16380080_REVIEW_1747125618474_b2bf59a5b8565317?_src=imagekit&tr=c-at_max,h-80,q-40,w-80","https://ik.imagekit.io/tvlk/ugc-review/guys1L+Yyer9kzI3sp-pb0CG1j2bhflZGFUZOoIf1YOBAm37kEUOKR41ieUZm7ZJ/ugc-photo-ap-southeast-1-581603780057-acd24e232f75f09e/REVIEW/16380080_REVIEW_1747125618474_014c4dc898945fa8?_src=imagekit&tr=c-at_max,h-80,q-40,w-80","https://ik.imagekit.io/tvlk/ugc-review/guys1L+Yyer9kzI3sp-pb0CG1j2bhflZGFUZOoIf1YOBAm37kEUOKR41ieUZm7ZJ/ugc-photo-ap-southeast-1-581603780057-acd24e232f75f09e/REVIEW/16380080_REVIEW_1747125618474_88c01b77fe3df3fc?_src=imagekit&tr=c-at_max,h-80,q-40,w-80",,,,,,,,,,,,
https://www.traveloka.com/id-id/user/review/consumption/HOTEL/GENERAL/3000020009559,2,9,"Hotelnya bagus dan nyaman banget, staff-nya ramah dan sangat membantu, kolam renangnya enak nyaman untuk anak, makanan di resto-nya juga enak, worth it dengan harganya, kamarnya bersih dan semua fasilitas berjalan dengan baik seperti air hangat, dan hair dryer.",Diulas 52 minggu lalu,"https://ik.imagekit.io/tvlk/ugc-review/guys1L+Yyer9kzI3sp-pb0CG1j2bhflZGFUZOoIf1YOBAm37kEUOKR41ieUZm7ZJ/ugc-photo-ap-southeast-1-581603780057-acd24e232f75f09e/REVIEW/6898521_REVIEW_1746683047771_d215fa8631460780?_src=imagekit&tr=c-at_max,h-100,q-40,w-100","https://ik.imagekit.io/tvlk/ugc-review/guys1L+Yyer9kzI3sp-pb0CG1j2bhflZGFUZOoIf1YOBAm37kEUOKR41ieUZm7ZJ/ugc-photo-ap-southeast-1-581603780057-acd24e232f75f09e/REVIEW/6898521_REVIEW_1746683047771_cc235293aeb6296b?_src=imagekit&tr=c-at_max,h-100,q-40,w-100","https://ik.imagekit.io/tvlk/ugc-review/guys1L+Yyer9kzI3sp-pb0CG1j2bhflZGFUZOoIf1YOBAm37kEUOKR41ieUZm7ZJ/ugc-photo-ap-southeast-1-581603780057-acd24e232f75f09e/REVIEW/6898521_REVIEW_1746683047771_585cf841dd72e83f?_src=imagekit&tr=c-at_max,h-100,q-40,w-100",,,,,,,,,,,,,,,,,
https://www.traveloka.com/id-id/user/review/consumption/HOTEL/GENERAL/3000020009559,2,10,Dapat free upgrade. Staff juga sangat ramah.,Diulas 54 minggu lalu,"https://ik.imagekit.io/tvlk/ugc-review/guys1L+Yyer9kzI3sp-pb0CG1j2bhflZGFUZOoIf1YOBAm37kEUOKR41ieUZm7ZJ/ugc-photo-ap-southeast-1-581603780057-acd24e232f75f09e/REVIEW/12584316_REVIEW_1745672942148_e2f806f904365761?_src=imagekit&tr=c-at_max,h-100,q-40,w-100",,,,,,,,,,,,,,,,,,,
https://www.traveloka.com/id-id/user/review/consumption/HOTEL/GENERAL/3000020009559,2,11,"Saya sangat senang menginap di sini. Selain kamar yang nyaman, staff-nya ramah dan makanan di sini sangat bervariasi dan untuk rasa juga enak. Dan untuk akses ke mall pun sangat mudah. Terima kasih.",Diulas 56 minggu lalu,"https://ik.imagekit.io/tvlk/ugc-review/guys1L+Yyer9kzI3sp-pb0CG1j2bhflZGFUZOoIf1YOBAm37kEUOKR41ieUZm7ZJ/ugc-photo-ap-southeast-1-581603780057-acd24e232f75f09e/REVIEW/14849241_REVIEW_1744294927625_ed102c2e29207817?_src=imagekit&tr=c-at_max,h-100,q-40,w-100",,,,,,,,,,,,,,,,,,,
https://www.traveloka.com/id-id/user/review/consumption/HOTEL/GENERAL/3000020009559,2,12,sudah kesekian kali menginap di Yello Paskal. Selalu puas dengan pelayanan nya. Banyak benefit. Kamar bersih. Breakfast enak semua. Staff sangat ramah,Diulas 56 minggu lalu,"https://ik.imagekit.io/tvlk/ugc-review/guys1L+Yyer9kzI3sp-pb0CG1j2bhflZGFUZOoIf1YOBAm37kEUOKR41ieUZm7ZJ/ugc-photo-ap-southeast-1-581603780057-acd24e232f75f09e/REVIEW/359526546_REVIEW_1744105442364_a7111e91e822e4c9?_src=imagekit&tr=c-at_max,h-100,q-40,w-100","https://ik.imagekit.io/tvlk/ugc-review/guys1L+Yyer9kzI3sp-pb0CG1j2bhflZGFUZOoIf1YOBAm37kEUOKR41ieUZm7ZJ/ugc-photo-ap-southeast-1-581603780057-acd24e232f75f09e/REVIEW/359526546_REVIEW_1744105442364_a0cc357a8050f76e?_src=imagekit&tr=c-at_max,h-100,q-40,w-100",,,,,,,,,,,,,,,,,,
https://www.traveloka.com/id-id/user/review/consumption/HOTEL/GENERAL/3000020009559,2,13,"kamarnya bersih dan luas... kolam renangnya juga bersih
nyaman menginap disini hotelnya wangi bgt. dan mau cari makan gampang krn nyambung sama mall. ramah2 pegawainya.",Diulas 57 minggu lalu,"https://ik.imagekit.io/tvlk/ugc-review/guys1L+Yyer9kzI3sp-pb0CG1j2bhflZGFUZOoIf1YOBAm37kEUOKR41ieUZm7ZJ/ugc-photo-ap-southeast-1-581603780057-acd24e232f75f09e/REVIEW/74721571_REVIEW_1743920390046_fb4c508f397d015b?_src=imagekit&tr=c-at_max,h-100,q-40,w-100","https://ik.imagekit.io/tvlk/ugc-review/guys1L+Yyer9kzI3sp-pb0CG1j2bhflZGFUZOoIf1YOBAm37kEUOKR41ieUZm7ZJ/ugc-photo-ap-southeast-1-581603780057-acd24e232f75f09e/REVIEW/74721571_REVIEW_1743920390046_725e532b302ada9f?_src=imagekit&tr=c-at_max,h-100,q-40,w-100",,,,,,,,,,,,,,,,,,
https://www.traveloka.com/id-id/user/review/consumption/HOTEL/GENERAL/3000020009559,2,14,"Pemandangan kota yang bagus dan kamar yang bagus, secara keseluruhan semuanya bagus",Diulas 57 minggu lalu,"https://ik.imagekit.io/tvlk/ugc-review/guys1L+Yyer9kzI3sp-pb0CG1j2bhflZGFUZOoIf1YOBAm37kEUOKR41ieUZm7ZJ/ugc-photo-ap-southeast-1-581603780057-acd24e232f75f09e/REVIEW/14082306_REVIEW_1743747579493_b8cce87faf526a43?_src=imagekit&tr=c-at_max,h-100,q-40,w-100",,,,,,,,,,,,,,,,,,,
https://www.traveloka.com/id-id/user/review/consumption/HOTEL/GENERAL/3000020009559,2,15,Bagus recommend karena dekat dengan Paskal jadi banyak makanan dan juga mall. view kamarnya juga bagus pemandangan gunung,Diulas 57 minggu lalu,"https://ik.imagekit.io/tvlk/ugc-review/guys1L+Yyer9kzI3sp-pb0CG1j2bhflZGFUZOoIf1YOBAm37kEUOKR41ieUZm7ZJ/ugc-photo-ap-southeast-1-581603780057-acd24e232f75f09e/REVIEW/18376506_REVIEW_1743565847305_d60fe1476951663d?_src=imagekit&tr=c-at_max,h-100,q-40,w-100",,,,,,,,,,,,,,,,,,,
https://www.traveloka.com/id-id/user/review/consumption/HOTEL/GENERAL/3000020009559,2,16,Tempat yang sangat nyaman untuk menginap di Bandung. Lokasinya juga berada di tengah pusat perbelanjaan sehingga memudahkan untuk melakukan apa saja.,Diulas 58 minggu lalu,"https://ik.imagekit.io/tvlk/ugc-review/guys1L+Yyer9kzI3sp-pb0CG1j2bhflZGFUZOoIf1YOBAm37kEUOKR41ieUZm7ZJ/ugc-photo-ap-southeast-1-581603780057-acd24e232f75f09e/REVIEW/265452108_REVIEW_1743297285840_21906365dd488a55?_src=imagekit&tr=c-at_max,h-100,q-40,w-100",,,,,,,,,,,,,,,,,,,
https://www.traveloka.com/id-id/user/review/consumption/HOTEL/GENERAL/3000020009559,2,17,"Budget hotel yang bersih, nyaman, dekat mal, dekat tempat makan, staff-nya ramah, gak coba breakfast karena memang pengen kuliner di luar, puas sih ❤️",Diulas 59 minggu lalu,"https://ik.imagekit.io/tvlk/ugc-review/guys1L+Yyer9kzI3sp-pb0CG1j2bhflZGFUZOoIf1YOBAm37kEUOKR41ieUZm7ZJ/ugc-photo-ap-southeast-1-581603780057-acd24e232f75f09e/REVIEW/5019725_REVIEW_1742807210005_53729e2a513d61a3?_src=imagekit&tr=c-at_max,h-100,q-40,w-100","https://ik.imagekit.io/tvlk/ugc-review/guys1L+Yyer9kzI3sp-pb0CG1j2bhflZGFUZOoIf1YOBAm37kEUOKR41ieUZm7ZJ/ugc-photo-ap-southeast-1-581603780057-acd24e232f75f09e/REVIEW/5019725_REVIEW_1742807210006_2e4c3277ad4c2167?_src=imagekit&tr=c-at_max,h-100,q-40,w-100","https://ik.imagekit.io/tvlk/ugc-review/guys1L+Yyer9kzI3sp-pb0CG1j2bhflZGFUZOoIf1YOBAm37kEUOKR41ieUZm7ZJ/ugc-photo-ap-southeast-1-581603780057-acd24e232f75f09e/REVIEW/5019725_REVIEW_1742807210006_65cc4d443ef4d4d6?_src=imagekit&tr=c-at_max,h-100,q-40,w-100","https://ik.imagekit.io/tvlk/ugc-review/guys1L+Yyer9kzI3sp-pb0CG1j2bhflZGFUZOoIf1YOBAm37kEUOKR41ieUZm7ZJ/ugc-photo-ap-southeast-1-581603780057-acd24e232f75f09e/REVIEW/5019725_REVIEW_1742807210007_e7dabca44325bb4f?_src=imagekit&tr=c-at_max,h-100,q-40,w-100",,,,,,,,,,,,,,,,
https://www.traveloka.com/id-id/user/review/consumption/HOTEL/GENERAL/3000020009559,2,18,"Weekend Maret 2025. Kamar, wifi, AC, air panas, lokasi, request semua the bessst deh. Sukses, sejahtera, sehat, dan semakin penuh berkat untuk semua crew, staff Yello hotel. God bless",Diulas 61 minggu lalu,"https://ik.imagekit.io/tvlk/ugc-review/guys1L+Yyer9kzI3sp-pb0CG1j2bhflZGFUZOoIf1YOBAm37kEUOKR41ieUZm7ZJ/ugc-photo-ap-southeast-1-581603780057-acd24e232f75f09e/REVIEW/22927815_REVIEW_1741572679205_483afa04b1bf84aa?_src=imagekit&tr=c-at_max,h-80,q-40,w-80","https://ik.imagekit.io/tvlk/ugc-review/guys1L+Yyer9kzI3sp-pb0CG1j2bhflZGFUZOoIf1YOBAm37kEUOKR41ieUZm7ZJ/ugc-photo-ap-southeast-1-581603780057-acd24e232f75f09e/REVIEW/22927815_REVIEW_1741572679205_fc947b1e772bb28b?_src=imagekit&tr=c-at_max,h-80,q-40,w-80","https://ik.imagekit.io/tvlk/ugc-review/guys1L+Yyer9kzI3sp-pb0CG1j2bhflZGFUZOoIf1YOBAm37kEUOKR41ieUZm7ZJ/ugc-photo-ap-southeast-1-581603780057-acd24e232f75f09e/REVIEW/22927815_REVIEW_1741572679205_5219fc3281df6581?_src=imagekit&tr=c-at_max,h-80,q-40,w-80","https://ik.imagekit.io/tvlk/ugc-review/guys1L+Yyer9kzI3sp-pb0CG1j2bhflZGFUZOoIf1YOBAm37kEUOKR41ieUZm7ZJ/ugc-photo-ap-southeast-1-581603780057-acd24e232f75f09e/REVIEW/22927815_REVIEW_1741572738232_98d5b996b0e2a479?_src=imagekit&tr=c-at_max,h-80,q-40,w-80","https://ik.imagekit.io/tvlk/ugc-review/guys1L+Yyer9kzI3sp-pb0CG1j2bhflZGFUZOoIf1YOBAm37kEUOKR41ieUZm7ZJ/ugc-photo-ap-southeast-1-581603780057-acd24e232f75f09e/REVIEW/22927815_REVIEW_1741572679204_a4465d2ad7133f79?_src=imagekit&tr=c-at_max,h-80,q-40,w-80","https://ik.imagekit.io/tvlk/ugc-review/guys1L+Yyer9kzI3sp-pb0CG1j2bhflZGFUZOoIf1YOBAm37kEUOKR41ieUZm7ZJ/ugc-photo-ap-southeast-1-581603780057-acd24e232f75f09e/REVIEW/22927815_REVIEW_1741572679204_9ae70d7ba4cda217?_src=imagekit&tr=c-at_max,h-80,q-40,w-80","https://ik.imagekit.io/tvlk/ugc-review/guys1L+Yyer9kzI3sp-pb0CG1j2bhflZGFUZOoIf1YOBAm37kEUOKR41ieUZm7ZJ/ugc-photo-ap-southeast-1-581603780057-acd24e232f75f09e/REVIEW/22927815_REVIEW_1741572679204_f589fdb576e3c3f2?_src=imagekit&tr=c-at_max,h-80,q-40,w-80",,,,,,,,,,,,,
https://www.traveloka.com/id-id/user/review/consumption/HOTEL/GENERAL/3000020009559,2,19,"Staf hotel sangat amat ramah, hotel strategis banget, untuk wisata kuliner dan belanja, interior hotel-nya instagramable. Ada welcome drink, lemon tea enak.",Diulas 63 minggu lalu,"https://ik.imagekit.io/tvlk/ugc-review/guys1L+Yyer9kzI3sp-pb0CG1j2bhflZGFUZOoIf1YOBAm37kEUOKR41ieUZm7ZJ/ugc-photo-ap-southeast-1-581603780057-acd24e232f75f09e/REVIEW/253106522_REVIEW_1740320933622_a729cf5623b13744?_src=imagekit&tr=c-at_max,h-100,q-40,w-100","https://ik.imagekit.io/tvlk/ugc-review/guys1L+Yyer9kzI3sp-pb0CG1j2bhflZGFUZOoIf1YOBAm37kEUOKR41ieUZm7ZJ/ugc-photo-ap-southeast-1-581603780057-acd24e232f75f09e/REVIEW/253106522_REVIEW_1740320933623_5fdd28d8f8edd2e5?_src=imagekit&tr=c-at_max,h-100,q-40,w-100",,,,,,,,,,,,,,,,,,
https://www.traveloka.com/id-id/user/review/consumption/HOTEL/GENERAL/3000020009559,2,20,"Happy banget nginep disini, akses ka mall mudah dan pelayanan staf nya humble banget dr mulai pas check in malem minggu dr pintu masuk antri sampe sejam tp dibantu buat diparkirin mobilnya. Request jg dipenuhi buat kasih surprise ke ayah anak2. Recommended buat staycation dan jalan2 ke mall biar ga macet2an di luar",Diulas 64 minggu lalu,"https://ik.imagekit.io/tvlk/ugc-review/guys1L+Yyer9kzI3sp-pb0CG1j2bhflZGFUZOoIf1YOBAm37kEUOKR41ieUZm7ZJ/ugc-photo-ap-southeast-1-581603780057-acd24e232f75f09e/REVIEW/23280339_REVIEW_1739766935784_f43fd476a7a7fa35?_src=imagekit&tr=c-at_max,h-100,q-40,w-100",,,,,,,,,,,,,,,,,,,
https://www.traveloka.com/id-id/user/review/consumption/HOTEL/GENERAL/3000020009559,2,21,"ini keempat kalinya kami menginap di hotel ini, selalu luar biasa. 👏👏",Diulas 66 minggu lalu,"https://ik.imagekit.io/tvlk/ugc-review/guys1L+Yyer9kzI3sp-pb0CG1j2bhflZGFUZOoIf1YOBAm37kEUOKR41ieUZm7ZJ/ugc-photo-ap-southeast-1-581603780057-acd24e232f75f09e/REVIEW/348282_REVIEW_1738548545684_667d6192c9e105d7?_src=imagekit&tr=c-at_max,h-100,q-40,w-100",,,,,,,,,,,,,,,,,,,
https://www.traveloka.com/id-id/user/review/consumption/HOTEL/GENERAL/3000020009559,2,22,"suasana dan staff sebetulnya cukup membuat nyaman. lokasi pun sangat mudah menjangkau beberapa destinasi. sayangnya kamar yang kami tempati bau rokok walaupun sudah disemprot, cukup membuat mual saat awal-awal masuk kamar. selain itu saat tengah malam, ac bocor, cukup membuat kaget tapi untungnya staff sigap langsung memperbaikki ac. kolam renang di area anak kotor berpasir. 

lainnya, sudah sangat bagus danmenjadi pengalaman yang menyenangkan.",Diulas 66 minggu lalu,"https://ik.imagekit.io/tvlk/ugc-review/guys1L+Yyer9kzI3sp-pb0CG1j2bhflZGFUZOoIf1YOBAm37kEUOKR41ieUZm7ZJ/ugc-photo-ap-southeast-1-581603780057-acd24e232f75f09e/REVIEW/294275418_REVIEW_1738487246977_52f6dc32fb2e9e4f?_src=imagekit&tr=c-at_max,h-100,q-40,w-100","https://ik.imagekit.io/tvlk/ugc-review/guys1L+Yyer9kzI3sp-pb0CG1j2bhflZGFUZOoIf1YOBAm37kEUOKR41ieUZm7ZJ/ugc-photo-ap-southeast-1-581603780057-acd24e232f75f09e/REVIEW/294275418_REVIEW_1738487256247_19705d921c4b197a?_src=imagekit&tr=c-at_max,h-100,q-40,w-100",,,,,,,,,,,,,,,,,,
https://www.traveloka.com/id-id/user/review/consumption/HOTEL/GENERAL/3000020009559,2,23,"Hotel terletak di kawasan mal dan bisnis, jadi enggak usah ditanya fasilitas sekitar pasti lengkap. Aku suka semua pelayanannya, staf semua ramah, kamar bersih, amenities lengkap, sarapan enak dan bervariasi, pokoknya enggak nyesel menginap di sini. Kemarin menginap di tipe urban room dapat welcome fruit, cemilan, dan compliment voucher ngopi. Terima kasih ya, Yello top banget.",Diulas 66 minggu lalu,"https://ik.imagekit.io/tvlk/ugc-review/guys1L+Yyer9kzI3sp-pb0CG1j2bhflZGFUZOoIf1YOBAm37kEUOKR41ieUZm7ZJ/ugc-photo-ap-southeast-1-581603780057-acd24e232f75f09e/REVIEW/7948601_REVIEW_1738424305970_e9f764dd1ab608e2?_src=imagekit&tr=c-at_max,h-100,q-40,w-100","https://ik.imagekit.io/tvlk/ugc-review/guys1L+Yyer9kzI3sp-pb0CG1j2bhflZGFUZOoIf1YOBAm37kEUOKR41ieUZm7ZJ/ugc-photo-ap-southeast-1-581603780057-acd24e232f75f09e/REVIEW/7948601_REVIEW_1738424305971_6e57bacc77e16721?_src=imagekit&tr=c-at_max,h-100,q-40,w-100","https://ik.imagekit.io/tvlk/ugc-review/guys1L+Yyer9kzI3sp-pb0CG1j2bhflZGFUZOoIf1YOBAm37kEUOKR41ieUZm7ZJ/ugc-photo-ap-southeast-1-581603780057-acd24e232f75f09e/REVIEW/7948601_REVIEW_1738424305971_95d72c2510c01b94?_src=imagekit&tr=c-at_max,h-100,q-40,w-100","https://ik.imagekit.io/tvlk/ugc-review/guys1L+Yyer9kzI3sp-pb0CG1j2bhflZGFUZOoIf1YOBAm37kEUOKR41ieUZm7ZJ/ugc-photo-ap-southeast-1-581603780057-acd24e232f75f09e/REVIEW/7948601_REVIEW_1738424305971_b68aff1d274eb340?_src=imagekit&tr=c-at_max,h-100,q-40,w-100",,,,,,,,,,,,,,,,
https://www.traveloka.com/id-id/user/review/consumption/HOTEL/GENERAL/3000020009559,2,24,"Sudah 2 kali staycation di sini, over all good, mulai dari staff yang ramah, sarapan yang bervariasi dari nusantara sama western, lokasi yang strategis, kebersihan yang sangat terjaga.",Diulas 68 minggu lalu,"https://ik.imagekit.io/tvlk/ugc-review/guys1L+Yyer9kzI3sp-pb0CG1j2bhflZGFUZOoIf1YOBAm37kEUOKR41ieUZm7ZJ/ugc-photo-ap-southeast-1-581603780057-acd24e232f75f09e/REVIEW/81343327_REVIEW_1737295978969_e155b8232b17754a?_src=imagekit&tr=c-at_max,h-100,q-40,w-100",,,,,,,,,,,,,,,,,,,
https://www.traveloka.com/id-id/user/review/consumption/HOTEL/GENERAL/3000020009559,2,25,"Hotelnya rekomendasi buat yang suka kuliner, dekat dengan stasiun kereta api dan dekat dengan Braga, pelayanan ok... Buat staycation bisa coba di sini.",Diulas 68 minggu lalu,"https://ik.imagekit.io/tvlk/ugc-review/guys1L+Yyer9kzI3sp-pb0CG1j2bhflZGFUZOoIf1YOBAm37kEUOKR41ieUZm7ZJ/ugc-photo-ap-southeast-1-581603780057-acd24e232f75f09e/REVIEW/14549297_REVIEW_1736903378044_4cf8d17857eb9667?_src=imagekit&tr=c-at_max,h-100,q-40,w-100",,,,,,,,,,,,,,,,,,,
https://www.traveloka.com/id-id/user/review/consumption/HOTEL/GENERAL/3000020009559,2,26,"Staff hotel sangat ramah, bersih dan view nice banget 💯. Semoga aku bisa menginap di Yellow lagi ya dan sukses selalu untuk Yellow dan semua staff, sehat selalu. GBU All 🩷🙏",Diulas 69 minggu lalu,"https://ik.imagekit.io/tvlk/ugc-review/guys1L+Yyer9kzI3sp-pb0CG1j2bhflZGFUZOoIf1YOBAm37kEUOKR41ieUZm7ZJ/ugc-photo-ap-southeast-1-581603780057-acd24e232f75f09e/REVIEW/13555891_REVIEW_1736517723689_4235aeb59988b7ce?_src=imagekit&tr=c-at_max,h-80,q-40,w-80","https://ik.imagekit.io/tvlk/ugc-review/guys1L+Yyer9kzI3sp-pb0CG1j2bhflZGFUZOoIf1YOBAm37kEUOKR41ieUZm7ZJ/ugc-photo-ap-southeast-1-581603780057-acd24e232f75f09e/REVIEW/13555891_REVIEW_1736517723689_aff73d9fd644182b?_src=imagekit&tr=c-at_max,h-80,q-40,w-80","https://ik.imagekit.io/tvlk/ugc-review/guys1L+Yyer9kzI3sp-pb0CG1j2bhflZGFUZOoIf1YOBAm37kEUOKR41ieUZm7ZJ/ugc-photo-ap-southeast-1-581603780057-acd24e232f75f09e/REVIEW/13555891_REVIEW_1736517723689_256b150e64337b40?_src=imagekit&tr=c-at_max,h-80,q-40,w-80","https://ik.imagekit.io/tvlk/ugc-review/guys1L+Yyer9kzI3sp-pb0CG1j2bhflZGFUZOoIf1YOBAm37kEUOKR41ieUZm7ZJ/ugc-photo-ap-southeast-1-581603780057-acd24e232f75f09e/REVIEW/13555891_REVIEW_1736517723688_3c101b8af42557a6?_src=imagekit&tr=c-at_max,h-80,q-40,w-80","https://ik.imagekit.io/tvlk/ugc-review/guys1L+Yyer9kzI3sp-pb0CG1j2bhflZGFUZOoIf1YOBAm37kEUOKR41ieUZm7ZJ/ugc-photo-ap-southeast-1-581603780057-acd24e232f75f09e/REVIEW/13555891_REVIEW_1736517723688_b02f96486d3be011?_src=imagekit&tr=c-at_max,h-80,q-40,w-80","https://ik.imagekit.io/tvlk/ugc-review/guys1L+Yyer9kzI3sp-pb0CG1j2bhflZGFUZOoIf1YOBAm37kEUOKR41ieUZm7ZJ/ugc-photo-ap-southeast-1-581603780057-acd24e232f75f09e/REVIEW/13555891_REVIEW_1736517723689_9e6f9bf3b78718ad?_src=imagekit&tr=c-at_max,h-80,q-40,w-80","https://ik.imagekit.io/tvlk/ugc-review/guys1L+Yyer9kzI3sp-pb0CG1j2bhflZGFUZOoIf1YOBAm37kEUOKR41ieUZm7ZJ/ugc-photo-ap-southeast-1-581603780057-acd24e232f75f09e/REVIEW/13555891_REVIEW_1736517869978_10079de79ba9b4e0?_src=imagekit&tr=c-at_max,h-80,q-40,w-80",,,,,,,,,,,,,
https://www.traveloka.com/id-id/user/review/consumption/HOTEL/GENERAL/3000020009559,2,27,"Hotelnya bagus, next time kembali untuk liburan lagi, anyway makasih sudah dikasih sesuai request",Diulas 69 minggu lalu,"https://ik.imagekit.io/tvlk/ugc-review/guys1L+Yyer9kzI3sp-pb0CG1j2bhflZGFUZOoIf1YOBAm37kEUOKR41ieUZm7ZJ/ugc-photo-ap-southeast-1-581603780057-acd24e232f75f09e/REVIEW/263497682_REVIEW_1736423044423_f0a0be3fe5f5ad0e?_src=imagekit&tr=c-at_max,h-100,q-40,w-100","https://ik.imagekit.io/tvlk/ugc-review/guys1L+Yyer9kzI3sp-pb0CG1j2bhflZGFUZOoIf1YOBAm37kEUOKR41ieUZm7ZJ/ugc-photo-ap-southeast-1-581603780057-acd24e232f75f09e/REVIEW/263497682_REVIEW_1736423044423_26786414495c53a4?_src=imagekit&tr=c-at_max,h-100,q-40,w-100","https://ik.imagekit.io/tvlk/ugc-review/guys1L+Yyer9kzI3sp-pb0CG1j2bhflZGFUZOoIf1YOBAm37kEUOKR41ieUZm7ZJ/ugc-photo-ap-southeast-1-581603780057-acd24e232f75f09e/REVIEW/263497682_REVIEW_1736423044422_fe1c2a83cc730dac?_src=imagekit&tr=c-at_max,h-100,q-40,w-100",,,,,,,,,,,,,,,,,
https://www.traveloka.com/id-id/user/review/consumption/HOTEL/GENERAL/3000020009559,2,28,yello hotel selalu memberikan pengalaman menginap yg menyenangkan,Diulas 70 minggu lalu,"https://ik.imagekit.io/tvlk/ugc-review/guys1L+Yyer9kzI3sp-pb0CG1j2bhflZGFUZOoIf1YOBAm37kEUOKR41ieUZm7ZJ/ugc-photo-ap-southeast-1-581603780057-acd24e232f75f09e/REVIEW/14027770_REVIEW_1735975145918_04a377e4691e9c66?_src=imagekit&tr=c-at_max,h-100,q-40,w-100","https://ik.imagekit.io/tvlk/ugc-review/guys1L+Yyer9kzI3sp-pb0CG1j2bhflZGFUZOoIf1YOBAm37kEUOKR41ieUZm7ZJ/ugc-photo-ap-southeast-1-581603780057-acd24e232f75f09e/REVIEW/14027770_REVIEW_1735975145918_759200688c6cb8ef?_src=imagekit&tr=c-at_max,h-100,q-40,w-100","https://ik.imagekit.io/tvlk/ugc-review/guys1L+Yyer9kzI3sp-pb0CG1j2bhflZGFUZOoIf1YOBAm37kEUOKR41ieUZm7ZJ/ugc-photo-ap-southeast-1-581603780057-acd24e232f75f09e/REVIEW/14027770_REVIEW_1735975145918_904c98dea1ae74eb?_src=imagekit&tr=c-at_max,h-100,q-40,w-100",,,,,,,,,,,,,,,,,
https://www.traveloka.com/id-id/user/review/consumption/HOTEL/GENERAL/3000020009559,2,29,Sering menginap sini karena dari Stasiun Bandung tinggal jalan kaki. Terakhir menginap sini ada surprisingly ada cemilan. Sayang jendela tengahnya kok dicat? Jadi jelek menghalangi pemandangan. Mudah-mudahan cuma kamar ini saja yang seperti itu. Next time mengharapkan dapat kamar yang semua jendelanya tidak dicat.,Diulas 70 minggu lalu,"https://ik.imagekit.io/tvlk/ugc-review/guys1L+Yyer9kzI3sp-pb0CG1j2bhflZGFUZOoIf1YOBAm37kEUOKR41ieUZm7ZJ/ugc-photo-ap-southeast-1-581603780057-acd24e232f75f09e/REVIEW/16380080_REVIEW_1735819263428_e3e3a4e8e9e99c39?_src=imagekit&tr=c-at_max,h-100,q-40,w-100","https://ik.imagekit.io/tvlk/ugc-review/guys1L+Yyer9kzI3sp-pb0CG1j2bhflZGFUZOoIf1YOBAm37kEUOKR41ieUZm7ZJ/ugc-photo-ap-southeast-1-581603780057-acd24e232f75f09e/REVIEW/16380080_REVIEW_1735819263428_ed8490311d1a7489?_src=imagekit&tr=c-at_max,h-100,q-40,w-100",,,,,,,,,,,,,,,,,,
https://www.traveloka.com/id-id/user/review/consumption/HOTEL/GENERAL/3000020009559,2,30,Nyaman connect dengan hotel kebersihannya juga bagus,Diulas 71 minggu lalu,"https://ik.imagekit.io/tvlk/ugc-review/guys1L+Yyer9kzI3sp-pb0CG1j2bhflZGFUZOoIf1YOBAm37kEUOKR41ieUZm7ZJ/ugc-photo-ap-southeast-1-581603780057-acd24e232f75f09e/REVIEW/21415258_REVIEW_1735027482781_0e45dfd707466e11?_src=imagekit&tr=c-at_max,h-100,q-40,w-100",,,,,,,,,,,,,,,,,,,
https://www.traveloka.com/id-id/user/review/consumption/HOTEL/GENERAL/3000020009559,2,31,"Nginep 3D2N ya not so bad sih, lokasinya strategis, dekat dengan stasiun. Jalan dari Stasiun Bandung juga lumayan. Breakfast sih enak, banyak pilihan, terutama ada Indomie corner. Sekitar hotel juga banyak jajanan dan resto, sayang aja belum sempat jelajahin semua. Enaknya juga dapat kamar di lantai paling atas, lantai 9. View-nya bagus. Lobby utama hotelnya aja di lantai 4. Worth to come again sih buat explore more.",Diulas 83 minggu lalu,"https://ik.imagekit.io/tvlk/ugc-review/guys1L+Yyer9kzI3sp-pb0CG1j2bhflZGFUZOoIf1YOBAm37kEUOKR41ieUZm7ZJ/ugc-photo-ap-southeast-1-581603780057-acd24e232f75f09e/REVIEW/40678830_REVIEW_1728108719433_e07cc4953166d82b?_src=imagekit&tr=c-at_max,h-100,q-40,w-100","https://ik.imagekit.io/tvlk/ugc-review/guys1L+Yyer9kzI3sp-pb0CG1j2bhflZGFUZOoIf1YOBAm37kEUOKR41ieUZm7ZJ/ugc-photo-ap-southeast-1-581603780057-acd24e232f75f09e/REVIEW/40678830_REVIEW_1728108719434_7030529a948a9b21?_src=imagekit&tr=c-at_max,h-100,q-40,w-100",,,,,,,,,,,,,,,,,,
https://www.traveloka.com/id-id/user/review/consumption/HOTEL/GENERAL/3000020009559,2,32,Sangat bagus dan nyaman.,Diulas 85 minggu lalu,"https://ik.imagekit.io/tvlk/ugc-review/guys1L+Yyer9kzI3sp-pb0CG1j2bhflZGFUZOoIf1YOBAm37kEUOKR41ieUZm7ZJ/ugc-photo-ap-southeast-1-581603780057-acd24e232f75f09e/REVIEW/4297034_REVIEW_1726683691476_1108fc6155cae745?_src=imagekit&tr=c-at_max,h-100,q-40,w-100",,,,,,,,,,,,,,,,,,,
https://www.traveloka.com/id-id/user/review/consumption/HOTEL/GENERAL/3000020009559,2,33,"Hotelnya enak menyatu dengan mal. Jadi, cari makan enggak usah, cari makanan buat oleh-oleh enggak sudah dan yang jelas dekat stasiun. Kebetulan kami datang dan pulang menggunakan Whoosh, jadi Hotel Yello Paskal alternatif terbaik dan lumayan dekat juga dari Braga lewat jalan pintas masuk stasiun 2x parkir, tapi jadinya lebih dekat. Next bakalan jadi hotel langganan kalau ke Bandung dehh 😍",Diulas 93 minggu lalu,"https://ik.imagekit.io/tvlk/ugc-review/guys1L+Yyer9kzI3sp-pb0CG1j2bhflZGFUZOoIf1YOBAm37kEUOKR41ieUZm7ZJ/ugc-photo-ap-southeast-1-581603780057-acd24e232f75f09e/REVIEW/7620299_REVIEW_1721735538290_fb969a38e09761a3?_src=imagekit&tr=c-at_max,h-100,q-40,w-100","https://ik.imagekit.io/tvlk/ugc-review/guys1L+Yyer9kzI3sp-pb0CG1j2bhflZGFUZOoIf1YOBAm37kEUOKR41ieUZm7ZJ/ugc-photo-ap-southeast-1-581603780057-acd24e232f75f09e/REVIEW/7620299_REVIEW_1721735538290_1add739f9d52ae8c?_src=imagekit&tr=c-at_max,h-100,q-40,w-100","https://ik.imagekit.io/tvlk/ugc-review/guys1L+Yyer9kzI3sp-pb0CG1j2bhflZGFUZOoIf1YOBAm37kEUOKR41ieUZm7ZJ/ugc-photo-ap-southeast-1-581603780057-acd24e232f75f09e/REVIEW/7620299_REVIEW_1721735538291_8ac07d076b679cc0?_src=imagekit&tr=c-at_max,h-100,q-40,w-100",,,,,,,,,,,,,,,,,
https://www.traveloka.com/id-id/user/review/consumption/HOTEL/GENERAL/3000020009559,2,34,"Sangat menyenangkan, suasananya oke, bisa akses ke mal-nya, kamar bersih dan nyaman.",Diulas 95 minggu lalu,"https://ik.imagekit.io/tvlk/ugc-review/guys1L+Yyer9kzI3sp-pb0CG1j2bhflZGFUZOoIf1YOBAm37kEUOKR41ieUZm7ZJ/ugc-photo-ap-southeast-1-581603780057-acd24e232f75f09e/REVIEW/149185053_REVIEW_1720931327893_0b14ca35c02d7d84?_src=imagekit&tr=c-at_max,h-100,q-40,w-100","https://ik.imagekit.io/tvlk/ugc-review/guys1L+Yyer9kzI3sp-pb0CG1j2bhflZGFUZOoIf1YOBAm37kEUOKR41ieUZm7ZJ/ugc-photo-ap-southeast-1-581603780057-acd24e232f75f09e/REVIEW/149185053_REVIEW_1720931327893_8f305f9fbb79cf05?_src=imagekit&tr=c-at_max,h-100,q-40,w-100","https://ik.imagekit.io/tvlk/ugc-review/guys1L+Yyer9kzI3sp-pb0CG1j2bhflZGFUZOoIf1YOBAm37kEUOKR41ieUZm7ZJ/ugc-photo-ap-southeast-1-581603780057-acd24e232f75f09e/REVIEW/149185053_REVIEW_1720931327892_b213bc31ba302781?_src=imagekit&tr=c-at_max,h-100,q-40,w-100","https://ik.imagekit.io/tvlk/ugc-review/guys1L+Yyer9kzI3sp-pb0CG1j2bhflZGFUZOoIf1YOBAm37kEUOKR41ieUZm7ZJ/ugc-photo-ap-southeast-1-581603780057-acd24e232f75f09e/REVIEW/149185053_REVIEW_1720931327893_f72c73cd1852b8b5?_src=imagekit&tr=c-at_max,h-100,q-40,w-100",,,,,,,,,,,,,,,,
https://www.traveloka.com/id-id/user/review/consumption/HOTEL/GENERAL/3000020009559,2,35,"Lokasi Strategis, begitu datang langsung disambut dengan permainan untuk anak-anak. 😃",Diulas 95 minggu lalu,"https://ik.imagekit.io/tvlk/ugc-review/guys1L+Yyer9kzI3sp-pb0CG1j2bhflZGFUZOoIf1YOBAm37kEUOKR41ieUZm7ZJ/ugc-photo-ap-southeast-1-581603780057-acd24e232f75f09e/REVIEW/139778599_REVIEW_1720603292691_35f7c92b97ab7f52?_src=imagekit&tr=c-at_max,h-100,q-40,w-100",,,,,,,,,,,,,,,,,,,
https://www.traveloka.com/id-id/user/review/consumption/HOTEL/GENERAL/3000020009559,2,36,Hotel terbaik di pusat Pascal Mall Bandung pemandangan indah sarapan enak Romo yang enak.,Diulas 99 minggu lalu,"https://ik.imagekit.io/tvlk/ugc-review/guys1L+Yyer9kzI3sp-pb0CG1j2bhflZGFUZOoIf1YOBAm37kEUOKR41ieUZm7ZJ/ugc-photo-ap-southeast-1-581603780057-acd24e232f75f09e/REVIEW/17958115_REVIEW_1718441518618_f88cbc3dae69bcc4?_src=imagekit&tr=c-at_max,h-80,q-40,w-80","https://ik.imagekit.io/tvlk/ugc-review/guys1L+Yyer9kzI3sp-pb0CG1j2bhflZGFUZOoIf1YOBAm37kEUOKR41ieUZm7ZJ/ugc-photo-ap-southeast-1-581603780057-acd24e232f75f09e/REVIEW/17958115_REVIEW_1718441518618_d6bd5643aedc6785?_src=imagekit&tr=c-at_max,h-80,q-40,w-80","https://ik.imagekit.io/tvlk/ugc-review/guys1L+Yyer9kzI3sp-pb0CG1j2bhflZGFUZOoIf1YOBAm37kEUOKR41ieUZm7ZJ/ugc-photo-ap-southeast-1-581603780057-acd24e232f75f09e/REVIEW/17958115_REVIEW_1718441518618_32b6337e9de06136?_src=imagekit&tr=c-at_max,h-80,q-40,w-80","https://ik.imagekit.io/tvlk/ugc-review/guys1L+Yyer9kzI3sp-pb0CG1j2bhflZGFUZOoIf1YOBAm37kEUOKR41ieUZm7ZJ/ugc-photo-ap-southeast-1-581603780057-acd24e232f75f09e/REVIEW/17958115_REVIEW_1718441518617_e0bf2df4da9a754c?_src=imagekit&tr=c-at_max,h-80,q-40,w-80","https://ik.imagekit.io/tvlk/ugc-review/guys1L+Yyer9kzI3sp-pb0CG1j2bhflZGFUZOoIf1YOBAm37kEUOKR41ieUZm7ZJ/ugc-photo-ap-southeast-1-581603780057-acd24e232f75f09e/REVIEW/17958115_REVIEW_1718441518617_59bb728ccc08f44e?_src=imagekit&tr=c-at_max,h-80,q-40,w-80","https://ik.imagekit.io/tvlk/ugc-review/guys1L+Yyer9kzI3sp-pb0CG1j2bhflZGFUZOoIf1YOBAm37kEUOKR41ieUZm7ZJ/ugc-photo-ap-southeast-1-581603780057-acd24e232f75f09e/REVIEW/17958115_REVIEW_1718441518617_274c201108278976?_src=imagekit&tr=c-at_max,h-80,q-40,w-80","https://ik.imagekit.io/tvlk/ugc-review/guys1L+Yyer9kzI3sp-pb0CG1j2bhflZGFUZOoIf1YOBAm37kEUOKR41ieUZm7ZJ/ugc-photo-ap-southeast-1-581603780057-acd24e232f75f09e/REVIEW/17958115_REVIEW_1718441518617_881300afd6fd171a?_src=imagekit&tr=c-at_max,h-80,q-40,w-80","https://ik.imagekit.io/tvlk/ugc-review/guys1L+Yyer9kzI3sp-pb0CG1j2bhflZGFUZOoIf1YOBAm37kEUOKR41ieUZm7ZJ/ugc-photo-ap-southeast-1-581603780057-acd24e232f75f09e/REVIEW/17958115_REVIEW_1718441518617_1adc1dcec9f0829d?_src=imagekit&tr=c-at_max,h-80,q-40,w-80","https://ik.imagekit.io/tvlk/ugc-review/guys1L+Yyer9kzI3sp-pb0CG1j2bhflZGFUZOoIf1YOBAm37kEUOKR41ieUZm7ZJ/ugc-photo-ap-southeast-1-581603780057-acd24e232f75f09e/REVIEW/17958115_REVIEW_1718441518616_3b87ad15e45c89ff?_src=imagekit&tr=c-at_max,h-80,q-40,w-80","https://ik.imagekit.io/tvlk/ugc-review/guys1L+Yyer9kzI3sp-pb0CG1j2bhflZGFUZOoIf1YOBAm37kEUOKR41ieUZm7ZJ/ugc-photo-ap-southeast-1-581603780057-acd24e232f75f09e/REVIEW/17958115_REVIEW_1718441518616_3b5c455f7615a41d?_src=imagekit&tr=c-at_max,h-80,q-40,w-80",,,,,,,,,,
https://www.traveloka.com/id-id/user/review/consumption/HOTEL/GENERAL/3000020009559,2,37,"Hotelnya nyaman dan strategis kalau ada rencana shopping karena di bawah hotel ada mal 23 Paskal, harganya lumayan pricey, kamar sejutaan masih belum dapat sarapan.",Diulas 102 minggu lalu,"https://ik.imagekit.io/tvlk/ugc-review/guys1L+Yyer9kzI3sp-pb0CG1j2bhflZGFUZOoIf1YOBAm37kEUOKR41ieUZm7ZJ/ugc-photo-ap-southeast-1-581603780057-acd24e232f75f09e/REVIEW/12373703_REVIEW_1716868064354_1acdd178ba450dd6?_src=imagekit&tr=c-at_max,h-100,q-40,w-100",,,,,,,,,,,,,,,,,,,
https://www.traveloka.com/id-id/user/review/consumption/HOTEL/GENERAL/3000020009559,2,38,"Dekat Stasiun Bandung, tinggal jalan kaki tidak jauh. Mau nge-mal tinggal turun. Banyak makanan enak di sekitarnya.",Diulas 103 minggu lalu,"https://ik.imagekit.io/tvlk/ugc-review/guys1L+Yyer9kzI3sp-pb0CG1j2bhflZGFUZOoIf1YOBAm37kEUOKR41ieUZm7ZJ/ugc-photo-ap-southeast-1-581603780057-acd24e232f75f09e/ACCOMMODATION/16380080_ACCOMMODATION_1715760603885_5373cfa8bf4d5e0c?_src=imagekit&tr=c-at_max,h-100,q-40,w-100","https://ik.imagekit.io/tvlk/ugc-review/guys1L+Yyer9kzI3sp-pb0CG1j2bhflZGFUZOoIf1YOBAm37kEUOKR41ieUZm7ZJ/ugc-photo-ap-southeast-1-581603780057-acd24e232f75f09e/ACCOMMODATION/16380080_ACCOMMODATION_1715760603886_6e5eb05019de12ec?_src=imagekit&tr=c-at_max,h-100,q-40,w-100","https://ik.imagekit.io/tvlk/ugc-review/guys1L+Yyer9kzI3sp-pb0CG1j2bhflZGFUZOoIf1YOBAm37kEUOKR41ieUZm7ZJ/ugc-photo-ap-southeast-1-581603780057-acd24e232f75f09e/ACCOMMODATION/16380080_ACCOMMODATION_1715760603885_939ea43cddb8d176?_src=imagekit&tr=c-at_max,h-100,q-40,w-100",,,,,,,,,,,,,,,,,
https://www.traveloka.com/id-id/user/review/consumption/HOTEL/GENERAL/3000020009559,2,39,"Lokasinya jadi satu sama mal. Lokasi yang paling pas banget untuk liburan sekalian belanja. Heheh, gak perlu repot-repot kalau mau cari makan. Pokoknya the best.",Diulas 107 minggu lalu,"https://ik.imagekit.io/tvlk/ugc-review/guys1L+Yyer9kzI3sp-pb0CG1j2bhflZGFUZOoIf1YOBAm37kEUOKR41ieUZm7ZJ/ugc-photo-ap-southeast-1-581603780057-acd24e232f75f09e/REVIEW/264738349_REVIEW_1713760747539_adb94040e9cfe119?_src=imagekit&tr=c-at_max,h-100,q-40,w-100","https://ik.imagekit.io/tvlk/ugc-review/guys1L+Yyer9kzI3sp-pb0CG1j2bhflZGFUZOoIf1YOBAm37kEUOKR41ieUZm7ZJ/ugc-photo-ap-southeast-1-581603780057-acd24e232f75f09e/REVIEW/264738349_REVIEW_1713760747539_a5e5d3b5cf263799?_src=imagekit&tr=c-at_max,h-100,q-40,w-100",,,,,,,,,,,,,,,,,,
https://www.traveloka.com/id-id/user/review/consumption/HOTEL/GENERAL/3000020009559,2,40,"Keren, hotelnya deket banget dengan mall",Diulas 113 minggu lalu,"https://ik.imagekit.io/tvlk/ugc-review/guys1L+Yyer9kzI3sp-pb0CG1j2bhflZGFUZOoIf1YOBAm37kEUOKR41ieUZm7ZJ/ugc-photo-ap-southeast-1-581603780057-acd24e232f75f09e/REVIEW/202990890_REVIEW_1710159890858_d791d562219be7b0?_src=imagekit&tr=c-at_max,h-100,q-40,w-100",,,,,,,,,,,,,,,,,,,
https://www.traveloka.com/id-id/user/review/consumption/HOTEL/GENERAL/3000020009559,3,1,Staff hotel sangat membantu saya karena saya tiba di hotel lebih cepat dan mengantuk karena perjalanan. Terima kasih ya.,Diulas 114 minggu lalu,"https://ik.imagekit.io/tvlk/ugc-review/guys1L+Yyer9kzI3sp-pb0CG1j2bhflZGFUZOoIf1YOBAm37kEUOKR41ieUZm7ZJ/ugc-photo-ap-southeast-1-581603780057-acd24e232f75f09e/REVIEW/21041577_REVIEW_1709445544113_c60b69be03bfb6a2?_src=imagekit&tr=c-at_max,h-100,q-40,w-100","https://ik.imagekit.io/tvlk/ugc-review/guys1L+Yyer9kzI3sp-pb0CG1j2bhflZGFUZOoIf1YOBAm37kEUOKR41ieUZm7ZJ/ugc-photo-ap-southeast-1-581603780057-acd24e232f75f09e/REVIEW/21041577_REVIEW_1709446444684_b1a753a2d4df4dba?_src=imagekit&tr=c-at_max,h-100,q-40,w-100","https://ik.imagekit.io/tvlk/ugc-review/guys1L+Yyer9kzI3sp-pb0CG1j2bhflZGFUZOoIf1YOBAm37kEUOKR41ieUZm7ZJ/ugc-photo-ap-southeast-1-581603780057-acd24e232f75f09e/REVIEW/21041577_REVIEW_1709446488837_d7b2a9084096d690?_src=imagekit&tr=c-at_max,h-100,q-40,w-100",,,,,,,,,,,,,,,,,
https://www.traveloka.com/id-id/user/review/consumption/HOTEL/GENERAL/3000020009559,3,2,"Hotel yang ke mana-mana dekat. Recommended sih ini 🤩. Pas awal masuk kamar, kamarnya wangi puol. Saya menginap di tipe City View di lantai 8. Pemandangan gunung dan kota-nya bagus banget. Staf ramah. Menu sarapan enak-enak.",Diulas 117 minggu lalu,"https://ik.imagekit.io/tvlk/ugc-review/guys1L+Yyer9kzI3sp-pb0CG1j2bhflZGFUZOoIf1YOBAm37kEUOKR41ieUZm7ZJ/ugc-photo-ap-southeast-1-581603780057-acd24e232f75f09e/ACCOMMODATION/189424425_ACCOMMODATION_1707361195920_75e55cc64bb1e345?_src=imagekit&tr=c-at_max,h-100,q-40,w-100","https://ik.imagekit.io/tvlk/ugc-review/guys1L+Yyer9kzI3sp-pb0CG1j2bhflZGFUZOoIf1YOBAm37kEUOKR41ieUZm7ZJ/ugc-photo-ap-southeast-1-581603780057-acd24e232f75f09e/ACCOMMODATION/189424425_ACCOMMODATION_1707361195920_37314d313287e24d?_src=imagekit&tr=c-at_max,h-100,q-40,w-100","https://ik.imagekit.io/tvlk/ugc-review/guys1L+Yyer9kzI3sp-pb0CG1j2bhflZGFUZOoIf1YOBAm37kEUOKR41ieUZm7ZJ/ugc-photo-ap-southeast-1-581603780057-acd24e232f75f09e/ACCOMMODATION/189424425_ACCOMMODATION_1707361195920_2fa96f65330c071c?_src=imagekit&tr=c-at_max,h-100,q-40,w-100","https://ik.imagekit.io/tvlk/ugc-review/guys1L+Yyer9kzI3sp-pb0CG1j2bhflZGFUZOoIf1YOBAm37kEUOKR41ieUZm7ZJ/ugc-photo-ap-southeast-1-581603780057-acd24e232f75f09e/ACCOMMODATION/189424425_ACCOMMODATION_1707361195921_ab5e4ca3cd1d2462?_src=imagekit&tr=c-at_max,h-100,q-40,w-100","https://ik.imagekit.io/tvlk/ugc-review/guys1L+Yyer9kzI3sp-pb0CG1j2bhflZGFUZOoIf1YOBAm37kEUOKR41ieUZm7ZJ/ugc-photo-ap-southeast-1-581603780057-acd24e232f75f09e/ACCOMMODATION/189424425_ACCOMMODATION_1707361195920_19320f7f3a1ef746?_src=imagekit&tr=c-at_max,h-100,q-40,w-100",,,,,,,,,,,,,,,
https://www.traveloka.com/id-id/user/review/consumption/HOTEL/GENERAL/3000020009559,3,3,"Hotel sangat strategis, dekat dengan mal dan food center, pelayanan oke banget, terima kasih.",Diulas 121 minggu lalu,"https://ik.imagekit.io/tvlk/ugc-review/guys1L+Yyer9kzI3sp-pb0CG1j2bhflZGFUZOoIf1YOBAm37kEUOKR41ieUZm7ZJ/ugc-photo-ap-southeast-1-581603780057-acd24e232f75f09e/ACCOMMODATION/265573787_ACCOMMODATION_1705375466717_1b6895621a2d6864?_src=imagekit&tr=c-at_max,h-100,q-40,w-100",,,,,,,,,,,,,,,,,,,
https://www.traveloka.com/id-id/user/review/consumption/HOTEL/GENERAL/3000020009559,3,4,"Pelayanan oke, kamar juga oke sesuai request, dan kondisi kamar bersih banget terawat, semoga bisa terus mempertahankan keterawatan hotelnya terutama kamar dan fasilitas lainnya.",Diulas 121 minggu lalu,"https://ik.imagekit.io/tvlk/ugc-review/guys1L+Yyer9kzI3sp-pb0CG1j2bhflZGFUZOoIf1YOBAm37kEUOKR41ieUZm7ZJ/ugc-photo-ap-southeast-1-581603780057-acd24e232f75f09e/ACCOMMODATION/11452729_ACCOMMODATION_1705231633872_ce87cfcb4b087997?_src=imagekit&tr=c-at_max,h-100,q-40,w-100","https://ik.imagekit.io/tvlk/ugc-review/guys1L+Yyer9kzI3sp-pb0CG1j2bhflZGFUZOoIf1YOBAm37kEUOKR41ieUZm7ZJ/ugc-photo-ap-southeast-1-581603780057-acd24e232f75f09e/ACCOMMODATION/11452729_ACCOMMODATION_1705231633872_e748c221434deb3b?_src=imagekit&tr=c-at_max,h-100,q-40,w-100",,,,,,,,,,,,,,,,,,
https://www.traveloka.com/id-id/user/review/consumption/HOTEL/GENERAL/3000020009559,3,5,"Senang sekali menginap di hotel Yello, staff pada ramah dan baik-baik, sarapan bervariasi, lokasi strategis dekat dengan mal, terima kasih, next time pasti kami kembali lagi.",Diulas 122 minggu lalu,"https://ik.imagekit.io/tvlk/ugc-review/guys1L+Yyer9kzI3sp-pb0CG1j2bhflZGFUZOoIf1YOBAm37kEUOKR41ieUZm7ZJ/ugc-photo-ap-southeast-1-581603780057-acd24e232f75f09e/ACCOMMODATION/4135745_ACCOMMODATION_1704617619235_724ce0acd654c623?_src=imagekit&tr=c-at_max,h-100,q-40,w-100","https://ik.imagekit.io/tvlk/ugc-review/guys1L+Yyer9kzI3sp-pb0CG1j2bhflZGFUZOoIf1YOBAm37kEUOKR41ieUZm7ZJ/ugc-photo-ap-southeast-1-581603780057-acd24e232f75f09e/ACCOMMODATION/4135745_ACCOMMODATION_1704617619235_d85be4c0688241a3?_src=imagekit&tr=c-at_max,h-100,q-40,w-100",,,,,,,,,,,,,,,,,,
https://www.traveloka.com/id-id/user/review/consumption/HOTEL/GENERAL/3000020009559,3,6,"Sangat puas menginap di Yello, dapat dinner (makan malam), dapat hampers, di kasih snack dan drink di kamar, bahkan yang di kulkas gratis, parkir gratis, valet gratis, connected ke Mall 23 paskal. Makanannya enak-enak dan lengkap.",Diulas 123 minggu lalu,"https://ik.imagekit.io/tvlk/ugc-review/guys1L+Yyer9kzI3sp-pb0CG1j2bhflZGFUZOoIf1YOBAm37kEUOKR41ieUZm7ZJ/ugc-photo-ap-southeast-1-581603780057-acd24e232f75f09e/ACCOMMODATION/21435756_ACCOMMODATION_1703655603842_b2e8d767e1b04a6a?_src=imagekit&tr=c-at_max,h-100,q-40,w-100","https://ik.imagekit.io/tvlk/ugc-review/guys1L+Yyer9kzI3sp-pb0CG1j2bhflZGFUZOoIf1YOBAm37kEUOKR41ieUZm7ZJ/ugc-photo-ap-southeast-1-581603780057-acd24e232f75f09e/ACCOMMODATION/21435756_ACCOMMODATION_1703655603842_82e8abeff1200d0e?_src=imagekit&tr=c-at_max,h-100,q-40,w-100",,,,,,,,,,,,,,,,,,
https://www.traveloka.com/id-id/user/review/consumption/HOTEL/GENERAL/3000020009559,3,7,"Seperti biasa, selalu memuaskan. Kamar merokok - 932 tanpa sarapan. Saya juga mendapat voucher gratis yang hanya berlaku untuk 1 makanan & 1 minuman. Terima kasih Yelo! Akan segera kembali.",Diulas 126 minggu lalu,"https://ik.imagekit.io/tvlk/ugc-review/guys1L+Yyer9kzI3sp-pb0CG1j2bhflZGFUZOoIf1YOBAm37kEUOKR41ieUZm7ZJ/ugc-photo-ap-southeast-1-581603780057-acd24e232f75f09e/ACCOMMODATION/6382470_ACCOMMODATION_1701954678925_54027ad9d161c7dc?_src=imagekit&tr=c-at_max,h-100,q-40,w-100",,,,,,,,,,,,,,,,,,,
https://www.traveloka.com/id-id/user/review/consumption/HOTEL/GENERAL/3000020009559,3,8,"Pengalaman menyenangkan menginap di Yello Paskal, Bandung. Kamar bersih, AC dingin, lokasi juga sangat strategis di samping mal. Tentunya saya bakal kembali menginap di sini suatu saat nanti!",Diulas 133 minggu lalu,"https://ik.imagekit.io/tvlk/ugc-review/guys1L+Yyer9kzI3sp-pb0CG1j2bhflZGFUZOoIf1YOBAm37kEUOKR41ieUZm7ZJ/ugc-photo-ap-southeast-1-581603780057-acd24e232f75f09e/ACCOMMODATION/16195235_ACCOMMODATION_1697934760683_a984dea38377fbf7?_src=imagekit&tr=c-at_max,h-100,q-40,w-100",,,,,,,,,,,,,,,,,,,
https://www.traveloka.com/id-id/user/review/consumption/HOTEL/GENERAL/3000020009559,3,9,"Kamar bersih, nyaman, AC dingin, nyaman.",Diulas 143 minggu lalu,"https://ik.imagekit.io/tvlk/ugc-review/guys1L+Yyer9kzI3sp-pb0CG1j2bhflZGFUZOoIf1YOBAm37kEUOKR41ieUZm7ZJ/ugc-photo-ap-southeast-1-581603780057-acd24e232f75f09e/ACCOMMODATION/23793073_ACCOMMODATION_1691985181715_69794ddb0fd7b810?_src=imagekit&tr=c-at_max,h-100,q-40,w-100",,,,,,,,,,,,,,,,,,,
https://www.traveloka.com/id-id/user/review/consumption/HOTEL/GENERAL/3000020009559,3,10,"Pertama, wih asik hotel dalam mall, check in no issue, cepet. Oke, dikasih access card, begitu buka room, zonk. Masih ada koper orang, catokan, etc. Kembali ke FO, lapor. Ga tau sistem dia bagaimana, ga update atau gimana. Dikasih lah kamar lain, then menuju lift, begitu nempelin access card, red light. Udah feeling ga bisa, beneran dong ga bisa. Nih hotel gimana ya. Second time harus balik lagi ke FO, Diganti access card yang baru. Oke baru bisa. Dibantu mas-mas nya bawa barang karena lumayan juga. Begitu sampai kamar. Ups bau sereh atau bekas orang pijet, for me this too strong. Idk. For me, this is the worst I’ve ever had.",Diulas 143 minggu lalu,"https://ik.imagekit.io/tvlk/ugc-review/guys1L+Yyer9kzI3sp-pb0CG1j2bhflZGFUZOoIf1YOBAm37kEUOKR41ieUZm7ZJ/ugc-photo-ap-southeast-1-581603780057-acd24e232f75f09e/ACCOMMODATION/5682207_ACCOMMODATION_1691670294265_546b1bf8cbdbbfc2?_src=imagekit&tr=c-at_max,h-100,q-40,w-100",,,,,,,,,,,,,,,,,,,
https://www.traveloka.com/id-id/user/review/consumption/HOTEL/GENERAL/3000020009559,3,11,"Ini kali kedua nginep sini, next time kalau dapat rate murah mau nginep sini lagi, asal ga di lantai itu ah",Diulas 149 minggu lalu,"https://ik.imagekit.io/tvlk/ugc-review/guys1L+Yyer9kzI3sp-pb0CG1j2bhflZGFUZOoIf1YOBAm37kEUOKR41ieUZm7ZJ/ugc-photo-ap-southeast-1-581603780057-acd24e232f75f09e/ACCOMMODATION/16380080_ACCOMMODATION_1688185869075_53d8b48a243e7b34?_src=imagekit&tr=c-at_max,h-100,q-40,w-100","https://ik.imagekit.io/tvlk/ugc-review/guys1L+Yyer9kzI3sp-pb0CG1j2bhflZGFUZOoIf1YOBAm37kEUOKR41ieUZm7ZJ/ugc-photo-ap-southeast-1-581603780057-acd24e232f75f09e/ACCOMMODATION/16380080_ACCOMMODATION_1688185869076_1ea60f99f121202b?_src=imagekit&tr=c-at_max,h-100,q-40,w-100","https://ik.imagekit.io/tvlk/ugc-review/guys1L+Yyer9kzI3sp-pb0CG1j2bhflZGFUZOoIf1YOBAm37kEUOKR41ieUZm7ZJ/ugc-photo-ap-southeast-1-581603780057-acd24e232f75f09e/ACCOMMODATION/16380080_ACCOMMODATION_1688185869076_6dc9717c3a39ceec?_src=imagekit&tr=c-at_max,h-100,q-40,w-100","https://ik.imagekit.io/tvlk/ugc-review/guys1L+Yyer9kzI3sp-pb0CG1j2bhflZGFUZOoIf1YOBAm37kEUOKR41ieUZm7ZJ/ugc-photo-ap-southeast-1-581603780057-acd24e232f75f09e/ACCOMMODATION/16380080_ACCOMMODATION_1688185869076_73ce45ec1d4c8910?_src=imagekit&tr=c-at_max,h-100,q-40,w-100","https://ik.imagekit.io/tvlk/ugc-review/guys1L+Yyer9kzI3sp-pb0CG1j2bhflZGFUZOoIf1YOBAm37kEUOKR41ieUZm7ZJ/ugc-photo-ap-southeast-1-581603780057-acd24e232f75f09e/ACCOMMODATION/16380080_ACCOMMODATION_1688185869076_3de9f6028c9c4184?_src=imagekit&tr=c-at_max,h-100,q-40,w-100","https://ik.imagekit.io/tvlk/ugc-review/guys1L+Yyer9kzI3sp-pb0CG1j2bhflZGFUZOoIf1YOBAm37kEUOKR41ieUZm7ZJ/ugc-photo-ap-southeast-1-581603780057-acd24e232f75f09e/ACCOMMODATION/16380080_ACCOMMODATION_1688185869077_2991018886592cae?_src=imagekit&tr=c-at_max,h-100,q-40,w-100",,,,,,,,,,,,,,
https://www.traveloka.com/id-id/user/review/consumption/HOTEL/GENERAL/3000020009559,3,12,"Liburan yang menyenangkan. Dekat dengan mall, mudah cari makanan, kulineran dimana-mana, lengkap semua ada. Tidur nyaman, hanya saja AC kurang dingin, tapi setelah bilang ke resepsionis, langsung dibenarkan. Tempat menginap favorit kalau ke Bandung. ❤",Diulas 149 minggu lalu,"https://ik.imagekit.io/tvlk/ugc-review/guys1L+Yyer9kzI3sp-pb0CG1j2bhflZGFUZOoIf1YOBAm37kEUOKR41ieUZm7ZJ/ugc-photo-ap-southeast-1-581603780057-acd24e232f75f09e/ACCOMMODATION/244814718_ACCOMMODATION_1688168762193_d50acd2e716e657b?_src=imagekit&tr=c-at_max,h-100,q-40,w-100","https://ik.imagekit.io/tvlk/ugc-review/guys1L+Yyer9kzI3sp-pb0CG1j2bhflZGFUZOoIf1YOBAm37kEUOKR41ieUZm7ZJ/ugc-photo-ap-southeast-1-581603780057-acd24e232f75f09e/ACCOMMODATION/244814718_ACCOMMODATION_1688168762194_503be6bb98ac93c1?_src=imagekit&tr=c-at_max,h-100,q-40,w-100","https://ik.imagekit.io/tvlk/ugc-review/guys1L+Yyer9kzI3sp-pb0CG1j2bhflZGFUZOoIf1YOBAm37kEUOKR41ieUZm7ZJ/ugc-photo-ap-southeast-1-581603780057-acd24e232f75f09e/ACCOMMODATION/244814718_ACCOMMODATION_1688168762194_6daa9b5e03839385?_src=imagekit&tr=c-at_max,h-100,q-40,w-100","https://ik.imagekit.io/tvlk/ugc-review/guys1L+Yyer9kzI3sp-pb0CG1j2bhflZGFUZOoIf1YOBAm37kEUOKR41ieUZm7ZJ/ugc-photo-ap-southeast-1-581603780057-acd24e232f75f09e/ACCOMMODATION/244814718_ACCOMMODATION_1688168762194_b1bf837fe2655628?_src=imagekit&tr=c-at_max,h-100,q-40,w-100","https://ik.imagekit.io/tvlk/ugc-review/guys1L+Yyer9kzI3sp-pb0CG1j2bhflZGFUZOoIf1YOBAm37kEUOKR41ieUZm7ZJ/ugc-photo-ap-southeast-1-581603780057-acd24e232f75f09e/ACCOMMODATION/244814718_ACCOMMODATION_1688168762195_d0454083bf95481b?_src=imagekit&tr=c-at_max,h-100,q-40,w-100","https://ik.imagekit.io/tvlk/ugc-review/guys1L+Yyer9kzI3sp-pb0CG1j2bhflZGFUZOoIf1YOBAm37kEUOKR41ieUZm7ZJ/ugc-photo-ap-southeast-1-581603780057-acd24e232f75f09e/ACCOMMODATION/244814718_ACCOMMODATION_1688168805142_7e0533e188db5899?_src=imagekit&tr=c-at_max,h-100,q-40,w-100",,,,,,,,,,,,,,
https://www.traveloka.com/id-id/user/review/consumption/HOTEL/GENERAL/3000020009559,3,13,"Proses check in check out mudah, makanan pagi ga terlalu banyak tapi pas, pelayanan ramah, tapi permintaan surprise birthday buat anak saya tidak dikabulkan.",Diulas 153 minggu lalu,"https://ik.imagekit.io/tvlk/ugc-review/guys1L+Yyer9kzI3sp-pb0CG1j2bhflZGFUZOoIf1YOBAm37kEUOKR41ieUZm7ZJ/ugc-photo-ap-southeast-1-581603780057-acd24e232f75f09e/ACCOMMODATION/9572311_ACCOMMODATION_1685956386990_857b0227c4b60375?_src=imagekit&tr=c-at_max,h-100,q-40,w-100","https://ik.imagekit.io/tvlk/ugc-review/guys1L+Yyer9kzI3sp-pb0CG1j2bhflZGFUZOoIf1YOBAm37kEUOKR41ieUZm7ZJ/ugc-photo-ap-southeast-1-581603780057-acd24e232f75f09e/ACCOMMODATION/9572311_ACCOMMODATION_1685956386990_b55ec4be4829f0d0?_src=imagekit&tr=c-at_max,h-100,q-40,w-100",,,,,,,,,,,,,,,,,,
https://www.traveloka.com/id-id/user/review/consumption/HOTEL/GENERAL/3000020009559,3,14,"Dari dulu pengen nyoba tapi setelah cek rate selalu di atas 700. Suatu ketika iseng cek rate, mendapatinya 500an, ga pake mikir langsung booking. Next time kalau dapet rate segituan mau booking lagi.",Diulas 155 minggu lalu,"https://ik.imagekit.io/tvlk/ugc-review/guys1L+Yyer9kzI3sp-pb0CG1j2bhflZGFUZOoIf1YOBAm37kEUOKR41ieUZm7ZJ/ugc-photo-ap-southeast-1-581603780057-acd24e232f75f09e/ACCOMMODATION/16380080_ACCOMMODATION_1684668788632_278f4c8ba9f1a51f?_src=imagekit&tr=c-at_max,h-100,q-40,w-100","https://ik.imagekit.io/tvlk/ugc-review/guys1L+Yyer9kzI3sp-pb0CG1j2bhflZGFUZOoIf1YOBAm37kEUOKR41ieUZm7ZJ/ugc-photo-ap-southeast-1-581603780057-acd24e232f75f09e/ACCOMMODATION/16380080_ACCOMMODATION_1684668788632_666aa3bb7365d4d3?_src=imagekit&tr=c-at_max,h-100,q-40,w-100","https://ik.imagekit.io/tvlk/ugc-review/guys1L+Yyer9kzI3sp-pb0CG1j2bhflZGFUZOoIf1YOBAm37kEUOKR41ieUZm7ZJ/ugc-photo-ap-southeast-1-581603780057-acd24e232f75f09e/ACCOMMODATION/16380080_ACCOMMODATION_1684668788633_1f172524e2be5cc0?_src=imagekit&tr=c-at_max,h-100,q-40,w-100",,,,,,,,,,,,,,,,,
https://www.traveloka.com/id-id/user/review/consumption/HOTEL/GENERAL/3000020009559,3,15,"Sangat menyenangkan untuk menginap di hotel ini, berdampingan dengan pusat perbelanjaan, tempat pasar makanan paskal yang terkenal, dan dekat dengan stasiun kereta bandung",Diulas 157 minggu lalu,"https://ik.imagekit.io/tvlk/ugc-review/guys1L+Yyer9kzI3sp-pb0CG1j2bhflZGFUZOoIf1YOBAm37kEUOKR41ieUZm7ZJ/ugc-photo-ap-southeast-1-581603780057-acd24e232f75f09e/ACCOMMODATION/7749280_ACCOMMODATION_1683601446326_6ffc7f7be8be766d?_src=imagekit&tr=c-at_max,h-100,q-40,w-100",,,,,,,,,,,,,,,,,,,
https://www.traveloka.com/id-id/user/review/consumption/HOTEL/GENERAL/3000020009559,3,16,"Bakal balik lagi, karena. 1. Hotelnya rapi, warnanya juga bersih. Penting kalo bawa anak dan keluarga besar. 2. Lokasi mantap, kebutuhan apapun in walking distance. 3. Pool not bad. 4. Fasilitas dan furniture cocok banget. 5. AC dingin, TV works (gak ada YouTube tapi) yang bisa di-improve: 1. Parkiran. 2. Kloset waktu itu berbau pas menyiram",Diulas 158 minggu lalu,"https://ik.imagekit.io/tvlk/ugc-review/guys1L+Yyer9kzI3sp-pb0CG1j2bhflZGFUZOoIf1YOBAm37kEUOKR41ieUZm7ZJ/ugc-photo-ap-southeast-1-581603780057-acd24e232f75f09e/ACCOMMODATION/51494412_ACCOMMODATION_1682943887865_b665b082dfe72427?_src=imagekit&tr=c-at_max,h-100,q-40,w-100","https://ik.imagekit.io/tvlk/ugc-review/guys1L+Yyer9kzI3sp-pb0CG1j2bhflZGFUZOoIf1YOBAm37kEUOKR41ieUZm7ZJ/ugc-photo-ap-southeast-1-581603780057-acd24e232f75f09e/ACCOMMODATION/51494412_ACCOMMODATION_1682943887865_a5c0a587a9c405f2?_src=imagekit&tr=c-at_max,h-100,q-40,w-100","https://ik.imagekit.io/tvlk/ugc-review/guys1L+Yyer9kzI3sp-pb0CG1j2bhflZGFUZOoIf1YOBAm37kEUOKR41ieUZm7ZJ/ugc-photo-ap-southeast-1-581603780057-acd24e232f75f09e/ACCOMMODATION/51494412_ACCOMMODATION_1682943887866_5d6b155448ed0e5b?_src=imagekit&tr=c-at_max,h-100,q-40,w-100",,,,,,,,,,,,,,,,,
https://www.traveloka.com/id-id/user/review/consumption/HOTEL/GENERAL/3000020009559,3,17,Hotel lumayan bagus dan sesuai cuma parkiran mobil gabung dengan mall jadi rada susah cari parkir dan lobby di basement tidak ada yang jaga.,Diulas 171 minggu lalu,"https://ik.imagekit.io/tvlk/ugc-review/guys1L+Yyer9kzI3sp-pb0CG1j2bhflZGFUZOoIf1YOBAm37kEUOKR41ieUZm7ZJ/ugc-photo-ap-southeast-1-581603780057-acd24e232f75f09e/ACCOMMODATION/3164663_ACCOMMODATION_1674564532648_d6751fe4bd923729?_src=imagekit&tr=c-at_max,h-100,q-40,w-100",,,,,,,,,,,,,,,,,,,
https://www.traveloka.com/id-id/user/review/consumption/HOTEL/GENERAL/3000020009559,3,18,"Rekomen banget buat pasangan muda ya, tempatnya rapi dan bersih",Diulas 172 minggu lalu,"https://ik.imagekit.io/tvlk/ugc-review/guys1L+Yyer9kzI3sp-pb0CG1j2bhflZGFUZOoIf1YOBAm37kEUOKR41ieUZm7ZJ/ugc-photo-ap-southeast-1-581603780057-acd24e232f75f09e/ACCOMMODATION/43885545_ACCOMMODATION_1674374179085_ef89f333dcca6d82?_src=imagekit&tr=c-at_max,h-100,q-40,w-100","https://ik.imagekit.io/tvlk/ugc-review/guys1L+Yyer9kzI3sp-pb0CG1j2bhflZGFUZOoIf1YOBAm37kEUOKR41ieUZm7ZJ/ugc-photo-ap-southeast-1-581603780057-acd24e232f75f09e/ACCOMMODATION/43885545_ACCOMMODATION_1674374179086_bdd04bb05288dace?_src=imagekit&tr=c-at_max,h-100,q-40,w-100","https://ik.imagekit.io/tvlk/ugc-review/guys1L+Yyer9kzI3sp-pb0CG1j2bhflZGFUZOoIf1YOBAm37kEUOKR41ieUZm7ZJ/ugc-photo-ap-southeast-1-581603780057-acd24e232f75f09e/ACCOMMODATION/43885545_ACCOMMODATION_1674374179086_1666341f614df261?_src=imagekit&tr=c-at_max,h-100,q-40,w-100","https://ik.imagekit.io/tvlk/ugc-review/guys1L+Yyer9kzI3sp-pb0CG1j2bhflZGFUZOoIf1YOBAm37kEUOKR41ieUZm7ZJ/ugc-photo-ap-southeast-1-581603780057-acd24e232f75f09e/ACCOMMODATION/43885545_ACCOMMODATION_1674374179086_0caf16983ec1eb8e?_src=imagekit&tr=c-at_max,h-100,q-40,w-100","https://ik.imagekit.io/tvlk/ugc-review/guys1L+Yyer9kzI3sp-pb0CG1j2bhflZGFUZOoIf1YOBAm37kEUOKR41ieUZm7ZJ/ugc-photo-ap-southeast-1-581603780057-acd24e232f75f09e/ACCOMMODATION/43885545_ACCOMMODATION_1674374179087_72d540718b530127?_src=imagekit&tr=c-at_max,h-100,q-40,w-100",,,,,,,,,,,,,,,
https://www.traveloka.com/id-id/user/review/consumption/HOTEL/GENERAL/3000020009559,3,19,"Tempatnya strategis, ada mall, food court, dan juga dekat dengan stasiun kereta api Bandung, kamarnya bersih, dan makanannya, banyak pilihan dan enak enak",Diulas 173 minggu lalu,"https://ik.imagekit.io/tvlk/ugc-review/guys1L+Yyer9kzI3sp-pb0CG1j2bhflZGFUZOoIf1YOBAm37kEUOKR41ieUZm7ZJ/ugc-photo-ap-southeast-1-581603780057-acd24e232f75f09e/ACCOMMODATION/235444786_ACCOMMODATION_1673417052486_4d3be1e49261d936?_src=imagekit&tr=c-at_max,h-100,q-40,w-100","https://ik.imagekit.io/tvlk/ugc-review/guys1L+Yyer9kzI3sp-pb0CG1j2bhflZGFUZOoIf1YOBAm37kEUOKR41ieUZm7ZJ/ugc-photo-ap-southeast-1-581603780057-acd24e232f75f09e/ACCOMMODATION/235444786_ACCOMMODATION_1673417052487_ec707196614dbdf1?_src=imagekit&tr=c-at_max,h-100,q-40,w-100","https://ik.imagekit.io/tvlk/ugc-review/guys1L+Yyer9kzI3sp-pb0CG1j2bhflZGFUZOoIf1YOBAm37kEUOKR41ieUZm7ZJ/ugc-photo-ap-southeast-1-581603780057-acd24e232f75f09e/ACCOMMODATION/235444786_ACCOMMODATION_1673417052488_f3ec62e9c462d1ea?_src=imagekit&tr=c-at_max,h-100,q-40,w-100",,,,,,,,,,,,,,,,,
https://www.traveloka.com/id-id/user/review/consumption/HOTEL/GENERAL/3000020009559,3,20,"Parkir agak terbatas, mungkin karena gabung dengan mall. Pelayanan ramah, check in cepat dan staff hotel sangat membantu. Lokasi sangat strategis, banyak makanan dan lainnya di sini, sangat baik untuk person yang suka jalan pagi. Kamarnya relatif kecil dan agak kemahalan untuk rate nya. Kamar bersih, ranjangnya nyaman, internet ok.",Diulas 174 minggu lalu,"https://ik.imagekit.io/tvlk/ugc-review/guys1L+Yyer9kzI3sp-pb0CG1j2bhflZGFUZOoIf1YOBAm37kEUOKR41ieUZm7ZJ/ugc-photo-ap-southeast-1-581603780057-acd24e232f75f09e/ACCOMMODATION/182804718_ACCOMMODATION_1673311170284_8bc2e5775352e610?_src=imagekit&tr=c-at_max,h-100,q-40,w-100",,,,,,,,,,,,,,,,,,,
https://www.traveloka.com/id-id/user/review/consumption/HOTEL/GENERAL/3000020009559,3,21,Sama dengan menginap sebelumnya. Anak-anak suka menginap di sini. Cuma wastafel kamar 716 agak mampet dan sediaan air minum botolnya kekecilan.,Diulas 174 minggu lalu,"https://ik.imagekit.io/tvlk/ugc-review/guys1L+Yyer9kzI3sp-pb0CG1j2bhflZGFUZOoIf1YOBAm37kEUOKR41ieUZm7ZJ/ugc-photo-ap-southeast-1-581603780057-acd24e232f75f09e/ACCOMMODATION/5859710_ACCOMMODATION_1673232346593_4d6fa6abefd58f90?_src=imagekit&tr=c-at_max,h-100,q-40,w-100",,,,,,,,,,,,,,,,,,,
https://www.traveloka.com/id-id/user/review/consumption/HOTEL/GENERAL/3000020009559,3,22,Menyatu dengan 23 Paskal Mall. Keren.,Diulas 174 minggu lalu,"https://ik.imagekit.io/tvlk/ugc-review/guys1L+Yyer9kzI3sp-pb0CG1j2bhflZGFUZOoIf1YOBAm37kEUOKR41ieUZm7ZJ/ugc-photo-ap-southeast-1-581603780057-acd24e232f75f09e/ACCOMMODATION/3987145_ACCOMMODATION_1672654714062_76d5891df89ecf8b?_src=imagekit&tr=c-at_max,h-100,q-40,w-100","https://ik.imagekit.io/tvlk/ugc-review/guys1L+Yyer9kzI3sp-pb0CG1j2bhflZGFUZOoIf1YOBAm37kEUOKR41ieUZm7ZJ/ugc-photo-ap-southeast-1-581603780057-acd24e232f75f09e/ACCOMMODATION/3987145_ACCOMMODATION_1672654714063_ce451bf83ca66cf3?_src=imagekit&tr=c-at_max,h-100,q-40,w-100",,,,,,,,,,,,,,,,,,
https://www.traveloka.com/id-id/user/review/consumption/HOTEL/GENERAL/3000020009559,3,23,Semuanya bagus hanya waktu check in sedikit lama,Diulas 175 minggu lalu,"https://ik.imagekit.io/tvlk/ugc-review/guys1L+Yyer9kzI3sp-pb0CG1j2bhflZGFUZOoIf1YOBAm37kEUOKR41ieUZm7ZJ/ugc-photo-ap-southeast-1-581603780057-acd24e232f75f09e/ACCOMMODATION/183626453_ACCOMMODATION_1672630631042_3324d9f106c5fd7b?_src=imagekit&tr=c-at_max,h-100,q-40,w-100","https://ik.imagekit.io/tvlk/ugc-review/guys1L+Yyer9kzI3sp-pb0CG1j2bhflZGFUZOoIf1YOBAm37kEUOKR41ieUZm7ZJ/ugc-photo-ap-southeast-1-581603780057-acd24e232f75f09e/ACCOMMODATION/183626453_ACCOMMODATION_1672630631043_1c45909f21faaafd?_src=imagekit&tr=c-at_max,h-100,q-40,w-100","https://ik.imagekit.io/tvlk/ugc-review/guys1L+Yyer9kzI3sp-pb0CG1j2bhflZGFUZOoIf1YOBAm37kEUOKR41ieUZm7ZJ/ugc-photo-ap-southeast-1-581603780057-acd24e232f75f09e/ACCOMMODATION/183626453_ACCOMMODATION_1672630631043_76ef89ab5fc1d926?_src=imagekit&tr=c-at_max,h-100,q-40,w-100",,,,,,,,,,,,,,,,,
https://www.traveloka.com/id-id/user/review/consumption/HOTEL/GENERAL/3000020009559,3,24,"Luar biasa, menakjubkan, sangat bagus 👍.",Diulas 175 minggu lalu,"https://ik.imagekit.io/tvlk/ugc-review/guys1L+Yyer9kzI3sp-pb0CG1j2bhflZGFUZOoIf1YOBAm37kEUOKR41ieUZm7ZJ/ugc-photo-ap-southeast-1-581603780057-acd24e232f75f09e/ACCOMMODATION/7634633_ACCOMMODATION_1672394999594_bf4791ee57ee87b4?_src=imagekit&tr=c-at_max,h-100,q-40,w-100","https://ik.imagekit.io/tvlk/ugc-review/guys1L+Yyer9kzI3sp-pb0CG1j2bhflZGFUZOoIf1YOBAm37kEUOKR41ieUZm7ZJ/ugc-photo-ap-southeast-1-581603780057-acd24e232f75f09e/ACCOMMODATION/7634633_ACCOMMODATION_1672394999595_87f39bd875e521e1?_src=imagekit&tr=c-at_max,h-100,q-40,w-100","https://ik.imagekit.io/tvlk/ugc-review/guys1L+Yyer9kzI3sp-pb0CG1j2bhflZGFUZOoIf1YOBAm37kEUOKR41ieUZm7ZJ/ugc-photo-ap-southeast-1-581603780057-acd24e232f75f09e/ACCOMMODATION/7634633_ACCOMMODATION_1672394999595_e3cc861d632f798e?_src=imagekit&tr=c-at_max,h-100,q-40,w-100","https://ik.imagekit.io/tvlk/ugc-review/guys1L+Yyer9kzI3sp-pb0CG1j2bhflZGFUZOoIf1YOBAm37kEUOKR41ieUZm7ZJ/ugc-photo-ap-southeast-1-581603780057-acd24e232f75f09e/ACCOMMODATION/7634633_ACCOMMODATION_1672394999597_df457f8930c59f55?_src=imagekit&tr=c-at_max,h-100,q-40,w-100",,,,,,,,,,,,,,,,
https://www.traveloka.com/id-id/user/review/consumption/HOTEL/GENERAL/3000020009559,3,25,"Hotelnya cakep, banyak spot menarik buat foto, city view dari kamar bagus banget! Semua staff ramah dan helpful. Lokasi hotel ini ada di komplek bisnis dan aksesnya jadi satu sama mall. Buat yang pertama kali masuk mungkin bingung, tapi mudah diakses kok. Recommended deh! Thank you Yello!",Diulas 176 minggu lalu,"https://ik.imagekit.io/tvlk/ugc-review/guys1L+Yyer9kzI3sp-pb0CG1j2bhflZGFUZOoIf1YOBAm37kEUOKR41ieUZm7ZJ/ugc-photo-ap-southeast-1-581603780057-acd24e232f75f09e/ACCOMMODATION/5820668_ACCOMMODATION_1672100101508_f5eb5c1055ac7f32?_src=imagekit&tr=c-at_max,h-100,q-40,w-100","https://ik.imagekit.io/tvlk/ugc-review/guys1L+Yyer9kzI3sp-pb0CG1j2bhflZGFUZOoIf1YOBAm37kEUOKR41ieUZm7ZJ/ugc-photo-ap-southeast-1-581603780057-acd24e232f75f09e/ACCOMMODATION/5820668_ACCOMMODATION_1672100101508_3fb312ef6907bdb8?_src=imagekit&tr=c-at_max,h-100,q-40,w-100","https://ik.imagekit.io/tvlk/ugc-review/guys1L+Yyer9kzI3sp-pb0CG1j2bhflZGFUZOoIf1YOBAm37kEUOKR41ieUZm7ZJ/ugc-photo-ap-southeast-1-581603780057-acd24e232f75f09e/ACCOMMODATION/5820668_ACCOMMODATION_1672100101508_4e28bb594ab109e2?_src=imagekit&tr=c-at_max,h-100,q-40,w-100","https://ik.imagekit.io/tvlk/ugc-review/guys1L+Yyer9kzI3sp-pb0CG1j2bhflZGFUZOoIf1YOBAm37kEUOKR41ieUZm7ZJ/ugc-photo-ap-southeast-1-581603780057-acd24e232f75f09e/ACCOMMODATION/5820668_ACCOMMODATION_1672100101509_295424adcb7d657d?_src=imagekit&tr=c-at_max,h-100,q-40,w-100","https://ik.imagekit.io/tvlk/ugc-review/guys1L+Yyer9kzI3sp-pb0CG1j2bhflZGFUZOoIf1YOBAm37kEUOKR41ieUZm7ZJ/ugc-photo-ap-southeast-1-581603780057-acd24e232f75f09e/ACCOMMODATION/5820668_ACCOMMODATION_1672100101509_e659af3fd86400fc?_src=imagekit&tr=c-at_max,h-100,q-40,w-100",,,,,,,,,,,,,,,
https://www.traveloka.com/id-id/user/review/consumption/HOTEL/GENERAL/3000020009559,3,26,"Pelayanan baik, kamarnya bersih, nyaman. Fasilitas lengkap.",Diulas 176 minggu lalu,"https://ik.imagekit.io/tvlk/ugc-review/guys1L+Yyer9kzI3sp-pb0CG1j2bhflZGFUZOoIf1YOBAm37kEUOKR41ieUZm7ZJ/ugc-photo-ap-southeast-1-581603780057-acd24e232f75f09e/ACCOMMODATION/181874516_ACCOMMODATION_1671870560667_afda118a326813e9?_src=imagekit&tr=c-at_max,h-100,q-40,w-100",,,,,,,,,,,,,,,,,,,
https://www.traveloka.com/id-id/user/review/consumption/HOTEL/GENERAL/3000020009559,3,27,"Staff ramah, kamar bersih, membutuhkan bantuan sikap tanggap yang baik, vibe nyaman. Pasti akan memilih hotel ini untuk travel selanjutnya 🌎",Diulas 177 minggu lalu,"https://ik.imagekit.io/tvlk/ugc-review/guys1L+Yyer9kzI3sp-pb0CG1j2bhflZGFUZOoIf1YOBAm37kEUOKR41ieUZm7ZJ/ugc-photo-ap-southeast-1-581603780057-acd24e232f75f09e/ACCOMMODATION/250224566_ACCOMMODATION_1671105815648_3eb4bc836332ce29?_src=imagekit&tr=c-at_max,h-100,q-40,w-100",,,,,,,,,,,,,,,,,,,
https://www.traveloka.com/id-id/user/review/consumption/HOTEL/GENERAL/3000020009559,3,28,"Hotel jadi satu dengan Mall Paskal, tepat diatasnya. Kamar sangat minimalis dan bersih, AC dingin, channel TV cukup banyak. Makanan lebih variatif dibanding Hotel Yello di Jogja notabene sama-sama bintang tiga. Saran kalo menginap sini bisa request, di lantai atas dan menghadap utara kalau beruntung view nya lebih bagus.",Diulas 179 minggu lalu,"https://ik.imagekit.io/tvlk/ugc-review/guys1L+Yyer9kzI3sp-pb0CG1j2bhflZGFUZOoIf1YOBAm37kEUOKR41ieUZm7ZJ/ugc-photo-ap-southeast-1-581603780057-acd24e232f75f09e/ACCOMMODATION/4937595_ACCOMMODATION_1669887522725_4ce4b8d6006553a7?_src=imagekit&tr=c-at_max,h-100,q-40,w-100","https://ik.imagekit.io/tvlk/ugc-review/guys1L+Yyer9kzI3sp-pb0CG1j2bhflZGFUZOoIf1YOBAm37kEUOKR41ieUZm7ZJ/ugc-photo-ap-southeast-1-581603780057-acd24e232f75f09e/ACCOMMODATION/4937595_ACCOMMODATION_1669887522725_e732dadcd614a50a?_src=imagekit&tr=c-at_max,h-100,q-40,w-100","https://ik.imagekit.io/tvlk/ugc-review/guys1L+Yyer9kzI3sp-pb0CG1j2bhflZGFUZOoIf1YOBAm37kEUOKR41ieUZm7ZJ/ugc-photo-ap-southeast-1-581603780057-acd24e232f75f09e/ACCOMMODATION/4937595_ACCOMMODATION_1669887522729_32791ecd4bf86b0d?_src=imagekit&tr=c-at_max,h-100,q-40,w-100",,,,,,,,,,,,,,,,,
https://www.traveloka.com/id-id/user/review/consumption/HOTEL/GENERAL/3000020009559,3,29,"Hotelnya bersih dan bersebelahan dengan 23paskal. Breakfastnya lumayan banyak variasinya, rasa juga oke. Stafnya ramah. Overall puas lah",Diulas 182 minggu lalu,"https://ik.imagekit.io/tvlk/ugc-review/guys1L+Yyer9kzI3sp-pb0CG1j2bhflZGFUZOoIf1YOBAm37kEUOKR41ieUZm7ZJ/ugc-photo-ap-southeast-1-581603780057-acd24e232f75f09e/ACCOMMODATION/6553480_ACCOMMODATION_1668212142635_9f9abd04989ba78b?_src=imagekit&tr=c-at_max,h-100,q-40,w-100",,,,,,,,,,,,,,,,,,,
https://www.traveloka.com/id-id/user/review/consumption/HOTEL/GENERAL/3000020009559,3,30,Keren sih staffnya ngebantu banget. Breakfastnya enak enak. Facial wash saya tertinggal dan staff hotel langsung kirim facial wash setelah saya konfirmasi by WA. Makasih banget loh. Berharap untuk selanjutnya saya bisa dapet kamar di mountain city view yang lebih keren 😊,Diulas 182 minggu lalu,"https://ik.imagekit.io/tvlk/ugc-review/guys1L+Yyer9kzI3sp-pb0CG1j2bhflZGFUZOoIf1YOBAm37kEUOKR41ieUZm7ZJ/ugc-photo-ap-southeast-1-581603780057-acd24e232f75f09e/ACCOMMODATION/202685933_ACCOMMODATION_1667912197072_472ffe75db10680b?_src=imagekit&tr=c-at_max,h-100,q-40,w-100","https://ik.imagekit.io/tvlk/ugc-review/guys1L+Yyer9kzI3sp-pb0CG1j2bhflZGFUZOoIf1YOBAm37kEUOKR41ieUZm7ZJ/ugc-photo-ap-southeast-1-581603780057-acd24e232f75f09e/ACCOMMODATION/202685933_ACCOMMODATION_1667912197072_44cb13dce6bfe36a?_src=imagekit&tr=c-at_max,h-100,q-40,w-100","https://ik.imagekit.io/tvlk/ugc-review/guys1L+Yyer9kzI3sp-pb0CG1j2bhflZGFUZOoIf1YOBAm37kEUOKR41ieUZm7ZJ/ugc-photo-ap-southeast-1-581603780057-acd24e232f75f09e/ACCOMMODATION/202685933_ACCOMMODATION_1667912197072_f87424ab41419cdd?_src=imagekit&tr=c-at_max,h-100,q-40,w-100","https://ik.imagekit.io/tvlk/ugc-review/guys1L+Yyer9kzI3sp-pb0CG1j2bhflZGFUZOoIf1YOBAm37kEUOKR41ieUZm7ZJ/ugc-photo-ap-southeast-1-581603780057-acd24e232f75f09e/ACCOMMODATION/202685933_ACCOMMODATION_1667912197072_353d1226d560b818?_src=imagekit&tr=c-at_max,h-100,q-40,w-100",,,,,,,,,,,,,,,,
https://www.traveloka.com/id-id/user/review/consumption/HOTEL/GENERAL/3000020009559,3,31,"Mungkin bukan hotel favorit saya, namun lokasinya sangat mudah diakses ke pusat perbelanjaan, puluhan restoran, kafe, salon kecantikan, dll. Kamar-kamarnya mungkin perlu sedikit perbaikan dan staf kebersihan bisa menambah jam kerja mereka untuk mengambil piring kotor di luar kamar. Terima kasih atas keramahan staf Yellow.",Diulas 184 minggu lalu,"https://ik.imagekit.io/tvlk/ugc-review/guys1L+Yyer9kzI3sp-pb0CG1j2bhflZGFUZOoIf1YOBAm37kEUOKR41ieUZm7ZJ/ugc-photo-ap-southeast-1-581603780057-acd24e232f75f09e/ACCOMMODATION/13239379_ACCOMMODATION_1667231102168_5d600b5bd9cf3c0d?_src=imagekit&tr=c-at_max,h-100,q-40,w-100","https://ik.imagekit.io/tvlk/ugc-review/guys1L+Yyer9kzI3sp-pb0CG1j2bhflZGFUZOoIf1YOBAm37kEUOKR41ieUZm7ZJ/ugc-photo-ap-southeast-1-581603780057-acd24e232f75f09e/ACCOMMODATION/13239379_ACCOMMODATION_1667231102169_5e7b55f0ec4f9479?_src=imagekit&tr=c-at_max,h-100,q-40,w-100","https://ik.imagekit.io/tvlk/ugc-review/guys1L+Yyer9kzI3sp-pb0CG1j2bhflZGFUZOoIf1YOBAm37kEUOKR41ieUZm7ZJ/ugc-photo-ap-southeast-1-581603780057-acd24e232f75f09e/ACCOMMODATION/13239379_ACCOMMODATION_1667231102169_d15bdf72da48a2f3?_src=imagekit&tr=c-at_max,h-100,q-40,w-100","https://ik.imagekit.io/tvlk/ugc-review/guys1L+Yyer9kzI3sp-pb0CG1j2bhflZGFUZOoIf1YOBAm37kEUOKR41ieUZm7ZJ/ugc-photo-ap-southeast-1-581603780057-acd24e232f75f09e/ACCOMMODATION/13239379_ACCOMMODATION_1667231223020_4d7659e1d181215b?_src=imagekit&tr=c-at_max,h-100,q-40,w-100",,,,,,,,,,,,,,,,
https://www.traveloka.com/id-id/user/review/consumption/HOTEL/GENERAL/3000020009559,3,32,"Saya nginap di YELLO Hotel Paskal Bandung memang pas hari ulang tahun saýa tanggal 30 Oktober, ga nyangka aja ketika sarapan saya dapet surprise kue, ucapan selamat dan diputarkan lagu selamat tahun dari semua crew hotel, sampai terharu loh, terima kasih saya ucapkan kepada seluruh crew hotel, ini merupakan pengalaman yang tidak akan saya lupakan seumur hidup saya.",Diulas 184 minggu lalu,"https://ik.imagekit.io/tvlk/ugc-review/guys1L+Yyer9kzI3sp-pb0CG1j2bhflZGFUZOoIf1YOBAm37kEUOKR41ieUZm7ZJ/ugc-photo-ap-southeast-1-581603780057-acd24e232f75f09e/ACCOMMODATION/15603097_ACCOMMODATION_1667223998832_f1973404476e428c?_src=imagekit&tr=c-at_max,h-100,q-40,w-100",,,,,,,,,,,,,,,,,,,
https://www.traveloka.com/id-id/user/review/consumption/HOTEL/GENERAL/3000020009559,3,33,"Yello Hotel berada di Paskal 23 Square sehingga mudah diakses. Walaupun agak merepotkan untuk menuju lobby yang ada di lantai 4 hotel. Ketika check in, resepsionis dengan ramah dan cepat memberikan kartu akses. Kamar cukup luas dan terang. View hotel terlihat bagus dari lantai 8. Kamar bersih dan toiletries lumayan lengkap. Tapi tidak ada hair dryer. Breakfast juga lengkap dan banyak pilihan. Hanya saja makin siang sarapan, makin ramai pengunjung dan sulit mendapatkan meja makan. Pagi hari banyak pilihan untuk berjalan-jalan di sekitar hotel. Ada jogging track dan tempat makan lain di dalam paskal 23. Kolam renang bersih dan ada ruang ganti. Banyak spot foto dan kursi yang nyaman untuk duduk. Selama saya menginap, banyak anak-anak dan orang tua yang menginap. Artinya hotel ini memang nyaman untuk keluarga. Sebanding dengan harga yang ditawarkan.",Diulas 184 minggu lalu,"https://ik.imagekit.io/tvlk/ugc-review/guys1L+Yyer9kzI3sp-pb0CG1j2bhflZGFUZOoIf1YOBAm37kEUOKR41ieUZm7ZJ/ugc-photo-ap-southeast-1-581603780057-acd24e232f75f09e/ACCOMMODATION/7836880_ACCOMMODATION_1667186839769_2afc7ebb97b41d02?_src=imagekit&tr=c-at_max,h-80,q-40,w-80","https://ik.imagekit.io/tvlk/ugc-review/guys1L+Yyer9kzI3sp-pb0CG1j2bhflZGFUZOoIf1YOBAm37kEUOKR41ieUZm7ZJ/ugc-photo-ap-southeast-1-581603780057-acd24e232f75f09e/ACCOMMODATION/7836880_ACCOMMODATION_1667186839769_2b8835569907f8c5?_src=imagekit&tr=c-at_max,h-80,q-40,w-80","https://ik.imagekit.io/tvlk/ugc-review/guys1L+Yyer9kzI3sp-pb0CG1j2bhflZGFUZOoIf1YOBAm37kEUOKR41ieUZm7ZJ/ugc-photo-ap-southeast-1-581603780057-acd24e232f75f09e/ACCOMMODATION/7836880_ACCOMMODATION_1667186839769_339ba64a39d8ce97?_src=imagekit&tr=c-at_max,h-80,q-40,w-80","https://ik.imagekit.io/tvlk/ugc-review/guys1L+Yyer9kzI3sp-pb0CG1j2bhflZGFUZOoIf1YOBAm37kEUOKR41ieUZm7ZJ/ugc-photo-ap-southeast-1-581603780057-acd24e232f75f09e/ACCOMMODATION/7836880_ACCOMMODATION_1667186839770_d20fdbdcb699692b?_src=imagekit&tr=c-at_max,h-80,q-40,w-80","https://ik.imagekit.io/tvlk/ugc-review/guys1L+Yyer9kzI3sp-pb0CG1j2bhflZGFUZOoIf1YOBAm37kEUOKR41ieUZm7ZJ/ugc-photo-ap-southeast-1-581603780057-acd24e232f75f09e/ACCOMMODATION/7836880_ACCOMMODATION_1667186839770_bcf625019741dd15?_src=imagekit&tr=c-at_max,h-80,q-40,w-80","https://ik.imagekit.io/tvlk/ugc-review/guys1L+Yyer9kzI3sp-pb0CG1j2bhflZGFUZOoIf1YOBAm37kEUOKR41ieUZm7ZJ/ugc-photo-ap-southeast-1-581603780057-acd24e232f75f09e/ACCOMMODATION/7836880_ACCOMMODATION_1667186839770_f51e2523b05d51e0?_src=imagekit&tr=c-at_max,h-80,q-40,w-80","https://ik.imagekit.io/tvlk/ugc-review/guys1L+Yyer9kzI3sp-pb0CG1j2bhflZGFUZOoIf1YOBAm37kEUOKR41ieUZm7ZJ/ugc-photo-ap-southeast-1-581603780057-acd24e232f75f09e/ACCOMMODATION/7836880_ACCOMMODATION_1667186839770_864033826a9c3b57?_src=imagekit&tr=c-at_max,h-80,q-40,w-80","https://ik.imagekit.io/tvlk/ugc-review/guys1L+Yyer9kzI3sp-pb0CG1j2bhflZGFUZOoIf1YOBAm37kEUOKR41ieUZm7ZJ/ugc-photo-ap-southeast-1-581603780057-acd24e232f75f09e/ACCOMMODATION/7836880_ACCOMMODATION_1667186839771_3f44d8771314e0b7?_src=imagekit&tr=c-at_max,h-80,q-40,w-80",,,,,,,,,,,,
https://www.traveloka.com/id-id/user/review/consumption/HOTEL/GENERAL/3000020009559,3,34,"Seneng banget hotel dengan konsep kekinian! Makanannya juga enak banget! Harus cobain nasi daun jeruk sama soto Bandungnya nyegerin. Cuma rotinya agak keras, but overall nice🥰 hotelnya anak muda banget nih. Sukses terus Yello Paskal. Semua crew hotelnya ramah banget. Di sapa trus 😀",Diulas 188 minggu lalu,"https://ik.imagekit.io/tvlk/ugc-review/guys1L+Yyer9kzI3sp-pb0CG1j2bhflZGFUZOoIf1YOBAm37kEUOKR41ieUZm7ZJ/ugc-photo-ap-southeast-1-581603780057-acd24e232f75f09e/ACCOMMODATION/214112360_ACCOMMODATION_1664267317789_d0ed7c2c0f8eac4a?_src=imagekit&tr=c-at_max,h-100,q-40,w-100","https://ik.imagekit.io/tvlk/ugc-review/guys1L+Yyer9kzI3sp-pb0CG1j2bhflZGFUZOoIf1YOBAm37kEUOKR41ieUZm7ZJ/ugc-photo-ap-southeast-1-581603780057-acd24e232f75f09e/ACCOMMODATION/214112360_ACCOMMODATION_1664267317789_f18b7c90fcf87858?_src=imagekit&tr=c-at_max,h-100,q-40,w-100","https://ik.imagekit.io/tvlk/ugc-review/guys1L+Yyer9kzI3sp-pb0CG1j2bhflZGFUZOoIf1YOBAm37kEUOKR41ieUZm7ZJ/ugc-photo-ap-southeast-1-581603780057-acd24e232f75f09e/ACCOMMODATION/214112360_ACCOMMODATION_1664267317790_4a39ef470e3a851c?_src=imagekit&tr=c-at_max,h-100,q-40,w-100",,,,,,,,,,,,,,,,,
https://www.traveloka.com/id-id/user/review/consumption/HOTEL/GENERAL/3000020009559,3,35,"Saya sangat senang menginap di sini. Pelayanannya bagus, ramah, kamar bersih, sarapan enak dan bervariasi. Fasilitas hotelnya ada kolam renangnya yang sangat cocok buat anak kecil. Lokasi sangat strategis karena dekat dengan mall dan pusat kota. InsyaAllah jika ke ada kesempatan ke Bandung lagi akan menginap di sini lagi.",Diulas 192 minggu lalu,"https://ik.imagekit.io/tvlk/ugc-review/guys1L+Yyer9kzI3sp-pb0CG1j2bhflZGFUZOoIf1YOBAm37kEUOKR41ieUZm7ZJ/ugc-photo-ap-southeast-1-581603780057-acd24e232f75f09e/ACCOMMODATION/178078195_ACCOMMODATION_1661870681426_778a3219135d3561?_src=imagekit&tr=c-at_max,h-100,q-40,w-100","https://ik.imagekit.io/tvlk/ugc-review/guys1L+Yyer9kzI3sp-pb0CG1j2bhflZGFUZOoIf1YOBAm37kEUOKR41ieUZm7ZJ/ugc-photo-ap-southeast-1-581603780057-acd24e232f75f09e/ACCOMMODATION/178078195_ACCOMMODATION_1661870681426_e110dc14ff8b733e?_src=imagekit&tr=c-at_max,h-100,q-40,w-100",,,,,,,,,,,,,,,,,,
https://www.traveloka.com/id-id/user/review/consumption/HOTEL/GENERAL/3000020009559,3,36,Happy banget. Hotel dan Fasilitas nya OK. Kawasan hotel mendukung karena dalam 1 area Mall dan area Kuliner yang OK banget. Recommended bagi yang mau mencobanya 😊👍,Diulas 193 minggu lalu,"https://ik.imagekit.io/tvlk/ugc-review/guys1L+Yyer9kzI3sp-pb0CG1j2bhflZGFUZOoIf1YOBAm37kEUOKR41ieUZm7ZJ/ugc-photo-ap-southeast-1-581603780057-acd24e232f75f09e/ACCOMMODATION/1555409_ACCOMMODATION_1661730580693_8e16d0a1b86bcd74?_src=imagekit&tr=c-at_max,h-100,q-40,w-100","https://ik.imagekit.io/tvlk/ugc-review/guys1L+Yyer9kzI3sp-pb0CG1j2bhflZGFUZOoIf1YOBAm37kEUOKR41ieUZm7ZJ/ugc-photo-ap-southeast-1-581603780057-acd24e232f75f09e/ACCOMMODATION/1555409_ACCOMMODATION_1661730580693_950b763cc206bed4?_src=imagekit&tr=c-at_max,h-100,q-40,w-100",,,,,,,,,,,,,,,,,,
https://www.traveloka.com/id-id/user/review/consumption/HOTEL/GENERAL/3000020009559,3,37,Hotelnya bersih dan nyaman. Next balik lagi insyaa Allah.,Diulas 199 minggu lalu,"https://ik.imagekit.io/tvlk/ugc-review/guys1L+Yyer9kzI3sp-pb0CG1j2bhflZGFUZOoIf1YOBAm37kEUOKR41ieUZm7ZJ/ugc-photo-ap-southeast-1-581603780057-acd24e232f75f09e/ACCOMMODATION/19938055_ACCOMMODATION_1657985388438_f38e5b00d1cd2b68?_src=imagekit&tr=c-at_max,h-100,q-40,w-100",,,,,,,,,,,,,,,,,,,
https://www.traveloka.com/id-id/user/review/consumption/HOTEL/GENERAL/3000020009559,3,38,"Pelayanan dan fasilitas sangat memuaskan. Hanya saja air di kamar ganti kolam renang tidak ada air hangat, jadi anak kecil agak kedinginan. Overall memuaskan.",Diulas 203 minggu lalu,"https://ik.imagekit.io/tvlk/ugc-review/guys1L+Yyer9kzI3sp-pb0CG1j2bhflZGFUZOoIf1YOBAm37kEUOKR41ieUZm7ZJ/ugc-photo-ap-southeast-1-581603780057-acd24e232f75f09e/ACCOMMODATION/15571352_ACCOMMODATION_1655691509834_2b3c95b4226b294d?_src=imagekit&tr=c-at_max,h-100,q-40,w-100","https://ik.imagekit.io/tvlk/ugc-review/guys1L+Yyer9kzI3sp-pb0CG1j2bhflZGFUZOoIf1YOBAm37kEUOKR41ieUZm7ZJ/ugc-photo-ap-southeast-1-581603780057-acd24e232f75f09e/ACCOMMODATION/15571352_ACCOMMODATION_1655691509839_8f723f777c2458c1?_src=imagekit&tr=c-at_max,h-100,q-40,w-100","https://ik.imagekit.io/tvlk/ugc-review/guys1L+Yyer9kzI3sp-pb0CG1j2bhflZGFUZOoIf1YOBAm37kEUOKR41ieUZm7ZJ/ugc-photo-ap-southeast-1-581603780057-acd24e232f75f09e/ACCOMMODATION/15571352_ACCOMMODATION_1655691509839_5d04bd9d185894f8?_src=imagekit&tr=c-at_max,h-100,q-40,w-100",,,,,,,,,,,,,,,,,
https://www.traveloka.com/id-id/user/review/consumption/HOTEL/GENERAL/3000020009559,3,39,"Proses check-in lumayan cepat, kamar dan kamar mandi cukup bersih. Kami stay 3 malam dan tiap paginya kamar dibersihkan dengan baik. Room service harganya oke, rasa just fine, cepat. Breakfast oke, di jam 9.30 dan 10.00 sudah sepi jadi nyaman makan bersama anak-anak, pilihan makanan cukup beragam. Lokasi oke banget karena menyatu dengan mall, untuk pesan makanan via ojol juga gampang tinggal titip satpam lobby, tapi tetap kita ambil sendiri ke lobby ya,jadi no ribet buru-buru ke bawah. Kekurangannya 1. Ga punya parkiran tersendiri jadi ribet banget bawa barang-barang saat mau check in maupun setelah check out.",Diulas 203 minggu lalu,"https://ik.imagekit.io/tvlk/ugc-review/guys1L+Yyer9kzI3sp-pb0CG1j2bhflZGFUZOoIf1YOBAm37kEUOKR41ieUZm7ZJ/ugc-photo-ap-southeast-1-581603780057-acd24e232f75f09e/ACCOMMODATION/8799139_ACCOMMODATION_1655538361194_1e7d12f0755a390c?_src=imagekit&tr=c-at_max,h-100,q-40,w-100","https://ik.imagekit.io/tvlk/ugc-review/guys1L+Yyer9kzI3sp-pb0CG1j2bhflZGFUZOoIf1YOBAm37kEUOKR41ieUZm7ZJ/ugc-photo-ap-southeast-1-581603780057-acd24e232f75f09e/ACCOMMODATION/8799139_ACCOMMODATION_1655538946731_ed9e08f1b6094448?_src=imagekit&tr=c-at_max,h-100,q-40,w-100",,,,,,,,,,,,,,,,,,
https://www.traveloka.com/id-id/user/review/consumption/HOTEL/GENERAL/3000020009559,3,40,Ramah bersih sarapanya enak. Kemaren aku dapat kamar sebelah pintu emergency berisik sekali ketok ketok dari jam 3 subuh sampai jam 5an.,Diulas 204 minggu lalu,"https://ik.imagekit.io/tvlk/ugc-review/guys1L+Yyer9kzI3sp-pb0CG1j2bhflZGFUZOoIf1YOBAm37kEUOKR41ieUZm7ZJ/ugc-photo-ap-southeast-1-581603780057-acd24e232f75f09e/ACCOMMODATION/93138328_ACCOMMODATION_1654772763158_b01c50179a78e216?_src=imagekit&tr=c-at_max,h-100,q-40,w-100","https://ik.imagekit.io/tvlk/ugc-review/guys1L+Yyer9kzI3sp-pb0CG1j2bhflZGFUZOoIf1YOBAm37kEUOKR41ieUZm7ZJ/ugc-photo-ap-southeast-1-581603780057-acd24e232f75f09e/ACCOMMODATION/93138328_ACCOMMODATION_1654772763158_9ac5058d41063dd0?_src=imagekit&tr=c-at_max,h-100,q-40,w-100","https://ik.imagekit.io/tvlk/ugc-review/guys1L+Yyer9kzI3sp-pb0CG1j2bhflZGFUZOoIf1YOBAm37kEUOKR41ieUZm7ZJ/ugc-photo-ap-southeast-1-581603780057-acd24e232f75f09e/ACCOMMODATION/93138328_ACCOMMODATION_1654772763158_ffb4794262379a06?_src=imagekit&tr=c-at_max,h-100,q-40,w-100","https://ik.imagekit.io/tvlk/ugc-review/guys1L+Yyer9kzI3sp-pb0CG1j2bhflZGFUZOoIf1YOBAm37kEUOKR41ieUZm7ZJ/ugc-photo-ap-southeast-1-581603780057-acd24e232f75f09e/ACCOMMODATION/93138328_ACCOMMODATION_1654772763159_1f2835114b27283d?_src=imagekit&tr=c-at_max,h-100,q-40,w-100",,,,,,,,,,,,,,,,
https://www.traveloka.com/id-id/user/review/consumption/HOTEL/GENERAL/3000020009559,4,1,"Saya menginap di Yello selama 2 malam dan itu adalah pengalaman hebat. Yello hotel terhubung dengan 23 Paskal Mall, kalian tinggal naik ke lantai 1 dan sudah di lobby 23 Paskal Mall Cai. Saya tidak memesan kamar termasuk sarapan, jadi saya tidak mendapatkan kesempatan untuk mencoba makanan mereka. Kolam renangnya super dingin karena saya berenang jam 6 pagi haha. Ruangan itu rapi tapi saya pikir AC tidak terlalu dingin dan saya memberi tahu masalah ini kepada staf kantor depan dan mereka memberi saya 2 kunci untuk memastikan bahwa AC di kamar saya selalu menyala meskipun saya tidak di kamar saya, terima kasih untuk itu, hargai itu! Semuanya sempurna, semoga saya bisa tinggal bersama kalian lagi dalam waktu dekat, Terima kasih!❣️",Diulas 207 minggu lalu,"https://ik.imagekit.io/tvlk/ugc-review/guys1L+Yyer9kzI3sp-pb0CG1j2bhflZGFUZOoIf1YOBAm37kEUOKR41ieUZm7ZJ/ugc-photo-ap-southeast-1-581603780057-acd24e232f75f09e/ACCOMMODATION/23788113_ACCOMMODATION_1653053787945_98c7aa97d95e59fd?_src=imagekit&tr=c-at_max,h-100,q-40,w-100","https://ik.imagekit.io/tvlk/ugc-review/guys1L+Yyer9kzI3sp-pb0CG1j2bhflZGFUZOoIf1YOBAm37kEUOKR41ieUZm7ZJ/ugc-photo-ap-southeast-1-581603780057-acd24e232f75f09e/ACCOMMODATION/23788113_ACCOMMODATION_1653053787945_8dd0d214ace4e515?_src=imagekit&tr=c-at_max,h-100,q-40,w-100",,,,,,,,,,,,,,,,,,
https://www.traveloka.com/id-id/user/review/consumption/HOTEL/GENERAL/3000020009559,4,2,"Pelayanannya ramah banget, kamarnya bersih dan wangi.",Diulas 208 minggu lalu,"https://ik.imagekit.io/tvlk/ugc-review/guys1L+Yyer9kzI3sp-pb0CG1j2bhflZGFUZOoIf1YOBAm37kEUOKR41ieUZm7ZJ/ugc-photo-ap-southeast-1-581603780057-acd24e232f75f09e/ACCOMMODATION/92628765_ACCOMMODATION_1652690770631_8480049dd11da590?_src=imagekit&tr=c-at_max,h-100,q-40,w-100",,,,,,,,,,,,,,,,,,,
https://www.traveloka.com/id-id/user/review/consumption/HOTEL/GENERAL/3000020009559,4,3,"Bagus bersih dan yang terpenting akses ke mal paskal sangat mudah. Kamar cukup lengkap, view kurang cakep aj buat kamar 609, kolam renang agak kecil ya, kalo lagi ramai ga kebagian deh buat renang lama-lama tapi its oke.",Diulas 209 minggu lalu,"https://ik.imagekit.io/tvlk/ugc-review/guys1L+Yyer9kzI3sp-pb0CG1j2bhflZGFUZOoIf1YOBAm37kEUOKR41ieUZm7ZJ/ugc-photo-ap-southeast-1-581603780057-acd24e232f75f09e/ACCOMMODATION/67975997_ACCOMMODATION_1651927437722_601a66c0f5cbe5dd?_src=imagekit&tr=c-at_max,h-100,q-40,w-100","https://ik.imagekit.io/tvlk/ugc-review/guys1L+Yyer9kzI3sp-pb0CG1j2bhflZGFUZOoIf1YOBAm37kEUOKR41ieUZm7ZJ/ugc-photo-ap-southeast-1-581603780057-acd24e232f75f09e/ACCOMMODATION/67975997_ACCOMMODATION_1651927437722_8d5c24795224c16b?_src=imagekit&tr=c-at_max,h-100,q-40,w-100","https://ik.imagekit.io/tvlk/ugc-review/guys1L+Yyer9kzI3sp-pb0CG1j2bhflZGFUZOoIf1YOBAm37kEUOKR41ieUZm7ZJ/ugc-photo-ap-southeast-1-581603780057-acd24e232f75f09e/ACCOMMODATION/67975997_ACCOMMODATION_1651927437722_daa43b76b800d3b8?_src=imagekit&tr=c-at_max,h-100,q-40,w-100","https://ik.imagekit.io/tvlk/ugc-review/guys1L+Yyer9kzI3sp-pb0CG1j2bhflZGFUZOoIf1YOBAm37kEUOKR41ieUZm7ZJ/ugc-photo-ap-southeast-1-581603780057-acd24e232f75f09e/ACCOMMODATION/67975997_ACCOMMODATION_1651927437723_d752145d032802ab?_src=imagekit&tr=c-at_max,h-100,q-40,w-100",,,,,,,,,,,,,,,,
https://www.traveloka.com/id-id/user/review/consumption/HOTEL/GENERAL/3000020009559,4,4,"Pelayanannya ramah breakfast nya bervariasi kamarnya bersih wangi. Buat anak breakfast nya bayar setengah harga, udah pesen connecting door tapi penuh jadi agak kecewa!",Diulas 215 minggu lalu,"https://ik.imagekit.io/tvlk/ugc-review/guys1L+Yyer9kzI3sp-pb0CG1j2bhflZGFUZOoIf1YOBAm37kEUOKR41ieUZm7ZJ/ugc-photo-ap-southeast-1-581603780057-acd24e232f75f09e/ACCOMMODATION/203790954_ACCOMMODATION_1648453190766_9d04daedb94f5920?_src=imagekit&tr=c-at_max,h-100,q-40,w-100",,,,,,,,,,,,,,,,,,,
https://www.traveloka.com/id-id/user/review/consumption/HOTEL/GENERAL/3000020009559,4,5,"Nyaman banget, sejauh ini kebersihannya bagus. Pelayanannya bagus. Check in juga ga terlalu lama, sarapannya beragam dan juga enak-enak semua. Anak anakku juga nyaman berenangnya.",Diulas 215 minggu lalu,"https://ik.imagekit.io/tvlk/ugc-review/guys1L+Yyer9kzI3sp-pb0CG1j2bhflZGFUZOoIf1YOBAm37kEUOKR41ieUZm7ZJ/ugc-photo-ap-southeast-1-581603780057-acd24e232f75f09e/ACCOMMODATION/126472703_ACCOMMODATION_1648300321549_ac2c7ad8cf095357?_src=imagekit&tr=c-at_max,h-100,q-40,w-100","https://ik.imagekit.io/tvlk/ugc-review/guys1L+Yyer9kzI3sp-pb0CG1j2bhflZGFUZOoIf1YOBAm37kEUOKR41ieUZm7ZJ/ugc-photo-ap-southeast-1-581603780057-acd24e232f75f09e/ACCOMMODATION/126472703_ACCOMMODATION_1648300321554_17fac018d2c5ce9b?_src=imagekit&tr=c-at_max,h-100,q-40,w-100",,,,,,,,,,,,,,,,,,
https://www.traveloka.com/id-id/user/review/consumption/HOTEL/GENERAL/3000020009559,4,6,"Pelayanannya bagus dan staff nya ramah banget, ruangannya bersih, tempatnya strategis gampang cari makanan karena di atas mall paskal dan dekat dengan stasiun Bandung.",Diulas 215 minggu lalu,"https://ik.imagekit.io/tvlk/ugc-review/guys1L+Yyer9kzI3sp-pb0CG1j2bhflZGFUZOoIf1YOBAm37kEUOKR41ieUZm7ZJ/ugc-photo-ap-southeast-1-581603780057-acd24e232f75f09e/ACCOMMODATION/95926850_ACCOMMODATION_1648090639573_f06d43b9c1fb3679?_src=imagekit&tr=c-at_max,h-100,q-40,w-100","https://ik.imagekit.io/tvlk/ugc-review/guys1L+Yyer9kzI3sp-pb0CG1j2bhflZGFUZOoIf1YOBAm37kEUOKR41ieUZm7ZJ/ugc-photo-ap-southeast-1-581603780057-acd24e232f75f09e/ACCOMMODATION/95926850_ACCOMMODATION_1648090639573_098b44f3d0634e7e?_src=imagekit&tr=c-at_max,h-100,q-40,w-100",,,,,,,,,,,,,,,,,,
https://www.traveloka.com/id-id/user/review/consumption/HOTEL/GENERAL/3000020009559,4,7,Kebersihan di kamar hotel perlu di review ulang.,Diulas 216 minggu lalu,"https://ik.imagekit.io/tvlk/ugc-review/guys1L+Yyer9kzI3sp-pb0CG1j2bhflZGFUZOoIf1YOBAm37kEUOKR41ieUZm7ZJ/ugc-photo-ap-southeast-1-581603780057-acd24e232f75f09e/ACCOMMODATION/74646240_ACCOMMODATION_1647844905355_2c93e60e646a7edf?_src=imagekit&tr=c-at_max,h-100,q-40,w-100",,,,,,,,,,,,,,,,,,,
https://www.traveloka.com/id-id/user/review/consumption/HOTEL/GENERAL/3000020009559,4,8,"Pengalaman yang seru abis menginap di Yello Hotel Paskal. Pegawainya ramah-ramah, pelayanannya cepat, kamar hotelnya bagus dan luas, fasilitasnya yang lengkap. Next kalau ke Bandung mau menginap di sini lagi sekalian nyobain breakfast nya.",Diulas 216 minggu lalu,"https://ik.imagekit.io/tvlk/ugc-review/guys1L+Yyer9kzI3sp-pb0CG1j2bhflZGFUZOoIf1YOBAm37kEUOKR41ieUZm7ZJ/ugc-photo-ap-southeast-1-581603780057-acd24e232f75f09e/ACCOMMODATION/129657270_ACCOMMODATION_1647773062607_4e288a9b5b7df701?_src=imagekit&tr=c-at_max,h-100,q-40,w-100","https://ik.imagekit.io/tvlk/ugc-review/guys1L+Yyer9kzI3sp-pb0CG1j2bhflZGFUZOoIf1YOBAm37kEUOKR41ieUZm7ZJ/ugc-photo-ap-southeast-1-581603780057-acd24e232f75f09e/ACCOMMODATION/129657270_ACCOMMODATION_1647773062608_1715f5c00da77022?_src=imagekit&tr=c-at_max,h-100,q-40,w-100",,,,,,,,,,,,,,,,,,
https://www.traveloka.com/id-id/user/review/consumption/HOTEL/GENERAL/3000020009559,4,9,"Mantap, suka banget sama hotel nya. Favorite.",Diulas 216 minggu lalu,"https://ik.imagekit.io/tvlk/ugc-review/guys1L+Yyer9kzI3sp-pb0CG1j2bhflZGFUZOoIf1YOBAm37kEUOKR41ieUZm7ZJ/ugc-photo-ap-southeast-1-581603780057-acd24e232f75f09e/ACCOMMODATION/58296193_ACCOMMODATION_1647598864191_2236a0e30123a645?_src=imagekit&tr=c-at_max,h-100,q-40,w-100","https://ik.imagekit.io/tvlk/ugc-review/guys1L+Yyer9kzI3sp-pb0CG1j2bhflZGFUZOoIf1YOBAm37kEUOKR41ieUZm7ZJ/ugc-photo-ap-southeast-1-581603780057-acd24e232f75f09e/ACCOMMODATION/58296193_ACCOMMODATION_1647598864193_6c2c4b4c3f3cf0c4?_src=imagekit&tr=c-at_max,h-100,q-40,w-100",,,,,,,,,,,,,,,,,,
https://www.traveloka.com/id-id/user/review/consumption/HOTEL/GENERAL/3000020009559,4,10,"Nice hotel, nice ambience. Staff nya ramah-ramah. Overall bagus. Kasurnya nyaman, luasnya juga cukup. Kamar mandi showernya oke banget, toilet nya kurang suka karena ngga pake jet shower. Amenities toliet kemaren cuma dikasih 1 sikat gigi, tp its okay karena bawa dari rumah. Pokonya nginep di sini dengan harga segitu worth it banget. Plus tinggal ngesot kalo mau ke paskal23 & ngga susah nyari makan.",Diulas 217 minggu lalu,"https://ik.imagekit.io/tvlk/ugc-review/guys1L+Yyer9kzI3sp-pb0CG1j2bhflZGFUZOoIf1YOBAm37kEUOKR41ieUZm7ZJ/ugc-photo-ap-southeast-1-581603780057-acd24e232f75f09e/ACCOMMODATION/10005712_ACCOMMODATION_1646813771056_b272d146a8d34ae3?_src=imagekit&tr=c-at_max,h-100,q-40,w-100","https://ik.imagekit.io/tvlk/ugc-review/guys1L+Yyer9kzI3sp-pb0CG1j2bhflZGFUZOoIf1YOBAm37kEUOKR41ieUZm7ZJ/ugc-photo-ap-southeast-1-581603780057-acd24e232f75f09e/ACCOMMODATION/10005712_ACCOMMODATION_1646813771057_f40e2c72ad1790dc?_src=imagekit&tr=c-at_max,h-100,q-40,w-100",,,,,,,,,,,,,,,,,,
https://www.traveloka.com/id-id/user/review/consumption/HOTEL/GENERAL/3000020009559,4,11,"Hotelnya bersih, makanannya enak.",Diulas 217 minggu lalu,"https://ik.imagekit.io/tvlk/ugc-review/guys1L+Yyer9kzI3sp-pb0CG1j2bhflZGFUZOoIf1YOBAm37kEUOKR41ieUZm7ZJ/ugc-photo-ap-southeast-1-581603780057-acd24e232f75f09e/ACCOMMODATION/38429798_ACCOMMODATION_1646803760507_751edc75ed8c100c?_src=imagekit&tr=c-at_max,h-100,q-40,w-100","https://ik.imagekit.io/tvlk/ugc-review/guys1L+Yyer9kzI3sp-pb0CG1j2bhflZGFUZOoIf1YOBAm37kEUOKR41ieUZm7ZJ/ugc-photo-ap-southeast-1-581603780057-acd24e232f75f09e/ACCOMMODATION/38429798_ACCOMMODATION_1646803760507_32ec75204b4437c0?_src=imagekit&tr=c-at_max,h-100,q-40,w-100",,,,,,,,,,,,,,,,,,
https://www.traveloka.com/id-id/user/review/consumption/HOTEL/GENERAL/3000020009559,4,12,"Ga nyesel nginep di Yello Hotel! Hotel dan suasananya enak banget, pekerja juga ramah-ramah.",Diulas 218 minggu lalu,"https://ik.imagekit.io/tvlk/ugc-review/guys1L+Yyer9kzI3sp-pb0CG1j2bhflZGFUZOoIf1YOBAm37kEUOKR41ieUZm7ZJ/ugc-photo-ap-southeast-1-581603780057-acd24e232f75f09e/ACCOMMODATION/194273913_ACCOMMODATION_1646403575174_0121b03740a4d99c?_src=imagekit&tr=c-at_max,h-100,q-40,w-100",,,,,,,,,,,,,,,,,,,
https://www.traveloka.com/id-id/user/review/consumption/HOTEL/GENERAL/3000020009559,4,13,"Anak-anak senang, sangat cocok bagi mereka yang ingin staycation, pergi ke mal dan tetap berada di lantai bawah.",Diulas 219 minggu lalu,"https://ik.imagekit.io/tvlk/ugc-review/guys1L+Yyer9kzI3sp-pb0CG1j2bhflZGFUZOoIf1YOBAm37kEUOKR41ieUZm7ZJ/ugc-photo-ap-southeast-1-581603780057-acd24e232f75f09e/ACCOMMODATION/18155086_ACCOMMODATION_1646031153893_ba5124ccea6b6d6c?_src=imagekit&tr=c-at_max,h-100,q-40,w-100","https://ik.imagekit.io/tvlk/ugc-review/guys1L+Yyer9kzI3sp-pb0CG1j2bhflZGFUZOoIf1YOBAm37kEUOKR41ieUZm7ZJ/ugc-photo-ap-southeast-1-581603780057-acd24e232f75f09e/ACCOMMODATION/18155086_ACCOMMODATION_1646031153893_4b278d310ebf3be0?_src=imagekit&tr=c-at_max,h-100,q-40,w-100",,,,,,,,,,,,,,,,,,
https://www.traveloka.com/id-id/user/review/consumption/HOTEL/GENERAL/3000020009559,4,14,"Lagi dan lagi. Saya menginap disini dengan segala kenyamanan, keamanan, dan keramahan pelayanan yang diberikan. Pemeriksaan keamanan Bagus. Garis Depan Bagus. Pengetahuan Baik. Rasa Rata-Rata",Diulas 220 minggu lalu,"https://ik.imagekit.io/tvlk/ugc-review/guys1L+Yyer9kzI3sp-pb0CG1j2bhflZGFUZOoIf1YOBAm37kEUOKR41ieUZm7ZJ/ugc-photo-ap-southeast-1-581603780057-acd24e232f75f09e/ACCOMMODATION/8236793_ACCOMMODATION_1645362764368_437bd1401cf2e7ff?_src=imagekit&tr=c-at_max,h-100,q-40,w-100",,,,,,,,,,,,,,,,,,,
https://www.traveloka.com/id-id/user/review/consumption/HOTEL/GENERAL/3000020009559,4,15,"Cukup nyaman, kamar luas, bersih, resepsionis ramah sekali dan sangat membatu menjelaskn panjang lebar.",Diulas 221 minggu lalu,"https://ik.imagekit.io/tvlk/ugc-review/guys1L+Yyer9kzI3sp-pb0CG1j2bhflZGFUZOoIf1YOBAm37kEUOKR41ieUZm7ZJ/ugc-photo-ap-southeast-1-581603780057-acd24e232f75f09e/ACCOMMODATION/15008951_ACCOMMODATION_1644406701314_1c9368c6e04ee8c8?_src=imagekit&tr=c-at_max,h-100,q-40,w-100","https://ik.imagekit.io/tvlk/ugc-review/guys1L+Yyer9kzI3sp-pb0CG1j2bhflZGFUZOoIf1YOBAm37kEUOKR41ieUZm7ZJ/ugc-photo-ap-southeast-1-581603780057-acd24e232f75f09e/ACCOMMODATION/15008951_ACCOMMODATION_1644406701314_88fa386ee31722e8?_src=imagekit&tr=c-at_max,h-100,q-40,w-100",,,,,,,,,,,,,,,,,,
https://www.traveloka.com/id-id/user/review/consumption/HOTEL/GENERAL/3000020009559,4,16,"Hotelnya satu area dengan mall, bersih, minus suara kamar sebelah kedengaran dan motor di jalan kedengaran di kamar.",Diulas 224 minggu lalu,"https://ik.imagekit.io/tvlk/ugc-review/guys1L+Yyer9kzI3sp-pb0CG1j2bhflZGFUZOoIf1YOBAm37kEUOKR41ieUZm7ZJ/ugc-photo-ap-southeast-1-581603780057-acd24e232f75f09e/ACCOMMODATION/4312445_ACCOMMODATION_1642781112853_2cff9139bacd7c29?_src=imagekit&tr=c-at_max,h-100,q-40,w-100","https://ik.imagekit.io/tvlk/ugc-review/guys1L+Yyer9kzI3sp-pb0CG1j2bhflZGFUZOoIf1YOBAm37kEUOKR41ieUZm7ZJ/ugc-photo-ap-southeast-1-581603780057-acd24e232f75f09e/ACCOMMODATION/4312445_ACCOMMODATION_1642781112854_ffc7a8c79f3c9b81?_src=imagekit&tr=c-at_max,h-100,q-40,w-100","https://ik.imagekit.io/tvlk/ugc-review/guys1L+Yyer9kzI3sp-pb0CG1j2bhflZGFUZOoIf1YOBAm37kEUOKR41ieUZm7ZJ/ugc-photo-ap-southeast-1-581603780057-acd24e232f75f09e/ACCOMMODATION/4312445_ACCOMMODATION_1642781112854_a75cf6f59702ef34?_src=imagekit&tr=c-at_max,h-100,q-40,w-100","https://ik.imagekit.io/tvlk/ugc-review/guys1L+Yyer9kzI3sp-pb0CG1j2bhflZGFUZOoIf1YOBAm37kEUOKR41ieUZm7ZJ/ugc-photo-ap-southeast-1-581603780057-acd24e232f75f09e/ACCOMMODATION/4312445_ACCOMMODATION_1642781112854_f111b22f0568a448?_src=imagekit&tr=c-at_max,h-100,q-40,w-100","https://ik.imagekit.io/tvlk/ugc-review/guys1L+Yyer9kzI3sp-pb0CG1j2bhflZGFUZOoIf1YOBAm37kEUOKR41ieUZm7ZJ/ugc-photo-ap-southeast-1-581603780057-acd24e232f75f09e/ACCOMMODATION/4312445_ACCOMMODATION_1642781112854_1179c3e297949bfc?_src=imagekit&tr=c-at_max,h-100,q-40,w-100","https://ik.imagekit.io/tvlk/ugc-review/guys1L+Yyer9kzI3sp-pb0CG1j2bhflZGFUZOoIf1YOBAm37kEUOKR41ieUZm7ZJ/ugc-photo-ap-southeast-1-581603780057-acd24e232f75f09e/ACCOMMODATION/4312445_ACCOMMODATION_1642781112855_8e997b12864080a6?_src=imagekit&tr=c-at_max,h-100,q-40,w-100",,,,,,,,,,,,,,
https://www.traveloka.com/id-id/user/review/consumption/HOTEL/GENERAL/3000020009559,4,17,Kamarnya bersih dan stafnya sangat ramah.,Diulas 225 minggu lalu,"https://ik.imagekit.io/tvlk/ugc-review/guys1L+Yyer9kzI3sp-pb0CG1j2bhflZGFUZOoIf1YOBAm37kEUOKR41ieUZm7ZJ/ugc-photo-ap-southeast-1-581603780057-acd24e232f75f09e/ACCOMMODATION/4383436_ACCOMMODATION_1642340223849_f241f30faf4b2826?_src=imagekit&tr=c-at_max,h-100,q-40,w-100",,,,,,,,,,,,,,,,,,,
https://www.traveloka.com/id-id/user/review/consumption/HOTEL/GENERAL/3000020009559,4,18,"Terima kasih atas perhatian Hotel kepada tamu nya, ini salah satu bentuk perhatian hangat yang di berikan, sepotong kue ultah buat saya 🙏🏻 All the service is good, recommended hotel 👍🏻",Diulas 226 minggu lalu,"https://ik.imagekit.io/tvlk/ugc-review/guys1L+Yyer9kzI3sp-pb0CG1j2bhflZGFUZOoIf1YOBAm37kEUOKR41ieUZm7ZJ/ugc-photo-ap-southeast-1-581603780057-acd24e232f75f09e/ACCOMMODATION/4874545_ACCOMMODATION_1641862215883_a5242056c983b24c?_src=imagekit&tr=c-at_max,h-100,q-40,w-100",,,,,,,,,,,,,,,,,,,
https://www.traveloka.com/id-id/user/review/consumption/HOTEL/GENERAL/3000020009559,4,19,"Udah paling mager kalau staycation disini , bangun tidur view nya paskal , mau ke mall tinggal turun ke bawah , nyari makanan tidak susah hotel nyaman , sepi sunyi tidak berisik , bersih , pelayanan ramah",Diulas 227 minggu lalu,"https://ik.imagekit.io/tvlk/ugc-review/guys1L+Yyer9kzI3sp-pb0CG1j2bhflZGFUZOoIf1YOBAm37kEUOKR41ieUZm7ZJ/ugc-photo-ap-southeast-1-581603780057-acd24e232f75f09e/ACCOMMODATION/79285437_ACCOMMODATION_1641261147879_cbbbc91655fb79bc?_src=imagekit&tr=c-at_max,h-100,q-40,w-100",,,,,,,,,,,,,,,,,,,
https://www.traveloka.com/id-id/user/review/consumption/HOTEL/GENERAL/3000020009559,4,20,Hotel fav anak saya ada game onnya,Diulas 227 minggu lalu,"https://ik.imagekit.io/tvlk/ugc-review/guys1L+Yyer9kzI3sp-pb0CG1j2bhflZGFUZOoIf1YOBAm37kEUOKR41ieUZm7ZJ/ugc-photo-ap-southeast-1-581603780057-acd24e232f75f09e/ACCOMMODATION/13142164_ACCOMMODATION_1640913203007_b6531114d415bda8?_src=imagekit&tr=c-at_max,h-100,q-40,w-100",,,,,,,,,,,,,,,,,,,
https://www.traveloka.com/id-id/user/review/consumption/HOTEL/GENERAL/3000020009559,4,21,"Pilihan menginap yang nyaman dan pilihan lokasi hotel terbaik. Namun penting diperhatikan jika Anda membawa kendaraan. Parkir mobil sangat susah kalau mau parkir antara jam 12 siang ke atas, apalagi parkir di dalam Pascal 123 Mall. Karena Yellow tidak memiliki slot parkir untuk pengunjung hotel maka bergabunglah dengan pengunjung mall Pascal.",Diulas 228 minggu lalu,"https://ik.imagekit.io/tvlk/ugc-review/guys1L+Yyer9kzI3sp-pb0CG1j2bhflZGFUZOoIf1YOBAm37kEUOKR41ieUZm7ZJ/ugc-photo-ap-southeast-1-581603780057-acd24e232f75f09e/ACCOMMODATION/7982461_ACCOMMODATION_1640592374259_63e4b908dfe5e42e?_src=imagekit&tr=c-at_max,h-80,q-40,w-80","https://ik.imagekit.io/tvlk/ugc-review/guys1L+Yyer9kzI3sp-pb0CG1j2bhflZGFUZOoIf1YOBAm37kEUOKR41ieUZm7ZJ/ugc-photo-ap-southeast-1-581603780057-acd24e232f75f09e/ACCOMMODATION/7982461_ACCOMMODATION_1640592374259_2eeef4e8361d5a52?_src=imagekit&tr=c-at_max,h-80,q-40,w-80","https://ik.imagekit.io/tvlk/ugc-review/guys1L+Yyer9kzI3sp-pb0CG1j2bhflZGFUZOoIf1YOBAm37kEUOKR41ieUZm7ZJ/ugc-photo-ap-southeast-1-581603780057-acd24e232f75f09e/ACCOMMODATION/7982461_ACCOMMODATION_1640592374259_e8b5417bed44c92e?_src=imagekit&tr=c-at_max,h-80,q-40,w-80","https://ik.imagekit.io/tvlk/ugc-review/guys1L+Yyer9kzI3sp-pb0CG1j2bhflZGFUZOoIf1YOBAm37kEUOKR41ieUZm7ZJ/ugc-photo-ap-southeast-1-581603780057-acd24e232f75f09e/ACCOMMODATION/7982461_ACCOMMODATION_1640592374259_cefd9d0d6ee4732e?_src=imagekit&tr=c-at_max,h-80,q-40,w-80","https://ik.imagekit.io/tvlk/ugc-review/guys1L+Yyer9kzI3sp-pb0CG1j2bhflZGFUZOoIf1YOBAm37kEUOKR41ieUZm7ZJ/ugc-photo-ap-southeast-1-581603780057-acd24e232f75f09e/ACCOMMODATION/7982461_ACCOMMODATION_1640592374260_207e872bd29ef8a1?_src=imagekit&tr=c-at_max,h-80,q-40,w-80","https://ik.imagekit.io/tvlk/ugc-review/guys1L+Yyer9kzI3sp-pb0CG1j2bhflZGFUZOoIf1YOBAm37kEUOKR41ieUZm7ZJ/ugc-photo-ap-southeast-1-581603780057-acd24e232f75f09e/ACCOMMODATION/7982461_ACCOMMODATION_1640592374260_527dd2b3aec54943?_src=imagekit&tr=c-at_max,h-80,q-40,w-80","https://ik.imagekit.io/tvlk/ugc-review/guys1L+Yyer9kzI3sp-pb0CG1j2bhflZGFUZOoIf1YOBAm37kEUOKR41ieUZm7ZJ/ugc-photo-ap-southeast-1-581603780057-acd24e232f75f09e/ACCOMMODATION/7982461_ACCOMMODATION_1640592374261_dfde48fe0e71036d?_src=imagekit&tr=c-at_max,h-80,q-40,w-80","https://ik.imagekit.io/tvlk/ugc-review/guys1L+Yyer9kzI3sp-pb0CG1j2bhflZGFUZOoIf1YOBAm37kEUOKR41ieUZm7ZJ/ugc-photo-ap-southeast-1-581603780057-acd24e232f75f09e/ACCOMMODATION/7982461_ACCOMMODATION_1640592374261_1d85bffcfd6207f6?_src=imagekit&tr=c-at_max,h-80,q-40,w-80","https://ik.imagekit.io/tvlk/ugc-review/guys1L+Yyer9kzI3sp-pb0CG1j2bhflZGFUZOoIf1YOBAm37kEUOKR41ieUZm7ZJ/ugc-photo-ap-southeast-1-581603780057-acd24e232f75f09e/ACCOMMODATION/7982461_ACCOMMODATION_1640592374261_4e1323931c2188c9?_src=imagekit&tr=c-at_max,h-80,q-40,w-80",,,,,,,,,,,
https://www.traveloka.com/id-id/user/review/consumption/HOTEL/GENERAL/3000020009559,4,22,"staff nya ramah, fasilitas hotelnya menyenangkan ada tab, ada xbox, dll...",Diulas 228 minggu lalu,"https://ik.imagekit.io/tvlk/ugc-review/guys1L+Yyer9kzI3sp-pb0CG1j2bhflZGFUZOoIf1YOBAm37kEUOKR41ieUZm7ZJ/ugc-photo-ap-southeast-1-581603780057-acd24e232f75f09e/ACCOMMODATION/5355978_ACCOMMODATION_1640519328300_0f63ba6723b781b1?_src=imagekit&tr=c-at_max,h-100,q-40,w-100",,,,,,,,,,,,,,,,,,,
https://www.traveloka.com/id-id/user/review/consumption/HOTEL/GENERAL/3000020009559,4,23,"Hotel super nyaman dan mager, ke mall tinggal turun ke lantai bawah, view kamar nyaa jugaa bagus apalagi klw pagi hari, makanan nya enak, kamar nyaa super bersih apalahi toilet nyaa, pelayanan nyaa ramah, hanya sajja peayanan ketika cek-in dan cek-out nyaa agak lama saja, tapi semua itu ke bayar degan fasilitas hotel nyaa. Recommended banget deh.",Diulas 231 minggu lalu,"https://ik.imagekit.io/tvlk/ugc-review/guys1L+Yyer9kzI3sp-pb0CG1j2bhflZGFUZOoIf1YOBAm37kEUOKR41ieUZm7ZJ/ugc-photo-ap-southeast-1-581603780057-acd24e232f75f09e/ACCOMMODATION/79285437_ACCOMMODATION_1638766077501_0d27c33ba633d8ba?_src=imagekit&tr=c-at_max,h-100,q-40,w-100",,,,,,,,,,,,,,,,,,,
https://www.traveloka.com/id-id/user/review/consumption/HOTEL/GENERAL/3000020009559,4,24,"Pelayanan nya bagus ramah welcome sekali juga. Lokasi juga strategis. Tetapi kebersihan kamar mungkin bisa di improve biar lebih top. Sama until makanan juga ditingkatkan lagi, itu aja sih sukses trus yello hotel",Diulas 231 minggu lalu,"https://ik.imagekit.io/tvlk/ugc-review/guys1L+Yyer9kzI3sp-pb0CG1j2bhflZGFUZOoIf1YOBAm37kEUOKR41ieUZm7ZJ/ugc-photo-ap-southeast-1-581603780057-acd24e232f75f09e/ACCOMMODATION/23967588_ACCOMMODATION_1638372609122_a6c14f4fa14759b1?_src=imagekit&tr=c-at_max,h-100,q-40,w-100",,,,,,,,,,,,,,,,,,,
https://www.traveloka.com/id-id/user/review/consumption/HOTEL/GENERAL/3000020009559,4,25,"Sangat memuaskan, menyesal hanya 1 malam karena harus pindah hotel lain. Pelayanan luar biasa baik, Dapat slice cake cantik untuk ankku. Amnetys lengkap tanpa harus diminta. Sarapan enak rasa nya, menu lumayan variatif. Kolam renangnya juara pemandangan nya bagus banget, bersih dan hotelnya luas untuk sekelas bintang 3, banyak spot foto-foto yang instagrameble. Takzia group selalu memuaskan. Pasti bakalan balik lagi ke Yello. Terima kasih Yello.",Diulas 232 minggu lalu,"https://ik.imagekit.io/tvlk/ugc-review/guys1L+Yyer9kzI3sp-pb0CG1j2bhflZGFUZOoIf1YOBAm37kEUOKR41ieUZm7ZJ/ugc-photo-ap-southeast-1-581603780057-acd24e232f75f09e/ACCOMMODATION/4380503_ACCOMMODATION_1638224528900_e9c29e652244da38?_src=imagekit&tr=c-at_max,h-100,q-40,w-100","https://ik.imagekit.io/tvlk/ugc-review/guys1L+Yyer9kzI3sp-pb0CG1j2bhflZGFUZOoIf1YOBAm37kEUOKR41ieUZm7ZJ/ugc-photo-ap-southeast-1-581603780057-acd24e232f75f09e/ACCOMMODATION/4380503_ACCOMMODATION_1638224528901_2717f4be6c7aaf8f?_src=imagekit&tr=c-at_max,h-100,q-40,w-100","https://ik.imagekit.io/tvlk/ugc-review/guys1L+Yyer9kzI3sp-pb0CG1j2bhflZGFUZOoIf1YOBAm37kEUOKR41ieUZm7ZJ/ugc-photo-ap-southeast-1-581603780057-acd24e232f75f09e/ACCOMMODATION/4380503_ACCOMMODATION_1638224528901_8ef9d00bd2eeaafb?_src=imagekit&tr=c-at_max,h-100,q-40,w-100","https://ik.imagekit.io/tvlk/ugc-review/guys1L+Yyer9kzI3sp-pb0CG1j2bhflZGFUZOoIf1YOBAm37kEUOKR41ieUZm7ZJ/ugc-photo-ap-southeast-1-581603780057-acd24e232f75f09e/ACCOMMODATION/4380503_ACCOMMODATION_1638224859100_5b12d431d30f978c?_src=imagekit&tr=c-at_max,h-100,q-40,w-100",,,,,,,,,,,,,,,,
https://www.traveloka.com/id-id/user/review/consumption/HOTEL/GENERAL/3000020009559,4,26,"Lumayan untuk harga segitu, kamar bersih, wifi mayan kenceng, sarapan B aja, pilihan nya kurang, ada kolam renang nya anak anak suka",Diulas 233 minggu lalu,"https://ik.imagekit.io/tvlk/ugc-review/guys1L+Yyer9kzI3sp-pb0CG1j2bhflZGFUZOoIf1YOBAm37kEUOKR41ieUZm7ZJ/ugc-photo-ap-southeast-1-581603780057-acd24e232f75f09e/ACCOMMODATION/8859380_ACCOMMODATION_1637136318505_2ef60ee5e76e4716?_src=imagekit&tr=c-at_max,h-100,q-40,w-100","https://ik.imagekit.io/tvlk/ugc-review/guys1L+Yyer9kzI3sp-pb0CG1j2bhflZGFUZOoIf1YOBAm37kEUOKR41ieUZm7ZJ/ugc-photo-ap-southeast-1-581603780057-acd24e232f75f09e/ACCOMMODATION/8859380_ACCOMMODATION_1637136318505_ff8e6dc60376287f?_src=imagekit&tr=c-at_max,h-100,q-40,w-100",,,,,,,,,,,,,,,,,,
https://www.traveloka.com/id-id/user/review/consumption/HOTEL/GENERAL/3000020009559,4,27,"Next nginap di sini lagi, Mantap luar biasa.",Diulas 235 minggu lalu,"https://ik.imagekit.io/tvlk/ugc-review/guys1L+Yyer9kzI3sp-pb0CG1j2bhflZGFUZOoIf1YOBAm37kEUOKR41ieUZm7ZJ/ugc-photo-ap-southeast-1-581603780057-acd24e232f75f09e/ACCOMMODATION/21243747_ACCOMMODATION_1636079300798_eeca297985643fb1?_src=imagekit&tr=c-at_max,h-100,q-40,w-100","https://ik.imagekit.io/tvlk/ugc-review/guys1L+Yyer9kzI3sp-pb0CG1j2bhflZGFUZOoIf1YOBAm37kEUOKR41ieUZm7ZJ/ugc-photo-ap-southeast-1-581603780057-acd24e232f75f09e/ACCOMMODATION/21243747_ACCOMMODATION_1636079300798_3f8c155be4be940e?_src=imagekit&tr=c-at_max,h-100,q-40,w-100","https://ik.imagekit.io/tvlk/ugc-review/guys1L+Yyer9kzI3sp-pb0CG1j2bhflZGFUZOoIf1YOBAm37kEUOKR41ieUZm7ZJ/ugc-photo-ap-southeast-1-581603780057-acd24e232f75f09e/ACCOMMODATION/21243747_ACCOMMODATION_1636079300798_ea0dfd387246710c?_src=imagekit&tr=c-at_max,h-100,q-40,w-100",,,,,,,,,,,,,,,,,
https://www.traveloka.com/id-id/user/review/consumption/HOTEL/GENERAL/3000020009559,4,28,"I def will come back to this hotel! With all the price and facilities this is really good to have a staycation mood. With all surrounded places near by the hotel and all the facilities in the hotel. Hanya saja pernah agak keteteran mungkin pas lagi rame karena ad acara jadi sabun kamar mandi belum d isi, dan pas minta tolong untuk di beresin kamar dari sore sampai malem pun belum di lakukan. Mungkin kelewat. But thank you pas d follow up langsung d jalanin. Dan pernah pesen makanan tapi nunggunya 1 jam. Thank you.",Diulas 236 minggu lalu,"https://ik.imagekit.io/tvlk/ugc-review/guys1L+Yyer9kzI3sp-pb0CG1j2bhflZGFUZOoIf1YOBAm37kEUOKR41ieUZm7ZJ/ugc-photo-ap-southeast-1-581603780057-acd24e232f75f09e/ACCOMMODATION/22645274_ACCOMMODATION_1635308477665_46eba972122052fc?_src=imagekit&tr=c-at_max,h-80,q-40,w-80","https://ik.imagekit.io/tvlk/ugc-review/guys1L+Yyer9kzI3sp-pb0CG1j2bhflZGFUZOoIf1YOBAm37kEUOKR41ieUZm7ZJ/ugc-photo-ap-southeast-1-581603780057-acd24e232f75f09e/ACCOMMODATION/22645274_ACCOMMODATION_1635308477665_69abca0d8e4e66b6?_src=imagekit&tr=c-at_max,h-80,q-40,w-80","https://ik.imagekit.io/tvlk/ugc-review/guys1L+Yyer9kzI3sp-pb0CG1j2bhflZGFUZOoIf1YOBAm37kEUOKR41ieUZm7ZJ/ugc-photo-ap-southeast-1-581603780057-acd24e232f75f09e/ACCOMMODATION/22645274_ACCOMMODATION_1635308477665_24cd14cf578ef93a?_src=imagekit&tr=c-at_max,h-80,q-40,w-80","https://ik.imagekit.io/tvlk/ugc-review/guys1L+Yyer9kzI3sp-pb0CG1j2bhflZGFUZOoIf1YOBAm37kEUOKR41ieUZm7ZJ/ugc-photo-ap-southeast-1-581603780057-acd24e232f75f09e/ACCOMMODATION/22645274_ACCOMMODATION_1635308477666_09647052486ffdb8?_src=imagekit&tr=c-at_max,h-80,q-40,w-80","https://ik.imagekit.io/tvlk/ugc-review/guys1L+Yyer9kzI3sp-pb0CG1j2bhflZGFUZOoIf1YOBAm37kEUOKR41ieUZm7ZJ/ugc-photo-ap-southeast-1-581603780057-acd24e232f75f09e/ACCOMMODATION/22645274_ACCOMMODATION_1635308477666_c66029a56205ec35?_src=imagekit&tr=c-at_max,h-80,q-40,w-80","https://ik.imagekit.io/tvlk/ugc-review/guys1L+Yyer9kzI3sp-pb0CG1j2bhflZGFUZOoIf1YOBAm37kEUOKR41ieUZm7ZJ/ugc-photo-ap-southeast-1-581603780057-acd24e232f75f09e/ACCOMMODATION/22645274_ACCOMMODATION_1635308477666_ec2c219450a3b4c6?_src=imagekit&tr=c-at_max,h-80,q-40,w-80","https://ik.imagekit.io/tvlk/ugc-review/guys1L+Yyer9kzI3sp-pb0CG1j2bhflZGFUZOoIf1YOBAm37kEUOKR41ieUZm7ZJ/ugc-photo-ap-southeast-1-581603780057-acd24e232f75f09e/ACCOMMODATION/22645274_ACCOMMODATION_1635308477666_e71f3957e7698662?_src=imagekit&tr=c-at_max,h-80,q-40,w-80","https://ik.imagekit.io/tvlk/ugc-review/guys1L+Yyer9kzI3sp-pb0CG1j2bhflZGFUZOoIf1YOBAm37kEUOKR41ieUZm7ZJ/ugc-photo-ap-southeast-1-581603780057-acd24e232f75f09e/ACCOMMODATION/22645274_ACCOMMODATION_1635308621317_263ae2c04f13cb1d?_src=imagekit&tr=c-at_max,h-80,q-40,w-80",,,,,,,,,,,,
https://www.traveloka.com/id-id/user/review/consumption/HOTEL/GENERAL/3000020009559,4,29,"Kamar bagus bersih, pelayanan ramah, dekat dengan mall, pokoknya tiap ke bandung pasti nginap di yello👍👍👍",Diulas 237 minggu lalu,"https://ik.imagekit.io/tvlk/ugc-review/guys1L+Yyer9kzI3sp-pb0CG1j2bhflZGFUZOoIf1YOBAm37kEUOKR41ieUZm7ZJ/ugc-photo-ap-southeast-1-581603780057-acd24e232f75f09e/ACCOMMODATION/6547609_ACCOMMODATION_1634551582568_c784d08cfcf93790?_src=imagekit&tr=c-at_max,h-100,q-40,w-100","https://ik.imagekit.io/tvlk/ugc-review/guys1L+Yyer9kzI3sp-pb0CG1j2bhflZGFUZOoIf1YOBAm37kEUOKR41ieUZm7ZJ/ugc-photo-ap-southeast-1-581603780057-acd24e232f75f09e/ACCOMMODATION/6547609_ACCOMMODATION_1634551582569_56a1d867f6ec09a7?_src=imagekit&tr=c-at_max,h-100,q-40,w-100",,,,,,,,,,,,,,,,,,
https://www.traveloka.com/id-id/user/review/consumption/HOTEL/GENERAL/3000020009559,4,30,"Hotel favorit saya di bandung, check in mudah dan cepat. Bisa check in jam 1 atau setengah 2",Diulas 237 minggu lalu,"https://ik.imagekit.io/tvlk/ugc-review/guys1L+Yyer9kzI3sp-pb0CG1j2bhflZGFUZOoIf1YOBAm37kEUOKR41ieUZm7ZJ/ugc-photo-ap-southeast-1-581603780057-acd24e232f75f09e/ACCOMMODATION/14473484_ACCOMMODATION_1634702327056_bd3af2a5cd0adbd9?_src=imagekit&tr=c-at_max,h-100,q-40,w-100",,,,,,,,,,,,,,,,,,,
https://www.traveloka.com/id-id/user/review/consumption/HOTEL/GENERAL/3000020009559,4,31,"Lokasi hotel sangat strategis: terhubung dengan Paskal 23 dan Paskal Hyper Food Market. Banyak pilihan makanan di dekatnya. Proses check-in agak menantang. Butuh hampir 45 menit untuk sampai ke kamar kami, saya tiba pukul 17.00 dan mendapatkan kunci hampir pukul 18.00. Kamar terlihat bersih dengan selimut putih yang nyaman (meskipun mereka tidak mengganti selimut atau seprai setelah tamu sebelumnya check-out). Saya mendapatkan kamar ""bebas rokok"", tetapi saya bisa mencium bau seseorang merokok di dalam setelah membuka pintu kamar. Fasilitasnya lumayan: sabun batangan, sabun mandi/sampo/kondisioner 3-in-1, sikat gigi, handuk. Saya tidak menghabiskan banyak waktu di hotel karena sibuk menjelajahi Bandung. Catatan jika Anda datang dengan mobil; Anda tidak dapat memarkir mobil di basement jika tiba setelah mal tutup. Anda masih dapat memarkir mobil di kompleks dekat mal.",Diulas 238 minggu lalu,"https://ik.imagekit.io/tvlk/ugc-review/guys1L+Yyer9kzI3sp-pb0CG1j2bhflZGFUZOoIf1YOBAm37kEUOKR41ieUZm7ZJ/ugc-photo-ap-southeast-1-581603780057-acd24e232f75f09e/ACCOMMODATION/8476946_ACCOMMODATION_1634394345388_4a8b40db3b9423e1?_src=imagekit&tr=c-at_max,h-100,q-40,w-100","https://ik.imagekit.io/tvlk/ugc-review/guys1L+Yyer9kzI3sp-pb0CG1j2bhflZGFUZOoIf1YOBAm37kEUOKR41ieUZm7ZJ/ugc-photo-ap-southeast-1-581603780057-acd24e232f75f09e/ACCOMMODATION/8476946_ACCOMMODATION_1634394345388_bf0584123dcb230c?_src=imagekit&tr=c-at_max,h-100,q-40,w-100","https://ik.imagekit.io/tvlk/ugc-review/guys1L+Yyer9kzI3sp-pb0CG1j2bhflZGFUZOoIf1YOBAm37kEUOKR41ieUZm7ZJ/ugc-photo-ap-southeast-1-581603780057-acd24e232f75f09e/ACCOMMODATION/8476946_ACCOMMODATION_1634394345388_e8fa21e1174669d0?_src=imagekit&tr=c-at_max,h-100,q-40,w-100","https://ik.imagekit.io/tvlk/ugc-review/guys1L+Yyer9kzI3sp-pb0CG1j2bhflZGFUZOoIf1YOBAm37kEUOKR41ieUZm7ZJ/ugc-photo-ap-southeast-1-581603780057-acd24e232f75f09e/ACCOMMODATION/8476946_ACCOMMODATION_1634394345389_ecd6f4a4da5d9242?_src=imagekit&tr=c-at_max,h-100,q-40,w-100",,,,,,,,,,,,,,,,
https://www.traveloka.com/id-id/user/review/consumption/HOTEL/GENERAL/3000020009559,4,32,"Hotel dengan lokasi dan layanan yang baik. Selama pandemi ini, kami tahu bahwa sulit untuk mempertahankan kinerja hotel tetap prima, tetapi Yello Hotel Paskal dapat melakukannya! Kamarnya bersih, kolam renangnya bagus, dan makanannya lezat. Pertahankan kinerja terbaik ini dan semoga keadaan kembali normal seperti sebelumnya. Sampai jumpa lagi di perjalanan saya berikutnya ke Bandung.",Diulas 238 minggu lalu,"https://ik.imagekit.io/tvlk/ugc-review/guys1L+Yyer9kzI3sp-pb0CG1j2bhflZGFUZOoIf1YOBAm37kEUOKR41ieUZm7ZJ/ugc-photo-ap-southeast-1-581603780057-acd24e232f75f09e/ACCOMMODATION/198455145_ACCOMMODATION_1634292299918_b965e1cecae07922?_src=imagekit&tr=c-at_max,h-100,q-40,w-100","https://ik.imagekit.io/tvlk/ugc-review/guys1L+Yyer9kzI3sp-pb0CG1j2bhflZGFUZOoIf1YOBAm37kEUOKR41ieUZm7ZJ/ugc-photo-ap-southeast-1-581603780057-acd24e232f75f09e/ACCOMMODATION/198455145_ACCOMMODATION_1634292299918_d72d9ef2833aee01?_src=imagekit&tr=c-at_max,h-100,q-40,w-100","https://ik.imagekit.io/tvlk/ugc-review/guys1L+Yyer9kzI3sp-pb0CG1j2bhflZGFUZOoIf1YOBAm37kEUOKR41ieUZm7ZJ/ugc-photo-ap-southeast-1-581603780057-acd24e232f75f09e/ACCOMMODATION/198455145_ACCOMMODATION_1634292299918_ee6b8e75967e2880?_src=imagekit&tr=c-at_max,h-100,q-40,w-100",,,,,,,,,,,,,,,,,
https://www.traveloka.com/id-id/user/review/consumption/HOTEL/GENERAL/3000020009559,4,33,Nice and friendly hotel. We love stay in here! Lokasi nya strategis banget banyak tempat makan yang enak di sekitar hotel. Helpful staff and the breakfast is good. My daughter love it.,Diulas 239 minggu lalu,"https://ik.imagekit.io/tvlk/ugc-review/guys1L+Yyer9kzI3sp-pb0CG1j2bhflZGFUZOoIf1YOBAm37kEUOKR41ieUZm7ZJ/ugc-photo-ap-southeast-1-581603780057-acd24e232f75f09e/ACCOMMODATION/69972249_ACCOMMODATION_1633700980975_a3206f71a4d9cfab?_src=imagekit&tr=c-at_max,h-100,q-40,w-100",,,,,,,,,,,,,,,,,,,
https://www.traveloka.com/id-id/user/review/consumption/HOTEL/GENERAL/3000020009559,4,34,"Bersih, nyaman, menyenangkan bisa ke Mall ke Food Market, sarapan enak meskipun menunya tidak terlalu beragam.",Diulas 239 minggu lalu,"https://ik.imagekit.io/tvlk/ugc-review/guys1L+Yyer9kzI3sp-pb0CG1j2bhflZGFUZOoIf1YOBAm37kEUOKR41ieUZm7ZJ/ugc-photo-ap-southeast-1-581603780057-acd24e232f75f09e/ACCOMMODATION/198428829_ACCOMMODATION_1633608443747_f851ce2f9e5073e3?_src=imagekit&tr=c-at_max,h-100,q-40,w-100","https://ik.imagekit.io/tvlk/ugc-review/guys1L+Yyer9kzI3sp-pb0CG1j2bhflZGFUZOoIf1YOBAm37kEUOKR41ieUZm7ZJ/ugc-photo-ap-southeast-1-581603780057-acd24e232f75f09e/ACCOMMODATION/198428829_ACCOMMODATION_1633608443747_2a93af493fb068b5?_src=imagekit&tr=c-at_max,h-100,q-40,w-100",,,,,,,,,,,,,,,,,,
https://www.traveloka.com/id-id/user/review/consumption/HOTEL/GENERAL/3000020009559,4,35,"Cocok untuk semua golongan. Bawa keluarga, pasangan, dan sendiri juga ga masalah. Petugasnya ramah, Security ramah. Berhubung nginap untuk staycation, 8/10 ya. Bakalan menjadi salah satu rekomendasi sih kalo ke Bandung.",Diulas 240 minggu lalu,"https://ik.imagekit.io/tvlk/ugc-review/guys1L+Yyer9kzI3sp-pb0CG1j2bhflZGFUZOoIf1YOBAm37kEUOKR41ieUZm7ZJ/ugc-photo-ap-southeast-1-581603780057-acd24e232f75f09e/ACCOMMODATION/13592696_ACCOMMODATION_1632826444405_441c10ef45c960ea?_src=imagekit&tr=c-at_max,h-100,q-40,w-100",,,,,,,,,,,,,,,,,,,
https://www.traveloka.com/id-id/user/review/consumption/HOTEL/GENERAL/3000020009559,4,36,"Secara keseluruhan semuanya bagus ada satu yang lebih saya suka pelayanannya ramah. Banget ga tau seneng aja gitu. Apalagi ngeliat hotel hotel yang unik gini. Ternyata satu management ya dengan pop. Haris, alhamdulillah anak anak senang sampai bilang ibun ini rumah nya keren. Ini bukan rmh di ini hotel mudah mudahan kalo ada rejeki kita bisa kesana lagi ngajak keluarga temen soalnya enak lokasinya strategis. Semoga hotelnya semakin berkah banyak pengunjung aamiin.",Diulas 241 minggu lalu,"https://ik.imagekit.io/tvlk/ugc-review/guys1L+Yyer9kzI3sp-pb0CG1j2bhflZGFUZOoIf1YOBAm37kEUOKR41ieUZm7ZJ/ugc-photo-ap-southeast-1-581603780057-acd24e232f75f09e/ACCOMMODATION/150493878_ACCOMMODATION_1632650616810_2ceb7b89b6c2b734?_src=imagekit&tr=c-at_max,h-100,q-40,w-100","https://ik.imagekit.io/tvlk/ugc-review/guys1L+Yyer9kzI3sp-pb0CG1j2bhflZGFUZOoIf1YOBAm37kEUOKR41ieUZm7ZJ/ugc-photo-ap-southeast-1-581603780057-acd24e232f75f09e/ACCOMMODATION/150493878_ACCOMMODATION_1632650616810_fc5f9a1ce7c7e47f?_src=imagekit&tr=c-at_max,h-100,q-40,w-100",,,,,,,,,,,,,,,,,,
https://www.traveloka.com/id-id/user/review/consumption/HOTEL/GENERAL/3000020009559,4,37,"Lokasi strategis, kamar bersih, staff ramah. Tp tidak tersedia hair dryer di room. Mungkin harus minta lagi ke receptionist. Overall good. Thank you",Diulas 242 minggu lalu,"https://ik.imagekit.io/tvlk/ugc-review/guys1L+Yyer9kzI3sp-pb0CG1j2bhflZGFUZOoIf1YOBAm37kEUOKR41ieUZm7ZJ/ugc-photo-ap-southeast-1-581603780057-acd24e232f75f09e/ACCOMMODATION/53548225_ACCOMMODATION_1632129114493_088d7645e92a013f?_src=imagekit&tr=c-at_max,h-100,q-40,w-100","https://ik.imagekit.io/tvlk/ugc-review/guys1L+Yyer9kzI3sp-pb0CG1j2bhflZGFUZOoIf1YOBAm37kEUOKR41ieUZm7ZJ/ugc-photo-ap-southeast-1-581603780057-acd24e232f75f09e/ACCOMMODATION/53548225_ACCOMMODATION_1632129114493_c5aa172ac69c0c6f?_src=imagekit&tr=c-at_max,h-100,q-40,w-100",,,,,,,,,,,,,,,,,,
https://www.traveloka.com/id-id/user/review/consumption/HOTEL/GENERAL/3000020009559,4,38,"Seru! Bisa langsung ke mall paskal jalan kaki, pelayanan juga ramah, wifi kenceng, viewnya top banget karena awannya lagi bagus dan view langsung  ke pegunungan. Cuman agak ngeri sama slidedoor bathroomnya.",Diulas 244 minggu lalu,"https://ik.imagekit.io/tvlk/ugc-review/guys1L+Yyer9kzI3sp-pb0CG1j2bhflZGFUZOoIf1YOBAm37kEUOKR41ieUZm7ZJ/ugc-photo-ap-southeast-1-581603780057-acd24e232f75f09e/ACCOMMODATION/27553564_ACCOMMODATION_1630547864958_7c70aa4abf48e12b?_src=imagekit&tr=c-at_max,h-100,q-40,w-100",,,,,,,,,,,,,,,,,,,
https://www.traveloka.com/id-id/user/review/consumption/HOTEL/GENERAL/3000020009559,4,39,"Pelayan ramah, lokasi strategis dekat dengan mall.",Diulas 247 minggu lalu,"https://ik.imagekit.io/tvlk/ugc-review/guys1L+Yyer9kzI3sp-pb0CG1j2bhflZGFUZOoIf1YOBAm37kEUOKR41ieUZm7ZJ/ugc-photo-ap-southeast-1-581603780057-acd24e232f75f09e/ACCOMMODATION/195819987_ACCOMMODATION_1629175511315_808a6e9c79a3800c?_src=imagekit&tr=c-at_max,h-100,q-40,w-100","https://ik.imagekit.io/tvlk/ugc-review/guys1L+Yyer9kzI3sp-pb0CG1j2bhflZGFUZOoIf1YOBAm37kEUOKR41ieUZm7ZJ/ugc-photo-ap-southeast-1-581603780057-acd24e232f75f09e/ACCOMMODATION/195819987_ACCOMMODATION_1629175511316_110596de90e8067b?_src=imagekit&tr=c-at_max,h-100,q-40,w-100",,,,,,,,,,,,,,,,,,
https://www.traveloka.com/id-id/user/review/consumption/HOTEL/GENERAL/3000020009559,4,40,Sangat menyenangkan. Tempat bersih dan nyaman. Nanti pasti kesini lagi,Diulas 247 minggu lalu,"https://ik.imagekit.io/tvlk/ugc-review/guys1L+Yyer9kzI3sp-pb0CG1j2bhflZGFUZOoIf1YOBAm37kEUOKR41ieUZm7ZJ/ugc-photo-ap-southeast-1-581603780057-acd24e232f75f09e/ACCOMMODATION/111139183_ACCOMMODATION_1629036471358_39af570845f2b33a?_src=imagekit&tr=c-at_max,h-100,q-40,w-100","https://ik.imagekit.io/tvlk/ugc-review/guys1L+Yyer9kzI3sp-pb0CG1j2bhflZGFUZOoIf1YOBAm37kEUOKR41ieUZm7ZJ/ugc-photo-ap-southeast-1-581603780057-acd24e232f75f09e/ACCOMMODATION/111139183_ACCOMMODATION_1629036471358_5c3564938fd40ad4?_src=imagekit&tr=c-at_max,h-100,q-40,w-100",,,,,,,,,,,,,,,,,,
https://www.traveloka.com/id-id/user/review/consumption/HOTEL/GENERAL/3000020009559,5,1,"Saya sangat senang dengan pelayanan, kebersihan nya. Namun saya mendapat ruangan yang AC tidak berfungsi dan membuat kamar menjadi panas, itu aja masukan nya. Terima kasih🙏",Diulas 249 minggu lalu,"https://ik.imagekit.io/tvlk/ugc-review/guys1L+Yyer9kzI3sp-pb0CG1j2bhflZGFUZOoIf1YOBAm37kEUOKR41ieUZm7ZJ/ugc-photo-ap-southeast-1-581603780057-acd24e232f75f09e/ACCOMMODATION/179894216_ACCOMMODATION_1627813812765_cfac5f706f21e242?_src=imagekit&tr=c-at_max,h-100,q-40,w-100",,,,,,,,,,,,,,,,,,,
https://www.traveloka.com/id-id/user/review/consumption/HOTEL/GENERAL/3000020009559,5,2,"Pokoknya puas nginap di sini, akan di ulang kembali.",Diulas 250 minggu lalu,"https://ik.imagekit.io/tvlk/ugc-review/guys1L+Yyer9kzI3sp-pb0CG1j2bhflZGFUZOoIf1YOBAm37kEUOKR41ieUZm7ZJ/ugc-photo-ap-southeast-1-581603780057-acd24e232f75f09e/ACCOMMODATION/28179142_ACCOMMODATION_1627105611018_e0405fa77bbeaf90?_src=imagekit&tr=c-at_max,h-100,q-40,w-100",,,,,,,,,,,,,,,,,,,
https://www.traveloka.com/id-id/user/review/consumption/HOTEL/GENERAL/3000020009559,5,3,"Sarapan enak, staff ramah, terima kasih.",Diulas 250 minggu lalu,"https://ik.imagekit.io/tvlk/ugc-review/guys1L+Yyer9kzI3sp-pb0CG1j2bhflZGFUZOoIf1YOBAm37kEUOKR41ieUZm7ZJ/ugc-photo-ap-southeast-1-581603780057-acd24e232f75f09e/ACCOMMODATION/12618987_ACCOMMODATION_1625400674841_782c600f701c65c4?_src=imagekit&tr=c-at_max,h-100,q-40,w-100",,,,,,,,,,,,,,,,,,,
https://www.traveloka.com/id-id/user/review/consumption/HOTEL/GENERAL/3000020009559,5,4,Kamarnya nyaman dan bersih. Pelayanan stafnya juga baik. Lokasinya strategis. Overall sangat menyenangkan menginap di sini.,Diulas 252 minggu lalu,"https://ik.imagekit.io/tvlk/ugc-review/guys1L+Yyer9kzI3sp-pb0CG1j2bhflZGFUZOoIf1YOBAm37kEUOKR41ieUZm7ZJ/ugc-photo-ap-southeast-1-581603780057-acd24e232f75f09e/ACCOMMODATION/38368637_ACCOMMODATION_1625961114400_ce98f1db0bb1a5ad?_src=imagekit&tr=c-at_max,h-100,q-40,w-100","https://ik.imagekit.io/tvlk/ugc-review/guys1L+Yyer9kzI3sp-pb0CG1j2bhflZGFUZOoIf1YOBAm37kEUOKR41ieUZm7ZJ/ugc-photo-ap-southeast-1-581603780057-acd24e232f75f09e/ACCOMMODATION/38368637_ACCOMMODATION_1625961114400_79a41eec2aec1331?_src=imagekit&tr=c-at_max,h-100,q-40,w-100","https://ik.imagekit.io/tvlk/ugc-review/guys1L+Yyer9kzI3sp-pb0CG1j2bhflZGFUZOoIf1YOBAm37kEUOKR41ieUZm7ZJ/ugc-photo-ap-southeast-1-581603780057-acd24e232f75f09e/ACCOMMODATION/38368637_ACCOMMODATION_1625961114400_d4087121cdec9aa8?_src=imagekit&tr=c-at_max,h-100,q-40,w-100","https://ik.imagekit.io/tvlk/ugc-review/guys1L+Yyer9kzI3sp-pb0CG1j2bhflZGFUZOoIf1YOBAm37kEUOKR41ieUZm7ZJ/ugc-photo-ap-southeast-1-581603780057-acd24e232f75f09e/ACCOMMODATION/38368637_ACCOMMODATION_1625961114400_e4864fe2e85db718?_src=imagekit&tr=c-at_max,h-100,q-40,w-100",,,,,,,,,,,,,,,,
https://www.traveloka.com/id-id/user/review/consumption/HOTEL/GENERAL/3000020009559,5,5,"Kebersihan terjaga kecuali gorden yang sudah agak kotor, pelayanan dari staff ramah dan membantu. Wifi ngebut bisa dipake buat streaming/kerja. Minusnya cuma persoalan kamar kami di lantai 8 banyak suara-suara entah apa dan entah dari mana. Kaya ada suara getaran hp dalam kamar pagi siang sore malam, suara gerakan barang, dan lain-lain. Gak merasa seram cuma keganggu aja.",Diulas 253 minggu lalu,"https://ik.imagekit.io/tvlk/ugc-review/guys1L+Yyer9kzI3sp-pb0CG1j2bhflZGFUZOoIf1YOBAm37kEUOKR41ieUZm7ZJ/ugc-photo-ap-southeast-1-581603780057-acd24e232f75f09e/ACCOMMODATION/44755152_ACCOMMODATION_1625324881110_3fe75f91a4efd2b5?_src=imagekit&tr=c-at_max,h-100,q-40,w-100","https://ik.imagekit.io/tvlk/ugc-review/guys1L+Yyer9kzI3sp-pb0CG1j2bhflZGFUZOoIf1YOBAm37kEUOKR41ieUZm7ZJ/ugc-photo-ap-southeast-1-581603780057-acd24e232f75f09e/ACCOMMODATION/44755152_ACCOMMODATION_1625324881111_d9cad9ded51068fa?_src=imagekit&tr=c-at_max,h-100,q-40,w-100",,,,,,,,,,,,,,,,,,
https://www.traveloka.com/id-id/user/review/consumption/HOTEL/GENERAL/3000020009559,5,6,Luas nyaman enak deh pokonya.,Diulas 255 minggu lalu,"https://ik.imagekit.io/tvlk/ugc-review/guys1L+Yyer9kzI3sp-pb0CG1j2bhflZGFUZOoIf1YOBAm37kEUOKR41ieUZm7ZJ/ugc-photo-ap-southeast-1-581603780057-acd24e232f75f09e/ACCOMMODATION/23521155_ACCOMMODATION_1623994153446_7874f8fd0900fb61?_src=imagekit&tr=c-at_max,h-100,q-40,w-100",,,,,,,,,,,,,,,,,,,
https://www.traveloka.com/id-id/user/review/consumption/HOTEL/GENERAL/3000020009559,5,7,"Oke sih, Tapi ga ada lemari pendingin.",Diulas 256 minggu lalu,"https://ik.imagekit.io/tvlk/ugc-review/guys1L+Yyer9kzI3sp-pb0CG1j2bhflZGFUZOoIf1YOBAm37kEUOKR41ieUZm7ZJ/ugc-photo-ap-southeast-1-581603780057-acd24e232f75f09e/ACCOMMODATION/89959735_ACCOMMODATION_1623597338738_a73c0ce67289d605?_src=imagekit&tr=c-at_max,h-100,q-40,w-100",,,,,,,,,,,,,,,,,,,
https://www.traveloka.com/id-id/user/review/consumption/HOTEL/GENERAL/3000020009559,5,8,"Hotel bergabung dengan mall cukup menyenangkan. Tapi kesulitan parkir jika keluar dari mall dan kembali untuk parkir sebab penuh dengan pengunjung mall (tidak ada space parkir khusus tamu hotel). Makan restoran rasanya enak. Tapi berbanding terbalik ketika breakfast (main course rasa plain dari kwetiau, ayam, sayur). Untuk variasi stall diakui cukup banyak dan rasa cukup enak seperti seblak, bubur ayam, nasi gurih, masak usus, tumis kangkung, dan lain-lain. Untuk kamar sendiri cukup luas. Terdapat sofa/kursi panjang tapi terlalu banyak noda terlihat tidak bersih dan cukup keraguan untuk di duduki. Selimut terdapat banyak noda (terima kasih bisa langsung di ganti oleh staff nya). Perlengkapan cukup minim karena sesuai disesuaikan dengan permintaan. Kelebihan dari semuanya adalah akses ke mall dan staff ramah maupun membantu.",Diulas 256 minggu lalu,"https://ik.imagekit.io/tvlk/ugc-review/guys1L+Yyer9kzI3sp-pb0CG1j2bhflZGFUZOoIf1YOBAm37kEUOKR41ieUZm7ZJ/ugc-photo-ap-southeast-1-581603780057-acd24e232f75f09e/ACCOMMODATION/44605671_ACCOMMODATION_1623555223313_adf769d44558ed05?_src=imagekit&tr=c-at_max,h-80,q-40,w-80","https://ik.imagekit.io/tvlk/ugc-review/guys1L+Yyer9kzI3sp-pb0CG1j2bhflZGFUZOoIf1YOBAm37kEUOKR41ieUZm7ZJ/ugc-photo-ap-southeast-1-581603780057-acd24e232f75f09e/ACCOMMODATION/44605671_ACCOMMODATION_1623555223313_bd19aa181e398e27?_src=imagekit&tr=c-at_max,h-80,q-40,w-80","https://ik.imagekit.io/tvlk/ugc-review/guys1L+Yyer9kzI3sp-pb0CG1j2bhflZGFUZOoIf1YOBAm37kEUOKR41ieUZm7ZJ/ugc-photo-ap-southeast-1-581603780057-acd24e232f75f09e/ACCOMMODATION/44605671_ACCOMMODATION_1623555223313_471e766b3ef2eb2d?_src=imagekit&tr=c-at_max,h-80,q-40,w-80","https://ik.imagekit.io/tvlk/ugc-review/guys1L+Yyer9kzI3sp-pb0CG1j2bhflZGFUZOoIf1YOBAm37kEUOKR41ieUZm7ZJ/ugc-photo-ap-southeast-1-581603780057-acd24e232f75f09e/ACCOMMODATION/44605671_ACCOMMODATION_1623555223314_cb075609eb077881?_src=imagekit&tr=c-at_max,h-80,q-40,w-80","https://ik.imagekit.io/tvlk/ugc-review/guys1L+Yyer9kzI3sp-pb0CG1j2bhflZGFUZOoIf1YOBAm37kEUOKR41ieUZm7ZJ/ugc-photo-ap-southeast-1-581603780057-acd24e232f75f09e/ACCOMMODATION/44605671_ACCOMMODATION_1623555223314_7c8f7a8bee2b600a?_src=imagekit&tr=c-at_max,h-80,q-40,w-80","https://ik.imagekit.io/tvlk/ugc-review/guys1L+Yyer9kzI3sp-pb0CG1j2bhflZGFUZOoIf1YOBAm37kEUOKR41ieUZm7ZJ/ugc-photo-ap-southeast-1-581603780057-acd24e232f75f09e/ACCOMMODATION/44605671_ACCOMMODATION_1623555223314_2a5c9b0df6d963c1?_src=imagekit&tr=c-at_max,h-80,q-40,w-80","https://ik.imagekit.io/tvlk/ugc-review/guys1L+Yyer9kzI3sp-pb0CG1j2bhflZGFUZOoIf1YOBAm37kEUOKR41ieUZm7ZJ/ugc-photo-ap-southeast-1-581603780057-acd24e232f75f09e/ACCOMMODATION/44605671_ACCOMMODATION_1623555223315_659d8ff7124175eb?_src=imagekit&tr=c-at_max,h-80,q-40,w-80","https://ik.imagekit.io/tvlk/ugc-review/guys1L+Yyer9kzI3sp-pb0CG1j2bhflZGFUZOoIf1YOBAm37kEUOKR41ieUZm7ZJ/ugc-photo-ap-southeast-1-581603780057-acd24e232f75f09e/ACCOMMODATION/44605671_ACCOMMODATION_1623555223315_5e9bf580c6ee71e7?_src=imagekit&tr=c-at_max,h-80,q-40,w-80","https://ik.imagekit.io/tvlk/ugc-review/guys1L+Yyer9kzI3sp-pb0CG1j2bhflZGFUZOoIf1YOBAm37kEUOKR41ieUZm7ZJ/ugc-photo-ap-southeast-1-581603780057-acd24e232f75f09e/ACCOMMODATION/44605671_ACCOMMODATION_1623555223315_85ce84e55d166322?_src=imagekit&tr=c-at_max,h-80,q-40,w-80",,,,,,,,,,,
https://www.traveloka.com/id-id/user/review/consumption/HOTEL/GENERAL/3000020009559,5,9,"Kamar bersih, pelayanan ramah, jadi satu dengan mall, dekat kemana-mana.",Diulas 257 minggu lalu,"https://ik.imagekit.io/tvlk/ugc-review/guys1L+Yyer9kzI3sp-pb0CG1j2bhflZGFUZOoIf1YOBAm37kEUOKR41ieUZm7ZJ/ugc-photo-ap-southeast-1-581603780057-acd24e232f75f09e/ACCOMMODATION/6547609_ACCOMMODATION_1622786549157_32f03668d2c3c4e8?_src=imagekit&tr=c-at_max,h-100,q-40,w-100",,,,,,,,,,,,,,,,,,,
https://www.traveloka.com/id-id/user/review/consumption/HOTEL/GENERAL/3000020009559,5,10,Sesuai request minta high floor dan best view from my room dan proses check-in mudah dan bisa early check-in | thank you. 🙏🏼,Diulas 257 minggu lalu,"https://ik.imagekit.io/tvlk/ugc-review/guys1L+Yyer9kzI3sp-pb0CG1j2bhflZGFUZOoIf1YOBAm37kEUOKR41ieUZm7ZJ/ugc-photo-ap-southeast-1-581603780057-acd24e232f75f09e/ACCOMMODATION/164174913_ACCOMMODATION_1622684313440_d182252f8ee08a84?_src=imagekit&tr=c-at_max,h-100,q-40,w-100","https://ik.imagekit.io/tvlk/ugc-review/guys1L+Yyer9kzI3sp-pb0CG1j2bhflZGFUZOoIf1YOBAm37kEUOKR41ieUZm7ZJ/ugc-photo-ap-southeast-1-581603780057-acd24e232f75f09e/ACCOMMODATION/164174913_ACCOMMODATION_1622684313440_79ec19a122994c94?_src=imagekit&tr=c-at_max,h-100,q-40,w-100",,,,,,,,,,,,,,,,,,
https://www.traveloka.com/id-id/user/review/consumption/HOTEL/GENERAL/3000020009559,5,11,"Ini sudah ke4 kalinya stay di sini. Tapi ini yang paling kurang memuaskan. Karena hairdryer susah banget di pinjam (terbatas), exhaust kamar smoking kurang menyedot sehingga kamar bau sekali, jendela kamar juga berbeda dari saat tahun 2018 saya menginap (jendela terhalang stiker sehingga pemandangan terhalang), namun service & staff ramah semua. Minta ganti kamar ke yang tidak terhalang stiker di perbolehkan walau nunggu lama, pelayanan juga baik.",Diulas 258 minggu lalu,"https://ik.imagekit.io/tvlk/ugc-review/guys1L+Yyer9kzI3sp-pb0CG1j2bhflZGFUZOoIf1YOBAm37kEUOKR41ieUZm7ZJ/ugc-photo-ap-southeast-1-581603780057-acd24e232f75f09e/ACCOMMODATION/6382470_ACCOMMODATION_1622406680050_cd7edb9eee82a1f0?_src=imagekit&tr=c-at_max,h-100,q-40,w-100",,,,,,,,,,,,,,,,,,,
https://www.traveloka.com/id-id/user/review/consumption/HOTEL/GENERAL/3000020009559,5,12,Diluar ekspektasi. Kamarnya juga enak. All is good 🥰,Diulas 258 minggu lalu,"https://ik.imagekit.io/tvlk/ugc-review/guys1L+Yyer9kzI3sp-pb0CG1j2bhflZGFUZOoIf1YOBAm37kEUOKR41ieUZm7ZJ/ugc-photo-ap-southeast-1-581603780057-acd24e232f75f09e/ACCOMMODATION/12809446_ACCOMMODATION_1622187615488_feeecc2c7da8be42?_src=imagekit&tr=c-at_max,h-100,q-40,w-100","https://ik.imagekit.io/tvlk/ugc-review/guys1L+Yyer9kzI3sp-pb0CG1j2bhflZGFUZOoIf1YOBAm37kEUOKR41ieUZm7ZJ/ugc-photo-ap-southeast-1-581603780057-acd24e232f75f09e/ACCOMMODATION/12809446_ACCOMMODATION_1622187615489_a84dcbe6df69cbeb?_src=imagekit&tr=c-at_max,h-100,q-40,w-100","https://ik.imagekit.io/tvlk/ugc-review/guys1L+Yyer9kzI3sp-pb0CG1j2bhflZGFUZOoIf1YOBAm37kEUOKR41ieUZm7ZJ/ugc-photo-ap-southeast-1-581603780057-acd24e232f75f09e/ACCOMMODATION/12809446_ACCOMMODATION_1622187615489_f73f9c0db74f4986?_src=imagekit&tr=c-at_max,h-100,q-40,w-100","https://ik.imagekit.io/tvlk/ugc-review/guys1L+Yyer9kzI3sp-pb0CG1j2bhflZGFUZOoIf1YOBAm37kEUOKR41ieUZm7ZJ/ugc-photo-ap-southeast-1-581603780057-acd24e232f75f09e/ACCOMMODATION/12809446_ACCOMMODATION_1622187615489_b779d87ed96fa45d?_src=imagekit&tr=c-at_max,h-100,q-40,w-100","https://ik.imagekit.io/tvlk/ugc-review/guys1L+Yyer9kzI3sp-pb0CG1j2bhflZGFUZOoIf1YOBAm37kEUOKR41ieUZm7ZJ/ugc-photo-ap-southeast-1-581603780057-acd24e232f75f09e/ACCOMMODATION/12809446_ACCOMMODATION_1622187615489_4c322175e4047c01?_src=imagekit&tr=c-at_max,h-100,q-40,w-100","https://ik.imagekit.io/tvlk/ugc-review/guys1L+Yyer9kzI3sp-pb0CG1j2bhflZGFUZOoIf1YOBAm37kEUOKR41ieUZm7ZJ/ugc-photo-ap-southeast-1-581603780057-acd24e232f75f09e/ACCOMMODATION/12809446_ACCOMMODATION_1622187615490_ea7b44a0bbe49c0e?_src=imagekit&tr=c-at_max,h-100,q-40,w-100",,,,,,,,,,,,,,
https://www.traveloka.com/id-id/user/review/consumption/HOTEL/GENERAL/3000020009559,5,13,tempat yang bagus untuk staycation setelah Lebaran ... 👍🥰,Diulas 260 minggu lalu,"https://ik.imagekit.io/tvlk/ugc-review/guys1L+Yyer9kzI3sp-pb0CG1j2bhflZGFUZOoIf1YOBAm37kEUOKR41ieUZm7ZJ/ugc-photo-ap-southeast-1-581603780057-acd24e232f75f09e/ACCOMMODATION/16307590_ACCOMMODATION_1621170882209_d69d4d913f88a918?_src=imagekit&tr=c-at_max,h-100,q-40,w-100","https://ik.imagekit.io/tvlk/ugc-review/guys1L+Yyer9kzI3sp-pb0CG1j2bhflZGFUZOoIf1YOBAm37kEUOKR41ieUZm7ZJ/ugc-photo-ap-southeast-1-581603780057-acd24e232f75f09e/ACCOMMODATION/16307590_ACCOMMODATION_1621170882209_65037871033e371e?_src=imagekit&tr=c-at_max,h-100,q-40,w-100","https://ik.imagekit.io/tvlk/ugc-review/guys1L+Yyer9kzI3sp-pb0CG1j2bhflZGFUZOoIf1YOBAm37kEUOKR41ieUZm7ZJ/ugc-photo-ap-southeast-1-581603780057-acd24e232f75f09e/ACCOMMODATION/16307590_ACCOMMODATION_1621170882209_4723694a932d4033?_src=imagekit&tr=c-at_max,h-100,q-40,w-100","https://ik.imagekit.io/tvlk/ugc-review/guys1L+Yyer9kzI3sp-pb0CG1j2bhflZGFUZOoIf1YOBAm37kEUOKR41ieUZm7ZJ/ugc-photo-ap-southeast-1-581603780057-acd24e232f75f09e/ACCOMMODATION/16307590_ACCOMMODATION_1621170882209_c270cb2740b596f2?_src=imagekit&tr=c-at_max,h-100,q-40,w-100",,,,,,,,,,,,,,,,
https://www.traveloka.com/id-id/user/review/consumption/HOTEL/GENERAL/3000020009559,5,14,"Hotel ini cocok untuk yg suka belanja krn terhubung langsung dgn 23 Paskal. Turun hotel langsung dsapa dgn ramai nya Mall. Ga ribet cari makan. Nyaman buat keluarga, ada sofa panjang, fasilitas lengkap.",Diulas 264 minggu lalu,"https://ik.imagekit.io/tvlk/ugc-review/guys1L+Yyer9kzI3sp-pb0CG1j2bhflZGFUZOoIf1YOBAm37kEUOKR41ieUZm7ZJ/ugc-photo-ap-southeast-1-581603780057-acd24e232f75f09e/ACCOMMODATION/28183737_ACCOMMODATION_1618387592539_0ef60045bb757ef0?_src=imagekit&tr=c-at_max,h-100,q-40,w-100","https://ik.imagekit.io/tvlk/ugc-review/guys1L+Yyer9kzI3sp-pb0CG1j2bhflZGFUZOoIf1YOBAm37kEUOKR41ieUZm7ZJ/ugc-photo-ap-southeast-1-581603780057-acd24e232f75f09e/ACCOMMODATION/28183737_ACCOMMODATION_1618387592540_86e69553b76b7bd0?_src=imagekit&tr=c-at_max,h-100,q-40,w-100",,,,,,,,,,,,,,,,,,
https://www.traveloka.com/id-id/user/review/consumption/HOTEL/GENERAL/3000020009559,5,15,"Puas banget sih menginap disini, plus d bawah langsung ke mall paskal. bersih Wangi, air panas nya nyala, pelayan nya ramah2.. cuma kalau bawa toddler menginap nya kudu kamar yg lebih gede.. ,kolam renang juga bersih ada buat anak-anak juga. terimakasih buat Traveloka dan yello hotel.",Diulas 265 minggu lalu,"https://ik.imagekit.io/tvlk/ugc-review/guys1L+Yyer9kzI3sp-pb0CG1j2bhflZGFUZOoIf1YOBAm37kEUOKR41ieUZm7ZJ/ugc-photo-ap-southeast-1-581603780057-acd24e232f75f09e/ACCOMMODATION/10693602_ACCOMMODATION_1617783214209_61fe70b7eee7b9ac?_src=imagekit&tr=c-at_max,h-100,q-40,w-100","https://ik.imagekit.io/tvlk/ugc-review/guys1L+Yyer9kzI3sp-pb0CG1j2bhflZGFUZOoIf1YOBAm37kEUOKR41ieUZm7ZJ/ugc-photo-ap-southeast-1-581603780057-acd24e232f75f09e/ACCOMMODATION/10693602_ACCOMMODATION_1617783214210_2d32068f5d757004?_src=imagekit&tr=c-at_max,h-100,q-40,w-100","https://ik.imagekit.io/tvlk/ugc-review/guys1L+Yyer9kzI3sp-pb0CG1j2bhflZGFUZOoIf1YOBAm37kEUOKR41ieUZm7ZJ/ugc-photo-ap-southeast-1-581603780057-acd24e232f75f09e/ACCOMMODATION/10693602_ACCOMMODATION_1617783214210_1d702008cb9b4f0b?_src=imagekit&tr=c-at_max,h-100,q-40,w-100","https://ik.imagekit.io/tvlk/ugc-review/guys1L+Yyer9kzI3sp-pb0CG1j2bhflZGFUZOoIf1YOBAm37kEUOKR41ieUZm7ZJ/ugc-photo-ap-southeast-1-581603780057-acd24e232f75f09e/ACCOMMODATION/10693602_ACCOMMODATION_1617783214210_9e652e5b27eadfef?_src=imagekit&tr=c-at_max,h-100,q-40,w-100","https://ik.imagekit.io/tvlk/ugc-review/guys1L+Yyer9kzI3sp-pb0CG1j2bhflZGFUZOoIf1YOBAm37kEUOKR41ieUZm7ZJ/ugc-photo-ap-southeast-1-581603780057-acd24e232f75f09e/ACCOMMODATION/10693602_ACCOMMODATION_1617783214210_f00862058c0ca21d?_src=imagekit&tr=c-at_max,h-100,q-40,w-100",,,,,,,,,,,,,,,
https://www.traveloka.com/id-id/user/review/consumption/HOTEL/GENERAL/3000020009559,5,16,"Benar-benar pilihan hotel yg tepat kalau mau staycation. Lokasinya di tengah kota dan jadi satu dengan Mall Paskal Hyper Square jadi enak kalau mau cari makanan, belanja atau sekedar jalan-jalan. Dekat juga dengan Paskal Food Market jadi malam hari tidak bingung cari makan apa. Harga terjakau dan kebersihannya juga oke banget. Walaupun kamar memang tidak luas, tapi nyaman dan cukup. Hanya saja parkir yg memang agak kurang, karena jadi satu dengan parkiran mall. Tapi all over memuaskan ! Thank you !",Diulas 266 minggu lalu,"https://ik.imagekit.io/tvlk/ugc-review/guys1L+Yyer9kzI3sp-pb0CG1j2bhflZGFUZOoIf1YOBAm37kEUOKR41ieUZm7ZJ/ugc-photo-ap-southeast-1-581603780057-acd24e232f75f09e/ACCOMMODATION/4959443_ACCOMMODATION_1617505145840_9281b88ac5f4a91f?_src=imagekit&tr=c-at_max,h-100,q-40,w-100","https://ik.imagekit.io/tvlk/ugc-review/guys1L+Yyer9kzI3sp-pb0CG1j2bhflZGFUZOoIf1YOBAm37kEUOKR41ieUZm7ZJ/ugc-photo-ap-southeast-1-581603780057-acd24e232f75f09e/ACCOMMODATION/4959443_ACCOMMODATION_1617505145840_da5e71580ca789ea?_src=imagekit&tr=c-at_max,h-100,q-40,w-100","https://ik.imagekit.io/tvlk/ugc-review/guys1L+Yyer9kzI3sp-pb0CG1j2bhflZGFUZOoIf1YOBAm37kEUOKR41ieUZm7ZJ/ugc-photo-ap-southeast-1-581603780057-acd24e232f75f09e/ACCOMMODATION/4959443_ACCOMMODATION_1617505145840_53ea1beb9d4663cb?_src=imagekit&tr=c-at_max,h-100,q-40,w-100","https://ik.imagekit.io/tvlk/ugc-review/guys1L+Yyer9kzI3sp-pb0CG1j2bhflZGFUZOoIf1YOBAm37kEUOKR41ieUZm7ZJ/ugc-photo-ap-southeast-1-581603780057-acd24e232f75f09e/ACCOMMODATION/4959443_ACCOMMODATION_1617505145840_b332136b493a1d44?_src=imagekit&tr=c-at_max,h-100,q-40,w-100","https://ik.imagekit.io/tvlk/ugc-review/guys1L+Yyer9kzI3sp-pb0CG1j2bhflZGFUZOoIf1YOBAm37kEUOKR41ieUZm7ZJ/ugc-photo-ap-southeast-1-581603780057-acd24e232f75f09e/ACCOMMODATION/4959443_ACCOMMODATION_1617505145840_db4ead85f0399609?_src=imagekit&tr=c-at_max,h-100,q-40,w-100",,,,,,,,,,,,,,,
https://www.traveloka.com/id-id/user/review/consumption/HOTEL/GENERAL/3000020009559,5,17,"Nyaman pake banget hotelnya, turun langsung akses ke mall 23 paskal, tapi wangi kamar nya kurang baik, semoga ke depannya ditingkatkan pengharum ruangan kamarnya.",Diulas 266 minggu lalu,"https://ik.imagekit.io/tvlk/ugc-review/guys1L+Yyer9kzI3sp-pb0CG1j2bhflZGFUZOoIf1YOBAm37kEUOKR41ieUZm7ZJ/ugc-photo-ap-southeast-1-581603780057-acd24e232f75f09e/ACCOMMODATION/142595802_ACCOMMODATION_1617246429237_40264ed10cf59757?_src=imagekit&tr=c-at_max,h-100,q-40,w-100","https://ik.imagekit.io/tvlk/ugc-review/guys1L+Yyer9kzI3sp-pb0CG1j2bhflZGFUZOoIf1YOBAm37kEUOKR41ieUZm7ZJ/ugc-photo-ap-southeast-1-581603780057-acd24e232f75f09e/ACCOMMODATION/142595802_ACCOMMODATION_1617246429237_b32f4ffe9d13177e?_src=imagekit&tr=c-at_max,h-100,q-40,w-100","https://ik.imagekit.io/tvlk/ugc-review/guys1L+Yyer9kzI3sp-pb0CG1j2bhflZGFUZOoIf1YOBAm37kEUOKR41ieUZm7ZJ/ugc-photo-ap-southeast-1-581603780057-acd24e232f75f09e/ACCOMMODATION/142595802_ACCOMMODATION_1617246429238_545fd800c4072e2c?_src=imagekit&tr=c-at_max,h-100,q-40,w-100",,,,,,,,,,,,,,,,,
https://www.traveloka.com/id-id/user/review/consumption/HOTEL/GENERAL/3000020009559,5,18,"Tempat nyaman, gedung menyatu dengan mall paskal 23. Keseluruhan baik, tapi disayangkan untuk akses parkir mobil ke basement waktu tengah malam ditutup, mobil jadi parkir di ruangan terbuka.",Diulas 267 minggu lalu,"https://ik.imagekit.io/tvlk/ugc-review/guys1L+Yyer9kzI3sp-pb0CG1j2bhflZGFUZOoIf1YOBAm37kEUOKR41ieUZm7ZJ/ugc-photo-ap-southeast-1-581603780057-acd24e232f75f09e/ACCOMMODATION/46417225_ACCOMMODATION_1617016403717_03ca4e62a7d97a77?_src=imagekit&tr=c-at_max,h-100,q-40,w-100","https://ik.imagekit.io/tvlk/ugc-review/guys1L+Yyer9kzI3sp-pb0CG1j2bhflZGFUZOoIf1YOBAm37kEUOKR41ieUZm7ZJ/ugc-photo-ap-southeast-1-581603780057-acd24e232f75f09e/ACCOMMODATION/46417225_ACCOMMODATION_1617016403717_3e83163c14ffdc84?_src=imagekit&tr=c-at_max,h-100,q-40,w-100",,,,,,,,,,,,,,,,,,
https://www.traveloka.com/id-id/user/review/consumption/HOTEL/GENERAL/3000020009559,5,19,Rekomendasi untuk yg ingin staycation atau berlibur dibandung,Diulas 267 minggu lalu,"https://ik.imagekit.io/tvlk/ugc-review/guys1L+Yyer9kzI3sp-pb0CG1j2bhflZGFUZOoIf1YOBAm37kEUOKR41ieUZm7ZJ/ugc-photo-ap-southeast-1-581603780057-acd24e232f75f09e/ACCOMMODATION/183427001_ACCOMMODATION_1616745847954_275ea4f6094137ea?_src=imagekit&tr=c-at_max,h-100,q-40,w-100","https://ik.imagekit.io/tvlk/ugc-review/guys1L+Yyer9kzI3sp-pb0CG1j2bhflZGFUZOoIf1YOBAm37kEUOKR41ieUZm7ZJ/ugc-photo-ap-southeast-1-581603780057-acd24e232f75f09e/ACCOMMODATION/183427001_ACCOMMODATION_1616745847957_572ca03490ca96a9?_src=imagekit&tr=c-at_max,h-100,q-40,w-100","https://ik.imagekit.io/tvlk/ugc-review/guys1L+Yyer9kzI3sp-pb0CG1j2bhflZGFUZOoIf1YOBAm37kEUOKR41ieUZm7ZJ/ugc-photo-ap-southeast-1-581603780057-acd24e232f75f09e/ACCOMMODATION/183427001_ACCOMMODATION_1616745847958_341a17947074b1af?_src=imagekit&tr=c-at_max,h-100,q-40,w-100",,,,,,,,,,,,,,,,,
https://www.traveloka.com/id-id/user/review/consumption/HOTEL/GENERAL/3000020009559,5,20,"Hhmm saya kecewa dengan rasa makanan di restaurant, baik hidangan breakfast maupun makanan yang saya pesan lainnya. Kemudian mengenai pramusaji di restaurant, dua malam saya disini, setiap breakfast pramusaji jam 06.00 hanya 1 orang. WHF semua kah ? Pramusaji terlihat baru berdatangan pada pukul 06.45. Usul saya pengaturan WFH disesuaikan dengan hari (weekend / weekday) Soal rasa, saya pikir pasti bisa lebih enak ;(",Diulas 271 minggu lalu,"https://ik.imagekit.io/tvlk/ugc-review/guys1L+Yyer9kzI3sp-pb0CG1j2bhflZGFUZOoIf1YOBAm37kEUOKR41ieUZm7ZJ/ugc-photo-ap-southeast-1-581603780057-acd24e232f75f09e/ACCOMMODATION/4426041_ACCOMMODATION_1614555925782_f56e77a04c0a45e0?_src=imagekit&tr=c-at_max,h-100,q-40,w-100",,,,,,,,,,,,,,,,,,,
https://www.traveloka.com/id-id/user/review/consumption/HOTEL/GENERAL/3000020009559,5,21,Menginap di Yello hanya untuk transit. Yang terbaik adalah: - Lokasi bagus di dalam mal paskal - Sarapan prasmanan Rp 80 k bagus - Staf yang ramah,Diulas 272 minggu lalu,"https://ik.imagekit.io/tvlk/ugc-review/guys1L+Yyer9kzI3sp-pb0CG1j2bhflZGFUZOoIf1YOBAm37kEUOKR41ieUZm7ZJ/ugc-photo-ap-southeast-1-581603780057-acd24e232f75f09e/ACCOMMODATION/6831517_ACCOMMODATION_1613912803122_e35454ce796d1f88?_src=imagekit&tr=c-at_max,h-100,q-40,w-100","https://ik.imagekit.io/tvlk/ugc-review/guys1L+Yyer9kzI3sp-pb0CG1j2bhflZGFUZOoIf1YOBAm37kEUOKR41ieUZm7ZJ/ugc-photo-ap-southeast-1-581603780057-acd24e232f75f09e/ACCOMMODATION/6831517_ACCOMMODATION_1613912803122_7ee772be2df73ba5?_src=imagekit&tr=c-at_max,h-100,q-40,w-100","https://ik.imagekit.io/tvlk/ugc-review/guys1L+Yyer9kzI3sp-pb0CG1j2bhflZGFUZOoIf1YOBAm37kEUOKR41ieUZm7ZJ/ugc-photo-ap-southeast-1-581603780057-acd24e232f75f09e/ACCOMMODATION/6831517_ACCOMMODATION_1613912803122_856c9fc024464c6d?_src=imagekit&tr=c-at_max,h-100,q-40,w-100","https://ik.imagekit.io/tvlk/ugc-review/guys1L+Yyer9kzI3sp-pb0CG1j2bhflZGFUZOoIf1YOBAm37kEUOKR41ieUZm7ZJ/ugc-photo-ap-southeast-1-581603780057-acd24e232f75f09e/ACCOMMODATION/6831517_ACCOMMODATION_1613912803122_6e90032d82479ede?_src=imagekit&tr=c-at_max,h-100,q-40,w-100","https://ik.imagekit.io/tvlk/ugc-review/guys1L+Yyer9kzI3sp-pb0CG1j2bhflZGFUZOoIf1YOBAm37kEUOKR41ieUZm7ZJ/ugc-photo-ap-southeast-1-581603780057-acd24e232f75f09e/ACCOMMODATION/6831517_ACCOMMODATION_1613912803123_f0347116c04ce7de?_src=imagekit&tr=c-at_max,h-100,q-40,w-100",,,,,,,,,,,,,,,
https://www.traveloka.com/id-id/user/review/consumption/HOTEL/GENERAL/3000020009559,5,22,"Salah satu hotel recommended nih di bandung, kalau ke bandung bakal balik lagi, tempatnya bagus banyak spot photo dan super bersih, karyawannya ramah-ramah banget dan pas kesana lagi bday ehh dapat kejutan bday di kamar akh thank you yello hotel paskal 😍🥰",Diulas 272 minggu lalu,"https://ik.imagekit.io/tvlk/ugc-review/guys1L+Yyer9kzI3sp-pb0CG1j2bhflZGFUZOoIf1YOBAm37kEUOKR41ieUZm7ZJ/ugc-photo-ap-southeast-1-581603780057-acd24e232f75f09e/ACCOMMODATION/20306003_ACCOMMODATION_1613578751221_caa3ee7b75883c68?_src=imagekit&tr=c-at_max,h-100,q-40,w-100","https://ik.imagekit.io/tvlk/ugc-review/guys1L+Yyer9kzI3sp-pb0CG1j2bhflZGFUZOoIf1YOBAm37kEUOKR41ieUZm7ZJ/ugc-photo-ap-southeast-1-581603780057-acd24e232f75f09e/ACCOMMODATION/20306003_ACCOMMODATION_1613578874426_41f12640e55ce72f?_src=imagekit&tr=c-at_max,h-100,q-40,w-100","https://ik.imagekit.io/tvlk/ugc-review/guys1L+Yyer9kzI3sp-pb0CG1j2bhflZGFUZOoIf1YOBAm37kEUOKR41ieUZm7ZJ/ugc-photo-ap-southeast-1-581603780057-acd24e232f75f09e/ACCOMMODATION/20306003_ACCOMMODATION_1613578985990_f98ac21efff1c6e6?_src=imagekit&tr=c-at_max,h-100,q-40,w-100","https://ik.imagekit.io/tvlk/ugc-review/guys1L+Yyer9kzI3sp-pb0CG1j2bhflZGFUZOoIf1YOBAm37kEUOKR41ieUZm7ZJ/ugc-photo-ap-southeast-1-581603780057-acd24e232f75f09e/ACCOMMODATION/20306003_ACCOMMODATION_1613578985991_49fb6f7660a6532c?_src=imagekit&tr=c-at_max,h-100,q-40,w-100",,,,,,,,,,,,,,,,
https://www.traveloka.com/id-id/user/review/consumption/HOTEL/GENERAL/3000020009559,5,23,proses cek in cepat.kamar bersih.hanya saja tidak ada tisu di kamar.untung selalu bawa di tas.sedikit miss komunikasi soal sarapan.waktu cek in.sdh di catat fo minta di antar jam 7.kenyataannya harus di tanyakan ke pihak fo.nunggu rada lama baru di antar.mudah2an ke depannya tidak ada miss komunikasi.byk spot untuk foto.kolam renang tidak ramai dan bersih,Diulas 279 minggu lalu,"https://ik.imagekit.io/tvlk/ugc-review/guys1L+Yyer9kzI3sp-pb0CG1j2bhflZGFUZOoIf1YOBAm37kEUOKR41ieUZm7ZJ/ugc-photo-ap-southeast-1-581603780057-acd24e232f75f09e/ACCOMMODATION/24287004_ACCOMMODATION_1609424731982_29ed677130580c09?_src=imagekit&tr=c-at_max,h-80,q-40,w-80","https://ik.imagekit.io/tvlk/ugc-review/guys1L+Yyer9kzI3sp-pb0CG1j2bhflZGFUZOoIf1YOBAm37kEUOKR41ieUZm7ZJ/ugc-photo-ap-southeast-1-581603780057-acd24e232f75f09e/ACCOMMODATION/24287004_ACCOMMODATION_1609424731982_3c5f993301bb15d2?_src=imagekit&tr=c-at_max,h-80,q-40,w-80","https://ik.imagekit.io/tvlk/ugc-review/guys1L+Yyer9kzI3sp-pb0CG1j2bhflZGFUZOoIf1YOBAm37kEUOKR41ieUZm7ZJ/ugc-photo-ap-southeast-1-581603780057-acd24e232f75f09e/ACCOMMODATION/24287004_ACCOMMODATION_1609424731982_68fe4d300fa0aaca?_src=imagekit&tr=c-at_max,h-80,q-40,w-80","https://ik.imagekit.io/tvlk/ugc-review/guys1L+Yyer9kzI3sp-pb0CG1j2bhflZGFUZOoIf1YOBAm37kEUOKR41ieUZm7ZJ/ugc-photo-ap-southeast-1-581603780057-acd24e232f75f09e/ACCOMMODATION/24287004_ACCOMMODATION_1609424731983_18cb1ae34b9f5cb3?_src=imagekit&tr=c-at_max,h-80,q-40,w-80","https://ik.imagekit.io/tvlk/ugc-review/guys1L+Yyer9kzI3sp-pb0CG1j2bhflZGFUZOoIf1YOBAm37kEUOKR41ieUZm7ZJ/ugc-photo-ap-southeast-1-581603780057-acd24e232f75f09e/ACCOMMODATION/24287004_ACCOMMODATION_1609424731983_05140320b224d3e6?_src=imagekit&tr=c-at_max,h-80,q-40,w-80","https://ik.imagekit.io/tvlk/ugc-review/guys1L+Yyer9kzI3sp-pb0CG1j2bhflZGFUZOoIf1YOBAm37kEUOKR41ieUZm7ZJ/ugc-photo-ap-southeast-1-581603780057-acd24e232f75f09e/ACCOMMODATION/24287004_ACCOMMODATION_1609424731983_c5c43827f25bac60?_src=imagekit&tr=c-at_max,h-80,q-40,w-80","https://ik.imagekit.io/tvlk/ugc-review/guys1L+Yyer9kzI3sp-pb0CG1j2bhflZGFUZOoIf1YOBAm37kEUOKR41ieUZm7ZJ/ugc-photo-ap-southeast-1-581603780057-acd24e232f75f09e/ACCOMMODATION/24287004_ACCOMMODATION_1609424731983_808cca6fd443b6b6?_src=imagekit&tr=c-at_max,h-80,q-40,w-80","https://ik.imagekit.io/tvlk/ugc-review/guys1L+Yyer9kzI3sp-pb0CG1j2bhflZGFUZOoIf1YOBAm37kEUOKR41ieUZm7ZJ/ugc-photo-ap-southeast-1-581603780057-acd24e232f75f09e/ACCOMMODATION/24287004_ACCOMMODATION_1609424731983_bd13deb0365e8736?_src=imagekit&tr=c-at_max,h-80,q-40,w-80","https://ik.imagekit.io/tvlk/ugc-review/guys1L+Yyer9kzI3sp-pb0CG1j2bhflZGFUZOoIf1YOBAm37kEUOKR41ieUZm7ZJ/ugc-photo-ap-southeast-1-581603780057-acd24e232f75f09e/ACCOMMODATION/24287004_ACCOMMODATION_1609424731983_b5f7b061d8f4323c?_src=imagekit&tr=c-at_max,h-80,q-40,w-80","https://ik.imagekit.io/tvlk/ugc-review/guys1L+Yyer9kzI3sp-pb0CG1j2bhflZGFUZOoIf1YOBAm37kEUOKR41ieUZm7ZJ/ugc-photo-ap-southeast-1-581603780057-acd24e232f75f09e/ACCOMMODATION/24287004_ACCOMMODATION_1609424731984_9a8ded1e736a54dc?_src=imagekit&tr=c-at_max,h-80,q-40,w-80",,,,,,,,,,
https://www.traveloka.com/id-id/user/review/consumption/HOTEL/GENERAL/3000020009559,5,24,"Karenanya bersih, nyaman, kolam renangnya juga cukup cozy. anak-anak suka menginap disini, point plusnya adalah 1 building dengan mal.",Diulas 280 minggu lalu,"https://ik.imagekit.io/tvlk/ugc-review/guys1L+Yyer9kzI3sp-pb0CG1j2bhflZGFUZOoIf1YOBAm37kEUOKR41ieUZm7ZJ/ugc-photo-ap-southeast-1-581603780057-acd24e232f75f09e/ACCOMMODATION/13226649_ACCOMMODATION_1609030895201_398fb6120bbd09db?_src=imagekit&tr=c-at_max,h-100,q-40,w-100",,,,,,,,,,,,,,,,,,,
https://www.traveloka.com/id-id/user/review/consumption/HOTEL/GENERAL/3000020009559,5,25,"Menginap 2 malam di hotel ini agak sedikit mengecewakan di bagian breakfast, dibandingkan hotel lain yang breakfastnya diantar dikamar, Di Yello Hotel porsi breakfast untuk 2 orang dewasa seperti untuk 1 orang dewasa, rasa makanannya juga terbilang kurang, Dan tidak bisa request tambah porsi untuk breakfast kalau mau tambah kena charge lagi, padahal ditempat lain tidak seperti itu, Intinya lebih baik pilih yang tanpa breakfast karena di sana dekat dengan pusat jajanan.",Diulas 280 minggu lalu,"https://ik.imagekit.io/tvlk/ugc-review/guys1L+Yyer9kzI3sp-pb0CG1j2bhflZGFUZOoIf1YOBAm37kEUOKR41ieUZm7ZJ/ugc-photo-ap-southeast-1-581603780057-acd24e232f75f09e/ACCOMMODATION/3993811_ACCOMMODATION_1608936039182_b032a4592bdc34e7?_src=imagekit&tr=c-at_max,h-100,q-40,w-100",,,,,,,,,,,,,,,,,,,
https://www.traveloka.com/id-id/user/review/consumption/HOTEL/GENERAL/3000020009559,5,26,"Puas, nyaman, bersih, variatif, akses ke mal mudah, akses makanan sangat variatif.",Diulas 281 minggu lalu,"https://ik.imagekit.io/tvlk/ugc-review/guys1L+Yyer9kzI3sp-pb0CG1j2bhflZGFUZOoIf1YOBAm37kEUOKR41ieUZm7ZJ/ugc-photo-ap-southeast-1-581603780057-acd24e232f75f09e/ACCOMMODATION/2271545_ACCOMMODATION_1608545096678_ea21c35532306d87?_src=imagekit&tr=c-at_max,h-100,q-40,w-100","https://ik.imagekit.io/tvlk/ugc-review/guys1L+Yyer9kzI3sp-pb0CG1j2bhflZGFUZOoIf1YOBAm37kEUOKR41ieUZm7ZJ/ugc-photo-ap-southeast-1-581603780057-acd24e232f75f09e/ACCOMMODATION/2271545_ACCOMMODATION_1608545096679_5165c24d6ca71b11?_src=imagekit&tr=c-at_max,h-100,q-40,w-100",,,,,,,,,,,,,,,,,,
https://www.traveloka.com/id-id/user/review/consumption/HOTEL/GENERAL/3000020009559,5,27,"pelayanan oke, dan saya suka banget yello hotel bersih banget sampai jendela pun tidak ada debu, rekomen deh dan makanan nya enak juga",Diulas 282 minggu lalu,"https://ik.imagekit.io/tvlk/ugc-review/guys1L+Yyer9kzI3sp-pb0CG1j2bhflZGFUZOoIf1YOBAm37kEUOKR41ieUZm7ZJ/ugc-photo-ap-southeast-1-581603780057-acd24e232f75f09e/ACCOMMODATION/177002458_ACCOMMODATION_1607897875689_5c93ce7a6c78db36?_src=imagekit&tr=c-at_max,h-100,q-40,w-100",,,,,,,,,,,,,,,,,,,
https://www.traveloka.com/id-id/user/review/consumption/HOTEL/GENERAL/3000020009559,5,28,"Suka banget menginap disini, posisinya ada disamping hotel paskal, kalau bosan bisa langsung cuss hotel buat sekedar makan atau belanja, Protokol amat sangat terjaga, pemandangan kamar bagus, pokoknya ketagihan deh staycation disini.",Diulas 282 minggu lalu,"https://ik.imagekit.io/tvlk/ugc-review/guys1L+Yyer9kzI3sp-pb0CG1j2bhflZGFUZOoIf1YOBAm37kEUOKR41ieUZm7ZJ/ugc-photo-ap-southeast-1-581603780057-acd24e232f75f09e/ACCOMMODATION/4310061_ACCOMMODATION_1607875188432_a341e153577cd2d8?_src=imagekit&tr=c-at_max,h-80,q-40,w-80","https://ik.imagekit.io/tvlk/ugc-review/guys1L+Yyer9kzI3sp-pb0CG1j2bhflZGFUZOoIf1YOBAm37kEUOKR41ieUZm7ZJ/ugc-photo-ap-southeast-1-581603780057-acd24e232f75f09e/ACCOMMODATION/4310061_ACCOMMODATION_1607875188433_e8369e2762bcb4fd?_src=imagekit&tr=c-at_max,h-80,q-40,w-80","https://ik.imagekit.io/tvlk/ugc-review/guys1L+Yyer9kzI3sp-pb0CG1j2bhflZGFUZOoIf1YOBAm37kEUOKR41ieUZm7ZJ/ugc-photo-ap-southeast-1-581603780057-acd24e232f75f09e/ACCOMMODATION/4310061_ACCOMMODATION_1607875188433_82d7ce0574c1d518?_src=imagekit&tr=c-at_max,h-80,q-40,w-80","https://ik.imagekit.io/tvlk/ugc-review/guys1L+Yyer9kzI3sp-pb0CG1j2bhflZGFUZOoIf1YOBAm37kEUOKR41ieUZm7ZJ/ugc-photo-ap-southeast-1-581603780057-acd24e232f75f09e/ACCOMMODATION/4310061_ACCOMMODATION_1607875188433_7767cd4ba3c4c83d?_src=imagekit&tr=c-at_max,h-80,q-40,w-80","https://ik.imagekit.io/tvlk/ugc-review/guys1L+Yyer9kzI3sp-pb0CG1j2bhflZGFUZOoIf1YOBAm37kEUOKR41ieUZm7ZJ/ugc-photo-ap-southeast-1-581603780057-acd24e232f75f09e/ACCOMMODATION/4310061_ACCOMMODATION_1607875188433_424e5b54aad87be2?_src=imagekit&tr=c-at_max,h-80,q-40,w-80","https://ik.imagekit.io/tvlk/ugc-review/guys1L+Yyer9kzI3sp-pb0CG1j2bhflZGFUZOoIf1YOBAm37kEUOKR41ieUZm7ZJ/ugc-photo-ap-southeast-1-581603780057-acd24e232f75f09e/ACCOMMODATION/4310061_ACCOMMODATION_1607875188433_6c53547fd00472f6?_src=imagekit&tr=c-at_max,h-80,q-40,w-80","https://ik.imagekit.io/tvlk/ugc-review/guys1L+Yyer9kzI3sp-pb0CG1j2bhflZGFUZOoIf1YOBAm37kEUOKR41ieUZm7ZJ/ugc-photo-ap-southeast-1-581603780057-acd24e232f75f09e/ACCOMMODATION/4310061_ACCOMMODATION_1607875188433_d8ec717ca9804e52?_src=imagekit&tr=c-at_max,h-80,q-40,w-80","https://ik.imagekit.io/tvlk/ugc-review/guys1L+Yyer9kzI3sp-pb0CG1j2bhflZGFUZOoIf1YOBAm37kEUOKR41ieUZm7ZJ/ugc-photo-ap-southeast-1-581603780057-acd24e232f75f09e/ACCOMMODATION/4310061_ACCOMMODATION_1607875188434_38b89c03e89c62e1?_src=imagekit&tr=c-at_max,h-80,q-40,w-80","https://ik.imagekit.io/tvlk/ugc-review/guys1L+Yyer9kzI3sp-pb0CG1j2bhflZGFUZOoIf1YOBAm37kEUOKR41ieUZm7ZJ/ugc-photo-ap-southeast-1-581603780057-acd24e232f75f09e/ACCOMMODATION/4310061_ACCOMMODATION_1607875188434_6b50d461d5828aac?_src=imagekit&tr=c-at_max,h-80,q-40,w-80","https://ik.imagekit.io/tvlk/ugc-review/guys1L+Yyer9kzI3sp-pb0CG1j2bhflZGFUZOoIf1YOBAm37kEUOKR41ieUZm7ZJ/ugc-photo-ap-southeast-1-581603780057-acd24e232f75f09e/ACCOMMODATION/4310061_ACCOMMODATION_1607875188434_000c960b420d8913?_src=imagekit&tr=c-at_max,h-80,q-40,w-80",,,,,,,,,,
https://www.traveloka.com/id-id/user/review/consumption/HOTEL/GENERAL/3000020009559,5,29,"Clean hotel, nyaman, kamar luas ada sofanya juga, WiFi kencang, kolam keren, pemandangan kece, puas menginap di sini.",Diulas 282 minggu lalu,"https://ik.imagekit.io/tvlk/ugc-review/guys1L+Yyer9kzI3sp-pb0CG1j2bhflZGFUZOoIf1YOBAm37kEUOKR41ieUZm7ZJ/ugc-photo-ap-southeast-1-581603780057-acd24e232f75f09e/ACCOMMODATION/7158021_ACCOMMODATION_1607861166915_306ebedddc0b26fc?_src=imagekit&tr=c-at_max,h-100,q-40,w-100","https://ik.imagekit.io/tvlk/ugc-review/guys1L+Yyer9kzI3sp-pb0CG1j2bhflZGFUZOoIf1YOBAm37kEUOKR41ieUZm7ZJ/ugc-photo-ap-southeast-1-581603780057-acd24e232f75f09e/ACCOMMODATION/7158021_ACCOMMODATION_1607861166915_e177477a0f4f5f0b?_src=imagekit&tr=c-at_max,h-100,q-40,w-100","https://ik.imagekit.io/tvlk/ugc-review/guys1L+Yyer9kzI3sp-pb0CG1j2bhflZGFUZOoIf1YOBAm37kEUOKR41ieUZm7ZJ/ugc-photo-ap-southeast-1-581603780057-acd24e232f75f09e/ACCOMMODATION/7158021_ACCOMMODATION_1607861166915_48e5f443a328fba1?_src=imagekit&tr=c-at_max,h-100,q-40,w-100",,,,,,,,,,,,,,,,,
https://www.traveloka.com/id-id/user/review/consumption/HOTEL/GENERAL/3000020009559,5,30,Juara semuanya di yello paskal 👍,Diulas 282 minggu lalu,"https://ik.imagekit.io/tvlk/ugc-review/guys1L+Yyer9kzI3sp-pb0CG1j2bhflZGFUZOoIf1YOBAm37kEUOKR41ieUZm7ZJ/ugc-photo-ap-southeast-1-581603780057-acd24e232f75f09e/ACCOMMODATION/128300059_ACCOMMODATION_1607852568141_aa105699c0d4198f?_src=imagekit&tr=c-at_max,h-100,q-40,w-100",,,,,,,,,,,,,,,,,,,
https://www.traveloka.com/id-id/user/review/consumption/HOTEL/GENERAL/3000020009559,5,31,"Cek-in dengan layanan self cek-in dari yello, mudah dan praktis.",Diulas 283 minggu lalu,"https://ik.imagekit.io/tvlk/ugc-review/guys1L+Yyer9kzI3sp-pb0CG1j2bhflZGFUZOoIf1YOBAm37kEUOKR41ieUZm7ZJ/ugc-photo-ap-southeast-1-581603780057-acd24e232f75f09e/ACCOMMODATION/53782860_ACCOMMODATION_1606863017028_3b4d985a13c0a121?_src=imagekit&tr=c-at_max,h-100,q-40,w-100","https://ik.imagekit.io/tvlk/ugc-review/guys1L+Yyer9kzI3sp-pb0CG1j2bhflZGFUZOoIf1YOBAm37kEUOKR41ieUZm7ZJ/ugc-photo-ap-southeast-1-581603780057-acd24e232f75f09e/ACCOMMODATION/53782860_ACCOMMODATION_1606863017029_83e8c440a09e9ae6?_src=imagekit&tr=c-at_max,h-100,q-40,w-100","https://ik.imagekit.io/tvlk/ugc-review/guys1L+Yyer9kzI3sp-pb0CG1j2bhflZGFUZOoIf1YOBAm37kEUOKR41ieUZm7ZJ/ugc-photo-ap-southeast-1-581603780057-acd24e232f75f09e/ACCOMMODATION/53782860_ACCOMMODATION_1606863017029_a7a0d92bad25aa54?_src=imagekit&tr=c-at_max,h-100,q-40,w-100","https://ik.imagekit.io/tvlk/ugc-review/guys1L+Yyer9kzI3sp-pb0CG1j2bhflZGFUZOoIf1YOBAm37kEUOKR41ieUZm7ZJ/ugc-photo-ap-southeast-1-581603780057-acd24e232f75f09e/ACCOMMODATION/53782860_ACCOMMODATION_1606863017029_04cc49c75a06f73b?_src=imagekit&tr=c-at_max,h-100,q-40,w-100","https://ik.imagekit.io/tvlk/ugc-review/guys1L+Yyer9kzI3sp-pb0CG1j2bhflZGFUZOoIf1YOBAm37kEUOKR41ieUZm7ZJ/ugc-photo-ap-southeast-1-581603780057-acd24e232f75f09e/ACCOMMODATION/53782860_ACCOMMODATION_1606863017030_d6918a0494762fe1?_src=imagekit&tr=c-at_max,h-100,q-40,w-100",,,,,,,,,,,,,,,
https://www.traveloka.com/id-id/user/review/consumption/HOTEL/GENERAL/3000020009559,5,32,"ini untuk kedua kalinya saya menginap disini,sangat nyaman dan bersih sangat direkomendasikan thank you yello!💛",Diulas 284 minggu lalu,"https://ik.imagekit.io/tvlk/ugc-review/guys1L+Yyer9kzI3sp-pb0CG1j2bhflZGFUZOoIf1YOBAm37kEUOKR41ieUZm7ZJ/ugc-photo-ap-southeast-1-581603780057-acd24e232f75f09e/ACCOMMODATION/139745916_ACCOMMODATION_1606640288086_c6719b67712c40da?_src=imagekit&tr=c-at_max,h-100,q-40,w-100","https://ik.imagekit.io/tvlk/ugc-review/guys1L+Yyer9kzI3sp-pb0CG1j2bhflZGFUZOoIf1YOBAm37kEUOKR41ieUZm7ZJ/ugc-photo-ap-southeast-1-581603780057-acd24e232f75f09e/ACCOMMODATION/139745916_ACCOMMODATION_1606640288086_9370f4c660c4044c?_src=imagekit&tr=c-at_max,h-100,q-40,w-100","https://ik.imagekit.io/tvlk/ugc-review/guys1L+Yyer9kzI3sp-pb0CG1j2bhflZGFUZOoIf1YOBAm37kEUOKR41ieUZm7ZJ/ugc-photo-ap-southeast-1-581603780057-acd24e232f75f09e/ACCOMMODATION/139745916_ACCOMMODATION_1606640288086_0329a00f38b3e33c?_src=imagekit&tr=c-at_max,h-100,q-40,w-100","https://ik.imagekit.io/tvlk/ugc-review/guys1L+Yyer9kzI3sp-pb0CG1j2bhflZGFUZOoIf1YOBAm37kEUOKR41ieUZm7ZJ/ugc-photo-ap-southeast-1-581603780057-acd24e232f75f09e/ACCOMMODATION/139745916_ACCOMMODATION_1606640288086_ef8ebfc329717b89?_src=imagekit&tr=c-at_max,h-100,q-40,w-100",,,,,,,,,,,,,,,,
https://www.traveloka.com/id-id/user/review/consumption/HOTEL/GENERAL/3000020009559,5,33,"Overall hotelnya nyaman, pelayan ramah, kolam renang oke bisa dipake, sarapan juga enak, ada fasilitas game buat anak. Tapi sayang dikasih kamar yang tidak bisa liat view kota Bandung, kehalang sama gedung, tidak ada facial tisu, dan tidak ada kulkas padahal kalau bawa makanan kan kalau tidak ditaruh kulkas suka basi. Mohon diperbaharui lagi biar ada kulkasnya jadi lebih nyaman.",Diulas 284 minggu lalu,"https://ik.imagekit.io/tvlk/ugc-review/guys1L+Yyer9kzI3sp-pb0CG1j2bhflZGFUZOoIf1YOBAm37kEUOKR41ieUZm7ZJ/ugc-photo-ap-southeast-1-581603780057-acd24e232f75f09e/ACCOMMODATION/19531964_ACCOMMODATION_1606262890895_87d816225a0bf6f1?_src=imagekit&tr=c-at_max,h-100,q-40,w-100",,,,,,,,,,,,,,,,,,,
https://www.traveloka.com/id-id/user/review/consumption/HOTEL/GENERAL/3000020009559,5,34,"Check-in cepat, receptionistnya ramah dan informatif, hotelnya bersih, kamarnya bikin nyaman, WiFi super kencang. Saat breakfast juga staf helpful dan taste makanan oke banget. Terima kasih Yello hotel.",Diulas 286 minggu lalu,"https://ik.imagekit.io/tvlk/ugc-review/guys1L+Yyer9kzI3sp-pb0CG1j2bhflZGFUZOoIf1YOBAm37kEUOKR41ieUZm7ZJ/ugc-photo-ap-southeast-1-581603780057-acd24e232f75f09e/ACCOMMODATION/5955658_ACCOMMODATION_1605509658017_9ab394abcde0c6be?_src=imagekit&tr=c-at_max,h-100,q-40,w-100","https://ik.imagekit.io/tvlk/ugc-review/guys1L+Yyer9kzI3sp-pb0CG1j2bhflZGFUZOoIf1YOBAm37kEUOKR41ieUZm7ZJ/ugc-photo-ap-southeast-1-581603780057-acd24e232f75f09e/ACCOMMODATION/5955658_ACCOMMODATION_1605509658017_646ff2b9f8e66e58?_src=imagekit&tr=c-at_max,h-100,q-40,w-100","https://ik.imagekit.io/tvlk/ugc-review/guys1L+Yyer9kzI3sp-pb0CG1j2bhflZGFUZOoIf1YOBAm37kEUOKR41ieUZm7ZJ/ugc-photo-ap-southeast-1-581603780057-acd24e232f75f09e/ACCOMMODATION/5955658_ACCOMMODATION_1605509658018_3ae1dd2377af4e73?_src=imagekit&tr=c-at_max,h-100,q-40,w-100",,,,,,,,,,,,,,,,,
https://www.traveloka.com/id-id/user/review/consumption/HOTEL/GENERAL/3000020009559,5,35,"staycation kami berjalan lancar, kamarnya bagus. bersih, suasana nyaman, dan modern. Lokasinya juga luar biasa, di dalam area paskal yang dikelilingi oleh tenant bermerek untuk berbelanja, makan atau sekedar menikmati hari Anda bersama orang tercinta. Hotel ini satu bangunan dengan mal perbelanjaan paskal, sehingga Anda dapat menikmati belanja Anda tanpa perlu khawatir untuk bermalam. tapi sarapannya xoxo, tidak ada yang istimewa. dan saya juga tidak berharap banyak karena hotel ini adalah hotel murah. tapi menurut saya, yello hotel lebih baik dari hotel budget lainnya.",Diulas 286 minggu lalu,"https://ik.imagekit.io/tvlk/ugc-review/guys1L+Yyer9kzI3sp-pb0CG1j2bhflZGFUZOoIf1YOBAm37kEUOKR41ieUZm7ZJ/ugc-photo-ap-southeast-1-581603780057-acd24e232f75f09e/ACCOMMODATION/10203732_ACCOMMODATION_1605343520202_374e82c883693f01?_src=imagekit&tr=c-at_max,h-100,q-40,w-100",,,,,,,,,,,,,,,,,,,
https://www.traveloka.com/id-id/user/review/consumption/HOTEL/GENERAL/3000020009559,5,36,"Hotelnya nyaman banget, terbaik! aku suka banget dengan tata ruang dan fasilitas yang disediakan. Nyaman untuk menginap, nyaman juga untuk kerja. One word for this hotel, recommended! Lokasinya berdampingan dengan mal paskal 23, jadi gampang kalau mau nyari makan, jalan-jalan, atau belanja selain itu, Lokasi hotel juga dekat dengan stasiun Bandung.",Diulas 287 minggu lalu,"https://ik.imagekit.io/tvlk/ugc-review/guys1L+Yyer9kzI3sp-pb0CG1j2bhflZGFUZOoIf1YOBAm37kEUOKR41ieUZm7ZJ/ugc-photo-ap-southeast-1-581603780057-acd24e232f75f09e/ACCOMMODATION/11310223_ACCOMMODATION_1604733256691_c7533098bd46a5e1?_src=imagekit&tr=c-at_max,h-80,q-40,w-80","https://ik.imagekit.io/tvlk/ugc-review/guys1L+Yyer9kzI3sp-pb0CG1j2bhflZGFUZOoIf1YOBAm37kEUOKR41ieUZm7ZJ/ugc-photo-ap-southeast-1-581603780057-acd24e232f75f09e/ACCOMMODATION/11310223_ACCOMMODATION_1604733256692_51d5013c1b04c688?_src=imagekit&tr=c-at_max,h-80,q-40,w-80","https://ik.imagekit.io/tvlk/ugc-review/guys1L+Yyer9kzI3sp-pb0CG1j2bhflZGFUZOoIf1YOBAm37kEUOKR41ieUZm7ZJ/ugc-photo-ap-southeast-1-581603780057-acd24e232f75f09e/ACCOMMODATION/11310223_ACCOMMODATION_1604733256694_01990439b8dd302c?_src=imagekit&tr=c-at_max,h-80,q-40,w-80","https://ik.imagekit.io/tvlk/ugc-review/guys1L+Yyer9kzI3sp-pb0CG1j2bhflZGFUZOoIf1YOBAm37kEUOKR41ieUZm7ZJ/ugc-photo-ap-southeast-1-581603780057-acd24e232f75f09e/ACCOMMODATION/11310223_ACCOMMODATION_1604733256694_638e3dc41e060e91?_src=imagekit&tr=c-at_max,h-80,q-40,w-80","https://ik.imagekit.io/tvlk/ugc-review/guys1L+Yyer9kzI3sp-pb0CG1j2bhflZGFUZOoIf1YOBAm37kEUOKR41ieUZm7ZJ/ugc-photo-ap-southeast-1-581603780057-acd24e232f75f09e/ACCOMMODATION/11310223_ACCOMMODATION_1604733256694_87d46e7953f017b1?_src=imagekit&tr=c-at_max,h-80,q-40,w-80","https://ik.imagekit.io/tvlk/ugc-review/guys1L+Yyer9kzI3sp-pb0CG1j2bhflZGFUZOoIf1YOBAm37kEUOKR41ieUZm7ZJ/ugc-photo-ap-southeast-1-581603780057-acd24e232f75f09e/ACCOMMODATION/11310223_ACCOMMODATION_1604733256694_e944996408cee5f0?_src=imagekit&tr=c-at_max,h-80,q-40,w-80","https://ik.imagekit.io/tvlk/ugc-review/guys1L+Yyer9kzI3sp-pb0CG1j2bhflZGFUZOoIf1YOBAm37kEUOKR41ieUZm7ZJ/ugc-photo-ap-southeast-1-581603780057-acd24e232f75f09e/ACCOMMODATION/11310223_ACCOMMODATION_1604733256695_5552dc7eabb3950d?_src=imagekit&tr=c-at_max,h-80,q-40,w-80","https://ik.imagekit.io/tvlk/ugc-review/guys1L+Yyer9kzI3sp-pb0CG1j2bhflZGFUZOoIf1YOBAm37kEUOKR41ieUZm7ZJ/ugc-photo-ap-southeast-1-581603780057-acd24e232f75f09e/ACCOMMODATION/11310223_ACCOMMODATION_1604733256695_172d4df9eb639aa4?_src=imagekit&tr=c-at_max,h-80,q-40,w-80",,,,,,,,,,,,
https://www.traveloka.com/id-id/user/review/consumption/HOTEL/GENERAL/3000020009559,5,37,"Salah satu hotel yang lokasinya paling strategis di Bandung kota. Kalo nginep kesini gausah kemana-mana udah di lokasi situ aja juga udah banyak pilihan. Ngemall tinggal turun, makan tinggal ke belakang paskal food market, cari hiburan banyak banget. Value for moneynya worth it parah sih. Ditambah kalo ambil mountain view bisa liat pesawat landing, staffnya ramah banget terutama Jamie dan Celine.",Diulas 287 minggu lalu,"https://ik.imagekit.io/tvlk/ugc-review/guys1L+Yyer9kzI3sp-pb0CG1j2bhflZGFUZOoIf1YOBAm37kEUOKR41ieUZm7ZJ/ugc-photo-ap-southeast-1-581603780057-acd24e232f75f09e/ACCOMMODATION/6884594_ACCOMMODATION_1604562020721_a9dc9be5146db839?_src=imagekit&tr=c-at_max,h-100,q-40,w-100","https://ik.imagekit.io/tvlk/ugc-review/guys1L+Yyer9kzI3sp-pb0CG1j2bhflZGFUZOoIf1YOBAm37kEUOKR41ieUZm7ZJ/ugc-photo-ap-southeast-1-581603780057-acd24e232f75f09e/ACCOMMODATION/6884594_ACCOMMODATION_1604562020722_f3734d299e8087af?_src=imagekit&tr=c-at_max,h-100,q-40,w-100","https://ik.imagekit.io/tvlk/ugc-review/guys1L+Yyer9kzI3sp-pb0CG1j2bhflZGFUZOoIf1YOBAm37kEUOKR41ieUZm7ZJ/ugc-photo-ap-southeast-1-581603780057-acd24e232f75f09e/ACCOMMODATION/6884594_ACCOMMODATION_1604562020722_edbeb8a787e6d5c9?_src=imagekit&tr=c-at_max,h-100,q-40,w-100","https://ik.imagekit.io/tvlk/ugc-review/guys1L+Yyer9kzI3sp-pb0CG1j2bhflZGFUZOoIf1YOBAm37kEUOKR41ieUZm7ZJ/ugc-photo-ap-southeast-1-581603780057-acd24e232f75f09e/ACCOMMODATION/6884594_ACCOMMODATION_1604562020723_c3441744ad664599?_src=imagekit&tr=c-at_max,h-100,q-40,w-100",,,,,,,,,,,,,,,,
https://www.traveloka.com/id-id/user/review/consumption/HOTEL/GENERAL/3000020009559,5,38,"Good service makan paginya lumayan lah, hotelnya banyak spot oke dan yang paling oke, anak saya senang, Terima kasih yello.",Diulas 288 minggu lalu,"https://ik.imagekit.io/tvlk/ugc-review/guys1L+Yyer9kzI3sp-pb0CG1j2bhflZGFUZOoIf1YOBAm37kEUOKR41ieUZm7ZJ/ugc-photo-ap-southeast-1-581603780057-acd24e232f75f09e/ACCOMMODATION/126630912_ACCOMMODATION_1604023204561_f6a9519d48b6c30e?_src=imagekit&tr=c-at_max,h-80,q-40,w-80","https://ik.imagekit.io/tvlk/ugc-review/guys1L+Yyer9kzI3sp-pb0CG1j2bhflZGFUZOoIf1YOBAm37kEUOKR41ieUZm7ZJ/ugc-photo-ap-southeast-1-581603780057-acd24e232f75f09e/ACCOMMODATION/126630912_ACCOMMODATION_1604023204561_12f432c90154229a?_src=imagekit&tr=c-at_max,h-80,q-40,w-80","https://ik.imagekit.io/tvlk/ugc-review/guys1L+Yyer9kzI3sp-pb0CG1j2bhflZGFUZOoIf1YOBAm37kEUOKR41ieUZm7ZJ/ugc-photo-ap-southeast-1-581603780057-acd24e232f75f09e/ACCOMMODATION/126630912_ACCOMMODATION_1604023204561_8b45d30a2d413ed8?_src=imagekit&tr=c-at_max,h-80,q-40,w-80","https://ik.imagekit.io/tvlk/ugc-review/guys1L+Yyer9kzI3sp-pb0CG1j2bhflZGFUZOoIf1YOBAm37kEUOKR41ieUZm7ZJ/ugc-photo-ap-southeast-1-581603780057-acd24e232f75f09e/ACCOMMODATION/126630912_ACCOMMODATION_1604023204562_1acde236593a68b1?_src=imagekit&tr=c-at_max,h-80,q-40,w-80","https://ik.imagekit.io/tvlk/ugc-review/guys1L+Yyer9kzI3sp-pb0CG1j2bhflZGFUZOoIf1YOBAm37kEUOKR41ieUZm7ZJ/ugc-photo-ap-southeast-1-581603780057-acd24e232f75f09e/ACCOMMODATION/126630912_ACCOMMODATION_1604023204562_43a295c67c55d60c?_src=imagekit&tr=c-at_max,h-80,q-40,w-80","https://ik.imagekit.io/tvlk/ugc-review/guys1L+Yyer9kzI3sp-pb0CG1j2bhflZGFUZOoIf1YOBAm37kEUOKR41ieUZm7ZJ/ugc-photo-ap-southeast-1-581603780057-acd24e232f75f09e/ACCOMMODATION/126630912_ACCOMMODATION_1604023204562_f23cdb2b4dcf13fa?_src=imagekit&tr=c-at_max,h-80,q-40,w-80","https://ik.imagekit.io/tvlk/ugc-review/guys1L+Yyer9kzI3sp-pb0CG1j2bhflZGFUZOoIf1YOBAm37kEUOKR41ieUZm7ZJ/ugc-photo-ap-southeast-1-581603780057-acd24e232f75f09e/ACCOMMODATION/126630912_ACCOMMODATION_1604023284723_276bda2444a9ec3f?_src=imagekit&tr=c-at_max,h-80,q-40,w-80","https://ik.imagekit.io/tvlk/ugc-review/guys1L+Yyer9kzI3sp-pb0CG1j2bhflZGFUZOoIf1YOBAm37kEUOKR41ieUZm7ZJ/ugc-photo-ap-southeast-1-581603780057-acd24e232f75f09e/ACCOMMODATION/126630912_ACCOMMODATION_1604023284724_0332dbf02ba15843?_src=imagekit&tr=c-at_max,h-80,q-40,w-80",,,,,,,,,,,,
https://www.traveloka.com/id-id/user/review/consumption/HOTEL/GENERAL/3000020009559,5,39,"Hotelnya keren dan spot fotonya banyak. Sampai tidak bisa berhenti untuk foto-foto. Nempel sama mal jadi strategis banget, kebersihan oke banget, keramahan petugas luar biasa. Ini kedua kalinya saya menginap disini.",Diulas 289 minggu lalu,"https://ik.imagekit.io/tvlk/ugc-review/guys1L+Yyer9kzI3sp-pb0CG1j2bhflZGFUZOoIf1YOBAm37kEUOKR41ieUZm7ZJ/ugc-photo-ap-southeast-1-581603780057-acd24e232f75f09e/ACCOMMODATION/12692036_ACCOMMODATION_1603726515018_d3b619272607d9e0?_src=imagekit&tr=c-at_max,h-80,q-40,w-80","https://ik.imagekit.io/tvlk/ugc-review/guys1L+Yyer9kzI3sp-pb0CG1j2bhflZGFUZOoIf1YOBAm37kEUOKR41ieUZm7ZJ/ugc-photo-ap-southeast-1-581603780057-acd24e232f75f09e/ACCOMMODATION/12692036_ACCOMMODATION_1603726515018_1affd4ca933b5485?_src=imagekit&tr=c-at_max,h-80,q-40,w-80","https://ik.imagekit.io/tvlk/ugc-review/guys1L+Yyer9kzI3sp-pb0CG1j2bhflZGFUZOoIf1YOBAm37kEUOKR41ieUZm7ZJ/ugc-photo-ap-southeast-1-581603780057-acd24e232f75f09e/ACCOMMODATION/12692036_ACCOMMODATION_1603726515018_12a9b872d28bdfe8?_src=imagekit&tr=c-at_max,h-80,q-40,w-80","https://ik.imagekit.io/tvlk/ugc-review/guys1L+Yyer9kzI3sp-pb0CG1j2bhflZGFUZOoIf1YOBAm37kEUOKR41ieUZm7ZJ/ugc-photo-ap-southeast-1-581603780057-acd24e232f75f09e/ACCOMMODATION/12692036_ACCOMMODATION_1603726515019_0d6710086d177a56?_src=imagekit&tr=c-at_max,h-80,q-40,w-80","https://ik.imagekit.io/tvlk/ugc-review/guys1L+Yyer9kzI3sp-pb0CG1j2bhflZGFUZOoIf1YOBAm37kEUOKR41ieUZm7ZJ/ugc-photo-ap-southeast-1-581603780057-acd24e232f75f09e/ACCOMMODATION/12692036_ACCOMMODATION_1603726515019_0e02de47ce45e043?_src=imagekit&tr=c-at_max,h-80,q-40,w-80","https://ik.imagekit.io/tvlk/ugc-review/guys1L+Yyer9kzI3sp-pb0CG1j2bhflZGFUZOoIf1YOBAm37kEUOKR41ieUZm7ZJ/ugc-photo-ap-southeast-1-581603780057-acd24e232f75f09e/ACCOMMODATION/12692036_ACCOMMODATION_1603726515019_a2ad7033f9b92034?_src=imagekit&tr=c-at_max,h-80,q-40,w-80","https://ik.imagekit.io/tvlk/ugc-review/guys1L+Yyer9kzI3sp-pb0CG1j2bhflZGFUZOoIf1YOBAm37kEUOKR41ieUZm7ZJ/ugc-photo-ap-southeast-1-581603780057-acd24e232f75f09e/ACCOMMODATION/12692036_ACCOMMODATION_1603726515019_d71409f3484343ff?_src=imagekit&tr=c-at_max,h-80,q-40,w-80","https://ik.imagekit.io/tvlk/ugc-review/guys1L+Yyer9kzI3sp-pb0CG1j2bhflZGFUZOoIf1YOBAm37kEUOKR41ieUZm7ZJ/ugc-photo-ap-southeast-1-581603780057-acd24e232f75f09e/ACCOMMODATION/12692036_ACCOMMODATION_1603726515020_bc602247e917df3e?_src=imagekit&tr=c-at_max,h-80,q-40,w-80","https://ik.imagekit.io/tvlk/ugc-review/guys1L+Yyer9kzI3sp-pb0CG1j2bhflZGFUZOoIf1YOBAm37kEUOKR41ieUZm7ZJ/ugc-photo-ap-southeast-1-581603780057-acd24e232f75f09e/ACCOMMODATION/12692036_ACCOMMODATION_1603726515020_c61ac6833417b92c?_src=imagekit&tr=c-at_max,h-80,q-40,w-80","https://ik.imagekit.io/tvlk/ugc-review/guys1L+Yyer9kzI3sp-pb0CG1j2bhflZGFUZOoIf1YOBAm37kEUOKR41ieUZm7ZJ/ugc-photo-ap-southeast-1-581603780057-acd24e232f75f09e/ACCOMMODATION/12692036_ACCOMMODATION_1603726515020_e4ad6e3380abb309?_src=imagekit&tr=c-at_max,h-80,q-40,w-80",,,,,,,,,,
https://www.traveloka.com/id-id/user/review/consumption/HOTEL/GENERAL/3000020009559,5,40,Enak bisa langsung ke mal! Next insyaallah kesini lagi.,Diulas 290 minggu lalu,"https://ik.imagekit.io/tvlk/ugc-review/guys1L+Yyer9kzI3sp-pb0CG1j2bhflZGFUZOoIf1YOBAm37kEUOKR41ieUZm7ZJ/ugc-photo-ap-southeast-1-581603780057-acd24e232f75f09e/ACCOMMODATION/176023674_ACCOMMODATION_1603022376171_2394cfd4afcda610?_src=imagekit&tr=c-at_max,h-100,q-40,w-100",,,,,,,,,,,,,,,,,,,
https://www.traveloka.com/id-id/user/review/consumption/HOTEL/GENERAL/3000020009559,6,1,"Kasurnya keras banget, breakfast cuma untuk 1 orang pas check in gak ada penjelasan cuma bilang nanti di telepon malam berikut smpe besok pagi gak ada telepon dan saya telepon duluan begitu sarapan di cek dulu oke untuk 2 orang dan pas lagi makan mba yang ngecek bilang ternyata buat 1 orang dan dikenakan charge 80 untuk 1 orang saya yang beli keburu"" mana paham ada breakfast buat 1 atau 2 orang rata"" kalau beli room + breakfast ya buat 2 orang dan knp mba nya pas cek bilang ok buat 2 orang dan dia jawab kiarain bapaknya gak akan makan taunya bapaknya makan juga, maksudnya suami saya cuma mau liatin saya makan? Logikanya kalau saya sarapan sendiri ya saya ke resto sendiri. Proses check in sangat lama sejam lebih, staf ditanya gak pernah jelas. Kapok cukup gak lagi lagi.",Diulas 291 minggu lalu,"https://ik.imagekit.io/tvlk/ugc-review/guys1L+Yyer9kzI3sp-pb0CG1j2bhflZGFUZOoIf1YOBAm37kEUOKR41ieUZm7ZJ/ugc-photo-ap-southeast-1-581603780057-acd24e232f75f09e/ACCOMMODATION/18787825_ACCOMMODATION_1602482979518_eb33c402e7452c16?_src=imagekit&tr=c-at_max,h-100,q-40,w-100","https://ik.imagekit.io/tvlk/ugc-review/guys1L+Yyer9kzI3sp-pb0CG1j2bhflZGFUZOoIf1YOBAm37kEUOKR41ieUZm7ZJ/ugc-photo-ap-southeast-1-581603780057-acd24e232f75f09e/ACCOMMODATION/18787825_ACCOMMODATION_1602482979519_898cc50436c56c79?_src=imagekit&tr=c-at_max,h-100,q-40,w-100","https://ik.imagekit.io/tvlk/ugc-review/guys1L+Yyer9kzI3sp-pb0CG1j2bhflZGFUZOoIf1YOBAm37kEUOKR41ieUZm7ZJ/ugc-photo-ap-southeast-1-581603780057-acd24e232f75f09e/ACCOMMODATION/18787825_ACCOMMODATION_1602482979519_315dd6dba8fd1293?_src=imagekit&tr=c-at_max,h-100,q-40,w-100",,,,,,,,,,,,,,,,,
https://www.traveloka.com/id-id/user/review/consumption/HOTEL/GENERAL/3000020009559,6,2,"Saya sangat menikmati staycation di hotel ini. Dimulai dengan letak yg strategis karena berdampingan dgn mall Paskal 23. Proses check in cepat dan bisa langsung masuk kamar. Resepsionisnya juga ramah. Kamar tidurnya nyaman, channel TV lumayan. Amenities cukup, cuma tdk ada tissue di kamar. AC dingin. Kamar mandi bagus. Sarapan cukup bervariasi. Ada kolam renang juga, tapi karena cuaca mendung, sy tdk berenang. Oya banyak mural2 juga, jadi bisa foto2. Thanks Yello Hotel 👍🏽",Diulas 291 minggu lalu,"https://ik.imagekit.io/tvlk/ugc-review/guys1L+Yyer9kzI3sp-pb0CG1j2bhflZGFUZOoIf1YOBAm37kEUOKR41ieUZm7ZJ/ugc-photo-ap-southeast-1-581603780057-acd24e232f75f09e/ACCOMMODATION/7864836_ACCOMMODATION_1602411407552_3db22c842ff1b6c7?_src=imagekit&tr=c-at_max,h-100,q-40,w-100","https://ik.imagekit.io/tvlk/ugc-review/guys1L+Yyer9kzI3sp-pb0CG1j2bhflZGFUZOoIf1YOBAm37kEUOKR41ieUZm7ZJ/ugc-photo-ap-southeast-1-581603780057-acd24e232f75f09e/ACCOMMODATION/7864836_ACCOMMODATION_1602411407552_2c7e794a9a5c6ec5?_src=imagekit&tr=c-at_max,h-100,q-40,w-100","https://ik.imagekit.io/tvlk/ugc-review/guys1L+Yyer9kzI3sp-pb0CG1j2bhflZGFUZOoIf1YOBAm37kEUOKR41ieUZm7ZJ/ugc-photo-ap-southeast-1-581603780057-acd24e232f75f09e/ACCOMMODATION/7864836_ACCOMMODATION_1602411407553_2f5cb6296ede86fc?_src=imagekit&tr=c-at_max,h-100,q-40,w-100","https://ik.imagekit.io/tvlk/ugc-review/guys1L+Yyer9kzI3sp-pb0CG1j2bhflZGFUZOoIf1YOBAm37kEUOKR41ieUZm7ZJ/ugc-photo-ap-southeast-1-581603780057-acd24e232f75f09e/ACCOMMODATION/7864836_ACCOMMODATION_1602411407554_6f8314a31b9cf569?_src=imagekit&tr=c-at_max,h-100,q-40,w-100",,,,,,,,,,,,,,,,
https://www.traveloka.com/id-id/user/review/consumption/HOTEL/GENERAL/3000020009559,6,3,keren banget fasilitas lengkap bersih tempat strategis,Diulas 292 minggu lalu,"https://ik.imagekit.io/tvlk/ugc-review/guys1L+Yyer9kzI3sp-pb0CG1j2bhflZGFUZOoIf1YOBAm37kEUOKR41ieUZm7ZJ/ugc-photo-ap-southeast-1-581603780057-acd24e232f75f09e/ACCOMMODATION/11238257_ACCOMMODATION_1601701832465_3b08fd8c251a4abd?_src=imagekit&tr=c-at_max,h-100,q-40,w-100",,,,,,,,,,,,,,,,,,,
https://www.traveloka.com/id-id/user/review/consumption/HOTEL/GENERAL/3000020009559,6,4,"Sangat menyenangkan menginap di Yello Hotel, akses ke mal sangat dekat tinggal ke bawa saja, kolam renang asik anak-anak suka, Hanya saja untuk sarapan sebaiknya diubah sistemnya, Karena saat saya sarapan pelayannya cuma ada 2 orang sementara tamu yang sarapan lagi ramai jadi harus nunggu dilayani satu-satu karena tidak bisa ambil sendiri, Harusnya kalau memang sistemnya diambilin siapkan masing-masing satu pelayan di setiap buffet, jadi kan tidak harus nunggu-nunggu. Yang lainnya oke, bagus, kamar bersih, hanya untuk sistem sarapannya saja perlu ditingkatkan lagi.",Diulas 293 minggu lalu,"https://ik.imagekit.io/tvlk/ugc-review/guys1L+Yyer9kzI3sp-pb0CG1j2bhflZGFUZOoIf1YOBAm37kEUOKR41ieUZm7ZJ/ugc-photo-ap-southeast-1-581603780057-acd24e232f75f09e/ACCOMMODATION/5487294_ACCOMMODATION_1601253060272_0b2e1bd54b3d1404?_src=imagekit&tr=c-at_max,h-100,q-40,w-100","https://ik.imagekit.io/tvlk/ugc-review/guys1L+Yyer9kzI3sp-pb0CG1j2bhflZGFUZOoIf1YOBAm37kEUOKR41ieUZm7ZJ/ugc-photo-ap-southeast-1-581603780057-acd24e232f75f09e/ACCOMMODATION/5487294_ACCOMMODATION_1601253060272_cbc7a50bbd57c882?_src=imagekit&tr=c-at_max,h-100,q-40,w-100",,,,,,,,,,,,,,,,,,
https://www.traveloka.com/id-id/user/review/consumption/HOTEL/GENERAL/3000020009559,6,5,Hotel terbaik saya untuk tinggal ketika di bdg. 😍,Diulas 294 minggu lalu,"https://ik.imagekit.io/tvlk/ugc-review/guys1L+Yyer9kzI3sp-pb0CG1j2bhflZGFUZOoIf1YOBAm37kEUOKR41ieUZm7ZJ/ugc-photo-ap-southeast-1-581603780057-acd24e232f75f09e/ACCOMMODATION/16106482_ACCOMMODATION_1600407221725_d21e0b5c38c7a514?_src=imagekit&tr=c-at_max,h-100,q-40,w-100",,,,,,,,,,,,,,,,,,,
https://www.traveloka.com/id-id/user/review/consumption/HOTEL/GENERAL/3000020009559,6,6,"Lokasi strategis, dibawahnya ada mal meskipun belum stabil karena pandemic, tempatnya asik anak muda banget, banyak spot foto. Awalnya saya mau dikasih 1 pack breakfast saja karena pada saat search disini 1 room 1 person. Tapi saya jelaskan biasanya memang begitu tapi kan 1 room biasanya ya. 2. ahirnya dapat sarapan 2 orang.",Diulas 298 minggu lalu,"https://ik.imagekit.io/tvlk/ugc-review/guys1L+Yyer9kzI3sp-pb0CG1j2bhflZGFUZOoIf1YOBAm37kEUOKR41ieUZm7ZJ/ugc-photo-ap-southeast-1-581603780057-acd24e232f75f09e/ACCOMMODATION/8847633_ACCOMMODATION_1598250963770_966b8a9b81a62752?_src=imagekit&tr=c-at_max,h-100,q-40,w-100","https://ik.imagekit.io/tvlk/ugc-review/guys1L+Yyer9kzI3sp-pb0CG1j2bhflZGFUZOoIf1YOBAm37kEUOKR41ieUZm7ZJ/ugc-photo-ap-southeast-1-581603780057-acd24e232f75f09e/ACCOMMODATION/8847633_ACCOMMODATION_1598250963770_535f7a12f0827d41?_src=imagekit&tr=c-at_max,h-100,q-40,w-100","https://ik.imagekit.io/tvlk/ugc-review/guys1L+Yyer9kzI3sp-pb0CG1j2bhflZGFUZOoIf1YOBAm37kEUOKR41ieUZm7ZJ/ugc-photo-ap-southeast-1-581603780057-acd24e232f75f09e/ACCOMMODATION/8847633_ACCOMMODATION_1598250963770_c98df32db865521b?_src=imagekit&tr=c-at_max,h-100,q-40,w-100",,,,,,,,,,,,,,,,,
https://www.traveloka.com/id-id/user/review/consumption/HOTEL/GENERAL/3000020009559,6,7,"Nyaman, ruangan cukup luas, staf ramah, seluruh staf menerapkan aturan sesuai protokol kesehatan adaptasi kebiasaan baru, bisa menjadi pilihan anda untuk menginap di kota kembang.",Diulas 298 minggu lalu,"https://ik.imagekit.io/tvlk/ugc-review/guys1L+Yyer9kzI3sp-pb0CG1j2bhflZGFUZOoIf1YOBAm37kEUOKR41ieUZm7ZJ/ugc-photo-ap-southeast-1-581603780057-acd24e232f75f09e/ACCOMMODATION/3627574_ACCOMMODATION_1598143667178_359c723e0e41c80a?_src=imagekit&tr=c-at_max,h-100,q-40,w-100","https://ik.imagekit.io/tvlk/ugc-review/guys1L+Yyer9kzI3sp-pb0CG1j2bhflZGFUZOoIf1YOBAm37kEUOKR41ieUZm7ZJ/ugc-photo-ap-southeast-1-581603780057-acd24e232f75f09e/ACCOMMODATION/3627574_ACCOMMODATION_1598143667179_23bc2de8dc710ff0?_src=imagekit&tr=c-at_max,h-100,q-40,w-100",,,,,,,,,,,,,,,,,,
https://www.traveloka.com/id-id/user/review/consumption/HOTEL/GENERAL/3000020009559,6,8,"Tidak ada kulkas, peralatan mandi kurang lengkap dan kebersihan kamar kurang. Pelayanan karyawan receptionist dan kru restauran kurang.",Diulas 298 minggu lalu,"https://ik.imagekit.io/tvlk/ugc-review/guys1L+Yyer9kzI3sp-pb0CG1j2bhflZGFUZOoIf1YOBAm37kEUOKR41ieUZm7ZJ/ugc-photo-ap-southeast-1-581603780057-acd24e232f75f09e/ACCOMMODATION/68910572_ACCOMMODATION_1597972421788_ca428e880111664e?_src=imagekit&tr=c-at_max,h-100,q-40,w-100",,,,,,,,,,,,,,,,,,,
https://www.traveloka.com/id-id/user/review/consumption/HOTEL/GENERAL/3000020009559,6,9,"Lingkungan oke, pelayanan ramah.",Diulas 298 minggu lalu,"https://ik.imagekit.io/tvlk/ugc-review/guys1L+Yyer9kzI3sp-pb0CG1j2bhflZGFUZOoIf1YOBAm37kEUOKR41ieUZm7ZJ/ugc-photo-ap-southeast-1-581603780057-acd24e232f75f09e/ACCOMMODATION/8180892_ACCOMMODATION_1597741157140_de216dec3d0d675d?_src=imagekit&tr=c-at_max,h-100,q-40,w-100",,,,,,,,,,,,,,,,,,,
https://www.traveloka.com/id-id/user/review/consumption/HOTEL/GENERAL/3000020009559,6,10,Kami senang setelah pandami sudah asa hotel yang sudah membuka kolam renangnya kami bahagia itu terima kasih yello hotel.,Diulas 300 minggu lalu,"https://ik.imagekit.io/tvlk/ugc-review/guys1L+Yyer9kzI3sp-pb0CG1j2bhflZGFUZOoIf1YOBAm37kEUOKR41ieUZm7ZJ/ugc-photo-ap-southeast-1-581603780057-acd24e232f75f09e/ACCOMMODATION/65644235_ACCOMMODATION_1597057103043_66632bcfb6daf1af?_src=imagekit&tr=c-at_max,h-100,q-40,w-100",,,,,,,,,,,,,,,,,,,
https://www.traveloka.com/id-id/user/review/consumption/HOTEL/GENERAL/3000020009559,6,11,Senang menginap di hotel yello karena 1 lokasi dengan mal paskal and food paskal.,Diulas 300 minggu lalu,"https://ik.imagekit.io/tvlk/ugc-review/guys1L+Yyer9kzI3sp-pb0CG1j2bhflZGFUZOoIf1YOBAm37kEUOKR41ieUZm7ZJ/ugc-photo-ap-southeast-1-581603780057-acd24e232f75f09e/ACCOMMODATION/7225188_ACCOMMODATION_1596984834880_b2172f564420111c?_src=imagekit&tr=c-at_max,h-100,q-40,w-100",,,,,,,,,,,,,,,,,,,
https://www.traveloka.com/id-id/user/review/consumption/HOTEL/GENERAL/3000020009559,6,12,"Dalam situasi pandemi ini, Yello Hotel Paskal Bandung dapat memberikan layanan yang baik untuk memastikan keamanan kami selama menginap di hotel. Menggunakan masker untuk semua staf dan tamu. Satu hal yang perlu ditangani lebih lanjut adalah tentang penggunaan kolam renang, hotel dapat membatasi berapa banyak orang yang menggunakan fasilitas tersebut. Terima kasih secara keseluruhan senang tinggal di sini dan bersih untuk kami. 🙏🏻",Diulas 300 minggu lalu,"https://ik.imagekit.io/tvlk/ugc-review/guys1L+Yyer9kzI3sp-pb0CG1j2bhflZGFUZOoIf1YOBAm37kEUOKR41ieUZm7ZJ/ugc-photo-ap-southeast-1-581603780057-acd24e232f75f09e/ACCOMMODATION/14377534_ACCOMMODATION_1596979701924_013a3349523bc6c6?_src=imagekit&tr=c-at_max,h-100,q-40,w-100","https://ik.imagekit.io/tvlk/ugc-review/guys1L+Yyer9kzI3sp-pb0CG1j2bhflZGFUZOoIf1YOBAm37kEUOKR41ieUZm7ZJ/ugc-photo-ap-southeast-1-581603780057-acd24e232f75f09e/ACCOMMODATION/14377534_ACCOMMODATION_1596979701924_78469930631fac71?_src=imagekit&tr=c-at_max,h-100,q-40,w-100",,,,,,,,,,,,,,,,,,
https://www.traveloka.com/id-id/user/review/consumption/HOTEL/GENERAL/3000020009559,6,13,"hotel dgn konsep anak muda... juga banyak konsep seni dlm tata ruangnya.. bisa banget menikmati liburan tanpa harus keluar hotel... kryawan, pelayanan, dan hotel yg ter the best.... belum lagi lokasi yg sangat strategis, 1 gedung dgn mall paskal23.. pkoknya... very very very recommended!!!!! u must try! nagih bgt! see u soon,next time, thankyou, yello! 💛💛💛",Diulas 300 minggu lalu,"https://ik.imagekit.io/tvlk/ugc-review/guys1L+Yyer9kzI3sp-pb0CG1j2bhflZGFUZOoIf1YOBAm37kEUOKR41ieUZm7ZJ/ugc-photo-ap-southeast-1-581603780057-acd24e232f75f09e/ACCOMMODATION/6532051_ACCOMMODATION_1596791590197_023c8fad6ab9fe5c?_src=imagekit&tr=c-at_max,h-100,q-40,w-100","https://ik.imagekit.io/tvlk/ugc-review/guys1L+Yyer9kzI3sp-pb0CG1j2bhflZGFUZOoIf1YOBAm37kEUOKR41ieUZm7ZJ/ugc-photo-ap-southeast-1-581603780057-acd24e232f75f09e/ACCOMMODATION/6532051_ACCOMMODATION_1596791590198_c647de127c2064eb?_src=imagekit&tr=c-at_max,h-100,q-40,w-100","https://ik.imagekit.io/tvlk/ugc-review/guys1L+Yyer9kzI3sp-pb0CG1j2bhflZGFUZOoIf1YOBAm37kEUOKR41ieUZm7ZJ/ugc-photo-ap-southeast-1-581603780057-acd24e232f75f09e/ACCOMMODATION/6532051_ACCOMMODATION_1596791590198_eb335abeb332dfdb?_src=imagekit&tr=c-at_max,h-100,q-40,w-100","https://ik.imagekit.io/tvlk/ugc-review/guys1L+Yyer9kzI3sp-pb0CG1j2bhflZGFUZOoIf1YOBAm37kEUOKR41ieUZm7ZJ/ugc-photo-ap-southeast-1-581603780057-acd24e232f75f09e/ACCOMMODATION/6532051_ACCOMMODATION_1596791590198_c89cff1ad35f3bf4?_src=imagekit&tr=c-at_max,h-100,q-40,w-100","https://ik.imagekit.io/tvlk/ugc-review/guys1L+Yyer9kzI3sp-pb0CG1j2bhflZGFUZOoIf1YOBAm37kEUOKR41ieUZm7ZJ/ugc-photo-ap-southeast-1-581603780057-acd24e232f75f09e/ACCOMMODATION/6532051_ACCOMMODATION_1596791590199_791160dc0b911e8d?_src=imagekit&tr=c-at_max,h-100,q-40,w-100","https://ik.imagekit.io/tvlk/ugc-review/guys1L+Yyer9kzI3sp-pb0CG1j2bhflZGFUZOoIf1YOBAm37kEUOKR41ieUZm7ZJ/ugc-photo-ap-southeast-1-581603780057-acd24e232f75f09e/ACCOMMODATION/6532051_ACCOMMODATION_1596791590199_74555a775dc148b0?_src=imagekit&tr=c-at_max,h-100,q-40,w-100",,,,,,,,,,,,,,
https://www.traveloka.com/id-id/user/review/consumption/HOTEL/GENERAL/3000020009559,6,14,"Hotel yang worth di bandung kalau harganya di 400-500  ribu/malam. Untuk kamarnya sangat simpel layaknya hotel 3* seperti ibis, tapi karena ada tambahan 1 sofa jadi jauh lebih nyaman kalau mau sekamar ber 3, kualitas ranjangnya biasa saja, Malah cenderung di bawah hotel setarafnya, untuk breakfast cukup enak, buffet bahkan di weekdays dengan menu yang lumayan variatif. Selama pandemi, disarankan untuk tidak parkir di basement karena akses langsung ke hotel ditutup (harus lewat lobby mal zara), dan hanya boleh sampai jam 8 malam. Harus parkir di deretan ruko, tapi aman kola. Untuk service cukup luwes dan helpful, tapi tidak basa basi seperti hotel 5*. akses ke kolam berenang dibuka, tapi tidak tahu boleh berenang/tidak, banyak game console di lobby hotel.",Diulas 302 minggu lalu,"https://ik.imagekit.io/tvlk/ugc-review/guys1L+Yyer9kzI3sp-pb0CG1j2bhflZGFUZOoIf1YOBAm37kEUOKR41ieUZm7ZJ/ugc-photo-ap-southeast-1-581603780057-acd24e232f75f09e/ACCOMMODATION/1684785_ACCOMMODATION_1595911402633_6174a4cf8f579af6?_src=imagekit&tr=c-at_max,h-100,q-40,w-100","https://ik.imagekit.io/tvlk/ugc-review/guys1L+Yyer9kzI3sp-pb0CG1j2bhflZGFUZOoIf1YOBAm37kEUOKR41ieUZm7ZJ/ugc-photo-ap-southeast-1-581603780057-acd24e232f75f09e/ACCOMMODATION/1684785_ACCOMMODATION_1595911402634_a18bce9c3eade8ec?_src=imagekit&tr=c-at_max,h-100,q-40,w-100","https://ik.imagekit.io/tvlk/ugc-review/guys1L+Yyer9kzI3sp-pb0CG1j2bhflZGFUZOoIf1YOBAm37kEUOKR41ieUZm7ZJ/ugc-photo-ap-southeast-1-581603780057-acd24e232f75f09e/ACCOMMODATION/1684785_ACCOMMODATION_1595911402634_626c434fd8ff344b?_src=imagekit&tr=c-at_max,h-100,q-40,w-100",,,,,,,,,,,,,,,,,
https://www.traveloka.com/id-id/user/review/consumption/HOTEL/GENERAL/3000020009559,6,15,"Pengalaman yang menyenangkan bisa menginap di yello, staf yang ramah, dekat banget dengan mal, kamar luas dan bersih, kamar juga nyaman, Fasilitas juga lumayan. Paling yang perlu di tingkatkan si area parkir khusus pengunjung yello deh karena agak was was harus parkir agak jauh dari yellonya. Selebihnya sudah bagus sih, thanks ya.",Diulas 303 minggu lalu,"https://ik.imagekit.io/tvlk/ugc-review/guys1L+Yyer9kzI3sp-pb0CG1j2bhflZGFUZOoIf1YOBAm37kEUOKR41ieUZm7ZJ/ugc-photo-ap-southeast-1-581603780057-acd24e232f75f09e/ACCOMMODATION/20886737_ACCOMMODATION_1595158056263_cf00fba2cc8af3fc?_src=imagekit&tr=c-at_max,h-80,q-40,w-80","https://ik.imagekit.io/tvlk/ugc-review/guys1L+Yyer9kzI3sp-pb0CG1j2bhflZGFUZOoIf1YOBAm37kEUOKR41ieUZm7ZJ/ugc-photo-ap-southeast-1-581603780057-acd24e232f75f09e/ACCOMMODATION/20886737_ACCOMMODATION_1595158056264_a9b73c5a3b558dc7?_src=imagekit&tr=c-at_max,h-80,q-40,w-80","https://ik.imagekit.io/tvlk/ugc-review/guys1L+Yyer9kzI3sp-pb0CG1j2bhflZGFUZOoIf1YOBAm37kEUOKR41ieUZm7ZJ/ugc-photo-ap-southeast-1-581603780057-acd24e232f75f09e/ACCOMMODATION/20886737_ACCOMMODATION_1595158056264_15fc333cd759bb8a?_src=imagekit&tr=c-at_max,h-80,q-40,w-80","https://ik.imagekit.io/tvlk/ugc-review/guys1L+Yyer9kzI3sp-pb0CG1j2bhflZGFUZOoIf1YOBAm37kEUOKR41ieUZm7ZJ/ugc-photo-ap-southeast-1-581603780057-acd24e232f75f09e/ACCOMMODATION/20886737_ACCOMMODATION_1595158056264_884eaf24077de6fd?_src=imagekit&tr=c-at_max,h-80,q-40,w-80","https://ik.imagekit.io/tvlk/ugc-review/guys1L+Yyer9kzI3sp-pb0CG1j2bhflZGFUZOoIf1YOBAm37kEUOKR41ieUZm7ZJ/ugc-photo-ap-southeast-1-581603780057-acd24e232f75f09e/ACCOMMODATION/20886737_ACCOMMODATION_1595158056264_184bb84cde91f1e5?_src=imagekit&tr=c-at_max,h-80,q-40,w-80","https://ik.imagekit.io/tvlk/ugc-review/guys1L+Yyer9kzI3sp-pb0CG1j2bhflZGFUZOoIf1YOBAm37kEUOKR41ieUZm7ZJ/ugc-photo-ap-southeast-1-581603780057-acd24e232f75f09e/ACCOMMODATION/20886737_ACCOMMODATION_1595158056265_c570b2bbb17022eb?_src=imagekit&tr=c-at_max,h-80,q-40,w-80","https://ik.imagekit.io/tvlk/ugc-review/guys1L+Yyer9kzI3sp-pb0CG1j2bhflZGFUZOoIf1YOBAm37kEUOKR41ieUZm7ZJ/ugc-photo-ap-southeast-1-581603780057-acd24e232f75f09e/ACCOMMODATION/20886737_ACCOMMODATION_1595158056265_1a6251dac2b74f32?_src=imagekit&tr=c-at_max,h-80,q-40,w-80","https://ik.imagekit.io/tvlk/ugc-review/guys1L+Yyer9kzI3sp-pb0CG1j2bhflZGFUZOoIf1YOBAm37kEUOKR41ieUZm7ZJ/ugc-photo-ap-southeast-1-581603780057-acd24e232f75f09e/ACCOMMODATION/20886737_ACCOMMODATION_1595158056265_81809046a3d84107?_src=imagekit&tr=c-at_max,h-80,q-40,w-80",,,,,,,,,,,,
https://www.traveloka.com/id-id/user/review/consumption/HOTEL/GENERAL/3000020009559,6,16,"Lokasinya sangat strategis, bersih dan kamarnya besar, kolam renangnya super bersih dan nyaman. Saya sangat merekomendasikan Yello Hotel Paskal untuk tinggal bersama orang-orang terkasih Anda",Diulas 304 minggu lalu,"https://ik.imagekit.io/tvlk/ugc-review/guys1L+Yyer9kzI3sp-pb0CG1j2bhflZGFUZOoIf1YOBAm37kEUOKR41ieUZm7ZJ/ugc-photo-ap-southeast-1-581603780057-acd24e232f75f09e/ACCOMMODATION/158839168_ACCOMMODATION_1594696134793_0ccf6d4e25c77c91?_src=imagekit&tr=c-at_max,h-100,q-40,w-100",,,,,,,,,,,,,,,,,,,
https://www.traveloka.com/id-id/user/review/consumption/HOTEL/GENERAL/3000020009559,6,17,Hotel seperti industri tetapi hangat. layanan staf hebat yang saya suka dan akan segera kembali. luar biasa,Diulas 305 minggu lalu,"https://ik.imagekit.io/tvlk/ugc-review/guys1L+Yyer9kzI3sp-pb0CG1j2bhflZGFUZOoIf1YOBAm37kEUOKR41ieUZm7ZJ/ugc-photo-ap-southeast-1-581603780057-acd24e232f75f09e/ACCOMMODATION/8236793_ACCOMMODATION_1593771201486_46c6df22bac85f42?_src=imagekit&tr=c-at_max,h-100,q-40,w-100",,,,,,,,,,,,,,,,,,,
https://www.traveloka.com/id-id/user/review/consumption/HOTEL/GENERAL/3000020009559,6,18,Sepertinya jangan dulu ke hotel di new normal ini. Kerugianya tidak boleh dulu berenang dan menu breakfastnya dikurangi tidak seperti biasanya serba ada di yello paskal ini.,Diulas 307 minggu lalu,"https://ik.imagekit.io/tvlk/ugc-review/guys1L+Yyer9kzI3sp-pb0CG1j2bhflZGFUZOoIf1YOBAm37kEUOKR41ieUZm7ZJ/ugc-photo-ap-southeast-1-581603780057-acd24e232f75f09e/ACCOMMODATION/20000997_ACCOMMODATION_1592790136205_48d45aa537fcbf49?_src=imagekit&tr=c-at_max,h-100,q-40,w-100","https://ik.imagekit.io/tvlk/ugc-review/guys1L+Yyer9kzI3sp-pb0CG1j2bhflZGFUZOoIf1YOBAm37kEUOKR41ieUZm7ZJ/ugc-photo-ap-southeast-1-581603780057-acd24e232f75f09e/ACCOMMODATION/20000997_ACCOMMODATION_1592790136206_0f047a0f72d793a4?_src=imagekit&tr=c-at_max,h-100,q-40,w-100","https://ik.imagekit.io/tvlk/ugc-review/guys1L+Yyer9kzI3sp-pb0CG1j2bhflZGFUZOoIf1YOBAm37kEUOKR41ieUZm7ZJ/ugc-photo-ap-southeast-1-581603780057-acd24e232f75f09e/ACCOMMODATION/20000997_ACCOMMODATION_1592790136206_dc5f043fdf2340f9?_src=imagekit&tr=c-at_max,h-100,q-40,w-100",,,,,,,,,,,,,,,,,
https://www.traveloka.com/id-id/user/review/consumption/HOTEL/GENERAL/3000020009559,6,19,"Sangat nyaman, lokasi strategis, mantap.",Diulas 308 minggu lalu,"https://ik.imagekit.io/tvlk/ugc-review/guys1L+Yyer9kzI3sp-pb0CG1j2bhflZGFUZOoIf1YOBAm37kEUOKR41ieUZm7ZJ/ugc-photo-ap-southeast-1-581603780057-acd24e232f75f09e/ACCOMMODATION/14068645_ACCOMMODATION_1592089057765_eeb0493e73f140ec?_src=imagekit&tr=c-at_max,h-100,q-40,w-100","https://ik.imagekit.io/tvlk/ugc-review/guys1L+Yyer9kzI3sp-pb0CG1j2bhflZGFUZOoIf1YOBAm37kEUOKR41ieUZm7ZJ/ugc-photo-ap-southeast-1-581603780057-acd24e232f75f09e/ACCOMMODATION/14068645_ACCOMMODATION_1592089057766_1432515b7e272817?_src=imagekit&tr=c-at_max,h-100,q-40,w-100",,,,,,,,,,,,,,,,,,
https://www.traveloka.com/id-id/user/review/consumption/HOTEL/GENERAL/3000020009559,6,20,"Hotel yang sangat bagus dan bersih, recommended deh pokoknya.",Diulas 320 minggu lalu,"https://ik.imagekit.io/tvlk/ugc-review/guys1L+Yyer9kzI3sp-pb0CG1j2bhflZGFUZOoIf1YOBAm37kEUOKR41ieUZm7ZJ/ugc-photo-ap-southeast-1-581603780057-acd24e232f75f09e/ACCOMMODATION/51659239_ACCOMMODATION_1584951222694_ec55b927f661bd39?_src=imagekit&tr=c-at_max,h-100,q-40,w-100",,,,,,,,,,,,,,,,,,,
https://www.traveloka.com/id-id/user/review/consumption/HOTEL/GENERAL/3000020009559,6,21,"What a great experience, when it was my first time in paskal to stay at the hotel! worth it laah dgn harga hotelnya👌 lagunya ternginang ngiang njr wkwk when I say Y you say O, yell-o :"") bakal kangen denger lagunya sih ini ntar wkwk sayang gak sempat explore lebih dalam lagi, soalnya keknya banyak permainannya di Yello deh. but it's time to go home. so.... yup. thanks for the service!",Diulas 320 minggu lalu,"https://ik.imagekit.io/tvlk/ugc-review/guys1L+Yyer9kzI3sp-pb0CG1j2bhflZGFUZOoIf1YOBAm37kEUOKR41ieUZm7ZJ/ugc-photo-ap-southeast-1-581603780057-acd24e232f75f09e/ACCOMMODATION/17053318_ACCOMMODATION_1584601121510_6b022ab2709bd8c2?_src=imagekit&tr=c-at_max,h-80,q-40,w-80","https://ik.imagekit.io/tvlk/ugc-review/guys1L+Yyer9kzI3sp-pb0CG1j2bhflZGFUZOoIf1YOBAm37kEUOKR41ieUZm7ZJ/ugc-photo-ap-southeast-1-581603780057-acd24e232f75f09e/ACCOMMODATION/17053318_ACCOMMODATION_1584601121510_1b182efd131f81b1?_src=imagekit&tr=c-at_max,h-80,q-40,w-80","https://ik.imagekit.io/tvlk/ugc-review/guys1L+Yyer9kzI3sp-pb0CG1j2bhflZGFUZOoIf1YOBAm37kEUOKR41ieUZm7ZJ/ugc-photo-ap-southeast-1-581603780057-acd24e232f75f09e/ACCOMMODATION/17053318_ACCOMMODATION_1584601121511_08d47306c7089d1a?_src=imagekit&tr=c-at_max,h-80,q-40,w-80","https://ik.imagekit.io/tvlk/ugc-review/guys1L+Yyer9kzI3sp-pb0CG1j2bhflZGFUZOoIf1YOBAm37kEUOKR41ieUZm7ZJ/ugc-photo-ap-southeast-1-581603780057-acd24e232f75f09e/ACCOMMODATION/17053318_ACCOMMODATION_1584601121511_96870e15d3610bb7?_src=imagekit&tr=c-at_max,h-80,q-40,w-80","https://ik.imagekit.io/tvlk/ugc-review/guys1L+Yyer9kzI3sp-pb0CG1j2bhflZGFUZOoIf1YOBAm37kEUOKR41ieUZm7ZJ/ugc-photo-ap-southeast-1-581603780057-acd24e232f75f09e/ACCOMMODATION/17053318_ACCOMMODATION_1584601121511_36b7beddd529e128?_src=imagekit&tr=c-at_max,h-80,q-40,w-80","https://ik.imagekit.io/tvlk/ugc-review/guys1L+Yyer9kzI3sp-pb0CG1j2bhflZGFUZOoIf1YOBAm37kEUOKR41ieUZm7ZJ/ugc-photo-ap-southeast-1-581603780057-acd24e232f75f09e/ACCOMMODATION/17053318_ACCOMMODATION_1584601121511_70e3321a7158639a?_src=imagekit&tr=c-at_max,h-80,q-40,w-80","https://ik.imagekit.io/tvlk/ugc-review/guys1L+Yyer9kzI3sp-pb0CG1j2bhflZGFUZOoIf1YOBAm37kEUOKR41ieUZm7ZJ/ugc-photo-ap-southeast-1-581603780057-acd24e232f75f09e/ACCOMMODATION/17053318_ACCOMMODATION_1584601121512_e7a2df2a310c86ac?_src=imagekit&tr=c-at_max,h-80,q-40,w-80","https://ik.imagekit.io/tvlk/ugc-review/guys1L+Yyer9kzI3sp-pb0CG1j2bhflZGFUZOoIf1YOBAm37kEUOKR41ieUZm7ZJ/ugc-photo-ap-southeast-1-581603780057-acd24e232f75f09e/ACCOMMODATION/17053318_ACCOMMODATION_1584601121512_fb5b14f4d1110afd?_src=imagekit&tr=c-at_max,h-80,q-40,w-80","https://ik.imagekit.io/tvlk/ugc-review/guys1L+Yyer9kzI3sp-pb0CG1j2bhflZGFUZOoIf1YOBAm37kEUOKR41ieUZm7ZJ/ugc-photo-ap-southeast-1-581603780057-acd24e232f75f09e/ACCOMMODATION/17053318_ACCOMMODATION_1584601121512_b7456241041db6a4?_src=imagekit&tr=c-at_max,h-80,q-40,w-80","https://ik.imagekit.io/tvlk/ugc-review/guys1L+Yyer9kzI3sp-pb0CG1j2bhflZGFUZOoIf1YOBAm37kEUOKR41ieUZm7ZJ/ugc-photo-ap-southeast-1-581603780057-acd24e232f75f09e/ACCOMMODATION/17053318_ACCOMMODATION_1584601121512_198fd0f6aacd756d?_src=imagekit&tr=c-at_max,h-80,q-40,w-80",,,,,,,,,,
https://www.traveloka.com/id-id/user/review/consumption/HOTEL/GENERAL/3000020009559,6,22,Tempat yang sangat bagus untuk tinggal di sekitar paskal,Diulas 321 minggu lalu,"https://ik.imagekit.io/tvlk/ugc-review/guys1L+Yyer9kzI3sp-pb0CG1j2bhflZGFUZOoIf1YOBAm37kEUOKR41ieUZm7ZJ/ugc-photo-ap-southeast-1-581603780057-acd24e232f75f09e/ACCOMMODATION/97867015_ACCOMMODATION_1583922224436_2fe23b649c53a5bd?_src=imagekit&tr=c-at_max,h-100,q-40,w-100",,,,,,,,,,,,,,,,,,,
https://www.traveloka.com/id-id/user/review/consumption/HOTEL/GENERAL/3000020009559,6,23,"makanan, kamar, semua bagus hanya TV saya pikir terlalu besar untuk kamar saya",Diulas 322 minggu lalu,"https://ik.imagekit.io/tvlk/ugc-review/guys1L+Yyer9kzI3sp-pb0CG1j2bhflZGFUZOoIf1YOBAm37kEUOKR41ieUZm7ZJ/ugc-photo-ap-southeast-1-581603780057-acd24e232f75f09e/ACCOMMODATION/11249334_ACCOMMODATION_1583645213420_2a632943bb6efb25?_src=imagekit&tr=c-at_max,h-80,q-40,w-80","https://ik.imagekit.io/tvlk/ugc-review/guys1L+Yyer9kzI3sp-pb0CG1j2bhflZGFUZOoIf1YOBAm37kEUOKR41ieUZm7ZJ/ugc-photo-ap-southeast-1-581603780057-acd24e232f75f09e/ACCOMMODATION/11249334_ACCOMMODATION_1583645213420_d84d5b078c5c059c?_src=imagekit&tr=c-at_max,h-80,q-40,w-80","https://ik.imagekit.io/tvlk/ugc-review/guys1L+Yyer9kzI3sp-pb0CG1j2bhflZGFUZOoIf1YOBAm37kEUOKR41ieUZm7ZJ/ugc-photo-ap-southeast-1-581603780057-acd24e232f75f09e/ACCOMMODATION/11249334_ACCOMMODATION_1583645213420_1cfe32acb7a348b7?_src=imagekit&tr=c-at_max,h-80,q-40,w-80","https://ik.imagekit.io/tvlk/ugc-review/guys1L+Yyer9kzI3sp-pb0CG1j2bhflZGFUZOoIf1YOBAm37kEUOKR41ieUZm7ZJ/ugc-photo-ap-southeast-1-581603780057-acd24e232f75f09e/ACCOMMODATION/11249334_ACCOMMODATION_1583645213421_bd16d159c728a0bd?_src=imagekit&tr=c-at_max,h-80,q-40,w-80","https://ik.imagekit.io/tvlk/ugc-review/guys1L+Yyer9kzI3sp-pb0CG1j2bhflZGFUZOoIf1YOBAm37kEUOKR41ieUZm7ZJ/ugc-photo-ap-southeast-1-581603780057-acd24e232f75f09e/ACCOMMODATION/11249334_ACCOMMODATION_1583645213421_c9bb982cb32ccf29?_src=imagekit&tr=c-at_max,h-80,q-40,w-80","https://ik.imagekit.io/tvlk/ugc-review/guys1L+Yyer9kzI3sp-pb0CG1j2bhflZGFUZOoIf1YOBAm37kEUOKR41ieUZm7ZJ/ugc-photo-ap-southeast-1-581603780057-acd24e232f75f09e/ACCOMMODATION/11249334_ACCOMMODATION_1583645213421_05b92f333e1455c2?_src=imagekit&tr=c-at_max,h-80,q-40,w-80","https://ik.imagekit.io/tvlk/ugc-review/guys1L+Yyer9kzI3sp-pb0CG1j2bhflZGFUZOoIf1YOBAm37kEUOKR41ieUZm7ZJ/ugc-photo-ap-southeast-1-581603780057-acd24e232f75f09e/ACCOMMODATION/11249334_ACCOMMODATION_1583645213421_ab007100e5df8625?_src=imagekit&tr=c-at_max,h-80,q-40,w-80","https://ik.imagekit.io/tvlk/ugc-review/guys1L+Yyer9kzI3sp-pb0CG1j2bhflZGFUZOoIf1YOBAm37kEUOKR41ieUZm7ZJ/ugc-photo-ap-southeast-1-581603780057-acd24e232f75f09e/ACCOMMODATION/11249334_ACCOMMODATION_1583645213422_dc35f440a4c3d752?_src=imagekit&tr=c-at_max,h-80,q-40,w-80",,,,,,,,,,,,
https://www.traveloka.com/id-id/user/review/consumption/HOTEL/GENERAL/3000020009559,6,24,Enaknya karena dekat paskal 23 jadi turun bisa langsung belanja tidak usah kemana-mana lagi p dasteran juga oke kamar hotelnya memang keitung kecil untuk harga yang selang yang sekayi lagi saya sepini kamar lagi sekali harga yang sekali harga yang seterina sekali harja. Tapi sesuai lah karena memang di dalem mal kolam renangnya enak cozy banget banyak spot fotonya di lobby ada banyak mainan jadi kalau anak buat dikamar bisa di.,Diulas 322 minggu lalu,"https://ik.imagekit.io/tvlk/ugc-review/guys1L+Yyer9kzI3sp-pb0CG1j2bhflZGFUZOoIf1YOBAm37kEUOKR41ieUZm7ZJ/ugc-photo-ap-southeast-1-581603780057-acd24e232f75f09e/ACCOMMODATION/8909802_ACCOMMODATION_1583380177745_68d82be01b4afbfa?_src=imagekit&tr=c-at_max,h-100,q-40,w-100","https://ik.imagekit.io/tvlk/ugc-review/guys1L+Yyer9kzI3sp-pb0CG1j2bhflZGFUZOoIf1YOBAm37kEUOKR41ieUZm7ZJ/ugc-photo-ap-southeast-1-581603780057-acd24e232f75f09e/ACCOMMODATION/8909802_ACCOMMODATION_1583380177745_b0ce35d7a83be712?_src=imagekit&tr=c-at_max,h-100,q-40,w-100",,,,,,,,,,,,,,,,,,
https://www.traveloka.com/id-id/user/review/consumption/HOTEL/GENERAL/3000020009559,6,25,"Kali ke 4 atau ke 5 ya menginap disini... lupaaaa... anak2 senang, sama suasana kamar nya yg cozy, varian makanan saat sarapan pun banyak...ga ngebosenin , so far ga ada yang mengecewakan... tunggu kunjungan kami selanjutnya yaa...😊😊",Diulas 323 minggu lalu,"https://ik.imagekit.io/tvlk/ugc-review/guys1L+Yyer9kzI3sp-pb0CG1j2bhflZGFUZOoIf1YOBAm37kEUOKR41ieUZm7ZJ/ugc-photo-ap-southeast-1-581603780057-acd24e232f75f09e/ACCOMMODATION/31082545_ACCOMMODATION_1583122947291_245de7d019a3c724?_src=imagekit&tr=c-at_max,h-80,q-40,w-80","https://ik.imagekit.io/tvlk/ugc-review/guys1L+Yyer9kzI3sp-pb0CG1j2bhflZGFUZOoIf1YOBAm37kEUOKR41ieUZm7ZJ/ugc-photo-ap-southeast-1-581603780057-acd24e232f75f09e/ACCOMMODATION/31082545_ACCOMMODATION_1583122947292_940c1d92deff1f20?_src=imagekit&tr=c-at_max,h-80,q-40,w-80","https://ik.imagekit.io/tvlk/ugc-review/guys1L+Yyer9kzI3sp-pb0CG1j2bhflZGFUZOoIf1YOBAm37kEUOKR41ieUZm7ZJ/ugc-photo-ap-southeast-1-581603780057-acd24e232f75f09e/ACCOMMODATION/31082545_ACCOMMODATION_1583122947292_d4dc573df36e9a30?_src=imagekit&tr=c-at_max,h-80,q-40,w-80","https://ik.imagekit.io/tvlk/ugc-review/guys1L+Yyer9kzI3sp-pb0CG1j2bhflZGFUZOoIf1YOBAm37kEUOKR41ieUZm7ZJ/ugc-photo-ap-southeast-1-581603780057-acd24e232f75f09e/ACCOMMODATION/31082545_ACCOMMODATION_1583122947292_737883782541373d?_src=imagekit&tr=c-at_max,h-80,q-40,w-80","https://ik.imagekit.io/tvlk/ugc-review/guys1L+Yyer9kzI3sp-pb0CG1j2bhflZGFUZOoIf1YOBAm37kEUOKR41ieUZm7ZJ/ugc-photo-ap-southeast-1-581603780057-acd24e232f75f09e/ACCOMMODATION/31082545_ACCOMMODATION_1583122947293_4e71f04795477448?_src=imagekit&tr=c-at_max,h-80,q-40,w-80","https://ik.imagekit.io/tvlk/ugc-review/guys1L+Yyer9kzI3sp-pb0CG1j2bhflZGFUZOoIf1YOBAm37kEUOKR41ieUZm7ZJ/ugc-photo-ap-southeast-1-581603780057-acd24e232f75f09e/ACCOMMODATION/31082545_ACCOMMODATION_1583122947293_04f822617662d571?_src=imagekit&tr=c-at_max,h-80,q-40,w-80","https://ik.imagekit.io/tvlk/ugc-review/guys1L+Yyer9kzI3sp-pb0CG1j2bhflZGFUZOoIf1YOBAm37kEUOKR41ieUZm7ZJ/ugc-photo-ap-southeast-1-581603780057-acd24e232f75f09e/ACCOMMODATION/31082545_ACCOMMODATION_1583122947293_c5e86dfb2e98619f?_src=imagekit&tr=c-at_max,h-80,q-40,w-80","https://ik.imagekit.io/tvlk/ugc-review/guys1L+Yyer9kzI3sp-pb0CG1j2bhflZGFUZOoIf1YOBAm37kEUOKR41ieUZm7ZJ/ugc-photo-ap-southeast-1-581603780057-acd24e232f75f09e/ACCOMMODATION/31082545_ACCOMMODATION_1583122947294_105fe6eef5a47378?_src=imagekit&tr=c-at_max,h-80,q-40,w-80","https://ik.imagekit.io/tvlk/ugc-review/guys1L+Yyer9kzI3sp-pb0CG1j2bhflZGFUZOoIf1YOBAm37kEUOKR41ieUZm7ZJ/ugc-photo-ap-southeast-1-581603780057-acd24e232f75f09e/ACCOMMODATION/31082545_ACCOMMODATION_1583122947294_0a0ed7a1d8c60238?_src=imagekit&tr=c-at_max,h-80,q-40,w-80",,,,,,,,,,,
https://www.traveloka.com/id-id/user/review/consumption/HOTEL/GENERAL/3000020009559,6,26,"dekat pascal 23 hanya berjalan kaki, kita bisa menemukan resto dengan berbagai menu",Diulas 324 minggu lalu,"https://ik.imagekit.io/tvlk/ugc-review/guys1L+Yyer9kzI3sp-pb0CG1j2bhflZGFUZOoIf1YOBAm37kEUOKR41ieUZm7ZJ/ugc-photo-ap-southeast-1-581603780057-acd24e232f75f09e/ACCOMMODATION/9942713_ACCOMMODATION_1582443662282_fbea52811e7b5e69?_src=imagekit&tr=c-at_max,h-80,q-40,w-80","https://ik.imagekit.io/tvlk/ugc-review/guys1L+Yyer9kzI3sp-pb0CG1j2bhflZGFUZOoIf1YOBAm37kEUOKR41ieUZm7ZJ/ugc-photo-ap-southeast-1-581603780057-acd24e232f75f09e/ACCOMMODATION/9942713_ACCOMMODATION_1582443662282_0fa1fb0dfa74e9e1?_src=imagekit&tr=c-at_max,h-80,q-40,w-80","https://ik.imagekit.io/tvlk/ugc-review/guys1L+Yyer9kzI3sp-pb0CG1j2bhflZGFUZOoIf1YOBAm37kEUOKR41ieUZm7ZJ/ugc-photo-ap-southeast-1-581603780057-acd24e232f75f09e/ACCOMMODATION/9942713_ACCOMMODATION_1582443662282_75907ac49267a065?_src=imagekit&tr=c-at_max,h-80,q-40,w-80","https://ik.imagekit.io/tvlk/ugc-review/guys1L+Yyer9kzI3sp-pb0CG1j2bhflZGFUZOoIf1YOBAm37kEUOKR41ieUZm7ZJ/ugc-photo-ap-southeast-1-581603780057-acd24e232f75f09e/ACCOMMODATION/9942713_ACCOMMODATION_1582443662282_3b4f3efdd8655812?_src=imagekit&tr=c-at_max,h-80,q-40,w-80","https://ik.imagekit.io/tvlk/ugc-review/guys1L+Yyer9kzI3sp-pb0CG1j2bhflZGFUZOoIf1YOBAm37kEUOKR41ieUZm7ZJ/ugc-photo-ap-southeast-1-581603780057-acd24e232f75f09e/ACCOMMODATION/9942713_ACCOMMODATION_1582443662283_06f359a914d352b1?_src=imagekit&tr=c-at_max,h-80,q-40,w-80","https://ik.imagekit.io/tvlk/ugc-review/guys1L+Yyer9kzI3sp-pb0CG1j2bhflZGFUZOoIf1YOBAm37kEUOKR41ieUZm7ZJ/ugc-photo-ap-southeast-1-581603780057-acd24e232f75f09e/ACCOMMODATION/9942713_ACCOMMODATION_1582443662283_7ae7ea30704fb1e8?_src=imagekit&tr=c-at_max,h-80,q-40,w-80","https://ik.imagekit.io/tvlk/ugc-review/guys1L+Yyer9kzI3sp-pb0CG1j2bhflZGFUZOoIf1YOBAm37kEUOKR41ieUZm7ZJ/ugc-photo-ap-southeast-1-581603780057-acd24e232f75f09e/ACCOMMODATION/9942713_ACCOMMODATION_1582443662283_3eba292f2b5081a2?_src=imagekit&tr=c-at_max,h-80,q-40,w-80","https://ik.imagekit.io/tvlk/ugc-review/guys1L+Yyer9kzI3sp-pb0CG1j2bhflZGFUZOoIf1YOBAm37kEUOKR41ieUZm7ZJ/ugc-photo-ap-southeast-1-581603780057-acd24e232f75f09e/ACCOMMODATION/9942713_ACCOMMODATION_1582443662283_93649bf402ab7f4f?_src=imagekit&tr=c-at_max,h-80,q-40,w-80","https://ik.imagekit.io/tvlk/ugc-review/guys1L+Yyer9kzI3sp-pb0CG1j2bhflZGFUZOoIf1YOBAm37kEUOKR41ieUZm7ZJ/ugc-photo-ap-southeast-1-581603780057-acd24e232f75f09e/ACCOMMODATION/9942713_ACCOMMODATION_1582443662284_791a28d1f24aec35?_src=imagekit&tr=c-at_max,h-80,q-40,w-80","https://ik.imagekit.io/tvlk/ugc-review/guys1L+Yyer9kzI3sp-pb0CG1j2bhflZGFUZOoIf1YOBAm37kEUOKR41ieUZm7ZJ/ugc-photo-ap-southeast-1-581603780057-acd24e232f75f09e/ACCOMMODATION/9942713_ACCOMMODATION_1582443662284_fcbb87d66cb87aa9?_src=imagekit&tr=c-at_max,h-80,q-40,w-80",,,,,,,,,,
https://www.traveloka.com/id-id/user/review/consumption/HOTEL/GENERAL/3000020009559,6,27,"Strategis, di pusat perbelanjaan dan dekat stasiun.",Diulas 324 minggu lalu,"https://ik.imagekit.io/tvlk/ugc-review/guys1L+Yyer9kzI3sp-pb0CG1j2bhflZGFUZOoIf1YOBAm37kEUOKR41ieUZm7ZJ/ugc-photo-ap-southeast-1-581603780057-acd24e232f75f09e/ACCOMMODATION/15372606_ACCOMMODATION_1582464716487_11e020376c9c48ac?_src=imagekit&tr=c-at_max,h-100,q-40,w-100","https://ik.imagekit.io/tvlk/ugc-review/guys1L+Yyer9kzI3sp-pb0CG1j2bhflZGFUZOoIf1YOBAm37kEUOKR41ieUZm7ZJ/ugc-photo-ap-southeast-1-581603780057-acd24e232f75f09e/ACCOMMODATION/15372606_ACCOMMODATION_1582464716488_67afd4a74e11eafb?_src=imagekit&tr=c-at_max,h-100,q-40,w-100",,,,,,,,,,,,,,,,,,
https://www.traveloka.com/id-id/user/review/consumption/HOTEL/GENERAL/3000020009559,6,28,"Tempatnya bersih dan nyaman dan mudah akses ke mal jadi one stop living, Makanannya lumayan bervariasi tapi suka tidak kebagian karena yang menginap disini banyak walaupun weekday. rata-rata orang-orang business trip.",Diulas 325 minggu lalu,"https://ik.imagekit.io/tvlk/ugc-review/guys1L+Yyer9kzI3sp-pb0CG1j2bhflZGFUZOoIf1YOBAm37kEUOKR41ieUZm7ZJ/ugc-photo-ap-southeast-1-581603780057-acd24e232f75f09e/ACCOMMODATION/64198209_ACCOMMODATION_1581915783719_b2b90e0869364d76?_src=imagekit&tr=c-at_max,h-100,q-40,w-100","https://ik.imagekit.io/tvlk/ugc-review/guys1L+Yyer9kzI3sp-pb0CG1j2bhflZGFUZOoIf1YOBAm37kEUOKR41ieUZm7ZJ/ugc-photo-ap-southeast-1-581603780057-acd24e232f75f09e/ACCOMMODATION/64198209_ACCOMMODATION_1581915783720_95192c2af471a503?_src=imagekit&tr=c-at_max,h-100,q-40,w-100","https://ik.imagekit.io/tvlk/ugc-review/guys1L+Yyer9kzI3sp-pb0CG1j2bhflZGFUZOoIf1YOBAm37kEUOKR41ieUZm7ZJ/ugc-photo-ap-southeast-1-581603780057-acd24e232f75f09e/ACCOMMODATION/64198209_ACCOMMODATION_1581915783720_5fd1be84aa8f6ab0?_src=imagekit&tr=c-at_max,h-100,q-40,w-100",,,,,,,,,,,,,,,,,
https://www.traveloka.com/id-id/user/review/consumption/HOTEL/GENERAL/3000020009559,6,29,"Suka banget sama ini hotel. Lokasi di tengah kota nyambung dengan mal, cari makan jadi praktis. Kamarnya juga bersih dan nyaman. Receptionist juga sangat ramah. Happ banget dan bakal balik lagi.",Diulas 325 minggu lalu,"https://ik.imagekit.io/tvlk/ugc-review/guys1L+Yyer9kzI3sp-pb0CG1j2bhflZGFUZOoIf1YOBAm37kEUOKR41ieUZm7ZJ/ugc-photo-ap-southeast-1-581603780057-acd24e232f75f09e/ACCOMMODATION/3464162_ACCOMMODATION_1581772375503_af666dfb083a15ba?_src=imagekit&tr=c-at_max,h-100,q-40,w-100","https://ik.imagekit.io/tvlk/ugc-review/guys1L+Yyer9kzI3sp-pb0CG1j2bhflZGFUZOoIf1YOBAm37kEUOKR41ieUZm7ZJ/ugc-photo-ap-southeast-1-581603780057-acd24e232f75f09e/ACCOMMODATION/3464162_ACCOMMODATION_1581772375503_e89d4da831aad298?_src=imagekit&tr=c-at_max,h-100,q-40,w-100","https://ik.imagekit.io/tvlk/ugc-review/guys1L+Yyer9kzI3sp-pb0CG1j2bhflZGFUZOoIf1YOBAm37kEUOKR41ieUZm7ZJ/ugc-photo-ap-southeast-1-581603780057-acd24e232f75f09e/ACCOMMODATION/3464162_ACCOMMODATION_1581772375503_d80eb17f140f9461?_src=imagekit&tr=c-at_max,h-100,q-40,w-100",,,,,,,,,,,,,,,,,
https://www.traveloka.com/id-id/user/review/consumption/HOTEL/GENERAL/3000020009559,6,30,Lokasi sangat strategis untuk kelancaran kunjungan saya.,Diulas 327 minggu lalu,"https://ik.imagekit.io/tvlk/ugc-review/guys1L+Yyer9kzI3sp-pb0CG1j2bhflZGFUZOoIf1YOBAm37kEUOKR41ieUZm7ZJ/ugc-photo-ap-southeast-1-581603780057-acd24e232f75f09e/ACCOMMODATION/8180892_ACCOMMODATION_1580348512182_349d2e6bbcac67e6?_src=imagekit&tr=c-at_max,h-100,q-40,w-100",,,,,,,,,,,,,,,,,,,
https://www.traveloka.com/id-id/user/review/consumption/HOTEL/GENERAL/3000020009559,6,31,"Hotel Instagramable banget, keren, bersih, cozy. Cocok buat yang mau liburan ke Bandung.",Diulas 328 minggu lalu,"https://ik.imagekit.io/tvlk/ugc-review/guys1L+Yyer9kzI3sp-pb0CG1j2bhflZGFUZOoIf1YOBAm37kEUOKR41ieUZm7ZJ/ugc-photo-ap-southeast-1-581603780057-acd24e232f75f09e/ACCOMMODATION/23577400_ACCOMMODATION_1580106560803_75c91c950f5e819d?_src=imagekit&tr=c-at_max,h-100,q-40,w-100",,,,,,,,,,,,,,,,,,,
https://www.traveloka.com/id-id/user/review/consumption/HOTEL/GENERAL/3000020009559,6,32,"Pertama kali booking Yello Hotel, karena lokasinya tepat diatas Mal Paskal 23. Dekat dengan stasiun dan pusat keramaian tentunya. Kamarnya pun nyaman cukup untuk 2 orang, saya dapat smoking room lantai paling atas, namun tidak ada shower cap. Dan kebetulan saya dapat harga murah krn sedang promo. Untuk BFnya cukup beragam, ada omelet, pancakes, bubur2, dll.",Diulas 328 minggu lalu,"https://ik.imagekit.io/tvlk/ugc-review/guys1L+Yyer9kzI3sp-pb0CG1j2bhflZGFUZOoIf1YOBAm37kEUOKR41ieUZm7ZJ/ugc-photo-ap-southeast-1-581603780057-acd24e232f75f09e/ACCOMMODATION/6105505_ACCOMMODATION_1580055168153_f4befd70d078e8e6?_src=imagekit&tr=c-at_max,h-100,q-40,w-100","https://ik.imagekit.io/tvlk/ugc-review/guys1L+Yyer9kzI3sp-pb0CG1j2bhflZGFUZOoIf1YOBAm37kEUOKR41ieUZm7ZJ/ugc-photo-ap-southeast-1-581603780057-acd24e232f75f09e/ACCOMMODATION/6105505_ACCOMMODATION_1580055168153_d1aaf1661cbc289f?_src=imagekit&tr=c-at_max,h-100,q-40,w-100",,,,,,,,,,,,,,,,,,
https://www.traveloka.com/id-id/user/review/consumption/HOTEL/GENERAL/3000020009559,6,33,Hotel yang enak untuk staycation.,Diulas 328 minggu lalu,"https://ik.imagekit.io/tvlk/ugc-review/guys1L+Yyer9kzI3sp-pb0CG1j2bhflZGFUZOoIf1YOBAm37kEUOKR41ieUZm7ZJ/ugc-photo-ap-southeast-1-581603780057-acd24e232f75f09e/ACCOMMODATION/108532745_ACCOMMODATION_1579524987673_ab2191c6303cb274?_src=imagekit&tr=c-at_max,h-100,q-40,w-100","https://ik.imagekit.io/tvlk/ugc-review/guys1L+Yyer9kzI3sp-pb0CG1j2bhflZGFUZOoIf1YOBAm37kEUOKR41ieUZm7ZJ/ugc-photo-ap-southeast-1-581603780057-acd24e232f75f09e/ACCOMMODATION/108532745_ACCOMMODATION_1579524987672_2520c6b89417bb81?_src=imagekit&tr=c-at_max,h-100,q-40,w-100","https://ik.imagekit.io/tvlk/ugc-review/guys1L+Yyer9kzI3sp-pb0CG1j2bhflZGFUZOoIf1YOBAm37kEUOKR41ieUZm7ZJ/ugc-photo-ap-southeast-1-581603780057-acd24e232f75f09e/ACCOMMODATION/108532745_ACCOMMODATION_1579524987673_b5d85c035f8c3fb4?_src=imagekit&tr=c-at_max,h-100,q-40,w-100","https://ik.imagekit.io/tvlk/ugc-review/guys1L+Yyer9kzI3sp-pb0CG1j2bhflZGFUZOoIf1YOBAm37kEUOKR41ieUZm7ZJ/ugc-photo-ap-southeast-1-581603780057-acd24e232f75f09e/ACCOMMODATION/108532745_ACCOMMODATION_1579524987673_0792c9fdb21df767?_src=imagekit&tr=c-at_max,h-100,q-40,w-100",,,,,,,,,,,,,,,,
https://www.traveloka.com/id-id/user/review/consumption/HOTEL/GENERAL/3000020009559,6,34,Sangat menyenangkan membawa anak-anak liburan di yello hotel. Kolam renang dan fasilitas gamenya bikim anak betah. Sarapannya juga enak.,Diulas 329 minggu lalu,"https://ik.imagekit.io/tvlk/ugc-review/guys1L+Yyer9kzI3sp-pb0CG1j2bhflZGFUZOoIf1YOBAm37kEUOKR41ieUZm7ZJ/ugc-photo-ap-southeast-1-581603780057-acd24e232f75f09e/ACCOMMODATION/16069467_ACCOMMODATION_1579229171140_eacbaae806826b93?_src=imagekit&tr=c-at_max,h-100,q-40,w-100","https://ik.imagekit.io/tvlk/ugc-review/guys1L+Yyer9kzI3sp-pb0CG1j2bhflZGFUZOoIf1YOBAm37kEUOKR41ieUZm7ZJ/ugc-photo-ap-southeast-1-581603780057-acd24e232f75f09e/ACCOMMODATION/16069467_ACCOMMODATION_1579229171141_8f375ca2c262fd4b?_src=imagekit&tr=c-at_max,h-100,q-40,w-100","https://ik.imagekit.io/tvlk/ugc-review/guys1L+Yyer9kzI3sp-pb0CG1j2bhflZGFUZOoIf1YOBAm37kEUOKR41ieUZm7ZJ/ugc-photo-ap-southeast-1-581603780057-acd24e232f75f09e/ACCOMMODATION/16069467_ACCOMMODATION_1579229171141_d920952da8b49a01?_src=imagekit&tr=c-at_max,h-100,q-40,w-100","https://ik.imagekit.io/tvlk/ugc-review/guys1L+Yyer9kzI3sp-pb0CG1j2bhflZGFUZOoIf1YOBAm37kEUOKR41ieUZm7ZJ/ugc-photo-ap-southeast-1-581603780057-acd24e232f75f09e/ACCOMMODATION/16069467_ACCOMMODATION_1579229171141_f9113bc4d38e728b?_src=imagekit&tr=c-at_max,h-100,q-40,w-100",,,,,,,,,,,,,,,,
https://www.traveloka.com/id-id/user/review/consumption/HOTEL/GENERAL/3000020009559,6,35,"Hotelnya unik banget, sarapannya enak banyak variasinya, tempatnya strategis dekat dengan stasiun buat yang dari luar kota bisa banget, Ada food market di belakangnya cocok buat yang pengen kuliner Bandung😁",Diulas 330 minggu lalu,"https://ik.imagekit.io/tvlk/ugc-review/guys1L+Yyer9kzI3sp-pb0CG1j2bhflZGFUZOoIf1YOBAm37kEUOKR41ieUZm7ZJ/ugc-photo-ap-southeast-1-581603780057-acd24e232f75f09e/ACCOMMODATION/90275741_ACCOMMODATION_1578977172288_93e70d1de6ebbdec?_src=imagekit&tr=c-at_max,h-100,q-40,w-100",,,,,,,,,,,,,,,,,,,
https://www.traveloka.com/id-id/user/review/consumption/HOTEL/GENERAL/3000020009559,6,36,"Hotelnya strategis, kemana-mana dekat. Nyaman dan sangat istragramable. Staf hotelnya juga ramah. Pokoknya recommended banget deh. Terima kasih Traveloka dan yello hotel.",Diulas 330 minggu lalu,"https://ik.imagekit.io/tvlk/ugc-review/guys1L+Yyer9kzI3sp-pb0CG1j2bhflZGFUZOoIf1YOBAm37kEUOKR41ieUZm7ZJ/ugc-photo-ap-southeast-1-581603780057-acd24e232f75f09e/ACCOMMODATION/97556884_ACCOMMODATION_1578808414043_dc84db7321843387?_src=imagekit&tr=c-at_max,h-100,q-40,w-100",,,,,,,,,,,,,,,,,,,
https://www.traveloka.com/id-id/user/review/consumption/HOTEL/GENERAL/3000020009559,6,37,"Terletak di lokasi strategis yang berada di atas Paskal 23 Mall dengan harga terjangkau, desain yang menarik dan setiap hal tersentuh dalam warna Kuning. Keramahan adalah layanan hebat dan cepat dari para staf. Rasa sarapan di atas rata-rata dan banyak pilihan. Ini adalah salah satu pilihan terbaik untuk tinggal di Bandung karena dikelilingi dengan restoran, hiburan dan tempat parkir yang luas.",Diulas 330 minggu lalu,"https://ik.imagekit.io/tvlk/ugc-review/guys1L+Yyer9kzI3sp-pb0CG1j2bhflZGFUZOoIf1YOBAm37kEUOKR41ieUZm7ZJ/ugc-photo-ap-southeast-1-581603780057-acd24e232f75f09e/ACCOMMODATION/14259370_ACCOMMODATION_1578801516143_2999f86d7bae14f2?_src=imagekit&tr=c-at_max,h-100,q-40,w-100","https://ik.imagekit.io/tvlk/ugc-review/guys1L+Yyer9kzI3sp-pb0CG1j2bhflZGFUZOoIf1YOBAm37kEUOKR41ieUZm7ZJ/ugc-photo-ap-southeast-1-581603780057-acd24e232f75f09e/ACCOMMODATION/14259370_ACCOMMODATION_1578801516143_ca0cc35010dddcf4?_src=imagekit&tr=c-at_max,h-100,q-40,w-100","https://ik.imagekit.io/tvlk/ugc-review/guys1L+Yyer9kzI3sp-pb0CG1j2bhflZGFUZOoIf1YOBAm37kEUOKR41ieUZm7ZJ/ugc-photo-ap-southeast-1-581603780057-acd24e232f75f09e/ACCOMMODATION/14259370_ACCOMMODATION_1578801516143_9f2962d7b7c50cb8?_src=imagekit&tr=c-at_max,h-100,q-40,w-100",,,,,,,,,,,,,,,,,
https://www.traveloka.com/id-id/user/review/consumption/HOTEL/GENERAL/3000020009559,6,38,"Kamar yang bagus, pelayanan baik, breakfast banyak pilihan, sangat berkesan.",Diulas 330 minggu lalu,"https://ik.imagekit.io/tvlk/ugc-review/guys1L+Yyer9kzI3sp-pb0CG1j2bhflZGFUZOoIf1YOBAm37kEUOKR41ieUZm7ZJ/ugc-photo-ap-southeast-1-581603780057-acd24e232f75f09e/ACCOMMODATION/154535493_ACCOMMODATION_1578652512026_f5beac589f8a1ea0?_src=imagekit&tr=c-at_max,h-100,q-40,w-100",,,,,,,,,,,,,,,,,,,
https://www.traveloka.com/id-id/user/review/consumption/HOTEL/GENERAL/3000020009559,6,39,"Lokasi strategis, kamar rapi, bersih dan design modern, kami puas menginap disini. Jika ke bandung lagi kami mau menginap kembali di yello hotel.",Diulas 331 minggu lalu,"https://ik.imagekit.io/tvlk/ugc-review/guys1L+Yyer9kzI3sp-pb0CG1j2bhflZGFUZOoIf1YOBAm37kEUOKR41ieUZm7ZJ/ugc-photo-ap-southeast-1-581603780057-acd24e232f75f09e/ACCOMMODATION/9716829_ACCOMMODATION_1578225350813_c1171a9ae7e89302?_src=imagekit&tr=c-at_max,h-100,q-40,w-100",,,,,,,,,,,,,,,,,,,
https://www.traveloka.com/id-id/user/review/consumption/HOTEL/GENERAL/3000020009559,6,40,"Hotelnya bagus, kamar luas, bersih dan strategis dekat mal dan food market. hanya, awal kedatangan, di kamar mandi ada handuk dengan noda kotoran. Mohon diperiksa lagi apakah handuk sudah benar-benar bersih atau belum. Lalu 1 lagi, di kamar kami (710), ACnya bocor sehingga basah dimana-mana. Overall, selain hal-hal di atas, semuanya memuaskan, breakfast juga enak dan menunya beragam.",Diulas 331 minggu lalu,"https://ik.imagekit.io/tvlk/ugc-review/guys1L+Yyer9kzI3sp-pb0CG1j2bhflZGFUZOoIf1YOBAm37kEUOKR41ieUZm7ZJ/ugc-photo-ap-southeast-1-581603780057-acd24e232f75f09e/ACCOMMODATION/19332536_ACCOMMODATION_1577969458597_65a296f7f868f34b?_src=imagekit&tr=c-at_max,h-100,q-40,w-100","https://ik.imagekit.io/tvlk/ugc-review/guys1L+Yyer9kzI3sp-pb0CG1j2bhflZGFUZOoIf1YOBAm37kEUOKR41ieUZm7ZJ/ugc-photo-ap-southeast-1-581603780057-acd24e232f75f09e/ACCOMMODATION/19332536_ACCOMMODATION_1577969458597_72cb0c4dc28af5af?_src=imagekit&tr=c-at_max,h-100,q-40,w-100","https://ik.imagekit.io/tvlk/ugc-review/guys1L+Yyer9kzI3sp-pb0CG1j2bhflZGFUZOoIf1YOBAm37kEUOKR41ieUZm7ZJ/ugc-photo-ap-southeast-1-581603780057-acd24e232f75f09e/ACCOMMODATION/19332536_ACCOMMODATION_1577969458597_020cb89548ab08de?_src=imagekit&tr=c-at_max,h-100,q-40,w-100",,,,,,,,,,,,,,,,,
https://www.traveloka.com/id-id/user/review/consumption/HOTEL/GENERAL/3000020009559,7,1,Great place! Apa lagi keuntungannya bisa akses langsung ke paskal 23 👌👍,Diulas 331 minggu lalu,"https://ik.imagekit.io/tvlk/ugc-review/guys1L+Yyer9kzI3sp-pb0CG1j2bhflZGFUZOoIf1YOBAm37kEUOKR41ieUZm7ZJ/ugc-photo-ap-southeast-1-581603780057-acd24e232f75f09e/ACCOMMODATION/17770435_ACCOMMODATION_1578094556051_6bc29c6abfca35c1?_src=imagekit&tr=c-at_max,h-100,q-40,w-100","https://ik.imagekit.io/tvlk/ugc-review/guys1L+Yyer9kzI3sp-pb0CG1j2bhflZGFUZOoIf1YOBAm37kEUOKR41ieUZm7ZJ/ugc-photo-ap-southeast-1-581603780057-acd24e232f75f09e/ACCOMMODATION/17770435_ACCOMMODATION_1578094556051_ac3179039e1d348f?_src=imagekit&tr=c-at_max,h-100,q-40,w-100",,,,,,,,,,,,,,,,,,
https://www.traveloka.com/id-id/user/review/consumption/HOTEL/GENERAL/3000020009559,7,2,"Ini kedua kali kami menginap di yello paskal. Sejauh ini semuanya oke, butuh waktu agak lama pada saat check-in, Mungkin karena masih high season dan saya minta kamar double bed. Selain itu semuanya baik dan menyenangkan. Thanks Traveloka dan yello paskal.",Diulas 331 minggu lalu,"https://ik.imagekit.io/tvlk/ugc-review/guys1L+Yyer9kzI3sp-pb0CG1j2bhflZGFUZOoIf1YOBAm37kEUOKR41ieUZm7ZJ/ugc-photo-ap-southeast-1-581603780057-acd24e232f75f09e/ACCOMMODATION/20648035_ACCOMMODATION_1578040851714_1712f7f7bcc9fc33?_src=imagekit&tr=c-at_max,h-100,q-40,w-100","https://ik.imagekit.io/tvlk/ugc-review/guys1L+Yyer9kzI3sp-pb0CG1j2bhflZGFUZOoIf1YOBAm37kEUOKR41ieUZm7ZJ/ugc-photo-ap-southeast-1-581603780057-acd24e232f75f09e/ACCOMMODATION/20648035_ACCOMMODATION_1578040851715_512474aa563373db?_src=imagekit&tr=c-at_max,h-100,q-40,w-100",,,,,,,,,,,,,,,,,,
https://www.traveloka.com/id-id/user/review/consumption/HOTEL/GENERAL/3000020009559,7,3,Banyak spot foto yang instagramable. Yang paling penting breakfastnya enak-enak,Diulas 332 minggu lalu,"https://ik.imagekit.io/tvlk/ugc-review/guys1L+Yyer9kzI3sp-pb0CG1j2bhflZGFUZOoIf1YOBAm37kEUOKR41ieUZm7ZJ/ugc-photo-ap-southeast-1-581603780057-acd24e232f75f09e/ACCOMMODATION/7471068_ACCOMMODATION_1577662466210_965725da2e4e670f?_src=imagekit&tr=c-at_max,h-100,q-40,w-100",,,,,,,,,,,,,,,,,,,
https://www.traveloka.com/id-id/user/review/consumption/HOTEL/GENERAL/3000020009559,7,4,"Hotel yang bagus, seperti rumah, nyaman ..sayang. Di dekat mal & stasiun kereta.",Diulas 332 minggu lalu,"https://ik.imagekit.io/tvlk/ugc-review/guys1L+Yyer9kzI3sp-pb0CG1j2bhflZGFUZOoIf1YOBAm37kEUOKR41ieUZm7ZJ/ugc-photo-ap-southeast-1-581603780057-acd24e232f75f09e/ACCOMMODATION/26805692_ACCOMMODATION_1577266141886_148ae723678e3722?_src=imagekit&tr=c-at_max,h-100,q-40,w-100","https://ik.imagekit.io/tvlk/ugc-review/guys1L+Yyer9kzI3sp-pb0CG1j2bhflZGFUZOoIf1YOBAm37kEUOKR41ieUZm7ZJ/ugc-photo-ap-southeast-1-581603780057-acd24e232f75f09e/ACCOMMODATION/26805692_ACCOMMODATION_1577266141886_a3e934572fb44f57?_src=imagekit&tr=c-at_max,h-100,q-40,w-100","https://ik.imagekit.io/tvlk/ugc-review/guys1L+Yyer9kzI3sp-pb0CG1j2bhflZGFUZOoIf1YOBAm37kEUOKR41ieUZm7ZJ/ugc-photo-ap-southeast-1-581603780057-acd24e232f75f09e/ACCOMMODATION/26805692_ACCOMMODATION_1577266141886_36a50af05d44ddeb?_src=imagekit&tr=c-at_max,h-100,q-40,w-100",,,,,,,,,,,,,,,,,
https://www.traveloka.com/id-id/user/review/consumption/HOTEL/GENERAL/3000020009559,7,5,Happy liburan natalan bersama keluarga.,Diulas 332 minggu lalu,"https://ik.imagekit.io/tvlk/ugc-review/guys1L+Yyer9kzI3sp-pb0CG1j2bhflZGFUZOoIf1YOBAm37kEUOKR41ieUZm7ZJ/ugc-photo-ap-southeast-1-581603780057-acd24e232f75f09e/ACCOMMODATION/30951407_ACCOMMODATION_1577186565041_24204b2b08ddda16?_src=imagekit&tr=c-at_max,h-100,q-40,w-100","https://ik.imagekit.io/tvlk/ugc-review/guys1L+Yyer9kzI3sp-pb0CG1j2bhflZGFUZOoIf1YOBAm37kEUOKR41ieUZm7ZJ/ugc-photo-ap-southeast-1-581603780057-acd24e232f75f09e/ACCOMMODATION/30951407_ACCOMMODATION_1577186565041_800d601c60050ad7?_src=imagekit&tr=c-at_max,h-100,q-40,w-100",,,,,,,,,,,,,,,,,,
https://www.traveloka.com/id-id/user/review/consumption/HOTEL/GENERAL/3000020009559,7,6,"Recommended hotel, mau shopping tinggal turun saja, staffnya ramah kamar bersih, kalau liburan ke Bandung pasti kesini lagi❤️",Diulas 333 minggu lalu,"https://ik.imagekit.io/tvlk/ugc-review/guys1L+Yyer9kzI3sp-pb0CG1j2bhflZGFUZOoIf1YOBAm37kEUOKR41ieUZm7ZJ/ugc-photo-ap-southeast-1-581603780057-acd24e232f75f09e/ACCOMMODATION/121441608_ACCOMMODATION_1576591963116_c3aa10550e29fe35?_src=imagekit&tr=c-at_max,h-100,q-40,w-100","https://ik.imagekit.io/tvlk/ugc-review/guys1L+Yyer9kzI3sp-pb0CG1j2bhflZGFUZOoIf1YOBAm37kEUOKR41ieUZm7ZJ/ugc-photo-ap-southeast-1-581603780057-acd24e232f75f09e/ACCOMMODATION/121441608_ACCOMMODATION_1576591963116_a35a538effe07802?_src=imagekit&tr=c-at_max,h-100,q-40,w-100",,,,,,,,,,,,,,,,,,
https://www.traveloka.com/id-id/user/review/consumption/HOTEL/GENERAL/3000020009559,7,7,"wow, lokasi adalah satu kompleks dengan Paskal 23 mal, banyak restoran di dalam dan di luar mal, hanya 650 meter berjalan kaki dari stasiun kereta api. Stafnya semua bagus dan trendi, dan yang membuat saya terkejut adalah sarapan, banyak makanan lezat, seperti sarapan hotel bintang 4 hehehe",Diulas 334 minggu lalu,"https://ik.imagekit.io/tvlk/ugc-review/guys1L+Yyer9kzI3sp-pb0CG1j2bhflZGFUZOoIf1YOBAm37kEUOKR41ieUZm7ZJ/ugc-photo-ap-southeast-1-581603780057-acd24e232f75f09e/ACCOMMODATION/4148833_ACCOMMODATION_1576488679519_8c9d3ca2d9442a4d?_src=imagekit&tr=c-at_max,h-80,q-40,w-80","https://ik.imagekit.io/tvlk/ugc-review/guys1L+Yyer9kzI3sp-pb0CG1j2bhflZGFUZOoIf1YOBAm37kEUOKR41ieUZm7ZJ/ugc-photo-ap-southeast-1-581603780057-acd24e232f75f09e/ACCOMMODATION/4148833_ACCOMMODATION_1576488679520_bd7eb0bda7a537b1?_src=imagekit&tr=c-at_max,h-80,q-40,w-80","https://ik.imagekit.io/tvlk/ugc-review/guys1L+Yyer9kzI3sp-pb0CG1j2bhflZGFUZOoIf1YOBAm37kEUOKR41ieUZm7ZJ/ugc-photo-ap-southeast-1-581603780057-acd24e232f75f09e/ACCOMMODATION/4148833_ACCOMMODATION_1576488679520_7098a78c14e00a42?_src=imagekit&tr=c-at_max,h-80,q-40,w-80","https://ik.imagekit.io/tvlk/ugc-review/guys1L+Yyer9kzI3sp-pb0CG1j2bhflZGFUZOoIf1YOBAm37kEUOKR41ieUZm7ZJ/ugc-photo-ap-southeast-1-581603780057-acd24e232f75f09e/ACCOMMODATION/4148833_ACCOMMODATION_1576488679520_fc791c89e3ddf8f8?_src=imagekit&tr=c-at_max,h-80,q-40,w-80","https://ik.imagekit.io/tvlk/ugc-review/guys1L+Yyer9kzI3sp-pb0CG1j2bhflZGFUZOoIf1YOBAm37kEUOKR41ieUZm7ZJ/ugc-photo-ap-southeast-1-581603780057-acd24e232f75f09e/ACCOMMODATION/4148833_ACCOMMODATION_1576488679521_d6c897fa547f3773?_src=imagekit&tr=c-at_max,h-80,q-40,w-80","https://ik.imagekit.io/tvlk/ugc-review/guys1L+Yyer9kzI3sp-pb0CG1j2bhflZGFUZOoIf1YOBAm37kEUOKR41ieUZm7ZJ/ugc-photo-ap-southeast-1-581603780057-acd24e232f75f09e/ACCOMMODATION/4148833_ACCOMMODATION_1576488679521_f49006c36c8f0832?_src=imagekit&tr=c-at_max,h-80,q-40,w-80","https://ik.imagekit.io/tvlk/ugc-review/guys1L+Yyer9kzI3sp-pb0CG1j2bhflZGFUZOoIf1YOBAm37kEUOKR41ieUZm7ZJ/ugc-photo-ap-southeast-1-581603780057-acd24e232f75f09e/ACCOMMODATION/4148833_ACCOMMODATION_1576488679522_5f2a10e29ba11d41?_src=imagekit&tr=c-at_max,h-80,q-40,w-80","https://ik.imagekit.io/tvlk/ugc-review/guys1L+Yyer9kzI3sp-pb0CG1j2bhflZGFUZOoIf1YOBAm37kEUOKR41ieUZm7ZJ/ugc-photo-ap-southeast-1-581603780057-acd24e232f75f09e/ACCOMMODATION/4148833_ACCOMMODATION_1576488679522_d47977055ac03c95?_src=imagekit&tr=c-at_max,h-80,q-40,w-80","https://ik.imagekit.io/tvlk/ugc-review/guys1L+Yyer9kzI3sp-pb0CG1j2bhflZGFUZOoIf1YOBAm37kEUOKR41ieUZm7ZJ/ugc-photo-ap-southeast-1-581603780057-acd24e232f75f09e/ACCOMMODATION/4148833_ACCOMMODATION_1576488679523_4332a4f944a65e66?_src=imagekit&tr=c-at_max,h-80,q-40,w-80","https://ik.imagekit.io/tvlk/ugc-review/guys1L+Yyer9kzI3sp-pb0CG1j2bhflZGFUZOoIf1YOBAm37kEUOKR41ieUZm7ZJ/ugc-photo-ap-southeast-1-581603780057-acd24e232f75f09e/ACCOMMODATION/4148833_ACCOMMODATION_1576488679523_7e04242ebe3ef4f8?_src=imagekit&tr=c-at_max,h-80,q-40,w-80",,,,,,,,,,
https://www.traveloka.com/id-id/user/review/consumption/HOTEL/GENERAL/3000020009559,7,8,"Kamar bagus, lokasi persis di mal paskal yang tenantnya lengkap banget, kamar luas, interior oke dan instagramable, sarapan juga oke",Diulas 334 minggu lalu,"https://ik.imagekit.io/tvlk/ugc-review/guys1L+Yyer9kzI3sp-pb0CG1j2bhflZGFUZOoIf1YOBAm37kEUOKR41ieUZm7ZJ/ugc-photo-ap-southeast-1-581603780057-acd24e232f75f09e/ACCOMMODATION/10757355_ACCOMMODATION_1576016558288_360cd133d4019d1f?_src=imagekit&tr=c-at_max,h-100,q-40,w-100","https://ik.imagekit.io/tvlk/ugc-review/guys1L+Yyer9kzI3sp-pb0CG1j2bhflZGFUZOoIf1YOBAm37kEUOKR41ieUZm7ZJ/ugc-photo-ap-southeast-1-581603780057-acd24e232f75f09e/ACCOMMODATION/10757355_ACCOMMODATION_1576016558289_f1a4f5508b835529?_src=imagekit&tr=c-at_max,h-100,q-40,w-100",,,,,,,,,,,,,,,,,,
https://www.traveloka.com/id-id/user/review/consumption/HOTEL/GENERAL/3000020009559,7,9,"Menginap cuma semalam walaupun kamarnya tidak terlalu luas tapi jendelanya besar anak-anak suka ditambah ada sofa panjangnya, Menginap disini sekalian kasih kejutan ulang tahun mama dan papa. Lokasinya strategis di mal 23 paskal, sarapannya lumayan enak. Next time ke Bandung menginap disini lagi.",Diulas 338 minggu lalu,"https://ik.imagekit.io/tvlk/ugc-review/guys1L+Yyer9kzI3sp-pb0CG1j2bhflZGFUZOoIf1YOBAm37kEUOKR41ieUZm7ZJ/ugc-photo-ap-southeast-1-581603780057-acd24e232f75f09e/ACCOMMODATION/4840349_ACCOMMODATION_1573814271847_0d1236d5d1eea530?_src=imagekit&tr=c-at_max,h-100,q-40,w-100","https://ik.imagekit.io/tvlk/ugc-review/guys1L+Yyer9kzI3sp-pb0CG1j2bhflZGFUZOoIf1YOBAm37kEUOKR41ieUZm7ZJ/ugc-photo-ap-southeast-1-581603780057-acd24e232f75f09e/ACCOMMODATION/4840349_ACCOMMODATION_1573814271848_9fc1d779a1ca7a6e?_src=imagekit&tr=c-at_max,h-100,q-40,w-100",,,,,,,,,,,,,,,,,,
https://www.traveloka.com/id-id/user/review/consumption/HOTEL/GENERAL/3000020009559,7,10,"Staffnya ramah banget, kamarnya bersih dan nyaman, pemandangan kamarnya super bagus, kemana-mana dekat, pilihan menu sarapan banyak dan enak semua. Bisa nitip tas (gratis) meski sudah check-out dan bisa keliling bandung tanpa khawatir.",Diulas 338 minggu lalu,"https://ik.imagekit.io/tvlk/ugc-review/guys1L+Yyer9kzI3sp-pb0CG1j2bhflZGFUZOoIf1YOBAm37kEUOKR41ieUZm7ZJ/ugc-photo-ap-southeast-1-581603780057-acd24e232f75f09e/ACCOMMODATION/22840059_ACCOMMODATION_1573708598142_66e5838125eb3c5f?_src=imagekit&tr=c-at_max,h-100,q-40,w-100","https://ik.imagekit.io/tvlk/ugc-review/guys1L+Yyer9kzI3sp-pb0CG1j2bhflZGFUZOoIf1YOBAm37kEUOKR41ieUZm7ZJ/ugc-photo-ap-southeast-1-581603780057-acd24e232f75f09e/ACCOMMODATION/22840059_ACCOMMODATION_1573708598142_ba2ee5341a36028c?_src=imagekit&tr=c-at_max,h-100,q-40,w-100",,,,,,,,,,,,,,,,,,
https://www.traveloka.com/id-id/user/review/consumption/HOTEL/GENERAL/3000020009559,7,11,Bukan kamar besar tapi bersih dan saya suka bau jeruk segar di sekitar hotel 🥰,Diulas 342 minggu lalu,"https://ik.imagekit.io/tvlk/ugc-review/guys1L+Yyer9kzI3sp-pb0CG1j2bhflZGFUZOoIf1YOBAm37kEUOKR41ieUZm7ZJ/ugc-photo-ap-southeast-1-581603780057-acd24e232f75f09e/ACCOMMODATION/0_ACCOMMODATION_1571377829214_20b99186a909a3e6?_src=imagekit&tr=c-at_max,h-100,q-40,w-100","https://ik.imagekit.io/tvlk/ugc-review/guys1L+Yyer9kzI3sp-pb0CG1j2bhflZGFUZOoIf1YOBAm37kEUOKR41ieUZm7ZJ/ugc-photo-ap-southeast-1-581603780057-acd24e232f75f09e/ACCOMMODATION/0_ACCOMMODATION_1571377829214_652e31fd76381b80?_src=imagekit&tr=c-at_max,h-100,q-40,w-100","https://ik.imagekit.io/tvlk/ugc-review/guys1L+Yyer9kzI3sp-pb0CG1j2bhflZGFUZOoIf1YOBAm37kEUOKR41ieUZm7ZJ/ugc-photo-ap-southeast-1-581603780057-acd24e232f75f09e/ACCOMMODATION/0_ACCOMMODATION_1571377829215_005405a58f668836?_src=imagekit&tr=c-at_max,h-100,q-40,w-100","https://ik.imagekit.io/tvlk/ugc-review/guys1L+Yyer9kzI3sp-pb0CG1j2bhflZGFUZOoIf1YOBAm37kEUOKR41ieUZm7ZJ/ugc-photo-ap-southeast-1-581603780057-acd24e232f75f09e/ACCOMMODATION/0_ACCOMMODATION_1571377829215_0a9397a5306d2e93?_src=imagekit&tr=c-at_max,h-100,q-40,w-100",,,,,,,,,,,,,,,,
https://www.traveloka.com/id-id/user/review/consumption/HOTEL/GENERAL/3000020009559,7,12,"Hotelnya lucu banget dan nyatu sama paskal 23. Pegawainya ramah ramah. Pas di lobby ada welcome drink juga dan beberapa permainan. Kamar bersih, WC bersih, wifi lumayan cepet. Cuma ya kamar mandi agak kecil tapi cukup lah. Sendal hotelnya unik kaya sepatu. Terus tentang makanan pilihan cukup banyak dan rasanya lumayan enak. Parkiran luas banget. Oh iya kalo bawa kendaraan minta kartu free parking nya ke FO. Puas nginep disini.",Diulas 342 minggu lalu,"https://ik.imagekit.io/tvlk/ugc-review/guys1L+Yyer9kzI3sp-pb0CG1j2bhflZGFUZOoIf1YOBAm37kEUOKR41ieUZm7ZJ/ugc-photo-ap-southeast-1-581603780057-acd24e232f75f09e/ACCOMMODATION/8715374_ACCOMMODATION_1571197734270_682e4dd37346f433?_src=imagekit&tr=c-at_max,h-100,q-40,w-100","https://ik.imagekit.io/tvlk/ugc-review/guys1L+Yyer9kzI3sp-pb0CG1j2bhflZGFUZOoIf1YOBAm37kEUOKR41ieUZm7ZJ/ugc-photo-ap-southeast-1-581603780057-acd24e232f75f09e/ACCOMMODATION/8715374_ACCOMMODATION_1571197734270_83aed19a0fdf60ee?_src=imagekit&tr=c-at_max,h-100,q-40,w-100","https://ik.imagekit.io/tvlk/ugc-review/guys1L+Yyer9kzI3sp-pb0CG1j2bhflZGFUZOoIf1YOBAm37kEUOKR41ieUZm7ZJ/ugc-photo-ap-southeast-1-581603780057-acd24e232f75f09e/ACCOMMODATION/8715374_ACCOMMODATION_1571197734271_37757ce346b698d3?_src=imagekit&tr=c-at_max,h-100,q-40,w-100","https://ik.imagekit.io/tvlk/ugc-review/guys1L+Yyer9kzI3sp-pb0CG1j2bhflZGFUZOoIf1YOBAm37kEUOKR41ieUZm7ZJ/ugc-photo-ap-southeast-1-581603780057-acd24e232f75f09e/ACCOMMODATION/8715374_ACCOMMODATION_1571197734271_fc3a35d43c2b0d8c?_src=imagekit&tr=c-at_max,h-100,q-40,w-100","https://ik.imagekit.io/tvlk/ugc-review/guys1L+Yyer9kzI3sp-pb0CG1j2bhflZGFUZOoIf1YOBAm37kEUOKR41ieUZm7ZJ/ugc-photo-ap-southeast-1-581603780057-acd24e232f75f09e/ACCOMMODATION/8715374_ACCOMMODATION_1571197734271_a351a1a1018276c7?_src=imagekit&tr=c-at_max,h-100,q-40,w-100",,,,,,,,,,,,,,,
https://www.traveloka.com/id-id/user/review/consumption/HOTEL/GENERAL/3000020009559,7,13,"Nyaman sekali, akses gampang fasilitas menyenangkan, juga tinggal selangkah ke mal😍",Diulas 343 minggu lalu,"https://ik.imagekit.io/tvlk/ugc-review/guys1L+Yyer9kzI3sp-pb0CG1j2bhflZGFUZOoIf1YOBAm37kEUOKR41ieUZm7ZJ/ugc-photo-ap-southeast-1-581603780057-acd24e232f75f09e/ACCOMMODATION/29599568_ACCOMMODATION_1570943028044_d18439e2b91c7078?_src=imagekit&tr=c-at_max,h-100,q-40,w-100","https://ik.imagekit.io/tvlk/ugc-review/guys1L+Yyer9kzI3sp-pb0CG1j2bhflZGFUZOoIf1YOBAm37kEUOKR41ieUZm7ZJ/ugc-photo-ap-southeast-1-581603780057-acd24e232f75f09e/ACCOMMODATION/29599568_ACCOMMODATION_1570943028044_9ead32efa1bcc45d?_src=imagekit&tr=c-at_max,h-100,q-40,w-100",,,,,,,,,,,,,,,,,,
https://www.traveloka.com/id-id/user/review/consumption/HOTEL/GENERAL/3000020009559,7,14,"Staf super ramah, breakfastnya lumayan enak dan variatif. Tapi sayang TV kabelnya bermasalah. Jadi bikin kurang betah diam di kamar, kamar mandi terlalu kecil. Tapi selebihnya serba bersih dan rapi. Yang paling menyenangkan mau cari makan dan cemilan tinggal turun ke paskal 23 mal.",Diulas 346 minggu lalu,"https://ik.imagekit.io/tvlk/ugc-review/guys1L+Yyer9kzI3sp-pb0CG1j2bhflZGFUZOoIf1YOBAm37kEUOKR41ieUZm7ZJ/ugc-photo-ap-southeast-1-581603780057-acd24e232f75f09e/ACCOMMODATION/21422770_ACCOMMODATION_1569248648373_2e97bded7337b88b?_src=imagekit&tr=c-at_max,h-100,q-40,w-100",,,,,,,,,,,,,,,,,,,
https://www.traveloka.com/id-id/user/review/consumption/HOTEL/GENERAL/3000020009559,7,15,hanya 10 menit jalan kaki dari Stasiun Bandung! terletak di mal pascal23 di mana Anda akan dengan mudah menemukan apa pun yang Anda butuhkan! staf sangat baik makanan lezat + kamar tidur sangat bagus! akan tinggal di sini jika ada kesempatan di Bandung,Diulas 347 minggu lalu,"https://ik.imagekit.io/tvlk/ugc-review/guys1L+Yyer9kzI3sp-pb0CG1j2bhflZGFUZOoIf1YOBAm37kEUOKR41ieUZm7ZJ/ugc-photo-ap-southeast-1-581603780057-acd24e232f75f09e/ACCOMMODATION/21318066_ACCOMMODATION_1568190786904_94a5f9c9bb61bf6c?_src=imagekit&tr=c-at_max,h-100,q-40,w-100",,,,,,,,,,,,,,,,,,,
https://www.traveloka.com/id-id/user/review/consumption/HOTEL/GENERAL/3000020009559,7,16,"check-in cepat, pelayanan ramah, lokasi strategis.",Diulas 349 minggu lalu,"https://ik.imagekit.io/tvlk/ugc-review/guys1L+Yyer9kzI3sp-pb0CG1j2bhflZGFUZOoIf1YOBAm37kEUOKR41ieUZm7ZJ/ugc-photo-ap-southeast-1-581603780057-acd24e232f75f09e/ACCOMMODATION/58929233_ACCOMMODATION_1567166632926_6311931b67c99fe2?_src=imagekit&tr=c-at_max,h-100,q-40,w-100",,,,,,,,,,,,,,,,,,,
https://www.traveloka.com/id-id/user/review/consumption/HOTEL/GENERAL/3000020009559,7,17,"Recommended untuk short atau long trip, dekat dari stasiun bandung dan akses langsung ke mall paskal. Staff hotel ramah setiap ketemu staffnya pasti kami disapa, breakfast-nya sangat enak dan banyak pilihan, kamar bersih dan luas, interiornya gak bikin bosen modern dan instagrammable 🙂",Diulas 350 minggu lalu,"https://ik.imagekit.io/tvlk/ugc-review/guys1L+Yyer9kzI3sp-pb0CG1j2bhflZGFUZOoIf1YOBAm37kEUOKR41ieUZm7ZJ/ugc-photo-ap-southeast-1-581603780057-acd24e232f75f09e/ACCOMMODATION/5291613_ACCOMMODATION_1566787719145_b6d7dda0828c60b9?_src=imagekit&tr=c-at_max,h-100,q-40,w-100","https://ik.imagekit.io/tvlk/ugc-review/guys1L+Yyer9kzI3sp-pb0CG1j2bhflZGFUZOoIf1YOBAm37kEUOKR41ieUZm7ZJ/ugc-photo-ap-southeast-1-581603780057-acd24e232f75f09e/ACCOMMODATION/5291613_ACCOMMODATION_1566787719146_9f67a8e38101e0d1?_src=imagekit&tr=c-at_max,h-100,q-40,w-100","https://ik.imagekit.io/tvlk/ugc-review/guys1L+Yyer9kzI3sp-pb0CG1j2bhflZGFUZOoIf1YOBAm37kEUOKR41ieUZm7ZJ/ugc-photo-ap-southeast-1-581603780057-acd24e232f75f09e/ACCOMMODATION/5291613_ACCOMMODATION_1566787719146_f7ff4a31b6ff7a0e?_src=imagekit&tr=c-at_max,h-100,q-40,w-100","https://ik.imagekit.io/tvlk/ugc-review/guys1L+Yyer9kzI3sp-pb0CG1j2bhflZGFUZOoIf1YOBAm37kEUOKR41ieUZm7ZJ/ugc-photo-ap-southeast-1-581603780057-acd24e232f75f09e/ACCOMMODATION/5291613_ACCOMMODATION_1566787719146_5db3de1f96c624c6?_src=imagekit&tr=c-at_max,h-100,q-40,w-100","https://ik.imagekit.io/tvlk/ugc-review/guys1L+Yyer9kzI3sp-pb0CG1j2bhflZGFUZOoIf1YOBAm37kEUOKR41ieUZm7ZJ/ugc-photo-ap-southeast-1-581603780057-acd24e232f75f09e/ACCOMMODATION/5291613_ACCOMMODATION_1566787719146_46c3e52d82403572?_src=imagekit&tr=c-at_max,h-100,q-40,w-100","https://ik.imagekit.io/tvlk/ugc-review/guys1L+Yyer9kzI3sp-pb0CG1j2bhflZGFUZOoIf1YOBAm37kEUOKR41ieUZm7ZJ/ugc-photo-ap-southeast-1-581603780057-acd24e232f75f09e/ACCOMMODATION/5291613_ACCOMMODATION_1566787719147_e6f9cb58f031f8a7?_src=imagekit&tr=c-at_max,h-100,q-40,w-100",,,,,,,,,,,,,,
https://www.traveloka.com/id-id/user/review/consumption/HOTEL/GENERAL/3000020009559,7,18,"Hotelnya bersih, makanan enak, dekat mal semua lengkap, dekat kemana-mana.",Diulas 350 minggu lalu,"https://ik.imagekit.io/tvlk/ugc-review/guys1L+Yyer9kzI3sp-pb0CG1j2bhflZGFUZOoIf1YOBAm37kEUOKR41ieUZm7ZJ/ugc-photo-ap-southeast-1-581603780057-acd24e232f75f09e/ACCOMMODATION/8495727_ACCOMMODATION_1566607163465_13385548dd7505b7?_src=imagekit&tr=c-at_max,h-100,q-40,w-100","https://ik.imagekit.io/tvlk/ugc-review/guys1L+Yyer9kzI3sp-pb0CG1j2bhflZGFUZOoIf1YOBAm37kEUOKR41ieUZm7ZJ/ugc-photo-ap-southeast-1-581603780057-acd24e232f75f09e/ACCOMMODATION/8495727_ACCOMMODATION_1566607163465_734b992bf32b11e1?_src=imagekit&tr=c-at_max,h-100,q-40,w-100","https://ik.imagekit.io/tvlk/ugc-review/guys1L+Yyer9kzI3sp-pb0CG1j2bhflZGFUZOoIf1YOBAm37kEUOKR41ieUZm7ZJ/ugc-photo-ap-southeast-1-581603780057-acd24e232f75f09e/ACCOMMODATION/8495727_ACCOMMODATION_1566607163465_ca02caec1af083d5?_src=imagekit&tr=c-at_max,h-100,q-40,w-100",,,,,,,,,,,,,,,,,
https://www.traveloka.com/id-id/user/review/consumption/HOTEL/GENERAL/3000020009559,7,19,"Sesuai ekspektasi. Lokasi sangat strategis, mudah mencari makan ataupun entertainment. Servis sangat memuaskan, ada manager yang standby, semua staff sangat ramah dan bikin betah. Interior sangat millenial dan Instagramable. Breakfast lumayan enak, staff sangat helpful membantu customer. Kamar sama sekali tidak sempit, bersih, interior yang simple. Pokoknya kalau menginap lagi wajib disini. Terimakasih Yello Paskal ☺️",Diulas 350 minggu lalu,"https://ik.imagekit.io/tvlk/ugc-review/guys1L+Yyer9kzI3sp-pb0CG1j2bhflZGFUZOoIf1YOBAm37kEUOKR41ieUZm7ZJ/ugc-photo-ap-southeast-1-581603780057-acd24e232f75f09e/ACCOMMODATION/5044928_ACCOMMODATION_1566313738099_508e58fdfa3c0071?_src=imagekit&tr=c-at_max,h-80,q-40,w-80","https://ik.imagekit.io/tvlk/ugc-review/guys1L+Yyer9kzI3sp-pb0CG1j2bhflZGFUZOoIf1YOBAm37kEUOKR41ieUZm7ZJ/ugc-photo-ap-southeast-1-581603780057-acd24e232f75f09e/ACCOMMODATION/5044928_ACCOMMODATION_1566313738099_f5d81a151fbadc55?_src=imagekit&tr=c-at_max,h-80,q-40,w-80","https://ik.imagekit.io/tvlk/ugc-review/guys1L+Yyer9kzI3sp-pb0CG1j2bhflZGFUZOoIf1YOBAm37kEUOKR41ieUZm7ZJ/ugc-photo-ap-southeast-1-581603780057-acd24e232f75f09e/ACCOMMODATION/5044928_ACCOMMODATION_1566313738100_e8792f66e3566240?_src=imagekit&tr=c-at_max,h-80,q-40,w-80","https://ik.imagekit.io/tvlk/ugc-review/guys1L+Yyer9kzI3sp-pb0CG1j2bhflZGFUZOoIf1YOBAm37kEUOKR41ieUZm7ZJ/ugc-photo-ap-southeast-1-581603780057-acd24e232f75f09e/ACCOMMODATION/5044928_ACCOMMODATION_1566313738100_72a38cf7f0f14e9f?_src=imagekit&tr=c-at_max,h-80,q-40,w-80","https://ik.imagekit.io/tvlk/ugc-review/guys1L+Yyer9kzI3sp-pb0CG1j2bhflZGFUZOoIf1YOBAm37kEUOKR41ieUZm7ZJ/ugc-photo-ap-southeast-1-581603780057-acd24e232f75f09e/ACCOMMODATION/5044928_ACCOMMODATION_1566313738100_354f44325d071ecf?_src=imagekit&tr=c-at_max,h-80,q-40,w-80","https://ik.imagekit.io/tvlk/ugc-review/guys1L+Yyer9kzI3sp-pb0CG1j2bhflZGFUZOoIf1YOBAm37kEUOKR41ieUZm7ZJ/ugc-photo-ap-southeast-1-581603780057-acd24e232f75f09e/ACCOMMODATION/5044928_ACCOMMODATION_1566313738100_81fecedaf8c2d09b?_src=imagekit&tr=c-at_max,h-80,q-40,w-80","https://ik.imagekit.io/tvlk/ugc-review/guys1L+Yyer9kzI3sp-pb0CG1j2bhflZGFUZOoIf1YOBAm37kEUOKR41ieUZm7ZJ/ugc-photo-ap-southeast-1-581603780057-acd24e232f75f09e/ACCOMMODATION/5044928_ACCOMMODATION_1566313738098_139320a4b0a043a8?_src=imagekit&tr=c-at_max,h-80,q-40,w-80","https://ik.imagekit.io/tvlk/ugc-review/guys1L+Yyer9kzI3sp-pb0CG1j2bhflZGFUZOoIf1YOBAm37kEUOKR41ieUZm7ZJ/ugc-photo-ap-southeast-1-581603780057-acd24e232f75f09e/ACCOMMODATION/5044928_ACCOMMODATION_1566313738098_5b89e5022a89eaa4?_src=imagekit&tr=c-at_max,h-80,q-40,w-80","https://ik.imagekit.io/tvlk/ugc-review/guys1L+Yyer9kzI3sp-pb0CG1j2bhflZGFUZOoIf1YOBAm37kEUOKR41ieUZm7ZJ/ugc-photo-ap-southeast-1-581603780057-acd24e232f75f09e/ACCOMMODATION/5044928_ACCOMMODATION_1566313738099_701ac1b245b8ebde?_src=imagekit&tr=c-at_max,h-80,q-40,w-80",,,,,,,,,,,
https://www.traveloka.com/id-id/user/review/consumption/HOTEL/GENERAL/3000020009559,7,20,"Saya menginap 2 malam di yello hotel. Hotelnya sangat instagramable, banyak spot foto di dalam hotel. Hotel juga gabung sama mall paskal 23, jadi buat yang seneng belanja pasti bahagia banget disini, mau belanja tinggal turun ke bawah hehe. Ada brand zara, hm, pull&bear, berska, lengkapp pokonya. Kamar juga bersih, wangi, kamar mandinya juga bersih. Karyawan juga ramah semua, setiap lewat selalu menyapa. Perfect banget sih ini, besok bakal balik kesini lagi. Trimakasih yello hotel💛",Diulas 352 minggu lalu,"https://ik.imagekit.io/tvlk/ugc-review/guys1L+Yyer9kzI3sp-pb0CG1j2bhflZGFUZOoIf1YOBAm37kEUOKR41ieUZm7ZJ/ugc-photo-ap-southeast-1-581603780057-acd24e232f75f09e/ACCOMMODATION/59674652_ACCOMMODATION_1565144275257_78a3d6aa445c8ea4?_src=imagekit&tr=c-at_max,h-100,q-40,w-100",,,,,,,,,,,,,,,,,,,
https://www.traveloka.com/id-id/user/review/consumption/HOTEL/GENERAL/3000020009559,7,21,"Kamarnya bersih, bagus dan petugasnya ramah. Pelayanan cepat.",Diulas 355 minggu lalu,"https://ik.imagekit.io/tvlk/ugc-review/guys1L+Yyer9kzI3sp-pb0CG1j2bhflZGFUZOoIf1YOBAm37kEUOKR41ieUZm7ZJ/ugc-photo-ap-southeast-1-581603780057-acd24e232f75f09e/ACCOMMODATION/18200368_ACCOMMODATION_1563703870641_e1a336c4c6f0465b?_src=imagekit&tr=c-at_max,h-100,q-40,w-100","https://ik.imagekit.io/tvlk/ugc-review/guys1L+Yyer9kzI3sp-pb0CG1j2bhflZGFUZOoIf1YOBAm37kEUOKR41ieUZm7ZJ/ugc-photo-ap-southeast-1-581603780057-acd24e232f75f09e/ACCOMMODATION/18200368_ACCOMMODATION_1563703870641_391a288e7b58500d?_src=imagekit&tr=c-at_max,h-100,q-40,w-100","https://ik.imagekit.io/tvlk/ugc-review/guys1L+Yyer9kzI3sp-pb0CG1j2bhflZGFUZOoIf1YOBAm37kEUOKR41ieUZm7ZJ/ugc-photo-ap-southeast-1-581603780057-acd24e232f75f09e/ACCOMMODATION/18200368_ACCOMMODATION_1563703870641_c2550d5c5751c3a6?_src=imagekit&tr=c-at_max,h-100,q-40,w-100","https://ik.imagekit.io/tvlk/ugc-review/guys1L+Yyer9kzI3sp-pb0CG1j2bhflZGFUZOoIf1YOBAm37kEUOKR41ieUZm7ZJ/ugc-photo-ap-southeast-1-581603780057-acd24e232f75f09e/ACCOMMODATION/18200368_ACCOMMODATION_1563703870641_baba07b30ca5bdee?_src=imagekit&tr=c-at_max,h-100,q-40,w-100",,,,,,,,,,,,,,,,
https://www.traveloka.com/id-id/user/review/consumption/HOTEL/GENERAL/3000020009559,7,22,"Super direkomendasikan jika Anda mencari tempat menginap di Bandung karena hotel ini memiliki lokasi yang strategis (dekat mal) dan tempat-tempat cullinary. Suasana sangat baik, banyak tempat untuk mengambil foto di dalam hotel. Kamar tidur itu sendiri nyaman.",Diulas 355 minggu lalu,"https://ik.imagekit.io/tvlk/ugc-review/guys1L+Yyer9kzI3sp-pb0CG1j2bhflZGFUZOoIf1YOBAm37kEUOKR41ieUZm7ZJ/ugc-photo-ap-southeast-1-581603780057-acd24e232f75f09e/ACCOMMODATION/89426711_ACCOMMODATION_1563267323815_d3b61fcd8e1271c8?_src=imagekit&tr=c-at_max,h-100,q-40,w-100","https://ik.imagekit.io/tvlk/ugc-review/guys1L+Yyer9kzI3sp-pb0CG1j2bhflZGFUZOoIf1YOBAm37kEUOKR41ieUZm7ZJ/ugc-photo-ap-southeast-1-581603780057-acd24e232f75f09e/ACCOMMODATION/89426711_ACCOMMODATION_1563267323815_3029a88252f10830?_src=imagekit&tr=c-at_max,h-100,q-40,w-100",,,,,,,,,,,,,,,,,,
https://www.traveloka.com/id-id/user/review/consumption/HOTEL/GENERAL/3000020009559,7,23,"Menginap disini sangat menyenangkan karna dibawahnya langsung bisa ke mall, kolam renangnya bagus, pelayanan bagus, staff ramah, kamarnya cukup luas dan nyaman",Diulas 356 minggu lalu,"https://ik.imagekit.io/tvlk/ugc-review/guys1L+Yyer9kzI3sp-pb0CG1j2bhflZGFUZOoIf1YOBAm37kEUOKR41ieUZm7ZJ/ugc-photo-ap-southeast-1-581603780057-acd24e232f75f09e/ACCOMMODATION/16884767_ACCOMMODATION_1563251302822_38281a074d1e0c0e?_src=imagekit&tr=c-at_max,h-100,q-40,w-100",,,,,,,,,,,,,,,,,,,
https://www.traveloka.com/id-id/user/review/consumption/HOTEL/GENERAL/3000020009559,7,24,"Seneng banget nginap disini, staf hotel ramah, deket mall, recommended banget deh, ntar bakalan balik ke hotel ini lagi klo ke Bandung.",Diulas 356 minggu lalu,"https://ik.imagekit.io/tvlk/ugc-review/guys1L+Yyer9kzI3sp-pb0CG1j2bhflZGFUZOoIf1YOBAm37kEUOKR41ieUZm7ZJ/ugc-photo-ap-southeast-1-581603780057-acd24e232f75f09e/ACCOMMODATION/22200817_ACCOMMODATION_1563239168435_eab365f18e23f5ac?_src=imagekit&tr=c-at_max,h-100,q-40,w-100",,,,,,,,,,,,,,,,,,,
https://www.traveloka.com/id-id/user/review/consumption/HOTEL/GENERAL/3000020009559,7,25,"Kami memiliki pengalaman menginap yang menyenangkan di hotel ini. Ini memiliki desain interior yang bagus, makanan yang cukup lezat, dan berbagai fitur keluarga. Bayi kecil saya benar-benar menikmati bermain di taman kecilnya di tepi kolam renang. 23 Paskal mall hanya beberapa langkah dari kamar Anda, fitur berani untuk menginap. Lokasi ini juga sangat strategis, hanya beberapa menit dari Stasiun Bandung.",Diulas 356 minggu lalu,"https://ik.imagekit.io/tvlk/ugc-review/guys1L+Yyer9kzI3sp-pb0CG1j2bhflZGFUZOoIf1YOBAm37kEUOKR41ieUZm7ZJ/ugc-photo-ap-southeast-1-581603780057-acd24e232f75f09e/ACCOMMODATION/5569715_ACCOMMODATION_1562987842089_c8ea2d4cffbaed25?_src=imagekit&tr=c-at_max,h-100,q-40,w-100","https://ik.imagekit.io/tvlk/ugc-review/guys1L+Yyer9kzI3sp-pb0CG1j2bhflZGFUZOoIf1YOBAm37kEUOKR41ieUZm7ZJ/ugc-photo-ap-southeast-1-581603780057-acd24e232f75f09e/ACCOMMODATION/5569715_ACCOMMODATION_1562988346981_9631378095d9d2bf?_src=imagekit&tr=c-at_max,h-100,q-40,w-100","https://ik.imagekit.io/tvlk/ugc-review/guys1L+Yyer9kzI3sp-pb0CG1j2bhflZGFUZOoIf1YOBAm37kEUOKR41ieUZm7ZJ/ugc-photo-ap-southeast-1-581603780057-acd24e232f75f09e/ACCOMMODATION/5569715_ACCOMMODATION_1562988346982_daa4d93a6085eead?_src=imagekit&tr=c-at_max,h-100,q-40,w-100","https://ik.imagekit.io/tvlk/ugc-review/guys1L+Yyer9kzI3sp-pb0CG1j2bhflZGFUZOoIf1YOBAm37kEUOKR41ieUZm7ZJ/ugc-photo-ap-southeast-1-581603780057-acd24e232f75f09e/ACCOMMODATION/5569715_ACCOMMODATION_1562988346981_b9f50746a6236ea9?_src=imagekit&tr=c-at_max,h-100,q-40,w-100","https://ik.imagekit.io/tvlk/ugc-review/guys1L+Yyer9kzI3sp-pb0CG1j2bhflZGFUZOoIf1YOBAm37kEUOKR41ieUZm7ZJ/ugc-photo-ap-southeast-1-581603780057-acd24e232f75f09e/ACCOMMODATION/5569715_ACCOMMODATION_1562988346982_0a1b221a3eb0e587?_src=imagekit&tr=c-at_max,h-100,q-40,w-100","https://ik.imagekit.io/tvlk/ugc-review/guys1L+Yyer9kzI3sp-pb0CG1j2bhflZGFUZOoIf1YOBAm37kEUOKR41ieUZm7ZJ/ugc-photo-ap-southeast-1-581603780057-acd24e232f75f09e/ACCOMMODATION/5569715_ACCOMMODATION_1562988695351_a306f3a135be01e6?_src=imagekit&tr=c-at_max,h-100,q-40,w-100",,,,,,,,,,,,,,
https://www.traveloka.com/id-id/user/review/consumption/HOTEL/GENERAL/3000020009559,7,26,Sangat menyenangkan menginap di Yello hotel. pelayanan baik ramah-ramah petugasnya. Lokasinya enak langsung menuju ke paskal 23. Good job ya.,Diulas 356 minggu lalu,"https://ik.imagekit.io/tvlk/ugc-review/guys1L+Yyer9kzI3sp-pb0CG1j2bhflZGFUZOoIf1YOBAm37kEUOKR41ieUZm7ZJ/ugc-photo-ap-southeast-1-581603780057-acd24e232f75f09e/ACCOMMODATION/29836577_ACCOMMODATION_1562586931465_63adf569035e638b?_src=imagekit&tr=c-at_max,h-100,q-40,w-100","https://ik.imagekit.io/tvlk/ugc-review/guys1L+Yyer9kzI3sp-pb0CG1j2bhflZGFUZOoIf1YOBAm37kEUOKR41ieUZm7ZJ/ugc-photo-ap-southeast-1-581603780057-acd24e232f75f09e/ACCOMMODATION/29836577_ACCOMMODATION_1562586931465_e8125efdf4632122?_src=imagekit&tr=c-at_max,h-100,q-40,w-100",,,,,,,,,,,,,,,,,,
https://www.traveloka.com/id-id/user/review/consumption/HOTEL/GENERAL/3000020009559,7,27,"Kamar bersih, komplet, mau ke mal tinggal turun, pelayanannya oke banget, recommended banget. Tidak akan menyesal.",Diulas 357 minggu lalu,"https://ik.imagekit.io/tvlk/ugc-review/guys1L+Yyer9kzI3sp-pb0CG1j2bhflZGFUZOoIf1YOBAm37kEUOKR41ieUZm7ZJ/ugc-photo-ap-southeast-1-581603780057-acd24e232f75f09e/ACCOMMODATION/24163867_ACCOMMODATION_1562580779889_c133c6ce382e19e5?_src=imagekit&tr=c-at_max,h-100,q-40,w-100","https://ik.imagekit.io/tvlk/ugc-review/guys1L+Yyer9kzI3sp-pb0CG1j2bhflZGFUZOoIf1YOBAm37kEUOKR41ieUZm7ZJ/ugc-photo-ap-southeast-1-581603780057-acd24e232f75f09e/ACCOMMODATION/24163867_ACCOMMODATION_1562580779889_43c1e65625dad9eb?_src=imagekit&tr=c-at_max,h-100,q-40,w-100","https://ik.imagekit.io/tvlk/ugc-review/guys1L+Yyer9kzI3sp-pb0CG1j2bhflZGFUZOoIf1YOBAm37kEUOKR41ieUZm7ZJ/ugc-photo-ap-southeast-1-581603780057-acd24e232f75f09e/ACCOMMODATION/24163867_ACCOMMODATION_1562580779889_6e78f266193bbacd?_src=imagekit&tr=c-at_max,h-100,q-40,w-100","https://ik.imagekit.io/tvlk/ugc-review/guys1L+Yyer9kzI3sp-pb0CG1j2bhflZGFUZOoIf1YOBAm37kEUOKR41ieUZm7ZJ/ugc-photo-ap-southeast-1-581603780057-acd24e232f75f09e/ACCOMMODATION/24163867_ACCOMMODATION_1562580779890_9fef2affb79b525d?_src=imagekit&tr=c-at_max,h-100,q-40,w-100",,,,,,,,,,,,,,,,
https://www.traveloka.com/id-id/user/review/consumption/HOTEL/GENERAL/3000020009559,7,28,"Lokasinya perfect untuk yang senang belanja karena di bawahnya ada mal dengan tenant-tenan pilihan seperti zara, hand and m, onitsuka, bersihka, dan lain-lain. Banyak pilihan tempat makan juga di dalam maupun di luar mal. Di area hotel banyak spot yang enak untuk bersantai atau membuka laptop untuk bekerja. Staf-nya ramah. check-in dan check-out super cepat. Sarapannya relatif bervariasi dan rasanya ada yang enak ada juga yang biasa tapi overall sarapannya lumayan, parkir gratis. Sedikit tips seandainya mobil kita akan bolak-ik selama menginap di sana, sebaiknya voucher parkir gratisnya difoto dulu karena petugas parkir akan meminta semua vouchernya. Kita tinggal menyebutkan nomor kamar, nama pemesan kamar dan foto vouchernya.",Diulas 357 minggu lalu,"https://ik.imagekit.io/tvlk/ugc-review/guys1L+Yyer9kzI3sp-pb0CG1j2bhflZGFUZOoIf1YOBAm37kEUOKR41ieUZm7ZJ/ugc-photo-ap-southeast-1-581603780057-acd24e232f75f09e/ACCOMMODATION/4415181_ACCOMMODATION_1561948029256_c346b62312e03aa2?_src=imagekit&tr=c-at_max,h-80,q-40,w-80","https://ik.imagekit.io/tvlk/ugc-review/guys1L+Yyer9kzI3sp-pb0CG1j2bhflZGFUZOoIf1YOBAm37kEUOKR41ieUZm7ZJ/ugc-photo-ap-southeast-1-581603780057-acd24e232f75f09e/ACCOMMODATION/4415181_ACCOMMODATION_1561948029257_26eed3a353a537bd?_src=imagekit&tr=c-at_max,h-80,q-40,w-80","https://ik.imagekit.io/tvlk/ugc-review/guys1L+Yyer9kzI3sp-pb0CG1j2bhflZGFUZOoIf1YOBAm37kEUOKR41ieUZm7ZJ/ugc-photo-ap-southeast-1-581603780057-acd24e232f75f09e/ACCOMMODATION/4415181_ACCOMMODATION_1561948029257_54ba5da76526bc7b?_src=imagekit&tr=c-at_max,h-80,q-40,w-80","https://ik.imagekit.io/tvlk/ugc-review/guys1L+Yyer9kzI3sp-pb0CG1j2bhflZGFUZOoIf1YOBAm37kEUOKR41ieUZm7ZJ/ugc-photo-ap-southeast-1-581603780057-acd24e232f75f09e/ACCOMMODATION/4415181_ACCOMMODATION_1561948029257_0db583bf026bf780?_src=imagekit&tr=c-at_max,h-80,q-40,w-80","https://ik.imagekit.io/tvlk/ugc-review/guys1L+Yyer9kzI3sp-pb0CG1j2bhflZGFUZOoIf1YOBAm37kEUOKR41ieUZm7ZJ/ugc-photo-ap-southeast-1-581603780057-acd24e232f75f09e/ACCOMMODATION/4415181_ACCOMMODATION_1561948029257_bc6ee45284bd9cc3?_src=imagekit&tr=c-at_max,h-80,q-40,w-80","https://ik.imagekit.io/tvlk/ugc-review/guys1L+Yyer9kzI3sp-pb0CG1j2bhflZGFUZOoIf1YOBAm37kEUOKR41ieUZm7ZJ/ugc-photo-ap-southeast-1-581603780057-acd24e232f75f09e/ACCOMMODATION/4415181_ACCOMMODATION_1561948029258_213895b8988a3585?_src=imagekit&tr=c-at_max,h-80,q-40,w-80","https://ik.imagekit.io/tvlk/ugc-review/guys1L+Yyer9kzI3sp-pb0CG1j2bhflZGFUZOoIf1YOBAm37kEUOKR41ieUZm7ZJ/ugc-photo-ap-southeast-1-581603780057-acd24e232f75f09e/ACCOMMODATION/4415181_ACCOMMODATION_1561948029258_907c5a9aa99c6fe1?_src=imagekit&tr=c-at_max,h-80,q-40,w-80","https://ik.imagekit.io/tvlk/ugc-review/guys1L+Yyer9kzI3sp-pb0CG1j2bhflZGFUZOoIf1YOBAm37kEUOKR41ieUZm7ZJ/ugc-photo-ap-southeast-1-581603780057-acd24e232f75f09e/ACCOMMODATION/4415181_ACCOMMODATION_1561948029258_f1054123a413f6af?_src=imagekit&tr=c-at_max,h-80,q-40,w-80","https://ik.imagekit.io/tvlk/ugc-review/guys1L+Yyer9kzI3sp-pb0CG1j2bhflZGFUZOoIf1YOBAm37kEUOKR41ieUZm7ZJ/ugc-photo-ap-southeast-1-581603780057-acd24e232f75f09e/ACCOMMODATION/4415181_ACCOMMODATION_1561948029258_29748e6f12b21f4a?_src=imagekit&tr=c-at_max,h-80,q-40,w-80","https://ik.imagekit.io/tvlk/ugc-review/guys1L+Yyer9kzI3sp-pb0CG1j2bhflZGFUZOoIf1YOBAm37kEUOKR41ieUZm7ZJ/ugc-photo-ap-southeast-1-581603780057-acd24e232f75f09e/ACCOMMODATION/4415181_ACCOMMODATION_1561948029258_ef9b93eca29d9ea2?_src=imagekit&tr=c-at_max,h-80,q-40,w-80",,,,,,,,,,
https://www.traveloka.com/id-id/user/review/consumption/HOTEL/GENERAL/3000020009559,7,29,Pas banget datang terus ada satpamnya dan langsung dibantu barang (karena ini letaknya ada di basement paskal 23 dan lobbynya di lantai 4) terus pas sampe lobbynya disambut dengan warna kuning yang super gemes. Semuanya tidak ada yang mengecewakan tapi aku kurang tahu si pintu masuk selain basement dan kalau mau go food harus gimana dan tidak nyoba sarapan karena telat bangun. Dan servicenya sangat amat memuaskan. Luv!,Diulas 358 minggu lalu,"https://ik.imagekit.io/tvlk/ugc-review/guys1L+Yyer9kzI3sp-pb0CG1j2bhflZGFUZOoIf1YOBAm37kEUOKR41ieUZm7ZJ/ugc-photo-ap-southeast-1-581603780057-acd24e232f75f09e/ACCOMMODATION/0_ACCOMMODATION_1561730128512_47141f3ffbee15eb?_src=imagekit&tr=c-at_max,h-100,q-40,w-100","https://ik.imagekit.io/tvlk/ugc-review/guys1L+Yyer9kzI3sp-pb0CG1j2bhflZGFUZOoIf1YOBAm37kEUOKR41ieUZm7ZJ/ugc-photo-ap-southeast-1-581603780057-acd24e232f75f09e/ACCOMMODATION/0_ACCOMMODATION_1561730128512_bff9b7d4361ba7bc?_src=imagekit&tr=c-at_max,h-100,q-40,w-100","https://ik.imagekit.io/tvlk/ugc-review/guys1L+Yyer9kzI3sp-pb0CG1j2bhflZGFUZOoIf1YOBAm37kEUOKR41ieUZm7ZJ/ugc-photo-ap-southeast-1-581603780057-acd24e232f75f09e/ACCOMMODATION/0_ACCOMMODATION_1561730128513_c63e9eb5cbbafea7?_src=imagekit&tr=c-at_max,h-100,q-40,w-100",,,,,,,,,,,,,,,,,
https://www.traveloka.com/id-id/user/review/consumption/HOTEL/GENERAL/3000020009559,7,30,"Makanan, kamar, dan kolam renang luar biasa. Akan kembali ke sini untuk menginap untuk menyegarkan. Sangat menyukainya.",Diulas 359 minggu lalu,"https://ik.imagekit.io/tvlk/ugc-review/guys1L+Yyer9kzI3sp-pb0CG1j2bhflZGFUZOoIf1YOBAm37kEUOKR41ieUZm7ZJ/ugc-photo-ap-southeast-1-581603780057-acd24e232f75f09e/ACCOMMODATION/1120922_ACCOMMODATION_1561173411401_ae77f0f5c80d6235?_src=imagekit&tr=c-at_max,h-100,q-40,w-100",,,,,,,,,,,,,,,,,,,
https://www.traveloka.com/id-id/user/review/consumption/HOTEL/GENERAL/3000020009559,7,31,"Tempat strategis, makanan enak, lokasi nyaman, semua karyawan ramah, ini hotel the best.",Diulas 359 minggu lalu,"https://ik.imagekit.io/tvlk/ugc-review/guys1L+Yyer9kzI3sp-pb0CG1j2bhflZGFUZOoIf1YOBAm37kEUOKR41ieUZm7ZJ/ugc-photo-ap-southeast-1-581603780057-acd24e232f75f09e/ACCOMMODATION/6500428_ACCOMMODATION_1560776867527_299824f0bf3b5733?_src=imagekit&tr=c-at_max,h-100,q-40,w-100",,,,,,,,,,,,,,,,,,,
https://www.traveloka.com/id-id/user/review/consumption/HOTEL/GENERAL/3000020009559,7,32,"Kami sangat senang menginap di Yello, hotel nya cukup bersih dan nyaman, meskipun sempat bermasalah dengan toiletnya namun teknisi sigap memperbaiki dengan segera. Anak anak senang ada kolam dan permainan di dalam hotel kemudian karena menyatu dengan mall jadi segala macam kebutuhan tinggal turun ke bawah menikmati kebersamaan",Diulas 360 minggu lalu,"https://ik.imagekit.io/tvlk/ugc-review/guys1L+Yyer9kzI3sp-pb0CG1j2bhflZGFUZOoIf1YOBAm37kEUOKR41ieUZm7ZJ/ugc-photo-ap-southeast-1-581603780057-acd24e232f75f09e/ACCOMMODATION/5465842_ACCOMMODATION_1560718437741_4828371371782c0b?_src=imagekit&tr=c-at_max,h-100,q-40,w-100","https://ik.imagekit.io/tvlk/ugc-review/guys1L+Yyer9kzI3sp-pb0CG1j2bhflZGFUZOoIf1YOBAm37kEUOKR41ieUZm7ZJ/ugc-photo-ap-southeast-1-581603780057-acd24e232f75f09e/ACCOMMODATION/5465842_ACCOMMODATION_1560718437741_d854604c5d7f3d9b?_src=imagekit&tr=c-at_max,h-100,q-40,w-100","https://ik.imagekit.io/tvlk/ugc-review/guys1L+Yyer9kzI3sp-pb0CG1j2bhflZGFUZOoIf1YOBAm37kEUOKR41ieUZm7ZJ/ugc-photo-ap-southeast-1-581603780057-acd24e232f75f09e/ACCOMMODATION/5465842_ACCOMMODATION_1560718437742_a2199f03d5766f7a?_src=imagekit&tr=c-at_max,h-100,q-40,w-100",,,,,,,,,,,,,,,,,
https://www.traveloka.com/id-id/user/review/consumption/HOTEL/GENERAL/3000020009559,7,33,"What a great service ! Dari awal turun dari mobil masih kebingungan pas mo masuk dilobby bawah hotelnya (karna hotel ini nyambung dengan Paskal 23), petugas hotel langsung sigap samperin dan langsung bawakan barang kami keatas. Kami sampai hotel skitar jam stgh 12 dan udah diperbolehkan untuk early check in. Room nya juga ok, bersih, wangi. Kolam renangnya juga bersih, ambience hotel ini ok banget. Menginap disini 2 malam, dan puas dengan service disini. Will definitely come back here 👍🏻",Diulas 360 minggu lalu,"https://ik.imagekit.io/tvlk/ugc-review/guys1L+Yyer9kzI3sp-pb0CG1j2bhflZGFUZOoIf1YOBAm37kEUOKR41ieUZm7ZJ/ugc-photo-ap-southeast-1-581603780057-acd24e232f75f09e/ACCOMMODATION/123852672_ACCOMMODATION_1560739591141_85f01af5776c5602?_src=imagekit&tr=c-at_max,h-100,q-40,w-100","https://ik.imagekit.io/tvlk/ugc-review/guys1L+Yyer9kzI3sp-pb0CG1j2bhflZGFUZOoIf1YOBAm37kEUOKR41ieUZm7ZJ/ugc-photo-ap-southeast-1-581603780057-acd24e232f75f09e/ACCOMMODATION/123852672_ACCOMMODATION_1560739591141_c6f87cee3dbd17d4?_src=imagekit&tr=c-at_max,h-100,q-40,w-100","https://ik.imagekit.io/tvlk/ugc-review/guys1L+Yyer9kzI3sp-pb0CG1j2bhflZGFUZOoIf1YOBAm37kEUOKR41ieUZm7ZJ/ugc-photo-ap-southeast-1-581603780057-acd24e232f75f09e/ACCOMMODATION/123852672_ACCOMMODATION_1560739591141_98c5e4b300d1d4aa?_src=imagekit&tr=c-at_max,h-100,q-40,w-100","https://ik.imagekit.io/tvlk/ugc-review/guys1L+Yyer9kzI3sp-pb0CG1j2bhflZGFUZOoIf1YOBAm37kEUOKR41ieUZm7ZJ/ugc-photo-ap-southeast-1-581603780057-acd24e232f75f09e/ACCOMMODATION/123852672_ACCOMMODATION_1560739591142_263e658099c7ec57?_src=imagekit&tr=c-at_max,h-100,q-40,w-100",,,,,,,,,,,,,,,,
https://www.traveloka.com/id-id/user/review/consumption/HOTEL/GENERAL/3000020009559,7,34,"Toiletnya bersih, kamar nyaman.",Diulas 360 minggu lalu,"https://ik.imagekit.io/tvlk/ugc-review/guys1L+Yyer9kzI3sp-pb0CG1j2bhflZGFUZOoIf1YOBAm37kEUOKR41ieUZm7ZJ/ugc-photo-ap-southeast-1-581603780057-acd24e232f75f09e/ACCOMMODATION/25211956_ACCOMMODATION_1560173184481_7ea479b77c0913dd?_src=imagekit&tr=c-at_max,h-100,q-40,w-100","https://ik.imagekit.io/tvlk/ugc-review/guys1L+Yyer9kzI3sp-pb0CG1j2bhflZGFUZOoIf1YOBAm37kEUOKR41ieUZm7ZJ/ugc-photo-ap-southeast-1-581603780057-acd24e232f75f09e/ACCOMMODATION/25211956_ACCOMMODATION_1560173184480_8a550651707de2a5?_src=imagekit&tr=c-at_max,h-100,q-40,w-100",,,,,,,,,,,,,,,,,,
https://www.traveloka.com/id-id/user/review/consumption/HOTEL/GENERAL/3000020009559,7,35,"Lokasi di dalam mal, banyak kuliner dan toko-toko dan juga bioskop, restoran pas sarapan kurang luas, harus duduk di luar, untuk ambil kopi di coffee mesin harus antri, gambar saluran TV di kamar banyak yang kurang jelas, tolong diperbaiki.",Diulas 361 minggu lalu,"https://ik.imagekit.io/tvlk/ugc-review/guys1L+Yyer9kzI3sp-pb0CG1j2bhflZGFUZOoIf1YOBAm37kEUOKR41ieUZm7ZJ/ugc-photo-ap-southeast-1-581603780057-acd24e232f75f09e/ACCOMMODATION/3311406_ACCOMMODATION_1560126095961_d4a9fd22b7ae5316?_src=imagekit&tr=c-at_max,h-100,q-40,w-100","https://ik.imagekit.io/tvlk/ugc-review/guys1L+Yyer9kzI3sp-pb0CG1j2bhflZGFUZOoIf1YOBAm37kEUOKR41ieUZm7ZJ/ugc-photo-ap-southeast-1-581603780057-acd24e232f75f09e/ACCOMMODATION/3311406_ACCOMMODATION_1560126095962_f41390149fae3699?_src=imagekit&tr=c-at_max,h-100,q-40,w-100",,,,,,,,,,,,,,,,,,
https://www.traveloka.com/id-id/user/review/consumption/HOTEL/GENERAL/3000020009559,7,36,Sangat ditutup dengan mal dan paskal foodcourt.,Diulas 361 minggu lalu,"https://ik.imagekit.io/tvlk/ugc-review/guys1L+Yyer9kzI3sp-pb0CG1j2bhflZGFUZOoIf1YOBAm37kEUOKR41ieUZm7ZJ/ugc-photo-ap-southeast-1-581603780057-acd24e232f75f09e/ACCOMMODATION/5302785_ACCOMMODATION_1559645631857_8af1cc070c3e3afd?_src=imagekit&tr=c-at_max,h-100,q-40,w-100",,,,,,,,,,,,,,,,,,,
https://www.traveloka.com/id-id/user/review/consumption/HOTEL/GENERAL/3000020009559,7,37,"Sangat pas buat keluarga, desain keren, makanan menu restoran enak dan recommended nasi ayam gila dan bakso cihampelas, top pokoknya. Bisa check-in jam 11an siang, baik banget resepsionisnya, ramah. Bagian yang paling enak adalah: satu bangunan dengan mal paskal, asik.",Diulas 362 minggu lalu,"https://ik.imagekit.io/tvlk/ugc-review/guys1L+Yyer9kzI3sp-pb0CG1j2bhflZGFUZOoIf1YOBAm37kEUOKR41ieUZm7ZJ/ugc-photo-ap-southeast-1-581603780057-acd24e232f75f09e/ACCOMMODATION/4683226_ACCOMMODATION_1559476024766_896b1453bb13cd07?_src=imagekit&tr=c-at_max,h-100,q-40,w-100",,,,,,,,,,,,,,,,,,,
https://www.traveloka.com/id-id/user/review/consumption/HOTEL/GENERAL/3000020009559,7,38,"Tidak ada masalah sih, semuanya oke.",Diulas 362 minggu lalu,"https://ik.imagekit.io/tvlk/ugc-review/guys1L+Yyer9kzI3sp-pb0CG1j2bhflZGFUZOoIf1YOBAm37kEUOKR41ieUZm7ZJ/ugc-photo-ap-southeast-1-581603780057-acd24e232f75f09e/ACCOMMODATION/26134001_ACCOMMODATION_1559381763157_6823b7667f18357c?_src=imagekit&tr=c-at_max,h-100,q-40,w-100","https://ik.imagekit.io/tvlk/ugc-review/guys1L+Yyer9kzI3sp-pb0CG1j2bhflZGFUZOoIf1YOBAm37kEUOKR41ieUZm7ZJ/ugc-photo-ap-southeast-1-581603780057-acd24e232f75f09e/ACCOMMODATION/26134001_ACCOMMODATION_1559381763158_c223ac76e8fab601?_src=imagekit&tr=c-at_max,h-100,q-40,w-100","https://ik.imagekit.io/tvlk/ugc-review/guys1L+Yyer9kzI3sp-pb0CG1j2bhflZGFUZOoIf1YOBAm37kEUOKR41ieUZm7ZJ/ugc-photo-ap-southeast-1-581603780057-acd24e232f75f09e/ACCOMMODATION/26134001_ACCOMMODATION_1559381763158_8cab51c26e386076?_src=imagekit&tr=c-at_max,h-100,q-40,w-100","https://ik.imagekit.io/tvlk/ugc-review/guys1L+Yyer9kzI3sp-pb0CG1j2bhflZGFUZOoIf1YOBAm37kEUOKR41ieUZm7ZJ/ugc-photo-ap-southeast-1-581603780057-acd24e232f75f09e/ACCOMMODATION/26134001_ACCOMMODATION_1559381763158_b738c5ce5ee345c7?_src=imagekit&tr=c-at_max,h-100,q-40,w-100",,,,,,,,,,,,,,,,
https://www.traveloka.com/id-id/user/review/consumption/HOTEL/GENERAL/3000020009559,7,39,"Yello hotel memiliki lokasi yang strategis bersebelahan dengan mal paskal-paskal 3, ruko paskal (mini market berada tepat di depan hotel), Serta ada pusat kuliner 1001 menu. pelayanan baik. Kamar sesuai dengan spesifikasi di Traveloka. Saya minta check-in awal dan pihak hotel memenuhi kebutuhan saya dengan baik. Terima kasih yello!",Diulas 363 minggu lalu,"https://ik.imagekit.io/tvlk/ugc-review/guys1L+Yyer9kzI3sp-pb0CG1j2bhflZGFUZOoIf1YOBAm37kEUOKR41ieUZm7ZJ/ugc-photo-ap-southeast-1-581603780057-acd24e232f75f09e/ACCOMMODATION/6836348_ACCOMMODATION_1558690678002_215e8930be75286d?_src=imagekit&tr=c-at_max,h-100,q-40,w-100",,,,,,,,,,,,,,,,,,,
https://www.traveloka.com/id-id/user/review/consumption/HOTEL/GENERAL/3000020009559,7,40,Pilihan yang tepat untuk menginap di hotel Yello paskal 23 tempatnya nyaman makanannya enak karyawannya ramah sudah kaya rumah sendiri terlebih akses mantai hanya tinggal turun lantai saja saya selalu menginap di hotel Yello paskal jika ke bandung cobain deh pastinya kamu akan ketagihan menginap di hotel.,Diulas 363 minggu lalu,"https://ik.imagekit.io/tvlk/ugc-review/guys1L+Yyer9kzI3sp-pb0CG1j2bhflZGFUZOoIf1YOBAm37kEUOKR41ieUZm7ZJ/ugc-photo-ap-southeast-1-581603780057-acd24e232f75f09e/ACCOMMODATION/104510301_ACCOMMODATION_1558576751269_a8e3835ef5187bf2?_src=imagekit&tr=c-at_max,h-100,q-40,w-100","https://ik.imagekit.io/tvlk/ugc-review/guys1L+Yyer9kzI3sp-pb0CG1j2bhflZGFUZOoIf1YOBAm37kEUOKR41ieUZm7ZJ/ugc-photo-ap-southeast-1-581603780057-acd24e232f75f09e/ACCOMMODATION/104510301_ACCOMMODATION_1558576751268_4ecb8f8493b563e0?_src=imagekit&tr=c-at_max,h-100,q-40,w-100",,,,,,,,,,,,,,,,,,
https://www.traveloka.com/id-id/user/review/consumption/HOTEL/GENERAL/3000020009559,8,1,"Pelayanannya bagus, kolamnya bersih, saya suka",Diulas 364 minggu lalu,"https://ik.imagekit.io/tvlk/ugc-review/guys1L+Yyer9kzI3sp-pb0CG1j2bhflZGFUZOoIf1YOBAm37kEUOKR41ieUZm7ZJ/ugc-photo-ap-southeast-1-581603780057-acd24e232f75f09e/ACCOMMODATION/119639764_ACCOMMODATION_1558082247488_4012c4798a3f5dd5?_src=imagekit&tr=c-at_max,h-100,q-40,w-100",,,,,,,,,,,,,,,,,,,
https://www.traveloka.com/id-id/user/review/consumption/HOTEL/GENERAL/3000020009559,8,2,"Hotel ini terhubung dengan paskal mal 123, pelayanan ramah, kamar bersih, makanan oke. Cuma pas kita menginap kolam renang lagi dalam perbaikan, recommended sih dengan harga yang lumayan terjangkau.",Diulas 365 minggu lalu,"https://ik.imagekit.io/tvlk/ugc-review/guys1L+Yyer9kzI3sp-pb0CG1j2bhflZGFUZOoIf1YOBAm37kEUOKR41ieUZm7ZJ/ugc-photo-ap-southeast-1-581603780057-acd24e232f75f09e/ACCOMMODATION/8625061_ACCOMMODATION_1557561672023_d5c810399ab74b4d?_src=imagekit&tr=c-at_max,h-100,q-40,w-100","https://ik.imagekit.io/tvlk/ugc-review/guys1L+Yyer9kzI3sp-pb0CG1j2bhflZGFUZOoIf1YOBAm37kEUOKR41ieUZm7ZJ/ugc-photo-ap-southeast-1-581603780057-acd24e232f75f09e/ACCOMMODATION/8625061_ACCOMMODATION_1557561672024_df6de554c54a9ddb?_src=imagekit&tr=c-at_max,h-100,q-40,w-100","https://ik.imagekit.io/tvlk/ugc-review/guys1L+Yyer9kzI3sp-pb0CG1j2bhflZGFUZOoIf1YOBAm37kEUOKR41ieUZm7ZJ/ugc-photo-ap-southeast-1-581603780057-acd24e232f75f09e/ACCOMMODATION/8625061_ACCOMMODATION_1557561672024_34f447c57e082376?_src=imagekit&tr=c-at_max,h-100,q-40,w-100","https://ik.imagekit.io/tvlk/ugc-review/guys1L+Yyer9kzI3sp-pb0CG1j2bhflZGFUZOoIf1YOBAm37kEUOKR41ieUZm7ZJ/ugc-photo-ap-southeast-1-581603780057-acd24e232f75f09e/ACCOMMODATION/8625061_ACCOMMODATION_1557561672025_a29a0a2a1c62789e?_src=imagekit&tr=c-at_max,h-100,q-40,w-100","https://ik.imagekit.io/tvlk/ugc-review/guys1L+Yyer9kzI3sp-pb0CG1j2bhflZGFUZOoIf1YOBAm37kEUOKR41ieUZm7ZJ/ugc-photo-ap-southeast-1-581603780057-acd24e232f75f09e/ACCOMMODATION/8625061_ACCOMMODATION_1557561672025_15d0218cd5226ac4?_src=imagekit&tr=c-at_max,h-100,q-40,w-100",,,,,,,,,,,,,,,
https://www.traveloka.com/id-id/user/review/consumption/HOTEL/GENERAL/3000020009559,8,3,"Pertama kali masuk sebenarnya happy, sampai proses check-in pun sangat baik pelayanannya. Hanya saja setelah sampai kamar sudah di sambut oleh semut-semut di meja. lalu saya bersihkan sendiri. tiba-tiba banyak semut lagi. Saya telepon bag receptionist katanya mau dibawakan obat semut. Di tunggu sampai larut malam tidak kunjung hadir. Sedikit kecewa dengan pelayanan hotel yello ini. Tapi untuk kalian yang cari lokasi strategis dan ada pusat pembelanjaannya termasuk pilihan tepat.",Diulas 365 minggu lalu,"https://ik.imagekit.io/tvlk/ugc-review/guys1L+Yyer9kzI3sp-pb0CG1j2bhflZGFUZOoIf1YOBAm37kEUOKR41ieUZm7ZJ/ugc-photo-ap-southeast-1-581603780057-acd24e232f75f09e/ACCOMMODATION/11163793_ACCOMMODATION_1557404663245_eabeab63a889e0a3?_src=imagekit&tr=c-at_max,h-100,q-40,w-100","https://ik.imagekit.io/tvlk/ugc-review/guys1L+Yyer9kzI3sp-pb0CG1j2bhflZGFUZOoIf1YOBAm37kEUOKR41ieUZm7ZJ/ugc-photo-ap-southeast-1-581603780057-acd24e232f75f09e/ACCOMMODATION/11163793_ACCOMMODATION_1557404663245_ec247959ae4805fa?_src=imagekit&tr=c-at_max,h-100,q-40,w-100",,,,,,,,,,,,,,,,,,
https://www.traveloka.com/id-id/user/review/consumption/HOTEL/GENERAL/3000020009559,8,4,"Menginap di yello paskal 3 malam, di lantai 8, kamar luas, kasur besar, view dari kamar bisa liat kota bandung sampai gunung tangkuban perahu pun keliatan, Mau cari makan tidak bingung bisa di mal, atau ke paskal food market di belakang mal ada 1001 jenis kuliner dari tradisional sampai western lengkap. Dari stasiun bisa jalan kaki sekitar 10 menit lewat pintu selatan stasiun, naik grancar cuma 13 ribu. Mau ke lembang cuma naik angkot 1 kali bayar 10 ribu/orang, kemana-mana gampang, pokoknya Yello dbest. Mulai dari security sampai CS Yello sangat ramah, lobbynya ada permainannya jadi anak-anak tidak bosan nunggu waktu mau check-in. Kolam renangnya dingin, tapi viewnya dbest. Sukses terus ya untuk Yello Paskal, terbaik pokoknya.",Diulas 365 minggu lalu,"https://ik.imagekit.io/tvlk/ugc-review/guys1L+Yyer9kzI3sp-pb0CG1j2bhflZGFUZOoIf1YOBAm37kEUOKR41ieUZm7ZJ/ugc-photo-ap-southeast-1-581603780057-acd24e232f75f09e/ACCOMMODATION/27255454_ACCOMMODATION_1557325643931_c38d5e5ca585e6f8?_src=imagekit&tr=c-at_max,h-80,q-40,w-80","https://ik.imagekit.io/tvlk/ugc-review/guys1L+Yyer9kzI3sp-pb0CG1j2bhflZGFUZOoIf1YOBAm37kEUOKR41ieUZm7ZJ/ugc-photo-ap-southeast-1-581603780057-acd24e232f75f09e/ACCOMMODATION/27255454_ACCOMMODATION_1557325643931_fd63302fb895fde3?_src=imagekit&tr=c-at_max,h-80,q-40,w-80","https://ik.imagekit.io/tvlk/ugc-review/guys1L+Yyer9kzI3sp-pb0CG1j2bhflZGFUZOoIf1YOBAm37kEUOKR41ieUZm7ZJ/ugc-photo-ap-southeast-1-581603780057-acd24e232f75f09e/ACCOMMODATION/27255454_ACCOMMODATION_1557325643932_81d31399ad2adc1f?_src=imagekit&tr=c-at_max,h-80,q-40,w-80","https://ik.imagekit.io/tvlk/ugc-review/guys1L+Yyer9kzI3sp-pb0CG1j2bhflZGFUZOoIf1YOBAm37kEUOKR41ieUZm7ZJ/ugc-photo-ap-southeast-1-581603780057-acd24e232f75f09e/ACCOMMODATION/27255454_ACCOMMODATION_1557325643933_ea24f2daa5891b3b?_src=imagekit&tr=c-at_max,h-80,q-40,w-80","https://ik.imagekit.io/tvlk/ugc-review/guys1L+Yyer9kzI3sp-pb0CG1j2bhflZGFUZOoIf1YOBAm37kEUOKR41ieUZm7ZJ/ugc-photo-ap-southeast-1-581603780057-acd24e232f75f09e/ACCOMMODATION/27255454_ACCOMMODATION_1557325643934_b4590acaa0263fb3?_src=imagekit&tr=c-at_max,h-80,q-40,w-80","https://ik.imagekit.io/tvlk/ugc-review/guys1L+Yyer9kzI3sp-pb0CG1j2bhflZGFUZOoIf1YOBAm37kEUOKR41ieUZm7ZJ/ugc-photo-ap-southeast-1-581603780057-acd24e232f75f09e/ACCOMMODATION/27255454_ACCOMMODATION_1557325643934_08e247a6cce7dfe5?_src=imagekit&tr=c-at_max,h-80,q-40,w-80","https://ik.imagekit.io/tvlk/ugc-review/guys1L+Yyer9kzI3sp-pb0CG1j2bhflZGFUZOoIf1YOBAm37kEUOKR41ieUZm7ZJ/ugc-photo-ap-southeast-1-581603780057-acd24e232f75f09e/ACCOMMODATION/27255454_ACCOMMODATION_1557325643935_86ba2bfc4bb764f6?_src=imagekit&tr=c-at_max,h-80,q-40,w-80",,,,,,,,,,,,,
https://www.traveloka.com/id-id/user/review/consumption/HOTEL/GENERAL/3000020009559,8,5,"Pertama hotel ini memiliki lokasi yang strategis di tengah kota Bandung, juga lokasinya berada di atas 23 Paskal Mall tempat fasilitas mal lengkap. Hotel ini memiliki desain yang hebat juga pemandangan yang menakjubkan di mana Anda dapat melihat kota dari kamar Anda. Saya tidak pernah bosan untuk tinggal di sini selalu merupakan hotel yang bagus untuk menginap, mencari masa depan untuk kembali lagi.",Diulas 366 minggu lalu,"https://ik.imagekit.io/tvlk/ugc-review/guys1L+Yyer9kzI3sp-pb0CG1j2bhflZGFUZOoIf1YOBAm37kEUOKR41ieUZm7ZJ/ugc-photo-ap-southeast-1-581603780057-acd24e232f75f09e/ACCOMMODATION/3111235_ACCOMMODATION_1557187036324_ec935cb132ff0d63?_src=imagekit&tr=c-at_max,h-100,q-40,w-100","https://ik.imagekit.io/tvlk/ugc-review/guys1L+Yyer9kzI3sp-pb0CG1j2bhflZGFUZOoIf1YOBAm37kEUOKR41ieUZm7ZJ/ugc-photo-ap-southeast-1-581603780057-acd24e232f75f09e/ACCOMMODATION/3111235_ACCOMMODATION_1557187036324_bc662703db46b3a3?_src=imagekit&tr=c-at_max,h-100,q-40,w-100","https://ik.imagekit.io/tvlk/ugc-review/guys1L+Yyer9kzI3sp-pb0CG1j2bhflZGFUZOoIf1YOBAm37kEUOKR41ieUZm7ZJ/ugc-photo-ap-southeast-1-581603780057-acd24e232f75f09e/ACCOMMODATION/3111235_ACCOMMODATION_1557187036325_40c239669ab0dae0?_src=imagekit&tr=c-at_max,h-100,q-40,w-100",,,,,,,,,,,,,,,,,
https://www.traveloka.com/id-id/user/review/consumption/HOTEL/GENERAL/3000020009559,8,6,"Tempat menginap yang instagramble, karyawan yang ramah dan seru menurut aku. Pelayanan kamar sangat cepat saat diminta untuk antar setrikaan, luas kamar benar-benar lega, kasur yang empuk, makanan enak dan beragam. Meskipun kesiangan tetap full terisi. Pemandangan kota dan alam sekaligus. I love yellow💛💛💛  Mau Yellow Manggarai atau paskal semua standar pelayanan memuaskan. Ada kolam renang yang buka sampai jam 7 malam.",Diulas 367 minggu lalu,"https://ik.imagekit.io/tvlk/ugc-review/guys1L+Yyer9kzI3sp-pb0CG1j2bhflZGFUZOoIf1YOBAm37kEUOKR41ieUZm7ZJ/ugc-photo-ap-southeast-1-581603780057-acd24e232f75f09e/ACCOMMODATION/37014425_ACCOMMODATION_1556551479091_ce9ce3bdc7e1c58f?_src=imagekit&tr=c-at_max,h-80,q-40,w-80","https://ik.imagekit.io/tvlk/ugc-review/guys1L+Yyer9kzI3sp-pb0CG1j2bhflZGFUZOoIf1YOBAm37kEUOKR41ieUZm7ZJ/ugc-photo-ap-southeast-1-581603780057-acd24e232f75f09e/ACCOMMODATION/37014425_ACCOMMODATION_1556551479091_6f4e805651caa066?_src=imagekit&tr=c-at_max,h-80,q-40,w-80","https://ik.imagekit.io/tvlk/ugc-review/guys1L+Yyer9kzI3sp-pb0CG1j2bhflZGFUZOoIf1YOBAm37kEUOKR41ieUZm7ZJ/ugc-photo-ap-southeast-1-581603780057-acd24e232f75f09e/ACCOMMODATION/37014425_ACCOMMODATION_1556551479092_bc12299f3ad66684?_src=imagekit&tr=c-at_max,h-80,q-40,w-80","https://ik.imagekit.io/tvlk/ugc-review/guys1L+Yyer9kzI3sp-pb0CG1j2bhflZGFUZOoIf1YOBAm37kEUOKR41ieUZm7ZJ/ugc-photo-ap-southeast-1-581603780057-acd24e232f75f09e/ACCOMMODATION/37014425_ACCOMMODATION_1556551479092_2cb6f4d0fe88482c?_src=imagekit&tr=c-at_max,h-80,q-40,w-80","https://ik.imagekit.io/tvlk/ugc-review/guys1L+Yyer9kzI3sp-pb0CG1j2bhflZGFUZOoIf1YOBAm37kEUOKR41ieUZm7ZJ/ugc-photo-ap-southeast-1-581603780057-acd24e232f75f09e/ACCOMMODATION/37014425_ACCOMMODATION_1556551479093_058f13782fd27df8?_src=imagekit&tr=c-at_max,h-80,q-40,w-80","https://ik.imagekit.io/tvlk/ugc-review/guys1L+Yyer9kzI3sp-pb0CG1j2bhflZGFUZOoIf1YOBAm37kEUOKR41ieUZm7ZJ/ugc-photo-ap-southeast-1-581603780057-acd24e232f75f09e/ACCOMMODATION/37014425_ACCOMMODATION_1556551479093_9a2f4360b8a6158a?_src=imagekit&tr=c-at_max,h-80,q-40,w-80","https://ik.imagekit.io/tvlk/ugc-review/guys1L+Yyer9kzI3sp-pb0CG1j2bhflZGFUZOoIf1YOBAm37kEUOKR41ieUZm7ZJ/ugc-photo-ap-southeast-1-581603780057-acd24e232f75f09e/ACCOMMODATION/37014425_ACCOMMODATION_1556551479093_65c471cf27285652?_src=imagekit&tr=c-at_max,h-80,q-40,w-80","https://ik.imagekit.io/tvlk/ugc-review/guys1L+Yyer9kzI3sp-pb0CG1j2bhflZGFUZOoIf1YOBAm37kEUOKR41ieUZm7ZJ/ugc-photo-ap-southeast-1-581603780057-acd24e232f75f09e/ACCOMMODATION/37014425_ACCOMMODATION_1556551479094_f0d8d785a6ab3370?_src=imagekit&tr=c-at_max,h-80,q-40,w-80","https://ik.imagekit.io/tvlk/ugc-review/guys1L+Yyer9kzI3sp-pb0CG1j2bhflZGFUZOoIf1YOBAm37kEUOKR41ieUZm7ZJ/ugc-photo-ap-southeast-1-581603780057-acd24e232f75f09e/ACCOMMODATION/37014425_ACCOMMODATION_1556551479094_03f4a66321da4406?_src=imagekit&tr=c-at_max,h-80,q-40,w-80","https://ik.imagekit.io/tvlk/ugc-review/guys1L+Yyer9kzI3sp-pb0CG1j2bhflZGFUZOoIf1YOBAm37kEUOKR41ieUZm7ZJ/ugc-photo-ap-southeast-1-581603780057-acd24e232f75f09e/ACCOMMODATION/37014425_ACCOMMODATION_1556551479094_add57605422f42a7?_src=imagekit&tr=c-at_max,h-80,q-40,w-80",,,,,,,,,,
https://www.traveloka.com/id-id/user/review/consumption/HOTEL/GENERAL/3000020009559,8,7,"Sangat menyenangkan bisa tinggal di Yello hotel. Dekat banget sama mal yang lagi hits di Bandung. Biaya parkir gratis kalau bawa kendaraan tinggal minta voucher, sarapan paginya enak-enak. Kolam renang yang cukup nyaman tapi kurangnya tidak ada handuk yang disediakan saat berenang. kamarnya cukup memuaskan dengan pemandangan.",Diulas 367 minggu lalu,"https://ik.imagekit.io/tvlk/ugc-review/guys1L+Yyer9kzI3sp-pb0CG1j2bhflZGFUZOoIf1YOBAm37kEUOKR41ieUZm7ZJ/ugc-photo-ap-southeast-1-581603780057-acd24e232f75f09e/ACCOMMODATION/10941534_ACCOMMODATION_1556355879242_f609339c226049b6?_src=imagekit&tr=c-at_max,h-100,q-40,w-100","https://ik.imagekit.io/tvlk/ugc-review/guys1L+Yyer9kzI3sp-pb0CG1j2bhflZGFUZOoIf1YOBAm37kEUOKR41ieUZm7ZJ/ugc-photo-ap-southeast-1-581603780057-acd24e232f75f09e/ACCOMMODATION/10941534_ACCOMMODATION_1556355879242_7eebd91ff606a22b?_src=imagekit&tr=c-at_max,h-100,q-40,w-100","https://ik.imagekit.io/tvlk/ugc-review/guys1L+Yyer9kzI3sp-pb0CG1j2bhflZGFUZOoIf1YOBAm37kEUOKR41ieUZm7ZJ/ugc-photo-ap-southeast-1-581603780057-acd24e232f75f09e/ACCOMMODATION/10941534_ACCOMMODATION_1556355879245_4de241e20b029cc9?_src=imagekit&tr=c-at_max,h-100,q-40,w-100","https://ik.imagekit.io/tvlk/ugc-review/guys1L+Yyer9kzI3sp-pb0CG1j2bhflZGFUZOoIf1YOBAm37kEUOKR41ieUZm7ZJ/ugc-photo-ap-southeast-1-581603780057-acd24e232f75f09e/ACCOMMODATION/10941534_ACCOMMODATION_1556355879244_9a11b70f7ae25b96?_src=imagekit&tr=c-at_max,h-100,q-40,w-100","https://ik.imagekit.io/tvlk/ugc-review/guys1L+Yyer9kzI3sp-pb0CG1j2bhflZGFUZOoIf1YOBAm37kEUOKR41ieUZm7ZJ/ugc-photo-ap-southeast-1-581603780057-acd24e232f75f09e/ACCOMMODATION/10941534_ACCOMMODATION_1556355879243_a15cd7e2d9037003?_src=imagekit&tr=c-at_max,h-100,q-40,w-100",,,,,,,,,,,,,,,
https://www.traveloka.com/id-id/user/review/consumption/HOTEL/GENERAL/3000020009559,8,8,Tempatnya sangat strategis dekat dari stasiunBBandung dan kalau mau ke mal tinggal turun ke bawah jadi menurut saya kalau bawa keluarga sangat menyenangkan ditambah lagi ada fasilitas kolam renang. untuk makanannya masih kurang variasinya,Diulas 368 minggu lalu,"https://ik.imagekit.io/tvlk/ugc-review/guys1L+Yyer9kzI3sp-pb0CG1j2bhflZGFUZOoIf1YOBAm37kEUOKR41ieUZm7ZJ/ugc-photo-ap-southeast-1-581603780057-acd24e232f75f09e/ACCOMMODATION/3355703_ACCOMMODATION_1555734294319_41030ca51645823b?_src=imagekit&tr=c-at_max,h-100,q-40,w-100","https://ik.imagekit.io/tvlk/ugc-review/guys1L+Yyer9kzI3sp-pb0CG1j2bhflZGFUZOoIf1YOBAm37kEUOKR41ieUZm7ZJ/ugc-photo-ap-southeast-1-581603780057-acd24e232f75f09e/ACCOMMODATION/3355703_ACCOMMODATION_1555734294320_bb60953540c774a6?_src=imagekit&tr=c-at_max,h-100,q-40,w-100","https://ik.imagekit.io/tvlk/ugc-review/guys1L+Yyer9kzI3sp-pb0CG1j2bhflZGFUZOoIf1YOBAm37kEUOKR41ieUZm7ZJ/ugc-photo-ap-southeast-1-581603780057-acd24e232f75f09e/ACCOMMODATION/3355703_ACCOMMODATION_1555734294320_9f01644e90fefb62?_src=imagekit&tr=c-at_max,h-100,q-40,w-100",,,,,,,,,,,,,,,,,
https://www.traveloka.com/id-id/user/review/consumption/HOTEL/GENERAL/3000020009559,8,9,"Para staffnya sangat ramah selalu menyapa, kamarnya luas dan bersih juga sarapannya enak, Dan paling suka begitu turun bisa langsung ke mal, Yello the best!",Diulas 369 minggu lalu,"https://ik.imagekit.io/tvlk/ugc-review/guys1L+Yyer9kzI3sp-pb0CG1j2bhflZGFUZOoIf1YOBAm37kEUOKR41ieUZm7ZJ/ugc-photo-ap-southeast-1-581603780057-acd24e232f75f09e/ACCOMMODATION/0_ACCOMMODATION_1554945454138_f0740a3e71992c0f?_src=imagekit&tr=c-at_max,h-100,q-40,w-100",,,,,,,,,,,,,,,,,,,
https://www.traveloka.com/id-id/user/review/consumption/HOTEL/GENERAL/3000020009559,8,10,"Seru lah lingkungan mall, ruang masuk dari basement bawah baunya kurang nyaman.",Diulas 370 minggu lalu,"https://ik.imagekit.io/tvlk/ugc-review/guys1L+Yyer9kzI3sp-pb0CG1j2bhflZGFUZOoIf1YOBAm37kEUOKR41ieUZm7ZJ/ugc-photo-ap-southeast-1-581603780057-acd24e232f75f09e/ACCOMMODATION/13950549_ACCOMMODATION_1554278833876_b05e471afbb22c0b?_src=imagekit&tr=c-at_max,h-100,q-40,w-100","https://ik.imagekit.io/tvlk/ugc-review/guys1L+Yyer9kzI3sp-pb0CG1j2bhflZGFUZOoIf1YOBAm37kEUOKR41ieUZm7ZJ/ugc-photo-ap-southeast-1-581603780057-acd24e232f75f09e/ACCOMMODATION/13950549_ACCOMMODATION_1554278833877_6fe67a45ef231ac5?_src=imagekit&tr=c-at_max,h-100,q-40,w-100","https://ik.imagekit.io/tvlk/ugc-review/guys1L+Yyer9kzI3sp-pb0CG1j2bhflZGFUZOoIf1YOBAm37kEUOKR41ieUZm7ZJ/ugc-photo-ap-southeast-1-581603780057-acd24e232f75f09e/ACCOMMODATION/13950549_ACCOMMODATION_1554278833877_8e79dd9b10a4dc99?_src=imagekit&tr=c-at_max,h-100,q-40,w-100",,,,,,,,,,,,,,,,,
https://www.traveloka.com/id-id/user/review/consumption/HOTEL/GENERAL/3000020009559,8,11,"sebuah hotel yang sangat unik, dengan tema kuning, kamar, makanan, hiburan yang luar biasa. Keluarga saya sangat puas dengan semua layanan, keramahtamahan, dan fasilitas mereka. Anak-anak menikmati zona permainan! Meskipun ditempatkan di atas mal dan perlu berbagi area parkir, staf pelayan sangat membantu dan baik. Saran saya adalah tolong untuk memikirkan kembali dan memecahkan ubin luar yang licin di depan rumput sintetis, karena itu adalah cara untuk mengakses dan kembali di antara kolam dan bangunan, saya dan beberapa tamu diselipkan di sana. Secara keseluruhan sangat dinikmati dan puas !!!",Diulas 371 minggu lalu,"https://ik.imagekit.io/tvlk/ugc-review/guys1L+Yyer9kzI3sp-pb0CG1j2bhflZGFUZOoIf1YOBAm37kEUOKR41ieUZm7ZJ/ugc-photo-ap-southeast-1-581603780057-acd24e232f75f09e/ACCOMMODATION/19327645_ACCOMMODATION_1554126752572_397ed87c8e84eed5?_src=imagekit&tr=c-at_max,h-100,q-40,w-100","https://ik.imagekit.io/tvlk/ugc-review/guys1L+Yyer9kzI3sp-pb0CG1j2bhflZGFUZOoIf1YOBAm37kEUOKR41ieUZm7ZJ/ugc-photo-ap-southeast-1-581603780057-acd24e232f75f09e/ACCOMMODATION/19327645_ACCOMMODATION_1554126752573_7e71f3d7478e81e2?_src=imagekit&tr=c-at_max,h-100,q-40,w-100","https://ik.imagekit.io/tvlk/ugc-review/guys1L+Yyer9kzI3sp-pb0CG1j2bhflZGFUZOoIf1YOBAm37kEUOKR41ieUZm7ZJ/ugc-photo-ap-southeast-1-581603780057-acd24e232f75f09e/ACCOMMODATION/19327645_ACCOMMODATION_1554126752573_97cb8f1ea1fbf0fc?_src=imagekit&tr=c-at_max,h-100,q-40,w-100","https://ik.imagekit.io/tvlk/ugc-review/guys1L+Yyer9kzI3sp-pb0CG1j2bhflZGFUZOoIf1YOBAm37kEUOKR41ieUZm7ZJ/ugc-photo-ap-southeast-1-581603780057-acd24e232f75f09e/ACCOMMODATION/19327645_ACCOMMODATION_1554126752574_2094ec223901adb8?_src=imagekit&tr=c-at_max,h-100,q-40,w-100",,,,,,,,,,,,,,,,
https://www.traveloka.com/id-id/user/review/consumption/HOTEL/GENERAL/3000020009559,8,12,"Semuanya baik-baik saja! Satu-satunya hal yang tidak memuaskan hanya tentang spa. Saya ingin mencobanya. Jadi saya menelepon nomor itu dan meminta perawatan. Tapi tidak ada yang muncul. Setelah saya menunggu selama 35 menit, saya menelepon lagi dan apa yang saya terima adalah komentar aneh, &quot;oh saya pikir kamu membatalkannya mam.&quot; Di sanalah saya, menunggu dan membayangkan tentang dimanjakan, dan dia hanya mengatakan bahwa dia pikir saya dibatalkan. Tentu saja saya bertanya, mengapa dia berpikir seperti itu? Apakah seseorang menelepon dan membatalkan dan dia pikir itu aku? Saya sangat kesal. Jadi saya membatalkan. Untungnya ada acara pasar Durian yang terjadi di mal. Tidak ada spa, tidak ada masalah karena perut saya bahagia.",Diulas 371 minggu lalu,"https://ik.imagekit.io/tvlk/ugc-review/guys1L+Yyer9kzI3sp-pb0CG1j2bhflZGFUZOoIf1YOBAm37kEUOKR41ieUZm7ZJ/ugc-photo-ap-southeast-1-581603780057-acd24e232f75f09e/ACCOMMODATION/3427787_ACCOMMODATION_1554084349368_7f7ba5334b723eba?_src=imagekit&tr=c-at_max,h-100,q-40,w-100","https://ik.imagekit.io/tvlk/ugc-review/guys1L+Yyer9kzI3sp-pb0CG1j2bhflZGFUZOoIf1YOBAm37kEUOKR41ieUZm7ZJ/ugc-photo-ap-southeast-1-581603780057-acd24e232f75f09e/ACCOMMODATION/3427787_ACCOMMODATION_1554084393355_0ce3b9d220b1b98c?_src=imagekit&tr=c-at_max,h-100,q-40,w-100",,,,,,,,,,,,,,,,,,
https://www.traveloka.com/id-id/user/review/consumption/HOTEL/GENERAL/3000020009559,8,13,"staf yang baik dan ramah. Proses check-in dan checkout yang mudah. Lokasi sangat bagus, terhubung dengan Paskal 23 Mall. Suasana yang nyaman di lobi dan kamar. Makanannya layak.",Diulas 371 minggu lalu,"https://ik.imagekit.io/tvlk/ugc-review/guys1L+Yyer9kzI3sp-pb0CG1j2bhflZGFUZOoIf1YOBAm37kEUOKR41ieUZm7ZJ/ugc-photo-ap-southeast-1-581603780057-acd24e232f75f09e/ACCOMMODATION/12324282_ACCOMMODATION_1553696892305_7beec2b6d102d2d2?_src=imagekit&tr=c-at_max,h-100,q-40,w-100","https://ik.imagekit.io/tvlk/ugc-review/guys1L+Yyer9kzI3sp-pb0CG1j2bhflZGFUZOoIf1YOBAm37kEUOKR41ieUZm7ZJ/ugc-photo-ap-southeast-1-581603780057-acd24e232f75f09e/ACCOMMODATION/12324282_ACCOMMODATION_1553696892305_1c972069d5344f8f?_src=imagekit&tr=c-at_max,h-100,q-40,w-100",,,,,,,,,,,,,,,,,,
https://www.traveloka.com/id-id/user/review/consumption/HOTEL/GENERAL/3000020009559,8,14,"Sangat cocok dengan keluarga, dekat dengan Mal, enak banget.",Diulas 372 minggu lalu,"https://ik.imagekit.io/tvlk/ugc-review/guys1L+Yyer9kzI3sp-pb0CG1j2bhflZGFUZOoIf1YOBAm37kEUOKR41ieUZm7ZJ/ugc-photo-ap-southeast-1-581603780057-acd24e232f75f09e/ACCOMMODATION/26402983_ACCOMMODATION_1553517696543_144bf0589496e83a?_src=imagekit&tr=c-at_max,h-100,q-40,w-100","https://ik.imagekit.io/tvlk/ugc-review/guys1L+Yyer9kzI3sp-pb0CG1j2bhflZGFUZOoIf1YOBAm37kEUOKR41ieUZm7ZJ/ugc-photo-ap-southeast-1-581603780057-acd24e232f75f09e/ACCOMMODATION/26402983_ACCOMMODATION_1553517696544_9a70a2125d04bbac?_src=imagekit&tr=c-at_max,h-100,q-40,w-100",,,,,,,,,,,,,,,,,,
https://www.traveloka.com/id-id/user/review/consumption/HOTEL/GENERAL/3000020009559,8,15,"Memuaskan! Awalnya sempat agak ragu juga karena liat beberapa review yang ga bagus tentang Yello. Tapi semua ga terbukti pas aku sama keluarga stay 1 malam disana. Kami disambut dengan ramah, FO kasih info yang jelas banget dari mulai tanya tentang karcis parkir supaya kita ga bayar parkir, free towel pas mau pakai fasilitas kolam renang. Semua karyawan Yello selalu greeting kami dimanapun ketemu, kamarnya juga oke banget sesuai dengan harga Yello yang lokasinya strategis banget sama Mal, stasiun dan bandara. Anak kami juga suka banget sama kolam renang yang comfy banget. Breakfast menunya pun beragam and totally yummy dengan chef yang ramah. Fasilitas gamenya bikin anak kami jadi betah main berlama-lama😅 Proses check-out pun kami dibuat nyaman dengan tawaran trolley dari FO untuk koper kami. Overall, thanks for the sweet hospitality, Yello hotel. Kami pasti pilih Yello lagi next time.",Diulas 372 minggu lalu,"https://ik.imagekit.io/tvlk/ugc-review/guys1L+Yyer9kzI3sp-pb0CG1j2bhflZGFUZOoIf1YOBAm37kEUOKR41ieUZm7ZJ/ugc-photo-ap-southeast-1-581603780057-acd24e232f75f09e/ACCOMMODATION/61574230_ACCOMMODATION_1553439872795_2d904e56e18ad16a?_src=imagekit&tr=c-at_max,h-100,q-40,w-100",,,,,,,,,,,,,,,,,,,
https://www.traveloka.com/id-id/user/review/consumption/HOTEL/GENERAL/3000020009559,8,16,"Hotel bagus, pelayanan prima.",Diulas 373 minggu lalu,"https://ik.imagekit.io/tvlk/ugc-review/guys1L+Yyer9kzI3sp-pb0CG1j2bhflZGFUZOoIf1YOBAm37kEUOKR41ieUZm7ZJ/ugc-photo-ap-southeast-1-581603780057-acd24e232f75f09e/ACCOMMODATION/68703586_ACCOMMODATION_1552530097397_14a8229040a260d6?_src=imagekit&tr=c-at_max,h-100,q-40,w-100","https://ik.imagekit.io/tvlk/ugc-review/guys1L+Yyer9kzI3sp-pb0CG1j2bhflZGFUZOoIf1YOBAm37kEUOKR41ieUZm7ZJ/ugc-photo-ap-southeast-1-581603780057-acd24e232f75f09e/ACCOMMODATION/68703586_ACCOMMODATION_1552530097397_34ed02a82043f457?_src=imagekit&tr=c-at_max,h-100,q-40,w-100","https://ik.imagekit.io/tvlk/ugc-review/guys1L+Yyer9kzI3sp-pb0CG1j2bhflZGFUZOoIf1YOBAm37kEUOKR41ieUZm7ZJ/ugc-photo-ap-southeast-1-581603780057-acd24e232f75f09e/ACCOMMODATION/68703586_ACCOMMODATION_1552530097398_c992c1ba3b5e9d9f?_src=imagekit&tr=c-at_max,h-100,q-40,w-100","https://ik.imagekit.io/tvlk/ugc-review/guys1L+Yyer9kzI3sp-pb0CG1j2bhflZGFUZOoIf1YOBAm37kEUOKR41ieUZm7ZJ/ugc-photo-ap-southeast-1-581603780057-acd24e232f75f09e/ACCOMMODATION/68703586_ACCOMMODATION_1552530097398_3c4f16130f08499f?_src=imagekit&tr=c-at_max,h-100,q-40,w-100",,,,,,,,,,,,,,,,
https://www.traveloka.com/id-id/user/review/consumption/HOTEL/GENERAL/3000020009559,8,17,"Buat yang mencari non stop hiburan YELLO Hotel ini sangat cocok. Setiap sudut begitu artsy dan instagramable. Fasilitas lengkap, ratenya terjangkau. Yang paling menyenangkan adalah hotel ini terhubung dengan 23 Paskal Mall. Swimming pool dengan view cityscape Bandung jadi nilai plus. Pelayanan dari staff di sini juga sangat baik.",Diulas 374 minggu lalu,"https://ik.imagekit.io/tvlk/ugc-review/guys1L+Yyer9kzI3sp-pb0CG1j2bhflZGFUZOoIf1YOBAm37kEUOKR41ieUZm7ZJ/ugc-photo-ap-southeast-1-581603780057-acd24e232f75f09e/ACCOMMODATION/12100811_ACCOMMODATION_1552183748406_f0a7c376fc5a4148?_src=imagekit&tr=c-at_max,h-100,q-40,w-100","https://ik.imagekit.io/tvlk/ugc-review/guys1L+Yyer9kzI3sp-pb0CG1j2bhflZGFUZOoIf1YOBAm37kEUOKR41ieUZm7ZJ/ugc-photo-ap-southeast-1-581603780057-acd24e232f75f09e/ACCOMMODATION/12100811_ACCOMMODATION_1552183748407_7e7074d7347c8105?_src=imagekit&tr=c-at_max,h-100,q-40,w-100",,,,,,,,,,,,,,,,,,
https://www.traveloka.com/id-id/user/review/consumption/HOTEL/GENERAL/3000020009559,8,18,"Nyaman banget tidur disini, ini udah kesekian kalinya selalu ngambil di Yello. Enak banget sudah nyatu dengan mall, pelayanan bagus, kamar bagus, kebetulan kemarin ambil beres acara wisuda. Makasih 👍🏻",Diulas 374 minggu lalu,"https://ik.imagekit.io/tvlk/ugc-review/guys1L+Yyer9kzI3sp-pb0CG1j2bhflZGFUZOoIf1YOBAm37kEUOKR41ieUZm7ZJ/ugc-photo-ap-southeast-1-581603780057-acd24e232f75f09e/ACCOMMODATION/7710998_ACCOMMODATION_1551932193682_194121b59bbf1bf4?_src=imagekit&tr=c-at_max,h-100,q-40,w-100",,,,,,,,,,,,,,,,,,,
https://www.traveloka.com/id-id/user/review/consumption/HOTEL/GENERAL/3000020009559,8,19,"Hotel Yello Paskal ini sangat menyenangkan buat kami (pasangan) maupun keluarga yang ingin bersantai dan menikmati liburan di Bandung. Pelayanan juga cepat dan ramah dan sangat membantu. Konsep dari hotel ini pun juga unik berbeda dari hotel yang lain, memiliki ceiling yang cukup tinggi sehingga memberikan kesan luas dan besar dan warna kuning abu putih pada perabotan memberikan kesan segar dan terang. Untuk menginap disini tidak akan rugi, harus dicoba!",Diulas 375 minggu lalu,"https://ik.imagekit.io/tvlk/ugc-review/guys1L+Yyer9kzI3sp-pb0CG1j2bhflZGFUZOoIf1YOBAm37kEUOKR41ieUZm7ZJ/ugc-photo-ap-southeast-1-581603780057-acd24e232f75f09e/ACCOMMODATION/3576625_ACCOMMODATION_1551519772889_c30d66e325b46aa2?_src=imagekit&tr=c-at_max,h-100,q-40,w-100",,,,,,,,,,,,,,,,,,,
https://www.traveloka.com/id-id/user/review/consumption/HOTEL/GENERAL/3000020009559,8,20,"Hotel baru yang kekinian, fresh, pegawainya super ramah semua, housekeeping bersih dan rapi banget, breakfast lumayanlah, Hotel sebelahan persis sama mal paskal 23. Overall very recommended buat family holiday.",Diulas 376 minggu lalu,"https://ik.imagekit.io/tvlk/ugc-review/guys1L+Yyer9kzI3sp-pb0CG1j2bhflZGFUZOoIf1YOBAm37kEUOKR41ieUZm7ZJ/ugc-photo-ap-southeast-1-581603780057-acd24e232f75f09e/ACCOMMODATION/17804255_ACCOMMODATION_1550685663026_5d75bc32e074433b?_src=imagekit&tr=c-at_max,h-100,q-40,w-100","https://ik.imagekit.io/tvlk/ugc-review/guys1L+Yyer9kzI3sp-pb0CG1j2bhflZGFUZOoIf1YOBAm37kEUOKR41ieUZm7ZJ/ugc-photo-ap-southeast-1-581603780057-acd24e232f75f09e/ACCOMMODATION/17804255_ACCOMMODATION_1550685663026_d85c193e4d41ea49?_src=imagekit&tr=c-at_max,h-100,q-40,w-100","https://ik.imagekit.io/tvlk/ugc-review/guys1L+Yyer9kzI3sp-pb0CG1j2bhflZGFUZOoIf1YOBAm37kEUOKR41ieUZm7ZJ/ugc-photo-ap-southeast-1-581603780057-acd24e232f75f09e/ACCOMMODATION/17804255_ACCOMMODATION_1550685663027_0c1d0c1e4549ad61?_src=imagekit&tr=c-at_max,h-100,q-40,w-100",,,,,,,,,,,,,,,,,
https://www.traveloka.com/id-id/user/review/consumption/HOTEL/GENERAL/3000020009559,8,21,"Hotelnya bagus, minimalis dan milenial, letaknya strategis di atas mal, banyak jajanan. Cocok buat yang pengen ke Bandung tapi tidak mau susah. Stafnya juga ramah-ramah banget.",Diulas 377 minggu lalu,"https://ik.imagekit.io/tvlk/ugc-review/guys1L+Yyer9kzI3sp-pb0CG1j2bhflZGFUZOoIf1YOBAm37kEUOKR41ieUZm7ZJ/ugc-photo-ap-southeast-1-581603780057-acd24e232f75f09e/ACCOMMODATION/4238682_ACCOMMODATION_1550545054624_f880c5a0c4b9fe30?_src=imagekit&tr=c-at_max,h-100,q-40,w-100",,,,,,,,,,,,,,,,,,,
https://www.traveloka.com/id-id/user/review/consumption/HOTEL/GENERAL/3000020009559,8,22,"Proses check-in sangat mudah dan cepat, pelayanan sangat ramah. Lokasi hotel strategis di atas mal paskal 23, namun sayang tidak ada space parkir khusus. Parkirnya jadi satu dengan pengunjung mal sehingga sulit cari parkir terlebih di hari weekend. fasilitas kamar cukup baik, bersih, dan nyaman. Minus hairdryer dan cooler, bathroom amenities standar, kolam renang bersih, breakfast enak, banyak pilihannya, banyak spot foto. Ada tempat main game yang bikin tambah betah.",Diulas 377 minggu lalu,"https://ik.imagekit.io/tvlk/ugc-review/guys1L+Yyer9kzI3sp-pb0CG1j2bhflZGFUZOoIf1YOBAm37kEUOKR41ieUZm7ZJ/ugc-photo-ap-southeast-1-581603780057-acd24e232f75f09e/ACCOMMODATION/20886409_ACCOMMODATION_1550120995539_6af534178822115f?_src=imagekit&tr=c-at_max,h-100,q-40,w-100","https://ik.imagekit.io/tvlk/ugc-review/guys1L+Yyer9kzI3sp-pb0CG1j2bhflZGFUZOoIf1YOBAm37kEUOKR41ieUZm7ZJ/ugc-photo-ap-southeast-1-581603780057-acd24e232f75f09e/ACCOMMODATION/20886409_ACCOMMODATION_1550120995539_5afbc17b7176abf2?_src=imagekit&tr=c-at_max,h-100,q-40,w-100","https://ik.imagekit.io/tvlk/ugc-review/guys1L+Yyer9kzI3sp-pb0CG1j2bhflZGFUZOoIf1YOBAm37kEUOKR41ieUZm7ZJ/ugc-photo-ap-southeast-1-581603780057-acd24e232f75f09e/ACCOMMODATION/20886409_ACCOMMODATION_1550120995540_71aebfdb9d8ded8f?_src=imagekit&tr=c-at_max,h-100,q-40,w-100","https://ik.imagekit.io/tvlk/ugc-review/guys1L+Yyer9kzI3sp-pb0CG1j2bhflZGFUZOoIf1YOBAm37kEUOKR41ieUZm7ZJ/ugc-photo-ap-southeast-1-581603780057-acd24e232f75f09e/ACCOMMODATION/20886409_ACCOMMODATION_1550120995540_f1ba65702ce27de4?_src=imagekit&tr=c-at_max,h-100,q-40,w-100","https://ik.imagekit.io/tvlk/ugc-review/guys1L+Yyer9kzI3sp-pb0CG1j2bhflZGFUZOoIf1YOBAm37kEUOKR41ieUZm7ZJ/ugc-photo-ap-southeast-1-581603780057-acd24e232f75f09e/ACCOMMODATION/20886409_ACCOMMODATION_1550120995540_ae8ce1f829ac48ae?_src=imagekit&tr=c-at_max,h-100,q-40,w-100","https://ik.imagekit.io/tvlk/ugc-review/guys1L+Yyer9kzI3sp-pb0CG1j2bhflZGFUZOoIf1YOBAm37kEUOKR41ieUZm7ZJ/ugc-photo-ap-southeast-1-581603780057-acd24e232f75f09e/ACCOMMODATION/20886409_ACCOMMODATION_1550120995541_b294b245dcc46d3c?_src=imagekit&tr=c-at_max,h-100,q-40,w-100",,,,,,,,,,,,,,
https://www.traveloka.com/id-id/user/review/consumption/HOTEL/GENERAL/3000020009559,8,23,"Petugas super ramah, bersih, banyak tempat makan enak di sekitar hotel, nempel sama mal, design common space unik banget. Super love.",Diulas 378 minggu lalu,"https://ik.imagekit.io/tvlk/ugc-review/guys1L+Yyer9kzI3sp-pb0CG1j2bhflZGFUZOoIf1YOBAm37kEUOKR41ieUZm7ZJ/ugc-photo-ap-southeast-1-581603780057-acd24e232f75f09e/ACCOMMODATION/6549581_ACCOMMODATION_1549722700667_2563a895dc3e46c1?_src=imagekit&tr=c-at_max,h-100,q-40,w-100","https://ik.imagekit.io/tvlk/ugc-review/guys1L+Yyer9kzI3sp-pb0CG1j2bhflZGFUZOoIf1YOBAm37kEUOKR41ieUZm7ZJ/ugc-photo-ap-southeast-1-581603780057-acd24e232f75f09e/ACCOMMODATION/6549581_ACCOMMODATION_1549722700667_e08cb9404043b164?_src=imagekit&tr=c-at_max,h-100,q-40,w-100","https://ik.imagekit.io/tvlk/ugc-review/guys1L+Yyer9kzI3sp-pb0CG1j2bhflZGFUZOoIf1YOBAm37kEUOKR41ieUZm7ZJ/ugc-photo-ap-southeast-1-581603780057-acd24e232f75f09e/ACCOMMODATION/6549581_ACCOMMODATION_1549722700668_736c62016d222e37?_src=imagekit&tr=c-at_max,h-100,q-40,w-100","https://ik.imagekit.io/tvlk/ugc-review/guys1L+Yyer9kzI3sp-pb0CG1j2bhflZGFUZOoIf1YOBAm37kEUOKR41ieUZm7ZJ/ugc-photo-ap-southeast-1-581603780057-acd24e232f75f09e/ACCOMMODATION/6549581_ACCOMMODATION_1549722700668_09fe81a9537dc2bf?_src=imagekit&tr=c-at_max,h-100,q-40,w-100",,,,,,,,,,,,,,,,
https://www.traveloka.com/id-id/user/review/consumption/HOTEL/GENERAL/3000020009559,8,24,"Kamarnya besar dan bersih, kamar mandinya bersih. Anda dapat bermain xbox di lobi hotel, sangat nyaman dan memiliki pengalaman hebat. 23paskal berada di bawah hotel, sehingga Anda dapat dengan mudah menemukan tempat makan dan berbelanja",Diulas 378 minggu lalu,"https://ik.imagekit.io/tvlk/ugc-review/guys1L+Yyer9kzI3sp-pb0CG1j2bhflZGFUZOoIf1YOBAm37kEUOKR41ieUZm7ZJ/ugc-photo-ap-southeast-1-581603780057-acd24e232f75f09e/ACCOMMODATION/17110599_ACCOMMODATION_1548945950703_077651f660d2a008?_src=imagekit&tr=c-at_max,h-100,q-40,w-100",,,,,,,,,,,,,,,,,,,
https://www.traveloka.com/id-id/user/review/consumption/HOTEL/GENERAL/3000020009559,8,25,Hampir sempurna 👌 kecuali wi-fi tidak dapat mengunduh Netflix,Diulas 378 minggu lalu,"https://ik.imagekit.io/tvlk/ugc-review/guys1L+Yyer9kzI3sp-pb0CG1j2bhflZGFUZOoIf1YOBAm37kEUOKR41ieUZm7ZJ/ugc-photo-ap-southeast-1-581603780057-acd24e232f75f09e/ACCOMMODATION/5024441_ACCOMMODATION_1549411944611_f72f51aadcba926c?_src=imagekit&tr=c-at_max,h-100,q-40,w-100","https://ik.imagekit.io/tvlk/ugc-review/guys1L+Yyer9kzI3sp-pb0CG1j2bhflZGFUZOoIf1YOBAm37kEUOKR41ieUZm7ZJ/ugc-photo-ap-southeast-1-581603780057-acd24e232f75f09e/ACCOMMODATION/5024441_ACCOMMODATION_1549411944612_30ff4d6f22b0a5a8?_src=imagekit&tr=c-at_max,h-100,q-40,w-100",,,,,,,,,,,,,,,,,,
https://www.traveloka.com/id-id/user/review/consumption/HOTEL/GENERAL/3000020009559,8,26,"Instagramable, cocok untuk semua kalangan, kalau mau ke mal tinggal turun, terletak di pusat kota, dekat dengan stasiun dan kuliner. Tetapi untuk parkiran jadi satu dengan parkiran mal jadi sabar-sabar cari parkirannya. Oh iya biar tagihan parkir tidak membeludak (karena jadi satu sama parkiran mal) bisa daftar parkirnya sekalian di lobby receptionist hotelnya biar free. Nanti dapat voucher parkir yang berlaku 1x2 jam, jadi kalau menginap lebih dari sehari besokannya harus daftar lagi.",Diulas 378 minggu lalu,"https://ik.imagekit.io/tvlk/ugc-review/guys1L+Yyer9kzI3sp-pb0CG1j2bhflZGFUZOoIf1YOBAm37kEUOKR41ieUZm7ZJ/ugc-photo-ap-southeast-1-581603780057-acd24e232f75f09e/ACCOMMODATION/77766271_ACCOMMODATION_1549359983692_828acf6b7fc3219a?_src=imagekit&tr=c-at_max,h-100,q-40,w-100","https://ik.imagekit.io/tvlk/ugc-review/guys1L+Yyer9kzI3sp-pb0CG1j2bhflZGFUZOoIf1YOBAm37kEUOKR41ieUZm7ZJ/ugc-photo-ap-southeast-1-581603780057-acd24e232f75f09e/ACCOMMODATION/77766271_ACCOMMODATION_1549359983692_a1323989f357b963?_src=imagekit&tr=c-at_max,h-100,q-40,w-100",,,,,,,,,,,,,,,,,,
https://www.traveloka.com/id-id/user/review/consumption/HOTEL/GENERAL/3000020009559,8,27,"Puas bgt nginep di sini. Dari awal chech-in entry email & sign di ipad, di lobby manjain kiddos or ortu yg demen nge-game di pojok Game On. Berenang di roof top sambil menikmati view yg bagus. Wifi lancar, di kmr jg nyaman. Sarapan bnyk pilihan. Pelayanan ramah. Aaah pokoknya sukaaa bgt, recommended nih 👍🏻👍🏻",Diulas 379 minggu lalu,"https://ik.imagekit.io/tvlk/ugc-review/guys1L+Yyer9kzI3sp-pb0CG1j2bhflZGFUZOoIf1YOBAm37kEUOKR41ieUZm7ZJ/ugc-photo-ap-southeast-1-581603780057-acd24e232f75f09e/ACCOMMODATION/20266015_ACCOMMODATION_1549328470074_6ea9e94ef20e2225?_src=imagekit&tr=c-at_max,h-100,q-40,w-100","https://ik.imagekit.io/tvlk/ugc-review/guys1L+Yyer9kzI3sp-pb0CG1j2bhflZGFUZOoIf1YOBAm37kEUOKR41ieUZm7ZJ/ugc-photo-ap-southeast-1-581603780057-acd24e232f75f09e/ACCOMMODATION/20266015_ACCOMMODATION_1549328470075_c83f8dac78fc214f?_src=imagekit&tr=c-at_max,h-100,q-40,w-100","https://ik.imagekit.io/tvlk/ugc-review/guys1L+Yyer9kzI3sp-pb0CG1j2bhflZGFUZOoIf1YOBAm37kEUOKR41ieUZm7ZJ/ugc-photo-ap-southeast-1-581603780057-acd24e232f75f09e/ACCOMMODATION/20266015_ACCOMMODATION_1549328470075_114d68ce37025940?_src=imagekit&tr=c-at_max,h-100,q-40,w-100",,,,,,,,,,,,,,,,,
https://www.traveloka.com/id-id/user/review/consumption/HOTEL/GENERAL/3000020009559,8,28,Overall bagus.,Diulas 379 minggu lalu,"https://ik.imagekit.io/tvlk/ugc-review/guys1L+Yyer9kzI3sp-pb0CG1j2bhflZGFUZOoIf1YOBAm37kEUOKR41ieUZm7ZJ/ugc-photo-ap-southeast-1-581603780057-acd24e232f75f09e/ACCOMMODATION/10178034_ACCOMMODATION_1549065943378_53ddc6363f0fce3b?_src=imagekit&tr=c-at_max,h-100,q-40,w-100","https://ik.imagekit.io/tvlk/ugc-review/guys1L+Yyer9kzI3sp-pb0CG1j2bhflZGFUZOoIf1YOBAm37kEUOKR41ieUZm7ZJ/ugc-photo-ap-southeast-1-581603780057-acd24e232f75f09e/ACCOMMODATION/10178034_ACCOMMODATION_1549065943378_8736a7bd73f2cde6?_src=imagekit&tr=c-at_max,h-100,q-40,w-100","https://ik.imagekit.io/tvlk/ugc-review/guys1L+Yyer9kzI3sp-pb0CG1j2bhflZGFUZOoIf1YOBAm37kEUOKR41ieUZm7ZJ/ugc-photo-ap-southeast-1-581603780057-acd24e232f75f09e/ACCOMMODATION/10178034_ACCOMMODATION_1549065943379_1dbbb1a7bff4c8ca?_src=imagekit&tr=c-at_max,h-100,q-40,w-100",,,,,,,,,,,,,,,,,
https://www.traveloka.com/id-id/user/review/consumption/HOTEL/GENERAL/3000020009559,8,29,"Lokasi bagus, kamar cantik dan saya mendapat harga terbaik dari aplikasi, pasti akan segera kembali ke sini 😎",Diulas 379 minggu lalu,"https://ik.imagekit.io/tvlk/ugc-review/guys1L+Yyer9kzI3sp-pb0CG1j2bhflZGFUZOoIf1YOBAm37kEUOKR41ieUZm7ZJ/ugc-photo-ap-southeast-1-581603780057-acd24e232f75f09e/ACCOMMODATION/8088122_ACCOMMODATION_1548814561472_4fe5e42bb35b2921?_src=imagekit&tr=c-at_max,h-100,q-40,w-100","https://ik.imagekit.io/tvlk/ugc-review/guys1L+Yyer9kzI3sp-pb0CG1j2bhflZGFUZOoIf1YOBAm37kEUOKR41ieUZm7ZJ/ugc-photo-ap-southeast-1-581603780057-acd24e232f75f09e/ACCOMMODATION/8088122_ACCOMMODATION_1548814561473_2dba0ef4434303a2?_src=imagekit&tr=c-at_max,h-100,q-40,w-100","https://ik.imagekit.io/tvlk/ugc-review/guys1L+Yyer9kzI3sp-pb0CG1j2bhflZGFUZOoIf1YOBAm37kEUOKR41ieUZm7ZJ/ugc-photo-ap-southeast-1-581603780057-acd24e232f75f09e/ACCOMMODATION/8088122_ACCOMMODATION_1548814561473_13f59cb5b14b1aa2?_src=imagekit&tr=c-at_max,h-100,q-40,w-100","https://ik.imagekit.io/tvlk/ugc-review/guys1L+Yyer9kzI3sp-pb0CG1j2bhflZGFUZOoIf1YOBAm37kEUOKR41ieUZm7ZJ/ugc-photo-ap-southeast-1-581603780057-acd24e232f75f09e/ACCOMMODATION/8088122_ACCOMMODATION_1548814561474_85cd56ed85703c8a?_src=imagekit&tr=c-at_max,h-100,q-40,w-100",,,,,,,,,,,,,,,,
https://www.traveloka.com/id-id/user/review/consumption/HOTEL/GENERAL/3000020009559,8,30,"Kamarnya nyaman, fasilitasnya oke, enak buat anak-anak main. Ada games corner juga ternyata. lokasinya strategis, cuma pas datang memang agak susah nyari parkir untuk pak security sigap membantu. Paling waktu sarapan pagi agak antri, mungkin bisa diperluas lg tempat sarapannya. untuk makanan sih enak.",Diulas 379 minggu lalu,"https://ik.imagekit.io/tvlk/ugc-review/guys1L+Yyer9kzI3sp-pb0CG1j2bhflZGFUZOoIf1YOBAm37kEUOKR41ieUZm7ZJ/ugc-photo-ap-southeast-1-581603780057-acd24e232f75f09e/ACCOMMODATION/22345636_ACCOMMODATION_1548743083489_5f215ddac1615eb4?_src=imagekit&tr=c-at_max,h-100,q-40,w-100",,,,,,,,,,,,,,,,,,,
https://www.traveloka.com/id-id/user/review/consumption/HOTEL/GENERAL/3000020009559,8,31,"Sempurna untuk budget hotel, sarapannya baik, kebersihan kamarnya bagus, pemandangan kamarnya sangat keren, Anda bisa melihat gunung bandung dari kamar Anda dan yang terpenting hotel ini terhubung ke mal paskal 23. Sangat direkomendasikan",Diulas 380 minggu lalu,"https://ik.imagekit.io/tvlk/ugc-review/guys1L+Yyer9kzI3sp-pb0CG1j2bhflZGFUZOoIf1YOBAm37kEUOKR41ieUZm7ZJ/ugc-photo-ap-southeast-1-581603780057-acd24e232f75f09e/ACCOMMODATION/4775526_ACCOMMODATION_1548650071829_1521274f24f7491c?_src=imagekit&tr=c-at_max,h-100,q-40,w-100","https://ik.imagekit.io/tvlk/ugc-review/guys1L+Yyer9kzI3sp-pb0CG1j2bhflZGFUZOoIf1YOBAm37kEUOKR41ieUZm7ZJ/ugc-photo-ap-southeast-1-581603780057-acd24e232f75f09e/ACCOMMODATION/4775526_ACCOMMODATION_1548650071829_1f8592dfd73c08b1?_src=imagekit&tr=c-at_max,h-100,q-40,w-100","https://ik.imagekit.io/tvlk/ugc-review/guys1L+Yyer9kzI3sp-pb0CG1j2bhflZGFUZOoIf1YOBAm37kEUOKR41ieUZm7ZJ/ugc-photo-ap-southeast-1-581603780057-acd24e232f75f09e/ACCOMMODATION/4775526_ACCOMMODATION_1548650071830_be0ec7dbad7cb0cd?_src=imagekit&tr=c-at_max,h-100,q-40,w-100",,,,,,,,,,,,,,,,,
https://www.traveloka.com/id-id/user/review/consumption/HOTEL/GENERAL/3000020009559,8,32,"Nice place to stay, minusnya tidak ada hairdryer.",Diulas 380 minggu lalu,"https://ik.imagekit.io/tvlk/ugc-review/guys1L+Yyer9kzI3sp-pb0CG1j2bhflZGFUZOoIf1YOBAm37kEUOKR41ieUZm7ZJ/ugc-photo-ap-southeast-1-581603780057-acd24e232f75f09e/ACCOMMODATION/11838719_ACCOMMODATION_1548474143925_ad5d6e9a7c30544a?_src=imagekit&tr=c-at_max,h-100,q-40,w-100",,,,,,,,,,,,,,,,,,,
https://www.traveloka.com/id-id/user/review/consumption/HOTEL/GENERAL/3000020009559,8,33,Sudah sering menginap disini dan pasti akan kembali kesini lagi. Pelayanan memuaskan. Terima kasih.,Diulas 380 minggu lalu,"https://ik.imagekit.io/tvlk/ugc-review/guys1L+Yyer9kzI3sp-pb0CG1j2bhflZGFUZOoIf1YOBAm37kEUOKR41ieUZm7ZJ/ugc-photo-ap-southeast-1-581603780057-acd24e232f75f09e/ACCOMMODATION/5412664_ACCOMMODATION_1548381877506_7e618b9965102f60?_src=imagekit&tr=c-at_max,h-100,q-40,w-100","https://ik.imagekit.io/tvlk/ugc-review/guys1L+Yyer9kzI3sp-pb0CG1j2bhflZGFUZOoIf1YOBAm37kEUOKR41ieUZm7ZJ/ugc-photo-ap-southeast-1-581603780057-acd24e232f75f09e/ACCOMMODATION/5412664_ACCOMMODATION_1548381877506_81d8f2a57bc93877?_src=imagekit&tr=c-at_max,h-100,q-40,w-100",,,,,,,,,,,,,,,,,,
https://www.traveloka.com/id-id/user/review/consumption/HOTEL/GENERAL/3000020009559,8,34,"Senang menginap disini, ini sudah yang kesekian kalinya saya menginap disini, hotelnya dekat mal, mau ke mal tinggal turun.",Diulas 380 minggu lalu,"https://ik.imagekit.io/tvlk/ugc-review/guys1L+Yyer9kzI3sp-pb0CG1j2bhflZGFUZOoIf1YOBAm37kEUOKR41ieUZm7ZJ/ugc-photo-ap-southeast-1-581603780057-acd24e232f75f09e/ACCOMMODATION/4829905_ACCOMMODATION_1548310942463_7e4222cbee4a631f?_src=imagekit&tr=c-at_max,h-100,q-40,w-100","https://ik.imagekit.io/tvlk/ugc-review/guys1L+Yyer9kzI3sp-pb0CG1j2bhflZGFUZOoIf1YOBAm37kEUOKR41ieUZm7ZJ/ugc-photo-ap-southeast-1-581603780057-acd24e232f75f09e/ACCOMMODATION/4829905_ACCOMMODATION_1548310942464_7d49254b12837d52?_src=imagekit&tr=c-at_max,h-100,q-40,w-100","https://ik.imagekit.io/tvlk/ugc-review/guys1L+Yyer9kzI3sp-pb0CG1j2bhflZGFUZOoIf1YOBAm37kEUOKR41ieUZm7ZJ/ugc-photo-ap-southeast-1-581603780057-acd24e232f75f09e/ACCOMMODATION/4829905_ACCOMMODATION_1548310942464_23dd2a26c8ad06b4?_src=imagekit&tr=c-at_max,h-100,q-40,w-100",,,,,,,,,,,,,,,,,
https://www.traveloka.com/id-id/user/review/consumption/HOTEL/GENERAL/3000020009559,8,35,"Pengalaman yang sangat menyenangkan, staf ramah, lokasi hotel sangat dekat dengan pusat perbelanjaan dan stasiun, Banyak atraksi menarik di sekitar hotel, fasilitas hotel lengkap, termasuk area hiburan berupa permainan.",Diulas 381 minggu lalu,"https://ik.imagekit.io/tvlk/ugc-review/guys1L+Yyer9kzI3sp-pb0CG1j2bhflZGFUZOoIf1YOBAm37kEUOKR41ieUZm7ZJ/ugc-photo-ap-southeast-1-581603780057-acd24e232f75f09e/ACCOMMODATION/15967426_ACCOMMODATION_1547865079420_4027ec38e022e92c?_src=imagekit&tr=c-at_max,h-100,q-40,w-100",,,,,,,,,,,,,,,,,,,
https://www.traveloka.com/id-id/user/review/consumption/HOTEL/GENERAL/3000020009559,8,36,Hotel sangat bagus dan pelayanan ramah. Walaupun saat check-in mendapat smoking room namun di malam ke 2 boleh ganti dengan kamar non smoking. Breakfast enak and bervariasi kalau mau jajan or nyemil tinggal turun ke bawah sampai di mal Paskal.,Diulas 381 minggu lalu,"https://ik.imagekit.io/tvlk/ugc-review/guys1L+Yyer9kzI3sp-pb0CG1j2bhflZGFUZOoIf1YOBAm37kEUOKR41ieUZm7ZJ/ugc-photo-ap-southeast-1-581603780057-acd24e232f75f09e/ACCOMMODATION/9845545_ACCOMMODATION_1547774584030_8bde5225d6f27062?_src=imagekit&tr=c-at_max,h-100,q-40,w-100",,,,,,,,,,,,,,,,,,,
https://www.traveloka.com/id-id/user/review/consumption/HOTEL/GENERAL/3000020009559,8,37,"Senang sekali menginap di hotel Yello Paskal ini. Kesan pertama sangat-sangat menarik hati. Hotelnya bersih walaupun memang masih terbilang kategori hotel baru. Pelayanannya ramah-ramah. Menu breakfastnya bervariatif. Semoga tetap selalu dijaga kebersihan, kerahamahan hotel Yello. Terima kasih hotel Yello.",Diulas 381 minggu lalu,"https://ik.imagekit.io/tvlk/ugc-review/guys1L+Yyer9kzI3sp-pb0CG1j2bhflZGFUZOoIf1YOBAm37kEUOKR41ieUZm7ZJ/ugc-photo-ap-southeast-1-581603780057-acd24e232f75f09e/ACCOMMODATION/90095810_ACCOMMODATION_1547434263921_edc744792828c126?_src=imagekit&tr=c-at_max,h-100,q-40,w-100",,,,,,,,,,,,,,,,,,,
https://www.traveloka.com/id-id/user/review/consumption/HOTEL/GENERAL/3000020009559,8,38,"Saya, suami, anak saya 2 tahun dan 6 tahun sangat senang sekali menginap disini. Next kita ke Bandung pasti menginap disini lagi dan booking via traveloka. Proses check-in sangat cepat dan mudah. Ga sampe 5menit. Resepsionis sangat ramah. Kesan pertama yang sangat baik. Lobby yang sangat nyaman, Tersedia welcome drink dan games untuk anak sambil menunggu proses check in, kamar bersih dan wangi. Sesuai dengan request saya kamar yang bebas asap rokok. Kolam renang yang seru. Anak-anak sangat menikmati sore mereka di hotel dengan berenang, tersedia jg kolam buat mamanya. 😁 Ruang bilasnya pun sangat bersih. View dari jendela kamar: kota Bandung. Menu sarapan sangat variatif, dijamin kenyang. Ada menu orang dewasa dan anak-anak tidak perlu kemana-mana. Disini lengkap. Hotel oke. Mau ke mal tinggal turun. Hiburan anak-anak lengkap. Mandi bola dan trampolin di mall 23paskal. One stop solution banget buat liburan singkat. Terima kasih Traveloka dan Yello hotel.",Diulas 382 minggu lalu,"https://ik.imagekit.io/tvlk/ugc-review/guys1L+Yyer9kzI3sp-pb0CG1j2bhflZGFUZOoIf1YOBAm37kEUOKR41ieUZm7ZJ/ugc-photo-ap-southeast-1-581603780057-acd24e232f75f09e/ACCOMMODATION/68940727_ACCOMMODATION_1546837979738_21214f872c4a7d99?_src=imagekit&tr=c-at_max,h-100,q-40,w-100","https://ik.imagekit.io/tvlk/ugc-review/guys1L+Yyer9kzI3sp-pb0CG1j2bhflZGFUZOoIf1YOBAm37kEUOKR41ieUZm7ZJ/ugc-photo-ap-southeast-1-581603780057-acd24e232f75f09e/ACCOMMODATION/68940727_ACCOMMODATION_1546838018376_08ee323e873793d5?_src=imagekit&tr=c-at_max,h-100,q-40,w-100","https://ik.imagekit.io/tvlk/ugc-review/guys1L+Yyer9kzI3sp-pb0CG1j2bhflZGFUZOoIf1YOBAm37kEUOKR41ieUZm7ZJ/ugc-photo-ap-southeast-1-581603780057-acd24e232f75f09e/ACCOMMODATION/68940727_ACCOMMODATION_1546838270055_3f32064ba04c4bf2?_src=imagekit&tr=c-at_max,h-100,q-40,w-100",,,,,,,,,,,,,,,,,
https://www.traveloka.com/id-id/user/review/consumption/HOTEL/GENERAL/3000020009559,8,39,"Nyaman, hotel bagus, ramah, strategis. Ingin kembali menginap di sini lagi. Dak menyesal menginap di sini.",Diulas 382 minggu lalu,"https://ik.imagekit.io/tvlk/ugc-review/guys1L+Yyer9kzI3sp-pb0CG1j2bhflZGFUZOoIf1YOBAm37kEUOKR41ieUZm7ZJ/ugc-photo-ap-southeast-1-581603780057-acd24e232f75f09e/ACCOMMODATION/6607732_ACCOMMODATION_1547429038590_d466f0c29978482d?_src=imagekit&tr=c-at_max,h-100,q-40,w-100","https://ik.imagekit.io/tvlk/ugc-review/guys1L+Yyer9kzI3sp-pb0CG1j2bhflZGFUZOoIf1YOBAm37kEUOKR41ieUZm7ZJ/ugc-photo-ap-southeast-1-581603780057-acd24e232f75f09e/ACCOMMODATION/6607732_ACCOMMODATION_1547429038590_744fb4748a285831?_src=imagekit&tr=c-at_max,h-100,q-40,w-100","https://ik.imagekit.io/tvlk/ugc-review/guys1L+Yyer9kzI3sp-pb0CG1j2bhflZGFUZOoIf1YOBAm37kEUOKR41ieUZm7ZJ/ugc-photo-ap-southeast-1-581603780057-acd24e232f75f09e/ACCOMMODATION/6607732_ACCOMMODATION_1547429038591_a9f7e30170786837?_src=imagekit&tr=c-at_max,h-100,q-40,w-100",,,,,,,,,,,,,,,,,
https://www.traveloka.com/id-id/user/review/consumption/HOTEL/GENERAL/3000020009559,8,40,Saya senang menginap di hotel ini. Tempatnya bersih dan staf ramah. Makanan breakfastnya enak dan tersedia juga tempat untuk bermain game anak. Dan tinggal turun ke bawah langsung menuju mal. Tempat parkir mobil juga mudah. Kolam renang dan ruang bilas bersih.,Diulas 382 minggu lalu,"https://ik.imagekit.io/tvlk/ugc-review/guys1L+Yyer9kzI3sp-pb0CG1j2bhflZGFUZOoIf1YOBAm37kEUOKR41ieUZm7ZJ/ugc-photo-ap-southeast-1-581603780057-acd24e232f75f09e/ACCOMMODATION/82765026_ACCOMMODATION_1547406546955_dc9606d3979b222a?_src=imagekit&tr=c-at_max,h-100,q-40,w-100",,,,,,,,,,,,,,,,,,,
https://www.traveloka.com/id-id/user/review/consumption/HOTEL/GENERAL/3000020009559,9,1,"Hotel ini recommended banget deh, buat yang pada main ke Bandung cobain deh menginap di hotel ini nyaman dan ramah-ramah stafnya, tempatnya juga strategis, hotelnya banyak spot lucunya. Yang lebih parah lagi bagusnya tuh breakfastnya enak-enak banget, juara banget deh, aslinya deh ini pengen banget mengucapkan breakfast terenak ke kokinya. Sayangnya tapi tidak dipotoin nih karena banyak pengunjung, suka malu ekika, overall YELLO Hotel Paskal, the best hotel. 👍",Diulas 382 minggu lalu,"https://ik.imagekit.io/tvlk/ugc-review/guys1L+Yyer9kzI3sp-pb0CG1j2bhflZGFUZOoIf1YOBAm37kEUOKR41ieUZm7ZJ/ugc-photo-ap-southeast-1-581603780057-acd24e232f75f09e/ACCOMMODATION/47575062_ACCOMMODATION_1547205617758_c61b31c2c4c712b5?_src=imagekit&tr=c-at_max,h-100,q-40,w-100","https://ik.imagekit.io/tvlk/ugc-review/guys1L+Yyer9kzI3sp-pb0CG1j2bhflZGFUZOoIf1YOBAm37kEUOKR41ieUZm7ZJ/ugc-photo-ap-southeast-1-581603780057-acd24e232f75f09e/ACCOMMODATION/47575062_ACCOMMODATION_1547205617758_908d8ae02c74cedd?_src=imagekit&tr=c-at_max,h-100,q-40,w-100","https://ik.imagekit.io/tvlk/ugc-review/guys1L+Yyer9kzI3sp-pb0CG1j2bhflZGFUZOoIf1YOBAm37kEUOKR41ieUZm7ZJ/ugc-photo-ap-southeast-1-581603780057-acd24e232f75f09e/ACCOMMODATION/47575062_ACCOMMODATION_1547205617759_85e88c6591d6f469?_src=imagekit&tr=c-at_max,h-100,q-40,w-100","https://ik.imagekit.io/tvlk/ugc-review/guys1L+Yyer9kzI3sp-pb0CG1j2bhflZGFUZOoIf1YOBAm37kEUOKR41ieUZm7ZJ/ugc-photo-ap-southeast-1-581603780057-acd24e232f75f09e/ACCOMMODATION/47575062_ACCOMMODATION_1547205617759_eff3f5cbb1ff9012?_src=imagekit&tr=c-at_max,h-100,q-40,w-100","https://ik.imagekit.io/tvlk/ugc-review/guys1L+Yyer9kzI3sp-pb0CG1j2bhflZGFUZOoIf1YOBAm37kEUOKR41ieUZm7ZJ/ugc-photo-ap-southeast-1-581603780057-acd24e232f75f09e/ACCOMMODATION/47575062_ACCOMMODATION_1547205617759_f52ff5e479a6e48b?_src=imagekit&tr=c-at_max,h-100,q-40,w-100",,,,,,,,,,,,,,,
https://www.traveloka.com/id-id/user/review/consumption/HOTEL/GENERAL/3000020009559,9,2,"Hotel ini dekat banget sama stasiun dan mal, Dudah kami yang dari jogja naik kereta sampai hotel bisa istirahat sebentar dan cari makan malam tidak jauh dari hotel, strategis banget. Tempatnya juga bersih, walaupun termasuk kecil untuk ukuran kamarnya. Untuk rate ambil di Situs Traveloka jauh lebih murah daripada on the spot. Thank you Situs Traveloka and Yello hotel. Overall staffs juga ramah-ramah semua, breakfast juga bervariasi.",Diulas 382 minggu lalu,"https://ik.imagekit.io/tvlk/ugc-review/guys1L+Yyer9kzI3sp-pb0CG1j2bhflZGFUZOoIf1YOBAm37kEUOKR41ieUZm7ZJ/ugc-photo-ap-southeast-1-581603780057-acd24e232f75f09e/ACCOMMODATION/17663427_ACCOMMODATION_1547082950777_cbc1bbdd44d58d0e?_src=imagekit&tr=c-at_max,h-100,q-40,w-100",,,,,,,,,,,,,,,,,,,
https://www.traveloka.com/id-id/user/review/consumption/HOTEL/GENERAL/3000020009559,9,3,"Hotel ini cocok untuk liburan. Lokasi berada di atas mal paskal 23. Kamarnya bersih tetapi tidak tersedia hairdryer, wifinya lemot. Proses check-in dan check-outnya cepat, breakfast-nya enak dan bervariasi.",Diulas 382 minggu lalu,"https://ik.imagekit.io/tvlk/ugc-review/guys1L+Yyer9kzI3sp-pb0CG1j2bhflZGFUZOoIf1YOBAm37kEUOKR41ieUZm7ZJ/ugc-photo-ap-southeast-1-581603780057-acd24e232f75f09e/ACCOMMODATION/4167173_ACCOMMODATION_1546951084400_58ce7d51bbf8da19?_src=imagekit&tr=c-at_max,h-100,q-40,w-100","https://ik.imagekit.io/tvlk/ugc-review/guys1L+Yyer9kzI3sp-pb0CG1j2bhflZGFUZOoIf1YOBAm37kEUOKR41ieUZm7ZJ/ugc-photo-ap-southeast-1-581603780057-acd24e232f75f09e/ACCOMMODATION/4167173_ACCOMMODATION_1546951099253_7af0118ddf5ace84?_src=imagekit&tr=c-at_max,h-100,q-40,w-100",,,,,,,,,,,,,,,,,,
https://www.traveloka.com/id-id/user/review/consumption/HOTEL/GENERAL/3000020009559,9,4,"Overall suka design hotel asik, apalagi makanannya enak-enak semua. Cuma jangan sampai telat refill makanannya, lokasinya strategis, di dalam area mal. Dekat paskal food market buat nongki-nongki.",Diulas 383 minggu lalu,"https://ik.imagekit.io/tvlk/ugc-review/guys1L+Yyer9kzI3sp-pb0CG1j2bhflZGFUZOoIf1YOBAm37kEUOKR41ieUZm7ZJ/ugc-photo-ap-southeast-1-581603780057-acd24e232f75f09e/ACCOMMODATION/6169279_ACCOMMODATION_1546450920449_2f207c0122387428?_src=imagekit&tr=c-at_max,h-100,q-40,w-100",,,,,,,,,,,,,,,,,,,
https://www.traveloka.com/id-id/user/review/consumption/HOTEL/GENERAL/3000020009559,9,5,"Ini pertama kali saya menginap di YELLO Hotel Paskal Bandung, saat pertama kali masuk ke lobinya saja sudah nyaman sekali dan begitu colorful interior dari lobi banyak buat spot foto yang instagramable, proses check-in begitu responsif dan cepat saat pertama kali menunjukan voucher dari website. Kamar ruangan cukup cozy dan nyaman, interior juga sangat unik dengan tema anak muda, swimming poolnya luar biasa, sarapannya bangak variasi. Ya bikin perut kenyang dan enak-enak. Pokoknya recommended banget buat keluarga yang mau berlibur nyaman di Bandung. Terima kasih YELLO Paskal dan Traveloka. 🙏",Diulas 383 minggu lalu,"https://ik.imagekit.io/tvlk/ugc-review/guys1L+Yyer9kzI3sp-pb0CG1j2bhflZGFUZOoIf1YOBAm37kEUOKR41ieUZm7ZJ/ugc-photo-ap-southeast-1-581603780057-acd24e232f75f09e/ACCOMMODATION/14189969_ACCOMMODATION_1546915169163_074e994d37185e69?_src=imagekit&tr=c-at_max,h-100,q-40,w-100","https://ik.imagekit.io/tvlk/ugc-review/guys1L+Yyer9kzI3sp-pb0CG1j2bhflZGFUZOoIf1YOBAm37kEUOKR41ieUZm7ZJ/ugc-photo-ap-southeast-1-581603780057-acd24e232f75f09e/ACCOMMODATION/14189969_ACCOMMODATION_1546915169164_22a8e7e8ab02c2ae?_src=imagekit&tr=c-at_max,h-100,q-40,w-100","https://ik.imagekit.io/tvlk/ugc-review/guys1L+Yyer9kzI3sp-pb0CG1j2bhflZGFUZOoIf1YOBAm37kEUOKR41ieUZm7ZJ/ugc-photo-ap-southeast-1-581603780057-acd24e232f75f09e/ACCOMMODATION/14189969_ACCOMMODATION_1546915169164_413ba06155b99e59?_src=imagekit&tr=c-at_max,h-100,q-40,w-100",,,,,,,,,,,,,,,,,
https://www.traveloka.com/id-id/user/review/consumption/HOTEL/GENERAL/3000020009559,9,6,"Hotel sejauh ini belum menemukan nilai minus untuk tempat, pelayanan dan makanannya. Untuk yang suka swafoto atau tempat yang instagramable serta sarapan enak dan bervariasi Yello bisa dimasukan ke dalam list kalian. Yello juga punya fasilitas kolam renang dan arena bermain yang sangat menarik, cocok buat hotel family vacation. Karena saya sangat memperhatikan tentang pelayanan, Yello punya staf so humble and very helpful! ☺️. Young and energic! Semoga bisa tetap mempertahankan kualitas tempat dan pelayanannya 💛",Diulas 383 minggu lalu,"https://ik.imagekit.io/tvlk/ugc-review/guys1L+Yyer9kzI3sp-pb0CG1j2bhflZGFUZOoIf1YOBAm37kEUOKR41ieUZm7ZJ/ugc-photo-ap-southeast-1-581603780057-acd24e232f75f09e/ACCOMMODATION/8790459_ACCOMMODATION_1546245763510_7a3bc109d4b2422b?_src=imagekit&tr=c-at_max,h-100,q-40,w-100","https://ik.imagekit.io/tvlk/ugc-review/guys1L+Yyer9kzI3sp-pb0CG1j2bhflZGFUZOoIf1YOBAm37kEUOKR41ieUZm7ZJ/ugc-photo-ap-southeast-1-581603780057-acd24e232f75f09e/ACCOMMODATION/8790459_ACCOMMODATION_1546245763511_5fb08a9a1ed7dd3b?_src=imagekit&tr=c-at_max,h-100,q-40,w-100","https://ik.imagekit.io/tvlk/ugc-review/guys1L+Yyer9kzI3sp-pb0CG1j2bhflZGFUZOoIf1YOBAm37kEUOKR41ieUZm7ZJ/ugc-photo-ap-southeast-1-581603780057-acd24e232f75f09e/ACCOMMODATION/8790459_ACCOMMODATION_1546245763513_2cdf1d6d342d0b38?_src=imagekit&tr=c-at_max,h-100,q-40,w-100","https://ik.imagekit.io/tvlk/ugc-review/guys1L+Yyer9kzI3sp-pb0CG1j2bhflZGFUZOoIf1YOBAm37kEUOKR41ieUZm7ZJ/ugc-photo-ap-southeast-1-581603780057-acd24e232f75f09e/ACCOMMODATION/8790459_ACCOMMODATION_1546245763513_92df1fc98eecaa5b?_src=imagekit&tr=c-at_max,h-100,q-40,w-100","https://ik.imagekit.io/tvlk/ugc-review/guys1L+Yyer9kzI3sp-pb0CG1j2bhflZGFUZOoIf1YOBAm37kEUOKR41ieUZm7ZJ/ugc-photo-ap-southeast-1-581603780057-acd24e232f75f09e/ACCOMMODATION/8790459_ACCOMMODATION_1546245763513_84f452b24b34e5b9?_src=imagekit&tr=c-at_max,h-100,q-40,w-100","https://ik.imagekit.io/tvlk/ugc-review/guys1L+Yyer9kzI3sp-pb0CG1j2bhflZGFUZOoIf1YOBAm37kEUOKR41ieUZm7ZJ/ugc-photo-ap-southeast-1-581603780057-acd24e232f75f09e/ACCOMMODATION/8790459_ACCOMMODATION_1546245763514_4fe2e14383e56002?_src=imagekit&tr=c-at_max,h-100,q-40,w-100",,,,,,,,,,,,,,
https://www.traveloka.com/id-id/user/review/consumption/HOTEL/GENERAL/3000020009559,9,7,"hotel yang sangat menarik! sangat direkomendasikan! semua bersih, semua staf rendah hati, setiap tempat sangat instagramable, banyak tempat parkir! cukup naik lift untuk pergi ke mal, ada begitu banyak toko makanan di sekitar area ini dan Anda bisa berjalan! semua yang Anda butuhkan ada di sekitar hotel ini seperti spa, kuliner, hiburan, mal, dan banyak lagi lainnya!",Diulas 383 minggu lalu,"https://ik.imagekit.io/tvlk/ugc-review/guys1L+Yyer9kzI3sp-pb0CG1j2bhflZGFUZOoIf1YOBAm37kEUOKR41ieUZm7ZJ/ugc-photo-ap-southeast-1-581603780057-acd24e232f75f09e/ACCOMMODATION/14006663_ACCOMMODATION_1546866114353_da77faf2cf2e2c35?_src=imagekit&tr=c-at_max,h-100,q-40,w-100","https://ik.imagekit.io/tvlk/ugc-review/guys1L+Yyer9kzI3sp-pb0CG1j2bhflZGFUZOoIf1YOBAm37kEUOKR41ieUZm7ZJ/ugc-photo-ap-southeast-1-581603780057-acd24e232f75f09e/ACCOMMODATION/14006663_ACCOMMODATION_1546866114354_8dca8173f5839d24?_src=imagekit&tr=c-at_max,h-100,q-40,w-100",,,,,,,,,,,,,,,,,,
https://www.traveloka.com/id-id/user/review/consumption/HOTEL/GENERAL/3000020009559,9,8,"Ini kali kedua saya menginap di Yello Hotel, saya sangat menyukainya dan harganya terjangkau.",Diulas 383 minggu lalu,"https://ik.imagekit.io/tvlk/ugc-review/guys1L+Yyer9kzI3sp-pb0CG1j2bhflZGFUZOoIf1YOBAm37kEUOKR41ieUZm7ZJ/ugc-photo-ap-southeast-1-581603780057-acd24e232f75f09e/ACCOMMODATION/7877442_ACCOMMODATION_1546828981894_01f324df9fe2fda9?_src=imagekit&tr=c-at_max,h-100,q-40,w-100",,,,,,,,,,,,,,,,,,,
https://www.traveloka.com/id-id/user/review/consumption/HOTEL/GENERAL/3000020009559,9,9,"Sangat menyenangkan, pelayanan dan sarapan oke, ke mal tinggal turun, nyari makan pun tidak susah. Dekat dengan bandara dan stasiun kereta, jika ke Bandung lagi kudu menginap di yello hotel lagi. Hanya saja untuk sarapan kurang variasi, 3 malam menginap disana, sarapannya sama. Untuk yang lainnya it's oke",Diulas 383 minggu lalu,"https://ik.imagekit.io/tvlk/ugc-review/guys1L+Yyer9kzI3sp-pb0CG1j2bhflZGFUZOoIf1YOBAm37kEUOKR41ieUZm7ZJ/ugc-photo-ap-southeast-1-581603780057-acd24e232f75f09e/ACCOMMODATION/3884530_ACCOMMODATION_1546568224315_b44a2b6c0ccb101f?_src=imagekit&tr=c-at_max,h-100,q-40,w-100",,,,,,,,,,,,,,,,,,,
https://www.traveloka.com/id-id/user/review/consumption/HOTEL/GENERAL/3000020009559,9,10,Kedua kali nya.menginap di Yello Hotel.. selalu menyenangkan...pelayanannya sangat ramah..kamar yang nyaman meskipun kali ini dapat kamar yg agak kecil dari sebelum nya but its okay.. sarapannya banyak pilihan..anak2 ga bosen bolak balik main di kolam renang. View kamar kota Bandung dengan lampu kerlap kerlipnya di malam hari... Recommended!!!!,Diulas 383 minggu lalu,"https://ik.imagekit.io/tvlk/ugc-review/guys1L+Yyer9kzI3sp-pb0CG1j2bhflZGFUZOoIf1YOBAm37kEUOKR41ieUZm7ZJ/ugc-photo-ap-southeast-1-581603780057-acd24e232f75f09e/ACCOMMODATION/31082545_ACCOMMODATION_1546428662610_38bc60f04950f87e?_src=imagekit&tr=c-at_max,h-100,q-40,w-100","https://ik.imagekit.io/tvlk/ugc-review/guys1L+Yyer9kzI3sp-pb0CG1j2bhflZGFUZOoIf1YOBAm37kEUOKR41ieUZm7ZJ/ugc-photo-ap-southeast-1-581603780057-acd24e232f75f09e/ACCOMMODATION/31082545_ACCOMMODATION_1546428662610_b98fb00f8c8807bd?_src=imagekit&tr=c-at_max,h-100,q-40,w-100","https://ik.imagekit.io/tvlk/ugc-review/guys1L+Yyer9kzI3sp-pb0CG1j2bhflZGFUZOoIf1YOBAm37kEUOKR41ieUZm7ZJ/ugc-photo-ap-southeast-1-581603780057-acd24e232f75f09e/ACCOMMODATION/31082545_ACCOMMODATION_1546428662611_d951beb56296a128?_src=imagekit&tr=c-at_max,h-100,q-40,w-100","https://ik.imagekit.io/tvlk/ugc-review/guys1L+Yyer9kzI3sp-pb0CG1j2bhflZGFUZOoIf1YOBAm37kEUOKR41ieUZm7ZJ/ugc-photo-ap-southeast-1-581603780057-acd24e232f75f09e/ACCOMMODATION/31082545_ACCOMMODATION_1546428662611_79e24ea47abdf540?_src=imagekit&tr=c-at_max,h-100,q-40,w-100",,,,,,,,,,,,,,,,
https://www.traveloka.com/id-id/user/review/consumption/HOTEL/GENERAL/3000020009559,9,11,"lokasi bagus, dekat dari mal dan kamar besar untuk kamar standar.",Diulas 383 minggu lalu,"https://ik.imagekit.io/tvlk/ugc-review/guys1L+Yyer9kzI3sp-pb0CG1j2bhflZGFUZOoIf1YOBAm37kEUOKR41ieUZm7ZJ/ugc-photo-ap-southeast-1-581603780057-acd24e232f75f09e/ACCOMMODATION/3802139_ACCOMMODATION_1546656904965_2ec39f0c98d7189c?_src=imagekit&tr=c-at_max,h-100,q-40,w-100","https://ik.imagekit.io/tvlk/ugc-review/guys1L+Yyer9kzI3sp-pb0CG1j2bhflZGFUZOoIf1YOBAm37kEUOKR41ieUZm7ZJ/ugc-photo-ap-southeast-1-581603780057-acd24e232f75f09e/ACCOMMODATION/3802139_ACCOMMODATION_1546656904965_59154b96db5a51a5?_src=imagekit&tr=c-at_max,h-100,q-40,w-100",,,,,,,,,,,,,,,,,,
https://www.traveloka.com/id-id/user/review/consumption/HOTEL/GENERAL/3000020009559,9,12,"Hotel ini sangat pas untuk liburan keluarga, lokasi di tengah kota memudahkan akses tempat wisata di Bandung. Dekat tempat kuliner ataupun mal untuk wahana bermain anak, karyawan hotel sangat ramah, kamar bersih, tempat tidur nyaman. Pokoknya recommended banget, saya stay 1 minggu dan sangat puas. Breakfast sangat enak dan banyak pilihan, top buat Yello Hotel Pascal.",Diulas 383 minggu lalu,"https://ik.imagekit.io/tvlk/ugc-review/guys1L+Yyer9kzI3sp-pb0CG1j2bhflZGFUZOoIf1YOBAm37kEUOKR41ieUZm7ZJ/ugc-photo-ap-southeast-1-581603780057-acd24e232f75f09e/ACCOMMODATION/21240847_ACCOMMODATION_1546654549645_f5e9485b1b66a5a4?_src=imagekit&tr=c-at_max,h-100,q-40,w-100",,,,,,,,,,,,,,,,,,,
https://www.traveloka.com/id-id/user/review/consumption/HOTEL/GENERAL/3000020009559,9,13,"YELLO Hotel, hotel yang sangat bagus. Mulai dari kamar yang minimalis tapi sangat nyaman, interiornya saya sangat suka. Untuk foto-foto di kamar juga instagarmable banget deh! Dan fasilitas hotelnya pun sangat bagus. Banyak spot foto-foto dan plusnya ada spot untuk bermain game, tidak bosan kalau sedang menggu. Ada kolam renangnya juga meskipun kecil tapi bagus dengan pemandangan kota Bandung. Untuk menu sarapannya sangat enak dan banyak pilihan. Saya kasih nilai 8/10 untuk YELLO Hotel, the best.",Diulas 383 minggu lalu,"https://ik.imagekit.io/tvlk/ugc-review/guys1L+Yyer9kzI3sp-pb0CG1j2bhflZGFUZOoIf1YOBAm37kEUOKR41ieUZm7ZJ/ugc-photo-ap-southeast-1-581603780057-acd24e232f75f09e/ACCOMMODATION/20000997_ACCOMMODATION_1546587629588_5206a60cc0ffa4dc?_src=imagekit&tr=c-at_max,h-100,q-40,w-100",,,,,,,,,,,,,,,,,,,
https://www.traveloka.com/id-id/user/review/consumption/HOTEL/GENERAL/3000020009559,9,14,"Hotelnya cozy. Breakfastnya lumayan variasi menunya untuk ukuran bintang 3 mah lumayan lah. Crew hotelnya ramah, terus karena dekat mal jadi bisa cuci mata cari makan juga gampang di samping malnya pokoknya tidak mengecewakan lah.",Diulas 383 minggu lalu,"https://ik.imagekit.io/tvlk/ugc-review/guys1L+Yyer9kzI3sp-pb0CG1j2bhflZGFUZOoIf1YOBAm37kEUOKR41ieUZm7ZJ/ugc-photo-ap-southeast-1-581603780057-acd24e232f75f09e/ACCOMMODATION/22470236_ACCOMMODATION_1546445913153_b333a7a6abd89ee4?_src=imagekit&tr=c-at_max,h-100,q-40,w-100","https://ik.imagekit.io/tvlk/ugc-review/guys1L+Yyer9kzI3sp-pb0CG1j2bhflZGFUZOoIf1YOBAm37kEUOKR41ieUZm7ZJ/ugc-photo-ap-southeast-1-581603780057-acd24e232f75f09e/ACCOMMODATION/22470236_ACCOMMODATION_1546445913154_c2043df4357fcccf?_src=imagekit&tr=c-at_max,h-100,q-40,w-100",,,,,,,,,,,,,,,,,,
https://www.traveloka.com/id-id/user/review/consumption/HOTEL/GENERAL/3000020009559,9,15,"Hotelnya nyaman banget, bersih, para pegawai sangat ramah banget. Bermalam tahun baru disini sangat memuaskan. padahal saya dari bandung. pokoknya puas banget deh.",Diulas 383 minggu lalu,"https://ik.imagekit.io/tvlk/ugc-review/guys1L+Yyer9kzI3sp-pb0CG1j2bhflZGFUZOoIf1YOBAm37kEUOKR41ieUZm7ZJ/ugc-photo-ap-southeast-1-581603780057-acd24e232f75f09e/ACCOMMODATION/23999008_ACCOMMODATION_1546432218426_369c6cf1462666e0?_src=imagekit&tr=c-at_max,h-100,q-40,w-100","https://ik.imagekit.io/tvlk/ugc-review/guys1L+Yyer9kzI3sp-pb0CG1j2bhflZGFUZOoIf1YOBAm37kEUOKR41ieUZm7ZJ/ugc-photo-ap-southeast-1-581603780057-acd24e232f75f09e/ACCOMMODATION/23999008_ACCOMMODATION_1546432218427_5299440218fd1527?_src=imagekit&tr=c-at_max,h-100,q-40,w-100","https://ik.imagekit.io/tvlk/ugc-review/guys1L+Yyer9kzI3sp-pb0CG1j2bhflZGFUZOoIf1YOBAm37kEUOKR41ieUZm7ZJ/ugc-photo-ap-southeast-1-581603780057-acd24e232f75f09e/ACCOMMODATION/23999008_ACCOMMODATION_1546432218427_524f1c0da185b775?_src=imagekit&tr=c-at_max,h-100,q-40,w-100","https://ik.imagekit.io/tvlk/ugc-review/guys1L+Yyer9kzI3sp-pb0CG1j2bhflZGFUZOoIf1YOBAm37kEUOKR41ieUZm7ZJ/ugc-photo-ap-southeast-1-581603780057-acd24e232f75f09e/ACCOMMODATION/23999008_ACCOMMODATION_1546432218427_7e52af361f1e0bb4?_src=imagekit&tr=c-at_max,h-100,q-40,w-100","https://ik.imagekit.io/tvlk/ugc-review/guys1L+Yyer9kzI3sp-pb0CG1j2bhflZGFUZOoIf1YOBAm37kEUOKR41ieUZm7ZJ/ugc-photo-ap-southeast-1-581603780057-acd24e232f75f09e/ACCOMMODATION/23999008_ACCOMMODATION_1546432218428_7ff4ae80b859f436?_src=imagekit&tr=c-at_max,h-100,q-40,w-100","https://ik.imagekit.io/tvlk/ugc-review/guys1L+Yyer9kzI3sp-pb0CG1j2bhflZGFUZOoIf1YOBAm37kEUOKR41ieUZm7ZJ/ugc-photo-ap-southeast-1-581603780057-acd24e232f75f09e/ACCOMMODATION/23999008_ACCOMMODATION_1546432218428_c5e9853c01f800c5?_src=imagekit&tr=c-at_max,h-100,q-40,w-100",,,,,,,,,,,,,,
https://www.traveloka.com/id-id/user/review/consumption/HOTEL/GENERAL/3000020009559,9,16,"Hotel yang strategis, cuma 10 menit dari stasiun Bandung jalan kaki, 10 menit ke paskal food market jalan kaki, 25 menit ke primarasa jalan kaki, Kamar bersih, pelayan ramah, gratis parkir, view kolam renang pegunungan dan pesawat. Kalau mau shopping tinggal turun ke bawah langsung mal💜💜💜",Diulas 383 minggu lalu,"https://ik.imagekit.io/tvlk/ugc-review/guys1L+Yyer9kzI3sp-pb0CG1j2bhflZGFUZOoIf1YOBAm37kEUOKR41ieUZm7ZJ/ugc-photo-ap-southeast-1-581603780057-acd24e232f75f09e/ACCOMMODATION/21341881_ACCOMMODATION_1546282155547_f83a44b67056bb6e?_src=imagekit&tr=c-at_max,h-100,q-40,w-100","https://ik.imagekit.io/tvlk/ugc-review/guys1L+Yyer9kzI3sp-pb0CG1j2bhflZGFUZOoIf1YOBAm37kEUOKR41ieUZm7ZJ/ugc-photo-ap-southeast-1-581603780057-acd24e232f75f09e/ACCOMMODATION/21341881_ACCOMMODATION_1546282155546_7ec3da86cdc0fe1b?_src=imagekit&tr=c-at_max,h-100,q-40,w-100","https://ik.imagekit.io/tvlk/ugc-review/guys1L+Yyer9kzI3sp-pb0CG1j2bhflZGFUZOoIf1YOBAm37kEUOKR41ieUZm7ZJ/ugc-photo-ap-southeast-1-581603780057-acd24e232f75f09e/ACCOMMODATION/21341881_ACCOMMODATION_1546282155547_dd2daeaa89ff09cf?_src=imagekit&tr=c-at_max,h-100,q-40,w-100","https://ik.imagekit.io/tvlk/ugc-review/guys1L+Yyer9kzI3sp-pb0CG1j2bhflZGFUZOoIf1YOBAm37kEUOKR41ieUZm7ZJ/ugc-photo-ap-southeast-1-581603780057-acd24e232f75f09e/ACCOMMODATION/21341881_ACCOMMODATION_1546282155548_abd4295473141616?_src=imagekit&tr=c-at_max,h-100,q-40,w-100","https://ik.imagekit.io/tvlk/ugc-review/guys1L+Yyer9kzI3sp-pb0CG1j2bhflZGFUZOoIf1YOBAm37kEUOKR41ieUZm7ZJ/ugc-photo-ap-southeast-1-581603780057-acd24e232f75f09e/ACCOMMODATION/21341881_ACCOMMODATION_1546282155547_f791ac8b13a77105?_src=imagekit&tr=c-at_max,h-100,q-40,w-100","https://ik.imagekit.io/tvlk/ugc-review/guys1L+Yyer9kzI3sp-pb0CG1j2bhflZGFUZOoIf1YOBAm37kEUOKR41ieUZm7ZJ/ugc-photo-ap-southeast-1-581603780057-acd24e232f75f09e/ACCOMMODATION/21341881_ACCOMMODATION_1546282155548_385e02a5065322e1?_src=imagekit&tr=c-at_max,h-100,q-40,w-100",,,,,,,,,,,,,,
https://www.traveloka.com/id-id/user/review/consumption/HOTEL/GENERAL/3000020009559,9,17,"Sangat bersih dan Instagramable, dan ada area bermain yang membuat anak-anak semakin senang, dan yang terpenting lokasinya di sebelah mal 23 Paskal 😍",Diulas 384 minggu lalu,"https://ik.imagekit.io/tvlk/ugc-review/guys1L+Yyer9kzI3sp-pb0CG1j2bhflZGFUZOoIf1YOBAm37kEUOKR41ieUZm7ZJ/ugc-photo-ap-southeast-1-581603780057-acd24e232f75f09e/ACCOMMODATION/5548718_ACCOMMODATION_1546297227192_ca43e4b6738cb4fd?_src=imagekit&tr=c-at_max,h-100,q-40,w-100","https://ik.imagekit.io/tvlk/ugc-review/guys1L+Yyer9kzI3sp-pb0CG1j2bhflZGFUZOoIf1YOBAm37kEUOKR41ieUZm7ZJ/ugc-photo-ap-southeast-1-581603780057-acd24e232f75f09e/ACCOMMODATION/5548718_ACCOMMODATION_1546297227193_696a06b9466f6557?_src=imagekit&tr=c-at_max,h-100,q-40,w-100",,,,,,,,,,,,,,,,,,
https://www.traveloka.com/id-id/user/review/consumption/HOTEL/GENERAL/3000020009559,9,18,"Kamarnya modern, fasilitasnya oke, appearancenya kekinian banget cuma kurang slot parkirnya aja karena nyatu sama mal.",Diulas 384 minggu lalu,"https://ik.imagekit.io/tvlk/ugc-review/guys1L+Yyer9kzI3sp-pb0CG1j2bhflZGFUZOoIf1YOBAm37kEUOKR41ieUZm7ZJ/ugc-photo-ap-southeast-1-581603780057-acd24e232f75f09e/ACCOMMODATION/0_ACCOMMODATION_1546228221324_09e8efa329a7278a?_src=imagekit&tr=c-at_max,h-100,q-40,w-100","https://ik.imagekit.io/tvlk/ugc-review/guys1L+Yyer9kzI3sp-pb0CG1j2bhflZGFUZOoIf1YOBAm37kEUOKR41ieUZm7ZJ/ugc-photo-ap-southeast-1-581603780057-acd24e232f75f09e/ACCOMMODATION/0_ACCOMMODATION_1546228221326_a1e98b5ff5922a6f?_src=imagekit&tr=c-at_max,h-100,q-40,w-100",,,,,,,,,,,,,,,,,,
https://www.traveloka.com/id-id/user/review/consumption/HOTEL/GENERAL/3000020009559,9,19,"Hotel bersih, instagramable, sarapan enak, kolam renang bersih. Menyenangkan menginap disini.",Diulas 384 minggu lalu,"https://ik.imagekit.io/tvlk/ugc-review/guys1L+Yyer9kzI3sp-pb0CG1j2bhflZGFUZOoIf1YOBAm37kEUOKR41ieUZm7ZJ/ugc-photo-ap-southeast-1-581603780057-acd24e232f75f09e/ACCOMMODATION/97992533_ACCOMMODATION_1546174351447_025c49ed5b08be08?_src=imagekit&tr=c-at_max,h-100,q-40,w-100",,,,,,,,,,,,,,,,,,,
https://www.traveloka.com/id-id/user/review/consumption/HOTEL/GENERAL/3000020009559,9,20,"A very cheerful hotel with great location for culinary. Di dalamnya banyak disediakan spot dengan sofa nyaman untuk duduk santai menikmati suasana hotel yang santai, ceria, dan playful. Yang suka ngegame, pas banget ke sini karena ada game corner buat seru-seruan bareng. Mau ngemall tinggal pindah lobi aja. Mau kuliner ada banyak pilihan di luar hotel dan bisa dijangkau dengan jalan kaki. Mau berenang sama anak bisa banget. Hotel ini menyediakan 2 tipe kolam : untuk anak 48cm dan dewasa 120cm. Staffnya semua ramah dan helpful. Hanya 1 yang agak terkendala : gak ada bel di pintu kamar. Jadi kalo minta bawain apa gitu, suka gak denger ketokan di pintu. Apalagi kalo pas tv nyala atau lagi ada anak-anak. With all the good things in this hotel, it's very possible for us to stay again here!",Diulas 384 minggu lalu,"https://ik.imagekit.io/tvlk/ugc-review/guys1L+Yyer9kzI3sp-pb0CG1j2bhflZGFUZOoIf1YOBAm37kEUOKR41ieUZm7ZJ/ugc-photo-ap-southeast-1-581603780057-acd24e232f75f09e/ACCOMMODATION/4701798_ACCOMMODATION_1546157993499_a53e69c668a8eb77?_src=imagekit&tr=c-at_max,h-80,q-40,w-80","https://ik.imagekit.io/tvlk/ugc-review/guys1L+Yyer9kzI3sp-pb0CG1j2bhflZGFUZOoIf1YOBAm37kEUOKR41ieUZm7ZJ/ugc-photo-ap-southeast-1-581603780057-acd24e232f75f09e/ACCOMMODATION/4701798_ACCOMMODATION_1546157993499_b85806fe8e2dfc93?_src=imagekit&tr=c-at_max,h-80,q-40,w-80","https://ik.imagekit.io/tvlk/ugc-review/guys1L+Yyer9kzI3sp-pb0CG1j2bhflZGFUZOoIf1YOBAm37kEUOKR41ieUZm7ZJ/ugc-photo-ap-southeast-1-581603780057-acd24e232f75f09e/ACCOMMODATION/4701798_ACCOMMODATION_1546157993500_ca9dd4a18e71163f?_src=imagekit&tr=c-at_max,h-80,q-40,w-80","https://ik.imagekit.io/tvlk/ugc-review/guys1L+Yyer9kzI3sp-pb0CG1j2bhflZGFUZOoIf1YOBAm37kEUOKR41ieUZm7ZJ/ugc-photo-ap-southeast-1-581603780057-acd24e232f75f09e/ACCOMMODATION/4701798_ACCOMMODATION_1546157993500_d29d1f8db570203e?_src=imagekit&tr=c-at_max,h-80,q-40,w-80","https://ik.imagekit.io/tvlk/ugc-review/guys1L+Yyer9kzI3sp-pb0CG1j2bhflZGFUZOoIf1YOBAm37kEUOKR41ieUZm7ZJ/ugc-photo-ap-southeast-1-581603780057-acd24e232f75f09e/ACCOMMODATION/4701798_ACCOMMODATION_1546157993500_a7e10d086e46268f?_src=imagekit&tr=c-at_max,h-80,q-40,w-80","https://ik.imagekit.io/tvlk/ugc-review/guys1L+Yyer9kzI3sp-pb0CG1j2bhflZGFUZOoIf1YOBAm37kEUOKR41ieUZm7ZJ/ugc-photo-ap-southeast-1-581603780057-acd24e232f75f09e/ACCOMMODATION/4701798_ACCOMMODATION_1546157993501_8c625ca932da508a?_src=imagekit&tr=c-at_max,h-80,q-40,w-80","https://ik.imagekit.io/tvlk/ugc-review/guys1L+Yyer9kzI3sp-pb0CG1j2bhflZGFUZOoIf1YOBAm37kEUOKR41ieUZm7ZJ/ugc-photo-ap-southeast-1-581603780057-acd24e232f75f09e/ACCOMMODATION/4701798_ACCOMMODATION_1546158900560_cd66ad354b500e5a?_src=imagekit&tr=c-at_max,h-80,q-40,w-80","https://ik.imagekit.io/tvlk/ugc-review/guys1L+Yyer9kzI3sp-pb0CG1j2bhflZGFUZOoIf1YOBAm37kEUOKR41ieUZm7ZJ/ugc-photo-ap-southeast-1-581603780057-acd24e232f75f09e/ACCOMMODATION/4701798_ACCOMMODATION_1546158900561_c4a4fadae0b28128?_src=imagekit&tr=c-at_max,h-80,q-40,w-80","https://ik.imagekit.io/tvlk/ugc-review/guys1L+Yyer9kzI3sp-pb0CG1j2bhflZGFUZOoIf1YOBAm37kEUOKR41ieUZm7ZJ/ugc-photo-ap-southeast-1-581603780057-acd24e232f75f09e/ACCOMMODATION/4701798_ACCOMMODATION_1546158900562_7ee400349851d612?_src=imagekit&tr=c-at_max,h-80,q-40,w-80",,,,,,,,,,,
https://www.traveloka.com/id-id/user/review/consumption/HOTEL/GENERAL/3000020009559,9,21,"staf yang ramah, makanan enak, hotel keren .. semua hebat terima kasih banyak!",Diulas 384 minggu lalu,"https://ik.imagekit.io/tvlk/ugc-review/guys1L+Yyer9kzI3sp-pb0CG1j2bhflZGFUZOoIf1YOBAm37kEUOKR41ieUZm7ZJ/ugc-photo-ap-southeast-1-581603780057-acd24e232f75f09e/ACCOMMODATION/5014470_ACCOMMODATION_1545977160202_31a98e4453adf06f?_src=imagekit&tr=c-at_max,h-100,q-40,w-100","https://ik.imagekit.io/tvlk/ugc-review/guys1L+Yyer9kzI3sp-pb0CG1j2bhflZGFUZOoIf1YOBAm37kEUOKR41ieUZm7ZJ/ugc-photo-ap-southeast-1-581603780057-acd24e232f75f09e/ACCOMMODATION/5014470_ACCOMMODATION_1545977160203_c453eaf14d12b55e?_src=imagekit&tr=c-at_max,h-100,q-40,w-100","https://ik.imagekit.io/tvlk/ugc-review/guys1L+Yyer9kzI3sp-pb0CG1j2bhflZGFUZOoIf1YOBAm37kEUOKR41ieUZm7ZJ/ugc-photo-ap-southeast-1-581603780057-acd24e232f75f09e/ACCOMMODATION/5014470_ACCOMMODATION_1545977160203_5a297bfc5716a884?_src=imagekit&tr=c-at_max,h-100,q-40,w-100",,,,,,,,,,,,,,,,,
https://www.traveloka.com/id-id/user/review/consumption/HOTEL/GENERAL/3000020009559,9,22,"Hotel sekitar Pasir Kaliki area dan dekat China Town. tinggal turun ke Lobby untuk akses mall Paskal 23. check in dan check out sangat cepat kamar cukup luas internet beyond my expectation kamar bersih, tidak coba makanan-nya karena byk kuliner spot sekitar hotel yg tersedia sampai lewat tengah malam tempat tidur sedikit keras dan bantal kurang banyak.",Diulas 384 minggu lalu,"https://ik.imagekit.io/tvlk/ugc-review/guys1L+Yyer9kzI3sp-pb0CG1j2bhflZGFUZOoIf1YOBAm37kEUOKR41ieUZm7ZJ/ugc-photo-ap-southeast-1-581603780057-acd24e232f75f09e/ACCOMMODATION/14256277_ACCOMMODATION_1545902442732_073eae36a3fb7720?_src=imagekit&tr=c-at_max,h-100,q-40,w-100","https://ik.imagekit.io/tvlk/ugc-review/guys1L+Yyer9kzI3sp-pb0CG1j2bhflZGFUZOoIf1YOBAm37kEUOKR41ieUZm7ZJ/ugc-photo-ap-southeast-1-581603780057-acd24e232f75f09e/ACCOMMODATION/14256277_ACCOMMODATION_1545902442732_f2518e4570bff994?_src=imagekit&tr=c-at_max,h-100,q-40,w-100",,,,,,,,,,,,,,,,,,
https://www.traveloka.com/id-id/user/review/consumption/HOTEL/GENERAL/3000020009559,9,23,"Over all is good. (+) - Di lobby ada game corner. - Menu b’fast cukup bervariasi. - Kamar cukup luas. - Free parking. (-) - Untuk hairdryer tdk tersedia di kamar (mungkin by request kali ya). - parkir basement yg deket pintu masuk hotelnya itu ga banyak, jadi agak susah.",Diulas 385 minggu lalu,"https://ik.imagekit.io/tvlk/ugc-review/guys1L+Yyer9kzI3sp-pb0CG1j2bhflZGFUZOoIf1YOBAm37kEUOKR41ieUZm7ZJ/ugc-photo-ap-southeast-1-581603780057-acd24e232f75f09e/ACCOMMODATION/14502749_ACCOMMODATION_1545716706108_d13118325d1c9380?_src=imagekit&tr=c-at_max,h-100,q-40,w-100","https://ik.imagekit.io/tvlk/ugc-review/guys1L+Yyer9kzI3sp-pb0CG1j2bhflZGFUZOoIf1YOBAm37kEUOKR41ieUZm7ZJ/ugc-photo-ap-southeast-1-581603780057-acd24e232f75f09e/ACCOMMODATION/14502749_ACCOMMODATION_1545716706109_b6bf6497caeed44c?_src=imagekit&tr=c-at_max,h-100,q-40,w-100","https://ik.imagekit.io/tvlk/ugc-review/guys1L+Yyer9kzI3sp-pb0CG1j2bhflZGFUZOoIf1YOBAm37kEUOKR41ieUZm7ZJ/ugc-photo-ap-southeast-1-581603780057-acd24e232f75f09e/ACCOMMODATION/14502749_ACCOMMODATION_1545716706109_6621a8ae86c2e325?_src=imagekit&tr=c-at_max,h-100,q-40,w-100",,,,,,,,,,,,,,,,,
https://www.traveloka.com/id-id/user/review/consumption/HOTEL/GENERAL/3000020009559,9,24,Bangun dengan pemandangan yang indah dari pemandangan yang indah membuatnya lebih bersemangat untuk hari itu.,Diulas 385 minggu lalu,"https://ik.imagekit.io/tvlk/ugc-review/guys1L+Yyer9kzI3sp-pb0CG1j2bhflZGFUZOoIf1YOBAm37kEUOKR41ieUZm7ZJ/ugc-photo-ap-southeast-1-581603780057-acd24e232f75f09e/ACCOMMODATION/3160160_ACCOMMODATION_1545637242929_af00578b3834d173?_src=imagekit&tr=c-at_max,h-100,q-40,w-100",,,,,,,,,,,,,,,,,,,
https://www.traveloka.com/id-id/user/review/consumption/HOTEL/GENERAL/3000020009559,9,25,"Sangat menyenangkan liburan di Bandung stay overnightnya di yello, ini pengalama saya yang ke 2 kalinya menginap disini, hotel nyaman, bersih, Baru dan variasi menu breakfast banyak, terus connecting dengan mal dan di sekelililnya banyak tempat makan dan nongkrong. 👌🏻👍🏻",Diulas 385 minggu lalu,"https://ik.imagekit.io/tvlk/ugc-review/guys1L+Yyer9kzI3sp-pb0CG1j2bhflZGFUZOoIf1YOBAm37kEUOKR41ieUZm7ZJ/ugc-photo-ap-southeast-1-581603780057-acd24e232f75f09e/ACCOMMODATION/3721997_ACCOMMODATION_1545549586438_47b9bd6892bf620e?_src=imagekit&tr=c-at_max,h-100,q-40,w-100",,,,,,,,,,,,,,,,,,,
https://www.traveloka.com/id-id/user/review/consumption/HOTEL/GENERAL/3000020009559,9,26,"Lokasinya sangat bagus, berada di area yang terdapat pusat perbelanjaan.",Diulas 386 minggu lalu,"https://ik.imagekit.io/tvlk/ugc-review/guys1L+Yyer9kzI3sp-pb0CG1j2bhflZGFUZOoIf1YOBAm37kEUOKR41ieUZm7ZJ/ugc-photo-ap-southeast-1-581603780057-acd24e232f75f09e/ACCOMMODATION/3288572_ACCOMMODATION_1545076653186_15073f12bab1a4b4?_src=imagekit&tr=c-at_max,h-100,q-40,w-100",,,,,,,,,,,,,,,,,,,
https://www.traveloka.com/id-id/user/review/consumption/HOTEL/GENERAL/3000020009559,9,27,"Menyenangkan bisa menginap di Yello hotel paskal ini. Anak saya yang umur 3 tahun juga betah soalnya di lobby ada mainan, ada tempat main gamai juga, ada kolam renang, mu ke mal juga tinggal turun. Pegawainya ramah-ramah semua, kalau untuk makanan si standar aza, tapi overall puas menginap disini.",Diulas 386 minggu lalu,"https://ik.imagekit.io/tvlk/ugc-review/guys1L+Yyer9kzI3sp-pb0CG1j2bhflZGFUZOoIf1YOBAm37kEUOKR41ieUZm7ZJ/ugc-photo-ap-southeast-1-581603780057-acd24e232f75f09e/ACCOMMODATION/19724075_ACCOMMODATION_1544926137322_50cf913916a35b3f?_src=imagekit&tr=c-at_max,h-100,q-40,w-100","https://ik.imagekit.io/tvlk/ugc-review/guys1L+Yyer9kzI3sp-pb0CG1j2bhflZGFUZOoIf1YOBAm37kEUOKR41ieUZm7ZJ/ugc-photo-ap-southeast-1-581603780057-acd24e232f75f09e/ACCOMMODATION/19724075_ACCOMMODATION_1544926137323_3049550b2e8940a3?_src=imagekit&tr=c-at_max,h-100,q-40,w-100",,,,,,,,,,,,,,,,,,
https://www.traveloka.com/id-id/user/review/consumption/HOTEL/GENERAL/3000020009559,9,28,"Benar-benar menikmati waktu saya di sini, harganya sepadan dengan semua sen, banyak permainan untuk anak, banyak tempat yang bagus untuk mengambil foto, saya bersenang-senang saat saya di sini",Diulas 386 minggu lalu,"https://ik.imagekit.io/tvlk/ugc-review/guys1L+Yyer9kzI3sp-pb0CG1j2bhflZGFUZOoIf1YOBAm37kEUOKR41ieUZm7ZJ/ugc-photo-ap-southeast-1-581603780057-acd24e232f75f09e/ACCOMMODATION/4706254_ACCOMMODATION_1544777670080_1947c8a88f479ebf?_src=imagekit&tr=c-at_max,h-100,q-40,w-100",,,,,,,,,,,,,,,,,,,
https://www.traveloka.com/id-id/user/review/consumption/HOTEL/GENERAL/3000020009559,9,29,"Hotel milenial. Yang Anda butuhkan untuk gen millenial ada di sana. Gambar seni mural luar biasa! Kamar bahkan lebih baik dari gambar itu. Baru dan segar. Internet cepat🏃‍♀️🏃‍♀️🏃‍♀️🏃‍♀️ sarapan enak / lebih banyak rasa lokal tapi enak. Staf sangat membantu. Suka ! Anda memiliki pascal 23 mal di bawah hotel yang sangat nyaman. Ada warung makan di belakang hotel, banyak makanan tradisional dengan suasana musik live yang direkomendasikan untuk menginap di sini. Terima kasih Yello hotel! Pasti akan kembali 😍",Diulas 386 minggu lalu,"https://ik.imagekit.io/tvlk/ugc-review/guys1L+Yyer9kzI3sp-pb0CG1j2bhflZGFUZOoIf1YOBAm37kEUOKR41ieUZm7ZJ/ugc-photo-ap-southeast-1-581603780057-acd24e232f75f09e/ACCOMMODATION/7421091_ACCOMMODATION_1544590264474_fdfd4f34873cfa51?_src=imagekit&tr=c-at_max,h-100,q-40,w-100","https://ik.imagekit.io/tvlk/ugc-review/guys1L+Yyer9kzI3sp-pb0CG1j2bhflZGFUZOoIf1YOBAm37kEUOKR41ieUZm7ZJ/ugc-photo-ap-southeast-1-581603780057-acd24e232f75f09e/ACCOMMODATION/7421091_ACCOMMODATION_1544659491935_ad31d428a7bf2338?_src=imagekit&tr=c-at_max,h-100,q-40,w-100","https://ik.imagekit.io/tvlk/ugc-review/guys1L+Yyer9kzI3sp-pb0CG1j2bhflZGFUZOoIf1YOBAm37kEUOKR41ieUZm7ZJ/ugc-photo-ap-southeast-1-581603780057-acd24e232f75f09e/ACCOMMODATION/7421091_ACCOMMODATION_1544659491935_033236b4fbd4d9f7?_src=imagekit&tr=c-at_max,h-100,q-40,w-100",,,,,,,,,,,,,,,,,
https://www.traveloka.com/id-id/user/review/consumption/HOTEL/GENERAL/3000020009559,9,30,"Hotel bagus, lokasi bagus, kamar berbau bersih dan menyenangkan ..",Diulas 386 minggu lalu,"https://ik.imagekit.io/tvlk/ugc-review/guys1L+Yyer9kzI3sp-pb0CG1j2bhflZGFUZOoIf1YOBAm37kEUOKR41ieUZm7ZJ/ugc-photo-ap-southeast-1-581603780057-acd24e232f75f09e/ACCOMMODATION/9797426_ACCOMMODATION_1544580230489_f7f22cc3efb55b6d?_src=imagekit&tr=c-at_max,h-100,q-40,w-100","https://ik.imagekit.io/tvlk/ugc-review/guys1L+Yyer9kzI3sp-pb0CG1j2bhflZGFUZOoIf1YOBAm37kEUOKR41ieUZm7ZJ/ugc-photo-ap-southeast-1-581603780057-acd24e232f75f09e/ACCOMMODATION/9797426_ACCOMMODATION_1544580230489_dd1703ad5a255d6a?_src=imagekit&tr=c-at_max,h-100,q-40,w-100","https://ik.imagekit.io/tvlk/ugc-review/guys1L+Yyer9kzI3sp-pb0CG1j2bhflZGFUZOoIf1YOBAm37kEUOKR41ieUZm7ZJ/ugc-photo-ap-southeast-1-581603780057-acd24e232f75f09e/ACCOMMODATION/9797426_ACCOMMODATION_1544580230490_43e04efc5413320c?_src=imagekit&tr=c-at_max,h-100,q-40,w-100",,,,,,,,,,,,,,,,,
https://www.traveloka.com/id-id/user/review/consumption/HOTEL/GENERAL/3000020009559,9,31,"Mantap hotelnya, pelayanan sangat baik, dekat dengan mal, dekat dengan stasiun, rekomendasi pokoknya, mantap.",Diulas 386 minggu lalu,"https://ik.imagekit.io/tvlk/ugc-review/guys1L+Yyer9kzI3sp-pb0CG1j2bhflZGFUZOoIf1YOBAm37kEUOKR41ieUZm7ZJ/ugc-photo-ap-southeast-1-581603780057-acd24e232f75f09e/ACCOMMODATION/3283535_ACCOMMODATION_1544425072731_b2883e6b340866d8?_src=imagekit&tr=c-at_max,h-100,q-40,w-100","https://ik.imagekit.io/tvlk/ugc-review/guys1L+Yyer9kzI3sp-pb0CG1j2bhflZGFUZOoIf1YOBAm37kEUOKR41ieUZm7ZJ/ugc-photo-ap-southeast-1-581603780057-acd24e232f75f09e/ACCOMMODATION/3283535_ACCOMMODATION_1544425072732_3064e10ecd80f808?_src=imagekit&tr=c-at_max,h-100,q-40,w-100","https://ik.imagekit.io/tvlk/ugc-review/guys1L+Yyer9kzI3sp-pb0CG1j2bhflZGFUZOoIf1YOBAm37kEUOKR41ieUZm7ZJ/ugc-photo-ap-southeast-1-581603780057-acd24e232f75f09e/ACCOMMODATION/3283535_ACCOMMODATION_1544425072732_6b21572e015b45ec?_src=imagekit&tr=c-at_max,h-100,q-40,w-100","https://ik.imagekit.io/tvlk/ugc-review/guys1L+Yyer9kzI3sp-pb0CG1j2bhflZGFUZOoIf1YOBAm37kEUOKR41ieUZm7ZJ/ugc-photo-ap-southeast-1-581603780057-acd24e232f75f09e/ACCOMMODATION/3283535_ACCOMMODATION_1544425072732_801b012b3c83e853?_src=imagekit&tr=c-at_max,h-100,q-40,w-100",,,,,,,,,,,,,,,,
https://www.traveloka.com/id-id/user/review/consumption/HOTEL/GENERAL/3000020009559,9,32,"Hotelnya, bagus, unik dan pelayanannya ramah, cuma satu kurangnya tidak ada tisu box sama kulkas.",Diulas 386 minggu lalu,"https://ik.imagekit.io/tvlk/ugc-review/guys1L+Yyer9kzI3sp-pb0CG1j2bhflZGFUZOoIf1YOBAm37kEUOKR41ieUZm7ZJ/ugc-photo-ap-southeast-1-581603780057-acd24e232f75f09e/ACCOMMODATION/8560797_ACCOMMODATION_1544520228537_84bfe61459b24e5a?_src=imagekit&tr=c-at_max,h-100,q-40,w-100","https://ik.imagekit.io/tvlk/ugc-review/guys1L+Yyer9kzI3sp-pb0CG1j2bhflZGFUZOoIf1YOBAm37kEUOKR41ieUZm7ZJ/ugc-photo-ap-southeast-1-581603780057-acd24e232f75f09e/ACCOMMODATION/8560797_ACCOMMODATION_1544520228538_7c389afbc1f273bf?_src=imagekit&tr=c-at_max,h-100,q-40,w-100","https://ik.imagekit.io/tvlk/ugc-review/guys1L+Yyer9kzI3sp-pb0CG1j2bhflZGFUZOoIf1YOBAm37kEUOKR41ieUZm7ZJ/ugc-photo-ap-southeast-1-581603780057-acd24e232f75f09e/ACCOMMODATION/8560797_ACCOMMODATION_1544520228538_c36264daddc73550?_src=imagekit&tr=c-at_max,h-100,q-40,w-100",,,,,,,,,,,,,,,,,
https://www.traveloka.com/id-id/user/review/consumption/HOTEL/GENERAL/3000020009559,9,33,"Hotelnya bagus interior roomnya simple tapi asik diliat! Kolam renangnya oke banget, service-nya juga bagus, gue coba room service disini makannya enak-enak. Nasi goreng ayam betutu sama kopaska pastanya oke! hotel yang wajib dikunjungin dipaskal. Thank you Yello Hotel Paskal. 👍🏻",Diulas 387 minggu lalu,"https://ik.imagekit.io/tvlk/ugc-review/guys1L+Yyer9kzI3sp-pb0CG1j2bhflZGFUZOoIf1YOBAm37kEUOKR41ieUZm7ZJ/ugc-photo-ap-southeast-1-581603780057-acd24e232f75f09e/ACCOMMODATION/58778848_ACCOMMODATION_1544441354805_56a2456731f12c27?_src=imagekit&tr=c-at_max,h-100,q-40,w-100",,,,,,,,,,,,,,,,,,,
https://www.traveloka.com/id-id/user/review/consumption/HOTEL/GENERAL/3000020009559,9,34,"Menyenangkan! Khususnya untuk saya pecinta warna kuning. Kamar nyaman dan bersih, hanya saja makanan kurang banyak variasinya. Tapi overall mantap, banyak spot untuk foto.",Diulas 387 minggu lalu,"https://ik.imagekit.io/tvlk/ugc-review/guys1L+Yyer9kzI3sp-pb0CG1j2bhflZGFUZOoIf1YOBAm37kEUOKR41ieUZm7ZJ/ugc-photo-ap-southeast-1-581603780057-acd24e232f75f09e/ACCOMMODATION/7803230_ACCOMMODATION_1544409566141_813416f97564aea5?_src=imagekit&tr=c-at_max,h-100,q-40,w-100",,,,,,,,,,,,,,,,,,,
https://www.traveloka.com/id-id/user/review/consumption/HOTEL/GENERAL/3000020009559,9,35,"Yello hotel adalah hotel yang bagus, desain kreatif, nyaman, memiliki makanan enak dengan banyak varian, stafnya ramah dan membantu. Hotel ini akan menjadi hotel favorit dan saya akan kembali lagi dan akan menjadi pilihan terbaik untuk menginap. Sangat direkomendasikan untuk semua orang untuk menginap di sini ..",Diulas 387 minggu lalu,"https://ik.imagekit.io/tvlk/ugc-review/guys1L+Yyer9kzI3sp-pb0CG1j2bhflZGFUZOoIf1YOBAm37kEUOKR41ieUZm7ZJ/ugc-photo-ap-southeast-1-581603780057-acd24e232f75f09e/ACCOMMODATION/18551408_ACCOMMODATION_1544335915333_f03d21d7765826a5?_src=imagekit&tr=c-at_max,h-100,q-40,w-100","https://ik.imagekit.io/tvlk/ugc-review/guys1L+Yyer9kzI3sp-pb0CG1j2bhflZGFUZOoIf1YOBAm37kEUOKR41ieUZm7ZJ/ugc-photo-ap-southeast-1-581603780057-acd24e232f75f09e/ACCOMMODATION/18551408_ACCOMMODATION_1544336148905_98b4a0cb53ecb976?_src=imagekit&tr=c-at_max,h-100,q-40,w-100","https://ik.imagekit.io/tvlk/ugc-review/guys1L+Yyer9kzI3sp-pb0CG1j2bhflZGFUZOoIf1YOBAm37kEUOKR41ieUZm7ZJ/ugc-photo-ap-southeast-1-581603780057-acd24e232f75f09e/ACCOMMODATION/18551408_ACCOMMODATION_1544336148905_426bfdeacb9a97a9?_src=imagekit&tr=c-at_max,h-100,q-40,w-100",,,,,,,,,,,,,,,,,
https://www.traveloka.com/id-id/user/review/consumption/HOTEL/GENERAL/3000020009559,9,36,"Hotel baru dan bersih, di pusat kuliner Bandung Paskal Hypersquare dan tepat berada di mal 23 Paskal. Sangat menyenangkan karena bisa sambil jalan-jalan di mal. Dekat dengan pusat kota dan stasiun KA Bandung menjadikan lokasi ini strategis untuk perjalanan wisata dan bisnis.",Diulas 387 minggu lalu,"https://ik.imagekit.io/tvlk/ugc-review/guys1L+Yyer9kzI3sp-pb0CG1j2bhflZGFUZOoIf1YOBAm37kEUOKR41ieUZm7ZJ/ugc-photo-ap-southeast-1-581603780057-acd24e232f75f09e/ACCOMMODATION/4567213_ACCOMMODATION_1544185254384_dbe8dfb0bd0a33cd?_src=imagekit&tr=c-at_max,h-100,q-40,w-100","https://ik.imagekit.io/tvlk/ugc-review/guys1L+Yyer9kzI3sp-pb0CG1j2bhflZGFUZOoIf1YOBAm37kEUOKR41ieUZm7ZJ/ugc-photo-ap-southeast-1-581603780057-acd24e232f75f09e/ACCOMMODATION/4567213_ACCOMMODATION_1544185254385_8c9679dd9cacfd79?_src=imagekit&tr=c-at_max,h-100,q-40,w-100",,,,,,,,,,,,,,,,,,
https://www.traveloka.com/id-id/user/review/consumption/HOTEL/GENERAL/3000020009559,9,37,"Enak banget, bersih sama instram-ramable banget sudah, apalagi sarapannya enak banget. Mau ke mal paskal tinggal ke bawah dekat kemana-mana lagi.",Diulas 387 minggu lalu,"https://ik.imagekit.io/tvlk/ugc-review/guys1L+Yyer9kzI3sp-pb0CG1j2bhflZGFUZOoIf1YOBAm37kEUOKR41ieUZm7ZJ/ugc-photo-ap-southeast-1-581603780057-acd24e232f75f09e/ACCOMMODATION/20240822_ACCOMMODATION_1544051258196_20970c243651876e?_src=imagekit&tr=c-at_max,h-100,q-40,w-100","https://ik.imagekit.io/tvlk/ugc-review/guys1L+Yyer9kzI3sp-pb0CG1j2bhflZGFUZOoIf1YOBAm37kEUOKR41ieUZm7ZJ/ugc-photo-ap-southeast-1-581603780057-acd24e232f75f09e/ACCOMMODATION/20240822_ACCOMMODATION_1544051258197_7341f5b29006bc22?_src=imagekit&tr=c-at_max,h-100,q-40,w-100","https://ik.imagekit.io/tvlk/ugc-review/guys1L+Yyer9kzI3sp-pb0CG1j2bhflZGFUZOoIf1YOBAm37kEUOKR41ieUZm7ZJ/ugc-photo-ap-southeast-1-581603780057-acd24e232f75f09e/ACCOMMODATION/20240822_ACCOMMODATION_1544051258197_e48078a0045a5d97?_src=imagekit&tr=c-at_max,h-100,q-40,w-100","https://ik.imagekit.io/tvlk/ugc-review/guys1L+Yyer9kzI3sp-pb0CG1j2bhflZGFUZOoIf1YOBAm37kEUOKR41ieUZm7ZJ/ugc-photo-ap-southeast-1-581603780057-acd24e232f75f09e/ACCOMMODATION/20240822_ACCOMMODATION_1544051258198_92a51419a2c70cc9?_src=imagekit&tr=c-at_max,h-100,q-40,w-100",,,,,,,,,,,,,,,,
https://www.traveloka.com/id-id/user/review/consumption/HOTEL/GENERAL/3000020009559,9,38,"Kebersihan oke, lobby besar bersih, disediakan welcome drink, kolam bersih, ruangan kurang pencahayaan, kamar standar agak sempit. Kurang cocok untuk keluarga lebih cocok untuk bisnis travel, makanan tidak coba, kasur bukan spring bed, jadi hanya alas tidur di atas dipan saja, Kurang nyaman untuk saya untuk ukuran hotel. Kelebihannya cuma dekat dengan paskal-pasal tinggal ngesot sampai.",Diulas 387 minggu lalu,"https://ik.imagekit.io/tvlk/ugc-review/guys1L+Yyer9kzI3sp-pb0CG1j2bhflZGFUZOoIf1YOBAm37kEUOKR41ieUZm7ZJ/ugc-photo-ap-southeast-1-581603780057-acd24e232f75f09e/ACCOMMODATION/11183067_ACCOMMODATION_1544009428147_5444d9abe6a767c6?_src=imagekit&tr=c-at_max,h-100,q-40,w-100",,,,,,,,,,,,,,,,,,,
https://www.traveloka.com/id-id/user/review/consumption/HOTEL/GENERAL/3000020009559,9,39,"Hotel yang bagus, di pusat kota, layanan bersih dan baik. Lokasi di atas mal dan pemandangannya sangat bagus",Diulas 388 minggu lalu,"https://ik.imagekit.io/tvlk/ugc-review/guys1L+Yyer9kzI3sp-pb0CG1j2bhflZGFUZOoIf1YOBAm37kEUOKR41ieUZm7ZJ/ugc-photo-ap-southeast-1-581603780057-acd24e232f75f09e/ACCOMMODATION/3489772_ACCOMMODATION_1543810340475_cb72d898e9d65c8c?_src=imagekit&tr=c-at_max,h-100,q-40,w-100",,,,,,,,,,,,,,,,,,,
https://www.traveloka.com/id-id/user/review/consumption/HOTEL/GENERAL/3000020009559,9,40,"Hotel ini terlihat seru, warna kuning terang bikin tampak happy, makanan rasanya lumayan sedap, tampilan menarik, Suasana ruang makan yang nyaman juga cantik. Kamar desain minimalis tapi bersih dan menarik. Banyak mural yang cakep buat spot selfie, di depan lift, lorong kamar, lobi juga depan restoran. Yang terpenting anak-anak suka menginap di sini. Kami akan kembali lagi lain waktu.",Diulas 388 minggu lalu,"https://ik.imagekit.io/tvlk/ugc-review/guys1L+Yyer9kzI3sp-pb0CG1j2bhflZGFUZOoIf1YOBAm37kEUOKR41ieUZm7ZJ/ugc-photo-ap-southeast-1-581603780057-acd24e232f75f09e/ACCOMMODATION/10147032_ACCOMMODATION_1543564232005_ff8282765f704388?_src=imagekit&tr=c-at_max,h-100,q-40,w-100","https://ik.imagekit.io/tvlk/ugc-review/guys1L+Yyer9kzI3sp-pb0CG1j2bhflZGFUZOoIf1YOBAm37kEUOKR41ieUZm7ZJ/ugc-photo-ap-southeast-1-581603780057-acd24e232f75f09e/ACCOMMODATION/10147032_ACCOMMODATION_1543564232005_0df63269b3373dac?_src=imagekit&tr=c-at_max,h-100,q-40,w-100",,,,,,,,,,,,,,,,,,
https://www.traveloka.com/id-id/user/review/consumption/HOTEL/GENERAL/3000020009559,10,1,"Saya tidak dapat menggambarkannya, tempat ini luar biasa dan sangat dekat dari tempat umum, restoran, film, pusat perbelanjaan, hanya berjalan kaki 😍😘",Diulas 388 minggu lalu,"https://ik.imagekit.io/tvlk/ugc-review/guys1L+Yyer9kzI3sp-pb0CG1j2bhflZGFUZOoIf1YOBAm37kEUOKR41ieUZm7ZJ/ugc-photo-ap-southeast-1-581603780057-acd24e232f75f09e/ACCOMMODATION/3364956_ACCOMMODATION_1543457233982_7878c423bab9b6ee?_src=imagekit&tr=c-at_max,h-100,q-40,w-100",,,,,,,,,,,,,,,,,,,
https://www.traveloka.com/id-id/user/review/consumption/HOTEL/GENERAL/3000020009559,10,2,"iburan sekeluarga menginap sejak hari jumat sampai hari minggu. Sudah yang ketiga kalinya kami menginap di hotel ini, sejauh ini kami puas dengan pelayanannya dari customer service sampai room service haha.. kami extend libur sampai hari minggu padahal rencananya hari sabtu sudah pulang. lokasinya sangat strategis, deket dengan tempat kuliner.. tinggal jalan sedikit aja dari hotel, sampe deh. Anak2 pun merasa nyaman di hotel ini, saya pun merasa aman karena lift terpisah dari tamu luar dengan penghuni. Terimakasih untuk hospitality nya, cekatan dan ramah sekali kami sekeluarga merasa enjoy selama liburan. sukses selalu!",Diulas 389 minggu lalu,"https://ik.imagekit.io/tvlk/ugc-review/guys1L+Yyer9kzI3sp-pb0CG1j2bhflZGFUZOoIf1YOBAm37kEUOKR41ieUZm7ZJ/ugc-photo-ap-southeast-1-581603780057-acd24e232f75f09e/ACCOMMODATION/30956190_ACCOMMODATION_1543292442191_527722ad71729309?_src=imagekit&tr=c-at_max,h-100,q-40,w-100","https://ik.imagekit.io/tvlk/ugc-review/guys1L+Yyer9kzI3sp-pb0CG1j2bhflZGFUZOoIf1YOBAm37kEUOKR41ieUZm7ZJ/ugc-photo-ap-southeast-1-581603780057-acd24e232f75f09e/ACCOMMODATION/30956190_ACCOMMODATION_1543292442192_080f97a70b3853f1?_src=imagekit&tr=c-at_max,h-100,q-40,w-100",,,,,,,,,,,,,,,,,,
https://www.traveloka.com/id-id/user/review/consumption/HOTEL/GENERAL/3000020009559,10,3,"Good hotel. Kamar yang simpel tapi nyaman. Berada di pusat kota, terhubung dengan mal. Pilihan kuliner di sekitar hotel juga banyak. Yang hobi foto atau selfie pasti sukak, banyak spot yang instagramable di ini.",Diulas 389 minggu lalu,"https://ik.imagekit.io/tvlk/ugc-review/guys1L+Yyer9kzI3sp-pb0CG1j2bhflZGFUZOoIf1YOBAm37kEUOKR41ieUZm7ZJ/ugc-photo-ap-southeast-1-581603780057-acd24e232f75f09e/ACCOMMODATION/75322609_ACCOMMODATION_1542880834734_fedfdd049093d7b4?_src=imagekit&tr=c-at_max,h-100,q-40,w-100","https://ik.imagekit.io/tvlk/ugc-review/guys1L+Yyer9kzI3sp-pb0CG1j2bhflZGFUZOoIf1YOBAm37kEUOKR41ieUZm7ZJ/ugc-photo-ap-southeast-1-581603780057-acd24e232f75f09e/ACCOMMODATION/75322609_ACCOMMODATION_1542880834734_03d9dfd5858fab5a?_src=imagekit&tr=c-at_max,h-100,q-40,w-100","https://ik.imagekit.io/tvlk/ugc-review/guys1L+Yyer9kzI3sp-pb0CG1j2bhflZGFUZOoIf1YOBAm37kEUOKR41ieUZm7ZJ/ugc-photo-ap-southeast-1-581603780057-acd24e232f75f09e/ACCOMMODATION/75322609_ACCOMMODATION_1542880834735_cc61ee26b01b0549?_src=imagekit&tr=c-at_max,h-100,q-40,w-100","https://ik.imagekit.io/tvlk/ugc-review/guys1L+Yyer9kzI3sp-pb0CG1j2bhflZGFUZOoIf1YOBAm37kEUOKR41ieUZm7ZJ/ugc-photo-ap-southeast-1-581603780057-acd24e232f75f09e/ACCOMMODATION/75322609_ACCOMMODATION_1542880834735_83bec083d3e043fd?_src=imagekit&tr=c-at_max,h-100,q-40,w-100",,,,,,,,,,,,,,,,
https://www.traveloka.com/id-id/user/review/consumption/HOTEL/GENERAL/3000020009559,10,4,Recommended! 👍 Hotel bintang 3 tetapi seperti bintang 5. Puas banget! Mau ke mall tinggal turun ke bawah. Love banget. ❤,Diulas 390 minggu lalu,"https://ik.imagekit.io/tvlk/ugc-review/guys1L+Yyer9kzI3sp-pb0CG1j2bhflZGFUZOoIf1YOBAm37kEUOKR41ieUZm7ZJ/ugc-photo-ap-southeast-1-581603780057-acd24e232f75f09e/ACCOMMODATION/23212427_ACCOMMODATION_1542663259394_4af086c9cbafdb62?_src=imagekit&tr=c-at_max,h-100,q-40,w-100","https://ik.imagekit.io/tvlk/ugc-review/guys1L+Yyer9kzI3sp-pb0CG1j2bhflZGFUZOoIf1YOBAm37kEUOKR41ieUZm7ZJ/ugc-photo-ap-southeast-1-581603780057-acd24e232f75f09e/ACCOMMODATION/23212427_ACCOMMODATION_1542663259394_dd077702875e4e32?_src=imagekit&tr=c-at_max,h-100,q-40,w-100","https://ik.imagekit.io/tvlk/ugc-review/guys1L+Yyer9kzI3sp-pb0CG1j2bhflZGFUZOoIf1YOBAm37kEUOKR41ieUZm7ZJ/ugc-photo-ap-southeast-1-581603780057-acd24e232f75f09e/ACCOMMODATION/23212427_ACCOMMODATION_1542663259395_53e3399eb5101e03?_src=imagekit&tr=c-at_max,h-100,q-40,w-100",,,,,,,,,,,,,,,,,
https://www.traveloka.com/id-id/user/review/consumption/HOTEL/GENERAL/3000020009559,10,5,"Dapat pengalaman baru menginap di hotel ini, design kece masa kini, pelayanan digitalnya oke, hotel milenial. Ada di dalam mal paskal 23. But ada inputan buat hotel ini, terdapat unsafe pada bagian belakang tempat tidur, orang bisa terbentur saat merebahkan badan, jadi, ditambahkan material soft edge atau minimal diberi warning sign, overall memuaskan.",Diulas 390 minggu lalu,"https://ik.imagekit.io/tvlk/ugc-review/guys1L+Yyer9kzI3sp-pb0CG1j2bhflZGFUZOoIf1YOBAm37kEUOKR41ieUZm7ZJ/ugc-photo-ap-southeast-1-581603780057-acd24e232f75f09e/ACCOMMODATION/11732637_ACCOMMODATION_1542594926029_31041a166053a566?_src=imagekit&tr=c-at_max,h-100,q-40,w-100","https://ik.imagekit.io/tvlk/ugc-review/guys1L+Yyer9kzI3sp-pb0CG1j2bhflZGFUZOoIf1YOBAm37kEUOKR41ieUZm7ZJ/ugc-photo-ap-southeast-1-581603780057-acd24e232f75f09e/ACCOMMODATION/11732637_ACCOMMODATION_1542594926029_af365d68e6872010?_src=imagekit&tr=c-at_max,h-100,q-40,w-100",,,,,,,,,,,,,,,,,,
https://www.traveloka.com/id-id/user/review/consumption/HOTEL/GENERAL/3000020009559,10,6,"pertama kali kesini, Hotelnya Bagus & instagramable serta karyawannya ramah-ramah dan tidak nyesel sengaja liburan buat ke yello hotel bandung& makanannya enak-enak.",Diulas 391 minggu lalu,"https://ik.imagekit.io/tvlk/ugc-review/guys1L+Yyer9kzI3sp-pb0CG1j2bhflZGFUZOoIf1YOBAm37kEUOKR41ieUZm7ZJ/ugc-photo-ap-southeast-1-581603780057-acd24e232f75f09e/ACCOMMODATION/88601612_ACCOMMODATION_1541562129318_cfacf06c0f589134?_src=imagekit&tr=c-at_max,h-100,q-40,w-100",,,,,,,,,,,,,,,,,,,
https://www.traveloka.com/id-id/user/review/consumption/HOTEL/GENERAL/3000020009559,10,7,"Hotel baru, keren, modern, artistik, kamar gede untuk sekeluarga. yellow in everywrere. dekat banget dengan stasiun bandung, dan kalau bosan, Bisa langsung cuci mata ke hyperpaskal square mal, tepat disebelahnya, anak-anak suka banget disini, kolam renang dan area bermainnya asik banget. Very recommended kesini dengan Situs Traveloka, tinggal klik dapat hotel keren, mudah dan harga tiket jauh lebih murah dibanding on site, recommended.",Diulas 391 minggu lalu,"https://ik.imagekit.io/tvlk/ugc-review/guys1L+Yyer9kzI3sp-pb0CG1j2bhflZGFUZOoIf1YOBAm37kEUOKR41ieUZm7ZJ/ugc-photo-ap-southeast-1-581603780057-acd24e232f75f09e/ACCOMMODATION/4640709_ACCOMMODATION_1541726713113_307e6a2bbf2b5955?_src=imagekit&tr=c-at_max,h-80,q-40,w-80","https://ik.imagekit.io/tvlk/ugc-review/guys1L+Yyer9kzI3sp-pb0CG1j2bhflZGFUZOoIf1YOBAm37kEUOKR41ieUZm7ZJ/ugc-photo-ap-southeast-1-581603780057-acd24e232f75f09e/ACCOMMODATION/4640709_ACCOMMODATION_1541726713114_13daeccf293c8c11?_src=imagekit&tr=c-at_max,h-80,q-40,w-80","https://ik.imagekit.io/tvlk/ugc-review/guys1L+Yyer9kzI3sp-pb0CG1j2bhflZGFUZOoIf1YOBAm37kEUOKR41ieUZm7ZJ/ugc-photo-ap-southeast-1-581603780057-acd24e232f75f09e/ACCOMMODATION/4640709_ACCOMMODATION_1541726713115_d684c85f3f2bba8d?_src=imagekit&tr=c-at_max,h-80,q-40,w-80","https://ik.imagekit.io/tvlk/ugc-review/guys1L+Yyer9kzI3sp-pb0CG1j2bhflZGFUZOoIf1YOBAm37kEUOKR41ieUZm7ZJ/ugc-photo-ap-southeast-1-581603780057-acd24e232f75f09e/ACCOMMODATION/4640709_ACCOMMODATION_1541726713115_eef723c9c300ca86?_src=imagekit&tr=c-at_max,h-80,q-40,w-80","https://ik.imagekit.io/tvlk/ugc-review/guys1L+Yyer9kzI3sp-pb0CG1j2bhflZGFUZOoIf1YOBAm37kEUOKR41ieUZm7ZJ/ugc-photo-ap-southeast-1-581603780057-acd24e232f75f09e/ACCOMMODATION/4640709_ACCOMMODATION_1541726713115_6a82dce32ac19e35?_src=imagekit&tr=c-at_max,h-80,q-40,w-80","https://ik.imagekit.io/tvlk/ugc-review/guys1L+Yyer9kzI3sp-pb0CG1j2bhflZGFUZOoIf1YOBAm37kEUOKR41ieUZm7ZJ/ugc-photo-ap-southeast-1-581603780057-acd24e232f75f09e/ACCOMMODATION/4640709_ACCOMMODATION_1541726713116_ae9c8ebfa57abfd1?_src=imagekit&tr=c-at_max,h-80,q-40,w-80","https://ik.imagekit.io/tvlk/ugc-review/guys1L+Yyer9kzI3sp-pb0CG1j2bhflZGFUZOoIf1YOBAm37kEUOKR41ieUZm7ZJ/ugc-photo-ap-southeast-1-581603780057-acd24e232f75f09e/ACCOMMODATION/4640709_ACCOMMODATION_1541726713116_c9e40accb931e798?_src=imagekit&tr=c-at_max,h-80,q-40,w-80","https://ik.imagekit.io/tvlk/ugc-review/guys1L+Yyer9kzI3sp-pb0CG1j2bhflZGFUZOoIf1YOBAm37kEUOKR41ieUZm7ZJ/ugc-photo-ap-southeast-1-581603780057-acd24e232f75f09e/ACCOMMODATION/4640709_ACCOMMODATION_1541726713116_8a119cf6aad021ab?_src=imagekit&tr=c-at_max,h-80,q-40,w-80","https://ik.imagekit.io/tvlk/ugc-review/guys1L+Yyer9kzI3sp-pb0CG1j2bhflZGFUZOoIf1YOBAm37kEUOKR41ieUZm7ZJ/ugc-photo-ap-southeast-1-581603780057-acd24e232f75f09e/ACCOMMODATION/4640709_ACCOMMODATION_1541726713117_e7cf4b4737d4570e?_src=imagekit&tr=c-at_max,h-80,q-40,w-80",,,,,,,,,,,
https://www.traveloka.com/id-id/user/review/consumption/HOTEL/GENERAL/3000020009559,10,8,"Hotel yang modern dan minimalis, berjiwa muda dan milenial. Akses mudah ke 23 paskal. Saya sangat puas dan akan kembali lagi pelayanan yang ramah.",Diulas 392 minggu lalu,"https://ik.imagekit.io/tvlk/ugc-review/guys1L+Yyer9kzI3sp-pb0CG1j2bhflZGFUZOoIf1YOBAm37kEUOKR41ieUZm7ZJ/ugc-photo-ap-southeast-1-581603780057-acd24e232f75f09e/ACCOMMODATION/3250310_ACCOMMODATION_1541471699741_f84fcb24e9564d24?_src=imagekit&tr=c-at_max,h-100,q-40,w-100","https://ik.imagekit.io/tvlk/ugc-review/guys1L+Yyer9kzI3sp-pb0CG1j2bhflZGFUZOoIf1YOBAm37kEUOKR41ieUZm7ZJ/ugc-photo-ap-southeast-1-581603780057-acd24e232f75f09e/ACCOMMODATION/3250310_ACCOMMODATION_1541471699742_55df28841a2524c9?_src=imagekit&tr=c-at_max,h-100,q-40,w-100",,,,,,,,,,,,,,,,,,
https://www.traveloka.com/id-id/user/review/consumption/HOTEL/GENERAL/3000020009559,10,9,"Staf semua ramah, sopan, makanan enak bervariasi, tempat asik, lucu, kamar cukup buat yang punya anak dua, kolam renang dingin sih kalau buat balita. So far so good, next time insya Allah menginap lagi disini soalnya kalau bosan tinggal turun ke bawah ke mal.",Diulas 392 minggu lalu,"https://ik.imagekit.io/tvlk/ugc-review/guys1L+Yyer9kzI3sp-pb0CG1j2bhflZGFUZOoIf1YOBAm37kEUOKR41ieUZm7ZJ/ugc-photo-ap-southeast-1-581603780057-acd24e232f75f09e/ACCOMMODATION/14548012_ACCOMMODATION_1541395635278_b767a14aa4679981?_src=imagekit&tr=c-at_max,h-80,q-40,w-80","https://ik.imagekit.io/tvlk/ugc-review/guys1L+Yyer9kzI3sp-pb0CG1j2bhflZGFUZOoIf1YOBAm37kEUOKR41ieUZm7ZJ/ugc-photo-ap-southeast-1-581603780057-acd24e232f75f09e/ACCOMMODATION/14548012_ACCOMMODATION_1541395635278_75b70b79abee7b4f?_src=imagekit&tr=c-at_max,h-80,q-40,w-80","https://ik.imagekit.io/tvlk/ugc-review/guys1L+Yyer9kzI3sp-pb0CG1j2bhflZGFUZOoIf1YOBAm37kEUOKR41ieUZm7ZJ/ugc-photo-ap-southeast-1-581603780057-acd24e232f75f09e/ACCOMMODATION/14548012_ACCOMMODATION_1541395635279_494ad4ca23d8d487?_src=imagekit&tr=c-at_max,h-80,q-40,w-80","https://ik.imagekit.io/tvlk/ugc-review/guys1L+Yyer9kzI3sp-pb0CG1j2bhflZGFUZOoIf1YOBAm37kEUOKR41ieUZm7ZJ/ugc-photo-ap-southeast-1-581603780057-acd24e232f75f09e/ACCOMMODATION/14548012_ACCOMMODATION_1541395635279_e3f7d2fc3540615e?_src=imagekit&tr=c-at_max,h-80,q-40,w-80","https://ik.imagekit.io/tvlk/ugc-review/guys1L+Yyer9kzI3sp-pb0CG1j2bhflZGFUZOoIf1YOBAm37kEUOKR41ieUZm7ZJ/ugc-photo-ap-southeast-1-581603780057-acd24e232f75f09e/ACCOMMODATION/14548012_ACCOMMODATION_1541395635279_8749ef4f267ed60a?_src=imagekit&tr=c-at_max,h-80,q-40,w-80","https://ik.imagekit.io/tvlk/ugc-review/guys1L+Yyer9kzI3sp-pb0CG1j2bhflZGFUZOoIf1YOBAm37kEUOKR41ieUZm7ZJ/ugc-photo-ap-southeast-1-581603780057-acd24e232f75f09e/ACCOMMODATION/14548012_ACCOMMODATION_1541395635280_3606f2550af40125?_src=imagekit&tr=c-at_max,h-80,q-40,w-80","https://ik.imagekit.io/tvlk/ugc-review/guys1L+Yyer9kzI3sp-pb0CG1j2bhflZGFUZOoIf1YOBAm37kEUOKR41ieUZm7ZJ/ugc-photo-ap-southeast-1-581603780057-acd24e232f75f09e/ACCOMMODATION/14548012_ACCOMMODATION_1541395635280_7a524f34a220867f?_src=imagekit&tr=c-at_max,h-80,q-40,w-80","https://ik.imagekit.io/tvlk/ugc-review/guys1L+Yyer9kzI3sp-pb0CG1j2bhflZGFUZOoIf1YOBAm37kEUOKR41ieUZm7ZJ/ugc-photo-ap-southeast-1-581603780057-acd24e232f75f09e/ACCOMMODATION/14548012_ACCOMMODATION_1541395635280_c017a053a4d6c057?_src=imagekit&tr=c-at_max,h-80,q-40,w-80",,,,,,,,,,,,
https://www.traveloka.com/id-id/user/review/consumption/HOTEL/GENERAL/3000020009559,10,10,"Sampai di hotel ini lewat tengah malam, tapi pihak hotel sigap dan ready. Check-in tidak pake lama, langsung bisa istirahat. Kamar oke, breakfast mantap. Mau jalan ke mal, cuma tinggal turun ke lantai 1. Satu lagi, petugasnya ramah-ramah. Overall ini saya rekomendasikan banget buat kalian yang pengen cari tempat menginap yang unik, nyaman dan strategis.",Diulas 392 minggu lalu,"https://ik.imagekit.io/tvlk/ugc-review/guys1L+Yyer9kzI3sp-pb0CG1j2bhflZGFUZOoIf1YOBAm37kEUOKR41ieUZm7ZJ/ugc-photo-ap-southeast-1-581603780057-acd24e232f75f09e/ACCOMMODATION/6594003_ACCOMMODATION_1541201242108_9ae79b34ac7a21e5?_src=imagekit&tr=c-at_max,h-100,q-40,w-100",,,,,,,,,,,,,,,,,,,
https://www.traveloka.com/id-id/user/review/consumption/HOTEL/GENERAL/3000020009559,10,11,"Sudah tinggal selama 2 hari di hotel yello paskal, merasa sangat luar biasa. Orang-orang meja depan yang ramah, bahkan tempat ini sangat nyaman; tidak pernah merasa seperti ini sebelumnya, merasa seperti di rumah !! Kamar bersih, lobi bersih, dan hal terbaik adalah mereka memiliki pandangan terbaik dan juga sudut permainan !!! Pasti akan kembali lagi!",Diulas 392 minggu lalu,"https://ik.imagekit.io/tvlk/ugc-review/guys1L+Yyer9kzI3sp-pb0CG1j2bhflZGFUZOoIf1YOBAm37kEUOKR41ieUZm7ZJ/ugc-photo-ap-southeast-1-581603780057-acd24e232f75f09e/ACCOMMODATION/3271845_ACCOMMODATION_1540942945234_06ba7884ef88539f?_src=imagekit&tr=c-at_max,h-100,q-40,w-100",,,,,,,,,,,,,,,,,,,
https://www.traveloka.com/id-id/user/review/consumption/HOTEL/GENERAL/3000020009559,10,12,"Hotelnya bersih, nyaman, dekorasinya bagus, yang utama kebersihannya terjaga, kamarnya luas, sarapannya variatif sekali dan rasanya enak semua. Intinya puas banget menginap disini. Cuma bahayanya menginap disini karena hotelnya di lingkungan mal, jadi bahaya takut khilaf belanja mulu buat buibu 😂 Oiya di lobby hotel ada games station, lumayan bisa main dulu sebelum check out/in.",Diulas 392 minggu lalu,"https://ik.imagekit.io/tvlk/ugc-review/guys1L+Yyer9kzI3sp-pb0CG1j2bhflZGFUZOoIf1YOBAm37kEUOKR41ieUZm7ZJ/ugc-photo-ap-southeast-1-581603780057-acd24e232f75f09e/ACCOMMODATION/12880877_ACCOMMODATION_1540895206989_8127f9ecdfb554c6?_src=imagekit&tr=c-at_max,h-100,q-40,w-100","https://ik.imagekit.io/tvlk/ugc-review/guys1L+Yyer9kzI3sp-pb0CG1j2bhflZGFUZOoIf1YOBAm37kEUOKR41ieUZm7ZJ/ugc-photo-ap-southeast-1-581603780057-acd24e232f75f09e/ACCOMMODATION/12880877_ACCOMMODATION_1540895206990_1cf16acca96f5ef8?_src=imagekit&tr=c-at_max,h-100,q-40,w-100",,,,,,,,,,,,,,,,,,
https://www.traveloka.com/id-id/user/review/consumption/HOTEL/GENERAL/3000020009559,10,13,"Menginap di yello hotel sangat menyenangkan dan nyaman, dengan lokasi di atas mal paskal membuat jalan-jalan lebih nyaman, Interior yang bagus, bikin fresh suasana, Untuk liburan sambil bekerja juga recommended banget karena bisa tenang meninggalkan anak dan istri tanpa khawatir karena mereka bisa jalan-jalan di mal, Thanks Yello hotel.",Diulas 393 minggu lalu,"https://ik.imagekit.io/tvlk/ugc-review/guys1L+Yyer9kzI3sp-pb0CG1j2bhflZGFUZOoIf1YOBAm37kEUOKR41ieUZm7ZJ/ugc-photo-ap-southeast-1-581603780057-acd24e232f75f09e/ACCOMMODATION/28547478_ACCOMMODATION_1540789264990_9f2aa3bf7d2b9b71?_src=imagekit&tr=c-at_max,h-100,q-40,w-100",,,,,,,,,,,,,,,,,,,
https://www.traveloka.com/id-id/user/review/consumption/HOTEL/GENERAL/3000020009559,10,14,"Saya suka lokasinya. Ini sempurna untuk menikmati masa tinggal 3D / 2N saya dengan keponakan berusia 2 tahun, karena semua yang dia butuhkan berada dalam jangkauan. Hotel ini melebihi harapan saya dalam keramahan staf yang hangat. Mereka membantu dan profesional. Warna-warna cerah dalam desain interior modernnya menghadirkan suasana ceria dan suasana hati yang baik. Jika ada hal lain yang harus mereka perbaiki, itu akan menjadi menu sarapan terutama berbagai hidangan utama.",Diulas 393 minggu lalu,"https://ik.imagekit.io/tvlk/ugc-review/guys1L+Yyer9kzI3sp-pb0CG1j2bhflZGFUZOoIf1YOBAm37kEUOKR41ieUZm7ZJ/ugc-photo-ap-southeast-1-581603780057-acd24e232f75f09e/ACCOMMODATION/4683765_ACCOMMODATION_1540491720644_6105e0475966c18d?_src=imagekit&tr=c-at_max,h-100,q-40,w-100","https://ik.imagekit.io/tvlk/ugc-review/guys1L+Yyer9kzI3sp-pb0CG1j2bhflZGFUZOoIf1YOBAm37kEUOKR41ieUZm7ZJ/ugc-photo-ap-southeast-1-581603780057-acd24e232f75f09e/ACCOMMODATION/4683765_ACCOMMODATION_1540491720644_f07bf4f4cbc8c3be?_src=imagekit&tr=c-at_max,h-100,q-40,w-100",,,,,,,,,,,,,,,,,,
https://www.traveloka.com/id-id/user/review/consumption/HOTEL/GENERAL/3000020009559,10,15,"Lokasi strategis di mall yg sangat ramai, hanya parkir mobil saat kami datang hari sabtu, sangat susah, hampir 1 jam saya berputar2 dibasement untuk cari parkir, karena bersatu dengan parkir mall. hotel ini besih, desainnya unik, didominasi kuning dan modern. ada game room segala, dan kolam renang cukup. breakfast sangat lengkap. anak2 sangat senang menginap disini. Sayang ada insiden kecil saat kami bersiap pulang, anak kami mandi sehabis renang, pintu kamar mandi dari kaca sliding door, pecah tiba2. kemungkinan penahan/stopper kendur sehingga pintu kaca langsung menabrak kusen saat ditutup. Pecah berantakan , untung anak kami tidak terluka. Manager on duty menangani dengan sangat profesional, ramah dan meminta maaf atas insiden ini sehingga saya tidak jadi menuntut apapun. Saran saya agar pihak hotel lebih memperhatikan safety tamunya, terutama perawatan pintu sliding kaca bathroom yg menurut saya berbahaya. Terimakasih yello hotel, terlepas dari insiden, kami puas menginap disini.",Diulas 394 minggu lalu,"https://ik.imagekit.io/tvlk/ugc-review/guys1L+Yyer9kzI3sp-pb0CG1j2bhflZGFUZOoIf1YOBAm37kEUOKR41ieUZm7ZJ/ugc-photo-ap-southeast-1-581603780057-acd24e232f75f09e/ACCOMMODATION/9065415_ACCOMMODATION_1540138875433_70318a5511fc62ab?_src=imagekit&tr=c-at_max,h-100,q-40,w-100","https://ik.imagekit.io/tvlk/ugc-review/guys1L+Yyer9kzI3sp-pb0CG1j2bhflZGFUZOoIf1YOBAm37kEUOKR41ieUZm7ZJ/ugc-photo-ap-southeast-1-581603780057-acd24e232f75f09e/ACCOMMODATION/9065415_ACCOMMODATION_1540138875433_140478dc88687942?_src=imagekit&tr=c-at_max,h-100,q-40,w-100",,,,,,,,,,,,,,,,,,
https://www.traveloka.com/id-id/user/review/consumption/HOTEL/GENERAL/3000020009559,10,16,"Selain tempatnya di wilayah entertainment dan di samping mal. interiornya menarik. Breakfastnya bagus, enak dan banyak varian untuk hotel bintang 3. Staffnya ramah dan cepat tanggap.",Diulas 394 minggu lalu,"https://ik.imagekit.io/tvlk/ugc-review/guys1L+Yyer9kzI3sp-pb0CG1j2bhflZGFUZOoIf1YOBAm37kEUOKR41ieUZm7ZJ/ugc-photo-ap-southeast-1-581603780057-acd24e232f75f09e/ACCOMMODATION/14141007_ACCOMMODATION_1539830305060_90ab7035dc646654?_src=imagekit&tr=c-at_max,h-100,q-40,w-100",,,,,,,,,,,,,,,,,,,
https://www.traveloka.com/id-id/user/review/consumption/HOTEL/GENERAL/3000020009559,10,17,"Lokasi bersambung dengan paskal 23 mal, sangat strategis.",Diulas 394 minggu lalu,"https://ik.imagekit.io/tvlk/ugc-review/guys1L+Yyer9kzI3sp-pb0CG1j2bhflZGFUZOoIf1YOBAm37kEUOKR41ieUZm7ZJ/ugc-photo-ap-southeast-1-581603780057-acd24e232f75f09e/ACCOMMODATION/6155795_ACCOMMODATION_1539683332669_1683d341bebadfe2?_src=imagekit&tr=c-at_max,h-100,q-40,w-100","https://ik.imagekit.io/tvlk/ugc-review/guys1L+Yyer9kzI3sp-pb0CG1j2bhflZGFUZOoIf1YOBAm37kEUOKR41ieUZm7ZJ/ugc-photo-ap-southeast-1-581603780057-acd24e232f75f09e/ACCOMMODATION/6155795_ACCOMMODATION_1539683332668_05f4043742e2c84f?_src=imagekit&tr=c-at_max,h-100,q-40,w-100","https://ik.imagekit.io/tvlk/ugc-review/guys1L+Yyer9kzI3sp-pb0CG1j2bhflZGFUZOoIf1YOBAm37kEUOKR41ieUZm7ZJ/ugc-photo-ap-southeast-1-581603780057-acd24e232f75f09e/ACCOMMODATION/6155795_ACCOMMODATION_1539683332669_deea9009351c26ec?_src=imagekit&tr=c-at_max,h-100,q-40,w-100",,,,,,,,,,,,,,,,,
https://www.traveloka.com/id-id/user/review/consumption/HOTEL/GENERAL/3000020009559,10,18,"Suasana hotel sangat cocok untuk milenial, sayang WiFi lemot.",Diulas 395 minggu lalu,"https://ik.imagekit.io/tvlk/ugc-review/guys1L+Yyer9kzI3sp-pb0CG1j2bhflZGFUZOoIf1YOBAm37kEUOKR41ieUZm7ZJ/ugc-photo-ap-southeast-1-581603780057-acd24e232f75f09e/ACCOMMODATION/4356658_ACCOMMODATION_1539617068097_dbb2b63e74143cfe?_src=imagekit&tr=c-at_max,h-100,q-40,w-100",,,,,,,,,,,,,,,,,,,
https://www.traveloka.com/id-id/user/review/consumption/HOTEL/GENERAL/3000020009559,10,19,Hotel yello yang letak stategis dan pelayanan memuaskan cocok banget buat keluarga yang mempunyai anak. Selain akses ke mal mudah karena hotel di dalam mal dan fasilitas untuk bermain anak juga memadai dan kolam renang yang aman buat anak kecil karena ter. Suasana yang bersih dan berkesan yang membuat saya akan balik lagi menginap di hotel yello.,Diulas 395 minggu lalu,"https://ik.imagekit.io/tvlk/ugc-review/guys1L+Yyer9kzI3sp-pb0CG1j2bhflZGFUZOoIf1YOBAm37kEUOKR41ieUZm7ZJ/ugc-photo-ap-southeast-1-581603780057-acd24e232f75f09e/ACCOMMODATION/0_ACCOMMODATION_1539574649000_70bc699097b444ee?_src=imagekit&tr=c-at_max,h-100,q-40,w-100",,,,,,,,,,,,,,,,,,,
https://www.traveloka.com/id-id/user/review/consumption/HOTEL/GENERAL/3000020009559,10,20,"hotel yang indah dan staf yang luar biasa semua sangat ramah dan melayani kebutuhan saya sesuai permintaan saya, terima kasih kepada mr Aji (manajer hotel) untuk memenuhi kebutuhan saya dengan cepat dan cepat, pasti akan tinggal di sini setiap kali saya mengunjungi bandung ... suka pemandangan kamar 831 😍😍😍",Diulas 395 minggu lalu,"https://ik.imagekit.io/tvlk/ugc-review/guys1L+Yyer9kzI3sp-pb0CG1j2bhflZGFUZOoIf1YOBAm37kEUOKR41ieUZm7ZJ/ugc-photo-ap-southeast-1-581603780057-acd24e232f75f09e/ACCOMMODATION/16106482_ACCOMMODATION_1539492488972_a93a9890ac35edd8?_src=imagekit&tr=c-at_max,h-100,q-40,w-100","https://ik.imagekit.io/tvlk/ugc-review/guys1L+Yyer9kzI3sp-pb0CG1j2bhflZGFUZOoIf1YOBAm37kEUOKR41ieUZm7ZJ/ugc-photo-ap-southeast-1-581603780057-acd24e232f75f09e/ACCOMMODATION/16106482_ACCOMMODATION_1539492488972_59b5d1e0ce72d0a0?_src=imagekit&tr=c-at_max,h-100,q-40,w-100","https://ik.imagekit.io/tvlk/ugc-review/guys1L+Yyer9kzI3sp-pb0CG1j2bhflZGFUZOoIf1YOBAm37kEUOKR41ieUZm7ZJ/ugc-photo-ap-southeast-1-581603780057-acd24e232f75f09e/ACCOMMODATION/16106482_ACCOMMODATION_1539492797918_a45caf4c7db08c76?_src=imagekit&tr=c-at_max,h-100,q-40,w-100","https://ik.imagekit.io/tvlk/ugc-review/guys1L+Yyer9kzI3sp-pb0CG1j2bhflZGFUZOoIf1YOBAm37kEUOKR41ieUZm7ZJ/ugc-photo-ap-southeast-1-581603780057-acd24e232f75f09e/ACCOMMODATION/16106482_ACCOMMODATION_1539492797919_01a8a3243e9f18f6?_src=imagekit&tr=c-at_max,h-100,q-40,w-100",,,,,,,,,,,,,,,,
https://www.traveloka.com/id-id/user/review/consumption/HOTEL/GENERAL/3000020009559,10,21,"Nice hotel, posisi dekat sekali dengan pusat bisnis dan pusat kegiatan. bagi saya sebagai profesional, Sangat nyaman stay di hotel Yello ini dan sangat happy, selain lokasi yang dekat dengan pusat bisnis dan dekat dengan pusat transportasi, Pelayanan hotel juga sangat memuaskan, makanan yang enak, suasana yang tenang dan hangat membuat seperti berada dirumah sendiri. Fasilitas hotel juga membuat kita betah berada di hotel dan tidak membosankan. semoga bisa terus mempertahan pelayanannya. Sukses terus untuk hotel Yello and see you again.",Diulas 395 minggu lalu,"https://ik.imagekit.io/tvlk/ugc-review/guys1L+Yyer9kzI3sp-pb0CG1j2bhflZGFUZOoIf1YOBAm37kEUOKR41ieUZm7ZJ/ugc-photo-ap-southeast-1-581603780057-acd24e232f75f09e/ACCOMMODATION/17894925_ACCOMMODATION_1539265189870_8e1a621cdb4c9b01?_src=imagekit&tr=c-at_max,h-80,q-40,w-80","https://ik.imagekit.io/tvlk/ugc-review/guys1L+Yyer9kzI3sp-pb0CG1j2bhflZGFUZOoIf1YOBAm37kEUOKR41ieUZm7ZJ/ugc-photo-ap-southeast-1-581603780057-acd24e232f75f09e/ACCOMMODATION/17894925_ACCOMMODATION_1539265189872_b95cd806fb3dacbf?_src=imagekit&tr=c-at_max,h-80,q-40,w-80","https://ik.imagekit.io/tvlk/ugc-review/guys1L+Yyer9kzI3sp-pb0CG1j2bhflZGFUZOoIf1YOBAm37kEUOKR41ieUZm7ZJ/ugc-photo-ap-southeast-1-581603780057-acd24e232f75f09e/ACCOMMODATION/17894925_ACCOMMODATION_1539265189872_1280a889721bfdaa?_src=imagekit&tr=c-at_max,h-80,q-40,w-80","https://ik.imagekit.io/tvlk/ugc-review/guys1L+Yyer9kzI3sp-pb0CG1j2bhflZGFUZOoIf1YOBAm37kEUOKR41ieUZm7ZJ/ugc-photo-ap-southeast-1-581603780057-acd24e232f75f09e/ACCOMMODATION/17894925_ACCOMMODATION_1539265189873_ce86ac1ee48250b2?_src=imagekit&tr=c-at_max,h-80,q-40,w-80","https://ik.imagekit.io/tvlk/ugc-review/guys1L+Yyer9kzI3sp-pb0CG1j2bhflZGFUZOoIf1YOBAm37kEUOKR41ieUZm7ZJ/ugc-photo-ap-southeast-1-581603780057-acd24e232f75f09e/ACCOMMODATION/17894925_ACCOMMODATION_1539265189873_f7be8008e4fe6e0e?_src=imagekit&tr=c-at_max,h-80,q-40,w-80","https://ik.imagekit.io/tvlk/ugc-review/guys1L+Yyer9kzI3sp-pb0CG1j2bhflZGFUZOoIf1YOBAm37kEUOKR41ieUZm7ZJ/ugc-photo-ap-southeast-1-581603780057-acd24e232f75f09e/ACCOMMODATION/17894925_ACCOMMODATION_1539265189873_cd182054aa9b8159?_src=imagekit&tr=c-at_max,h-80,q-40,w-80","https://ik.imagekit.io/tvlk/ugc-review/guys1L+Yyer9kzI3sp-pb0CG1j2bhflZGFUZOoIf1YOBAm37kEUOKR41ieUZm7ZJ/ugc-photo-ap-southeast-1-581603780057-acd24e232f75f09e/ACCOMMODATION/17894925_ACCOMMODATION_1539265189874_de6dad13185914ce?_src=imagekit&tr=c-at_max,h-80,q-40,w-80","https://ik.imagekit.io/tvlk/ugc-review/guys1L+Yyer9kzI3sp-pb0CG1j2bhflZGFUZOoIf1YOBAm37kEUOKR41ieUZm7ZJ/ugc-photo-ap-southeast-1-581603780057-acd24e232f75f09e/ACCOMMODATION/17894925_ACCOMMODATION_1539265189874_e97345f0bf725c52?_src=imagekit&tr=c-at_max,h-80,q-40,w-80",,,,,,,,,,,,
https://www.traveloka.com/id-id/user/review/consumption/HOTEL/GENERAL/3000020009559,10,22,Semuanya memuaskan dan menyenangkan.,Diulas 396 minggu lalu,"https://ik.imagekit.io/tvlk/ugc-review/guys1L+Yyer9kzI3sp-pb0CG1j2bhflZGFUZOoIf1YOBAm37kEUOKR41ieUZm7ZJ/ugc-photo-ap-southeast-1-581603780057-acd24e232f75f09e/ACCOMMODATION/15479193_ACCOMMODATION_1539008756376_ccfd99d2774513db?_src=imagekit&tr=c-at_max,h-100,q-40,w-100",,,,,,,,,,,,,,,,,,,
https://www.traveloka.com/id-id/user/review/consumption/HOTEL/GENERAL/3000020009559,10,23,"Pihak hotel sangat ramah, ada fasilitas Xbox kali dan kolam renang yang menyenangkan. lokasi sangat strategis, dekat dengan paskal 23.",Diulas 396 minggu lalu,"https://ik.imagekit.io/tvlk/ugc-review/guys1L+Yyer9kzI3sp-pb0CG1j2bhflZGFUZOoIf1YOBAm37kEUOKR41ieUZm7ZJ/ugc-photo-ap-southeast-1-581603780057-acd24e232f75f09e/ACCOMMODATION/22416498_ACCOMMODATION_1538926384611_648dfcdff132657c?_src=imagekit&tr=c-at_max,h-100,q-40,w-100",,,,,,,,,,,,,,,,,,,
https://www.traveloka.com/id-id/user/review/consumption/HOTEL/GENERAL/3000020009559,10,24,"Saya betah dan next mau menginap lagi. Anak-anak juga suka karena turun hotel langsung mal dan makanan melimpah banyak kulineran. Pulang dari hotel badan tambah ndut makan tros, mata jelalatan karena buanyak makanan khas Bandung melimpah. Maju tross yello hotel.",Diulas 396 minggu lalu,"https://ik.imagekit.io/tvlk/ugc-review/guys1L+Yyer9kzI3sp-pb0CG1j2bhflZGFUZOoIf1YOBAm37kEUOKR41ieUZm7ZJ/ugc-photo-ap-southeast-1-581603780057-acd24e232f75f09e/ACCOMMODATION/14548613_ACCOMMODATION_1538471822461_1232725e46beec72?_src=imagekit&tr=c-at_max,h-100,q-40,w-100",,,,,,,,,,,,,,,,,,,
https://www.traveloka.com/id-id/user/review/consumption/HOTEL/GENERAL/3000020009559,10,25,"Yello hotel ini keren banget! Lokasi jadi satu sama mal paskal 23 yang hits di bandung, semua ada di mal ini, makan, nonton, belanja, ngopi, seru pokoknya. Proses check-in mudah cepat ramah. Pokoknya semua oke di hotel ini, semua pojok hotel cakep buat spot foto, thanks yello hotel.",Diulas 397 minggu lalu,"https://ik.imagekit.io/tvlk/ugc-review/guys1L+Yyer9kzI3sp-pb0CG1j2bhflZGFUZOoIf1YOBAm37kEUOKR41ieUZm7ZJ/ugc-photo-ap-southeast-1-581603780057-acd24e232f75f09e/ACCOMMODATION/14759492_ACCOMMODATION_1538449236005_65765aeba690c575?_src=imagekit&tr=c-at_max,h-80,q-40,w-80","https://ik.imagekit.io/tvlk/ugc-review/guys1L+Yyer9kzI3sp-pb0CG1j2bhflZGFUZOoIf1YOBAm37kEUOKR41ieUZm7ZJ/ugc-photo-ap-southeast-1-581603780057-acd24e232f75f09e/ACCOMMODATION/14759492_ACCOMMODATION_1538449236006_fff853eed3da81ba?_src=imagekit&tr=c-at_max,h-80,q-40,w-80","https://ik.imagekit.io/tvlk/ugc-review/guys1L+Yyer9kzI3sp-pb0CG1j2bhflZGFUZOoIf1YOBAm37kEUOKR41ieUZm7ZJ/ugc-photo-ap-southeast-1-581603780057-acd24e232f75f09e/ACCOMMODATION/14759492_ACCOMMODATION_1538449236006_d16eaef4e4ee9754?_src=imagekit&tr=c-at_max,h-80,q-40,w-80","https://ik.imagekit.io/tvlk/ugc-review/guys1L+Yyer9kzI3sp-pb0CG1j2bhflZGFUZOoIf1YOBAm37kEUOKR41ieUZm7ZJ/ugc-photo-ap-southeast-1-581603780057-acd24e232f75f09e/ACCOMMODATION/14759492_ACCOMMODATION_1538449236007_a079e5e3b70be68a?_src=imagekit&tr=c-at_max,h-80,q-40,w-80","https://ik.imagekit.io/tvlk/ugc-review/guys1L+Yyer9kzI3sp-pb0CG1j2bhflZGFUZOoIf1YOBAm37kEUOKR41ieUZm7ZJ/ugc-photo-ap-southeast-1-581603780057-acd24e232f75f09e/ACCOMMODATION/14759492_ACCOMMODATION_1538449236007_0c31d99d2f9bb184?_src=imagekit&tr=c-at_max,h-80,q-40,w-80","https://ik.imagekit.io/tvlk/ugc-review/guys1L+Yyer9kzI3sp-pb0CG1j2bhflZGFUZOoIf1YOBAm37kEUOKR41ieUZm7ZJ/ugc-photo-ap-southeast-1-581603780057-acd24e232f75f09e/ACCOMMODATION/14759492_ACCOMMODATION_1538449236007_2ef64b2af02cbc14?_src=imagekit&tr=c-at_max,h-80,q-40,w-80","https://ik.imagekit.io/tvlk/ugc-review/guys1L+Yyer9kzI3sp-pb0CG1j2bhflZGFUZOoIf1YOBAm37kEUOKR41ieUZm7ZJ/ugc-photo-ap-southeast-1-581603780057-acd24e232f75f09e/ACCOMMODATION/14759492_ACCOMMODATION_1538449236008_bc1b00860655357d?_src=imagekit&tr=c-at_max,h-80,q-40,w-80",,,,,,,,,,,,,
https://www.traveloka.com/id-id/user/review/consumption/HOTEL/GENERAL/3000020009559,10,26,"Hotelnya bersih, sarapan enak, staf ramah, ada kolam renangnya juga. Yang kurang hanya kamar agak sempit dan tidak ada kulkas.",Diulas 398 minggu lalu,"https://ik.imagekit.io/tvlk/ugc-review/guys1L+Yyer9kzI3sp-pb0CG1j2bhflZGFUZOoIf1YOBAm37kEUOKR41ieUZm7ZJ/ugc-photo-ap-southeast-1-581603780057-acd24e232f75f09e/ACCOMMODATION/22150113_ACCOMMODATION_1537569779168_d2cec7a5f4d418fd?_src=imagekit&tr=c-at_max,h-100,q-40,w-100","https://ik.imagekit.io/tvlk/ugc-review/guys1L+Yyer9kzI3sp-pb0CG1j2bhflZGFUZOoIf1YOBAm37kEUOKR41ieUZm7ZJ/ugc-photo-ap-southeast-1-581603780057-acd24e232f75f09e/ACCOMMODATION/22150113_ACCOMMODATION_1537569779168_88615eb48bc77bff?_src=imagekit&tr=c-at_max,h-100,q-40,w-100",,,,,,,,,,,,,,,,,,
https://www.traveloka.com/id-id/user/review/consumption/HOTEL/GENERAL/3000020009559,10,27,"Kamar bersih, WiFi kuat, view mountain bagus, toilet bersih, nyaman walaupun TV kabelnya sedikit pilihan dan agak lemot, makanan lumayan variasi walau kadang yang sudah habis agak lama di isi ulang tapi semuanya oke.",Diulas 399 minggu lalu,"https://ik.imagekit.io/tvlk/ugc-review/guys1L+Yyer9kzI3sp-pb0CG1j2bhflZGFUZOoIf1YOBAm37kEUOKR41ieUZm7ZJ/ugc-photo-ap-southeast-1-581603780057-acd24e232f75f09e/ACCOMMODATION/18080269_ACCOMMODATION_1536633831628_0b3418adb898c512?_src=imagekit&tr=c-at_max,h-100,q-40,w-100",,,,,,,,,,,,,,,,,,,
https://www.traveloka.com/id-id/user/review/consumption/HOTEL/GENERAL/3000020009559,10,28,Menginap untuk ke 2 kali ya kalau ke Bandung karena sangat strategis dari segi lokasi.,Diulas 400 minggu lalu,"https://ik.imagekit.io/tvlk/ugc-review/guys1L+Yyer9kzI3sp-pb0CG1j2bhflZGFUZOoIf1YOBAm37kEUOKR41ieUZm7ZJ/ugc-photo-ap-southeast-1-581603780057-acd24e232f75f09e/ACCOMMODATION/18572073_ACCOMMODATION_1536545143348_0c2f57b2f3c6dfb1?_src=imagekit&tr=c-at_max,h-100,q-40,w-100",,,,,,,,,,,,,,,,,,,
https://www.traveloka.com/id-id/user/review/consumption/HOTEL/GENERAL/3000020009559,10,29,"Lokasi nyaman, kamar nyaman, staf ramah. Perlu ditambah kulkas di kamar dan tissue di meja. Makanan untuk room service sebaiknya disajikan di piring dan gelas layaknya standar hotel, jangan di box kertas karton dengan sendok garpu plastik seperti makanan jung food take away.",Diulas 400 minggu lalu,"https://ik.imagekit.io/tvlk/ugc-review/guys1L+Yyer9kzI3sp-pb0CG1j2bhflZGFUZOoIf1YOBAm37kEUOKR41ieUZm7ZJ/ugc-photo-ap-southeast-1-581603780057-acd24e232f75f09e/ACCOMMODATION/3857447_ACCOMMODATION_1536206390753_3b56d8357487d2df?_src=imagekit&tr=c-at_max,h-100,q-40,w-100",,,,,,,,,,,,,,,,,,,
https://www.traveloka.com/id-id/user/review/consumption/HOTEL/GENERAL/3000020009559,10,30,"Letak hotel di dalam kawasan paskal hyper square, satu building dengan mal 23 paskal, leyaknya sangat strategis, mau cari makan gampang banget. Bisa di dalam mal, bisa di food market belakang mal atau seputaran kawasan jalan. pasirkaliki. uniknya untuk sampai ke lobby, Harus pake lift khusus dari samping cai lobby mal 23 paskal dan naik ke lantai. 4. proses check-in cepat, Petugas receptionist yang bernama adi melayani dengan sangat baik dan membantu proses check-in. Di lantai 4 ini selain receptionist, ada dining room sekaligus tempat breakfast, area bermain anak, kolam renang. karena saya memesan smoking room, Saya mendapatkan kamar di lantai paling atas. Agak kaget sih karena ternyata pintu kamar tidak dilengkapi dengan bel, jadi kalau ada yang datang harus ketok pintu dan sayangnya susah kedengaran. Mungkin pihak management yello hotel dapat memperhatikan hal ini. Suasana kamar cukup nyaman, lengkap dengan fasilitas standard ruangan hotel. Kalau butuh hair dryer, sajadah/mukena bisa pinjam dengan menghubungi receptionist. viewnya lumayan lah, saya dapat view bandung selatan. AC dingin, Pemanas shower oke, cepat panasnya dan stabil, hanya saja kloset tidak dilengkapi dengan shower jet jadi kalau habis buang air besar agak susah untuk bersih-sih walaupun ada alat kecil seperti selang air sebaha. Breakfastnya lumayan lah, ada berbagai pilihan dan rasanya juga enak. Selama 3 hari 2 malam saya nyaman menginap di yello hotel. Bisa jadi rekomendasi buat yang mau liburan ke Bandung.",Diulas 400 minggu lalu,"https://ik.imagekit.io/tvlk/ugc-review/guys1L+Yyer9kzI3sp-pb0CG1j2bhflZGFUZOoIf1YOBAm37kEUOKR41ieUZm7ZJ/ugc-photo-ap-southeast-1-581603780057-acd24e232f75f09e/ACCOMMODATION/23725698_ACCOMMODATION_1535980421567_c07678caef7b47bf?_src=imagekit&tr=c-at_max,h-100,q-40,w-100","https://ik.imagekit.io/tvlk/ugc-review/guys1L+Yyer9kzI3sp-pb0CG1j2bhflZGFUZOoIf1YOBAm37kEUOKR41ieUZm7ZJ/ugc-photo-ap-southeast-1-581603780057-acd24e232f75f09e/ACCOMMODATION/23725698_ACCOMMODATION_1535980421568_e5dbb686ba0fc615?_src=imagekit&tr=c-at_max,h-100,q-40,w-100","https://ik.imagekit.io/tvlk/ugc-review/guys1L+Yyer9kzI3sp-pb0CG1j2bhflZGFUZOoIf1YOBAm37kEUOKR41ieUZm7ZJ/ugc-photo-ap-southeast-1-581603780057-acd24e232f75f09e/ACCOMMODATION/23725698_ACCOMMODATION_1535980421568_a175d7b0c125e5eb?_src=imagekit&tr=c-at_max,h-100,q-40,w-100","https://ik.imagekit.io/tvlk/ugc-review/guys1L+Yyer9kzI3sp-pb0CG1j2bhflZGFUZOoIf1YOBAm37kEUOKR41ieUZm7ZJ/ugc-photo-ap-southeast-1-581603780057-acd24e232f75f09e/ACCOMMODATION/23725698_ACCOMMODATION_1535980421568_ba7f62cf5d806b15?_src=imagekit&tr=c-at_max,h-100,q-40,w-100",,,,,,,,,,,,,,,,
https://www.traveloka.com/id-id/user/review/consumption/HOTEL/GENERAL/3000020009559,10,31,itu bagus untuk keluarga. hotel ini di atas mal. suasana sangat bersih dan staf sangat ramah.,Diulas 401 minggu lalu,"https://ik.imagekit.io/tvlk/ugc-review/guys1L+Yyer9kzI3sp-pb0CG1j2bhflZGFUZOoIf1YOBAm37kEUOKR41ieUZm7ZJ/ugc-photo-ap-southeast-1-581603780057-acd24e232f75f09e/ACCOMMODATION/20710313_ACCOMMODATION_1535953012357_58a76e5b3f41d27e?_src=imagekit&tr=c-at_max,h-100,q-40,w-100","https://ik.imagekit.io/tvlk/ugc-review/guys1L+Yyer9kzI3sp-pb0CG1j2bhflZGFUZOoIf1YOBAm37kEUOKR41ieUZm7ZJ/ugc-photo-ap-southeast-1-581603780057-acd24e232f75f09e/ACCOMMODATION/20710313_ACCOMMODATION_1535953012357_d9e333b42b6fc721?_src=imagekit&tr=c-at_max,h-100,q-40,w-100",,,,,,,,,,,,,,,,,,
https://www.traveloka.com/id-id/user/review/consumption/HOTEL/GENERAL/3000020009559,10,32,"Walaupun terletak satu gedung dengan 23 Paskal Mall, akses lift ke hotel dipisahkan dengan lift menuju mal yang membuat pengunjung merasa nyaman. Kuning bukan warna favorit saya, tetapi benar-benar menjadi warna interior Yello yang penuh warna kuning: D",Diulas 401 minggu lalu,"https://ik.imagekit.io/tvlk/ugc-review/guys1L+Yyer9kzI3sp-pb0CG1j2bhflZGFUZOoIf1YOBAm37kEUOKR41ieUZm7ZJ/ugc-photo-ap-southeast-1-581603780057-acd24e232f75f09e/ACCOMMODATION/5973350_ACCOMMODATION_1535946606480_4f20f9043147968e?_src=imagekit&tr=c-at_max,h-100,q-40,w-100","https://ik.imagekit.io/tvlk/ugc-review/guys1L+Yyer9kzI3sp-pb0CG1j2bhflZGFUZOoIf1YOBAm37kEUOKR41ieUZm7ZJ/ugc-photo-ap-southeast-1-581603780057-acd24e232f75f09e/ACCOMMODATION/5973350_ACCOMMODATION_1535946611092_007716f63f71d6b7?_src=imagekit&tr=c-at_max,h-100,q-40,w-100",,,,,,,,,,,,,,,,,,
https://www.traveloka.com/id-id/user/review/consumption/HOTEL/GENERAL/3000020009559,10,33,"Lokasi sangat bagus, dekat dengan stasiun Bandung dan tepat di samping Paskal 23 mal (Cai Lobby). Anda tidak perlu khawatir untuk menemukan tempat makan atau toko kelontong jika Anda membutuhkan sesuatu. Suasana yang hebat dan nyaman. Kamarnya juga cerah dengan ukuran yang layak, bersih, tapi jangan berharap ada pemandangan yang bagus. Mereka tidak memiliki pengering rambut di kamar mandi, tetapi masih oke. Layanan juga baik, staf sangat membantu, hangat, sopan, dan tulus. Saya menikmatinya dan pasti akan kembali.",Diulas 401 minggu lalu,"https://ik.imagekit.io/tvlk/ugc-review/guys1L+Yyer9kzI3sp-pb0CG1j2bhflZGFUZOoIf1YOBAm37kEUOKR41ieUZm7ZJ/ugc-photo-ap-southeast-1-581603780057-acd24e232f75f09e/ACCOMMODATION/77909472_ACCOMMODATION_1535792573085_1a713f9f6b61fdda?_src=imagekit&tr=c-at_max,h-100,q-40,w-100",,,,,,,,,,,,,,,,,,,
https://www.traveloka.com/id-id/user/review/consumption/HOTEL/GENERAL/3000020009559,10,34,"Overall, oke, anak-anak suka menginap di disini. Satu lokasi dengan mal paskal 23, dengan foodmarket paskal juga tinggal jalan👌 menu sarapannya banyak pilihan, tapi kurang berasa....",Diulas 401 minggu lalu,"https://ik.imagekit.io/tvlk/ugc-review/guys1L+Yyer9kzI3sp-pb0CG1j2bhflZGFUZOoIf1YOBAm37kEUOKR41ieUZm7ZJ/ugc-photo-ap-southeast-1-581603780057-acd24e232f75f09e/ACCOMMODATION/4501799_ACCOMMODATION_1535587719871_30f368895a34ed65?_src=imagekit&tr=c-at_max,h-100,q-40,w-100","https://ik.imagekit.io/tvlk/ugc-review/guys1L+Yyer9kzI3sp-pb0CG1j2bhflZGFUZOoIf1YOBAm37kEUOKR41ieUZm7ZJ/ugc-photo-ap-southeast-1-581603780057-acd24e232f75f09e/ACCOMMODATION/4501799_ACCOMMODATION_1535587719872_021a41b459bdd478?_src=imagekit&tr=c-at_max,h-100,q-40,w-100",,,,,,,,,,,,,,,,,,
https://www.traveloka.com/id-id/user/review/consumption/HOTEL/GENERAL/3000020009559,10,35,"Kamar minimalis yang menyenangkan, bersih, kamar mandinya juga oke. Sarapannya lumayan enak. Pengen kesini lagi lah menginapnya kalau ke Bandung lagi.",Diulas 402 minggu lalu,"https://ik.imagekit.io/tvlk/ugc-review/guys1L+Yyer9kzI3sp-pb0CG1j2bhflZGFUZOoIf1YOBAm37kEUOKR41ieUZm7ZJ/ugc-photo-ap-southeast-1-581603780057-acd24e232f75f09e/ACCOMMODATION/5425300_ACCOMMODATION_1535260908635_1941239608db74ac?_src=imagekit&tr=c-at_max,h-100,q-40,w-100","https://ik.imagekit.io/tvlk/ugc-review/guys1L+Yyer9kzI3sp-pb0CG1j2bhflZGFUZOoIf1YOBAm37kEUOKR41ieUZm7ZJ/ugc-photo-ap-southeast-1-581603780057-acd24e232f75f09e/ACCOMMODATION/5425300_ACCOMMODATION_1535260908635_9556cc89289054da?_src=imagekit&tr=c-at_max,h-100,q-40,w-100",,,,,,,,,,,,,,,,,,
https://www.traveloka.com/id-id/user/review/consumption/HOTEL/GENERAL/3000020009559,10,36,"Hotelnya recommended banget, suka pake banget. Tempatnya di mal 23 paskal dekat stasiun, hotel yang penuh inovasi, recommended banget pokoknya.",Diulas 402 minggu lalu,"https://ik.imagekit.io/tvlk/ugc-review/guys1L+Yyer9kzI3sp-pb0CG1j2bhflZGFUZOoIf1YOBAm37kEUOKR41ieUZm7ZJ/ugc-photo-ap-southeast-1-581603780057-acd24e232f75f09e/ACCOMMODATION/4405650_ACCOMMODATION_1535076943840_ebe46f6c416803b2?_src=imagekit&tr=c-at_max,h-100,q-40,w-100",,,,,,,,,,,,,,,,,,,
https://www.traveloka.com/id-id/user/review/consumption/HOTEL/GENERAL/3000020009559,10,37,"Dekor hotel minimalis masa kini, bersih dan pas di atas mall.",Diulas 402 minggu lalu,"https://ik.imagekit.io/tvlk/ugc-review/guys1L+Yyer9kzI3sp-pb0CG1j2bhflZGFUZOoIf1YOBAm37kEUOKR41ieUZm7ZJ/ugc-photo-ap-southeast-1-581603780057-acd24e232f75f09e/ACCOMMODATION/4694318_ACCOMMODATION_1535076159498_6856fd5489c1e51f?_src=imagekit&tr=c-at_max,h-100,q-40,w-100",,,,,,,,,,,,,,,,,,,
https://www.traveloka.com/id-id/user/review/consumption/HOTEL/GENERAL/3000020009559,10,38,"Semuanya berjalan baik, staf hotel bagus, ambient hotel bagus, interior hotel ikonik",Diulas 402 minggu lalu,"https://ik.imagekit.io/tvlk/ugc-review/guys1L+Yyer9kzI3sp-pb0CG1j2bhflZGFUZOoIf1YOBAm37kEUOKR41ieUZm7ZJ/ugc-photo-ap-southeast-1-581603780057-acd24e232f75f09e/ACCOMMODATION/5663348_ACCOMMODATION_1535013453134_b305e965204bdd9d?_src=imagekit&tr=c-at_max,h-100,q-40,w-100","https://ik.imagekit.io/tvlk/ugc-review/guys1L+Yyer9kzI3sp-pb0CG1j2bhflZGFUZOoIf1YOBAm37kEUOKR41ieUZm7ZJ/ugc-photo-ap-southeast-1-581603780057-acd24e232f75f09e/ACCOMMODATION/5663348_ACCOMMODATION_1535013453135_1469324f7f51b534?_src=imagekit&tr=c-at_max,h-100,q-40,w-100","https://ik.imagekit.io/tvlk/ugc-review/guys1L+Yyer9kzI3sp-pb0CG1j2bhflZGFUZOoIf1YOBAm37kEUOKR41ieUZm7ZJ/ugc-photo-ap-southeast-1-581603780057-acd24e232f75f09e/ACCOMMODATION/5663348_ACCOMMODATION_1535013453135_62239de299e7eab3?_src=imagekit&tr=c-at_max,h-100,q-40,w-100","https://ik.imagekit.io/tvlk/ugc-review/guys1L+Yyer9kzI3sp-pb0CG1j2bhflZGFUZOoIf1YOBAm37kEUOKR41ieUZm7ZJ/ugc-photo-ap-southeast-1-581603780057-acd24e232f75f09e/ACCOMMODATION/5663348_ACCOMMODATION_1535013453136_39e34caa5a0cbb21?_src=imagekit&tr=c-at_max,h-100,q-40,w-100","https://ik.imagekit.io/tvlk/ugc-review/guys1L+Yyer9kzI3sp-pb0CG1j2bhflZGFUZOoIf1YOBAm37kEUOKR41ieUZm7ZJ/ugc-photo-ap-southeast-1-581603780057-acd24e232f75f09e/ACCOMMODATION/5663348_ACCOMMODATION_1535013453136_d02bd33e3da787a7?_src=imagekit&tr=c-at_max,h-100,q-40,w-100",,,,,,,,,,,,,,,
https://www.traveloka.com/id-id/user/review/consumption/HOTEL/GENERAL/3000020009559,10,39,"Hotelnya bersih dan ramah, para staffnya recommended banget, tapi untuk menu breakfastnya mohon di perhatikan. Agak sedikit plan.",Diulas 403 minggu lalu,"https://ik.imagekit.io/tvlk/ugc-review/guys1L+Yyer9kzI3sp-pb0CG1j2bhflZGFUZOoIf1YOBAm37kEUOKR41ieUZm7ZJ/ugc-photo-ap-southeast-1-581603780057-acd24e232f75f09e/ACCOMMODATION/8476442_ACCOMMODATION_1534494255864_a8242dec7ce52a75?_src=imagekit&tr=c-at_max,h-100,q-40,w-100",,,,,,,,,,,,,,,,,,,
https://www.traveloka.com/id-id/user/review/consumption/HOTEL/GENERAL/3000020009559,10,40,"My family's very happy this weekend! thank you Yello Bandung, keren banget persis disamping Sephora, mamih-mamih juga pada happy.",Diulas 403 minggu lalu,"https://ik.imagekit.io/tvlk/ugc-review/guys1L+Yyer9kzI3sp-pb0CG1j2bhflZGFUZOoIf1YOBAm37kEUOKR41ieUZm7ZJ/ugc-photo-ap-southeast-1-581603780057-acd24e232f75f09e/ACCOMMODATION/9585697_ACCOMMODATION_1534314770613_4ad5df0026e13886?_src=imagekit&tr=c-at_max,h-80,q-40,w-80","https://ik.imagekit.io/tvlk/ugc-review/guys1L+Yyer9kzI3sp-pb0CG1j2bhflZGFUZOoIf1YOBAm37kEUOKR41ieUZm7ZJ/ugc-photo-ap-southeast-1-581603780057-acd24e232f75f09e/ACCOMMODATION/9585697_ACCOMMODATION_1534314770614_9d77c2ea7a3a9c06?_src=imagekit&tr=c-at_max,h-80,q-40,w-80","https://ik.imagekit.io/tvlk/ugc-review/guys1L+Yyer9kzI3sp-pb0CG1j2bhflZGFUZOoIf1YOBAm37kEUOKR41ieUZm7ZJ/ugc-photo-ap-southeast-1-581603780057-acd24e232f75f09e/ACCOMMODATION/9585697_ACCOMMODATION_1534314770614_976c7120f2051f49?_src=imagekit&tr=c-at_max,h-80,q-40,w-80","https://ik.imagekit.io/tvlk/ugc-review/guys1L+Yyer9kzI3sp-pb0CG1j2bhflZGFUZOoIf1YOBAm37kEUOKR41ieUZm7ZJ/ugc-photo-ap-southeast-1-581603780057-acd24e232f75f09e/ACCOMMODATION/9585697_ACCOMMODATION_1534314770615_a03056686145c925?_src=imagekit&tr=c-at_max,h-80,q-40,w-80","https://ik.imagekit.io/tvlk/ugc-review/guys1L+Yyer9kzI3sp-pb0CG1j2bhflZGFUZOoIf1YOBAm37kEUOKR41ieUZm7ZJ/ugc-photo-ap-southeast-1-581603780057-acd24e232f75f09e/ACCOMMODATION/9585697_ACCOMMODATION_1534314770615_a5672eb317fa8e11?_src=imagekit&tr=c-at_max,h-80,q-40,w-80","https://ik.imagekit.io/tvlk/ugc-review/guys1L+Yyer9kzI3sp-pb0CG1j2bhflZGFUZOoIf1YOBAm37kEUOKR41ieUZm7ZJ/ugc-photo-ap-southeast-1-581603780057-acd24e232f75f09e/ACCOMMODATION/9585697_ACCOMMODATION_1534314770615_3a34a584f06b0b3d?_src=imagekit&tr=c-at_max,h-80,q-40,w-80","https://ik.imagekit.io/tvlk/ugc-review/guys1L+Yyer9kzI3sp-pb0CG1j2bhflZGFUZOoIf1YOBAm37kEUOKR41ieUZm7ZJ/ugc-photo-ap-southeast-1-581603780057-acd24e232f75f09e/ACCOMMODATION/9585697_ACCOMMODATION_1534314770616_50951b42795a52b1?_src=imagekit&tr=c-at_max,h-80,q-40,w-80","https://ik.imagekit.io/tvlk/ugc-review/guys1L+Yyer9kzI3sp-pb0CG1j2bhflZGFUZOoIf1YOBAm37kEUOKR41ieUZm7ZJ/ugc-photo-ap-southeast-1-581603780057-acd24e232f75f09e/ACCOMMODATION/9585697_ACCOMMODATION_1534314770616_f12643ced0c9ddd2?_src=imagekit&tr=c-at_max,h-80,q-40,w-80","https://ik.imagekit.io/tvlk/ugc-review/guys1L+Yyer9kzI3sp-pb0CG1j2bhflZGFUZOoIf1YOBAm37kEUOKR41ieUZm7ZJ/ugc-photo-ap-southeast-1-581603780057-acd24e232f75f09e/ACCOMMODATION/9585697_ACCOMMODATION_1534314770616_d4d61906882e5766?_src=imagekit&tr=c-at_max,h-80,q-40,w-80",,,,,,,,,,,
https://www.traveloka.com/id-id/user/review/consumption/HOTEL/GENERAL/3000020009559,11,1,Lokasi strategis di dalam mal. Kolam renang dingin tapi anak happy saja. Makanan standar. Pelayanan oke dan ramah stafnya.,Diulas 404 minggu lalu,"https://ik.imagekit.io/tvlk/ugc-review/guys1L+Yyer9kzI3sp-pb0CG1j2bhflZGFUZOoIf1YOBAm37kEUOKR41ieUZm7ZJ/ugc-photo-ap-southeast-1-581603780057-acd24e232f75f09e/ACCOMMODATION/8662458_ACCOMMODATION_1534043887468_487eaaf84dcb11e0?_src=imagekit&tr=c-at_max,h-100,q-40,w-100","https://ik.imagekit.io/tvlk/ugc-review/guys1L+Yyer9kzI3sp-pb0CG1j2bhflZGFUZOoIf1YOBAm37kEUOKR41ieUZm7ZJ/ugc-photo-ap-southeast-1-581603780057-acd24e232f75f09e/ACCOMMODATION/8662458_ACCOMMODATION_1534043887468_99040a7ad4223a30?_src=imagekit&tr=c-at_max,h-100,q-40,w-100",,,,,,,,,,,,,,,,,,
https://www.traveloka.com/id-id/user/review/consumption/HOTEL/GENERAL/3000020009559,11,2,Sejauh ini bagus untuk 3 * hotel itu karena mereka masih baru tapi tolong jaga kebersihannya karena saya tahu sebagian besar setelah 1 tahun hotel tidak begitu bersih lagi. Saya berharap ketika saya kembali itu akan sama. Makanan enak dan stafnya juga 👌🏼,Diulas 405 minggu lalu,"https://ik.imagekit.io/tvlk/ugc-review/guys1L+Yyer9kzI3sp-pb0CG1j2bhflZGFUZOoIf1YOBAm37kEUOKR41ieUZm7ZJ/ugc-photo-ap-southeast-1-581603780057-acd24e232f75f09e/ACCOMMODATION/11001966_ACCOMMODATION_1533275375301_912bef85aa40203f?_src=imagekit&tr=c-at_max,h-100,q-40,w-100",,,,,,,,,,,,,,,,,,,
https://www.traveloka.com/id-id/user/review/consumption/HOTEL/GENERAL/3000020009559,11,3,"Hotel dengan konsep yang baik, kamar bagus, nyaman, sarapan juga enak, pelayanan ramah. Mungkin lebih baik lagi kalau di sediakan parkir khusus untuk parkir tamu hotel, karena lumayan sulit untuk cari parkir yang kosong di parkiran mal.",Diulas 405 minggu lalu,"https://ik.imagekit.io/tvlk/ugc-review/guys1L+Yyer9kzI3sp-pb0CG1j2bhflZGFUZOoIf1YOBAm37kEUOKR41ieUZm7ZJ/ugc-photo-ap-southeast-1-581603780057-acd24e232f75f09e/ACCOMMODATION/10078875_ACCOMMODATION_1532963740192_4bd7a14241ff7ef6?_src=imagekit&tr=c-at_max,h-100,q-40,w-100","https://ik.imagekit.io/tvlk/ugc-review/guys1L+Yyer9kzI3sp-pb0CG1j2bhflZGFUZOoIf1YOBAm37kEUOKR41ieUZm7ZJ/ugc-photo-ap-southeast-1-581603780057-acd24e232f75f09e/ACCOMMODATION/10078875_ACCOMMODATION_1532963740192_7ab787d0b6d36f77?_src=imagekit&tr=c-at_max,h-100,q-40,w-100","https://ik.imagekit.io/tvlk/ugc-review/guys1L+Yyer9kzI3sp-pb0CG1j2bhflZGFUZOoIf1YOBAm37kEUOKR41ieUZm7ZJ/ugc-photo-ap-southeast-1-581603780057-acd24e232f75f09e/ACCOMMODATION/10078875_ACCOMMODATION_1532963740193_48885728981f336f?_src=imagekit&tr=c-at_max,h-100,q-40,w-100","https://ik.imagekit.io/tvlk/ugc-review/guys1L+Yyer9kzI3sp-pb0CG1j2bhflZGFUZOoIf1YOBAm37kEUOKR41ieUZm7ZJ/ugc-photo-ap-southeast-1-581603780057-acd24e232f75f09e/ACCOMMODATION/10078875_ACCOMMODATION_1532963740193_6bdb63a3a5f36fd8?_src=imagekit&tr=c-at_max,h-100,q-40,w-100",,,,,,,,,,,,,,,,
https://www.traveloka.com/id-id/user/review/consumption/HOTEL/GENERAL/3000020009559,11,4,"Good, bersih, ramah, tematnya keren banget",Diulas 406 minggu lalu,"https://ik.imagekit.io/tvlk/ugc-review/guys1L+Yyer9kzI3sp-pb0CG1j2bhflZGFUZOoIf1YOBAm37kEUOKR41ieUZm7ZJ/ugc-photo-ap-southeast-1-581603780057-acd24e232f75f09e/ACCOMMODATION/66261828_ACCOMMODATION_1532701252382_8ae998ba7b911406?_src=imagekit&tr=c-at_max,h-100,q-40,w-100","https://ik.imagekit.io/tvlk/ugc-review/guys1L+Yyer9kzI3sp-pb0CG1j2bhflZGFUZOoIf1YOBAm37kEUOKR41ieUZm7ZJ/ugc-photo-ap-southeast-1-581603780057-acd24e232f75f09e/ACCOMMODATION/66261828_ACCOMMODATION_1532701252382_022702d1018c08f3?_src=imagekit&tr=c-at_max,h-100,q-40,w-100","https://ik.imagekit.io/tvlk/ugc-review/guys1L+Yyer9kzI3sp-pb0CG1j2bhflZGFUZOoIf1YOBAm37kEUOKR41ieUZm7ZJ/ugc-photo-ap-southeast-1-581603780057-acd24e232f75f09e/ACCOMMODATION/66261828_ACCOMMODATION_1532701252383_090a192dfbf63672?_src=imagekit&tr=c-at_max,h-100,q-40,w-100","https://ik.imagekit.io/tvlk/ugc-review/guys1L+Yyer9kzI3sp-pb0CG1j2bhflZGFUZOoIf1YOBAm37kEUOKR41ieUZm7ZJ/ugc-photo-ap-southeast-1-581603780057-acd24e232f75f09e/ACCOMMODATION/66261828_ACCOMMODATION_1532701252383_37dc54b55bf7e122?_src=imagekit&tr=c-at_max,h-100,q-40,w-100","https://ik.imagekit.io/tvlk/ugc-review/guys1L+Yyer9kzI3sp-pb0CG1j2bhflZGFUZOoIf1YOBAm37kEUOKR41ieUZm7ZJ/ugc-photo-ap-southeast-1-581603780057-acd24e232f75f09e/ACCOMMODATION/66261828_ACCOMMODATION_1532701252385_1cf008840a03ef33?_src=imagekit&tr=c-at_max,h-100,q-40,w-100",,,,,,,,,,,,,,,
https://www.traveloka.com/id-id/user/review/consumption/HOTEL/GENERAL/3000020009559,11,5,Hotelnya bagus lokasi strategis dekat mall.,Diulas 406 minggu lalu,"https://ik.imagekit.io/tvlk/ugc-review/guys1L+Yyer9kzI3sp-pb0CG1j2bhflZGFUZOoIf1YOBAm37kEUOKR41ieUZm7ZJ/ugc-photo-ap-southeast-1-581603780057-acd24e232f75f09e/ACCOMMODATION/11233841_ACCOMMODATION_1532442531703_0ac705b18f2acfe8?_src=imagekit&tr=c-at_max,h-100,q-40,w-100",,,,,,,,,,,,,,,,,,,
https://www.traveloka.com/id-id/user/review/consumption/HOTEL/GENERAL/3000020009559,11,6,"Lokasi bagus, dekorasinya unik banget. Love it. Recommended deh bawah hotelnya langsung mal",Diulas 407 minggu lalu,"https://ik.imagekit.io/tvlk/ugc-review/guys1L+Yyer9kzI3sp-pb0CG1j2bhflZGFUZOoIf1YOBAm37kEUOKR41ieUZm7ZJ/ugc-photo-ap-southeast-1-581603780057-acd24e232f75f09e/ACCOMMODATION/6657137_ACCOMMODATION_1532233865806_8a19eed522519239?_src=imagekit&tr=c-at_max,h-80,q-40,w-80","https://ik.imagekit.io/tvlk/ugc-review/guys1L+Yyer9kzI3sp-pb0CG1j2bhflZGFUZOoIf1YOBAm37kEUOKR41ieUZm7ZJ/ugc-photo-ap-southeast-1-581603780057-acd24e232f75f09e/ACCOMMODATION/6657137_ACCOMMODATION_1532233865806_3412e2d42de07d66?_src=imagekit&tr=c-at_max,h-80,q-40,w-80","https://ik.imagekit.io/tvlk/ugc-review/guys1L+Yyer9kzI3sp-pb0CG1j2bhflZGFUZOoIf1YOBAm37kEUOKR41ieUZm7ZJ/ugc-photo-ap-southeast-1-581603780057-acd24e232f75f09e/ACCOMMODATION/6657137_ACCOMMODATION_1532233865807_92dad49db09ff24e?_src=imagekit&tr=c-at_max,h-80,q-40,w-80","https://ik.imagekit.io/tvlk/ugc-review/guys1L+Yyer9kzI3sp-pb0CG1j2bhflZGFUZOoIf1YOBAm37kEUOKR41ieUZm7ZJ/ugc-photo-ap-southeast-1-581603780057-acd24e232f75f09e/ACCOMMODATION/6657137_ACCOMMODATION_1532233865808_10e4801a965ab688?_src=imagekit&tr=c-at_max,h-80,q-40,w-80","https://ik.imagekit.io/tvlk/ugc-review/guys1L+Yyer9kzI3sp-pb0CG1j2bhflZGFUZOoIf1YOBAm37kEUOKR41ieUZm7ZJ/ugc-photo-ap-southeast-1-581603780057-acd24e232f75f09e/ACCOMMODATION/6657137_ACCOMMODATION_1532233865808_c0b9a681c11a4af5?_src=imagekit&tr=c-at_max,h-80,q-40,w-80","https://ik.imagekit.io/tvlk/ugc-review/guys1L+Yyer9kzI3sp-pb0CG1j2bhflZGFUZOoIf1YOBAm37kEUOKR41ieUZm7ZJ/ugc-photo-ap-southeast-1-581603780057-acd24e232f75f09e/ACCOMMODATION/6657137_ACCOMMODATION_1532233865808_c0f4e07b11d00b3f?_src=imagekit&tr=c-at_max,h-80,q-40,w-80","https://ik.imagekit.io/tvlk/ugc-review/guys1L+Yyer9kzI3sp-pb0CG1j2bhflZGFUZOoIf1YOBAm37kEUOKR41ieUZm7ZJ/ugc-photo-ap-southeast-1-581603780057-acd24e232f75f09e/ACCOMMODATION/6657137_ACCOMMODATION_1532233865808_31ecec24122ee5ce?_src=imagekit&tr=c-at_max,h-80,q-40,w-80","https://ik.imagekit.io/tvlk/ugc-review/guys1L+Yyer9kzI3sp-pb0CG1j2bhflZGFUZOoIf1YOBAm37kEUOKR41ieUZm7ZJ/ugc-photo-ap-southeast-1-581603780057-acd24e232f75f09e/ACCOMMODATION/6657137_ACCOMMODATION_1532233865809_defc7a6bc9974eda?_src=imagekit&tr=c-at_max,h-80,q-40,w-80",,,,,,,,,,,,
https://www.traveloka.com/id-id/user/review/consumption/HOTEL/GENERAL/3000020009559,11,7,"Tempatnya enak nyaman banget, dekat dengan mal tempat-tempat kuliner cocok yang buat suka kuliner.",Diulas 407 minggu lalu,"https://ik.imagekit.io/tvlk/ugc-review/guys1L+Yyer9kzI3sp-pb0CG1j2bhflZGFUZOoIf1YOBAm37kEUOKR41ieUZm7ZJ/ugc-photo-ap-southeast-1-581603780057-acd24e232f75f09e/ACCOMMODATION/16357315_ACCOMMODATION_1532047283876_fe40775f94185c0e?_src=imagekit&tr=c-at_max,h-100,q-40,w-100","https://ik.imagekit.io/tvlk/ugc-review/guys1L+Yyer9kzI3sp-pb0CG1j2bhflZGFUZOoIf1YOBAm37kEUOKR41ieUZm7ZJ/ugc-photo-ap-southeast-1-581603780057-acd24e232f75f09e/ACCOMMODATION/16357315_ACCOMMODATION_1532047283877_ef2ae7a8242816bc?_src=imagekit&tr=c-at_max,h-100,q-40,w-100","https://ik.imagekit.io/tvlk/ugc-review/guys1L+Yyer9kzI3sp-pb0CG1j2bhflZGFUZOoIf1YOBAm37kEUOKR41ieUZm7ZJ/ugc-photo-ap-southeast-1-581603780057-acd24e232f75f09e/ACCOMMODATION/16357315_ACCOMMODATION_1532047283877_22858bb9b38c6059?_src=imagekit&tr=c-at_max,h-100,q-40,w-100","https://ik.imagekit.io/tvlk/ugc-review/guys1L+Yyer9kzI3sp-pb0CG1j2bhflZGFUZOoIf1YOBAm37kEUOKR41ieUZm7ZJ/ugc-photo-ap-southeast-1-581603780057-acd24e232f75f09e/ACCOMMODATION/16357315_ACCOMMODATION_1532047283878_8fce80116274376e?_src=imagekit&tr=c-at_max,h-100,q-40,w-100",,,,,,,,,,,,,,,,
https://www.traveloka.com/id-id/user/review/consumption/HOTEL/GENERAL/3000020009559,11,8,"Hotelnya bagus, fasilitas sesuai kebutuhan, makanan enak, pelayanan oke dan karyawan ramah, senang menginap di hotel Yello Bandung. Mau ke mal dan cari makanan tinggal ke bawah saja, pokoknya hotel Yello Bandung is the best. Next kita menginap lagi kalau ke Bandung.",Diulas 407 minggu lalu,"https://ik.imagekit.io/tvlk/ugc-review/guys1L+Yyer9kzI3sp-pb0CG1j2bhflZGFUZOoIf1YOBAm37kEUOKR41ieUZm7ZJ/ugc-photo-ap-southeast-1-581603780057-acd24e232f75f09e/ACCOMMODATION/59957147_ACCOMMODATION_1531789006720_209f6be0d24d17ee?_src=imagekit&tr=c-at_max,h-100,q-40,w-100",,,,,,,,,,,,,,,,,,,
https://www.traveloka.com/id-id/user/review/consumption/HOTEL/GENERAL/3000020009559,11,9,"Hotelnya bersih, interior bagus. Letaknya strategis di bawahnya ada mal dan dekat tempat makan. Kalau ke Bandung saya akan menginap lagi di Yello Hotel.",Diulas 407 minggu lalu,"https://ik.imagekit.io/tvlk/ugc-review/guys1L+Yyer9kzI3sp-pb0CG1j2bhflZGFUZOoIf1YOBAm37kEUOKR41ieUZm7ZJ/ugc-photo-ap-southeast-1-581603780057-acd24e232f75f09e/ACCOMMODATION/58366409_ACCOMMODATION_1531903005081_d26a30b966934462?_src=imagekit&tr=c-at_max,h-100,q-40,w-100",,,,,,,,,,,,,,,,,,,
https://www.traveloka.com/id-id/user/review/consumption/HOTEL/GENERAL/3000020009559,11,10,"Sampai saya perpanjang inapnya, padahal rencana mau inap di beda tempat. karena nyaman anak saya betah apalagi ada game zonenya dekat mal, dekat kemana-mana.",Diulas 408 minggu lalu,"https://ik.imagekit.io/tvlk/ugc-review/guys1L+Yyer9kzI3sp-pb0CG1j2bhflZGFUZOoIf1YOBAm37kEUOKR41ieUZm7ZJ/ugc-photo-ap-southeast-1-581603780057-acd24e232f75f09e/ACCOMMODATION/11808900_ACCOMMODATION_1531747069064_ad0cb63b7359118e?_src=imagekit&tr=c-at_max,h-100,q-40,w-100",,,,,,,,,,,,,,,,,,,
https://www.traveloka.com/id-id/user/review/consumption/HOTEL/GENERAL/3000020009559,11,11,"Bersih, nyaman, sangat strategis dengan tempat wisata kuliner, anak-anak happy ada kolam renang.",Diulas 408 minggu lalu,"https://ik.imagekit.io/tvlk/ugc-review/guys1L+Yyer9kzI3sp-pb0CG1j2bhflZGFUZOoIf1YOBAm37kEUOKR41ieUZm7ZJ/ugc-photo-ap-southeast-1-581603780057-acd24e232f75f09e/ACCOMMODATION/66745533_ACCOMMODATION_1531665571364_7e3f027a3f0b8f70?_src=imagekit&tr=c-at_max,h-100,q-40,w-100","https://ik.imagekit.io/tvlk/ugc-review/guys1L+Yyer9kzI3sp-pb0CG1j2bhflZGFUZOoIf1YOBAm37kEUOKR41ieUZm7ZJ/ugc-photo-ap-southeast-1-581603780057-acd24e232f75f09e/ACCOMMODATION/66745533_ACCOMMODATION_1531665571364_5b12c72243e8e4c0?_src=imagekit&tr=c-at_max,h-100,q-40,w-100","https://ik.imagekit.io/tvlk/ugc-review/guys1L+Yyer9kzI3sp-pb0CG1j2bhflZGFUZOoIf1YOBAm37kEUOKR41ieUZm7ZJ/ugc-photo-ap-southeast-1-581603780057-acd24e232f75f09e/ACCOMMODATION/66745533_ACCOMMODATION_1531665571364_46627b492705dc96?_src=imagekit&tr=c-at_max,h-100,q-40,w-100",,,,,,,,,,,,,,,,,
https://www.traveloka.com/id-id/user/review/consumption/HOTEL/GENERAL/3000020009559,11,12,"Keren, mulai dari konsep posisi, layanan serta fasilitasnya direkomendasikan bangeet untuk tempat stay di Bandung.",Diulas 408 minggu lalu,"https://ik.imagekit.io/tvlk/ugc-review/guys1L+Yyer9kzI3sp-pb0CG1j2bhflZGFUZOoIf1YOBAm37kEUOKR41ieUZm7ZJ/ugc-photo-ap-southeast-1-581603780057-acd24e232f75f09e/ACCOMMODATION/9670245_ACCOMMODATION_1531642888125_03bc9487b6619353?_src=imagekit&tr=c-at_max,h-100,q-40,w-100","https://ik.imagekit.io/tvlk/ugc-review/guys1L+Yyer9kzI3sp-pb0CG1j2bhflZGFUZOoIf1YOBAm37kEUOKR41ieUZm7ZJ/ugc-photo-ap-southeast-1-581603780057-acd24e232f75f09e/ACCOMMODATION/9670245_ACCOMMODATION_1531642888125_b91dcb968ac535c7?_src=imagekit&tr=c-at_max,h-100,q-40,w-100",,,,,,,,,,,,,,,,,,
https://www.traveloka.com/id-id/user/review/consumption/HOTEL/GENERAL/3000020009559,11,13,"Hotel menyatu dengan mal 23 Paskal, parkir juga menyatu dengan pengunjung mal, sebaiknya disediakan parkir khusus tamu hotel di basement dekat dengan pintu hotel agar tidak terlalu jauh jalan kaki apalagi kalau membawa barang banyak jadi repot, karena susah juga untuk menurunkan barang di lobby transit lantai 1, nyatanya sudah banyak mobil parkir di depan lobby hotel di tambah lagi antrian valet parking. Kalau bawa barang lebih baik langsung masuk ke basement dan langsung ambil arah parkir sebelah kanan dekat pintu hotel, apabila ditutup, sedikit berputar dulu, tapi tetap arahkan ke dekat pintu hotel, karena petugas parkir tidak bisa kasih informasi dimana parkir yang strategis untuk tamu hotel.",Diulas 408 minggu lalu,"https://ik.imagekit.io/tvlk/ugc-review/guys1L+Yyer9kzI3sp-pb0CG1j2bhflZGFUZOoIf1YOBAm37kEUOKR41ieUZm7ZJ/ugc-photo-ap-southeast-1-581603780057-acd24e232f75f09e/ACCOMMODATION/5701685_ACCOMMODATION_1531497143111_e44bd7ec0f7faa1c?_src=imagekit&tr=c-at_max,h-100,q-40,w-100","https://ik.imagekit.io/tvlk/ugc-review/guys1L+Yyer9kzI3sp-pb0CG1j2bhflZGFUZOoIf1YOBAm37kEUOKR41ieUZm7ZJ/ugc-photo-ap-southeast-1-581603780057-acd24e232f75f09e/ACCOMMODATION/5701685_ACCOMMODATION_1531497143112_052f442546a4749a?_src=imagekit&tr=c-at_max,h-100,q-40,w-100","https://ik.imagekit.io/tvlk/ugc-review/guys1L+Yyer9kzI3sp-pb0CG1j2bhflZGFUZOoIf1YOBAm37kEUOKR41ieUZm7ZJ/ugc-photo-ap-southeast-1-581603780057-acd24e232f75f09e/ACCOMMODATION/5701685_ACCOMMODATION_1531497143112_b6d559e391238d36?_src=imagekit&tr=c-at_max,h-100,q-40,w-100","https://ik.imagekit.io/tvlk/ugc-review/guys1L+Yyer9kzI3sp-pb0CG1j2bhflZGFUZOoIf1YOBAm37kEUOKR41ieUZm7ZJ/ugc-photo-ap-southeast-1-581603780057-acd24e232f75f09e/ACCOMMODATION/5701685_ACCOMMODATION_1531497143113_cd9794f60b7bbc9e?_src=imagekit&tr=c-at_max,h-100,q-40,w-100",,,,,,,,,,,,,,,,
https://www.traveloka.com/id-id/user/review/consumption/HOTEL/GENERAL/3000020009559,11,14,"Posisi hotel dekat dengan stasiun KA, paskal food market dan mal. Untuk cari makan tidak sulit, Karena posisinya dekat dengan mal dan paskal food market, hotelnya masih baru, pelayanan dari staf hotel cukup baik, Hanya sayang tidak ada lemari es di dalam kamar.",Diulas 408 minggu lalu,"https://ik.imagekit.io/tvlk/ugc-review/guys1L+Yyer9kzI3sp-pb0CG1j2bhflZGFUZOoIf1YOBAm37kEUOKR41ieUZm7ZJ/ugc-photo-ap-southeast-1-581603780057-acd24e232f75f09e/ACCOMMODATION/3703784_ACCOMMODATION_1530803478497_38262f19c87789b6?_src=imagekit&tr=c-at_max,h-100,q-40,w-100","https://ik.imagekit.io/tvlk/ugc-review/guys1L+Yyer9kzI3sp-pb0CG1j2bhflZGFUZOoIf1YOBAm37kEUOKR41ieUZm7ZJ/ugc-photo-ap-southeast-1-581603780057-acd24e232f75f09e/ACCOMMODATION/3703784_ACCOMMODATION_1530803478497_65048e661ff63cef?_src=imagekit&tr=c-at_max,h-100,q-40,w-100","https://ik.imagekit.io/tvlk/ugc-review/guys1L+Yyer9kzI3sp-pb0CG1j2bhflZGFUZOoIf1YOBAm37kEUOKR41ieUZm7ZJ/ugc-photo-ap-southeast-1-581603780057-acd24e232f75f09e/ACCOMMODATION/3703784_ACCOMMODATION_1530803478498_ba3da84663a7a61e?_src=imagekit&tr=c-at_max,h-100,q-40,w-100","https://ik.imagekit.io/tvlk/ugc-review/guys1L+Yyer9kzI3sp-pb0CG1j2bhflZGFUZOoIf1YOBAm37kEUOKR41ieUZm7ZJ/ugc-photo-ap-southeast-1-581603780057-acd24e232f75f09e/ACCOMMODATION/3703784_ACCOMMODATION_1530803478498_8345c3b5a757ba73?_src=imagekit&tr=c-at_max,h-100,q-40,w-100","https://ik.imagekit.io/tvlk/ugc-review/guys1L+Yyer9kzI3sp-pb0CG1j2bhflZGFUZOoIf1YOBAm37kEUOKR41ieUZm7ZJ/ugc-photo-ap-southeast-1-581603780057-acd24e232f75f09e/ACCOMMODATION/3703784_ACCOMMODATION_1530803478498_7032a949c25ab376?_src=imagekit&tr=c-at_max,h-100,q-40,w-100","https://ik.imagekit.io/tvlk/ugc-review/guys1L+Yyer9kzI3sp-pb0CG1j2bhflZGFUZOoIf1YOBAm37kEUOKR41ieUZm7ZJ/ugc-photo-ap-southeast-1-581603780057-acd24e232f75f09e/ACCOMMODATION/3703784_ACCOMMODATION_1530803478499_983977ea9da91163?_src=imagekit&tr=c-at_max,h-100,q-40,w-100",,,,,,,,,,,,,,
https://www.traveloka.com/id-id/user/review/consumption/HOTEL/GENERAL/3000020009559,11,15,"Saya menginap 4 malam petugas hotel masih muda semua. ramah. cekatan. securitynya juga baik-baik. kamar cukup luas. Mau ke mal juga tinggal turun ke bawah. seperti jalan ke hotel juga banyak tempat jual makanan dan restoran. wahana games online buat anak-anak juga lengkap. Sayangnya WiFi di kamar kalau sudah jam 11 malam ke atas lemot, menu breakfastnya juga kurang variatif, perlu divariasi lagi. Overall memuaskan menginap di hotel Yello ini. Next pasti akan menginap disini lagi.",Diulas 409 minggu lalu,"https://ik.imagekit.io/tvlk/ugc-review/guys1L+Yyer9kzI3sp-pb0CG1j2bhflZGFUZOoIf1YOBAm37kEUOKR41ieUZm7ZJ/ugc-photo-ap-southeast-1-581603780057-acd24e232f75f09e/ACCOMMODATION/5899783_ACCOMMODATION_1531033132963_4b0c889a714649d2?_src=imagekit&tr=c-at_max,h-100,q-40,w-100","https://ik.imagekit.io/tvlk/ugc-review/guys1L+Yyer9kzI3sp-pb0CG1j2bhflZGFUZOoIf1YOBAm37kEUOKR41ieUZm7ZJ/ugc-photo-ap-southeast-1-581603780057-acd24e232f75f09e/ACCOMMODATION/5899783_ACCOMMODATION_1531033132963_3aa140b10ca218a0?_src=imagekit&tr=c-at_max,h-100,q-40,w-100","https://ik.imagekit.io/tvlk/ugc-review/guys1L+Yyer9kzI3sp-pb0CG1j2bhflZGFUZOoIf1YOBAm37kEUOKR41ieUZm7ZJ/ugc-photo-ap-southeast-1-581603780057-acd24e232f75f09e/ACCOMMODATION/5899783_ACCOMMODATION_1531033132964_663ab2782d2e799e?_src=imagekit&tr=c-at_max,h-100,q-40,w-100","https://ik.imagekit.io/tvlk/ugc-review/guys1L+Yyer9kzI3sp-pb0CG1j2bhflZGFUZOoIf1YOBAm37kEUOKR41ieUZm7ZJ/ugc-photo-ap-southeast-1-581603780057-acd24e232f75f09e/ACCOMMODATION/5899783_ACCOMMODATION_1531033132964_871eeeb6da02e2c5?_src=imagekit&tr=c-at_max,h-100,q-40,w-100","https://ik.imagekit.io/tvlk/ugc-review/guys1L+Yyer9kzI3sp-pb0CG1j2bhflZGFUZOoIf1YOBAm37kEUOKR41ieUZm7ZJ/ugc-photo-ap-southeast-1-581603780057-acd24e232f75f09e/ACCOMMODATION/5899783_ACCOMMODATION_1531033132964_d88ef6a46b13f34e?_src=imagekit&tr=c-at_max,h-100,q-40,w-100","https://ik.imagekit.io/tvlk/ugc-review/guys1L+Yyer9kzI3sp-pb0CG1j2bhflZGFUZOoIf1YOBAm37kEUOKR41ieUZm7ZJ/ugc-photo-ap-southeast-1-581603780057-acd24e232f75f09e/ACCOMMODATION/5899783_ACCOMMODATION_1531033132965_09afda0fb1916ce3?_src=imagekit&tr=c-at_max,h-100,q-40,w-100",,,,,,,,,,,,,,
https://www.traveloka.com/id-id/user/review/consumption/HOTEL/GENERAL/3000020009559,11,16,"Senang sekali bisa menginap di Yello, kamar oke, view oke banget, respon oke dan sarapan menyenangkan. kalau ke bandung lagi pasti menginap disini.",Diulas 409 minggu lalu,"https://ik.imagekit.io/tvlk/ugc-review/guys1L+Yyer9kzI3sp-pb0CG1j2bhflZGFUZOoIf1YOBAm37kEUOKR41ieUZm7ZJ/ugc-photo-ap-southeast-1-581603780057-acd24e232f75f09e/ACCOMMODATION/18462208_ACCOMMODATION_1531014200319_43dd435670cf39bf?_src=imagekit&tr=c-at_max,h-100,q-40,w-100","https://ik.imagekit.io/tvlk/ugc-review/guys1L+Yyer9kzI3sp-pb0CG1j2bhflZGFUZOoIf1YOBAm37kEUOKR41ieUZm7ZJ/ugc-photo-ap-southeast-1-581603780057-acd24e232f75f09e/ACCOMMODATION/18462208_ACCOMMODATION_1531014200320_bb17fde76beed1b3?_src=imagekit&tr=c-at_max,h-100,q-40,w-100",,,,,,,,,,,,,,,,,,
https://www.traveloka.com/id-id/user/review/consumption/HOTEL/GENERAL/3000020009559,11,17,"Kamar bersih, luas dan pelayanan yang cepat dan ramah. bakal kembali kesini.",Diulas 410 minggu lalu,"https://ik.imagekit.io/tvlk/ugc-review/guys1L+Yyer9kzI3sp-pb0CG1j2bhflZGFUZOoIf1YOBAm37kEUOKR41ieUZm7ZJ/ugc-photo-ap-southeast-1-581603780057-acd24e232f75f09e/ACCOMMODATION/66614927_ACCOMMODATION_1530416566093_4c1575c951b79752?_src=imagekit&tr=c-at_max,h-100,q-40,w-100",,,,,,,,,,,,,,,,,,,
https://www.traveloka.com/id-id/user/review/consumption/HOTEL/GENERAL/3000020009559,11,18,Tempat nyaman untuk liburan keluarga,Diulas 410 minggu lalu,"https://ik.imagekit.io/tvlk/ugc-review/guys1L+Yyer9kzI3sp-pb0CG1j2bhflZGFUZOoIf1YOBAm37kEUOKR41ieUZm7ZJ/ugc-photo-ap-southeast-1-581603780057-acd24e232f75f09e/ACCOMMODATION/10133273_ACCOMMODATION_1529979244659_fd9631e1fdac0e1b?_src=imagekit&tr=c-at_max,h-100,q-40,w-100","https://ik.imagekit.io/tvlk/ugc-review/guys1L+Yyer9kzI3sp-pb0CG1j2bhflZGFUZOoIf1YOBAm37kEUOKR41ieUZm7ZJ/ugc-photo-ap-southeast-1-581603780057-acd24e232f75f09e/ACCOMMODATION/10133273_ACCOMMODATION_1529979244659_52b91e2717aaebfa?_src=imagekit&tr=c-at_max,h-100,q-40,w-100","https://ik.imagekit.io/tvlk/ugc-review/guys1L+Yyer9kzI3sp-pb0CG1j2bhflZGFUZOoIf1YOBAm37kEUOKR41ieUZm7ZJ/ugc-photo-ap-southeast-1-581603780057-acd24e232f75f09e/ACCOMMODATION/10133273_ACCOMMODATION_1529979244660_9f3b08d2d198f1d3?_src=imagekit&tr=c-at_max,h-100,q-40,w-100",,,,,,,,,,,,,,,,,
https://www.traveloka.com/id-id/user/review/consumption/HOTEL/GENERAL/3000020009559,11,19,"Cukup memuaskan, untuk yang bawa anak-anak bakal puas dan anak-anak pun senang, bisa jalan-jalan ke mal di bawa hotel",Diulas 410 minggu lalu,"https://ik.imagekit.io/tvlk/ugc-review/guys1L+Yyer9kzI3sp-pb0CG1j2bhflZGFUZOoIf1YOBAm37kEUOKR41ieUZm7ZJ/ugc-photo-ap-southeast-1-581603780057-acd24e232f75f09e/ACCOMMODATION/10573420_ACCOMMODATION_1530324009538_c3c03ba7b9a64ee3?_src=imagekit&tr=c-at_max,h-100,q-40,w-100","https://ik.imagekit.io/tvlk/ugc-review/guys1L+Yyer9kzI3sp-pb0CG1j2bhflZGFUZOoIf1YOBAm37kEUOKR41ieUZm7ZJ/ugc-photo-ap-southeast-1-581603780057-acd24e232f75f09e/ACCOMMODATION/10573420_ACCOMMODATION_1530324009538_9cb5a607f8f4c528?_src=imagekit&tr=c-at_max,h-100,q-40,w-100","https://ik.imagekit.io/tvlk/ugc-review/guys1L+Yyer9kzI3sp-pb0CG1j2bhflZGFUZOoIf1YOBAm37kEUOKR41ieUZm7ZJ/ugc-photo-ap-southeast-1-581603780057-acd24e232f75f09e/ACCOMMODATION/10573420_ACCOMMODATION_1530324009539_556fc5886cb84621?_src=imagekit&tr=c-at_max,h-100,q-40,w-100","https://ik.imagekit.io/tvlk/ugc-review/guys1L+Yyer9kzI3sp-pb0CG1j2bhflZGFUZOoIf1YOBAm37kEUOKR41ieUZm7ZJ/ugc-photo-ap-southeast-1-581603780057-acd24e232f75f09e/ACCOMMODATION/10573420_ACCOMMODATION_1530324009540_79e3009e090cb388?_src=imagekit&tr=c-at_max,h-100,q-40,w-100","https://ik.imagekit.io/tvlk/ugc-review/guys1L+Yyer9kzI3sp-pb0CG1j2bhflZGFUZOoIf1YOBAm37kEUOKR41ieUZm7ZJ/ugc-photo-ap-southeast-1-581603780057-acd24e232f75f09e/ACCOMMODATION/10573420_ACCOMMODATION_1530324009540_157f409a0ff87088?_src=imagekit&tr=c-at_max,h-100,q-40,w-100",,,,,,,,,,,,,,,
https://www.traveloka.com/id-id/user/review/consumption/HOTEL/GENERAL/3000020009559,11,20,"Baguss, nyaman, keren dan unik. Masukan aja mohon di sediakan tissue di kamar/di meja makan, karena saya tidak lihat tissue wajah di kanar/meja makan.",Diulas 410 minggu lalu,"https://ik.imagekit.io/tvlk/ugc-review/guys1L+Yyer9kzI3sp-pb0CG1j2bhflZGFUZOoIf1YOBAm37kEUOKR41ieUZm7ZJ/ugc-photo-ap-southeast-1-581603780057-acd24e232f75f09e/ACCOMMODATION/3237102_ACCOMMODATION_1530334527321_91911e6511ab5b0b?_src=imagekit&tr=c-at_max,h-100,q-40,w-100","https://ik.imagekit.io/tvlk/ugc-review/guys1L+Yyer9kzI3sp-pb0CG1j2bhflZGFUZOoIf1YOBAm37kEUOKR41ieUZm7ZJ/ugc-photo-ap-southeast-1-581603780057-acd24e232f75f09e/ACCOMMODATION/3237102_ACCOMMODATION_1530334527321_e7cac2f92abb0771?_src=imagekit&tr=c-at_max,h-100,q-40,w-100",,,,,,,,,,,,,,,,,,
https://www.traveloka.com/id-id/user/review/consumption/HOTEL/GENERAL/3000020009559,11,21,"Tempatnya seru bangunannya masih baru, pelayanannya ramah.",Diulas 410 minggu lalu,"https://ik.imagekit.io/tvlk/ugc-review/guys1L+Yyer9kzI3sp-pb0CG1j2bhflZGFUZOoIf1YOBAm37kEUOKR41ieUZm7ZJ/ugc-photo-ap-southeast-1-581603780057-acd24e232f75f09e/ACCOMMODATION/52946962_ACCOMMODATION_1530404793641_6e35ba25c50618d9?_src=imagekit&tr=c-at_max,h-100,q-40,w-100","https://ik.imagekit.io/tvlk/ugc-review/guys1L+Yyer9kzI3sp-pb0CG1j2bhflZGFUZOoIf1YOBAm37kEUOKR41ieUZm7ZJ/ugc-photo-ap-southeast-1-581603780057-acd24e232f75f09e/ACCOMMODATION/52946962_ACCOMMODATION_1530404793642_d7a759f5695a2e3b?_src=imagekit&tr=c-at_max,h-100,q-40,w-100","https://ik.imagekit.io/tvlk/ugc-review/guys1L+Yyer9kzI3sp-pb0CG1j2bhflZGFUZOoIf1YOBAm37kEUOKR41ieUZm7ZJ/ugc-photo-ap-southeast-1-581603780057-acd24e232f75f09e/ACCOMMODATION/52946962_ACCOMMODATION_1530404793642_f0d1910a4622197e?_src=imagekit&tr=c-at_max,h-100,q-40,w-100",,,,,,,,,,,,,,,,,
https://www.traveloka.com/id-id/user/review/consumption/HOTEL/GENERAL/3000020009559,11,22,"Pesan ketika weekend, jadilah susah mencari parkir karena menyatu dengan parkir hotel tapi cukup dibantu Oleh petugas parkir mal tersebut. check-in lumayan lama, Pelayanan dari kamar 3 kamar double bed, Namun yang siap hanya twin bed. karena cukup lelah menunggu saya iyakan saja. Sampai kamar hotelnya, Saya coba dorong-dorong kasurnya alhamdulillah bisa disatuin dan jadinya cukup lega. desain kamar minimalis dan menarik, Saya suka sekali ada sofa panjang di pojok dekat jendela. Sarapan kurang variatif namun cukup, rasa juga standar. Lagipula kalau lapar-lapar bisa jajan turun ke mal banyak pilihan. Yang paling saya suka air kolam renangnya segar banget. Anak-anak suka dan tidak terlalu dalam juga jadi aman untuk anak-anak. Secara keseluruhan kami sekeluarga tidak menyesal menginap di sini. Terima kasih.",Diulas 410 minggu lalu,"https://ik.imagekit.io/tvlk/ugc-review/guys1L+Yyer9kzI3sp-pb0CG1j2bhflZGFUZOoIf1YOBAm37kEUOKR41ieUZm7ZJ/ugc-photo-ap-southeast-1-581603780057-acd24e232f75f09e/ACCOMMODATION/15147632_ACCOMMODATION_1530332596663_83c03dc7d4d8c3ef?_src=imagekit&tr=c-at_max,h-100,q-40,w-100","https://ik.imagekit.io/tvlk/ugc-review/guys1L+Yyer9kzI3sp-pb0CG1j2bhflZGFUZOoIf1YOBAm37kEUOKR41ieUZm7ZJ/ugc-photo-ap-southeast-1-581603780057-acd24e232f75f09e/ACCOMMODATION/15147632_ACCOMMODATION_1530332596663_f5f311000c941b4e?_src=imagekit&tr=c-at_max,h-100,q-40,w-100","https://ik.imagekit.io/tvlk/ugc-review/guys1L+Yyer9kzI3sp-pb0CG1j2bhflZGFUZOoIf1YOBAm37kEUOKR41ieUZm7ZJ/ugc-photo-ap-southeast-1-581603780057-acd24e232f75f09e/ACCOMMODATION/15147632_ACCOMMODATION_1530332596664_36f2fe9dc367d6cf?_src=imagekit&tr=c-at_max,h-100,q-40,w-100","https://ik.imagekit.io/tvlk/ugc-review/guys1L+Yyer9kzI3sp-pb0CG1j2bhflZGFUZOoIf1YOBAm37kEUOKR41ieUZm7ZJ/ugc-photo-ap-southeast-1-581603780057-acd24e232f75f09e/ACCOMMODATION/15147632_ACCOMMODATION_1530332596664_34b80d9b8791f16a?_src=imagekit&tr=c-at_max,h-100,q-40,w-100",,,,,,,,,,,,,,,,
https://www.traveloka.com/id-id/user/review/consumption/HOTEL/GENERAL/3000020009559,11,23,"Belum maksimal karena perlu perbaikan lebih lagi. Ada plus ada minus. Plusnya ini hotel baru, desain bagus anak muda banget, lokasi strategis di paskal 23, karyawan muda-muda. Minusnya sesuai pengalaman saya, saya menginap bersama istri diberi twin bed kepenginnya sih 1 tempat tidur juga (seharusnya kami request dari awal) tapi kami tidak nyangka dikasih twin, karyawan cuek sama kami yang datang pakai tas gunung dan plastik-plastik belanjaan sementara tamu yang bawa koper lebih dilayani, agak kecewa. Lift dari lobby ke atas berbeda dengan lift yang ke bawah tapi tidak diberitahu ke kami alhasil kami cari-cari sendiri sambil bawa-bawa barang, wifi sangat lemot dan tidak stabil sudah komplain tapi tetap tidak ada solusi. Keseluruhan sih agak kecewa dengan hotel ini, bintang banyak tapi kok kaya tidak bagus pelayanannya. Hal yang menghibur kami adalah pas pulang, setelah kami beli koper, ada karyawan yang membantu membawa barang kami, bisa titip barang dan satpam sangat ramah bahkan mau bantu fotokan. Sepertinya pegawainya kurang bahkan tidak ada yang bantu kami karena petugas yang jadi resepsionis juga bertugas di dapur, ikut bersih-sih kamar tamu, bahkan kadang membantu di bawah. Mohon manajemen hotel memperhatikan hal tersebut, thanks.",Diulas 410 minggu lalu,"https://ik.imagekit.io/tvlk/ugc-review/guys1L+Yyer9kzI3sp-pb0CG1j2bhflZGFUZOoIf1YOBAm37kEUOKR41ieUZm7ZJ/ugc-photo-ap-southeast-1-581603780057-acd24e232f75f09e/ACCOMMODATION/18182722_ACCOMMODATION_1530015623398_710681017dbebdf6?_src=imagekit&tr=c-at_max,h-100,q-40,w-100","https://ik.imagekit.io/tvlk/ugc-review/guys1L+Yyer9kzI3sp-pb0CG1j2bhflZGFUZOoIf1YOBAm37kEUOKR41ieUZm7ZJ/ugc-photo-ap-southeast-1-581603780057-acd24e232f75f09e/ACCOMMODATION/18182722_ACCOMMODATION_1530015623398_94b3edfec1ff3255?_src=imagekit&tr=c-at_max,h-100,q-40,w-100","https://ik.imagekit.io/tvlk/ugc-review/guys1L+Yyer9kzI3sp-pb0CG1j2bhflZGFUZOoIf1YOBAm37kEUOKR41ieUZm7ZJ/ugc-photo-ap-southeast-1-581603780057-acd24e232f75f09e/ACCOMMODATION/18182722_ACCOMMODATION_1530015623399_e714b20befa2fcd8?_src=imagekit&tr=c-at_max,h-100,q-40,w-100","https://ik.imagekit.io/tvlk/ugc-review/guys1L+Yyer9kzI3sp-pb0CG1j2bhflZGFUZOoIf1YOBAm37kEUOKR41ieUZm7ZJ/ugc-photo-ap-southeast-1-581603780057-acd24e232f75f09e/ACCOMMODATION/18182722_ACCOMMODATION_1530015623400_08b29227a03eb094?_src=imagekit&tr=c-at_max,h-100,q-40,w-100","https://ik.imagekit.io/tvlk/ugc-review/guys1L+Yyer9kzI3sp-pb0CG1j2bhflZGFUZOoIf1YOBAm37kEUOKR41ieUZm7ZJ/ugc-photo-ap-southeast-1-581603780057-acd24e232f75f09e/ACCOMMODATION/18182722_ACCOMMODATION_1530015623400_ff3e6522fcdb6495?_src=imagekit&tr=c-at_max,h-100,q-40,w-100","https://ik.imagekit.io/tvlk/ugc-review/guys1L+Yyer9kzI3sp-pb0CG1j2bhflZGFUZOoIf1YOBAm37kEUOKR41ieUZm7ZJ/ugc-photo-ap-southeast-1-581603780057-acd24e232f75f09e/ACCOMMODATION/18182722_ACCOMMODATION_1530015623400_2f2f20222adbbb7b?_src=imagekit&tr=c-at_max,h-100,q-40,w-100",,,,,,,,,,,,,,
https://www.traveloka.com/id-id/user/review/consumption/HOTEL/GENERAL/3000020009559,11,24,"Tempat yang recommend, pelayanan yang baik dan best place.",Diulas 410 minggu lalu,"https://ik.imagekit.io/tvlk/ugc-review/guys1L+Yyer9kzI3sp-pb0CG1j2bhflZGFUZOoIf1YOBAm37kEUOKR41ieUZm7ZJ/ugc-photo-ap-southeast-1-581603780057-acd24e232f75f09e/ACCOMMODATION/61259836_ACCOMMODATION_1530011808905_bf730e1e86fa02f5?_src=imagekit&tr=c-at_max,h-100,q-40,w-100",,,,,,,,,,,,,,,,,,,
https://www.traveloka.com/id-id/user/review/consumption/HOTEL/GENERAL/3000020009559,11,25,"Keren dan pengen balik lagi, hotelnya strategis di bawah mal dan dekat tempat kuliner 👍🏻",Diulas 411 minggu lalu,"https://ik.imagekit.io/tvlk/ugc-review/guys1L+Yyer9kzI3sp-pb0CG1j2bhflZGFUZOoIf1YOBAm37kEUOKR41ieUZm7ZJ/ugc-photo-ap-southeast-1-581603780057-acd24e232f75f09e/ACCOMMODATION/5104732_ACCOMMODATION_1529994399576_1b7fbea55a121709?_src=imagekit&tr=c-at_max,h-100,q-40,w-100",,,,,,,,,,,,,,,,,,,
https://www.traveloka.com/id-id/user/review/consumption/HOTEL/GENERAL/3000020009559,11,26,"Saat datang check-in harus menunggu kamarnya siap padahal saya dtgnya telat tapi resepsionisnya ramah and langsung mengantarkan welcome drink di tempat kami menunggu. Kamar: sesuai request, bersih and luas ada sofanya walaupun tidak empuk. Kamar mandi: bersih, sabun habis langsung cekatan di isi baru, Kurang hanya 1 tidak ada shower cap. Sarapan: enak. Banyak pilihan. Saya menit omelet langsung dibuatkan and diantar ke meja makan. Pelayan ramah-ramah and mau diajak ngobrol/ditanya-tanya. Tempat berdampingan dengan mal 23 paskal, Kuliner and oleh-oleh and stasiun KA cocok untuk yang mau check-out pagi.",Diulas 411 minggu lalu,"https://ik.imagekit.io/tvlk/ugc-review/guys1L+Yyer9kzI3sp-pb0CG1j2bhflZGFUZOoIf1YOBAm37kEUOKR41ieUZm7ZJ/ugc-photo-ap-southeast-1-581603780057-acd24e232f75f09e/ACCOMMODATION/0_ACCOMMODATION_1529927545298_a6eaf328ce39f163?_src=imagekit&tr=c-at_max,h-100,q-40,w-100","https://ik.imagekit.io/tvlk/ugc-review/guys1L+Yyer9kzI3sp-pb0CG1j2bhflZGFUZOoIf1YOBAm37kEUOKR41ieUZm7ZJ/ugc-photo-ap-southeast-1-581603780057-acd24e232f75f09e/ACCOMMODATION/0_ACCOMMODATION_1529927355648_4cc4850afabb4435?_src=imagekit&tr=c-at_max,h-100,q-40,w-100","https://ik.imagekit.io/tvlk/ugc-review/guys1L+Yyer9kzI3sp-pb0CG1j2bhflZGFUZOoIf1YOBAm37kEUOKR41ieUZm7ZJ/ugc-photo-ap-southeast-1-581603780057-acd24e232f75f09e/ACCOMMODATION/0_ACCOMMODATION_1529927499307_65107fc0cef3fa25?_src=imagekit&tr=c-at_max,h-100,q-40,w-100","https://ik.imagekit.io/tvlk/ugc-review/guys1L+Yyer9kzI3sp-pb0CG1j2bhflZGFUZOoIf1YOBAm37kEUOKR41ieUZm7ZJ/ugc-photo-ap-southeast-1-581603780057-acd24e232f75f09e/ACCOMMODATION/0_ACCOMMODATION_1529927469757_269f84397341fe01?_src=imagekit&tr=c-at_max,h-100,q-40,w-100","https://ik.imagekit.io/tvlk/ugc-review/guys1L+Yyer9kzI3sp-pb0CG1j2bhflZGFUZOoIf1YOBAm37kEUOKR41ieUZm7ZJ/ugc-photo-ap-southeast-1-581603780057-acd24e232f75f09e/ACCOMMODATION/0_ACCOMMODATION_1529928160542_8ebc44f1da9a3dab?_src=imagekit&tr=c-at_max,h-100,q-40,w-100",,,,,,,,,,,,,,,
https://www.traveloka.com/id-id/user/review/consumption/HOTEL/GENERAL/3000020009559,11,27,Kesan pertama menginap disini sangat mengesankan. Bersih pelayanan ramah dan memuaskan.,Diulas 411 minggu lalu,"https://ik.imagekit.io/tvlk/ugc-review/guys1L+Yyer9kzI3sp-pb0CG1j2bhflZGFUZOoIf1YOBAm37kEUOKR41ieUZm7ZJ/ugc-photo-ap-southeast-1-581603780057-acd24e232f75f09e/ACCOMMODATION/9246569_ACCOMMODATION_1529797882347_b28800f3b2f35639?_src=imagekit&tr=c-at_max,h-100,q-40,w-100","https://ik.imagekit.io/tvlk/ugc-review/guys1L+Yyer9kzI3sp-pb0CG1j2bhflZGFUZOoIf1YOBAm37kEUOKR41ieUZm7ZJ/ugc-photo-ap-southeast-1-581603780057-acd24e232f75f09e/ACCOMMODATION/9246569_ACCOMMODATION_1529797882347_c5254458ee24263f?_src=imagekit&tr=c-at_max,h-100,q-40,w-100","https://ik.imagekit.io/tvlk/ugc-review/guys1L+Yyer9kzI3sp-pb0CG1j2bhflZGFUZOoIf1YOBAm37kEUOKR41ieUZm7ZJ/ugc-photo-ap-southeast-1-581603780057-acd24e232f75f09e/ACCOMMODATION/9246569_ACCOMMODATION_1529797882348_000ff4807d275eab?_src=imagekit&tr=c-at_max,h-100,q-40,w-100","https://ik.imagekit.io/tvlk/ugc-review/guys1L+Yyer9kzI3sp-pb0CG1j2bhflZGFUZOoIf1YOBAm37kEUOKR41ieUZm7ZJ/ugc-photo-ap-southeast-1-581603780057-acd24e232f75f09e/ACCOMMODATION/9246569_ACCOMMODATION_1529797882349_7562267ac81b009b?_src=imagekit&tr=c-at_max,h-100,q-40,w-100",,,,,,,,,,,,,,,,
https://www.traveloka.com/id-id/user/review/consumption/HOTEL/GENERAL/3000020009559,11,28,"Mantap banget, lokasi strategis dekat mal pusat kuliner, fasilitas okeh, bersih rapi, stafnya ramah baik semua good service, rarah ditemuin di tempat lain nih staf-stafnya kompak semua tidak ada yang cemberut semuanya senyum mantaplah. cuma WiFi kamar and AC kamar saja yang kurang kencang, Yang lainnya oke.",Diulas 411 minggu lalu,"https://ik.imagekit.io/tvlk/ugc-review/guys1L+Yyer9kzI3sp-pb0CG1j2bhflZGFUZOoIf1YOBAm37kEUOKR41ieUZm7ZJ/ugc-photo-ap-southeast-1-581603780057-acd24e232f75f09e/ACCOMMODATION/9961700_ACCOMMODATION_1529718593752_25ea745f0f0379e0?_src=imagekit&tr=c-at_max,h-100,q-40,w-100","https://ik.imagekit.io/tvlk/ugc-review/guys1L+Yyer9kzI3sp-pb0CG1j2bhflZGFUZOoIf1YOBAm37kEUOKR41ieUZm7ZJ/ugc-photo-ap-southeast-1-581603780057-acd24e232f75f09e/ACCOMMODATION/9961700_ACCOMMODATION_1529718593752_726ea092dae07569?_src=imagekit&tr=c-at_max,h-100,q-40,w-100","https://ik.imagekit.io/tvlk/ugc-review/guys1L+Yyer9kzI3sp-pb0CG1j2bhflZGFUZOoIf1YOBAm37kEUOKR41ieUZm7ZJ/ugc-photo-ap-southeast-1-581603780057-acd24e232f75f09e/ACCOMMODATION/9961700_ACCOMMODATION_1529718593753_df795c2b7bd44e9b?_src=imagekit&tr=c-at_max,h-100,q-40,w-100",,,,,,,,,,,,,,,,,
https://www.traveloka.com/id-id/user/review/consumption/HOTEL/GENERAL/3000020009559,11,29,"Sangat direkomendasikan tinggi dan harga sepadan! Hotel ini baru, maka kebersihannya masih sangat bagus. Akan kembali ke YELLO jika mengunjungi Bandung lagi.",Diulas 411 minggu lalu,"https://ik.imagekit.io/tvlk/ugc-review/guys1L+Yyer9kzI3sp-pb0CG1j2bhflZGFUZOoIf1YOBAm37kEUOKR41ieUZm7ZJ/ugc-photo-ap-southeast-1-581603780057-acd24e232f75f09e/ACCOMMODATION/6785565_ACCOMMODATION_1529641311453_df56f1067ca4f7e9?_src=imagekit&tr=c-at_max,h-100,q-40,w-100","https://ik.imagekit.io/tvlk/ugc-review/guys1L+Yyer9kzI3sp-pb0CG1j2bhflZGFUZOoIf1YOBAm37kEUOKR41ieUZm7ZJ/ugc-photo-ap-southeast-1-581603780057-acd24e232f75f09e/ACCOMMODATION/6785565_ACCOMMODATION_1529641311453_db2b6a06d6188ff4?_src=imagekit&tr=c-at_max,h-100,q-40,w-100",,,,,,,,,,,,,,,,,,
https://www.traveloka.com/id-id/user/review/consumption/HOTEL/GENERAL/3000020009559,11,30,"Saya menginap di Yello hotel bersama keluarga, sangat direkomendasikan untuk exterior, lobby, interior, breakfast menunya variant rasanya juga oke. Pokoknya terletak di rooftop view-nya oke dan lokasi yang strategis pas diatasi mal paskal-paskal recommended untuk keluarga, saya akan stay lagi next time.",Diulas 411 minggu lalu,"https://ik.imagekit.io/tvlk/ugc-review/guys1L+Yyer9kzI3sp-pb0CG1j2bhflZGFUZOoIf1YOBAm37kEUOKR41ieUZm7ZJ/ugc-photo-ap-southeast-1-581603780057-acd24e232f75f09e/ACCOMMODATION/15988738_ACCOMMODATION_1529637377199_cd5a4a2b8573a8ec?_src=imagekit&tr=c-at_max,h-100,q-40,w-100","https://ik.imagekit.io/tvlk/ugc-review/guys1L+Yyer9kzI3sp-pb0CG1j2bhflZGFUZOoIf1YOBAm37kEUOKR41ieUZm7ZJ/ugc-photo-ap-southeast-1-581603780057-acd24e232f75f09e/ACCOMMODATION/15988738_ACCOMMODATION_1529637377200_1b49b6193e8c9e89?_src=imagekit&tr=c-at_max,h-100,q-40,w-100",,,,,,,,,,,,,,,,,,
https://www.traveloka.com/id-id/user/review/consumption/HOTEL/GENERAL/3000020009559,11,31,"The services are great... check-in cepat, bahkan seharusnya check-in jam 2, tapi karena sudah datang jam 12 siang, awalnya hanya mau titip tas dulu, hotel sudah dibolehin check-in, sarapannya juga oke, walaupun kurang banyak varian, swimming poolnya keren, lokasi strategis banget, turun ke bawah sudah langsung mal, dekat Paskal food market juga. Keep a good service Yello.",Diulas 411 minggu lalu,"https://ik.imagekit.io/tvlk/ugc-review/guys1L+Yyer9kzI3sp-pb0CG1j2bhflZGFUZOoIf1YOBAm37kEUOKR41ieUZm7ZJ/ugc-photo-ap-southeast-1-581603780057-acd24e232f75f09e/ACCOMMODATION/15078590_ACCOMMODATION_1529421764270_85923b503bd10756?_src=imagekit&tr=c-at_max,h-100,q-40,w-100","https://ik.imagekit.io/tvlk/ugc-review/guys1L+Yyer9kzI3sp-pb0CG1j2bhflZGFUZOoIf1YOBAm37kEUOKR41ieUZm7ZJ/ugc-photo-ap-southeast-1-581603780057-acd24e232f75f09e/ACCOMMODATION/15078590_ACCOMMODATION_1529421764271_865063e17c95b847?_src=imagekit&tr=c-at_max,h-100,q-40,w-100","https://ik.imagekit.io/tvlk/ugc-review/guys1L+Yyer9kzI3sp-pb0CG1j2bhflZGFUZOoIf1YOBAm37kEUOKR41ieUZm7ZJ/ugc-photo-ap-southeast-1-581603780057-acd24e232f75f09e/ACCOMMODATION/15078590_ACCOMMODATION_1529421764271_9388ec6ee1fda625?_src=imagekit&tr=c-at_max,h-100,q-40,w-100","https://ik.imagekit.io/tvlk/ugc-review/guys1L+Yyer9kzI3sp-pb0CG1j2bhflZGFUZOoIf1YOBAm37kEUOKR41ieUZm7ZJ/ugc-photo-ap-southeast-1-581603780057-acd24e232f75f09e/ACCOMMODATION/15078590_ACCOMMODATION_1529421764272_4f52f2908adc8bb0?_src=imagekit&tr=c-at_max,h-100,q-40,w-100",,,,,,,,,,,,,,,,
https://www.traveloka.com/id-id/user/review/consumption/HOTEL/GENERAL/3000020009559,11,32,"Nyaman banget di bawahnya langsung mal, ada gamai stationnya, pelayan ramah, cuma sarapan kurang bervariasi, tapi semuanya oke kok. Tapi hotel ini bakalan jadi favorite saya kalau lagi ke Bandung.",Diulas 411 minggu lalu,"https://ik.imagekit.io/tvlk/ugc-review/guys1L+Yyer9kzI3sp-pb0CG1j2bhflZGFUZOoIf1YOBAm37kEUOKR41ieUZm7ZJ/ugc-photo-ap-southeast-1-581603780057-acd24e232f75f09e/ACCOMMODATION/21307503_ACCOMMODATION_1529415050155_3e8dc9cffbb8bdab?_src=imagekit&tr=c-at_max,h-100,q-40,w-100","https://ik.imagekit.io/tvlk/ugc-review/guys1L+Yyer9kzI3sp-pb0CG1j2bhflZGFUZOoIf1YOBAm37kEUOKR41ieUZm7ZJ/ugc-photo-ap-southeast-1-581603780057-acd24e232f75f09e/ACCOMMODATION/21307503_ACCOMMODATION_1529415050156_d325b776c92129df?_src=imagekit&tr=c-at_max,h-100,q-40,w-100","https://ik.imagekit.io/tvlk/ugc-review/guys1L+Yyer9kzI3sp-pb0CG1j2bhflZGFUZOoIf1YOBAm37kEUOKR41ieUZm7ZJ/ugc-photo-ap-southeast-1-581603780057-acd24e232f75f09e/ACCOMMODATION/21307503_ACCOMMODATION_1529415050156_754788dab80278f7?_src=imagekit&tr=c-at_max,h-100,q-40,w-100","https://ik.imagekit.io/tvlk/ugc-review/guys1L+Yyer9kzI3sp-pb0CG1j2bhflZGFUZOoIf1YOBAm37kEUOKR41ieUZm7ZJ/ugc-photo-ap-southeast-1-581603780057-acd24e232f75f09e/ACCOMMODATION/21307503_ACCOMMODATION_1529415050157_25033d56c41b82a7?_src=imagekit&tr=c-at_max,h-100,q-40,w-100","https://ik.imagekit.io/tvlk/ugc-review/guys1L+Yyer9kzI3sp-pb0CG1j2bhflZGFUZOoIf1YOBAm37kEUOKR41ieUZm7ZJ/ugc-photo-ap-southeast-1-581603780057-acd24e232f75f09e/ACCOMMODATION/21307503_ACCOMMODATION_1529415050157_b56fca90fd97f8d8?_src=imagekit&tr=c-at_max,h-100,q-40,w-100","https://ik.imagekit.io/tvlk/ugc-review/guys1L+Yyer9kzI3sp-pb0CG1j2bhflZGFUZOoIf1YOBAm37kEUOKR41ieUZm7ZJ/ugc-photo-ap-southeast-1-581603780057-acd24e232f75f09e/ACCOMMODATION/21307503_ACCOMMODATION_1529415050157_04d3e98cbdde4dab?_src=imagekit&tr=c-at_max,h-100,q-40,w-100",,,,,,,,,,,,,,
https://www.traveloka.com/id-id/user/review/consumption/HOTEL/GENERAL/3000020009559,11,33,"Saya booking 3 kamar standard untuk libur sekeluarga besar saat lebaran hari pertama. Sehari sebelumnya kami berlibur di Lembang kemudian turun ke Bandung. Saat check-in sekitar jam 13.00 baru 1 kamar double bed yang ready, Dua kamar lainnya masih dibersihkan, kami disuruh menunggu. Kami putuskan makan siang di Food court dekat hotel sambil menunggu kamar dibersihkan. Sekitar jam 15.30 kami kembali, 1 kamar twin bed masih dibersihkan dan kami masih harus menunggu sekitar 30 menit lagi baru bisa check-in semuanya. Kesal juga kelamaan nunggu sekitar 3 jam. Kasihan beberapa keponakan saya yang masih kecil sangat kecapekan menunggu kamarnya ready. Berkali-kali dikomplain, berkali-kali juga petugas hotel minta maaf dengan sikap yang ramah dan sopan. Senyum dan keramahan resepsionis lumayan meredam kekecewaan kami atas ketidaknyamanan di awal kedatangan kami. Suasana di kamar lumayan bagus, bersih, AC dinginnya pas, water heater tersedia jadi kami bisa bikin segelas teh panas manis untuk meredakan keletihan menunggu check-in kelamaan. Hotel baru, Masih agak tercium bau cat dan karpet, kakak saya yang punya asma agak sensitif hidungnya Bed, bantal dan sprei serta handuk putih bersih. Tapi tidak ada tempat sampah dan facial tissue di beedroom, masa mau buang sampah harus ke kamar mandi dan ngelap wajah pake tissue toilet? Kamar mandi bersih dan wangi, walaupun sempit. Ruangan tidak kedap suara, Sejak malam sampai siang kamar sebelah bayinya sering nangis menjerit-jerit kedengaran sampai kamar kami di 812. Sejak awal, Saya pesan hotel ini karena ada kolam renangnya, Renang tidak sampai 1 jam kepala jadi pusing dan sempat keliyengan. Malamnya niat mau Nobar Piala Dunia, Ternyata layar Travelokanya di restoran dan harus bayar 50 ribu/orang. 9 orang pengen nobar, males saja kena additional charge lagi. Mau nonton di kamar, Channel TV lokal yang menyiarkan Piala Dunia diblokir. Kecewa lagi deh. Untungnya keponakan saya yang 5 orang lumayan terhibur dengan adanya ruang Game On di lantai 4. Letak hotel lumayan strategis, Bisa jalan-jalan di mal Paskal-paskali3 yang terletak di lantai 1 gedung, dan ke pusat perbelanjaan seperti Dago dan Cihampelas juga tidak terlalu jauh. Petugas parkir dan petugas di pintu masuk lumayan ramah. Breakfast lumayan enak walaupun masih kurang lengkap dibanding hotel lain yang se-group dengan hotel ini. Saat breakfast, Kelebihan orang kena charge 80 ribu/orang dewasa dan 40 ribu/anak di atas 6 tahun. Lumayanlah saat peak season. Beberapa ruangan dengan spot lumayan oke dan unik untuk foto-foto, Asyik untuk liburan keluarga. Secara keseluruhan, kualitas sebanding harga. Not bad. Recommended.",Diulas 411 minggu lalu,"https://ik.imagekit.io/tvlk/ugc-review/guys1L+Yyer9kzI3sp-pb0CG1j2bhflZGFUZOoIf1YOBAm37kEUOKR41ieUZm7ZJ/ugc-photo-ap-southeast-1-581603780057-acd24e232f75f09e/ACCOMMODATION/56748481_ACCOMMODATION_1529271257409_039aab38c4fb4d3a?_src=imagekit&tr=c-at_max,h-80,q-40,w-80","https://ik.imagekit.io/tvlk/ugc-review/guys1L+Yyer9kzI3sp-pb0CG1j2bhflZGFUZOoIf1YOBAm37kEUOKR41ieUZm7ZJ/ugc-photo-ap-southeast-1-581603780057-acd24e232f75f09e/ACCOMMODATION/56748481_ACCOMMODATION_1529271257410_54c079ef55712b24?_src=imagekit&tr=c-at_max,h-80,q-40,w-80","https://ik.imagekit.io/tvlk/ugc-review/guys1L+Yyer9kzI3sp-pb0CG1j2bhflZGFUZOoIf1YOBAm37kEUOKR41ieUZm7ZJ/ugc-photo-ap-southeast-1-581603780057-acd24e232f75f09e/ACCOMMODATION/56748481_ACCOMMODATION_1529271257410_fb1ce411e1960bfd?_src=imagekit&tr=c-at_max,h-80,q-40,w-80","https://ik.imagekit.io/tvlk/ugc-review/guys1L+Yyer9kzI3sp-pb0CG1j2bhflZGFUZOoIf1YOBAm37kEUOKR41ieUZm7ZJ/ugc-photo-ap-southeast-1-581603780057-acd24e232f75f09e/ACCOMMODATION/56748481_ACCOMMODATION_1529271257411_7b361264b8fe8b97?_src=imagekit&tr=c-at_max,h-80,q-40,w-80","https://ik.imagekit.io/tvlk/ugc-review/guys1L+Yyer9kzI3sp-pb0CG1j2bhflZGFUZOoIf1YOBAm37kEUOKR41ieUZm7ZJ/ugc-photo-ap-southeast-1-581603780057-acd24e232f75f09e/ACCOMMODATION/56748481_ACCOMMODATION_1529271257411_d73aa131fcce658e?_src=imagekit&tr=c-at_max,h-80,q-40,w-80","https://ik.imagekit.io/tvlk/ugc-review/guys1L+Yyer9kzI3sp-pb0CG1j2bhflZGFUZOoIf1YOBAm37kEUOKR41ieUZm7ZJ/ugc-photo-ap-southeast-1-581603780057-acd24e232f75f09e/ACCOMMODATION/56748481_ACCOMMODATION_1529271257412_b8a82dd72218685b?_src=imagekit&tr=c-at_max,h-80,q-40,w-80","https://ik.imagekit.io/tvlk/ugc-review/guys1L+Yyer9kzI3sp-pb0CG1j2bhflZGFUZOoIf1YOBAm37kEUOKR41ieUZm7ZJ/ugc-photo-ap-southeast-1-581603780057-acd24e232f75f09e/ACCOMMODATION/56748481_ACCOMMODATION_1529271257412_69c38a86beea64db?_src=imagekit&tr=c-at_max,h-80,q-40,w-80","https://ik.imagekit.io/tvlk/ugc-review/guys1L+Yyer9kzI3sp-pb0CG1j2bhflZGFUZOoIf1YOBAm37kEUOKR41ieUZm7ZJ/ugc-photo-ap-southeast-1-581603780057-acd24e232f75f09e/ACCOMMODATION/56748481_ACCOMMODATION_1529271257413_d691704b15c1798e?_src=imagekit&tr=c-at_max,h-80,q-40,w-80","https://ik.imagekit.io/tvlk/ugc-review/guys1L+Yyer9kzI3sp-pb0CG1j2bhflZGFUZOoIf1YOBAm37kEUOKR41ieUZm7ZJ/ugc-photo-ap-southeast-1-581603780057-acd24e232f75f09e/ACCOMMODATION/56748481_ACCOMMODATION_1529271257413_ef95e3cbd8408061?_src=imagekit&tr=c-at_max,h-80,q-40,w-80","https://ik.imagekit.io/tvlk/ugc-review/guys1L+Yyer9kzI3sp-pb0CG1j2bhflZGFUZOoIf1YOBAm37kEUOKR41ieUZm7ZJ/ugc-photo-ap-southeast-1-581603780057-acd24e232f75f09e/ACCOMMODATION/56748481_ACCOMMODATION_1529271257413_a341a67a09123238?_src=imagekit&tr=c-at_max,h-80,q-40,w-80",,,,,,,,,,
https://www.traveloka.com/id-id/user/review/consumption/HOTEL/GENERAL/3000020009559,11,34,"Untuk keseluruhan hotel bagus, kekinian dan keren banget karena gedung sebelahan dengan mal 23 paskal jadi gampang mau cari makanan apa saja dan bisa sekalian ngemall. Tapi pihal hotel tidak kasih tahu kalau ada voucher gratis untuk parkirnya, karena parkirnya gabung dengan mal paskal, 1 nanti kalau mau menginap jangan lupa minta voucher parkir ya. biar pas kita keluar lokasi sudah gratis, kalau tidak bisa bisa kena biaya parkir hampir 100 ribu. Tapi intinya hotelnya bagus.",Diulas 411 minggu lalu,"https://ik.imagekit.io/tvlk/ugc-review/guys1L+Yyer9kzI3sp-pb0CG1j2bhflZGFUZOoIf1YOBAm37kEUOKR41ieUZm7ZJ/ugc-photo-ap-southeast-1-581603780057-acd24e232f75f09e/ACCOMMODATION/63747489_ACCOMMODATION_1529390866331_83b78caba1001c29?_src=imagekit&tr=c-at_max,h-100,q-40,w-100","https://ik.imagekit.io/tvlk/ugc-review/guys1L+Yyer9kzI3sp-pb0CG1j2bhflZGFUZOoIf1YOBAm37kEUOKR41ieUZm7ZJ/ugc-photo-ap-southeast-1-581603780057-acd24e232f75f09e/ACCOMMODATION/63747489_ACCOMMODATION_1529390866331_49df55f11705bed7?_src=imagekit&tr=c-at_max,h-100,q-40,w-100",,,,,,,,,,,,,,,,,,
https://www.traveloka.com/id-id/user/review/consumption/HOTEL/GENERAL/3000020009559,11,35,"Hotel terjangkau lainnya di Bandung.
Pro:
❤️ Harga kamar mulai dari IDR.384K
❤️ Hotel nyaman di atas Paskal 23
❤️ dekat Pasar Makanan Paskal
❤️ 5 menit dari Stasiun Kereta Bandung
❤️ Kamar luas dan bersih dengan pembuat teh
❤️ Kamar terhubung tersedia di req
❤️ Tempat tidur yang nyaman dan halus
❤️ tempat Instagramable
❤️ Mural yang mengagumkan
❤️ Host yang ramah.
Cons:
Pool Kolam renangnya kecil + standar dan desainnya begitu bagus tapi pemandangannya bagus
💔 Sarapan cukup standar.
Kami menikmati setiap detik dan merekomendasikan hotel ini. Suka!",Diulas 412 minggu lalu,"https://ik.imagekit.io/tvlk/ugc-review/guys1L+Yyer9kzI3sp-pb0CG1j2bhflZGFUZOoIf1YOBAm37kEUOKR41ieUZm7ZJ/ugc-photo-ap-southeast-1-581603780057-acd24e232f75f09e/ACCOMMODATION/14993200_ACCOMMODATION_1529296624528_43c68321abc0686b?_src=imagekit&tr=c-at_max,h-80,q-40,w-80","https://ik.imagekit.io/tvlk/ugc-review/guys1L+Yyer9kzI3sp-pb0CG1j2bhflZGFUZOoIf1YOBAm37kEUOKR41ieUZm7ZJ/ugc-photo-ap-southeast-1-581603780057-acd24e232f75f09e/ACCOMMODATION/14993200_ACCOMMODATION_1529296624529_51dc2b7e4a619f82?_src=imagekit&tr=c-at_max,h-80,q-40,w-80","https://ik.imagekit.io/tvlk/ugc-review/guys1L+Yyer9kzI3sp-pb0CG1j2bhflZGFUZOoIf1YOBAm37kEUOKR41ieUZm7ZJ/ugc-photo-ap-southeast-1-581603780057-acd24e232f75f09e/ACCOMMODATION/14993200_ACCOMMODATION_1529296624529_6510c2ae9646654b?_src=imagekit&tr=c-at_max,h-80,q-40,w-80","https://ik.imagekit.io/tvlk/ugc-review/guys1L+Yyer9kzI3sp-pb0CG1j2bhflZGFUZOoIf1YOBAm37kEUOKR41ieUZm7ZJ/ugc-photo-ap-southeast-1-581603780057-acd24e232f75f09e/ACCOMMODATION/14993200_ACCOMMODATION_1529296624529_f12ea7aeba09f1bc?_src=imagekit&tr=c-at_max,h-80,q-40,w-80","https://ik.imagekit.io/tvlk/ugc-review/guys1L+Yyer9kzI3sp-pb0CG1j2bhflZGFUZOoIf1YOBAm37kEUOKR41ieUZm7ZJ/ugc-photo-ap-southeast-1-581603780057-acd24e232f75f09e/ACCOMMODATION/14993200_ACCOMMODATION_1529296624530_53bea0bef20d93af?_src=imagekit&tr=c-at_max,h-80,q-40,w-80","https://ik.imagekit.io/tvlk/ugc-review/guys1L+Yyer9kzI3sp-pb0CG1j2bhflZGFUZOoIf1YOBAm37kEUOKR41ieUZm7ZJ/ugc-photo-ap-southeast-1-581603780057-acd24e232f75f09e/ACCOMMODATION/14993200_ACCOMMODATION_1529296624530_4c796869a79e5ae4?_src=imagekit&tr=c-at_max,h-80,q-40,w-80","https://ik.imagekit.io/tvlk/ugc-review/guys1L+Yyer9kzI3sp-pb0CG1j2bhflZGFUZOoIf1YOBAm37kEUOKR41ieUZm7ZJ/ugc-photo-ap-southeast-1-581603780057-acd24e232f75f09e/ACCOMMODATION/14993200_ACCOMMODATION_1529296624531_3c2f142bf5dca416?_src=imagekit&tr=c-at_max,h-80,q-40,w-80",,,,,,,,,,,,,
https://www.traveloka.com/id-id/user/review/consumption/HOTEL/GENERAL/3000020009559,11,36,"Kamar bersih, rapi dan cukup nyaman.",Diulas 412 minggu lalu,"https://ik.imagekit.io/tvlk/ugc-review/guys1L+Yyer9kzI3sp-pb0CG1j2bhflZGFUZOoIf1YOBAm37kEUOKR41ieUZm7ZJ/ugc-photo-ap-southeast-1-581603780057-acd24e232f75f09e/ACCOMMODATION/41656348_ACCOMMODATION_1529316014912_bea18ec7e55fbd35?_src=imagekit&tr=c-at_max,h-100,q-40,w-100",,,,,,,,,,,,,,,,,,,
https://www.traveloka.com/id-id/user/review/consumption/HOTEL/GENERAL/3000020009559,11,37,"Bersih, nyaman, designnya bagus, ada game centrenya.",Diulas 412 minggu lalu,"https://ik.imagekit.io/tvlk/ugc-review/guys1L+Yyer9kzI3sp-pb0CG1j2bhflZGFUZOoIf1YOBAm37kEUOKR41ieUZm7ZJ/ugc-photo-ap-southeast-1-581603780057-acd24e232f75f09e/ACCOMMODATION/46614920_ACCOMMODATION_1529298704432_9668cfd0b0ffbb79?_src=imagekit&tr=c-at_max,h-100,q-40,w-100","https://ik.imagekit.io/tvlk/ugc-review/guys1L+Yyer9kzI3sp-pb0CG1j2bhflZGFUZOoIf1YOBAm37kEUOKR41ieUZm7ZJ/ugc-photo-ap-southeast-1-581603780057-acd24e232f75f09e/ACCOMMODATION/46614920_ACCOMMODATION_1529298704433_7abe0365abe562e9?_src=imagekit&tr=c-at_max,h-100,q-40,w-100",,,,,,,,,,,,,,,,,,
https://www.traveloka.com/id-id/user/review/consumption/HOTEL/GENERAL/3000020009559,11,38,"Hotel tergolong baru 1 bulan jadi masih serba baru, desain unik, AC dingin sekali, kamar bersih dan hotel connecting dengan paskal hypersquar. Ada fasilitas game on buat anak-anak, semuanya TOP deh ada kolam renang di rooftop bisa melihat keindahan kota Bandung",Diulas 412 minggu lalu,"https://ik.imagekit.io/tvlk/ugc-review/guys1L+Yyer9kzI3sp-pb0CG1j2bhflZGFUZOoIf1YOBAm37kEUOKR41ieUZm7ZJ/ugc-photo-ap-southeast-1-581603780057-acd24e232f75f09e/ACCOMMODATION/11903746_ACCOMMODATION_1529247478240_7d8b7786b6e9c58c?_src=imagekit&tr=c-at_max,h-100,q-40,w-100",,,,,,,,,,,,,,,,,,,
https://www.traveloka.com/id-id/user/review/consumption/HOTEL/GENERAL/3000020009559,11,39,"Pertama kali menginap di Yello paskal, overall baik, tapi ada beberapa kekurangan: parkir yang masih belum jelas, menyatu dengan mal. akses masuk hotel yang masih banyak yang belum tahu. karyawan tidak nice. Untuk kamar. Bersih, rapi, nyaman. AC dingin, toilet bersih, kasur sangat nyaman. Pelayanan receptionis sangat membantu. Recommended buat orang yang mau menginap sambil belanja. Tinggal turun kebawah sudah masuk mal 23 paskal.",Diulas 412 minggu lalu,"https://ik.imagekit.io/tvlk/ugc-review/guys1L+Yyer9kzI3sp-pb0CG1j2bhflZGFUZOoIf1YOBAm37kEUOKR41ieUZm7ZJ/ugc-photo-ap-southeast-1-581603780057-acd24e232f75f09e/ACCOMMODATION/7969949_ACCOMMODATION_1529170331571_64a7a8db242d47f0?_src=imagekit&tr=c-at_max,h-100,q-40,w-100","https://ik.imagekit.io/tvlk/ugc-review/guys1L+Yyer9kzI3sp-pb0CG1j2bhflZGFUZOoIf1YOBAm37kEUOKR41ieUZm7ZJ/ugc-photo-ap-southeast-1-581603780057-acd24e232f75f09e/ACCOMMODATION/7969949_ACCOMMODATION_1529170331571_25da1fc9e1073f10?_src=imagekit&tr=c-at_max,h-100,q-40,w-100","https://ik.imagekit.io/tvlk/ugc-review/guys1L+Yyer9kzI3sp-pb0CG1j2bhflZGFUZOoIf1YOBAm37kEUOKR41ieUZm7ZJ/ugc-photo-ap-southeast-1-581603780057-acd24e232f75f09e/ACCOMMODATION/7969949_ACCOMMODATION_1529170331572_a46b8571a9ce7f01?_src=imagekit&tr=c-at_max,h-100,q-40,w-100","https://ik.imagekit.io/tvlk/ugc-review/guys1L+Yyer9kzI3sp-pb0CG1j2bhflZGFUZOoIf1YOBAm37kEUOKR41ieUZm7ZJ/ugc-photo-ap-southeast-1-581603780057-acd24e232f75f09e/ACCOMMODATION/7969949_ACCOMMODATION_1529170331572_a59c19c911a46eb8?_src=imagekit&tr=c-at_max,h-100,q-40,w-100","https://ik.imagekit.io/tvlk/ugc-review/guys1L+Yyer9kzI3sp-pb0CG1j2bhflZGFUZOoIf1YOBAm37kEUOKR41ieUZm7ZJ/ugc-photo-ap-southeast-1-581603780057-acd24e232f75f09e/ACCOMMODATION/7969949_ACCOMMODATION_1529170331572_59d37bec3ff348e0?_src=imagekit&tr=c-at_max,h-100,q-40,w-100",,,,,,,,,,,,,,,
https://www.traveloka.com/id-id/user/review/consumption/HOTEL/GENERAL/3000020009559,11,40,"Pelayanan yang sangat baik, tanggap dan ramah. Tempat yang strategis dekat dengan stasiun juga, fasilitasnya lengkap. Liburan dan menginap di Yello benar-benar bikin liburannya kenyang juga tidak perlu takut kena macet kota bandung, karena semuanya sudah tersedia dalam 1 lokasi. Love it, pasti akan jadi tempat favourit kami tiap berlibur di Bandung.",Diulas 412 minggu lalu,"https://ik.imagekit.io/tvlk/ugc-review/guys1L+Yyer9kzI3sp-pb0CG1j2bhflZGFUZOoIf1YOBAm37kEUOKR41ieUZm7ZJ/ugc-photo-ap-southeast-1-581603780057-acd24e232f75f09e/ACCOMMODATION/3135160_ACCOMMODATION_1528952524618_796cf7e27e22f7e6?_src=imagekit&tr=c-at_max,h-100,q-40,w-100","https://ik.imagekit.io/tvlk/ugc-review/guys1L+Yyer9kzI3sp-pb0CG1j2bhflZGFUZOoIf1YOBAm37kEUOKR41ieUZm7ZJ/ugc-photo-ap-southeast-1-581603780057-acd24e232f75f09e/ACCOMMODATION/3135160_ACCOMMODATION_1528947563514_75e238f723cb086b?_src=imagekit&tr=c-at_max,h-100,q-40,w-100","https://ik.imagekit.io/tvlk/ugc-review/guys1L+Yyer9kzI3sp-pb0CG1j2bhflZGFUZOoIf1YOBAm37kEUOKR41ieUZm7ZJ/ugc-photo-ap-southeast-1-581603780057-acd24e232f75f09e/ACCOMMODATION/3135160_ACCOMMODATION_1528952524616_222ddfcf491a61c5?_src=imagekit&tr=c-at_max,h-100,q-40,w-100","https://ik.imagekit.io/tvlk/ugc-review/guys1L+Yyer9kzI3sp-pb0CG1j2bhflZGFUZOoIf1YOBAm37kEUOKR41ieUZm7ZJ/ugc-photo-ap-southeast-1-581603780057-acd24e232f75f09e/ACCOMMODATION/3135160_ACCOMMODATION_1528947563516_d461e739c88b362b?_src=imagekit&tr=c-at_max,h-100,q-40,w-100","https://ik.imagekit.io/tvlk/ugc-review/guys1L+Yyer9kzI3sp-pb0CG1j2bhflZGFUZOoIf1YOBAm37kEUOKR41ieUZm7ZJ/ugc-photo-ap-southeast-1-581603780057-acd24e232f75f09e/ACCOMMODATION/3135160_ACCOMMODATION_1528952524617_2f4f550ab9f1c9fc?_src=imagekit&tr=c-at_max,h-100,q-40,w-100",,,,,,,,,,,,,,,
https://www.traveloka.com/id-id/user/review/consumption/HOTEL/GENERAL/3000020009559,12,1,AC-nya dingin banget. Air panas baik. Pelayanan CS pertama disuruh nunggu lagi cari kamar katanya tidak tahu maksudnya apa setelah nunggu tidak sabar saya datangkan cs kedua. Langsung dilayani dengan cepat. Terima kasih untuk customer service check-in orang kedua. Secara overall bagus. Recommended.,Diulas 412 minggu lalu,"https://ik.imagekit.io/tvlk/ugc-review/guys1L+Yyer9kzI3sp-pb0CG1j2bhflZGFUZOoIf1YOBAm37kEUOKR41ieUZm7ZJ/ugc-photo-ap-southeast-1-581603780057-acd24e232f75f09e/ACCOMMODATION/62806604_ACCOMMODATION_1529072356376_7be8fbebc6bfa217?_src=imagekit&tr=c-at_max,h-100,q-40,w-100","https://ik.imagekit.io/tvlk/ugc-review/guys1L+Yyer9kzI3sp-pb0CG1j2bhflZGFUZOoIf1YOBAm37kEUOKR41ieUZm7ZJ/ugc-photo-ap-southeast-1-581603780057-acd24e232f75f09e/ACCOMMODATION/62806604_ACCOMMODATION_1529072356377_45a5f5cf56fe5086?_src=imagekit&tr=c-at_max,h-100,q-40,w-100","https://ik.imagekit.io/tvlk/ugc-review/guys1L+Yyer9kzI3sp-pb0CG1j2bhflZGFUZOoIf1YOBAm37kEUOKR41ieUZm7ZJ/ugc-photo-ap-southeast-1-581603780057-acd24e232f75f09e/ACCOMMODATION/62806604_ACCOMMODATION_1529072356377_c0c4a75e6489a391?_src=imagekit&tr=c-at_max,h-100,q-40,w-100",,,,,,,,,,,,,,,,,
https://www.traveloka.com/id-id/user/review/consumption/HOTEL/GENERAL/3000020009559,12,2,"Kamarnya simple... Bersih, pelayanannya ramah and prima, makananya enak and rekomendasi untuk berlibur karena bisa langsung belanja di Paskal 23.",Diulas 412 minggu lalu,"https://ik.imagekit.io/tvlk/ugc-review/guys1L+Yyer9kzI3sp-pb0CG1j2bhflZGFUZOoIf1YOBAm37kEUOKR41ieUZm7ZJ/ugc-photo-ap-southeast-1-581603780057-acd24e232f75f09e/ACCOMMODATION/10885001_ACCOMMODATION_1528962284067_72f6af5dd43c3770?_src=imagekit&tr=c-at_max,h-80,q-40,w-80","https://ik.imagekit.io/tvlk/ugc-review/guys1L+Yyer9kzI3sp-pb0CG1j2bhflZGFUZOoIf1YOBAm37kEUOKR41ieUZm7ZJ/ugc-photo-ap-southeast-1-581603780057-acd24e232f75f09e/ACCOMMODATION/10885001_ACCOMMODATION_1528962284068_4781f3c6260f0dd1?_src=imagekit&tr=c-at_max,h-80,q-40,w-80","https://ik.imagekit.io/tvlk/ugc-review/guys1L+Yyer9kzI3sp-pb0CG1j2bhflZGFUZOoIf1YOBAm37kEUOKR41ieUZm7ZJ/ugc-photo-ap-southeast-1-581603780057-acd24e232f75f09e/ACCOMMODATION/10885001_ACCOMMODATION_1528962284069_3aafcb43cf295a26?_src=imagekit&tr=c-at_max,h-80,q-40,w-80","https://ik.imagekit.io/tvlk/ugc-review/guys1L+Yyer9kzI3sp-pb0CG1j2bhflZGFUZOoIf1YOBAm37kEUOKR41ieUZm7ZJ/ugc-photo-ap-southeast-1-581603780057-acd24e232f75f09e/ACCOMMODATION/10885001_ACCOMMODATION_1528962284068_9c6741c6f513cd7b?_src=imagekit&tr=c-at_max,h-80,q-40,w-80","https://ik.imagekit.io/tvlk/ugc-review/guys1L+Yyer9kzI3sp-pb0CG1j2bhflZGFUZOoIf1YOBAm37kEUOKR41ieUZm7ZJ/ugc-photo-ap-southeast-1-581603780057-acd24e232f75f09e/ACCOMMODATION/10885001_ACCOMMODATION_1528962284067_63e49fce994fc901?_src=imagekit&tr=c-at_max,h-80,q-40,w-80","https://ik.imagekit.io/tvlk/ugc-review/guys1L+Yyer9kzI3sp-pb0CG1j2bhflZGFUZOoIf1YOBAm37kEUOKR41ieUZm7ZJ/ugc-photo-ap-southeast-1-581603780057-acd24e232f75f09e/ACCOMMODATION/10885001_ACCOMMODATION_1528962284068_5e27a0ea6758016f?_src=imagekit&tr=c-at_max,h-80,q-40,w-80","https://ik.imagekit.io/tvlk/ugc-review/guys1L+Yyer9kzI3sp-pb0CG1j2bhflZGFUZOoIf1YOBAm37kEUOKR41ieUZm7ZJ/ugc-photo-ap-southeast-1-581603780057-acd24e232f75f09e/ACCOMMODATION/10885001_ACCOMMODATION_1528962284069_acc604c4d2975e4d?_src=imagekit&tr=c-at_max,h-80,q-40,w-80",,,,,,,,,,,,,
https://www.traveloka.com/id-id/user/review/consumption/HOTEL/GENERAL/3000020009559,12,3,"Kolam renangnya luar biasa meski kedalamannya hanya 120 cm, tetapi ditempatkan di atap. Airnya tidak benar-benar mengandung klorin sehingga sangat nyaman. Kamar tidurnya juga bagus, bersih, dan mereka juga punya sofa. Satu hal yang mengganggu tidur saya adalah bantal yang terlalu tebal. Tapi itu masalah pribadi. Saya akan sangat merekomendasikan tempat ini karena di bawah hotel terdapat pusat perbelanjaan dengan banyak restoran, toko pakaian seperti H&#39;nM, Uniqlo, Zara, Pull n Bear, dan mereka bahkan memiliki Sephora juga. Sangat nyaman. Lima bintang 😊",Diulas 413 minggu lalu,"https://ik.imagekit.io/tvlk/ugc-review/guys1L+Yyer9kzI3sp-pb0CG1j2bhflZGFUZOoIf1YOBAm37kEUOKR41ieUZm7ZJ/ugc-photo-ap-southeast-1-581603780057-acd24e232f75f09e/ACCOMMODATION/5025317_ACCOMMODATION_1528778459191_af70d5addfd09a93?_src=imagekit&tr=c-at_max,h-100,q-40,w-100",,,,,,,,,,,,,,,,,,,
https://www.traveloka.com/id-id/user/review/consumption/HOTEL/GENERAL/3000020009559,12,4,"Hotelnya bersih, pelayanan mulai dari resepsionis sampai room service sangat memuaskan, hanya perlu tambahan karpet di lantai kamar. Next ke Bandung Insya Allah menginap di sini lagi 👍",Diulas 413 minggu lalu,"https://ik.imagekit.io/tvlk/ugc-review/guys1L+Yyer9kzI3sp-pb0CG1j2bhflZGFUZOoIf1YOBAm37kEUOKR41ieUZm7ZJ/ugc-photo-ap-southeast-1-581603780057-acd24e232f75f09e/ACCOMMODATION/9074452_ACCOMMODATION_1528691569385_bddc43d0b97bb4b8?_src=imagekit&tr=c-at_max,h-100,q-40,w-100",,,,,,,,,,,,,,,,,,,
https://www.traveloka.com/id-id/user/review/consumption/HOTEL/GENERAL/3000020009559,12,5,"Plusnya: kamar bagus dan design kamarnya keren, enak kalau mau main ke mal dekat. Minusnya: parkirnya di satukan dengan mal tidak ada parkir yang spesial buat tamu hotel dan tidak ada tisu di dalam kamar.",Diulas 413 minggu lalu,"https://ik.imagekit.io/tvlk/ugc-review/guys1L+Yyer9kzI3sp-pb0CG1j2bhflZGFUZOoIf1YOBAm37kEUOKR41ieUZm7ZJ/ugc-photo-ap-southeast-1-581603780057-acd24e232f75f09e/ACCOMMODATION/0_ACCOMMODATION_1528247193513_68a836976f92160a?_src=imagekit&tr=c-at_max,h-100,q-40,w-100",,,,,,,,,,,,,,,,,,,
https://www.traveloka.com/id-id/user/review/consumption/HOTEL/GENERAL/3000020009559,12,6,"Great experience! Tanpa harus keluar dari area hotel, sudah memenuhi semua kebutuhan. Tetapi harus tiba sebelum jam 12 siang agar tidak berebut parkir dengan pengunjung mal. Kamar cukup luas, arististik, dan bersih.",Diulas 413 minggu lalu,"https://ik.imagekit.io/tvlk/ugc-review/guys1L+Yyer9kzI3sp-pb0CG1j2bhflZGFUZOoIf1YOBAm37kEUOKR41ieUZm7ZJ/ugc-photo-ap-southeast-1-581603780057-acd24e232f75f09e/ACCOMMODATION/9167821_ACCOMMODATION_1528607429887_eb3480869dbc5345?_src=imagekit&tr=c-at_max,h-100,q-40,w-100",,,,,,,,,,,,,,,,,,,
https://www.traveloka.com/id-id/user/review/consumption/HOTEL/GENERAL/3000020009559,12,7,"Untuk hotel sangat baik. Pelayanan juga ramah, akses dekat sama mall. Hanya saja kekurangan sedikit di lantai yang sangat berdebu, mohon untuk lebih diperhatikan.",Diulas 413 minggu lalu,"https://ik.imagekit.io/tvlk/ugc-review/guys1L+Yyer9kzI3sp-pb0CG1j2bhflZGFUZOoIf1YOBAm37kEUOKR41ieUZm7ZJ/ugc-photo-ap-southeast-1-581603780057-acd24e232f75f09e/ACCOMMODATION/8097305_ACCOMMODATION_1528371911664_7822d9ed0e11bb2a?_src=imagekit&tr=c-at_max,h-100,q-40,w-100","https://ik.imagekit.io/tvlk/ugc-review/guys1L+Yyer9kzI3sp-pb0CG1j2bhflZGFUZOoIf1YOBAm37kEUOKR41ieUZm7ZJ/ugc-photo-ap-southeast-1-581603780057-acd24e232f75f09e/ACCOMMODATION/8097305_ACCOMMODATION_1528371911665_854592381bb7df13?_src=imagekit&tr=c-at_max,h-100,q-40,w-100",,,,,,,,,,,,,,,,,,
https://www.traveloka.com/id-id/user/review/consumption/HOTEL/GENERAL/3000020009559,12,8,"Bagus, bersih, karena hotel baru juga kali ya, semua petugas ramah, cuma pas datang sabun di toilet habis dan minta dari jam 4 sore jam 8 malam baru di anter, Makanannya juga enak beragam murah juga perporsi 90rban all you can it, anak saya yang kecil juga tidak di hitung, Kolamnya juga bagus bersih di atas roof top gt good lah turun juga ada mall.",Diulas 413 minggu lalu,"https://ik.imagekit.io/tvlk/ugc-review/guys1L+Yyer9kzI3sp-pb0CG1j2bhflZGFUZOoIf1YOBAm37kEUOKR41ieUZm7ZJ/ugc-photo-ap-southeast-1-581603780057-acd24e232f75f09e/ACCOMMODATION/5426899_ACCOMMODATION_1528344382688_859b9ccea85781e5?_src=imagekit&tr=c-at_max,h-100,q-40,w-100","https://ik.imagekit.io/tvlk/ugc-review/guys1L+Yyer9kzI3sp-pb0CG1j2bhflZGFUZOoIf1YOBAm37kEUOKR41ieUZm7ZJ/ugc-photo-ap-southeast-1-581603780057-acd24e232f75f09e/ACCOMMODATION/5426899_ACCOMMODATION_1528344382688_04e01fab52993424?_src=imagekit&tr=c-at_max,h-100,q-40,w-100","https://ik.imagekit.io/tvlk/ugc-review/guys1L+Yyer9kzI3sp-pb0CG1j2bhflZGFUZOoIf1YOBAm37kEUOKR41ieUZm7ZJ/ugc-photo-ap-southeast-1-581603780057-acd24e232f75f09e/ACCOMMODATION/5426899_ACCOMMODATION_1528344382689_80c633fbcd90b150?_src=imagekit&tr=c-at_max,h-100,q-40,w-100","https://ik.imagekit.io/tvlk/ugc-review/guys1L+Yyer9kzI3sp-pb0CG1j2bhflZGFUZOoIf1YOBAm37kEUOKR41ieUZm7ZJ/ugc-photo-ap-southeast-1-581603780057-acd24e232f75f09e/ACCOMMODATION/5426899_ACCOMMODATION_1528344382689_f48c01f146cb778b?_src=imagekit&tr=c-at_max,h-100,q-40,w-100","https://ik.imagekit.io/tvlk/ugc-review/guys1L+Yyer9kzI3sp-pb0CG1j2bhflZGFUZOoIf1YOBAm37kEUOKR41ieUZm7ZJ/ugc-photo-ap-southeast-1-581603780057-acd24e232f75f09e/ACCOMMODATION/5426899_ACCOMMODATION_1528344382689_0413e0232dd60783?_src=imagekit&tr=c-at_max,h-100,q-40,w-100",,,,,,,,,,,,,,,
https://www.traveloka.com/id-id/user/review/consumption/HOTEL/GENERAL/3000020009559,12,9,"Pada awalnya, saya tertarik pada betapa lucu hotel ini. Saya ingin mengalami menginap di hotel yang dirancang dengan baik. Walaupun sebenarnya hotel ini menawarkan layanan yang luar biasa, kamar yang bersih, staf yang ramah, juga lokasi yang bagus karena bangunannya terletak di sebelah mal, yang bagus untuk semua orang yang suka berbelanja. Meski tidak begitu banyak pilihan yang disediakan, saya kira makanannya cukup enak dan cukup menggugah selera.",Diulas 414 minggu lalu,"https://ik.imagekit.io/tvlk/ugc-review/guys1L+Yyer9kzI3sp-pb0CG1j2bhflZGFUZOoIf1YOBAm37kEUOKR41ieUZm7ZJ/ugc-photo-ap-southeast-1-581603780057-acd24e232f75f09e/ACCOMMODATION/5359954_ACCOMMODATION_1527992616521_8588a4d84949faf4?_src=imagekit&tr=c-at_max,h-100,q-40,w-100","https://ik.imagekit.io/tvlk/ugc-review/guys1L+Yyer9kzI3sp-pb0CG1j2bhflZGFUZOoIf1YOBAm37kEUOKR41ieUZm7ZJ/ugc-photo-ap-southeast-1-581603780057-acd24e232f75f09e/ACCOMMODATION/5359954_ACCOMMODATION_1527992616522_fdc8e0281c4ab1ff?_src=imagekit&tr=c-at_max,h-100,q-40,w-100",,,,,,,,,,,,,,,,,,
https://www.traveloka.com/id-id/user/review/consumption/HOTEL/GENERAL/3000020009559,12,10,Saya sangat senang menginap di yello paskal bandung karena hotelnya sangat ceria dan dekat dari mal. Interior dan eksteriornya sangat berwarna-warni dengan desain mural jadi saya punya banyak pemotretan di sini dengan latar belakang itu dan dimasukkan ke posting baru saya di Instagram. Terima kasih sudah menerima saya,Diulas 414 minggu lalu,"https://ik.imagekit.io/tvlk/ugc-review/guys1L+Yyer9kzI3sp-pb0CG1j2bhflZGFUZOoIf1YOBAm37kEUOKR41ieUZm7ZJ/ugc-photo-ap-southeast-1-581603780057-acd24e232f75f09e/ACCOMMODATION/0_ACCOMMODATION_1527911061164_eaaf34f37141a00c?_src=imagekit&tr=c-at_max,h-100,q-40,w-100","https://ik.imagekit.io/tvlk/ugc-review/guys1L+Yyer9kzI3sp-pb0CG1j2bhflZGFUZOoIf1YOBAm37kEUOKR41ieUZm7ZJ/ugc-photo-ap-southeast-1-581603780057-acd24e232f75f09e/ACCOMMODATION/0_ACCOMMODATION_1527911394409_000fbaa45ed3a892?_src=imagekit&tr=c-at_max,h-100,q-40,w-100","https://ik.imagekit.io/tvlk/ugc-review/guys1L+Yyer9kzI3sp-pb0CG1j2bhflZGFUZOoIf1YOBAm37kEUOKR41ieUZm7ZJ/ugc-photo-ap-southeast-1-581603780057-acd24e232f75f09e/ACCOMMODATION/0_ACCOMMODATION_1527911403365_28126bb97a54ca2a?_src=imagekit&tr=c-at_max,h-100,q-40,w-100","https://ik.imagekit.io/tvlk/ugc-review/guys1L+Yyer9kzI3sp-pb0CG1j2bhflZGFUZOoIf1YOBAm37kEUOKR41ieUZm7ZJ/ugc-photo-ap-southeast-1-581603780057-acd24e232f75f09e/ACCOMMODATION/0_ACCOMMODATION_1527911061165_9dc7a713cc950a38?_src=imagekit&tr=c-at_max,h-100,q-40,w-100",,,,,,,,,,,,,,,,
https://www.traveloka.com/id-id/user/review/consumption/HOTEL/GENERAL/3000020009559,12,11,"Kamar cukup luas sesuai dengan foto, makanan enak dan bervariasi, karyawan hotel masih muda dan energic + ramah. Karena hotel terintegrasi dengan mal ya gitu deh mau mengemal tinggal turun saja. Recommended buat yang pengen santai. Nyaman di hotel tapi tetep pengen ke mal... Kebetulan menginap disini karena ada acara di cgv jadi oke banget.",Diulas 414 minggu lalu,"https://ik.imagekit.io/tvlk/ugc-review/guys1L+Yyer9kzI3sp-pb0CG1j2bhflZGFUZOoIf1YOBAm37kEUOKR41ieUZm7ZJ/ugc-photo-ap-southeast-1-581603780057-acd24e232f75f09e/ACCOMMODATION/0_ACCOMMODATION_1527657548247_14f5520505b61e23?_src=imagekit&tr=c-at_max,h-100,q-40,w-100","https://ik.imagekit.io/tvlk/ugc-review/guys1L+Yyer9kzI3sp-pb0CG1j2bhflZGFUZOoIf1YOBAm37kEUOKR41ieUZm7ZJ/ugc-photo-ap-southeast-1-581603780057-acd24e232f75f09e/ACCOMMODATION/0_ACCOMMODATION_1527657548248_13cb10629b1fc3ac?_src=imagekit&tr=c-at_max,h-100,q-40,w-100","https://ik.imagekit.io/tvlk/ugc-review/guys1L+Yyer9kzI3sp-pb0CG1j2bhflZGFUZOoIf1YOBAm37kEUOKR41ieUZm7ZJ/ugc-photo-ap-southeast-1-581603780057-acd24e232f75f09e/ACCOMMODATION/0_ACCOMMODATION_1527657548249_9621a9c978dbf7d8?_src=imagekit&tr=c-at_max,h-100,q-40,w-100","https://ik.imagekit.io/tvlk/ugc-review/guys1L+Yyer9kzI3sp-pb0CG1j2bhflZGFUZOoIf1YOBAm37kEUOKR41ieUZm7ZJ/ugc-photo-ap-southeast-1-581603780057-acd24e232f75f09e/ACCOMMODATION/0_ACCOMMODATION_1527657548248_7ae7d5d69415835b?_src=imagekit&tr=c-at_max,h-100,q-40,w-100",,,,,,,,,,,,,,,,
https://www.traveloka.com/id-id/user/review/consumption/HOTEL/GENERAL/3000020009559,12,12,Staf yang ramah Kamar yang bagus. Harga yang pantas. Sangat direkomendasikan 👌,Diulas 414 minggu lalu,"https://ik.imagekit.io/tvlk/ugc-review/guys1L+Yyer9kzI3sp-pb0CG1j2bhflZGFUZOoIf1YOBAm37kEUOKR41ieUZm7ZJ/ugc-photo-ap-southeast-1-581603780057-acd24e232f75f09e/ACCOMMODATION/6382470_ACCOMMODATION_1527645981808_4c33fa9674e62af8?_src=imagekit&tr=c-at_max,h-100,q-40,w-100","https://ik.imagekit.io/tvlk/ugc-review/guys1L+Yyer9kzI3sp-pb0CG1j2bhflZGFUZOoIf1YOBAm37kEUOKR41ieUZm7ZJ/ugc-photo-ap-southeast-1-581603780057-acd24e232f75f09e/ACCOMMODATION/6382470_ACCOMMODATION_1527645981809_af492c750a34f480?_src=imagekit&tr=c-at_max,h-100,q-40,w-100",,,,,,,,,,,,,,,,,,
https://www.traveloka.com/id-id/user/review/consumption/HOTEL/GENERAL/3000020009559,12,13,"Bikin betah suasananya, akses ke mal dekat.",Diulas 415 minggu lalu,"https://ik.imagekit.io/tvlk/ugc-review/guys1L+Yyer9kzI3sp-pb0CG1j2bhflZGFUZOoIf1YOBAm37kEUOKR41ieUZm7ZJ/ugc-photo-ap-southeast-1-581603780057-acd24e232f75f09e/ACCOMMODATION/58500994_ACCOMMODATION_1527134356325_62dd55752c43c53b?_src=imagekit&tr=c-at_max,h-100,q-40,w-100","https://ik.imagekit.io/tvlk/ugc-review/guys1L+Yyer9kzI3sp-pb0CG1j2bhflZGFUZOoIf1YOBAm37kEUOKR41ieUZm7ZJ/ugc-photo-ap-southeast-1-581603780057-acd24e232f75f09e/ACCOMMODATION/58500994_ACCOMMODATION_1527134356326_1e127e994bc7fe5b?_src=imagekit&tr=c-at_max,h-100,q-40,w-100","https://ik.imagekit.io/tvlk/ugc-review/guys1L+Yyer9kzI3sp-pb0CG1j2bhflZGFUZOoIf1YOBAm37kEUOKR41ieUZm7ZJ/ugc-photo-ap-southeast-1-581603780057-acd24e232f75f09e/ACCOMMODATION/58500994_ACCOMMODATION_1527134356326_907cc1ea13dad7c6?_src=imagekit&tr=c-at_max,h-100,q-40,w-100","https://ik.imagekit.io/tvlk/ugc-review/guys1L+Yyer9kzI3sp-pb0CG1j2bhflZGFUZOoIf1YOBAm37kEUOKR41ieUZm7ZJ/ugc-photo-ap-southeast-1-581603780057-acd24e232f75f09e/ACCOMMODATION/58500994_ACCOMMODATION_1527134356327_89a130d9e8076585?_src=imagekit&tr=c-at_max,h-100,q-40,w-100","https://ik.imagekit.io/tvlk/ugc-review/guys1L+Yyer9kzI3sp-pb0CG1j2bhflZGFUZOoIf1YOBAm37kEUOKR41ieUZm7ZJ/ugc-photo-ap-southeast-1-581603780057-acd24e232f75f09e/ACCOMMODATION/58500994_ACCOMMODATION_1527134356327_d60874b538d142a3?_src=imagekit&tr=c-at_max,h-100,q-40,w-100","https://ik.imagekit.io/tvlk/ugc-review/guys1L+Yyer9kzI3sp-pb0CG1j2bhflZGFUZOoIf1YOBAm37kEUOKR41ieUZm7ZJ/ugc-photo-ap-southeast-1-581603780057-acd24e232f75f09e/ACCOMMODATION/58500994_ACCOMMODATION_1527134356327_4cef407f9065a1f6?_src=imagekit&tr=c-at_max,h-100,q-40,w-100",,,,,,,,,,,,,,
https://www.traveloka.com/id-id/user/review/consumption/HOTEL/GENERAL/3000020009559,12,14,Parkiran mobil sulit karena gabung dengan parkiran pengunjung mal,Diulas 417 minggu lalu,"https://ik.imagekit.io/tvlk/ugc-review/guys1L+Yyer9kzI3sp-pb0CG1j2bhflZGFUZOoIf1YOBAm37kEUOKR41ieUZm7ZJ/ugc-photo-ap-southeast-1-581603780057-acd24e232f75f09e/ACCOMMODATION/4098523_ACCOMMODATION_1526194933256_cd3301e8ae3d4120?_src=imagekit&tr=c-at_max,h-100,q-40,w-100","https://ik.imagekit.io/tvlk/ugc-review/guys1L+Yyer9kzI3sp-pb0CG1j2bhflZGFUZOoIf1YOBAm37kEUOKR41ieUZm7ZJ/ugc-photo-ap-southeast-1-581603780057-acd24e232f75f09e/ACCOMMODATION/4098523_ACCOMMODATION_1526194933256_2f33f26b2e450963?_src=imagekit&tr=c-at_max,h-100,q-40,w-100","https://ik.imagekit.io/tvlk/ugc-review/guys1L+Yyer9kzI3sp-pb0CG1j2bhflZGFUZOoIf1YOBAm37kEUOKR41ieUZm7ZJ/ugc-photo-ap-southeast-1-581603780057-acd24e232f75f09e/ACCOMMODATION/4098523_ACCOMMODATION_1526194933257_0eb540bde5aee3ef?_src=imagekit&tr=c-at_max,h-100,q-40,w-100",,,,,,,,,,,,,,,,,
https://www.traveloka.com/id-id/user/review/consumption/HOTEL/GENERAL/3000020009559,12,15,Nyaman dan pasti nanti balik lagi buat menginap disini,Diulas 417 minggu lalu,"https://ik.imagekit.io/tvlk/ugc-review/guys1L+Yyer9kzI3sp-pb0CG1j2bhflZGFUZOoIf1YOBAm37kEUOKR41ieUZm7ZJ/ugc-photo-ap-southeast-1-581603780057-acd24e232f75f09e/ACCOMMODATION/9287710_ACCOMMODATION_1526185626446_f641fe7e93f8288f?_src=imagekit&tr=c-at_max,h-100,q-40,w-100",,,,,,,,,,,,,,,,,,,
