url,page,review_index,teks_ulasan,tanggal,gambar-1,gambar-2,gambar-3,gambar-4,gambar-5,gambar-6,gambar-7,gambar-8,gambar-9,gambar-10,gambar-11,gambar-12,gambar-13,gambar-14,gambar-15,gambar-16,gambar-17,gambar-18,gambar-19,gambar-20
https://www.traveloka.com/id-id/user/review/consumption/HOTEL/GENERAL/535726,1,1,"Hotelnya bersih, nyaman, tempat tidur empuk",Diulas 2 minggu lalu,"https://ik.imagekit.io/tvlk/ugc-review/guys1L+Yyer9kzI3sp-pb0CG1j2bhflZGFUZOoIf1YOBAm37kEUOKR41ieUZm7ZJ/ugc-photo-ap-southeast-1-581603780057-acd24e232f75f09e/REVIEW/REVIEW_1777095890338_57fcfd1b863d8c60?_src=imagekit&tr=c-at_max,h-100,q-40,w-100",,,,,,,,,,,,,,,,,,,
https://www.traveloka.com/id-id/user/review/consumption/HOTEL/GENERAL/535726,1,2,"Menginap di hotel ini sangat nyaman dengan pelayanan yang ramah dan profesional. Fasilitas lengkap, kamar bersih, makanan enak dan lokasi strategis karena dekat dengan mal. Cocok untuk liburan dan kebetulan saya dapat kamar di ujung dengan view yang bagus pagi dan malam harinya.",Diulas 5 minggu lalu,"https://ik.imagekit.io/tvlk/ugc-review/guys1L+Yyer9kzI3sp-pb0CG1j2bhflZGFUZOoIf1YOBAm37kEUOKR41ieUZm7ZJ/ugc-photo-ap-southeast-1-581603780057-acd24e232f75f09e/REVIEW/REVIEW_1775038551249_cf1d123be31173b3?_src=imagekit&tr=c-at_max,h-100,q-40,w-100",,,,,,,,,,,,,,,,,,,
https://www.traveloka.com/id-id/user/review/consumption/HOTEL/GENERAL/535726,1,3,"Pengalaman menginap di Hotel Santika Depok sangat menyenangkan dari awal sampai akhir. Proses check-in berjalan cepat dan mudah, staf di front office sangat ramah serta membantu. Pelayanan yang diberikan terasa hangat sehingga tamu merasa langsung disambut dengan baik sejak datang. Selama menginap, para pegawai hotel juga sangat sopan dan responsif. Jika membutuhkan bantuan, mereka selalu siap membantu dengan senyum dan sikap yang profesional. Hal ini membuat suasana menginap terasa nyaman dan menyenangkan. Salah satu hal yang sangat menyenangkan adalah fasilitas sarapannya. Menu breakfast cukup beragam dan rasanya enak. Yang lebih menyenangkan lagi, anak-anak mendapatkan fasilitas sarapan gratis sehingga sangat membantu bagi tamu yang datang bersama keluarga. Selain itu, hotel juga menyediakan fasilitas parkir gratis yang cukup memudahkan bagi tamu yang membawa kendaraan pribadi. Lokasinya yang strategis di Depok juga menjadi nilai tambah karena dekat dengan berbagai tempat. Secara keseluruhan, Hotel Santika Depok memberikan pengalaman menginap yang nyaman dengan pelayanan yang ramah, fasilitas yang baik, serta suasana yang menyenangkan. Sangat direkomendasikan untuk perjalanan keluarga maupun perjalanan bisnis.",Diulas 7 minggu lalu,"https://ik.imagekit.io/tvlk/ugc-review/guys1L+Yyer9kzI3sp-pb0CG1j2bhflZGFUZOoIf1YOBAm37kEUOKR41ieUZm7ZJ/ugc-photo-ap-southeast-1-581603780057-acd24e232f75f09e/REVIEW/REVIEW_1774254895569_35b8a7adbdf666c3?_src=imagekit&tr=c-at_max,h-100,q-40,w-100","https://ik.imagekit.io/tvlk/ugc-review/guys1L+Yyer9kzI3sp-pb0CG1j2bhflZGFUZOoIf1YOBAm37kEUOKR41ieUZm7ZJ/ugc-photo-ap-southeast-1-581603780057-acd24e232f75f09e/REVIEW/REVIEW_1774254895569_588fe65e69f377e0?_src=imagekit&tr=c-at_max,h-100,q-40,w-100",,,,,,,,,,,,,,,,,,
https://www.traveloka.com/id-id/user/review/consumption/HOTEL/GENERAL/535726,1,4,Hotel terbaik yang direkomendasikan di Depok.,Diulas 9 minggu lalu,"https://ik.imagekit.io/tvlk/ugc-review/guys1L+Yyer9kzI3sp-pb0CG1j2bhflZGFUZOoIf1YOBAm37kEUOKR41ieUZm7ZJ/ugc-photo-ap-southeast-1-581603780057-acd24e232f75f09e/REVIEW/REVIEW_1773099573559_169ff318aaf67f30?_src=imagekit&tr=c-at_max,h-100,q-40,w-100","https://ik.imagekit.io/tvlk/ugc-review/guys1L+Yyer9kzI3sp-pb0CG1j2bhflZGFUZOoIf1YOBAm37kEUOKR41ieUZm7ZJ/ugc-photo-ap-southeast-1-581603780057-acd24e232f75f09e/REVIEW/REVIEW_1773099573559_3cd793cd9e38d3e6?_src=imagekit&tr=c-at_max,h-100,q-40,w-100","https://ik.imagekit.io/tvlk/ugc-review/guys1L+Yyer9kzI3sp-pb0CG1j2bhflZGFUZOoIf1YOBAm37kEUOKR41ieUZm7ZJ/ugc-photo-ap-southeast-1-581603780057-acd24e232f75f09e/REVIEW/REVIEW_1773099573559_6ab2d00007e4ad96?_src=imagekit&tr=c-at_max,h-100,q-40,w-100","https://ik.imagekit.io/tvlk/ugc-review/guys1L+Yyer9kzI3sp-pb0CG1j2bhflZGFUZOoIf1YOBAm37kEUOKR41ieUZm7ZJ/ugc-photo-ap-southeast-1-581603780057-acd24e232f75f09e/REVIEW/REVIEW_1773099573558_53dbf1c7f24e6332?_src=imagekit&tr=c-at_max,h-100,q-40,w-100",,,,,,,,,,,,,,,,
https://www.traveloka.com/id-id/user/review/consumption/HOTEL/GENERAL/535726,1,5,"Hotel ini berlokasi strategis dan terintegrasi dengan pusat perbelanjaan. Saya meminta kamar dekat lift, dan pemandangan kota dari lantai 26 sangat menakjubkan. Semua menu enak, terutama puding roti, dan anak-anak di bawah usia 9 tahun dapat menikmati sarapan gratis.",Diulas 13 minggu lalu,"https://ik.imagekit.io/tvlk/ugc-review/guys1L+Yyer9kzI3sp-pb0CG1j2bhflZGFUZOoIf1YOBAm37kEUOKR41ieUZm7ZJ/ugc-photo-ap-southeast-1-581603780057-acd24e232f75f09e/REVIEW/REVIEW_1770531847138_69c11200aa3e5afd?_src=imagekit&tr=c-at_max,h-100,q-40,w-100","https://ik.imagekit.io/tvlk/ugc-review/guys1L+Yyer9kzI3sp-pb0CG1j2bhflZGFUZOoIf1YOBAm37kEUOKR41ieUZm7ZJ/ugc-photo-ap-southeast-1-581603780057-acd24e232f75f09e/REVIEW/REVIEW_1770531847137_e3cd10034f0431a0?_src=imagekit&tr=c-at_max,h-100,q-40,w-100","https://ik.imagekit.io/tvlk/ugc-review/guys1L+Yyer9kzI3sp-pb0CG1j2bhflZGFUZOoIf1YOBAm37kEUOKR41ieUZm7ZJ/ugc-photo-ap-southeast-1-581603780057-acd24e232f75f09e/REVIEW/REVIEW_1770531847137_d7ade14a0baba05b?_src=imagekit&tr=c-at_max,h-100,q-40,w-100","https://ik.imagekit.io/tvlk/ugc-review/guys1L+Yyer9kzI3sp-pb0CG1j2bhflZGFUZOoIf1YOBAm37kEUOKR41ieUZm7ZJ/ugc-photo-ap-southeast-1-581603780057-acd24e232f75f09e/REVIEW/REVIEW_1770531847137_a5094601dcad8b1f?_src=imagekit&tr=c-at_max,h-100,q-40,w-100","https://ik.imagekit.io/tvlk/ugc-review/guys1L+Yyer9kzI3sp-pb0CG1j2bhflZGFUZOoIf1YOBAm37kEUOKR41ieUZm7ZJ/ugc-photo-ap-southeast-1-581603780057-acd24e232f75f09e/REVIEW/REVIEW_1770531847137_26230af44b181e5b?_src=imagekit&tr=c-at_max,h-100,q-40,w-100","https://ik.imagekit.io/tvlk/ugc-review/guys1L+Yyer9kzI3sp-pb0CG1j2bhflZGFUZOoIf1YOBAm37kEUOKR41ieUZm7ZJ/ugc-photo-ap-southeast-1-581603780057-acd24e232f75f09e/REVIEW/REVIEW_1770531847136_32a01ad0dabc6ed8?_src=imagekit&tr=c-at_max,h-100,q-40,w-100",,,,,,,,,,,,,,
https://www.traveloka.com/id-id/user/review/consumption/HOTEL/GENERAL/535726,1,6,"padahal hampir tiap bulan kami menginap disni.
dan kami pun telah menjadi customer setia Santika Group,kami member my value.
baru kali ini merasakan kecewa santika depok.
alabgkah kaget nya saya saat mau chekx out,melihat box tisue cuma selembar pantesan saat mau malam nya saya minta tisue tambahan.
medit bgt sama tisue padahal sekelas santika group loh inih.
semoga ke depan hal ini tidak terjadi kembali.",Diulas 13 minggu lalu,"https://ik.imagekit.io/tvlk/ugc-review/guys1L+Yyer9kzI3sp-pb0CG1j2bhflZGFUZOoIf1YOBAm37kEUOKR41ieUZm7ZJ/ugc-photo-ap-southeast-1-581603780057-acd24e232f75f09e/REVIEW/REVIEW_1770371850938_d1fcb20c3344074e?_src=imagekit&tr=c-at_max,h-100,q-40,w-100",,,,,,,,,,,,,,,,,,,
https://www.traveloka.com/id-id/user/review/consumption/HOTEL/GENERAL/535726,1,7,"kami akhirnya jadi extend,nambah hari.
jadinya 3 hari 2 malam menginap santika depok.
saya akhirnya dapat delux yang queen bed karena saya pesen dan beli dihari berikutnya yg  delux queen bed.
proses reservasi extend nya sangat smooth sekali.
trm ksh sekali mba alivia telah kirimkan belboy dan troley untuk membantu kami pindah kamar.
good job mba alivia,mhn kiranya management santika depok bs memberikan apresiasi kepada beliau karena telah menyambut tamu dengan hangat dan baik.
kali ini kami dapat kamar 2707.
seperti biasa makanan2 nya enak.
dikamar delux juga frezer(kulkas) nya juga dingin,ac nya apalagi dingin,nyaman.
many thx santika depok
many thx",Diulas 15 minggu lalu,"https://ik.imagekit.io/tvlk/ugc-review/guys1L+Yyer9kzI3sp-pb0CG1j2bhflZGFUZOoIf1YOBAm37kEUOKR41ieUZm7ZJ/ugc-photo-ap-southeast-1-581603780057-acd24e232f75f09e/REVIEW/REVIEW_1769349781748_3c3c9c6a5e801ce8?_src=imagekit&tr=c-at_max,h-100,q-40,w-100","https://ik.imagekit.io/tvlk/ugc-review/guys1L+Yyer9kzI3sp-pb0CG1j2bhflZGFUZOoIf1YOBAm37kEUOKR41ieUZm7ZJ/ugc-photo-ap-southeast-1-581603780057-acd24e232f75f09e/REVIEW/REVIEW_1769349781748_96fce078a355df0c?_src=imagekit&tr=c-at_max,h-100,q-40,w-100",,,,,,,,,,,,,,,,,,
https://www.traveloka.com/id-id/user/review/consumption/HOTEL/GENERAL/535726,1,8,"Kali ini pesan deluxe, namun yang queen bed kehabisan, jadilah kami dapat deluxe yang twin bed di kamar 2717.
Alhamdulillah, many thanks Mbak Alivia dan teman-teman FO juga house keeping-nya ramah-ramah.
Sarapan-nya enak, kali ini cobain western food: salad & potato wedges-nya enak, the best, saya suka.
Many thanks Santika Depok. Many thanks",Diulas 15 minggu lalu,"https://ik.imagekit.io/tvlk/ugc-review/guys1L+Yyer9kzI3sp-pb0CG1j2bhflZGFUZOoIf1YOBAm37kEUOKR41ieUZm7ZJ/ugc-photo-ap-southeast-1-581603780057-acd24e232f75f09e/REVIEW/REVIEW_1769237237459_12669d16a10a5281?_src=imagekit&tr=c-at_max,h-100,q-40,w-100","https://ik.imagekit.io/tvlk/ugc-review/guys1L+Yyer9kzI3sp-pb0CG1j2bhflZGFUZOoIf1YOBAm37kEUOKR41ieUZm7ZJ/ugc-photo-ap-southeast-1-581603780057-acd24e232f75f09e/REVIEW/REVIEW_1769237237459_30e961c298e35f44?_src=imagekit&tr=c-at_max,h-100,q-40,w-100","https://ik.imagekit.io/tvlk/ugc-review/guys1L+Yyer9kzI3sp-pb0CG1j2bhflZGFUZOoIf1YOBAm37kEUOKR41ieUZm7ZJ/ugc-photo-ap-southeast-1-581603780057-acd24e232f75f09e/REVIEW/REVIEW_1769237272412_7c4c412544f24080?_src=imagekit&tr=c-at_max,h-100,q-40,w-100",,,,,,,,,,,,,,,,,
https://www.traveloka.com/id-id/user/review/consumption/HOTEL/GENERAL/535726,1,9,"mantap memang pelayanan nya n enak makanannya.
many thx santika depok.",Diulas 16 minggu lalu,"https://ik.imagekit.io/tvlk/ugc-review/guys1L+Yyer9kzI3sp-pb0CG1j2bhflZGFUZOoIf1YOBAm37kEUOKR41ieUZm7ZJ/ugc-photo-ap-southeast-1-581603780057-acd24e232f75f09e/REVIEW/REVIEW_1768786349836_f37ae9c5d70124e8?_src=imagekit&tr=c-at_max,h-100,q-40,w-100","https://ik.imagekit.io/tvlk/ugc-review/guys1L+Yyer9kzI3sp-pb0CG1j2bhflZGFUZOoIf1YOBAm37kEUOKR41ieUZm7ZJ/ugc-photo-ap-southeast-1-581603780057-acd24e232f75f09e/REVIEW/REVIEW_1768786349836_d07260e2e3669166?_src=imagekit&tr=c-at_max,h-100,q-40,w-100",,,,,,,,,,,,,,,,,,
https://www.traveloka.com/id-id/user/review/consumption/HOTEL/GENERAL/535726,1,10,"trm ksh sekali request untuk saya kasih surprise saya ultah dikabulkan team fo santika depok trm ksh byk khususnya untuk mba stella dan mba alivia.
alhmdlh ga salah saya hampir tiap bln ksni.
Hotel Santika Drpok Recomanded.",Diulas 16 minggu lalu,"https://ik.imagekit.io/tvlk/ugc-review/guys1L+Yyer9kzI3sp-pb0CG1j2bhflZGFUZOoIf1YOBAm37kEUOKR41ieUZm7ZJ/ugc-photo-ap-southeast-1-581603780057-acd24e232f75f09e/REVIEW/REVIEW_1768785498306_f7efbb447253067a?_src=imagekit&tr=c-at_max,h-100,q-40,w-100","https://ik.imagekit.io/tvlk/ugc-review/guys1L+Yyer9kzI3sp-pb0CG1j2bhflZGFUZOoIf1YOBAm37kEUOKR41ieUZm7ZJ/ugc-photo-ap-southeast-1-581603780057-acd24e232f75f09e/REVIEW/REVIEW_1768785498306_d2f799a4a03eb7b3?_src=imagekit&tr=c-at_max,h-100,q-40,w-100","https://ik.imagekit.io/tvlk/ugc-review/guys1L+Yyer9kzI3sp-pb0CG1j2bhflZGFUZOoIf1YOBAm37kEUOKR41ieUZm7ZJ/ugc-photo-ap-southeast-1-581603780057-acd24e232f75f09e/REVIEW/REVIEW_1768785498306_8f3b839538e608cf?_src=imagekit&tr=c-at_max,h-100,q-40,w-100","https://ik.imagekit.io/tvlk/ugc-review/guys1L+Yyer9kzI3sp-pb0CG1j2bhflZGFUZOoIf1YOBAm37kEUOKR41ieUZm7ZJ/ugc-photo-ap-southeast-1-581603780057-acd24e232f75f09e/REVIEW/REVIEW_1768785498306_25f41eab0002111c?_src=imagekit&tr=c-at_max,h-100,q-40,w-100","https://ik.imagekit.io/tvlk/ugc-review/guys1L+Yyer9kzI3sp-pb0CG1j2bhflZGFUZOoIf1YOBAm37kEUOKR41ieUZm7ZJ/ugc-photo-ap-southeast-1-581603780057-acd24e232f75f09e/REVIEW/REVIEW_1768785498305_51a039394e620199?_src=imagekit&tr=c-at_max,h-100,q-40,w-100",,,,,,,,,,,,,,,
https://www.traveloka.com/id-id/user/review/consumption/HOTEL/GENERAL/535726,1,11,"para staff sangat ramah. ibu sy menggunakan tongkat, dan ditawarkan pakai kursi roda. juga pelayanan memuaskan.",Diulas 18 minggu lalu,"https://ik.imagekit.io/tvlk/ugc-review/guys1L+Yyer9kzI3sp-pb0CG1j2bhflZGFUZOoIf1YOBAm37kEUOKR41ieUZm7ZJ/ugc-photo-ap-southeast-1-581603780057-acd24e232f75f09e/REVIEW/REVIEW_1767275980529_09eebe44b2fcaa91?_src=imagekit&tr=c-at_max,h-100,q-40,w-100","https://ik.imagekit.io/tvlk/ugc-review/guys1L+Yyer9kzI3sp-pb0CG1j2bhflZGFUZOoIf1YOBAm37kEUOKR41ieUZm7ZJ/ugc-photo-ap-southeast-1-581603780057-acd24e232f75f09e/REVIEW/REVIEW_1767275980529_9f94a9e50b488c6b?_src=imagekit&tr=c-at_max,h-100,q-40,w-100","https://ik.imagekit.io/tvlk/ugc-review/guys1L+Yyer9kzI3sp-pb0CG1j2bhflZGFUZOoIf1YOBAm37kEUOKR41ieUZm7ZJ/ugc-photo-ap-southeast-1-581603780057-acd24e232f75f09e/REVIEW/REVIEW_1767275980529_7fd320c4840023bf?_src=imagekit&tr=c-at_max,h-100,q-40,w-100",,,,,,,,,,,,,,,,,
https://www.traveloka.com/id-id/user/review/consumption/HOTEL/GENERAL/535726,1,12,"Seperti biasa always the best all everything.
hanpir tiap bulan saya ksni.

cuma 1 yg kali ini saya kasih notice,kok tumben enggak ada lagi susu kedelai saat breakfast.
only fresh milk,enggak ada susu kedelai.
bulan lalu saya ksni ada susu kedelai n fresh milk.
mudah2an nanti ada lagi,susu kedelai nya enak.

lokasi strategis di jl.margonda  di jantung Kota Depok.
Trm ksh Santika Depok
Trm ksh",Diulas 19 minggu lalu,"https://ik.imagekit.io/tvlk/ugc-review/guys1L+Yyer9kzI3sp-pb0CG1j2bhflZGFUZOoIf1YOBAm37kEUOKR41ieUZm7ZJ/ugc-photo-ap-southeast-1-581603780057-acd24e232f75f09e/REVIEW/REVIEW_1766652286488_4c1b994b9a5bfaf4?_src=imagekit&tr=c-at_max,h-100,q-40,w-100","https://ik.imagekit.io/tvlk/ugc-review/guys1L+Yyer9kzI3sp-pb0CG1j2bhflZGFUZOoIf1YOBAm37kEUOKR41ieUZm7ZJ/ugc-photo-ap-southeast-1-581603780057-acd24e232f75f09e/REVIEW/REVIEW_1766652286488_5d9fdf262231f26b?_src=imagekit&tr=c-at_max,h-100,q-40,w-100","https://ik.imagekit.io/tvlk/ugc-review/guys1L+Yyer9kzI3sp-pb0CG1j2bhflZGFUZOoIf1YOBAm37kEUOKR41ieUZm7ZJ/ugc-photo-ap-southeast-1-581603780057-acd24e232f75f09e/REVIEW/REVIEW_1766652286487_a26489bcd4067857?_src=imagekit&tr=c-at_max,h-100,q-40,w-100","https://ik.imagekit.io/tvlk/ugc-review/guys1L+Yyer9kzI3sp-pb0CG1j2bhflZGFUZOoIf1YOBAm37kEUOKR41ieUZm7ZJ/ugc-photo-ap-southeast-1-581603780057-acd24e232f75f09e/REVIEW/REVIEW_1766652286487_b873e7c604fa175f?_src=imagekit&tr=c-at_max,h-100,q-40,w-100",,,,,,,,,,,,,,,,
https://www.traveloka.com/id-id/user/review/consumption/HOTEL/GENERAL/535726,1,13,"best hotel di depok, tetap yg terbaik, rekomendasi kantor saat ad tamu menginap dsini, best hotel, all service",Diulas 27 minggu lalu,"https://ik.imagekit.io/tvlk/ugc-review/guys1L+Yyer9kzI3sp-pb0CG1j2bhflZGFUZOoIf1YOBAm37kEUOKR41ieUZm7ZJ/ugc-photo-ap-southeast-1-581603780057-acd24e232f75f09e/REVIEW/REVIEW_1762229736077_81d2312ee7c21281?_src=imagekit&tr=c-at_max,h-100,q-40,w-100",,,,,,,,,,,,,,,,,,,
https://www.traveloka.com/id-id/user/review/consumption/HOTEL/GENERAL/535726,1,14,"entah yg keberapa kalinya saya ke Santika Depok.
recomanded hotel.

sblm2nya saya diksh kamar dilantai 25 dan lantai 27.
kali ini saya diksh kamar lantai 26.
saya diksh kamar 2630.

alhmdlh many thx management Santika Depok ulasan review saya sblmnya sudah diperbaiki,kali ini begitu saya turun dari mobil di lantai 1,petugas2 fo lantai 1 menaymabut dengan ramah dan sopan.
alhmdlh sudah ada perubahan.

untuk breakfast seperti biasa enak rasanya dan  bbrp makanan & minuman yg variatif seperti biasa.

ouw iyah btw many thx management Santika Depok untuk bingkisan razor beserta sabun wax razornya.
mewah & berkelas,tidak salah pilihan saya untuk sllu menginap di Santika Depok.

jangan ragu untuk Santika Depok untuk dijadikan pilihan tepat menginap di Kota Depok.

always Recomanded.

Once again Many Thx Management Santika Depok.",Diulas 27 minggu lalu,"https://ik.imagekit.io/tvlk/ugc-review/guys1L+Yyer9kzI3sp-pb0CG1j2bhflZGFUZOoIf1YOBAm37kEUOKR41ieUZm7ZJ/ugc-photo-ap-southeast-1-581603780057-acd24e232f75f09e/REVIEW/REVIEW_1761703048995_b11188abc5002857?_src=imagekit&tr=c-at_max,h-100,q-40,w-100","https://ik.imagekit.io/tvlk/ugc-review/guys1L+Yyer9kzI3sp-pb0CG1j2bhflZGFUZOoIf1YOBAm37kEUOKR41ieUZm7ZJ/ugc-photo-ap-southeast-1-581603780057-acd24e232f75f09e/REVIEW/REVIEW_1761703048995_ac77574b97f9dab0?_src=imagekit&tr=c-at_max,h-100,q-40,w-100","https://ik.imagekit.io/tvlk/ugc-review/guys1L+Yyer9kzI3sp-pb0CG1j2bhflZGFUZOoIf1YOBAm37kEUOKR41ieUZm7ZJ/ugc-photo-ap-southeast-1-581603780057-acd24e232f75f09e/REVIEW/REVIEW_1761703048995_b99ff3e62aa92ac5?_src=imagekit&tr=c-at_max,h-100,q-40,w-100","https://ik.imagekit.io/tvlk/ugc-review/guys1L+Yyer9kzI3sp-pb0CG1j2bhflZGFUZOoIf1YOBAm37kEUOKR41ieUZm7ZJ/ugc-photo-ap-southeast-1-581603780057-acd24e232f75f09e/REVIEW/REVIEW_1761703048994_cde718b3d201e8a6?_src=imagekit&tr=c-at_max,h-100,q-40,w-100","https://ik.imagekit.io/tvlk/ugc-review/guys1L+Yyer9kzI3sp-pb0CG1j2bhflZGFUZOoIf1YOBAm37kEUOKR41ieUZm7ZJ/ugc-photo-ap-southeast-1-581603780057-acd24e232f75f09e/REVIEW/REVIEW_1761703048994_cd8232eefb4db2d0?_src=imagekit&tr=c-at_max,h-100,q-40,w-100","https://ik.imagekit.io/tvlk/ugc-review/guys1L+Yyer9kzI3sp-pb0CG1j2bhflZGFUZOoIf1YOBAm37kEUOKR41ieUZm7ZJ/ugc-photo-ap-southeast-1-581603780057-acd24e232f75f09e/REVIEW/REVIEW_1761703048994_da5e5391a0d0b54d?_src=imagekit&tr=c-at_max,h-100,q-40,w-100",,,,,,,,,,,,,,
https://www.traveloka.com/id-id/user/review/consumption/HOTEL/GENERAL/535726,1,15,"Secara keseluruhan OK. Lokasi strategis dan satu area dengan mall, staff ramah, buffet breakfast nya juga banyak pilihan dari menu western sampai Indonesian. Hanya saja mungkin jam mulai breakfast terlalu pagi & selesainya juga terlalu awal. Kemudian utk kamar cukup nyaman hanya saja tidak kedap suara. Jadi terdengar dari dalam orang lalu lalang membawa koper ataupum dari kamar sebelah atau diatas yang sedang menarik perabotan kamar atau yg berbicara sedikit keras. Selain itu yg perlu diperhatijan adalah keset kamar mandi yang mana alangkah baiknya jika keset sudah terlihat kusam/kumal dan jahitannya mulai keluar kesana kemari tidak digunakan lagi. Terimakasih.",Diulas 28 minggu lalu,"https://ik.imagekit.io/tvlk/ugc-review/guys1L+Yyer9kzI3sp-pb0CG1j2bhflZGFUZOoIf1YOBAm37kEUOKR41ieUZm7ZJ/ugc-photo-ap-southeast-1-581603780057-acd24e232f75f09e/REVIEW/REVIEW_1761627305005_14fa0af6598625f3?_src=imagekit&tr=c-at_max,h-100,q-40,w-100",,,,,,,,,,,,,,,,,,,
https://www.traveloka.com/id-id/user/review/consumption/HOTEL/GENERAL/535726,1,16,"Entah untuk berapa kesekian kalinya ke sini.
Petugas FO lobby lantai 3 saat check in-nya ramah dan kebaca di sistem mereka kalau sering datang.

Makanan dan minuman variatif, paling suka nasi goreng dan soto-nya enak.
Favoritnya minum jamu dan susu kedelai super enak.
Kamar-nya kali ini karena kehabisan deluxe jadinya yang superior.
Superior enggak ada kulkas, deluxe ada kulkas.

Kali ini dapat pengalaman yang minus adalah petugas FO di lantai 1 sangat tidak ramah, boro-boro nyapa, senyum saja engga.
Mohon di training lagi petugas FO lantai 1.

Always setia sama Santika, terutama Santika Bogor suka banget.

Santika Hotel di mana-mana memang recommended.
Many thanks Santika.",Diulas 29 minggu lalu,"https://ik.imagekit.io/tvlk/ugc-review/guys1L+Yyer9kzI3sp-pb0CG1j2bhflZGFUZOoIf1YOBAm37kEUOKR41ieUZm7ZJ/ugc-photo-ap-southeast-1-581603780057-acd24e232f75f09e/REVIEW/REVIEW_1760953897110_a434469f9efdb03a?_src=imagekit&tr=c-at_max,h-100,q-40,w-100","https://ik.imagekit.io/tvlk/ugc-review/guys1L+Yyer9kzI3sp-pb0CG1j2bhflZGFUZOoIf1YOBAm37kEUOKR41ieUZm7ZJ/ugc-photo-ap-southeast-1-581603780057-acd24e232f75f09e/REVIEW/REVIEW_1760953897110_3c8f566d2e6abf35?_src=imagekit&tr=c-at_max,h-100,q-40,w-100",,,,,,,,,,,,,,,,,,
https://www.traveloka.com/id-id/user/review/consumption/HOTEL/GENERAL/535726,1,17,"semua staff ramah ,hotel bersih,akses mall jdi ga usah order online buat makan atau ngopi,enak bgd kemana² gampang,breakfast enak2 variatif apa lagi donat sama roti ny wajib coba kalo wikend ada cfd depan mall nya,kurang ny hanya tidak ada kolam khusus anak selebih ny ok bgd dan tanpa deposit tq semua staff hotel santika depok :)",Diulas 29 minggu lalu,"https://ik.imagekit.io/tvlk/ugc-review/guys1L+Yyer9kzI3sp-pb0CG1j2bhflZGFUZOoIf1YOBAm37kEUOKR41ieUZm7ZJ/ugc-photo-ap-southeast-1-581603780057-acd24e232f75f09e/REVIEW/REVIEW_1760935977624_cd1b3d895a8191d3?_src=imagekit&tr=c-at_max,h-100,q-40,w-100","https://ik.imagekit.io/tvlk/ugc-review/guys1L+Yyer9kzI3sp-pb0CG1j2bhflZGFUZOoIf1YOBAm37kEUOKR41ieUZm7ZJ/ugc-photo-ap-southeast-1-581603780057-acd24e232f75f09e/REVIEW/REVIEW_1760935977623_5bd3f48b70fcd476?_src=imagekit&tr=c-at_max,h-100,q-40,w-100",,,,,,,,,,,,,,,,,,
https://www.traveloka.com/id-id/user/review/consumption/HOTEL/GENERAL/535726,1,18,"Masya Allah, nyaman banget + bersih",Diulas 33 minggu lalu,"https://ik.imagekit.io/tvlk/ugc-review/guys1L+Yyer9kzI3sp-pb0CG1j2bhflZGFUZOoIf1YOBAm37kEUOKR41ieUZm7ZJ/ugc-photo-ap-southeast-1-581603780057-acd24e232f75f09e/REVIEW/REVIEW_1758077475687_1d2109aeb1e06df0?_src=imagekit&tr=c-at_max,h-100,q-40,w-100","https://ik.imagekit.io/tvlk/ugc-review/guys1L+Yyer9kzI3sp-pb0CG1j2bhflZGFUZOoIf1YOBAm37kEUOKR41ieUZm7ZJ/ugc-photo-ap-southeast-1-581603780057-acd24e232f75f09e/REVIEW/REVIEW_1758077504154_4263c7d7dc4cd22d?_src=imagekit&tr=c-at_max,h-100,q-40,w-100",,,,,,,,,,,,,,,,,,
https://www.traveloka.com/id-id/user/review/consumption/HOTEL/GENERAL/535726,1,19,"many thx santika udah ksh saya cake wedding aniv,saya di santika bogor juga tahun lalu diksh.breakfast variasi dan rasanya enak.
semua staff ramah,lokasi strategis dan dibawah ada mall.jgn ragu pilih yg deluxe meski di traveloka ga disebut ada kulkas,ternyata ada kulkas.",Diulas 35 minggu lalu,"https://ik.imagekit.io/tvlk/ugc-review/guys1L+Yyer9kzI3sp-pb0CG1j2bhflZGFUZOoIf1YOBAm37kEUOKR41ieUZm7ZJ/ugc-photo-ap-southeast-1-581603780057-acd24e232f75f09e/REVIEW/REVIEW_1757241506275_8c32e196489e8dd8?_src=imagekit&tr=c-at_max,h-100,q-40,w-100",,,,,,,,,,,,,,,,,,,
https://www.traveloka.com/id-id/user/review/consumption/HOTEL/GENERAL/535726,1,20,"Hotel dengan best services di Depok. Mungkin interior kamar bisa diperbarui (update) lagi, TV diperbesar dan channel TV cable-nya ditambah.",Diulas 35 minggu lalu,"https://ik.imagekit.io/tvlk/ugc-review/guys1L+Yyer9kzI3sp-pb0CG1j2bhflZGFUZOoIf1YOBAm37kEUOKR41ieUZm7ZJ/ugc-photo-ap-southeast-1-581603780057-acd24e232f75f09e/REVIEW/REVIEW_1757230621282_8f38f4dd9dc902d1?_src=imagekit&tr=c-at_max,h-100,q-40,w-100","https://ik.imagekit.io/tvlk/ugc-review/guys1L+Yyer9kzI3sp-pb0CG1j2bhflZGFUZOoIf1YOBAm37kEUOKR41ieUZm7ZJ/ugc-photo-ap-southeast-1-581603780057-acd24e232f75f09e/REVIEW/REVIEW_1757230621283_f4ca870867ab2e2d?_src=imagekit&tr=c-at_max,h-100,q-40,w-100",,,,,,,,,,,,,,,,,,
https://www.traveloka.com/id-id/user/review/consumption/HOTEL/GENERAL/535726,2,1,"Sangat menyenangkan sekali menginap dihotel ini, dekat dengan mal dan Indomaret, staf nya sangat baik dan ramah, next mau nginap lg disini. Terima kasih.",Diulas 36 minggu lalu,"https://ik.imagekit.io/tvlk/ugc-review/guys1L+Yyer9kzI3sp-pb0CG1j2bhflZGFUZOoIf1YOBAm37kEUOKR41ieUZm7ZJ/ugc-photo-ap-southeast-1-581603780057-acd24e232f75f09e/REVIEW/REVIEW_1756252251769_25a752f6f94ab159?_src=imagekit&tr=c-at_max,h-100,q-40,w-100",,,,,,,,,,,,,,,,,,,
https://www.traveloka.com/id-id/user/review/consumption/HOTEL/GENERAL/535726,2,2,"Check in cepat, staff sangat informatif, akses mudah bisa dari lobby atau dari mall, kamar bersih, wifi lumayan cepat, sarapan cukup bervariasi dan menu berganti setiap hari nya, parkir bisa di area mall, depan lobby hotel atau di area parkir apart, ada akses langsung ke mall jadi mudah cari makan, check out juga cepat",Diulas 38 minggu lalu,"https://ik.imagekit.io/tvlk/ugc-review/guys1L+Yyer9kzI3sp-pb0CG1j2bhflZGFUZOoIf1YOBAm37kEUOKR41ieUZm7ZJ/ugc-photo-ap-southeast-1-581603780057-acd24e232f75f09e/REVIEW/REVIEW_1755605268058_f611c686199bc41c?_src=imagekit&tr=c-at_max,h-80,q-40,w-80","https://ik.imagekit.io/tvlk/ugc-review/guys1L+Yyer9kzI3sp-pb0CG1j2bhflZGFUZOoIf1YOBAm37kEUOKR41ieUZm7ZJ/ugc-photo-ap-southeast-1-581603780057-acd24e232f75f09e/REVIEW/REVIEW_1755605268058_a296f41e3b3a7574?_src=imagekit&tr=c-at_max,h-80,q-40,w-80","https://ik.imagekit.io/tvlk/ugc-review/guys1L+Yyer9kzI3sp-pb0CG1j2bhflZGFUZOoIf1YOBAm37kEUOKR41ieUZm7ZJ/ugc-photo-ap-southeast-1-581603780057-acd24e232f75f09e/REVIEW/REVIEW_1755605268059_636a6328b05fa6d1?_src=imagekit&tr=c-at_max,h-80,q-40,w-80","https://ik.imagekit.io/tvlk/ugc-review/guys1L+Yyer9kzI3sp-pb0CG1j2bhflZGFUZOoIf1YOBAm37kEUOKR41ieUZm7ZJ/ugc-photo-ap-southeast-1-581603780057-acd24e232f75f09e/REVIEW/REVIEW_1755605268059_aede1e7026ac65fe?_src=imagekit&tr=c-at_max,h-80,q-40,w-80","https://ik.imagekit.io/tvlk/ugc-review/guys1L+Yyer9kzI3sp-pb0CG1j2bhflZGFUZOoIf1YOBAm37kEUOKR41ieUZm7ZJ/ugc-photo-ap-southeast-1-581603780057-acd24e232f75f09e/REVIEW/REVIEW_1755605268059_f1ec0b9d51c4a50c?_src=imagekit&tr=c-at_max,h-80,q-40,w-80","https://ik.imagekit.io/tvlk/ugc-review/guys1L+Yyer9kzI3sp-pb0CG1j2bhflZGFUZOoIf1YOBAm37kEUOKR41ieUZm7ZJ/ugc-photo-ap-southeast-1-581603780057-acd24e232f75f09e/REVIEW/REVIEW_1755605268060_130c9955ea6ecc61?_src=imagekit&tr=c-at_max,h-80,q-40,w-80","https://ik.imagekit.io/tvlk/ugc-review/guys1L+Yyer9kzI3sp-pb0CG1j2bhflZGFUZOoIf1YOBAm37kEUOKR41ieUZm7ZJ/ugc-photo-ap-southeast-1-581603780057-acd24e232f75f09e/REVIEW/REVIEW_1755605268060_c07043e7c8fb33ac?_src=imagekit&tr=c-at_max,h-80,q-40,w-80","https://ik.imagekit.io/tvlk/ugc-review/guys1L+Yyer9kzI3sp-pb0CG1j2bhflZGFUZOoIf1YOBAm37kEUOKR41ieUZm7ZJ/ugc-photo-ap-southeast-1-581603780057-acd24e232f75f09e/REVIEW/REVIEW_1755605268058_3880cad228cf73b7?_src=imagekit&tr=c-at_max,h-80,q-40,w-80","https://ik.imagekit.io/tvlk/ugc-review/guys1L+Yyer9kzI3sp-pb0CG1j2bhflZGFUZOoIf1YOBAm37kEUOKR41ieUZm7ZJ/ugc-photo-ap-southeast-1-581603780057-acd24e232f75f09e/REVIEW/REVIEW_1755605268058_d24cca3a02d46572?_src=imagekit&tr=c-at_max,h-80,q-40,w-80",,,,,,,,,,,
https://www.traveloka.com/id-id/user/review/consumption/HOTEL/GENERAL/535726,2,3,"Upgrade kamar ke hotel bayar lagi 850.000 karena early check in juga, tapi shower untuk mandi rusak tidak mengalir. Sehingga mandi pakai gelas gosok gigi.",Diulas 54 minggu lalu,"https://ik.imagekit.io/tvlk/ugc-review/guys1L+Yyer9kzI3sp-pb0CG1j2bhflZGFUZOoIf1YOBAm37kEUOKR41ieUZm7ZJ/ugc-photo-ap-southeast-1-581603780057-acd24e232f75f09e/REVIEW/9061221_REVIEW_1745734842681_e194aa019a3b2d2b?_src=imagekit&tr=c-at_max,h-100,q-40,w-100",,,,,,,,,,,,,,,,,,,
https://www.traveloka.com/id-id/user/review/consumption/HOTEL/GENERAL/535726,2,4,"hotel nya bersih, lokasi ok, pelayanan juga ramah. semuanya oke banget dah",Diulas 57 minggu lalu,"https://ik.imagekit.io/tvlk/ugc-review/guys1L+Yyer9kzI3sp-pb0CG1j2bhflZGFUZOoIf1YOBAm37kEUOKR41ieUZm7ZJ/ugc-photo-ap-southeast-1-581603780057-acd24e232f75f09e/REVIEW/4973967_REVIEW_1743650918799_f15ccce5c506cbc4?_src=imagekit&tr=c-at_max,h-100,q-40,w-100",,,,,,,,,,,,,,,,,,,
https://www.traveloka.com/id-id/user/review/consumption/HOTEL/GENERAL/535726,2,5,"akses mudah, lokasi strategis. Sarapan pagi enak",Diulas 66 minggu lalu,"https://ik.imagekit.io/tvlk/ugc-review/guys1L+Yyer9kzI3sp-pb0CG1j2bhflZGFUZOoIf1YOBAm37kEUOKR41ieUZm7ZJ/ugc-photo-ap-southeast-1-581603780057-acd24e232f75f09e/REVIEW/221074078_REVIEW_1738694821921_5cb25c0e52b78356?_src=imagekit&tr=c-at_max,h-100,q-40,w-100","https://ik.imagekit.io/tvlk/ugc-review/guys1L+Yyer9kzI3sp-pb0CG1j2bhflZGFUZOoIf1YOBAm37kEUOKR41ieUZm7ZJ/ugc-photo-ap-southeast-1-581603780057-acd24e232f75f09e/REVIEW/221074078_REVIEW_1738694821922_3333cbd09ad7090c?_src=imagekit&tr=c-at_max,h-100,q-40,w-100",,,,,,,,,,,,,,,,,,
https://www.traveloka.com/id-id/user/review/consumption/HOTEL/GENERAL/535726,2,6,"Hotel ini bersih dengan pelayanan yang baik, cocok untuk staycation. Lokasinya strategis karena terhubung langsung ke D Mall, sehingga banyak pilihan makanan tersedia. Pengalaman menginap sejauh ini memuaskan, nyaman, dan praktis untuk berbagai kebutuhan. Pilihan ideal untuk liburan singkat atau bersantai.",Diulas 67 minggu lalu,"https://ik.imagekit.io/tvlk/ugc-review/guys1L+Yyer9kzI3sp-pb0CG1j2bhflZGFUZOoIf1YOBAm37kEUOKR41ieUZm7ZJ/ugc-photo-ap-southeast-1-581603780057-acd24e232f75f09e/REVIEW/21759333_REVIEW_1738046831404_4ab70b37e921ef46?_src=imagekit&tr=c-at_max,h-100,q-40,w-100","https://ik.imagekit.io/tvlk/ugc-review/guys1L+Yyer9kzI3sp-pb0CG1j2bhflZGFUZOoIf1YOBAm37kEUOKR41ieUZm7ZJ/ugc-photo-ap-southeast-1-581603780057-acd24e232f75f09e/REVIEW/21759333_REVIEW_1738046831405_dc61e1ebeb96f1cd?_src=imagekit&tr=c-at_max,h-100,q-40,w-100",,,,,,,,,,,,,,,,,,
https://www.traveloka.com/id-id/user/review/consumption/HOTEL/GENERAL/535726,2,7,"Staf-nya pada ramah, akses ke hotel mudah, kuliner sekitar hotel banyak dan gampang.",Diulas 68 minggu lalu,"https://ik.imagekit.io/tvlk/ugc-review/guys1L+Yyer9kzI3sp-pb0CG1j2bhflZGFUZOoIf1YOBAm37kEUOKR41ieUZm7ZJ/ugc-photo-ap-southeast-1-581603780057-acd24e232f75f09e/REVIEW/286919507_REVIEW_1737367241157_33e52a77059994ed?_src=imagekit&tr=c-at_max,h-100,q-40,w-100","https://ik.imagekit.io/tvlk/ugc-review/guys1L+Yyer9kzI3sp-pb0CG1j2bhflZGFUZOoIf1YOBAm37kEUOKR41ieUZm7ZJ/ugc-photo-ap-southeast-1-581603780057-acd24e232f75f09e/REVIEW/286919507_REVIEW_1737367266764_f03fda3a57a52c3e?_src=imagekit&tr=c-at_max,h-100,q-40,w-100",,,,,,,,,,,,,,,,,,
https://www.traveloka.com/id-id/user/review/consumption/HOTEL/GENERAL/535726,2,8,"cukup menyenangkan, thank you.",Diulas 70 minggu lalu,"https://ik.imagekit.io/tvlk/ugc-review/guys1L+Yyer9kzI3sp-pb0CG1j2bhflZGFUZOoIf1YOBAm37kEUOKR41ieUZm7ZJ/ugc-photo-ap-southeast-1-581603780057-acd24e232f75f09e/REVIEW/223418750_REVIEW_1735794734390_82356cade7b6b92e?_src=imagekit&tr=c-at_max,h-100,q-40,w-100","https://ik.imagekit.io/tvlk/ugc-review/guys1L+Yyer9kzI3sp-pb0CG1j2bhflZGFUZOoIf1YOBAm37kEUOKR41ieUZm7ZJ/ugc-photo-ap-southeast-1-581603780057-acd24e232f75f09e/REVIEW/223418750_REVIEW_1735794734389_9db69155a665ab60?_src=imagekit&tr=c-at_max,h-100,q-40,w-100","https://ik.imagekit.io/tvlk/ugc-review/guys1L+Yyer9kzI3sp-pb0CG1j2bhflZGFUZOoIf1YOBAm37kEUOKR41ieUZm7ZJ/ugc-photo-ap-southeast-1-581603780057-acd24e232f75f09e/REVIEW/223418750_REVIEW_1735794734390_db7fe7c9dffeff4f?_src=imagekit&tr=c-at_max,h-100,q-40,w-100",,,,,,,,,,,,,,,,,
https://www.traveloka.com/id-id/user/review/consumption/HOTEL/GENERAL/535726,2,9,"Hotel dalam mal/hotel yang berdampingan dengan mal & apartemen, tempat pilihan ngopi banyak 👌😍 ambil menginap 2 malam sangat berkesan, saya pertama nginep di Santika, yang di kota ini, alhamdulillah baik bagus semua, para crew-nya gercep ramah-ramah semua, kebersihan ok, pelayanan ok semua, dari resepsionis, security, di swimming pool, room service dan HK-nya, makanan juga bervariasi enak-enak semua, Wifi-nya kenceng abizzz, mau ke area mana saja signalnya tinggi, keren loh 🤩 makasih Santika dan Traveloka 🙏",Diulas 71 minggu lalu,"https://ik.imagekit.io/tvlk/ugc-review/guys1L+Yyer9kzI3sp-pb0CG1j2bhflZGFUZOoIf1YOBAm37kEUOKR41ieUZm7ZJ/ugc-photo-ap-southeast-1-581603780057-acd24e232f75f09e/REVIEW/292322524_REVIEW_1735633505818_f9482bb482a0e79e?_src=imagekit&tr=c-at_max,h-80,q-40,w-80","https://ik.imagekit.io/tvlk/ugc-review/guys1L+Yyer9kzI3sp-pb0CG1j2bhflZGFUZOoIf1YOBAm37kEUOKR41ieUZm7ZJ/ugc-photo-ap-southeast-1-581603780057-acd24e232f75f09e/REVIEW/292322524_REVIEW_1735633505818_a0398fb450c99507?_src=imagekit&tr=c-at_max,h-80,q-40,w-80","https://ik.imagekit.io/tvlk/ugc-review/guys1L+Yyer9kzI3sp-pb0CG1j2bhflZGFUZOoIf1YOBAm37kEUOKR41ieUZm7ZJ/ugc-photo-ap-southeast-1-581603780057-acd24e232f75f09e/REVIEW/292322524_REVIEW_1735633505819_ba984014c20da4e2?_src=imagekit&tr=c-at_max,h-80,q-40,w-80","https://ik.imagekit.io/tvlk/ugc-review/guys1L+Yyer9kzI3sp-pb0CG1j2bhflZGFUZOoIf1YOBAm37kEUOKR41ieUZm7ZJ/ugc-photo-ap-southeast-1-581603780057-acd24e232f75f09e/REVIEW/292322524_REVIEW_1735633505816_60b2685f9f100f2d?_src=imagekit&tr=c-at_max,h-80,q-40,w-80","https://ik.imagekit.io/tvlk/ugc-review/guys1L+Yyer9kzI3sp-pb0CG1j2bhflZGFUZOoIf1YOBAm37kEUOKR41ieUZm7ZJ/ugc-photo-ap-southeast-1-581603780057-acd24e232f75f09e/REVIEW/292322524_REVIEW_1735633505817_a0b62e7eb5270e37?_src=imagekit&tr=c-at_max,h-80,q-40,w-80","https://ik.imagekit.io/tvlk/ugc-review/guys1L+Yyer9kzI3sp-pb0CG1j2bhflZGFUZOoIf1YOBAm37kEUOKR41ieUZm7ZJ/ugc-photo-ap-southeast-1-581603780057-acd24e232f75f09e/REVIEW/292322524_REVIEW_1735633505817_e158cc3b534fee7e?_src=imagekit&tr=c-at_max,h-80,q-40,w-80","https://ik.imagekit.io/tvlk/ugc-review/guys1L+Yyer9kzI3sp-pb0CG1j2bhflZGFUZOoIf1YOBAm37kEUOKR41ieUZm7ZJ/ugc-photo-ap-southeast-1-581603780057-acd24e232f75f09e/REVIEW/292322524_REVIEW_1735633505817_a8e54a4e42e5b6f3?_src=imagekit&tr=c-at_max,h-80,q-40,w-80","https://ik.imagekit.io/tvlk/ugc-review/guys1L+Yyer9kzI3sp-pb0CG1j2bhflZGFUZOoIf1YOBAm37kEUOKR41ieUZm7ZJ/ugc-photo-ap-southeast-1-581603780057-acd24e232f75f09e/REVIEW/292322524_REVIEW_1735633505818_409ac278018274c2?_src=imagekit&tr=c-at_max,h-80,q-40,w-80","https://ik.imagekit.io/tvlk/ugc-review/guys1L+Yyer9kzI3sp-pb0CG1j2bhflZGFUZOoIf1YOBAm37kEUOKR41ieUZm7ZJ/ugc-photo-ap-southeast-1-581603780057-acd24e232f75f09e/REVIEW/292322524_REVIEW_1735633505818_c1ae4ee334412b33?_src=imagekit&tr=c-at_max,h-80,q-40,w-80","https://ik.imagekit.io/tvlk/ugc-review/guys1L+Yyer9kzI3sp-pb0CG1j2bhflZGFUZOoIf1YOBAm37kEUOKR41ieUZm7ZJ/ugc-photo-ap-southeast-1-581603780057-acd24e232f75f09e/REVIEW/292322524_REVIEW_1735633505819_986aad00145ee166?_src=imagekit&tr=c-at_max,h-80,q-40,w-80",,,,,,,,,,
https://www.traveloka.com/id-id/user/review/consumption/HOTEL/GENERAL/535726,2,10,"Ternyata hotelnya cukup unik. Hotel berada tepat di pintu belakang mal. Namun, lobby berada di lantai 3, jadi harus naik lift dulu. Kolam renang di lantai 5. Kamar hanya ada 3 lantai, yaitu 25-27 kalau saya tidak salah. Jadi, akses lift hanya bisa untuk 5 lantai tersebut. Kamarnya cukup kecil untuk harga segitu. Tidak terlalu kedap, sehingga masih terdengar suara kamar lain. Namun, untuk saya yang hanya menginap sendiri, it's oke. Sarapan enak, sesuai standar hotel bintang 3.",Diulas 79 minggu lalu,"https://ik.imagekit.io/tvlk/ugc-review/guys1L+Yyer9kzI3sp-pb0CG1j2bhflZGFUZOoIf1YOBAm37kEUOKR41ieUZm7ZJ/ugc-photo-ap-southeast-1-581603780057-acd24e232f75f09e/REVIEW/5140758_REVIEW_1730766216683_0b5cac18f7d6986d?_src=imagekit&tr=c-at_max,h-100,q-40,w-100","https://ik.imagekit.io/tvlk/ugc-review/guys1L+Yyer9kzI3sp-pb0CG1j2bhflZGFUZOoIf1YOBAm37kEUOKR41ieUZm7ZJ/ugc-photo-ap-southeast-1-581603780057-acd24e232f75f09e/REVIEW/5140758_REVIEW_1730766216683_b5633d2176b30634?_src=imagekit&tr=c-at_max,h-100,q-40,w-100","https://ik.imagekit.io/tvlk/ugc-review/guys1L+Yyer9kzI3sp-pb0CG1j2bhflZGFUZOoIf1YOBAm37kEUOKR41ieUZm7ZJ/ugc-photo-ap-southeast-1-581603780057-acd24e232f75f09e/REVIEW/5140758_REVIEW_1730766216683_a966d23ae9e52e4a?_src=imagekit&tr=c-at_max,h-100,q-40,w-100",,,,,,,,,,,,,,,,,
https://www.traveloka.com/id-id/user/review/consumption/HOTEL/GENERAL/535726,2,11,"Yang paling berkesan sih sarapannya ya, karena benar-benar bervariasi banget sampai bingung mau makan yang mana haha. Minus-nya ya hotel sebesar ini masa belum ada smart TV jadi gak bisa nonton Netflix huhu",Diulas 80 minggu lalu,"https://ik.imagekit.io/tvlk/ugc-review/guys1L+Yyer9kzI3sp-pb0CG1j2bhflZGFUZOoIf1YOBAm37kEUOKR41ieUZm7ZJ/ugc-photo-ap-southeast-1-581603780057-acd24e232f75f09e/REVIEW/264632167_REVIEW_1729998059965_7cdc816d68797e53?_src=imagekit&tr=c-at_max,h-100,q-40,w-100","https://ik.imagekit.io/tvlk/ugc-review/guys1L+Yyer9kzI3sp-pb0CG1j2bhflZGFUZOoIf1YOBAm37kEUOKR41ieUZm7ZJ/ugc-photo-ap-southeast-1-581603780057-acd24e232f75f09e/REVIEW/264632167_REVIEW_1729998059965_140b840a31437f34?_src=imagekit&tr=c-at_max,h-100,q-40,w-100","https://ik.imagekit.io/tvlk/ugc-review/guys1L+Yyer9kzI3sp-pb0CG1j2bhflZGFUZOoIf1YOBAm37kEUOKR41ieUZm7ZJ/ugc-photo-ap-southeast-1-581603780057-acd24e232f75f09e/REVIEW/264632167_REVIEW_1729998059965_5f8d9f90824ffa94?_src=imagekit&tr=c-at_max,h-100,q-40,w-100",,,,,,,,,,,,,,,,,
https://www.traveloka.com/id-id/user/review/consumption/HOTEL/GENERAL/535726,2,12,"Staff hotel ramah, kamar nyaman dan bersih.",Diulas 81 minggu lalu,"https://ik.imagekit.io/tvlk/ugc-review/guys1L+Yyer9kzI3sp-pb0CG1j2bhflZGFUZOoIf1YOBAm37kEUOKR41ieUZm7ZJ/ugc-photo-ap-southeast-1-581603780057-acd24e232f75f09e/REVIEW/230238610_REVIEW_1729518211016_19c228e9da324719?_src=imagekit&tr=c-at_max,h-100,q-40,w-100",,,,,,,,,,,,,,,,,,,
https://www.traveloka.com/id-id/user/review/consumption/HOTEL/GENERAL/535726,2,13,"Staff hotel sangat ramah, sangat membantu sekali proses check in. Aku kalau staycation selalu memilih hotel Santika Depok 🥰",Diulas 99 minggu lalu,"https://ik.imagekit.io/tvlk/ugc-review/guys1L+Yyer9kzI3sp-pb0CG1j2bhflZGFUZOoIf1YOBAm37kEUOKR41ieUZm7ZJ/ugc-photo-ap-southeast-1-581603780057-acd24e232f75f09e/REVIEW/156741279_REVIEW_1718527898443_f3557e1ff1d8ec75?_src=imagekit&tr=c-at_max,h-100,q-40,w-100",,,,,,,,,,,,,,,,,,,
https://www.traveloka.com/id-id/user/review/consumption/HOTEL/GENERAL/535726,2,14,Bersih pelayan ramah dan makanan nya enak cuy. Next balik lagi,Diulas 108 minggu lalu,"https://ik.imagekit.io/tvlk/ugc-review/guys1L+Yyer9kzI3sp-pb0CG1j2bhflZGFUZOoIf1YOBAm37kEUOKR41ieUZm7ZJ/ugc-photo-ap-southeast-1-581603780057-acd24e232f75f09e/ACCOMMODATION/221093326_ACCOMMODATION_1712992762239_cc048fc2a01701f2?_src=imagekit&tr=c-at_max,h-100,q-40,w-100",,,,,,,,,,,,,,,,,,,
https://www.traveloka.com/id-id/user/review/consumption/HOTEL/GENERAL/535726,2,15,Hotel lokasi strategis. Staff hotel sangat ramah sekali dan sangat membantu sekali. Recommended untuk liburan bersama keluarga. Kamar bersih. Nyaman semua fasilitas di kamar.,Diulas 108 minggu lalu,"https://ik.imagekit.io/tvlk/ugc-review/guys1L+Yyer9kzI3sp-pb0CG1j2bhflZGFUZOoIf1YOBAm37kEUOKR41ieUZm7ZJ/ugc-photo-ap-southeast-1-581603780057-acd24e232f75f09e/REVIEW/252556665_REVIEW_1712763692332_49c0a4111b4f2986?_src=imagekit&tr=c-at_max,h-100,q-40,w-100","https://ik.imagekit.io/tvlk/ugc-review/guys1L+Yyer9kzI3sp-pb0CG1j2bhflZGFUZOoIf1YOBAm37kEUOKR41ieUZm7ZJ/ugc-photo-ap-southeast-1-581603780057-acd24e232f75f09e/REVIEW/252556665_REVIEW_1712763710175_0aed6e1855edf417?_src=imagekit&tr=c-at_max,h-100,q-40,w-100",,,,,,,,,,,,,,,,,,
https://www.traveloka.com/id-id/user/review/consumption/HOTEL/GENERAL/535726,2,16,"Sangat bagus, Jos Gandoa.",Diulas 108 minggu lalu,"https://ik.imagekit.io/tvlk/ugc-review/guys1L+Yyer9kzI3sp-pb0CG1j2bhflZGFUZOoIf1YOBAm37kEUOKR41ieUZm7ZJ/ugc-photo-ap-southeast-1-581603780057-acd24e232f75f09e/REVIEW/308887915_REVIEW_1712718975360_3b53658a519d9dc7?_src=imagekit&tr=c-at_max,h-100,q-40,w-100",,,,,,,,,,,,,,,,,,,
https://www.traveloka.com/id-id/user/review/consumption/HOTEL/GENERAL/535726,2,17,"Proses check-in yang cepat dapat free parking, kamar sesuai dengan yang dipesan, staff ramah dan sigap, kamar bersih dan luas, hairdryer juga ada di kamar mandi, AC dingin tapi agak berisik dikit tapi masih oke, breakfast banyak pilihan dan setiap mau habis cepat refill lagi jadi enggak kosong, mungkin kamar bisa dibuat lebih kedap lagi karena kamar sebelah geser bangku terdengar dan kalau ada yang jalan di koridor sambil bicara juga terdengar, tapi selebihnya oke dan akan kembali lagi",Diulas 113 minggu lalu,"https://ik.imagekit.io/tvlk/ugc-review/guys1L+Yyer9kzI3sp-pb0CG1j2bhflZGFUZOoIf1YOBAm37kEUOKR41ieUZm7ZJ/ugc-photo-ap-southeast-1-581603780057-acd24e232f75f09e/REVIEW/50463820_REVIEW_1710243640382_0703baaabf7f4d41?_src=imagekit&tr=c-at_max,h-80,q-40,w-80","https://ik.imagekit.io/tvlk/ugc-review/guys1L+Yyer9kzI3sp-pb0CG1j2bhflZGFUZOoIf1YOBAm37kEUOKR41ieUZm7ZJ/ugc-photo-ap-southeast-1-581603780057-acd24e232f75f09e/REVIEW/50463820_REVIEW_1710243640382_81627a2bdd530857?_src=imagekit&tr=c-at_max,h-80,q-40,w-80","https://ik.imagekit.io/tvlk/ugc-review/guys1L+Yyer9kzI3sp-pb0CG1j2bhflZGFUZOoIf1YOBAm37kEUOKR41ieUZm7ZJ/ugc-photo-ap-southeast-1-581603780057-acd24e232f75f09e/REVIEW/50463820_REVIEW_1710243640382_bdddbb8918579752?_src=imagekit&tr=c-at_max,h-80,q-40,w-80","https://ik.imagekit.io/tvlk/ugc-review/guys1L+Yyer9kzI3sp-pb0CG1j2bhflZGFUZOoIf1YOBAm37kEUOKR41ieUZm7ZJ/ugc-photo-ap-southeast-1-581603780057-acd24e232f75f09e/REVIEW/50463820_REVIEW_1710243640383_074054df99654c0f?_src=imagekit&tr=c-at_max,h-80,q-40,w-80","https://ik.imagekit.io/tvlk/ugc-review/guys1L+Yyer9kzI3sp-pb0CG1j2bhflZGFUZOoIf1YOBAm37kEUOKR41ieUZm7ZJ/ugc-photo-ap-southeast-1-581603780057-acd24e232f75f09e/REVIEW/50463820_REVIEW_1710243640381_31372027ee35c484?_src=imagekit&tr=c-at_max,h-80,q-40,w-80","https://ik.imagekit.io/tvlk/ugc-review/guys1L+Yyer9kzI3sp-pb0CG1j2bhflZGFUZOoIf1YOBAm37kEUOKR41ieUZm7ZJ/ugc-photo-ap-southeast-1-581603780057-acd24e232f75f09e/REVIEW/50463820_REVIEW_1710243640381_7fc49da3a8172ef5?_src=imagekit&tr=c-at_max,h-80,q-40,w-80","https://ik.imagekit.io/tvlk/ugc-review/guys1L+Yyer9kzI3sp-pb0CG1j2bhflZGFUZOoIf1YOBAm37kEUOKR41ieUZm7ZJ/ugc-photo-ap-southeast-1-581603780057-acd24e232f75f09e/REVIEW/50463820_REVIEW_1710243640381_84321ff6028dbfcd?_src=imagekit&tr=c-at_max,h-80,q-40,w-80","https://ik.imagekit.io/tvlk/ugc-review/guys1L+Yyer9kzI3sp-pb0CG1j2bhflZGFUZOoIf1YOBAm37kEUOKR41ieUZm7ZJ/ugc-photo-ap-southeast-1-581603780057-acd24e232f75f09e/REVIEW/50463820_REVIEW_1710243640382_337a45f567c98d2e?_src=imagekit&tr=c-at_max,h-80,q-40,w-80","https://ik.imagekit.io/tvlk/ugc-review/guys1L+Yyer9kzI3sp-pb0CG1j2bhflZGFUZOoIf1YOBAm37kEUOKR41ieUZm7ZJ/ugc-photo-ap-southeast-1-581603780057-acd24e232f75f09e/REVIEW/50463820_REVIEW_1710243640382_b3d419cd75f4f58b?_src=imagekit&tr=c-at_max,h-80,q-40,w-80",,,,,,,,,,,
https://www.traveloka.com/id-id/user/review/consumption/HOTEL/GENERAL/535726,2,18,"Pengalaman menginap di malam pergantian tahun baru 2024 yang menyenangkan bersama keluarga, booking 2 kamar, alhamdulillah semua lancar, staff-nya ramah, menu makanannya variatif, cozy pokoknya rekomen, sayang kolam renang-nya kecil dan untuk ukuran dewasa, but it's ok anak-anak masih bisa merasakan momen berenang 🫰🏻 next bakal balik lagi, thank you hs depok dan Traveloka.",Diulas 120 minggu lalu,"https://ik.imagekit.io/tvlk/ugc-review/guys1L+Yyer9kzI3sp-pb0CG1j2bhflZGFUZOoIf1YOBAm37kEUOKR41ieUZm7ZJ/ugc-photo-ap-southeast-1-581603780057-acd24e232f75f09e/ACCOMMODATION/231595_ACCOMMODATION_1705596087427_4d409ff8dba260c6?_src=imagekit&tr=c-at_max,h-80,q-40,w-80","https://ik.imagekit.io/tvlk/ugc-review/guys1L+Yyer9kzI3sp-pb0CG1j2bhflZGFUZOoIf1YOBAm37kEUOKR41ieUZm7ZJ/ugc-photo-ap-southeast-1-581603780057-acd24e232f75f09e/ACCOMMODATION/231595_ACCOMMODATION_1705596087427_1cf00ab44faa8289?_src=imagekit&tr=c-at_max,h-80,q-40,w-80","https://ik.imagekit.io/tvlk/ugc-review/guys1L+Yyer9kzI3sp-pb0CG1j2bhflZGFUZOoIf1YOBAm37kEUOKR41ieUZm7ZJ/ugc-photo-ap-southeast-1-581603780057-acd24e232f75f09e/ACCOMMODATION/231595_ACCOMMODATION_1705596087426_b1e52cc22206ee1a?_src=imagekit&tr=c-at_max,h-80,q-40,w-80","https://ik.imagekit.io/tvlk/ugc-review/guys1L+Yyer9kzI3sp-pb0CG1j2bhflZGFUZOoIf1YOBAm37kEUOKR41ieUZm7ZJ/ugc-photo-ap-southeast-1-581603780057-acd24e232f75f09e/ACCOMMODATION/231595_ACCOMMODATION_1705596087426_21e6bde097158055?_src=imagekit&tr=c-at_max,h-80,q-40,w-80","https://ik.imagekit.io/tvlk/ugc-review/guys1L+Yyer9kzI3sp-pb0CG1j2bhflZGFUZOoIf1YOBAm37kEUOKR41ieUZm7ZJ/ugc-photo-ap-southeast-1-581603780057-acd24e232f75f09e/ACCOMMODATION/231595_ACCOMMODATION_1705596087426_15eb3e53c7b6005f?_src=imagekit&tr=c-at_max,h-80,q-40,w-80","https://ik.imagekit.io/tvlk/ugc-review/guys1L+Yyer9kzI3sp-pb0CG1j2bhflZGFUZOoIf1YOBAm37kEUOKR41ieUZm7ZJ/ugc-photo-ap-southeast-1-581603780057-acd24e232f75f09e/ACCOMMODATION/231595_ACCOMMODATION_1705596087427_81da80b2c98f00a0?_src=imagekit&tr=c-at_max,h-80,q-40,w-80","https://ik.imagekit.io/tvlk/ugc-review/guys1L+Yyer9kzI3sp-pb0CG1j2bhflZGFUZOoIf1YOBAm37kEUOKR41ieUZm7ZJ/ugc-photo-ap-southeast-1-581603780057-acd24e232f75f09e/ACCOMMODATION/231595_ACCOMMODATION_1705596323731_f0a3f15c97aeccd8?_src=imagekit&tr=c-at_max,h-80,q-40,w-80","https://ik.imagekit.io/tvlk/ugc-review/guys1L+Yyer9kzI3sp-pb0CG1j2bhflZGFUZOoIf1YOBAm37kEUOKR41ieUZm7ZJ/ugc-photo-ap-southeast-1-581603780057-acd24e232f75f09e/ACCOMMODATION/231595_ACCOMMODATION_1705596087427_cb8f3a0c554aa16e?_src=imagekit&tr=c-at_max,h-80,q-40,w-80",,,,,,,,,,,,
https://www.traveloka.com/id-id/user/review/consumption/HOTEL/GENERAL/535726,2,19,"Review jujur, untuk kamar-nya tidak terlalu besar dan ada kendala bocor, tetapi dengan sigap saya ditawarkan untuk pindah kamar. Pemandangan-nya bagus karena di lantai 27 huhu. Untuk makanan-nya, puas banget, banyak varian dan enak-enak.",Diulas 121 minggu lalu,"https://ik.imagekit.io/tvlk/ugc-review/guys1L+Yyer9kzI3sp-pb0CG1j2bhflZGFUZOoIf1YOBAm37kEUOKR41ieUZm7ZJ/ugc-photo-ap-southeast-1-581603780057-acd24e232f75f09e/ACCOMMODATION/19803590_ACCOMMODATION_1705302371102_5f870f3681924bc6?_src=imagekit&tr=c-at_max,h-100,q-40,w-100",,,,,,,,,,,,,,,,,,,
https://www.traveloka.com/id-id/user/review/consumption/HOTEL/GENERAL/535726,2,20,"Sarapan enak semua ngga ada yang fail, lobby juga luas bersih dan nyaman (ada welcome drink) proses check in juga cepet, kamar super bersih, AC dingin, kolam renang bersih, toilet bersih semuanya oke. Rate 9/10 recommended",Diulas 122 minggu lalu,"https://ik.imagekit.io/tvlk/ugc-review/guys1L+Yyer9kzI3sp-pb0CG1j2bhflZGFUZOoIf1YOBAm37kEUOKR41ieUZm7ZJ/ugc-photo-ap-southeast-1-581603780057-acd24e232f75f09e/ACCOMMODATION/17450837_ACCOMMODATION_1704701229364_091b8e6dc7f51054?_src=imagekit&tr=c-at_max,h-100,q-40,w-100","https://ik.imagekit.io/tvlk/ugc-review/guys1L+Yyer9kzI3sp-pb0CG1j2bhflZGFUZOoIf1YOBAm37kEUOKR41ieUZm7ZJ/ugc-photo-ap-southeast-1-581603780057-acd24e232f75f09e/ACCOMMODATION/17450837_ACCOMMODATION_1704701229365_d5959832340bde10?_src=imagekit&tr=c-at_max,h-100,q-40,w-100",,,,,,,,,,,,,,,,,,
https://www.traveloka.com/id-id/user/review/consumption/HOTEL/GENERAL/535726,3,1,"Pengalaman pertama menginap di Santika, alhamdulillah jadi pengalaman yang benar-benar luar biasa. Hospitality semua staff-nya 🩷 Liburan keluarga berkesan, dikasih kamar sesuai request, bersih dan nyaman. Menu breakfast-nya juga variatif, kolam renangnya bersih. Juara lah pokoknya, insyaAllah bakal balik lagi ke sini. Thank you ya Hotel Santika.",Diulas 122 minggu lalu,"https://ik.imagekit.io/tvlk/ugc-review/guys1L+Yyer9kzI3sp-pb0CG1j2bhflZGFUZOoIf1YOBAm37kEUOKR41ieUZm7ZJ/ugc-photo-ap-southeast-1-581603780057-acd24e232f75f09e/ACCOMMODATION/5727343_ACCOMMODATION_1704469757475_ad1e885ae178c0a6?_src=imagekit&tr=c-at_max,h-100,q-40,w-100","https://ik.imagekit.io/tvlk/ugc-review/guys1L+Yyer9kzI3sp-pb0CG1j2bhflZGFUZOoIf1YOBAm37kEUOKR41ieUZm7ZJ/ugc-photo-ap-southeast-1-581603780057-acd24e232f75f09e/ACCOMMODATION/5727343_ACCOMMODATION_1704469757475_1c66afaadd5509a6?_src=imagekit&tr=c-at_max,h-100,q-40,w-100","https://ik.imagekit.io/tvlk/ugc-review/guys1L+Yyer9kzI3sp-pb0CG1j2bhflZGFUZOoIf1YOBAm37kEUOKR41ieUZm7ZJ/ugc-photo-ap-southeast-1-581603780057-acd24e232f75f09e/ACCOMMODATION/5727343_ACCOMMODATION_1704469757475_a278336380ad0ccf?_src=imagekit&tr=c-at_max,h-100,q-40,w-100",,,,,,,,,,,,,,,,,
https://www.traveloka.com/id-id/user/review/consumption/HOTEL/GENERAL/535726,3,2,"Lokasi yang mudah diakses, begitu sampai disambut dengan hangat mulai dari security sampai front office. Sesuai dengan request saat order via aplikasi.",Diulas 129 minggu lalu,"https://ik.imagekit.io/tvlk/ugc-review/guys1L+Yyer9kzI3sp-pb0CG1j2bhflZGFUZOoIf1YOBAm37kEUOKR41ieUZm7ZJ/ugc-photo-ap-southeast-1-581603780057-acd24e232f75f09e/ACCOMMODATION/157678601_ACCOMMODATION_1700291075579_8daafe70b7c669cf?_src=imagekit&tr=c-at_max,h-80,q-40,w-80","https://ik.imagekit.io/tvlk/ugc-review/guys1L+Yyer9kzI3sp-pb0CG1j2bhflZGFUZOoIf1YOBAm37kEUOKR41ieUZm7ZJ/ugc-photo-ap-southeast-1-581603780057-acd24e232f75f09e/ACCOMMODATION/157678601_ACCOMMODATION_1700291075579_d28059ab922bb2e4?_src=imagekit&tr=c-at_max,h-80,q-40,w-80","https://ik.imagekit.io/tvlk/ugc-review/guys1L+Yyer9kzI3sp-pb0CG1j2bhflZGFUZOoIf1YOBAm37kEUOKR41ieUZm7ZJ/ugc-photo-ap-southeast-1-581603780057-acd24e232f75f09e/ACCOMMODATION/157678601_ACCOMMODATION_1700291075580_d0f18ed7a14f22db?_src=imagekit&tr=c-at_max,h-80,q-40,w-80","https://ik.imagekit.io/tvlk/ugc-review/guys1L+Yyer9kzI3sp-pb0CG1j2bhflZGFUZOoIf1YOBAm37kEUOKR41ieUZm7ZJ/ugc-photo-ap-southeast-1-581603780057-acd24e232f75f09e/ACCOMMODATION/157678601_ACCOMMODATION_1700291075581_02cc6bf821f09fc6?_src=imagekit&tr=c-at_max,h-80,q-40,w-80","https://ik.imagekit.io/tvlk/ugc-review/guys1L+Yyer9kzI3sp-pb0CG1j2bhflZGFUZOoIf1YOBAm37kEUOKR41ieUZm7ZJ/ugc-photo-ap-southeast-1-581603780057-acd24e232f75f09e/ACCOMMODATION/157678601_ACCOMMODATION_1700291075579_29a6bfb3382c9791?_src=imagekit&tr=c-at_max,h-80,q-40,w-80","https://ik.imagekit.io/tvlk/ugc-review/guys1L+Yyer9kzI3sp-pb0CG1j2bhflZGFUZOoIf1YOBAm37kEUOKR41ieUZm7ZJ/ugc-photo-ap-southeast-1-581603780057-acd24e232f75f09e/ACCOMMODATION/157678601_ACCOMMODATION_1700291075580_86cb8f9654a8a1f9?_src=imagekit&tr=c-at_max,h-80,q-40,w-80","https://ik.imagekit.io/tvlk/ugc-review/guys1L+Yyer9kzI3sp-pb0CG1j2bhflZGFUZOoIf1YOBAm37kEUOKR41ieUZm7ZJ/ugc-photo-ap-southeast-1-581603780057-acd24e232f75f09e/ACCOMMODATION/157678601_ACCOMMODATION_1700291075580_773dc744f7b55749?_src=imagekit&tr=c-at_max,h-80,q-40,w-80","https://ik.imagekit.io/tvlk/ugc-review/guys1L+Yyer9kzI3sp-pb0CG1j2bhflZGFUZOoIf1YOBAm37kEUOKR41ieUZm7ZJ/ugc-photo-ap-southeast-1-581603780057-acd24e232f75f09e/ACCOMMODATION/157678601_ACCOMMODATION_1700291075580_ed73472d90967ff5?_src=imagekit&tr=c-at_max,h-80,q-40,w-80",,,,,,,,,,,,
https://www.traveloka.com/id-id/user/review/consumption/HOTEL/GENERAL/535726,3,3,Kayak apartemen banget ini bukan hotel.,Diulas 134 minggu lalu,"https://ik.imagekit.io/tvlk/ugc-review/guys1L+Yyer9kzI3sp-pb0CG1j2bhflZGFUZOoIf1YOBAm37kEUOKR41ieUZm7ZJ/ugc-photo-ap-southeast-1-581603780057-acd24e232f75f09e/ACCOMMODATION/16247258_ACCOMMODATION_1697281803326_a1e0ee39d482b068?_src=imagekit&tr=c-at_max,h-100,q-40,w-100",,,,,,,,,,,,,,,,,,,
https://www.traveloka.com/id-id/user/review/consumption/HOTEL/GENERAL/535726,3,4,Luar biasa. Pengalaman tidur menyenangkan di Santika Hotel Depok. Pelayanan nya top banget lah,Diulas 144 minggu lalu,"https://ik.imagekit.io/tvlk/ugc-review/guys1L+Yyer9kzI3sp-pb0CG1j2bhflZGFUZOoIf1YOBAm37kEUOKR41ieUZm7ZJ/ugc-photo-ap-southeast-1-581603780057-acd24e232f75f09e/ACCOMMODATION/193133988_ACCOMMODATION_1691459970454_76eb0f2d75a3529d?_src=imagekit&tr=c-at_max,h-100,q-40,w-100","https://ik.imagekit.io/tvlk/ugc-review/guys1L+Yyer9kzI3sp-pb0CG1j2bhflZGFUZOoIf1YOBAm37kEUOKR41ieUZm7ZJ/ugc-photo-ap-southeast-1-581603780057-acd24e232f75f09e/ACCOMMODATION/193133988_ACCOMMODATION_1691459970454_a8442a80f976f1d6?_src=imagekit&tr=c-at_max,h-100,q-40,w-100","https://ik.imagekit.io/tvlk/ugc-review/guys1L+Yyer9kzI3sp-pb0CG1j2bhflZGFUZOoIf1YOBAm37kEUOKR41ieUZm7ZJ/ugc-photo-ap-southeast-1-581603780057-acd24e232f75f09e/ACCOMMODATION/193133988_ACCOMMODATION_1691459970454_7a061f904ecc0971?_src=imagekit&tr=c-at_max,h-100,q-40,w-100","https://ik.imagekit.io/tvlk/ugc-review/guys1L+Yyer9kzI3sp-pb0CG1j2bhflZGFUZOoIf1YOBAm37kEUOKR41ieUZm7ZJ/ugc-photo-ap-southeast-1-581603780057-acd24e232f75f09e/ACCOMMODATION/193133988_ACCOMMODATION_1691459970455_a10165cfa5ef190c?_src=imagekit&tr=c-at_max,h-100,q-40,w-100","https://ik.imagekit.io/tvlk/ugc-review/guys1L+Yyer9kzI3sp-pb0CG1j2bhflZGFUZOoIf1YOBAm37kEUOKR41ieUZm7ZJ/ugc-photo-ap-southeast-1-581603780057-acd24e232f75f09e/ACCOMMODATION/193133988_ACCOMMODATION_1691459970455_1e3836117669a517?_src=imagekit&tr=c-at_max,h-100,q-40,w-100","https://ik.imagekit.io/tvlk/ugc-review/guys1L+Yyer9kzI3sp-pb0CG1j2bhflZGFUZOoIf1YOBAm37kEUOKR41ieUZm7ZJ/ugc-photo-ap-southeast-1-581603780057-acd24e232f75f09e/ACCOMMODATION/193133988_ACCOMMODATION_1691459970455_e3d6a8c9af100825?_src=imagekit&tr=c-at_max,h-100,q-40,w-100",,,,,,,,,,,,,,
https://www.traveloka.com/id-id/user/review/consumption/HOTEL/GENERAL/535726,3,5,"Saya menikmati staycation di Hotel Santika Depok. Nilai plus buat Hotel Santika yakni, mendapatkan compliment air minum yang banyak di kamar, Ruangan kamarnya luas, saya pesan di executive, bersih, wangi, rasa sarapannya enak, dan saya minta fasilitas setrika diberikan secara free. Minusnya, AC kamar cuman satu, harusnya untuk ruangan lumayan besar dipasang AC central, kolam renang kecil, menu sarapan kurang variatif, cerealnya ga ada yang stars. Staff hotelnya ramah-ramah banget, dapat akses free parkir, dan dekat sekali dengan mall.",Diulas 153 minggu lalu,"https://ik.imagekit.io/tvlk/ugc-review/guys1L+Yyer9kzI3sp-pb0CG1j2bhflZGFUZOoIf1YOBAm37kEUOKR41ieUZm7ZJ/ugc-photo-ap-southeast-1-581603780057-acd24e232f75f09e/ACCOMMODATION/10157205_ACCOMMODATION_1685752334377_efb6e38536d36cf1?_src=imagekit&tr=c-at_max,h-80,q-40,w-80","https://ik.imagekit.io/tvlk/ugc-review/guys1L+Yyer9kzI3sp-pb0CG1j2bhflZGFUZOoIf1YOBAm37kEUOKR41ieUZm7ZJ/ugc-photo-ap-southeast-1-581603780057-acd24e232f75f09e/ACCOMMODATION/10157205_ACCOMMODATION_1685752334377_a4bcf6f3f3b32dce?_src=imagekit&tr=c-at_max,h-80,q-40,w-80","https://ik.imagekit.io/tvlk/ugc-review/guys1L+Yyer9kzI3sp-pb0CG1j2bhflZGFUZOoIf1YOBAm37kEUOKR41ieUZm7ZJ/ugc-photo-ap-southeast-1-581603780057-acd24e232f75f09e/ACCOMMODATION/10157205_ACCOMMODATION_1685752334378_4318bd7a8224e10a?_src=imagekit&tr=c-at_max,h-80,q-40,w-80","https://ik.imagekit.io/tvlk/ugc-review/guys1L+Yyer9kzI3sp-pb0CG1j2bhflZGFUZOoIf1YOBAm37kEUOKR41ieUZm7ZJ/ugc-photo-ap-southeast-1-581603780057-acd24e232f75f09e/ACCOMMODATION/10157205_ACCOMMODATION_1685752334378_832042ad20c2aba8?_src=imagekit&tr=c-at_max,h-80,q-40,w-80","https://ik.imagekit.io/tvlk/ugc-review/guys1L+Yyer9kzI3sp-pb0CG1j2bhflZGFUZOoIf1YOBAm37kEUOKR41ieUZm7ZJ/ugc-photo-ap-southeast-1-581603780057-acd24e232f75f09e/ACCOMMODATION/10157205_ACCOMMODATION_1685752334378_1b303c3f45c86a37?_src=imagekit&tr=c-at_max,h-80,q-40,w-80","https://ik.imagekit.io/tvlk/ugc-review/guys1L+Yyer9kzI3sp-pb0CG1j2bhflZGFUZOoIf1YOBAm37kEUOKR41ieUZm7ZJ/ugc-photo-ap-southeast-1-581603780057-acd24e232f75f09e/ACCOMMODATION/10157205_ACCOMMODATION_1685752334379_483651ace2886407?_src=imagekit&tr=c-at_max,h-80,q-40,w-80","https://ik.imagekit.io/tvlk/ugc-review/guys1L+Yyer9kzI3sp-pb0CG1j2bhflZGFUZOoIf1YOBAm37kEUOKR41ieUZm7ZJ/ugc-photo-ap-southeast-1-581603780057-acd24e232f75f09e/ACCOMMODATION/10157205_ACCOMMODATION_1685752334379_a09ccf68648bdec1?_src=imagekit&tr=c-at_max,h-80,q-40,w-80","https://ik.imagekit.io/tvlk/ugc-review/guys1L+Yyer9kzI3sp-pb0CG1j2bhflZGFUZOoIf1YOBAm37kEUOKR41ieUZm7ZJ/ugc-photo-ap-southeast-1-581603780057-acd24e232f75f09e/ACCOMMODATION/10157205_ACCOMMODATION_1685752334380_f003b29d67017376?_src=imagekit&tr=c-at_max,h-80,q-40,w-80","https://ik.imagekit.io/tvlk/ugc-review/guys1L+Yyer9kzI3sp-pb0CG1j2bhflZGFUZOoIf1YOBAm37kEUOKR41ieUZm7ZJ/ugc-photo-ap-southeast-1-581603780057-acd24e232f75f09e/ACCOMMODATION/10157205_ACCOMMODATION_1685752334380_e5caba8082cb5cd8?_src=imagekit&tr=c-at_max,h-80,q-40,w-80",,,,,,,,,,,
https://www.traveloka.com/id-id/user/review/consumption/HOTEL/GENERAL/535726,3,6,"Kamar tidak terlalu luas, kamar mandi mungil. Tapi bersih dan nyaman. AC dingin (pake AC lokal ada remote), di saat cuaca di luar panas, pas pertama kita masuk kamar langsung nyes, AC sudah dinyalakan sebelum kita dateng dan sudah dingin. Service yang top markotop, jos markojos. Hal kecil tapi sangat membuat tamu terkesan dan tambah kerasan. Breakfast B aja (biaya tambahan breakfast 150 ribu/orang). Ada akses ke mall bisa makan Ta Wan, Burger King, Gokkana, Dapur Solo, Penyetan Cok, Kopi Kenangan dan lain-lain. Silahkan dipilih dan dibandingkan. 😁😁😅",Diulas 159 minggu lalu,"https://ik.imagekit.io/tvlk/ugc-review/guys1L+Yyer9kzI3sp-pb0CG1j2bhflZGFUZOoIf1YOBAm37kEUOKR41ieUZm7ZJ/ugc-photo-ap-southeast-1-581603780057-acd24e232f75f09e/ACCOMMODATION/10555177_ACCOMMODATION_1682212194488_5cdb544d633f82ba?_src=imagekit&tr=c-at_max,h-100,q-40,w-100",,,,,,,,,,,,,,,,,,,
https://www.traveloka.com/id-id/user/review/consumption/HOTEL/GENERAL/535726,3,7,"Kamarnya nyaman dan alat mandinya lengkap, menu sarapannya enak.",Diulas 165 minggu lalu,"https://ik.imagekit.io/tvlk/ugc-review/guys1L+Yyer9kzI3sp-pb0CG1j2bhflZGFUZOoIf1YOBAm37kEUOKR41ieUZm7ZJ/ugc-photo-ap-southeast-1-581603780057-acd24e232f75f09e/ACCOMMODATION/92185123_ACCOMMODATION_1678611915367_a4a0eb601cb9ec0e?_src=imagekit&tr=c-at_max,h-100,q-40,w-100",,,,,,,,,,,,,,,,,,,
https://www.traveloka.com/id-id/user/review/consumption/HOTEL/GENERAL/535726,3,8,"Rekomen sih kalau hanya untuk sekedar staycation, semua staffnya baik-baik dan ramah banget, request ucapan di kasih free cake juga, cake nya gede pula. Kamar bersih, dan lengkap hanya saja saya request bebas asap rokok tapi dikasih yang no smoking. Sarapannya juga banyak banget pilihan dan enak-enak. Next semoga bisa staycation lagi di sini",Diulas 172 minggu lalu,"https://ik.imagekit.io/tvlk/ugc-review/guys1L+Yyer9kzI3sp-pb0CG1j2bhflZGFUZOoIf1YOBAm37kEUOKR41ieUZm7ZJ/ugc-photo-ap-southeast-1-581603780057-acd24e232f75f09e/ACCOMMODATION/234725732_ACCOMMODATION_1674465986493_10c4ad75460af714?_src=imagekit&tr=c-at_max,h-100,q-40,w-100","https://ik.imagekit.io/tvlk/ugc-review/guys1L+Yyer9kzI3sp-pb0CG1j2bhflZGFUZOoIf1YOBAm37kEUOKR41ieUZm7ZJ/ugc-photo-ap-southeast-1-581603780057-acd24e232f75f09e/ACCOMMODATION/234725732_ACCOMMODATION_1674465986494_fd3d07755469309e?_src=imagekit&tr=c-at_max,h-100,q-40,w-100",,,,,,,,,,,,,,,,,,
https://www.traveloka.com/id-id/user/review/consumption/HOTEL/GENERAL/535726,3,9,Pelayanan dan keramahan staf hotel sangat baik. Sarapannya juga enak. Hotel ini terhubung dengan Depok Mall sehingga sangat nyaman ketika kami ingin berjalan-jalan atau berbelanja. Kamarnya juga bersih. Saya lupa dompet saya setelah sarapan dan meninggalkannya di restoran. Saya menyadarinya saat check-out. Mereka menyimpan dompet saya dengan aman sampai saya mengambilnya kembali. Secara keseluruhan tidak ada keluhan. Penginapan yang menyenangkan! 👍🏼,Diulas 175 minggu lalu,"https://ik.imagekit.io/tvlk/ugc-review/guys1L+Yyer9kzI3sp-pb0CG1j2bhflZGFUZOoIf1YOBAm37kEUOKR41ieUZm7ZJ/ugc-photo-ap-southeast-1-581603780057-acd24e232f75f09e/ACCOMMODATION/6040577_ACCOMMODATION_1672488554083_6093c3f5b66a9de7?_src=imagekit&tr=c-at_max,h-100,q-40,w-100",,,,,,,,,,,,,,,,,,,
https://www.traveloka.com/id-id/user/review/consumption/HOTEL/GENERAL/535726,3,10,"Kamar memang kecil tapi tempat tidur juga kecil, konsep hotel urban mungkin. Kolam renang tercium bau sampah dari sekitar. Enaknya bersebelahan dengan Depok Mall. Makanan standar",Diulas 176 minggu lalu,"https://ik.imagekit.io/tvlk/ugc-review/guys1L+Yyer9kzI3sp-pb0CG1j2bhflZGFUZOoIf1YOBAm37kEUOKR41ieUZm7ZJ/ugc-photo-ap-southeast-1-581603780057-acd24e232f75f09e/ACCOMMODATION/16917115_ACCOMMODATION_1671965158413_ce55aeca594e6624?_src=imagekit&tr=c-at_max,h-100,q-40,w-100","https://ik.imagekit.io/tvlk/ugc-review/guys1L+Yyer9kzI3sp-pb0CG1j2bhflZGFUZOoIf1YOBAm37kEUOKR41ieUZm7ZJ/ugc-photo-ap-southeast-1-581603780057-acd24e232f75f09e/ACCOMMODATION/16917115_ACCOMMODATION_1671965158413_b44a9f277ae82b5d?_src=imagekit&tr=c-at_max,h-100,q-40,w-100",,,,,,,,,,,,,,,,,,
https://www.traveloka.com/id-id/user/review/consumption/HOTEL/GENERAL/535726,3,11,Breakfast nya enak semua. Untuk kamar deluxe kenapa gak ada cantelan untuk handuk di kamar mandi ya? Untuk lainnya oke semua. Pelayanannya oke banget. Ramah,Diulas 179 minggu lalu,"https://ik.imagekit.io/tvlk/ugc-review/guys1L+Yyer9kzI3sp-pb0CG1j2bhflZGFUZOoIf1YOBAm37kEUOKR41ieUZm7ZJ/ugc-photo-ap-southeast-1-581603780057-acd24e232f75f09e/ACCOMMODATION/7123326_ACCOMMODATION_1670231417919_323fb26c13a39c95?_src=imagekit&tr=c-at_max,h-100,q-40,w-100","https://ik.imagekit.io/tvlk/ugc-review/guys1L+Yyer9kzI3sp-pb0CG1j2bhflZGFUZOoIf1YOBAm37kEUOKR41ieUZm7ZJ/ugc-photo-ap-southeast-1-581603780057-acd24e232f75f09e/ACCOMMODATION/7123326_ACCOMMODATION_1670231417919_deab153ea2e003bc?_src=imagekit&tr=c-at_max,h-100,q-40,w-100",,,,,,,,,,,,,,,,,,
https://www.traveloka.com/id-id/user/review/consumption/HOTEL/GENERAL/535726,3,12,"Emang cocok banget buat staycation bareng temen atau keluarga, fasilitas yang disediakan lumayan, resepsionis nya menjelaskan dan menawarkan ruang kamar dengan detail dan no kendaraan dicatat supaya parkir jadi gratis, fasilitas kamarnya juga udah oke semuanya udah tersedia dan water heater nya juga berfungsi baik, sarapannya juga makanannya variannya banyak dan enak.",Diulas 188 minggu lalu,"https://ik.imagekit.io/tvlk/ugc-review/guys1L+Yyer9kzI3sp-pb0CG1j2bhflZGFUZOoIf1YOBAm37kEUOKR41ieUZm7ZJ/ugc-photo-ap-southeast-1-581603780057-acd24e232f75f09e/ACCOMMODATION/234803753_ACCOMMODATION_1664430379362_9a86ec82735babd3?_src=imagekit&tr=c-at_max,h-100,q-40,w-100","https://ik.imagekit.io/tvlk/ugc-review/guys1L+Yyer9kzI3sp-pb0CG1j2bhflZGFUZOoIf1YOBAm37kEUOKR41ieUZm7ZJ/ugc-photo-ap-southeast-1-581603780057-acd24e232f75f09e/ACCOMMODATION/234803753_ACCOMMODATION_1664430379362_e2d54ffa677440a9?_src=imagekit&tr=c-at_max,h-100,q-40,w-100",,,,,,,,,,,,,,,,,,
https://www.traveloka.com/id-id/user/review/consumption/HOTEL/GENERAL/535726,3,13,Saya sangat senang menginap di sini.,Diulas 190 minggu lalu,"https://ik.imagekit.io/tvlk/ugc-review/guys1L+Yyer9kzI3sp-pb0CG1j2bhflZGFUZOoIf1YOBAm37kEUOKR41ieUZm7ZJ/ugc-photo-ap-southeast-1-581603780057-acd24e232f75f09e/ACCOMMODATION/3984907_ACCOMMODATION_1663477892685_21c2f7ca4d07eeb6?_src=imagekit&tr=c-at_max,h-100,q-40,w-100",,,,,,,,,,,,,,,,,,,
https://www.traveloka.com/id-id/user/review/consumption/HOTEL/GENERAL/535726,3,14,tempat yang bagus dan pengalaman yang terjangkau,Diulas 225 minggu lalu,"https://ik.imagekit.io/tvlk/ugc-review/guys1L+Yyer9kzI3sp-pb0CG1j2bhflZGFUZOoIf1YOBAm37kEUOKR41ieUZm7ZJ/ugc-photo-ap-southeast-1-581603780057-acd24e232f75f09e/ACCOMMODATION/4971978_ACCOMMODATION_1642327416720_ecad181caaf28a96?_src=imagekit&tr=c-at_max,h-100,q-40,w-100",,,,,,,,,,,,,,,,,,,
https://www.traveloka.com/id-id/user/review/consumption/HOTEL/GENERAL/535726,3,15,"Waktu check in tidak bisa tepat waktu, harus menunggu sekitar 15 s.d 20 menit an untuk bisa mendapatkan kamar. Fasilitas kamar kurang nyaman karena sprei walau rapi tapi nampak ada noda-noda yang lumayan banyak. Handuk juga bau kurang enak seperti tidak kering (dua2nya) mungkin karena buru-buru dibersihin, saat masuk kamar juga masih terkesan ada basah-basah di lantai dan di kamar mandi (apa mungkin seperti bekas semprotan disinfektan ya?). Jadi jika hendak menginap di sini sebaiknya minta jaminan bisa check in on time dan kamar benar-benar ready supaya tidak mendapatkan kamar yang buru-buru dibersihin.",Diulas 228 minggu lalu,"https://ik.imagekit.io/tvlk/ugc-review/guys1L+Yyer9kzI3sp-pb0CG1j2bhflZGFUZOoIf1YOBAm37kEUOKR41ieUZm7ZJ/ugc-photo-ap-southeast-1-581603780057-acd24e232f75f09e/ACCOMMODATION/128099987_ACCOMMODATION_1640407845025_e6af29e0bb5e147a?_src=imagekit&tr=c-at_max,h-100,q-40,w-100","https://ik.imagekit.io/tvlk/ugc-review/guys1L+Yyer9kzI3sp-pb0CG1j2bhflZGFUZOoIf1YOBAm37kEUOKR41ieUZm7ZJ/ugc-photo-ap-southeast-1-581603780057-acd24e232f75f09e/ACCOMMODATION/128099987_ACCOMMODATION_1640407869174_f9c18c3672fc2e39?_src=imagekit&tr=c-at_max,h-100,q-40,w-100",,,,,,,,,,,,,,,,,,
https://www.traveloka.com/id-id/user/review/consumption/HOTEL/GENERAL/535726,3,16,"Puas, hanya soal breakfast krn pandemi jadi mungkin pelayanan buffe beda dengan sebelum pandemi ,menu di ambilkan oleh pihak hotel .so far so good karna ikut prokes",Diulas 228 minggu lalu,"https://ik.imagekit.io/tvlk/ugc-review/guys1L+Yyer9kzI3sp-pb0CG1j2bhflZGFUZOoIf1YOBAm37kEUOKR41ieUZm7ZJ/ugc-photo-ap-southeast-1-581603780057-acd24e232f75f09e/ACCOMMODATION/134777727_ACCOMMODATION_1640316573113_0ed8bb87d7c27a4b?_src=imagekit&tr=c-at_max,h-100,q-40,w-100",,,,,,,,,,,,,,,,,,,
https://www.traveloka.com/id-id/user/review/consumption/HOTEL/GENERAL/535726,3,17,"Mantap, view saat malam hari tidak mengecewakan, pelayanan okeeee, sudah 2x menginap disini",Diulas 228 minggu lalu,"https://ik.imagekit.io/tvlk/ugc-review/guys1L+Yyer9kzI3sp-pb0CG1j2bhflZGFUZOoIf1YOBAm37kEUOKR41ieUZm7ZJ/ugc-photo-ap-southeast-1-581603780057-acd24e232f75f09e/ACCOMMODATION/21357967_ACCOMMODATION_1640258933139_2826c9c17badcadd?_src=imagekit&tr=c-at_max,h-100,q-40,w-100",,,,,,,,,,,,,,,,,,,
https://www.traveloka.com/id-id/user/review/consumption/HOTEL/GENERAL/535726,3,18,"Pelayanannya ramah, free sarapan, harga relatif murah.",Diulas 232 minggu lalu,"https://ik.imagekit.io/tvlk/ugc-review/guys1L+Yyer9kzI3sp-pb0CG1j2bhflZGFUZOoIf1YOBAm37kEUOKR41ieUZm7ZJ/ugc-photo-ap-southeast-1-581603780057-acd24e232f75f09e/ACCOMMODATION/9694621_ACCOMMODATION_1637668769276_7119b9b61b87b538?_src=imagekit&tr=c-at_max,h-100,q-40,w-100","https://ik.imagekit.io/tvlk/ugc-review/guys1L+Yyer9kzI3sp-pb0CG1j2bhflZGFUZOoIf1YOBAm37kEUOKR41ieUZm7ZJ/ugc-photo-ap-southeast-1-581603780057-acd24e232f75f09e/ACCOMMODATION/9694621_ACCOMMODATION_1637668769277_343711637469baeb?_src=imagekit&tr=c-at_max,h-100,q-40,w-100",,,,,,,,,,,,,,,,,,
https://www.traveloka.com/id-id/user/review/consumption/HOTEL/GENERAL/535726,3,19,"Kamarnya nya bersih, perlengkapan mandinya komplit dan makannya enak-enak semua terima kasih HS👍🏻♥️",Diulas 242 minggu lalu,"https://ik.imagekit.io/tvlk/ugc-review/guys1L+Yyer9kzI3sp-pb0CG1j2bhflZGFUZOoIf1YOBAm37kEUOKR41ieUZm7ZJ/ugc-photo-ap-southeast-1-581603780057-acd24e232f75f09e/ACCOMMODATION/16305581_ACCOMMODATION_1632027521874_facf1539e31ac7c2?_src=imagekit&tr=c-at_max,h-100,q-40,w-100",,,,,,,,,,,,,,,,,,,
https://www.traveloka.com/id-id/user/review/consumption/HOTEL/GENERAL/535726,3,20,Cukup bagus karena bisa melihat pemandangan kota,Diulas 252 minggu lalu,"https://ik.imagekit.io/tvlk/ugc-review/guys1L+Yyer9kzI3sp-pb0CG1j2bhflZGFUZOoIf1YOBAm37kEUOKR41ieUZm7ZJ/ugc-photo-ap-southeast-1-581603780057-acd24e232f75f09e/ACCOMMODATION/180921015_ACCOMMODATION_1624847412970_eb73c7582515bc72?_src=imagekit&tr=c-at_max,h-100,q-40,w-100",,,,,,,,,,,,,,,,,,,
https://www.traveloka.com/id-id/user/review/consumption/HOTEL/GENERAL/535726,4,1,"Aku sangat menikmati mengadakan acara bridal shower untuk teman-teman kemarin, dengan gaya Uhuy.",Diulas 257 minggu lalu,"https://ik.imagekit.io/tvlk/ugc-review/guys1L+Yyer9kzI3sp-pb0CG1j2bhflZGFUZOoIf1YOBAm37kEUOKR41ieUZm7ZJ/ugc-photo-ap-southeast-1-581603780057-acd24e232f75f09e/ACCOMMODATION/4267860_ACCOMMODATION_1622894502012_ac7fc17ac0b52c4e?_src=imagekit&tr=c-at_max,h-100,q-40,w-100",,,,,,,,,,,,,,,,,,,
https://www.traveloka.com/id-id/user/review/consumption/HOTEL/GENERAL/535726,4,2,"Mantap, terima kasih Santika Depok. Pengalaman yang berharga, semuanya ramah dan sangat dibantu sampai saya check out dari hotel. Terima kasih semua.",Diulas 262 minggu lalu,"https://ik.imagekit.io/tvlk/ugc-review/guys1L+Yyer9kzI3sp-pb0CG1j2bhflZGFUZOoIf1YOBAm37kEUOKR41ieUZm7ZJ/ugc-photo-ap-southeast-1-581603780057-acd24e232f75f09e/ACCOMMODATION/16584214_ACCOMMODATION_1619512664986_45c61b1cac7f6f16?_src=imagekit&tr=c-at_max,h-100,q-40,w-100","https://ik.imagekit.io/tvlk/ugc-review/guys1L+Yyer9kzI3sp-pb0CG1j2bhflZGFUZOoIf1YOBAm37kEUOKR41ieUZm7ZJ/ugc-photo-ap-southeast-1-581603780057-acd24e232f75f09e/ACCOMMODATION/16584214_ACCOMMODATION_1619512664986_6d29da12e4fea072?_src=imagekit&tr=c-at_max,h-100,q-40,w-100",,,,,,,,,,,,,,,,,,
https://www.traveloka.com/id-id/user/review/consumption/HOTEL/GENERAL/535726,4,3,"Mantap, tapi peralatan sudah kuno",Diulas 262 minggu lalu,"https://ik.imagekit.io/tvlk/ugc-review/guys1L+Yyer9kzI3sp-pb0CG1j2bhflZGFUZOoIf1YOBAm37kEUOKR41ieUZm7ZJ/ugc-photo-ap-southeast-1-581603780057-acd24e232f75f09e/ACCOMMODATION/16809790_ACCOMMODATION_1619603825789_e3078f60064a7db2?_src=imagekit&tr=c-at_max,h-100,q-40,w-100",,,,,,,,,,,,,,,,,,,
https://www.traveloka.com/id-id/user/review/consumption/HOTEL/GENERAL/535726,4,4,"Hotelnya sangat bagus dan juga bersih , staff-nya semua ramah hanya saja makanannya menurut saya kurang ada rasa, selama 2 hari saya menginap disini sangat mengesankan kecuali makanannya semoga kedepannya diperbaiki ☺️",Diulas 265 minggu lalu,"https://ik.imagekit.io/tvlk/ugc-review/guys1L+Yyer9kzI3sp-pb0CG1j2bhflZGFUZOoIf1YOBAm37kEUOKR41ieUZm7ZJ/ugc-photo-ap-southeast-1-581603780057-acd24e232f75f09e/ACCOMMODATION/17585727_ACCOMMODATION_1618315390862_34bb0350551dcafb?_src=imagekit&tr=c-at_max,h-80,q-40,w-80","https://ik.imagekit.io/tvlk/ugc-review/guys1L+Yyer9kzI3sp-pb0CG1j2bhflZGFUZOoIf1YOBAm37kEUOKR41ieUZm7ZJ/ugc-photo-ap-southeast-1-581603780057-acd24e232f75f09e/ACCOMMODATION/17585727_ACCOMMODATION_1618315390863_8d0ce29756786d43?_src=imagekit&tr=c-at_max,h-80,q-40,w-80","https://ik.imagekit.io/tvlk/ugc-review/guys1L+Yyer9kzI3sp-pb0CG1j2bhflZGFUZOoIf1YOBAm37kEUOKR41ieUZm7ZJ/ugc-photo-ap-southeast-1-581603780057-acd24e232f75f09e/ACCOMMODATION/17585727_ACCOMMODATION_1618315390863_171ab9ea74ab1d4a?_src=imagekit&tr=c-at_max,h-80,q-40,w-80","https://ik.imagekit.io/tvlk/ugc-review/guys1L+Yyer9kzI3sp-pb0CG1j2bhflZGFUZOoIf1YOBAm37kEUOKR41ieUZm7ZJ/ugc-photo-ap-southeast-1-581603780057-acd24e232f75f09e/ACCOMMODATION/17585727_ACCOMMODATION_1618315390863_c6005732221174af?_src=imagekit&tr=c-at_max,h-80,q-40,w-80","https://ik.imagekit.io/tvlk/ugc-review/guys1L+Yyer9kzI3sp-pb0CG1j2bhflZGFUZOoIf1YOBAm37kEUOKR41ieUZm7ZJ/ugc-photo-ap-southeast-1-581603780057-acd24e232f75f09e/ACCOMMODATION/17585727_ACCOMMODATION_1618315390863_333dd9335e901768?_src=imagekit&tr=c-at_max,h-80,q-40,w-80","https://ik.imagekit.io/tvlk/ugc-review/guys1L+Yyer9kzI3sp-pb0CG1j2bhflZGFUZOoIf1YOBAm37kEUOKR41ieUZm7ZJ/ugc-photo-ap-southeast-1-581603780057-acd24e232f75f09e/ACCOMMODATION/17585727_ACCOMMODATION_1618315390863_4d466e87600bc6d2?_src=imagekit&tr=c-at_max,h-80,q-40,w-80","https://ik.imagekit.io/tvlk/ugc-review/guys1L+Yyer9kzI3sp-pb0CG1j2bhflZGFUZOoIf1YOBAm37kEUOKR41ieUZm7ZJ/ugc-photo-ap-southeast-1-581603780057-acd24e232f75f09e/ACCOMMODATION/17585727_ACCOMMODATION_1618315390864_6b796a7eb8bb82b4?_src=imagekit&tr=c-at_max,h-80,q-40,w-80","https://ik.imagekit.io/tvlk/ugc-review/guys1L+Yyer9kzI3sp-pb0CG1j2bhflZGFUZOoIf1YOBAm37kEUOKR41ieUZm7ZJ/ugc-photo-ap-southeast-1-581603780057-acd24e232f75f09e/ACCOMMODATION/17585727_ACCOMMODATION_1618315390864_de17a4ffcf6891a8?_src=imagekit&tr=c-at_max,h-80,q-40,w-80",,,,,,,,,,,,
https://www.traveloka.com/id-id/user/review/consumption/HOTEL/GENERAL/535726,4,5,Gorden kotor... posisi shower mepet dg keran jd mandi g enak nabrak2 keran... dan kebetulan kolam renangnya lg g boleh dipakai... 😐 terus utk parkir harusnya tiap tamu yg dtg diberitahu prosedurnya hrs seperti apa.,Diulas 266 minggu lalu,"https://ik.imagekit.io/tvlk/ugc-review/guys1L+Yyer9kzI3sp-pb0CG1j2bhflZGFUZOoIf1YOBAm37kEUOKR41ieUZm7ZJ/ugc-photo-ap-southeast-1-581603780057-acd24e232f75f09e/ACCOMMODATION/3991436_ACCOMMODATION_1617532902111_35c62b1515ab3fb3?_src=imagekit&tr=c-at_max,h-100,q-40,w-100",,,,,,,,,,,,,,,,,,,
https://www.traveloka.com/id-id/user/review/consumption/HOTEL/GENERAL/535726,4,6,"Pelayanan ramah, dikasi welcome drink wedang, protokol kesehatan oke, di kamar disediakan odol, dan lain-lain.",Diulas 281 minggu lalu,"https://ik.imagekit.io/tvlk/ugc-review/guys1L+Yyer9kzI3sp-pb0CG1j2bhflZGFUZOoIf1YOBAm37kEUOKR41ieUZm7ZJ/ugc-photo-ap-southeast-1-581603780057-acd24e232f75f09e/ACCOMMODATION/19843003_ACCOMMODATION_1608534970310_7904bf675db60acf?_src=imagekit&tr=c-at_max,h-100,q-40,w-100","https://ik.imagekit.io/tvlk/ugc-review/guys1L+Yyer9kzI3sp-pb0CG1j2bhflZGFUZOoIf1YOBAm37kEUOKR41ieUZm7ZJ/ugc-photo-ap-southeast-1-581603780057-acd24e232f75f09e/ACCOMMODATION/19843003_ACCOMMODATION_1608534970310_b30ead8b565fb46e?_src=imagekit&tr=c-at_max,h-100,q-40,w-100","https://ik.imagekit.io/tvlk/ugc-review/guys1L+Yyer9kzI3sp-pb0CG1j2bhflZGFUZOoIf1YOBAm37kEUOKR41ieUZm7ZJ/ugc-photo-ap-southeast-1-581603780057-acd24e232f75f09e/ACCOMMODATION/19843003_ACCOMMODATION_1608534970311_7548a1e0ee8ad464?_src=imagekit&tr=c-at_max,h-100,q-40,w-100",,,,,,,,,,,,,,,,,
https://www.traveloka.com/id-id/user/review/consumption/HOTEL/GENERAL/535726,4,7,"mati lampu 15menit, ko' bisa genset tidak langsung nyala...sarapan makanan nya enak tp menu nya sedikittttt banget cuma 4 stall...kolam renng nya tidak bisa dan tidak ada kids activity",Diulas 290 minggu lalu,"https://ik.imagekit.io/tvlk/ugc-review/guys1L+Yyer9kzI3sp-pb0CG1j2bhflZGFUZOoIf1YOBAm37kEUOKR41ieUZm7ZJ/ugc-photo-ap-southeast-1-581603780057-acd24e232f75f09e/ACCOMMODATION/68266038_ACCOMMODATION_1602809710422_f1b5018b19f3bdb0?_src=imagekit&tr=c-at_max,h-100,q-40,w-100",,,,,,,,,,,,,,,,,,,
https://www.traveloka.com/id-id/user/review/consumption/HOTEL/GENERAL/535726,4,8,Kali kedua menginap disini so nice. Sosisnya mantul.,Diulas 290 minggu lalu,"https://ik.imagekit.io/tvlk/ugc-review/guys1L+Yyer9kzI3sp-pb0CG1j2bhflZGFUZOoIf1YOBAm37kEUOKR41ieUZm7ZJ/ugc-photo-ap-southeast-1-581603780057-acd24e232f75f09e/ACCOMMODATION/16832503_ACCOMMODATION_1602668524209_d9e4613f6a21635f?_src=imagekit&tr=c-at_max,h-100,q-40,w-100",,,,,,,,,,,,,,,,,,,
https://www.traveloka.com/id-id/user/review/consumption/HOTEL/GENERAL/535726,4,9,"Hotel yg menyenangkan, parkir saya dapat dekat lobby yg kebetulan. Sedang kosong, dan yang mengagumkan protokol kesehatannya di jaga, pertama sampai di lobby sudah di suguhi cek suhu dan disinfektan yg disemprotkan ke alas kaki, kemudian menuju ke lobby checkin melalui lift sebelum lift terdapat hand sanitizer, saat checkin diberikan welcome drink minuman jahe, proses checkin jg hanya 5 menit, kemudian saat sampai di dalam kamar pun ada masker sepasang, top deh untuk protokolnya, kebetulan saya dapat di kamar 2736 top floor (superior king staycation offer), dan disuguhi pemandangan kota depok dan sekitarnya, untuk kamar lengkap ada safety box, hanger, sandal dan ada minuman mineralnya 4 botol beserta pemanas air dan kopi dan teh sachet, air mineral 2 di kamar tidur dan 2 di kamar mandi, toletries jg lengkap, handuk berada di bawah wastafel dan perlengkapan lainnya ada di sekitar wastafel. Untuk ukuran ruang kamar tidur lumayan sekitar 3,5 x 6 mtr, tak terlalu besar juga utk kamar mandinya dgn ukuran sekitar 2 x 1.5 mtr, kecil ,namun overall ok. Salah satu kelebihan hotel ini terhubung ke depok mall sehingga untuk cari makanan tidak khawatir, dan untuk sarapan paginya di berikan pilihan saat masa pandemic ini bisa di restoran atau diantar, kami memilih untuk diantar dgn menu yg saya pilih nasi goreng plus omelet (foto sarapan saya lampirkan) dan dapat 2 botol juz jambu, mantaf. Kekurangannya adalah kmr mandi saja yg tergolong kecil, handuk agak bau asem, dan orang ngobrol di koridor terdengar ke dalam kamar, saat ini sih krn masa peandemic tidak terlalu banyak, mungkin tidak terlalu menganggu, namun kalau high season mungkin banyak org lalu lalang dikoridor agak menganggu jg, namun overall sangat menyenangkan menginap di hotel santika. Atas pelayanan yang saya dapatkan saya memberikan label recomended menginap disini. 👍",Diulas 298 minggu lalu,"https://ik.imagekit.io/tvlk/ugc-review/guys1L+Yyer9kzI3sp-pb0CG1j2bhflZGFUZOoIf1YOBAm37kEUOKR41ieUZm7ZJ/ugc-photo-ap-southeast-1-581603780057-acd24e232f75f09e/ACCOMMODATION/3993929_ACCOMMODATION_1597726991837_4a498420cad9d1c8?_src=imagekit&tr=c-at_max,h-80,q-40,w-80","https://ik.imagekit.io/tvlk/ugc-review/guys1L+Yyer9kzI3sp-pb0CG1j2bhflZGFUZOoIf1YOBAm37kEUOKR41ieUZm7ZJ/ugc-photo-ap-southeast-1-581603780057-acd24e232f75f09e/ACCOMMODATION/3993929_ACCOMMODATION_1597726991838_bf73d9d01dc2a66d?_src=imagekit&tr=c-at_max,h-80,q-40,w-80","https://ik.imagekit.io/tvlk/ugc-review/guys1L+Yyer9kzI3sp-pb0CG1j2bhflZGFUZOoIf1YOBAm37kEUOKR41ieUZm7ZJ/ugc-photo-ap-southeast-1-581603780057-acd24e232f75f09e/ACCOMMODATION/3993929_ACCOMMODATION_1597726991838_c47bc579c479fcf0?_src=imagekit&tr=c-at_max,h-80,q-40,w-80","https://ik.imagekit.io/tvlk/ugc-review/guys1L+Yyer9kzI3sp-pb0CG1j2bhflZGFUZOoIf1YOBAm37kEUOKR41ieUZm7ZJ/ugc-photo-ap-southeast-1-581603780057-acd24e232f75f09e/ACCOMMODATION/3993929_ACCOMMODATION_1597726991838_ff9e60281ad0a7d8?_src=imagekit&tr=c-at_max,h-80,q-40,w-80","https://ik.imagekit.io/tvlk/ugc-review/guys1L+Yyer9kzI3sp-pb0CG1j2bhflZGFUZOoIf1YOBAm37kEUOKR41ieUZm7ZJ/ugc-photo-ap-southeast-1-581603780057-acd24e232f75f09e/ACCOMMODATION/3993929_ACCOMMODATION_1597726991839_7f86586328ea0451?_src=imagekit&tr=c-at_max,h-80,q-40,w-80","https://ik.imagekit.io/tvlk/ugc-review/guys1L+Yyer9kzI3sp-pb0CG1j2bhflZGFUZOoIf1YOBAm37kEUOKR41ieUZm7ZJ/ugc-photo-ap-southeast-1-581603780057-acd24e232f75f09e/ACCOMMODATION/3993929_ACCOMMODATION_1597726991839_0e623c6796e9ac7d?_src=imagekit&tr=c-at_max,h-80,q-40,w-80","https://ik.imagekit.io/tvlk/ugc-review/guys1L+Yyer9kzI3sp-pb0CG1j2bhflZGFUZOoIf1YOBAm37kEUOKR41ieUZm7ZJ/ugc-photo-ap-southeast-1-581603780057-acd24e232f75f09e/ACCOMMODATION/3993929_ACCOMMODATION_1597726991839_e2e315e8accf3861?_src=imagekit&tr=c-at_max,h-80,q-40,w-80","https://ik.imagekit.io/tvlk/ugc-review/guys1L+Yyer9kzI3sp-pb0CG1j2bhflZGFUZOoIf1YOBAm37kEUOKR41ieUZm7ZJ/ugc-photo-ap-southeast-1-581603780057-acd24e232f75f09e/ACCOMMODATION/3993929_ACCOMMODATION_1597726991840_cd6e8a91584b85e0?_src=imagekit&tr=c-at_max,h-80,q-40,w-80","https://ik.imagekit.io/tvlk/ugc-review/guys1L+Yyer9kzI3sp-pb0CG1j2bhflZGFUZOoIf1YOBAm37kEUOKR41ieUZm7ZJ/ugc-photo-ap-southeast-1-581603780057-acd24e232f75f09e/ACCOMMODATION/3993929_ACCOMMODATION_1597726991840_401a41c18d136eac?_src=imagekit&tr=c-at_max,h-80,q-40,w-80","https://ik.imagekit.io/tvlk/ugc-review/guys1L+Yyer9kzI3sp-pb0CG1j2bhflZGFUZOoIf1YOBAm37kEUOKR41ieUZm7ZJ/ugc-photo-ap-southeast-1-581603780057-acd24e232f75f09e/ACCOMMODATION/3993929_ACCOMMODATION_1597726991841_dffe250468c4f24a?_src=imagekit&tr=c-at_max,h-80,q-40,w-80",,,,,,,,,,
https://www.traveloka.com/id-id/user/review/consumption/HOTEL/GENERAL/535726,4,10,"Kami sangat menikmati istirahat di santika depok dari segi kebersihan, karyawan, Tempatnya nyaman dekat mal jadi saya dan keluarga sangat mudah memcari kebutuhan. thanks ya. btw sarapannya oke.",Diulas 304 minggu lalu,"https://ik.imagekit.io/tvlk/ugc-review/guys1L+Yyer9kzI3sp-pb0CG1j2bhflZGFUZOoIf1YOBAm37kEUOKR41ieUZm7ZJ/ugc-photo-ap-southeast-1-581603780057-acd24e232f75f09e/ACCOMMODATION/90833828_ACCOMMODATION_1594261545459_d0c46d8eb011730d?_src=imagekit&tr=c-at_max,h-100,q-40,w-100","https://ik.imagekit.io/tvlk/ugc-review/guys1L+Yyer9kzI3sp-pb0CG1j2bhflZGFUZOoIf1YOBAm37kEUOKR41ieUZm7ZJ/ugc-photo-ap-southeast-1-581603780057-acd24e232f75f09e/ACCOMMODATION/90833828_ACCOMMODATION_1594261545459_eb68721d46f37d28?_src=imagekit&tr=c-at_max,h-100,q-40,w-100",,,,,,,,,,,,,,,,,,
https://www.traveloka.com/id-id/user/review/consumption/HOTEL/GENERAL/535726,4,11,"Lokasi strategis, sarapan variatif, hanya saja proses check-in lumayan lama banget. Mungkin karena sedang ramai-ramainya.",Diulas 320 minggu lalu,"https://ik.imagekit.io/tvlk/ugc-review/guys1L+Yyer9kzI3sp-pb0CG1j2bhflZGFUZOoIf1YOBAm37kEUOKR41ieUZm7ZJ/ugc-photo-ap-southeast-1-581603780057-acd24e232f75f09e/ACCOMMODATION/7449188_ACCOMMODATION_1584843954632_b984f65c1768e939?_src=imagekit&tr=c-at_max,h-100,q-40,w-100","https://ik.imagekit.io/tvlk/ugc-review/guys1L+Yyer9kzI3sp-pb0CG1j2bhflZGFUZOoIf1YOBAm37kEUOKR41ieUZm7ZJ/ugc-photo-ap-southeast-1-581603780057-acd24e232f75f09e/ACCOMMODATION/7449188_ACCOMMODATION_1584843954633_cf542671285874c2?_src=imagekit&tr=c-at_max,h-100,q-40,w-100",,,,,,,,,,,,,,,,,,
https://www.traveloka.com/id-id/user/review/consumption/HOTEL/GENERAL/535726,4,12,"Pokoknya santika sih aelalu jadi favorit untuk urusan kerja maupun liburan, best.",Diulas 329 minggu lalu,"https://ik.imagekit.io/tvlk/ugc-review/guys1L+Yyer9kzI3sp-pb0CG1j2bhflZGFUZOoIf1YOBAm37kEUOKR41ieUZm7ZJ/ugc-photo-ap-southeast-1-581603780057-acd24e232f75f09e/ACCOMMODATION/12374161_ACCOMMODATION_1579427406981_f089a195fea74313?_src=imagekit&tr=c-at_max,h-100,q-40,w-100","https://ik.imagekit.io/tvlk/ugc-review/guys1L+Yyer9kzI3sp-pb0CG1j2bhflZGFUZOoIf1YOBAm37kEUOKR41ieUZm7ZJ/ugc-photo-ap-southeast-1-581603780057-acd24e232f75f09e/ACCOMMODATION/12374161_ACCOMMODATION_1579427406982_2fd96bd6664ac77d?_src=imagekit&tr=c-at_max,h-100,q-40,w-100",,,,,,,,,,,,,,,,,,
https://www.traveloka.com/id-id/user/review/consumption/HOTEL/GENERAL/535726,4,13,Saya menikmat di sana sangat menyenangkan :) Resepsionisnya ramah ganteng lg heheh Satpam nya baik banget Makanan nya enak Privasi nya bagus. Kamar nya nyaman dan bagus Almdulilah ga kecewa dapat pengalaman pertama ke Depok tugas kerja dan nginap di sana . Next klo holidays ke Depok mampir di Sana lagi :),Diulas 329 minggu lalu,"https://ik.imagekit.io/tvlk/ugc-review/guys1L+Yyer9kzI3sp-pb0CG1j2bhflZGFUZOoIf1YOBAm37kEUOKR41ieUZm7ZJ/ugc-photo-ap-southeast-1-581603780057-acd24e232f75f09e/ACCOMMODATION/120528646_ACCOMMODATION_1579107453032_38512a4b657e86bc?_src=imagekit&tr=c-at_max,h-100,q-40,w-100",,,,,,,,,,,,,,,,,,,
https://www.traveloka.com/id-id/user/review/consumption/HOTEL/GENERAL/535726,4,14,"Lokasi bagus, pelayanan bagus.",Diulas 331 minggu lalu,"https://ik.imagekit.io/tvlk/ugc-review/guys1L+Yyer9kzI3sp-pb0CG1j2bhflZGFUZOoIf1YOBAm37kEUOKR41ieUZm7ZJ/ugc-photo-ap-southeast-1-581603780057-acd24e232f75f09e/ACCOMMODATION/5672219_ACCOMMODATION_1578332564994_88f8470248adff32?_src=imagekit&tr=c-at_max,h-100,q-40,w-100",,,,,,,,,,,,,,,,,,,
https://www.traveloka.com/id-id/user/review/consumption/HOTEL/GENERAL/535726,4,15,"Kolam renangnya bersih, tidak terlalu ramai dan Im enjoying my staying with my family here for celebrating New Year.",Diulas 331 minggu lalu,"https://ik.imagekit.io/tvlk/ugc-review/guys1L+Yyer9kzI3sp-pb0CG1j2bhflZGFUZOoIf1YOBAm37kEUOKR41ieUZm7ZJ/ugc-photo-ap-southeast-1-581603780057-acd24e232f75f09e/ACCOMMODATION/7226408_ACCOMMODATION_1577792883494_fc6df79059d778de?_src=imagekit&tr=c-at_max,h-100,q-40,w-100","https://ik.imagekit.io/tvlk/ugc-review/guys1L+Yyer9kzI3sp-pb0CG1j2bhflZGFUZOoIf1YOBAm37kEUOKR41ieUZm7ZJ/ugc-photo-ap-southeast-1-581603780057-acd24e232f75f09e/ACCOMMODATION/7226408_ACCOMMODATION_1577792883494_c5fa2ffd5376b8b5?_src=imagekit&tr=c-at_max,h-100,q-40,w-100","https://ik.imagekit.io/tvlk/ugc-review/guys1L+Yyer9kzI3sp-pb0CG1j2bhflZGFUZOoIf1YOBAm37kEUOKR41ieUZm7ZJ/ugc-photo-ap-southeast-1-581603780057-acd24e232f75f09e/ACCOMMODATION/7226408_ACCOMMODATION_1577792883495_6f3d1ba1d16ab2b8?_src=imagekit&tr=c-at_max,h-100,q-40,w-100",,,,,,,,,,,,,,,,,
https://www.traveloka.com/id-id/user/review/consumption/HOTEL/GENERAL/535726,4,16,"Kamarnya lumayan bersih, tapi tidak terlalu besar, ada meja panjang tempat teko elektrik, minuman teh, kopi, dan anehnya banyak sekali disediakan berbagai jenis gula, dari gula pasir, gula aren, gula palem, gula tropicana slim, gula kristal, bagus sih jd memenuhi kebutuhan gula utk setiap orang, kamar mandinya juga kecil dan berdekatan jarak wastafel dan toiletnya, jd sering2 aja tutup toiletnya kalau sedang menyiram. Yang paling disuka adalah pemandangan dari atas, view kota Depok dan sekitarnya, sejauh mata memandang sangat indah waktu malam hari. Kolam renang tidak terlalu besar dan disarankan tdk berenang sore, krn kmrn itu tercium bau asam sampah yg baru diangkut, lebih baik pagi kalau mau berenang, tp krn lg musim hujan jd airnya dingin, fitness center hanya sekadarnya aja, begitu keluar lift lsg berhadapan dgn treadmill dan sepeda statis. Oya, kolam renangnya sih kmrn sepi dan bersebelahan langsung dgn kolam renang apartemen yg ramai banget wkt sore, kalau pagi sih sepi. Hanya saja pintu kmr tidak kedap suara, jd waktu malam mau tidur itu seperti ada suara mesin dan suara2 bising lainnya yg berulang2 dari kmr saya, mungkin dari pihak Santika bisa memperbaiki hal ini, karena mengganggu sekali suara2 tsb, untungny hanya 1 malam saya menginap, kalau lebih dari itu pasti saya langsung komplain. Sarapan paginya lumayan komplit, ada menu ala carte spt gado2, bubur ayam, soto mie, salad, aneka bubur manis, aneka gorengan, krim sup, cereal, aneka roti dan selainya, aneka jus dan minuman hangat, buah potong, dan menu prasmanan yg terdiri dari nasi putih, nasi goreng, ayam goreng kremes, ikan fillet goreng tepung, bokchoy tumis, aneka krupuk. Lumayan byk pilihan utk sarapan, rasa mknannya jg lmyn enak. Krn dkt mall jd klo bosan bs main ke mall deh dan belanja groceriesnya di food hall. Thanks Santika Hotel for the hospitality, we will be staying again in the future.",Diulas 332 minggu lalu,"https://ik.imagekit.io/tvlk/ugc-review/guys1L+Yyer9kzI3sp-pb0CG1j2bhflZGFUZOoIf1YOBAm37kEUOKR41ieUZm7ZJ/ugc-photo-ap-southeast-1-581603780057-acd24e232f75f09e/ACCOMMODATION/111019852_ACCOMMODATION_1577572008049_cb88743cf1825d2c?_src=imagekit&tr=c-at_max,h-80,q-40,w-80","https://ik.imagekit.io/tvlk/ugc-review/guys1L+Yyer9kzI3sp-pb0CG1j2bhflZGFUZOoIf1YOBAm37kEUOKR41ieUZm7ZJ/ugc-photo-ap-southeast-1-581603780057-acd24e232f75f09e/ACCOMMODATION/111019852_ACCOMMODATION_1577572008049_aea735a4c3e7ef92?_src=imagekit&tr=c-at_max,h-80,q-40,w-80","https://ik.imagekit.io/tvlk/ugc-review/guys1L+Yyer9kzI3sp-pb0CG1j2bhflZGFUZOoIf1YOBAm37kEUOKR41ieUZm7ZJ/ugc-photo-ap-southeast-1-581603780057-acd24e232f75f09e/ACCOMMODATION/111019852_ACCOMMODATION_1577572008049_77c0049d38846742?_src=imagekit&tr=c-at_max,h-80,q-40,w-80","https://ik.imagekit.io/tvlk/ugc-review/guys1L+Yyer9kzI3sp-pb0CG1j2bhflZGFUZOoIf1YOBAm37kEUOKR41ieUZm7ZJ/ugc-photo-ap-southeast-1-581603780057-acd24e232f75f09e/ACCOMMODATION/111019852_ACCOMMODATION_1577572008050_96dd048b73b57f89?_src=imagekit&tr=c-at_max,h-80,q-40,w-80","https://ik.imagekit.io/tvlk/ugc-review/guys1L+Yyer9kzI3sp-pb0CG1j2bhflZGFUZOoIf1YOBAm37kEUOKR41ieUZm7ZJ/ugc-photo-ap-southeast-1-581603780057-acd24e232f75f09e/ACCOMMODATION/111019852_ACCOMMODATION_1577572008050_3edce6b5ca302d27?_src=imagekit&tr=c-at_max,h-80,q-40,w-80","https://ik.imagekit.io/tvlk/ugc-review/guys1L+Yyer9kzI3sp-pb0CG1j2bhflZGFUZOoIf1YOBAm37kEUOKR41ieUZm7ZJ/ugc-photo-ap-southeast-1-581603780057-acd24e232f75f09e/ACCOMMODATION/111019852_ACCOMMODATION_1577572008050_657a0098eae25027?_src=imagekit&tr=c-at_max,h-80,q-40,w-80","https://ik.imagekit.io/tvlk/ugc-review/guys1L+Yyer9kzI3sp-pb0CG1j2bhflZGFUZOoIf1YOBAm37kEUOKR41ieUZm7ZJ/ugc-photo-ap-southeast-1-581603780057-acd24e232f75f09e/ACCOMMODATION/111019852_ACCOMMODATION_1577572008050_81c97e46453d9b71?_src=imagekit&tr=c-at_max,h-80,q-40,w-80","https://ik.imagekit.io/tvlk/ugc-review/guys1L+Yyer9kzI3sp-pb0CG1j2bhflZGFUZOoIf1YOBAm37kEUOKR41ieUZm7ZJ/ugc-photo-ap-southeast-1-581603780057-acd24e232f75f09e/ACCOMMODATION/111019852_ACCOMMODATION_1577572008051_b19fc4ea33299c07?_src=imagekit&tr=c-at_max,h-80,q-40,w-80","https://ik.imagekit.io/tvlk/ugc-review/guys1L+Yyer9kzI3sp-pb0CG1j2bhflZGFUZOoIf1YOBAm37kEUOKR41ieUZm7ZJ/ugc-photo-ap-southeast-1-581603780057-acd24e232f75f09e/ACCOMMODATION/111019852_ACCOMMODATION_1577572008051_ae0ef16941e2560f?_src=imagekit&tr=c-at_max,h-80,q-40,w-80",,,,,,,,,,,
https://www.traveloka.com/id-id/user/review/consumption/HOTEL/GENERAL/535726,4,17,"Berlokasi di margonda depok, akkesnya mudah, hotelnya gabung dengan mal di mal. Ada CGV jika ingin nonton. Banyak restoran untuk pilihan kita makan. Staf hotelnya ramah dan baik-baik. Breakfast-nya enak cocok buat kami dan harganya terjangkau. Kamarnya bersih follow up staff-nya cepat ketika kita minta tambahan sesuatu di kamar, recommended. Thanks Traveloka.",Diulas 340 minggu lalu,"https://ik.imagekit.io/tvlk/ugc-review/guys1L+Yyer9kzI3sp-pb0CG1j2bhflZGFUZOoIf1YOBAm37kEUOKR41ieUZm7ZJ/ugc-photo-ap-southeast-1-581603780057-acd24e232f75f09e/ACCOMMODATION/10770450_ACCOMMODATION_1572849756710_e25e2d540ad337c1?_src=imagekit&tr=c-at_max,h-100,q-40,w-100","https://ik.imagekit.io/tvlk/ugc-review/guys1L+Yyer9kzI3sp-pb0CG1j2bhflZGFUZOoIf1YOBAm37kEUOKR41ieUZm7ZJ/ugc-photo-ap-southeast-1-581603780057-acd24e232f75f09e/ACCOMMODATION/10770450_ACCOMMODATION_1572849756710_78e3533574609424?_src=imagekit&tr=c-at_max,h-100,q-40,w-100","https://ik.imagekit.io/tvlk/ugc-review/guys1L+Yyer9kzI3sp-pb0CG1j2bhflZGFUZOoIf1YOBAm37kEUOKR41ieUZm7ZJ/ugc-photo-ap-southeast-1-581603780057-acd24e232f75f09e/ACCOMMODATION/10770450_ACCOMMODATION_1572849756710_271b980d004dc695?_src=imagekit&tr=c-at_max,h-100,q-40,w-100","https://ik.imagekit.io/tvlk/ugc-review/guys1L+Yyer9kzI3sp-pb0CG1j2bhflZGFUZOoIf1YOBAm37kEUOKR41ieUZm7ZJ/ugc-photo-ap-southeast-1-581603780057-acd24e232f75f09e/ACCOMMODATION/10770450_ACCOMMODATION_1572849756711_caca9a3e9b14c25e?_src=imagekit&tr=c-at_max,h-100,q-40,w-100","https://ik.imagekit.io/tvlk/ugc-review/guys1L+Yyer9kzI3sp-pb0CG1j2bhflZGFUZOoIf1YOBAm37kEUOKR41ieUZm7ZJ/ugc-photo-ap-southeast-1-581603780057-acd24e232f75f09e/ACCOMMODATION/10770450_ACCOMMODATION_1572849756711_da4094705abaa2b3?_src=imagekit&tr=c-at_max,h-100,q-40,w-100","https://ik.imagekit.io/tvlk/ugc-review/guys1L+Yyer9kzI3sp-pb0CG1j2bhflZGFUZOoIf1YOBAm37kEUOKR41ieUZm7ZJ/ugc-photo-ap-southeast-1-581603780057-acd24e232f75f09e/ACCOMMODATION/10770450_ACCOMMODATION_1572849756711_51d9248d2abc203c?_src=imagekit&tr=c-at_max,h-100,q-40,w-100",,,,,,,,,,,,,,
https://www.traveloka.com/id-id/user/review/consumption/HOTEL/GENERAL/535726,4,18,Saya dapat surprise ultah dari hotel.,Diulas 341 minggu lalu,"https://ik.imagekit.io/tvlk/ugc-review/guys1L+Yyer9kzI3sp-pb0CG1j2bhflZGFUZOoIf1YOBAm37kEUOKR41ieUZm7ZJ/ugc-photo-ap-southeast-1-581603780057-acd24e232f75f09e/ACCOMMODATION/141278395_ACCOMMODATION_1572335482872_8929af84473f3657?_src=imagekit&tr=c-at_max,h-100,q-40,w-100",,,,,,,,,,,,,,,,,,,
https://www.traveloka.com/id-id/user/review/consumption/HOTEL/GENERAL/535726,4,19,"Saya menginap di hotel ini menempati kamar 2746 di lantai 27 sisi negatifnya dari hotel ini, 1. parkiran yang agak sulit karena jadi 1 dengan pengunjung mal dan apartemen. 2. AC kamar kurang dingin. 3. kamar mandi tidak ada pemisah antara tempat kering dan basah, Jadi tempat yang seharusnya kering jadi basah karena kena air mandi dan sepertinya harus ada penanganan khusus buat lantai kamar mandinya. 4. selama. Sangat berisik sekali dengan suara benda yang saling berbenturan, Sepertinya suara lift karena begitu saya mau check-out saya perhatikan lift hotel ini mengeluarkan suara yang sama seperti apa yang saya dengar. 5. sepertinya sop dari hotel hanya menyediakan 1 sikat gigi, Karena sebelum saya menginap saya baca review tamu lain punya keluhan hanya dapat 1 sikat gigi, Dan itu terjadi sama saya sisi positifnya. 1. check-in dan check-out sangat cepat, Dan petugasnya sangat ramah. 2. wifinya kencang. 3. sarapannya sangat enak, dan banyak sekali pilihannya. 4. kamar saat saya masuk bersih dan wangi. 5. pemandangannya cukup bagus terlebih dari posisi kamar paling atas, Bisa liat kota depok dari ketinggian. 6. hotel memiliki akses langsung ke dalam mal, di dalam mal sendiri banyak pilihan makanan, Dan bioskop yang tentunya bisa dipesan juga melalui Situs Traveloka sepertinya kalau ada kesempatan untuk menginap di depok saya akan kembali menginap, Terima kasih hotel Shantika Depok.",Diulas 365 minggu lalu,"https://ik.imagekit.io/tvlk/ugc-review/guys1L+Yyer9kzI3sp-pb0CG1j2bhflZGFUZOoIf1YOBAm37kEUOKR41ieUZm7ZJ/ugc-photo-ap-southeast-1-581603780057-acd24e232f75f09e/ACCOMMODATION/82546876_ACCOMMODATION_1557050630194_83dfe12bb407791b?_src=imagekit&tr=c-at_max,h-80,q-40,w-80","https://ik.imagekit.io/tvlk/ugc-review/guys1L+Yyer9kzI3sp-pb0CG1j2bhflZGFUZOoIf1YOBAm37kEUOKR41ieUZm7ZJ/ugc-photo-ap-southeast-1-581603780057-acd24e232f75f09e/ACCOMMODATION/82546876_ACCOMMODATION_1557050630194_73d4d71c23849ee2?_src=imagekit&tr=c-at_max,h-80,q-40,w-80","https://ik.imagekit.io/tvlk/ugc-review/guys1L+Yyer9kzI3sp-pb0CG1j2bhflZGFUZOoIf1YOBAm37kEUOKR41ieUZm7ZJ/ugc-photo-ap-southeast-1-581603780057-acd24e232f75f09e/ACCOMMODATION/82546876_ACCOMMODATION_1557050630195_d21f98cc8eaf76c6?_src=imagekit&tr=c-at_max,h-80,q-40,w-80","https://ik.imagekit.io/tvlk/ugc-review/guys1L+Yyer9kzI3sp-pb0CG1j2bhflZGFUZOoIf1YOBAm37kEUOKR41ieUZm7ZJ/ugc-photo-ap-southeast-1-581603780057-acd24e232f75f09e/ACCOMMODATION/82546876_ACCOMMODATION_1557050630195_4982658143da386d?_src=imagekit&tr=c-at_max,h-80,q-40,w-80","https://ik.imagekit.io/tvlk/ugc-review/guys1L+Yyer9kzI3sp-pb0CG1j2bhflZGFUZOoIf1YOBAm37kEUOKR41ieUZm7ZJ/ugc-photo-ap-southeast-1-581603780057-acd24e232f75f09e/ACCOMMODATION/82546876_ACCOMMODATION_1557050630196_c87a594667be825f?_src=imagekit&tr=c-at_max,h-80,q-40,w-80","https://ik.imagekit.io/tvlk/ugc-review/guys1L+Yyer9kzI3sp-pb0CG1j2bhflZGFUZOoIf1YOBAm37kEUOKR41ieUZm7ZJ/ugc-photo-ap-southeast-1-581603780057-acd24e232f75f09e/ACCOMMODATION/82546876_ACCOMMODATION_1557050630196_36be3b177a541a53?_src=imagekit&tr=c-at_max,h-80,q-40,w-80","https://ik.imagekit.io/tvlk/ugc-review/guys1L+Yyer9kzI3sp-pb0CG1j2bhflZGFUZOoIf1YOBAm37kEUOKR41ieUZm7ZJ/ugc-photo-ap-southeast-1-581603780057-acd24e232f75f09e/ACCOMMODATION/82546876_ACCOMMODATION_1557050630198_9f06bd0f53fb8350?_src=imagekit&tr=c-at_max,h-80,q-40,w-80",,,,,,,,,,,,,
https://www.traveloka.com/id-id/user/review/consumption/HOTEL/GENERAL/535726,4,20,"Pelayanan ramah, sarapannya enak, dan bebas pilih yang mana saja. View dari hotel santika pun bagus banget. Kolam renangnya ramahnya pihak hotel. Dekat damal jadi mau nonton pun enak langsung dengan berjalan kaki saja. I loved.",Diulas 366 minggu lalu,"https://ik.imagekit.io/tvlk/ugc-review/guys1L+Yyer9kzI3sp-pb0CG1j2bhflZGFUZOoIf1YOBAm37kEUOKR41ieUZm7ZJ/ugc-photo-ap-southeast-1-581603780057-acd24e232f75f09e/ACCOMMODATION/117298114_ACCOMMODATION_1556844756275_017cb3563ecfa9b4?_src=imagekit&tr=c-at_max,h-100,q-40,w-100","https://ik.imagekit.io/tvlk/ugc-review/guys1L+Yyer9kzI3sp-pb0CG1j2bhflZGFUZOoIf1YOBAm37kEUOKR41ieUZm7ZJ/ugc-photo-ap-southeast-1-581603780057-acd24e232f75f09e/ACCOMMODATION/117298114_ACCOMMODATION_1556844756276_d55553e80bddc0ac?_src=imagekit&tr=c-at_max,h-100,q-40,w-100",,,,,,,,,,,,,,,,,,
https://www.traveloka.com/id-id/user/review/consumption/HOTEL/GENERAL/535726,5,1,"Mengawasi dari area parkir ke lobi penerimaan, sarapan roti varian di bawah standar dan rasa standar maincourse, hanya 1 stanby menyambut saat sarapan. Tidak ada pelayan. Silakan upgrade! Secara keseluruhan ok.",Diulas 368 minggu lalu,"https://ik.imagekit.io/tvlk/ugc-review/guys1L+Yyer9kzI3sp-pb0CG1j2bhflZGFUZOoIf1YOBAm37kEUOKR41ieUZm7ZJ/ugc-photo-ap-southeast-1-581603780057-acd24e232f75f09e/ACCOMMODATION/13371761_ACCOMMODATION_1555518932117_fb7197fd65fc1d5a?_src=imagekit&tr=c-at_max,h-100,q-40,w-100",,,,,,,,,,,,,,,,,,,
https://www.traveloka.com/id-id/user/review/consumption/HOTEL/GENERAL/535726,5,2,"Tempatnya nyaman dan bersih, anak-anak aku suka banget, breakfastnya juga enak-enak.",Diulas 370 minggu lalu,"https://ik.imagekit.io/tvlk/ugc-review/guys1L+Yyer9kzI3sp-pb0CG1j2bhflZGFUZOoIf1YOBAm37kEUOKR41ieUZm7ZJ/ugc-photo-ap-southeast-1-581603780057-acd24e232f75f09e/ACCOMMODATION/13311615_ACCOMMODATION_1554203348554_cf1347625366f3e1?_src=imagekit&tr=c-at_max,h-100,q-40,w-100",,,,,,,,,,,,,,,,,,,
https://www.traveloka.com/id-id/user/review/consumption/HOTEL/GENERAL/535726,5,3,"Menginap 2 malam di Santika Depok, menyenangkan. Karena anak-anakku senang dengan kegiatan renangnya. Menu sarapan bervariasi dan enak, tastenya cocok. Dan yang lebih terharu staf hotel santika bikin surprise. Ke kamar dengan bawa birthday cake. Terima kasih ya pak tuas dan seluruh staf santika",Diulas 371 minggu lalu,"https://ik.imagekit.io/tvlk/ugc-review/guys1L+Yyer9kzI3sp-pb0CG1j2bhflZGFUZOoIf1YOBAm37kEUOKR41ieUZm7ZJ/ugc-photo-ap-southeast-1-581603780057-acd24e232f75f09e/ACCOMMODATION/10918251_ACCOMMODATION_1554090041399_4f2328f4a08623f4?_src=imagekit&tr=c-at_max,h-100,q-40,w-100",,,,,,,,,,,,,,,,,,,
https://www.traveloka.com/id-id/user/review/consumption/HOTEL/GENERAL/535726,5,4,"Staffnya ramah, check in cepat, breakfastnya enak, tempatnya sangat strategis dari lobby ke kiri sudah pintu mall ( sayangnya saya baru tau pas uda check out 😭 ) pasti bakal balik lagi ke santika hotel.. Ga pernah mengecewakan baik di depok atau di kota"" lain..",Diulas 374 minggu lalu,"https://ik.imagekit.io/tvlk/ugc-review/guys1L+Yyer9kzI3sp-pb0CG1j2bhflZGFUZOoIf1YOBAm37kEUOKR41ieUZm7ZJ/ugc-photo-ap-southeast-1-581603780057-acd24e232f75f09e/ACCOMMODATION/7908212_ACCOMMODATION_1552002332223_3a88431631c93508?_src=imagekit&tr=c-at_max,h-100,q-40,w-100",,,,,,,,,,,,,,,,,,,
https://www.traveloka.com/id-id/user/review/consumption/HOTEL/GENERAL/535726,5,5,"Hotel yang nyaman, dekat dengan mal yang tidak terlalu crowded, posisi kamar di level yang cukup tinggi memberikan view yang menarik. Breakfast dengan varian yang beragam (lokal dan international taste).",Diulas 377 minggu lalu,"https://ik.imagekit.io/tvlk/ugc-review/guys1L+Yyer9kzI3sp-pb0CG1j2bhflZGFUZOoIf1YOBAm37kEUOKR41ieUZm7ZJ/ugc-photo-ap-southeast-1-581603780057-acd24e232f75f09e/ACCOMMODATION/57079010_ACCOMMODATION_1550565611047_7c253ff51a50aef5?_src=imagekit&tr=c-at_max,h-100,q-40,w-100",,,,,,,,,,,,,,,,,,,
https://www.traveloka.com/id-id/user/review/consumption/HOTEL/GENERAL/535726,5,6,"Pelayanannya ramah, tempatnya bagus, viewnya kota depok banget, kalau mau nonton atau belanja tinggal turun ke bawah (dmall), di luar hotel banyak jajanan enak. Recommended deh.",Diulas 378 minggu lalu,"https://ik.imagekit.io/tvlk/ugc-review/guys1L+Yyer9kzI3sp-pb0CG1j2bhflZGFUZOoIf1YOBAm37kEUOKR41ieUZm7ZJ/ugc-photo-ap-southeast-1-581603780057-acd24e232f75f09e/ACCOMMODATION/19348233_ACCOMMODATION_1549767466534_d8e44087a280a686?_src=imagekit&tr=c-at_max,h-100,q-40,w-100","https://ik.imagekit.io/tvlk/ugc-review/guys1L+Yyer9kzI3sp-pb0CG1j2bhflZGFUZOoIf1YOBAm37kEUOKR41ieUZm7ZJ/ugc-photo-ap-southeast-1-581603780057-acd24e232f75f09e/ACCOMMODATION/19348233_ACCOMMODATION_1549767466534_a3e6bb7fb662c381?_src=imagekit&tr=c-at_max,h-100,q-40,w-100","https://ik.imagekit.io/tvlk/ugc-review/guys1L+Yyer9kzI3sp-pb0CG1j2bhflZGFUZOoIf1YOBAm37kEUOKR41ieUZm7ZJ/ugc-photo-ap-southeast-1-581603780057-acd24e232f75f09e/ACCOMMODATION/19348233_ACCOMMODATION_1549767466534_e1f9a2e63859fba6?_src=imagekit&tr=c-at_max,h-100,q-40,w-100","https://ik.imagekit.io/tvlk/ugc-review/guys1L+Yyer9kzI3sp-pb0CG1j2bhflZGFUZOoIf1YOBAm37kEUOKR41ieUZm7ZJ/ugc-photo-ap-southeast-1-581603780057-acd24e232f75f09e/ACCOMMODATION/19348233_ACCOMMODATION_1549767466535_79ea29e0bd113b4e?_src=imagekit&tr=c-at_max,h-100,q-40,w-100","https://ik.imagekit.io/tvlk/ugc-review/guys1L+Yyer9kzI3sp-pb0CG1j2bhflZGFUZOoIf1YOBAm37kEUOKR41ieUZm7ZJ/ugc-photo-ap-southeast-1-581603780057-acd24e232f75f09e/ACCOMMODATION/19348233_ACCOMMODATION_1549767466535_1d51470291eae260?_src=imagekit&tr=c-at_max,h-100,q-40,w-100","https://ik.imagekit.io/tvlk/ugc-review/guys1L+Yyer9kzI3sp-pb0CG1j2bhflZGFUZOoIf1YOBAm37kEUOKR41ieUZm7ZJ/ugc-photo-ap-southeast-1-581603780057-acd24e232f75f09e/ACCOMMODATION/19348233_ACCOMMODATION_1549767466536_814352a257f33c3e?_src=imagekit&tr=c-at_max,h-100,q-40,w-100",,,,,,,,,,,,,,
https://www.traveloka.com/id-id/user/review/consumption/HOTEL/GENERAL/535726,5,7,Ruang bersih dan semua fasilitas. Selamat tinggal yang menyenangkan.,Diulas 379 minggu lalu,"https://ik.imagekit.io/tvlk/ugc-review/guys1L+Yyer9kzI3sp-pb0CG1j2bhflZGFUZOoIf1YOBAm37kEUOKR41ieUZm7ZJ/ugc-photo-ap-southeast-1-581603780057-acd24e232f75f09e/ACCOMMODATION/928257_ACCOMMODATION_1548989603458_f703c67c67a8a394?_src=imagekit&tr=c-at_max,h-100,q-40,w-100",,,,,,,,,,,,,,,,,,,
https://www.traveloka.com/id-id/user/review/consumption/HOTEL/GENERAL/535726,5,8,"Menginap di sini 2 malam dan sampai 2 kali ganti kamar, kamar pertama karena tempat duduk klosetnya kotor, berwarna kecoklatan, akhirnya pindah. Kamar yang kedua AC-nya sering mati, ketika dinyalakan malah mati lagi. Kamar ketiga bisa lumayan agak tenang lah tanpa gangguan, Hanya saja tidak disediakan handuk kecil dan sikat gigi hanya satu walaupun sudah diminta ke pihak hotel, sikat gigi tetap saja tidak diantar. Untungnya pemandangan di luar bagus, apalagi kalau malam. Semoga kedepannya bisa diperbaiki lagi ya pelayanannya. Terima kasih.",Diulas 379 minggu lalu,"https://ik.imagekit.io/tvlk/ugc-review/guys1L+Yyer9kzI3sp-pb0CG1j2bhflZGFUZOoIf1YOBAm37kEUOKR41ieUZm7ZJ/ugc-photo-ap-southeast-1-581603780057-acd24e232f75f09e/ACCOMMODATION/3110019_ACCOMMODATION_1549007010081_71757c09c6929301?_src=imagekit&tr=c-at_max,h-100,q-40,w-100","https://ik.imagekit.io/tvlk/ugc-review/guys1L+Yyer9kzI3sp-pb0CG1j2bhflZGFUZOoIf1YOBAm37kEUOKR41ieUZm7ZJ/ugc-photo-ap-southeast-1-581603780057-acd24e232f75f09e/ACCOMMODATION/3110019_ACCOMMODATION_1549007010081_e22d29d5f844c03f?_src=imagekit&tr=c-at_max,h-100,q-40,w-100","https://ik.imagekit.io/tvlk/ugc-review/guys1L+Yyer9kzI3sp-pb0CG1j2bhflZGFUZOoIf1YOBAm37kEUOKR41ieUZm7ZJ/ugc-photo-ap-southeast-1-581603780057-acd24e232f75f09e/ACCOMMODATION/3110019_ACCOMMODATION_1549007010082_8cbb0e97a59dcd2b?_src=imagekit&tr=c-at_max,h-100,q-40,w-100","https://ik.imagekit.io/tvlk/ugc-review/guys1L+Yyer9kzI3sp-pb0CG1j2bhflZGFUZOoIf1YOBAm37kEUOKR41ieUZm7ZJ/ugc-photo-ap-southeast-1-581603780057-acd24e232f75f09e/ACCOMMODATION/3110019_ACCOMMODATION_1549007010082_f57ff9a98ee3690a?_src=imagekit&tr=c-at_max,h-100,q-40,w-100",,,,,,,,,,,,,,,,
https://www.traveloka.com/id-id/user/review/consumption/HOTEL/GENERAL/535726,5,9,"Lokasi yang strategis, menyatu dengan mall, banyak pilihan tempat kuliner, breakfast-nya enak, staff ramah, pelayanannya cepat.",Diulas 380 minggu lalu,"https://ik.imagekit.io/tvlk/ugc-review/guys1L+Yyer9kzI3sp-pb0CG1j2bhflZGFUZOoIf1YOBAm37kEUOKR41ieUZm7ZJ/ugc-photo-ap-southeast-1-581603780057-acd24e232f75f09e/ACCOMMODATION/3551138_ACCOMMODATION_1548564580072_ffa7a201465c06fe?_src=imagekit&tr=c-at_max,h-100,q-40,w-100","https://ik.imagekit.io/tvlk/ugc-review/guys1L+Yyer9kzI3sp-pb0CG1j2bhflZGFUZOoIf1YOBAm37kEUOKR41ieUZm7ZJ/ugc-photo-ap-southeast-1-581603780057-acd24e232f75f09e/ACCOMMODATION/3551138_ACCOMMODATION_1548564532758_8356811d714109fb?_src=imagekit&tr=c-at_max,h-100,q-40,w-100",,,,,,,,,,,,,,,,,,
https://www.traveloka.com/id-id/user/review/consumption/HOTEL/GENERAL/535726,5,10,"Wilayah sangat strategis, pelayanan ramah breakfast sangat variatif, love it.",Diulas 380 minggu lalu,"https://ik.imagekit.io/tvlk/ugc-review/guys1L+Yyer9kzI3sp-pb0CG1j2bhflZGFUZOoIf1YOBAm37kEUOKR41ieUZm7ZJ/ugc-photo-ap-southeast-1-581603780057-acd24e232f75f09e/ACCOMMODATION/11366823_ACCOMMODATION_1548468546630_946e60ecac3fc755?_src=imagekit&tr=c-at_max,h-100,q-40,w-100",,,,,,,,,,,,,,,,,,,
https://www.traveloka.com/id-id/user/review/consumption/HOTEL/GENERAL/535726,5,11,"Lokasinya strategis di margonda, Depok, tepat di atas salah satu mal, jadi cocok untuk liburan keluarga. Lewat di kaya request lantai yang tinggi agar bisa melihat view depok di malam hari dan saat matahari terbit. Kebetulan menurut resepsionis, semua kamar di santika view jendelanya adalah jalan margonda atau sekitar kampus ui oh iya, makanannya (sarapan) enak-enak, saya sampai thawaf, keliling bolak-balik untung saya cuma menginap semalem melewatkan malam tahun baru, kalau tidak, Pulang-pulang bisa tambah gemuk lah saya.",Diulas 381 minggu lalu,"https://ik.imagekit.io/tvlk/ugc-review/guys1L+Yyer9kzI3sp-pb0CG1j2bhflZGFUZOoIf1YOBAm37kEUOKR41ieUZm7ZJ/ugc-photo-ap-southeast-1-581603780057-acd24e232f75f09e/ACCOMMODATION/5866718_ACCOMMODATION_1547969012061_d8dc198c8b2def48?_src=imagekit&tr=c-at_max,h-100,q-40,w-100",,,,,,,,,,,,,,,,,,,
https://www.traveloka.com/id-id/user/review/consumption/HOTEL/GENERAL/535726,5,12,"Kamar nyaman, bersih, luas, saya berikan 8/10",Diulas 381 minggu lalu,"https://ik.imagekit.io/tvlk/ugc-review/guys1L+Yyer9kzI3sp-pb0CG1j2bhflZGFUZOoIf1YOBAm37kEUOKR41ieUZm7ZJ/ugc-photo-ap-southeast-1-581603780057-acd24e232f75f09e/ACCOMMODATION/12131744_ACCOMMODATION_1547952571631_57c3fe01a2bdbdf9?_src=imagekit&tr=c-at_max,h-100,q-40,w-100","https://ik.imagekit.io/tvlk/ugc-review/guys1L+Yyer9kzI3sp-pb0CG1j2bhflZGFUZOoIf1YOBAm37kEUOKR41ieUZm7ZJ/ugc-photo-ap-southeast-1-581603780057-acd24e232f75f09e/ACCOMMODATION/12131744_ACCOMMODATION_1547952571632_4283862a8f5bbb16?_src=imagekit&tr=c-at_max,h-100,q-40,w-100",,,,,,,,,,,,,,,,,,
https://www.traveloka.com/id-id/user/review/consumption/HOTEL/GENERAL/535726,5,13,Saya jatuh cinta dengan sarapan. kamar nyaman dan pemandangan indah dari kamar saya pagi-pagi. mencerahkan hari saya. tetap bekerja dengan baik ..,Diulas 382 minggu lalu,"https://ik.imagekit.io/tvlk/ugc-review/guys1L+Yyer9kzI3sp-pb0CG1j2bhflZGFUZOoIf1YOBAm37kEUOKR41ieUZm7ZJ/ugc-photo-ap-southeast-1-581603780057-acd24e232f75f09e/ACCOMMODATION/5069849_ACCOMMODATION_1547450907016_d5532bb65379dd65?_src=imagekit&tr=c-at_max,h-100,q-40,w-100",,,,,,,,,,,,,,,,,,,
https://www.traveloka.com/id-id/user/review/consumption/HOTEL/GENERAL/535726,5,14,"Hotel dengan kamar sangat nyaman dan bersih, breakfast banyak pilihan, pelayanan ramah-ramah semua stafnya. Recommended hotel untuk liburan keluarga.",Diulas 383 minggu lalu,"https://ik.imagekit.io/tvlk/ugc-review/guys1L+Yyer9kzI3sp-pb0CG1j2bhflZGFUZOoIf1YOBAm37kEUOKR41ieUZm7ZJ/ugc-photo-ap-southeast-1-581603780057-acd24e232f75f09e/ACCOMMODATION/21033091_ACCOMMODATION_1546329268167_359f0efbf320d569?_src=imagekit&tr=c-at_max,h-100,q-40,w-100","https://ik.imagekit.io/tvlk/ugc-review/guys1L+Yyer9kzI3sp-pb0CG1j2bhflZGFUZOoIf1YOBAm37kEUOKR41ieUZm7ZJ/ugc-photo-ap-southeast-1-581603780057-acd24e232f75f09e/ACCOMMODATION/21033091_ACCOMMODATION_1546329268168_b24c220340938b7b?_src=imagekit&tr=c-at_max,h-100,q-40,w-100","https://ik.imagekit.io/tvlk/ugc-review/guys1L+Yyer9kzI3sp-pb0CG1j2bhflZGFUZOoIf1YOBAm37kEUOKR41ieUZm7ZJ/ugc-photo-ap-southeast-1-581603780057-acd24e232f75f09e/ACCOMMODATION/21033091_ACCOMMODATION_1546329268168_f098f3468cc61de4?_src=imagekit&tr=c-at_max,h-100,q-40,w-100",,,,,,,,,,,,,,,,,
https://www.traveloka.com/id-id/user/review/consumption/HOTEL/GENERAL/535726,5,15,"Secara keseluruhan recommended sekali untuk menginap. Kebetulan lokasi cukup strategis dekat dengan pusat perbelanjaan. Ruangan cukup nyaman dan bersih, hanya masih terdengar sedikit suara dari luar yang membuat kenyamanan saat beristirahat sedikit berkurang. Untuk pelayanan semua petugas sangat ramah. Makanan di hotel bervariasi, hanya untuk makanan utama seperti nasi goreng rasa sedikit hambar.",Diulas 383 minggu lalu,"https://ik.imagekit.io/tvlk/ugc-review/guys1L+Yyer9kzI3sp-pb0CG1j2bhflZGFUZOoIf1YOBAm37kEUOKR41ieUZm7ZJ/ugc-photo-ap-southeast-1-581603780057-acd24e232f75f09e/ACCOMMODATION/8797829_ACCOMMODATION_1546332221415_76fdb26522158b24?_src=imagekit&tr=c-at_max,h-100,q-40,w-100","https://ik.imagekit.io/tvlk/ugc-review/guys1L+Yyer9kzI3sp-pb0CG1j2bhflZGFUZOoIf1YOBAm37kEUOKR41ieUZm7ZJ/ugc-photo-ap-southeast-1-581603780057-acd24e232f75f09e/ACCOMMODATION/8797829_ACCOMMODATION_1546332221416_3b4ce9c997c2fec2?_src=imagekit&tr=c-at_max,h-100,q-40,w-100",,,,,,,,,,,,,,,,,,
https://www.traveloka.com/id-id/user/review/consumption/HOTEL/GENERAL/535726,5,16,Lumayan puas menginap di sini. Anak dibawah 7 tahun bebas tidak kena charge untuk sarapan. Hanya kolam renangnya terlalu kecil.,Diulas 384 minggu lalu,"https://ik.imagekit.io/tvlk/ugc-review/guys1L+Yyer9kzI3sp-pb0CG1j2bhflZGFUZOoIf1YOBAm37kEUOKR41ieUZm7ZJ/ugc-photo-ap-southeast-1-581603780057-acd24e232f75f09e/ACCOMMODATION/6740173_ACCOMMODATION_1545625860465_505fd10af99126b6?_src=imagekit&tr=c-at_max,h-100,q-40,w-100","https://ik.imagekit.io/tvlk/ugc-review/guys1L+Yyer9kzI3sp-pb0CG1j2bhflZGFUZOoIf1YOBAm37kEUOKR41ieUZm7ZJ/ugc-photo-ap-southeast-1-581603780057-acd24e232f75f09e/ACCOMMODATION/6740173_ACCOMMODATION_1545625860466_bf55e1d304af5b1e?_src=imagekit&tr=c-at_max,h-100,q-40,w-100",,,,,,,,,,,,,,,,,,
https://www.traveloka.com/id-id/user/review/consumption/HOTEL/GENERAL/535726,5,17,"Tempat bagus, makanan enak, kamar bagus",Diulas 386 minggu lalu,"https://ik.imagekit.io/tvlk/ugc-review/guys1L+Yyer9kzI3sp-pb0CG1j2bhflZGFUZOoIf1YOBAm37kEUOKR41ieUZm7ZJ/ugc-photo-ap-southeast-1-581603780057-acd24e232f75f09e/ACCOMMODATION/4567987_ACCOMMODATION_1545111573936_a3a211ff65eca699?_src=imagekit&tr=c-at_max,h-100,q-40,w-100","https://ik.imagekit.io/tvlk/ugc-review/guys1L+Yyer9kzI3sp-pb0CG1j2bhflZGFUZOoIf1YOBAm37kEUOKR41ieUZm7ZJ/ugc-photo-ap-southeast-1-581603780057-acd24e232f75f09e/ACCOMMODATION/4567987_ACCOMMODATION_1545111573936_4a0933e6379ea0fa?_src=imagekit&tr=c-at_max,h-100,q-40,w-100",,,,,,,,,,,,,,,,,,
https://www.traveloka.com/id-id/user/review/consumption/HOTEL/GENERAL/535726,5,18,"Menyenangkan, sejuk dan nyaman.",Diulas 386 minggu lalu,"https://ik.imagekit.io/tvlk/ugc-review/guys1L+Yyer9kzI3sp-pb0CG1j2bhflZGFUZOoIf1YOBAm37kEUOKR41ieUZm7ZJ/ugc-photo-ap-southeast-1-581603780057-acd24e232f75f09e/ACCOMMODATION/44329769_ACCOMMODATION_1545036434222_46461bc642222995?_src=imagekit&tr=c-at_max,h-100,q-40,w-100",,,,,,,,,,,,,,,,,,,
https://www.traveloka.com/id-id/user/review/consumption/HOTEL/GENERAL/535726,5,19,"Kamar sama seperti yang ada pada gambar, sarapan lumayan, letak strategis, Hanya view keluarnya kurang menarik karena berada diantara ruko dan bangunan lainnya.",Diulas 386 minggu lalu,"https://ik.imagekit.io/tvlk/ugc-review/guys1L+Yyer9kzI3sp-pb0CG1j2bhflZGFUZOoIf1YOBAm37kEUOKR41ieUZm7ZJ/ugc-photo-ap-southeast-1-581603780057-acd24e232f75f09e/ACCOMMODATION/4621183_ACCOMMODATION_1544575666691_a8807e1c97760d15?_src=imagekit&tr=c-at_max,h-100,q-40,w-100","https://ik.imagekit.io/tvlk/ugc-review/guys1L+Yyer9kzI3sp-pb0CG1j2bhflZGFUZOoIf1YOBAm37kEUOKR41ieUZm7ZJ/ugc-photo-ap-southeast-1-581603780057-acd24e232f75f09e/ACCOMMODATION/4621183_ACCOMMODATION_1544575666692_bdedb9b8cbc2f8fe?_src=imagekit&tr=c-at_max,h-100,q-40,w-100",,,,,,,,,,,,,,,,,,
https://www.traveloka.com/id-id/user/review/consumption/HOTEL/GENERAL/535726,5,20,"Senangnya di hotel Santika ini. Dekat kemana-mana, cari makan gampang karena selangkah saja ke mal hehehe yang pasti kamar bersih sarapanya enak dibanyak variasinya kalau ada acara didepok laga. Sukses Santika Depok.",Diulas 388 minggu lalu,"https://ik.imagekit.io/tvlk/ugc-review/guys1L+Yyer9kzI3sp-pb0CG1j2bhflZGFUZOoIf1YOBAm37kEUOKR41ieUZm7ZJ/ugc-photo-ap-southeast-1-581603780057-acd24e232f75f09e/ACCOMMODATION/12561553_ACCOMMODATION_1543221428278_fba473930f8aea35?_src=imagekit&tr=c-at_max,h-100,q-40,w-100","https://ik.imagekit.io/tvlk/ugc-review/guys1L+Yyer9kzI3sp-pb0CG1j2bhflZGFUZOoIf1YOBAm37kEUOKR41ieUZm7ZJ/ugc-photo-ap-southeast-1-581603780057-acd24e232f75f09e/ACCOMMODATION/12561553_ACCOMMODATION_1543221485156_a907a8de99ef2069?_src=imagekit&tr=c-at_max,h-100,q-40,w-100",,,,,,,,,,,,,,,,,,
https://www.traveloka.com/id-id/user/review/consumption/HOTEL/GENERAL/535726,6,1,"Sangat menyenangkan menginap di Santika hotel Depok, pelayanannya ramah, makanannya enak, fasilitasnya lengkap, letaknya strategis, terhubung dengan Depok Mal. Sangat direkomendasikan untuk menjadi tempat bersantai anda dan keluarga. Liburan saya kali ini sangat berkesan.",Diulas 390 minggu lalu,"https://ik.imagekit.io/tvlk/ugc-review/guys1L+Yyer9kzI3sp-pb0CG1j2bhflZGFUZOoIf1YOBAm37kEUOKR41ieUZm7ZJ/ugc-photo-ap-southeast-1-581603780057-acd24e232f75f09e/ACCOMMODATION/85432292_ACCOMMODATION_1542614665270_54592e7b905f8c9d?_src=imagekit&tr=c-at_max,h-100,q-40,w-100",,,,,,,,,,,,,,,,,,,
https://www.traveloka.com/id-id/user/review/consumption/HOTEL/GENERAL/535726,6,2,"Tempatnya sangat strategis karena kemana saja dekat, ke mal tinggal turun, ke kafe atau ke mal lain pun dekat, untuk pelayanan sangat baik, Staf ramah dan sangat membantu. Kamar pun bersih dan semua furniture dan elektronik semua baik, AC dingin, TV bersih tetapi beberapa channel tidak bisa ditonton, Dan bisa colok usb juga. Kamar mandi bersih, semua alat berfungsi dengan baik, tapi agak sempit. Untuk makanan room service cukup beragam dan porsinya lumayan sedikit, walaupun mahal tetapi rasanya oke. breakfast pun makanannya beragam, Kebanyakan sih so-so, tapi ikan sambal matahnya enak sekali, juara! fasilitas hotel lumayan, walaupun pool agak kecil dan alat gym hanya 2, Alat gym berfungsi dengan baik. What I don't understand is the pool bar, wore is the pool bar exactly? because I don't see it. And the WiFi is so bad here. Once they have a good speed and suddenly 10 minutes later the WiFi can't even send a text message. but, overall, it's so good, But would love to sie the WiFi improved once i decided to stay here again. Would love to visit again next time.",Diulas 390 minggu lalu,"https://ik.imagekit.io/tvlk/ugc-review/guys1L+Yyer9kzI3sp-pb0CG1j2bhflZGFUZOoIf1YOBAm37kEUOKR41ieUZm7ZJ/ugc-photo-ap-southeast-1-581603780057-acd24e232f75f09e/ACCOMMODATION/65509902_ACCOMMODATION_1542456791939_49b4818a0c848677?_src=imagekit&tr=c-at_max,h-100,q-40,w-100",,,,,,,,,,,,,,,,,,,
https://www.traveloka.com/id-id/user/review/consumption/HOTEL/GENERAL/535726,6,3,"Selamat bersenang-senang di sini 😀👍, kolam renang yang bagus.",Diulas 391 minggu lalu,"https://ik.imagekit.io/tvlk/ugc-review/guys1L+Yyer9kzI3sp-pb0CG1j2bhflZGFUZOoIf1YOBAm37kEUOKR41ieUZm7ZJ/ugc-photo-ap-southeast-1-581603780057-acd24e232f75f09e/ACCOMMODATION/6816062_ACCOMMODATION_1541903278113_2475860a38e97203?_src=imagekit&tr=c-at_max,h-100,q-40,w-100",,,,,,,,,,,,,,,,,,,
https://www.traveloka.com/id-id/user/review/consumption/HOTEL/GENERAL/535726,6,4,Sangat menyenangkan saat bermain dengan anak dalam suasana liburan. Menjadikan liburan penuh berkesan dan membahagiakan.,Diulas 394 minggu lalu,"https://ik.imagekit.io/tvlk/ugc-review/guys1L+Yyer9kzI3sp-pb0CG1j2bhflZGFUZOoIf1YOBAm37kEUOKR41ieUZm7ZJ/ugc-photo-ap-southeast-1-581603780057-acd24e232f75f09e/ACCOMMODATION/5053013_ACCOMMODATION_1540123423741_8a778bdb4ddedb34?_src=imagekit&tr=c-at_max,h-100,q-40,w-100",,,,,,,,,,,,,,,,,,,
https://www.traveloka.com/id-id/user/review/consumption/HOTEL/GENERAL/535726,6,5,"Kami menginap disini dalam rangka selebrasi wedding anniversary, hotel bersih, nyaman dan menu sarapan yang oke, overall faud dengan harganya.",Diulas 394 minggu lalu,"https://ik.imagekit.io/tvlk/ugc-review/guys1L+Yyer9kzI3sp-pb0CG1j2bhflZGFUZOoIf1YOBAm37kEUOKR41ieUZm7ZJ/ugc-photo-ap-southeast-1-581603780057-acd24e232f75f09e/ACCOMMODATION/6420877_ACCOMMODATION_1539833808560_b436035cc77478d0?_src=imagekit&tr=c-at_max,h-100,q-40,w-100",,,,,,,,,,,,,,,,,,,
https://www.traveloka.com/id-id/user/review/consumption/HOTEL/GENERAL/535726,6,6,"Kamar yang sangat nyaman, makanan enak, pelayanan ramah.",Diulas 398 minggu lalu,"https://ik.imagekit.io/tvlk/ugc-review/guys1L+Yyer9kzI3sp-pb0CG1j2bhflZGFUZOoIf1YOBAm37kEUOKR41ieUZm7ZJ/ugc-photo-ap-southeast-1-581603780057-acd24e232f75f09e/ACCOMMODATION/21033091_ACCOMMODATION_1537683499941_9e5c4f739f5c604c?_src=imagekit&tr=c-at_max,h-100,q-40,w-100","https://ik.imagekit.io/tvlk/ugc-review/guys1L+Yyer9kzI3sp-pb0CG1j2bhflZGFUZOoIf1YOBAm37kEUOKR41ieUZm7ZJ/ugc-photo-ap-southeast-1-581603780057-acd24e232f75f09e/ACCOMMODATION/21033091_ACCOMMODATION_1537683573780_d3685c25665ef5a7?_src=imagekit&tr=c-at_max,h-100,q-40,w-100",,,,,,,,,,,,,,,,,,
https://www.traveloka.com/id-id/user/review/consumption/HOTEL/GENERAL/535726,6,7,"Proses check-in dan check-out mudah. Deposit sebesar 100.000/kamar. WiFi kencang, request kamar non smoking tapi habis, dapat yang smoking room tapi tidak bau sama sekali. Area lobi disediakan welcome drink dan snack, staf ramah, kamar bersih walau minus kulkas. Kamar mandi bersih tak bernoda cuma air agak menggenang lama kalau habis mandi perlengkapan mandi lengkap, air mineral ada banyak. Saluran TV lumayan. Sarapan buffet utama kurang enak tapi yang gubukannya enak semua recommended hotel untuk staycation. Ada jalan penghubung langsung ke di mal.",Diulas 406 minggu lalu,"https://ik.imagekit.io/tvlk/ugc-review/guys1L+Yyer9kzI3sp-pb0CG1j2bhflZGFUZOoIf1YOBAm37kEUOKR41ieUZm7ZJ/ugc-photo-ap-southeast-1-581603780057-acd24e232f75f09e/ACCOMMODATION/5394014_ACCOMMODATION_1532915417566_eed2d88857ddaa29?_src=imagekit&tr=c-at_max,h-100,q-40,w-100","https://ik.imagekit.io/tvlk/ugc-review/guys1L+Yyer9kzI3sp-pb0CG1j2bhflZGFUZOoIf1YOBAm37kEUOKR41ieUZm7ZJ/ugc-photo-ap-southeast-1-581603780057-acd24e232f75f09e/ACCOMMODATION/5394014_ACCOMMODATION_1532915417567_b25e42a4b4e7793a?_src=imagekit&tr=c-at_max,h-100,q-40,w-100","https://ik.imagekit.io/tvlk/ugc-review/guys1L+Yyer9kzI3sp-pb0CG1j2bhflZGFUZOoIf1YOBAm37kEUOKR41ieUZm7ZJ/ugc-photo-ap-southeast-1-581603780057-acd24e232f75f09e/ACCOMMODATION/5394014_ACCOMMODATION_1532915417568_08f49c7da572976d?_src=imagekit&tr=c-at_max,h-100,q-40,w-100","https://ik.imagekit.io/tvlk/ugc-review/guys1L+Yyer9kzI3sp-pb0CG1j2bhflZGFUZOoIf1YOBAm37kEUOKR41ieUZm7ZJ/ugc-photo-ap-southeast-1-581603780057-acd24e232f75f09e/ACCOMMODATION/5394014_ACCOMMODATION_1532915417568_639d3e3c0ef73089?_src=imagekit&tr=c-at_max,h-100,q-40,w-100","https://ik.imagekit.io/tvlk/ugc-review/guys1L+Yyer9kzI3sp-pb0CG1j2bhflZGFUZOoIf1YOBAm37kEUOKR41ieUZm7ZJ/ugc-photo-ap-southeast-1-581603780057-acd24e232f75f09e/ACCOMMODATION/5394014_ACCOMMODATION_1532915417569_ae33262b4567e121?_src=imagekit&tr=c-at_max,h-100,q-40,w-100","https://ik.imagekit.io/tvlk/ugc-review/guys1L+Yyer9kzI3sp-pb0CG1j2bhflZGFUZOoIf1YOBAm37kEUOKR41ieUZm7ZJ/ugc-photo-ap-southeast-1-581603780057-acd24e232f75f09e/ACCOMMODATION/5394014_ACCOMMODATION_1532915417570_5f5277f8f5bd786c?_src=imagekit&tr=c-at_max,h-100,q-40,w-100",,,,,,,,,,,,,,
https://www.traveloka.com/id-id/user/review/consumption/HOTEL/GENERAL/535726,6,8,"Hotel ini memiliki tempat yang nyaman karena berada di pusat kota Depok, Mudah dijangkau dan berada dalam lingkungan Mal yang dapat menambah suasana menjadi lebih menyenangkan keluarga.",Diulas 407 minggu lalu,"https://ik.imagekit.io/tvlk/ugc-review/guys1L+Yyer9kzI3sp-pb0CG1j2bhflZGFUZOoIf1YOBAm37kEUOKR41ieUZm7ZJ/ugc-photo-ap-southeast-1-581603780057-acd24e232f75f09e/ACCOMMODATION/0_ACCOMMODATION_1531882994038_0ba19e01579676a1?_src=imagekit&tr=c-at_max,h-100,q-40,w-100",,,,,,,,,,,,,,,,,,,
https://www.traveloka.com/id-id/user/review/consumption/HOTEL/GENERAL/535726,6,9,"Hotel mulai lantai 25, masuk dari area damal depok. Di kamar lantai 27 sinyal dan WiFi kurang baik. Tapi kamar nyaman dan bersih. Menu makanan beragam.",Diulas 409 minggu lalu,"https://ik.imagekit.io/tvlk/ugc-review/guys1L+Yyer9kzI3sp-pb0CG1j2bhflZGFUZOoIf1YOBAm37kEUOKR41ieUZm7ZJ/ugc-photo-ap-southeast-1-581603780057-acd24e232f75f09e/ACCOMMODATION/16320592_ACCOMMODATION_1531121986500_c26db2a5925c0291?_src=imagekit&tr=c-at_max,h-100,q-40,w-100","https://ik.imagekit.io/tvlk/ugc-review/guys1L+Yyer9kzI3sp-pb0CG1j2bhflZGFUZOoIf1YOBAm37kEUOKR41ieUZm7ZJ/ugc-photo-ap-southeast-1-581603780057-acd24e232f75f09e/ACCOMMODATION/16320592_ACCOMMODATION_1531121986501_651816a9fd71f634?_src=imagekit&tr=c-at_max,h-100,q-40,w-100","https://ik.imagekit.io/tvlk/ugc-review/guys1L+Yyer9kzI3sp-pb0CG1j2bhflZGFUZOoIf1YOBAm37kEUOKR41ieUZm7ZJ/ugc-photo-ap-southeast-1-581603780057-acd24e232f75f09e/ACCOMMODATION/16320592_ACCOMMODATION_1531121986501_82daa63708e2b589?_src=imagekit&tr=c-at_max,h-100,q-40,w-100",,,,,,,,,,,,,,,,,
https://www.traveloka.com/id-id/user/review/consumption/HOTEL/GENERAL/535726,6,10,Sangat nyaman untuk beristirahat.,Diulas 409 minggu lalu,"https://ik.imagekit.io/tvlk/ugc-review/guys1L+Yyer9kzI3sp-pb0CG1j2bhflZGFUZOoIf1YOBAm37kEUOKR41ieUZm7ZJ/ugc-photo-ap-southeast-1-581603780057-acd24e232f75f09e/ACCOMMODATION/52524864_ACCOMMODATION_1531025436078_52c31e052749ecbd?_src=imagekit&tr=c-at_max,h-100,q-40,w-100",,,,,,,,,,,,,,,,,,,
https://www.traveloka.com/id-id/user/review/consumption/HOTEL/GENERAL/535726,6,11,Kamarnya bersih pelayanannya bagus cuma parkirnya agak susah WiFi kadang-kadang hilang tidak stabil,Diulas 410 minggu lalu,"https://ik.imagekit.io/tvlk/ugc-review/guys1L+Yyer9kzI3sp-pb0CG1j2bhflZGFUZOoIf1YOBAm37kEUOKR41ieUZm7ZJ/ugc-photo-ap-southeast-1-581603780057-acd24e232f75f09e/ACCOMMODATION/25958695_ACCOMMODATION_1530297065523_f91223547c16da6f?_src=imagekit&tr=c-at_max,h-100,q-40,w-100",,,,,,,,,,,,,,,,,,,
https://www.traveloka.com/id-id/user/review/consumption/HOTEL/GENERAL/535726,6,12,"Kebersihannya bagus, sarapannya enak.",Diulas 419 minggu lalu,"https://ik.imagekit.io/tvlk/ugc-review/guys1L+Yyer9kzI3sp-pb0CG1j2bhflZGFUZOoIf1YOBAm37kEUOKR41ieUZm7ZJ/ugc-photo-ap-southeast-1-581603780057-acd24e232f75f09e/ACCOMMODATION/3188278_ACCOMMODATION_1524968067089_840a4438433cddde?_src=imagekit&tr=c-at_max,h-100,q-40,w-100",,,,,,,,,,,,,,,,,,,
https://www.traveloka.com/id-id/user/review/consumption/HOTEL/GENERAL/535726,6,13,"Walau pesen melalui aplikasi, sampai di receptionist, kamar yang dipesen pas tak meleset, udah gitu ditawarkan, mau smoking room atau tidak, good job receptionist-nya ramah-ramah apalagi security-nya, bisa bantu keluargaku yang mau ke kamar, walau pakai lift-nya harus pake kartu, security gak segan menawarkan bantuannya, pokoknya saya puas tidur di Santika.",Diulas 422 minggu lalu,"https://ik.imagekit.io/tvlk/ugc-review/guys1L+Yyer9kzI3sp-pb0CG1j2bhflZGFUZOoIf1YOBAm37kEUOKR41ieUZm7ZJ/ugc-photo-ap-southeast-1-581603780057-acd24e232f75f09e/ACCOMMODATION/17424867_ACCOMMODATION_1523100394919_5963c7233533a926?_src=imagekit&tr=c-at_max,h-100,q-40,w-100","https://ik.imagekit.io/tvlk/ugc-review/guys1L+Yyer9kzI3sp-pb0CG1j2bhflZGFUZOoIf1YOBAm37kEUOKR41ieUZm7ZJ/ugc-photo-ap-southeast-1-581603780057-acd24e232f75f09e/ACCOMMODATION/17424867_ACCOMMODATION_1523100394919_fe4d0d03202fc006?_src=imagekit&tr=c-at_max,h-100,q-40,w-100","https://ik.imagekit.io/tvlk/ugc-review/guys1L+Yyer9kzI3sp-pb0CG1j2bhflZGFUZOoIf1YOBAm37kEUOKR41ieUZm7ZJ/ugc-photo-ap-southeast-1-581603780057-acd24e232f75f09e/ACCOMMODATION/17424867_ACCOMMODATION_1523100394920_29320f6587e12046?_src=imagekit&tr=c-at_max,h-100,q-40,w-100","https://ik.imagekit.io/tvlk/ugc-review/guys1L+Yyer9kzI3sp-pb0CG1j2bhflZGFUZOoIf1YOBAm37kEUOKR41ieUZm7ZJ/ugc-photo-ap-southeast-1-581603780057-acd24e232f75f09e/ACCOMMODATION/17424867_ACCOMMODATION_1523100394921_a220eecacfd49124?_src=imagekit&tr=c-at_max,h-100,q-40,w-100","https://ik.imagekit.io/tvlk/ugc-review/guys1L+Yyer9kzI3sp-pb0CG1j2bhflZGFUZOoIf1YOBAm37kEUOKR41ieUZm7ZJ/ugc-photo-ap-southeast-1-581603780057-acd24e232f75f09e/ACCOMMODATION/17424867_ACCOMMODATION_1523100394922_46b9f63bb7741df9?_src=imagekit&tr=c-at_max,h-100,q-40,w-100",,,,,,,,,,,,,,,
https://www.traveloka.com/id-id/user/review/consumption/HOTEL/GENERAL/535726,6,14,"Kamarnya memang kecil tapi lumayan nyaman, makanannya pun juga enak, banyak banget variannya.",Diulas 425 minggu lalu,"https://ik.imagekit.io/tvlk/ugc-review/guys1L+Yyer9kzI3sp-pb0CG1j2bhflZGFUZOoIf1YOBAm37kEUOKR41ieUZm7ZJ/ugc-photo-ap-southeast-1-581603780057-acd24e232f75f09e/ACCOMMODATION/1569593_ACCOMMODATION_1521271991411_439c0aa80b6e110b?_src=imagekit&tr=c-at_max,h-100,q-40,w-100",,,,,,,,,,,,,,,,,,,
