page,review_index,nama,tanggal,tipe_traveler,rating,teks_ulasan,sumber,gambar-1,gambar-2,gambar-3,gambar-4,gambar-5,gambar-6,gambar-7,gambar-8,gambar-9,gambar-10
1,1,lestary yang cantik,27 April 2026,Trip Keluarga,"5,0",Tempatnya nyaman dan untuk sarapannya mantap banyak pilihannya,Ulasan terverifikasi dari tiket.com,https://s-light.tiket.photos/t/01E25EBZS3W0FY9GTG6C42E1SE/rsfit19201080gsm/images/2026/04/27/461b3a56-9a84-4f02-9404-6d8b7534ab6b-1777303354139-668850744e82a96c6ab4e9a2c6dcdd97.jpg,,,,,,,,,
1,2,muhammad naufal aditya,16 April 2026,Trip Pasangan,"5,0","Mantap sih , rekomend",Ulasan terverifikasi dari tiket.com,https://s-light.tiket.photos/t/01E25EBZS3W0FY9GTG6C42E1SE/rsfit10801920gsm/images/2026/04/16/23f8e78f-975e-4d89-ae68-49a74a8f1edc-1776299957628-73a84e6d5cc96e888ce321f8e4d46fa1.jpg,,,,,,,,,
1,3,Diah Puspitasari,12 April 2026,Trip Keluarga,"5,0",Pemandangannya luar biasa.. tp klo mau dpt view yg lebih bagus LG dari balkon kamar pilih yg tipe eksekutif dan kamar nomor besar 311 dst nya..kamar sy 308 masih kehalang slide. Tp klo dr kolam renang...Selengkapnya,Ulasan terverifikasi dari tiket.com,https://s-light.tiket.photos/t/01E25EBZS3W0FY9GTG6C42E1SE/rsfit19201080gsm/images/2026/04/12/0aad0f49-ca1d-4ccf-8a56-d95e632d771a-1775956485269-306abf23c4df4ec841ed2f7fceab5f9f.jpg,https://s-light.tiket.photos/t/01E25EBZS3W0FY9GTG6C42E1SE/rsfit10801920gsm/images/2026/04/12/13ba2861-1d11-4a74-8d90-e662bedb5966-1775956486301-2b3be3f7fc44bea02d33962957f00217.jpg,,,,,,,,
1,4,TM,7 April 2026,Trip Keluarga,"4,2","Bagus banget,cocok untuk anak yg mau berenang. Untuk sarapan kalo lagi rame ga kebagian tempat,semoga nnti bisa d perluas lagi tempat sarapan nya.",Ulasan terverifikasi dari tiket.com,https://s-light.tiket.photos/t/01E25EBZS3W0FY9GTG6C42E1SE/rsfit10801920gsm/images/2026/04/07/dea53109-7aa6-4ff9-95d7-a65341b5ea22-1775573990293-df02e73c7712cc138de584037dae106c.jpeg,,,,,,,,,
1,5,Andrea Phuruhita,4 Februari 2026,Trip Keluarga,"5,0","Bagus, udah 2 kali nginep",Ulasan terverifikasi dari tiket.com,https://s-light.tiket.photos/t/01E25EBZS3W0FY9GTG6C42E1SE/rsfit10801920gsm/images/2026/02/04/ee6c29bc-184d-4bda-b284-45b38883eaab-1770186984848-87ff9623def192bd8089e0b719b2acc6.jpg,,,,,,,,,
2,1,DM,27 Januari 2026,Trip Keluarga,"2,4","Tolong banget ditingkatkan kebersihannya, sekedar gosok shower/keran kayanya gasusah udh banyak pembersih dijual jg duh sampe merinding liatnya sekotor itu. Kulkasnya pun kaya ga pernah di bersihin ba...Selengkapnya",Ulasan terverifikasi dari tiket.com,https://s-light.tiket.photos/t/01E25EBZS3W0FY9GTG6C42E1SE/rsfit10801920gsm/images/2026/01/27/e6d8a56e-c20b-48d1-97c8-99f9c7fa5f08-1769476328519-41a82b0863e5dcc138d43df3c8c56907.jpeg,https://s-light.tiket.photos/t/01E25EBZS3W0FY9GTG6C42E1SE/rsfit10801920gsm/images/2026/01/27/e7bcbfa5-0fa2-4152-bda3-c747d7b247e6-1769476336106-f0be0ffccba10bf4f4b4e664ae7f1647.jpeg,https://s-light.tiket.photos/t/01E25EBZS3W0FY9GTG6C42E1SE/rsfit10801920gsm/images/2026/01/27/366416a8-9130-4692-8e33-7d5e4810e5c3-1769476345520-fb651ea870f38a4d8d6ce93980bf6bda.jpeg,https://s-light.tiket.photos/t/01E25EBZS3W0FY9GTG6C42E1SE/rsfit10801920gsm/images/2026/01/27/e6f520b9-6d43-4e14-93b4-07987ef92098-1769476345537-ea7db0014315584d8afb87d07ec14a45.jpeg,https://s-light.tiket.photos/t/01E25EBZS3W0FY9GTG6C42E1SE/rsfit10801920gsm/images/2026/01/27/ae151a9f-c00b-4a79-996b-5c7922dbb596-1769476228643-796d86b260aec5aed92e2da2a62a6c93.jpeg,https://s-light.tiket.photos/t/01E25EBZS3W0FY9GTG6C42E1SE/rsfit10801920gsm/images/2026/01/27/422e912a-3486-4111-bb0f-7d6ab7454989-1769476227576-183663a0cc0dda1be9bfe8f7b1b26d68.jpeg,,,,
2,2,AKU,11 Januari 2026,Trip Keluarga,"4,0",kamar mandi bisa di improve. tempat air panas nya belum berfungsi mungkin habis dibersihkan awal tahun,Ulasan terverifikasi dari tiket.com,https://s-light.tiket.photos/t/01E25EBZS3W0FY9GTG6C42E1SE/rsfit10801920gsm/images/2026/01/11/176db097-e12f-46c2-b204-6b46c1242941-1768098766269-ed8ecef52ab1f50f6ddd4a085ce42f09.jpg,,,,,,,,,
2,3,anna apriani,8 Januari 2026,Trip Keluarga,"5,0",Family hotel yg kece banget buat liburan babreng keluarga,Ulasan terverifikasi dari tiket.com,https://s-light.tiket.photos/t/01E25EBZS3W0FY9GTG6C42E1SE/rsfit10801920gsm/images/2026/01/08/bba01098-df22-47e1-a93f-24354d3d6c3c-1767884347082-a78a747a701a8124c5237bc7238c7919.jpg,,,,,,,,,
2,4,PP,2 Januari 2026,Trip Keluarga,"2,8","Kesan pertama datang ke hotel pelayanannya lumayan bagus, proses check in cepat, barang2 dibantu dibawakan sampai ke kamar. Tapi kelihatan sekali kalau kebersihannya kurang. Di lorong kamar kelihatan ...Selengkapnya",Ulasan terverifikasi dari tiket.com,https://s-light.tiket.photos/t/01E25EBZS3W0FY9GTG6C42E1SE/rsfit10801920gsm/images/2026/01/02/615cb042-066e-4182-b9ae-2235adb907ce-1767308627467-e78229bd87334a0a20b55760a1819c55.jpg,https://s-light.tiket.photos/t/01E25EBZS3W0FY9GTG6C42E1SE/rsfit10801920gsm/images/2026/01/02/335de079-8a50-4fd5-b8d7-44d7b77ce06d-1767308629052-d5c5e7b712786b6fd7b342377ca81e9a.jpg,https://s-light.tiket.photos/t/01E25EBZS3W0FY9GTG6C42E1SE/rsfit10801920gsm/images/2026/01/02/701fced0-28cc-4492-b4b1-d6d0e1698359-1767308628975-7a173406d2d1b9c13b43e39c67edd53b.jpg,https://s-light.tiket.photos/t/01E25EBZS3W0FY9GTG6C42E1SE/rsfit19201080gsm/images/2026/01/02/3109e1bb-b609-473a-b492-61889bcdab0e-1767308628742-fd00b7a9a554411a21e5b43ddbd7e99b.jpg,https://s-light.tiket.photos/t/01E25EBZS3W0FY9GTG6C42E1SE/rsfit10801920gsm/images/2026/01/02/77bf3940-fe5b-4e70-ac3f-fb517e3dcce3-1767308628290-39e5fdc57b362a42235220026f53cacc.jpg,,,,,
2,5,PL,18 Desember 2025,Trip Keluarga,"4,2","Pelayanan bagus, kamar dapet yang pintunya minus tapi selebihnya oke, sarapan breakfastnya rasanya enak sambil menikmati view👍🏻👍🏻",Ulasan terverifikasi dari tiket.com,https://s-light.tiket.photos/t/01E25EBZS3W0FY9GTG6C42E1SE/rsfit10801920gsm/images/2025/12/18/c9390030-78ef-4fda-a83d-f829c1cde6f5-1766037960424-7e63089daf00e45be33ea696b73bc31c.jpeg,https://s-light.tiket.photos/t/01E25EBZS3W0FY9GTG6C42E1SE/rsfit10801920gsm/images/2025/12/18/5214edcb-1220-4ba2-a63c-48eefa664076-1766037962153-6d6f21238d6575cf16e70a4e6267444e.jpeg,,,,,,,,
3,1,TETAPI,18 Desember 2025,Trip Keluarga,"5,0",Pemandangan lautnya menakjubkan.,Ulasan terverifikasi dari tiket.com,https://s-light.tiket.photos/t/01E25EBZS3W0FY9GTG6C42E1SE/rsfit10801920gsm/images/2025/12/18/805a1ed3-4def-43de-998f-776bfc21856f-1766037153411-828f723fb0651592db1fc9a8437b41b1.jpg,,,,,,,,,
3,2,MELAKUKAN,16 Desember 2025,Trip Keluarga,"5,0",Program anak-anak yang menarik. Hidangan dengan sentuhan kelas. Desain kontemporer yang unik. Harga bersaing. Ruangan yang terang.,Ulasan terverifikasi dari tiket.com,https://s-light.tiket.photos/t/01E25EBZS3W0FY9GTG6C42E1SE/rsfit10801920gsm/images/2025/12/16/93af9b24-8fee-4a65-b75d-d3934aae417c-1765889319926-6f22efca27a21cc0edefcc73b3c87698.jpeg,,,,,,,,,
3,3,Angga Gema Ramadhan,11 November 2025,Trip Keluarga,"5,0","Tempat nyaman banged, sangat cocok untuk keluarga besar, bakalan kesini lgi pastinya",Ulasan terverifikasi dari tiket.com,https://s-light.tiket.photos/t/01E25EBZS3W0FY9GTG6C42E1SE/rsfit10801920gsm/images/2025/11/11/81da0f1c-ae11-42af-b293-d0b54e94381e-1762829625942-8eb01aa040b90fb622e6c93cb5b9e16c.jpg,https://s-light.tiket.photos/t/01E25EBZS3W0FY9GTG6C42E1SE/rsfit10801920gsm/images/2025/11/11/43344ec3-010d-4ca8-8a7a-f948a6fd51c3-1762829627860-c5f383112fef03be07b532afda6004ee.jpg,https://s-light.tiket.photos/t/01E25EBZS3W0FY9GTG6C42E1SE/rsfit10801920gsm/images/2025/11/11/e32d7fb0-393b-4e5f-bc5a-2e2758f97872-1762829621658-e1497e529491658f1dfbed2f75f26012.jpg,,,,,,,
3,4,Firza Niscahya,19 Oktober 2025,Trip Keluarga,"5,0","Kali ini nginep di villa bali, sebelumnya pernah nginep di type suite tapi di type suite air berendemnya kurang panas😭 cuma anget2 biasa malah lebih ke dingin sih jadi kek dingin menuju panas tapi di...Selengkapnya",Ulasan terverifikasi dari tiket.com,https://s-light.tiket.photos/t/01E25EBZS3W0FY9GTG6C42E1SE/rsfit10801920gsm/images/2025/10/19/0aa921a9-f8ee-4de9-87e9-2e56d50937aa-1760892205971-efe23fac14eff28a97f6393085388ff7.jpeg,https://s-light.tiket.photos/t/01E25EBZS3W0FY9GTG6C42E1SE/rsfit10801920gsm/images/2025/10/19/6c70184f-8100-4cd9-be24-5ee35da7a2d6-1760892206194-bf31244a74a29c7e760191a96ccfa0fc.jpeg,https://s-light.tiket.photos/t/01E25EBZS3W0FY9GTG6C42E1SE/rsfit10801920gsm/images/2025/10/19/ab30aeb4-5eae-4c46-807a-09b01544f750-1760892205537-f28abc0a9d12c5cd1d0cdf192673bce3.jpeg,https://s-light.tiket.photos/t/01E25EBZS3W0FY9GTG6C42E1SE/rsfit10801920gsm/images/2025/10/19/95df5534-4431-4907-8e9f-6fc933e2b406-1760892206750-216d2348e0384140bdc54dc29e238b36.jpeg,https://s-light.tiket.photos/t/01E25EBZS3W0FY9GTG6C42E1SE/rsfit10801920gsm/images/2025/10/19/6ff2365a-12a6-43a2-91c6-c6ef0ac0af9a-1760892206753-9adbf6590fa919e462634dd6800a218a.jpeg,https://s-light.tiket.photos/t/01E25EBZS3W0FY9GTG6C42E1SE/rsfit10801920gsm/images/2025/10/19/676cebdf-9a50-4e2a-af80-fa168f6520be-1760892206357-84b3bf51df589a9ab5f271d1b822bec7.jpeg,,,,
3,5,berangin berangin,10 Oktober 2025,Trip Keluarga,"4,4","Kamar bersih, nyaman.. Tempat tidurnya nyaman. Kamar mandi kurang nyaman dgn bak rendam setinggi itu, ibu saya ga bisa loncat ke dalam buat mandi.. Bak rendamnya terlalu tinggi. Toilet rusak parah. Ko...Selengkapnya",Ulasan terverifikasi dari tiket.com,https://s-light.tiket.photos/t/01E25EBZS3W0FY9GTG6C42E1SE/rsfit19201080gsm/images/2025/10/10/1fb9aee4-c5f4-4c8b-b0d4-7a3485cf94e1-1760110912402-541c0b3c8fbb0223498fec9c74f47cdc.jpg,,,,,,,,,
4,1,alwi muhammad salman,26 September 2025,Trip Keluarga,"5,0",Sarapan enak walau tidak banyak pilihan. Waterboom sepuasnya,Ulasan terverifikasi dari tiket.com,https://s-light.tiket.photos/t/01E25EBZS3W0FY9GTG6C42E1SE/rsfit10801920gsm/images/2025/09/26/40d08534-8302-4e14-9b38-0edcbdadffdf-1758869960854-a71027b4181d6840ed39c741e02a8ffb.jpg,,,,,,,,,
4,2,alwi muhammad salman,26 September 2025,Trip Keluarga,"5,0","Worth it , sarapan enak waterbook sepuasnya.",Ulasan terverifikasi dari tiket.com,https://s-light.tiket.photos/t/01E25EBZS3W0FY9GTG6C42E1SE/rsfit10801920gsm/images/2025/09/26/f3a5c16f-f770-4952-905c-e5880f850f38-1758869746108-579632d82ff4b975f0d3ca7855498c57.jpg,,,,,,,,,
4,3,Pembom Siap,7 September 2025,Trip Pasangan,"5,0",Tempat nya enak view nya bagus rekomendasi banget deh pokonya,Ulasan terverifikasi dari tiket.com,https://s-light.tiket.photos/t/01E25EBZS3W0FY9GTG6C42E1SE/rsfit10801920gsm/images/2025/09/07/eb64a7c2-3fd8-400e-8a4d-46d9a8fbdf2e-1757226316432-ca00a664eacf8e9885f2559996598fba.jpg,,,,,,,,,
4,4,DC,2 September 2025,Trip Keluarga,"4,0","Kamar (executive) luas, OK. Sarapan enak, tapi slow refill 😁. Bath-tub DIY 😁.",Ulasan terverifikasi dari tiket.com,https://s-light.tiket.photos/t/01E25EBZS3W0FY9GTG6C42E1SE/rsfit10801920gsm/images/2025/09/02/c73d33d5-7b96-47f8-a69d-a64ca7c1a405-1756774933738-f0c582bfb5842f3426096b7236a3195b.jpg,https://s-light.tiket.photos/t/01E25EBZS3W0FY9GTG6C42E1SE/rsfit10801920gsm/images/2025/09/02/cf33fae6-b718-42b5-8995-d63f9fafc8ff-1756774935069-a10b91fcf7516f64b82de73036274cae.jpg,https://s-light.tiket.photos/t/01E25EBZS3W0FY9GTG6C42E1SE/rsfit10801920gsm/images/2025/09/02/c780757f-83d9-4e69-aff2-e09346aacaa5-1756774934763-a9192d47d586220fdc06dd674e491c15.jpg,https://s-light.tiket.photos/t/01E25EBZS3W0FY9GTG6C42E1SE/rsfit10801920gsm/images/2025/09/02/aa2af31f-420e-4873-89a9-4bcb0d4a0875-1756774935455-0e06751775def1378aac460584217650.jpg,https://s-light.tiket.photos/t/01E25EBZS3W0FY9GTG6C42E1SE/rsfit10801920gsm/images/2025/09/02/b363e788-911b-4cbd-9f25-ef321497bc53-1756774935191-ec09078897326759b4a6662c9f76ba89.jpg,https://s-light.tiket.photos/t/01E25EBZS3W0FY9GTG6C42E1SE/rsfit10801920gsm/images/2025/09/02/d32211fb-2fa1-4a1d-9357-d9332321e9f6-1756774935579-4dab77da3047c9d28fa707e1ec324a74.jpg,https://s-light.tiket.photos/t/01E25EBZS3W0FY9GTG6C42E1SE/rsfit10801920gsm/images/2025/09/02/53038431-1020-4496-9172-c99a435bd0ab-1756774934083-7cb00a0e223639f322d22249a0b43de2.jpg,https://s-light.tiket.photos/t/01E25EBZS3W0FY9GTG6C42E1SE/rsfit10801920gsm/images/2025/09/02/cd54c3b7-dd69-403a-b472-e6abc701fa37-1756774935498-8d43eb474dc3dba6e80e1e19a016ff7f.jpg,,
4,5,Anggi April Lianti,7 Agustus 2025,Trip Keluarga,"5,0",Staycation kedua kalinya puas bangetttt Special family service.,Ulasan terverifikasi dari tiket.com,https://s-light.tiket.photos/t/01E25EBZS3W0FY9GTG6C42E1SE/rsfit10801920gsm/images/2025/08/07/6b30958c-4729-4a62-af90-5631bfce2946-1754536642685-a740f67195d810e8e532cecc2f289eef.jpeg,https://s-light.tiket.photos/t/01E25EBZS3W0FY9GTG6C42E1SE/rsfit10801920gsm/images/2025/08/07/ea529ace-9943-4ca8-a205-f630d6bdbd61-1754536641477-4a16027845030f34e07e38441e0885a8.jpeg,,,,,,,,
5,1,Anggi April Lianti,7 Agustus 2025,Trip Keluarga,"5,0","Ini ke 2 kalinya staycation disini dan bareng keluarga, staycation pertama honeymoon hihihi Puas bangettt pkonyaa!!",Ulasan terverifikasi dari tiket.com,https://s-light.tiket.photos/t/01E25EBZS3W0FY9GTG6C42E1SE/rsfit10801920gsm/images/2025/08/07/ed9a7f6f-996a-4376-a2e1-b952c235bae4-1754536516783-3ca86224257e0972d2ed1806fabab42a.jpeg,https://s-light.tiket.photos/t/01E25EBZS3W0FY9GTG6C42E1SE/rsfit10801920gsm/images/2025/08/07/1dbc2845-0b3b-48f8-9189-08c551c1318c-1754536516467-38cf7bfd06205d5442f4ffeee9bcfe0a.jpeg,https://s-light.tiket.photos/t/01E25EBZS3W0FY9GTG6C42E1SE/rsfit10801920gsm/images/2025/08/07/4c94cfcb-3792-47c6-a1c0-8f5947dcb3ae-1754536516380-636253cc8e7ba97c044c6e52e9a12ab9.jpeg,,,,,,,
5,2,Ajeng afriliany,3 Agustus 2025,Trip Pasangan,"5,0",Sangat bagus .bersih,Ulasan terverifikasi dari tiket.com,https://s-light.tiket.photos/t/01E25EBZS3W0FY9GTG6C42E1SE/rsfit10801920gsm/images/2025/08/03/a3aa0dd7-9e83-4d25-88bb-96b33139f4e6-1754237285043-98812a388614a5e4bf1448821e688c92.jpg,,,,,,,,,
5,3,BASMAH RANA,27 Juli 2025,Trip bareng Teman,"5,0","BALIK LAGI SIH KE GARUT KE HOTEL INI BEST Sangat bersih, segar, dan nyaman. Sangat bersih, segar, dan nyaman. Spa mewah yang menenangkan. Terletak dekat sungai.",Ulasan terverifikasi dari tiket.com,https://s-light.tiket.photos/t/01E25EBZS3W0FY9GTG6C42E1SE/rsfit10801920gsm/images/2025/07/27/e74f3cb8-7f4d-4ae2-a610-8ebe0122bd63-1753584067009-75e7a7175602cc0ba66fe1bd1a7d77fc.jpeg,https://s-light.tiket.photos/t/01E25EBZS3W0FY9GTG6C42E1SE/rsfit10801920gsm/images/2025/07/27/92cdfcf1-75d9-48e4-894e-7a2b75e5a37d-1753584066003-1bfb2e84f4e3fbb3065685808d5aae06.jpeg,,,,,,,,
5,4,MATAHARI,23 Juli 2025,Trip Keluarga,"5,0",Pemandangannya mantul,Ulasan terverifikasi dari tiket.com,https://s-light.tiket.photos/t/01E25EBZS3W0FY9GTG6C42E1SE/rsfit19201080gsm/images/2025/07/23/0411b277-6b7c-4f1c-9dbd-d109284a160f-1753234060324-09a16112e94103c22ab769cb9cfe0d75.jpg,https://s-light.tiket.photos/t/01E25EBZS3W0FY9GTG6C42E1SE/rsfit19201080gsm/images/2025/07/23/a86a60df-2c27-47ae-ad1c-22fae9a9c6d7-1753234060116-5e988f1c99bfef2acd6de19f5488ce89.jpg,,,,,,,,
5,5,Abdurrahman Abdurrahman,20 Juli 2025,Trip Keluarga,"4,0",Seru bgt ajak keluarga ke sini. Next time insyaAllah balik lagi..,Ulasan terverifikasi dari tiket.com,https://s-light.tiket.photos/t/01E25EBZS3W0FY9GTG6C42E1SE/rsfit19201080gsm/images/2025/07/20/a3ab6a27-b090-45ed-997b-51a3776f844d-1752977118807-657052a5ca84b15a052d5440218e183d.jpg,,,,,,,,,
6,1,Beben Sugiarti,19 Juli 2025,Trip Keluarga,"3,8",Villanya lumayan bersih tp kolam aga kotor dan di area pool nya banyak sampah bekas makanan...,Ulasan terverifikasi dari tiket.com,https://s-light.tiket.photos/t/01E25EBZS3W0FY9GTG6C42E1SE/rsfit10801920gsm/images/2025/07/19/b28276b1-11a0-416f-bdb8-defc8252495e-1752893810361-b33dfe50f1ad55c8f5e6d622cd48525c.jpg,,,,,,,,,
6,2,Elvi Shukrina,11 Juli 2025,Trip Keluarga,"3,0",Bersih Ada bak rendam dalam kamarnya,Ulasan terverifikasi dari tiket.com,https://s-light.tiket.photos/t/01E25EBZS3W0FY9GTG6C42E1SE/rsfit10801920gsm/images/2025/07/11/d7b37ba1-ab98-46fc-892a-4bbf4e9c9218-1752226075146-57427da27c64fe75de2e1adb4c0d782e.jpeg,,,,,,,,,
6,3,kiki trijayanti,10 Juli 2025,Trip Keluarga,"4,0","Hotelnya lumayan bersih,staffnya ramah,akses dr keluar pintu tol lumayan jauh 1jam dr keluar pintu tol kalo perjalanan lancar. Kolam renangnya campur sma umum jd rada kotor, mudah""an nanti bakal dipis...Selengkapnya",Ulasan terverifikasi dari tiket.com,https://s-light.tiket.photos/t/01E25EBZS3W0FY9GTG6C42E1SE/rsfit10801920gsm/images/2025/07/10/c31698a0-dd0e-4bba-b1ee-60fed63f13bc-1752135191002-ecbf925e394b1ec672a80697df8d81ff.jpg,,,,,,,,,
6,4,Muthia kamilah,4 Juli 2025,Trip Keluarga,"5,0",Kerennn banget sih ini villa nuansa bali tp pemandangannya luar biasa 😍,Ulasan terverifikasi dari tiket.com,https://s-light.tiket.photos/t/01E25EBZS3W0FY9GTG6C42E1SE/rsfit19201080gsm/images/2025/07/04/b240d13c-3472-44ff-acba-c4361ed63aa2-1751642552809-485b0c508d0834a7fe188a2875b6bcb6.jpeg,https://s-light.tiket.photos/t/01E25EBZS3W0FY9GTG6C42E1SE/rsfit10801920gsm/images/2025/07/04/9230cc52-db64-4678-8404-3aea629fbea1-1751642538110-58ec6ca889f3691509a66c437fc081d1.jpeg,,,,,,,,
6,5,Mulasari Mulasari,4 Juli 2025,Trip Keluarga,"4,6","Suasana pegunungan alami, pemandangan bagus namun untuk makanan harusnya bisa ditingkatkan lagi",Ulasan terverifikasi dari tiket.com,https://s-light.tiket.photos/t/01E25EBZS3W0FY9GTG6C42E1SE/rsfit10801920gsm/images/2025/07/04/9044da93-a9de-4d5f-bec8-c31efb477933-1751594535298-3148a99d5d0629df5e9a95fb1c426508.jpg,https://s-light.tiket.photos/t/01E25EBZS3W0FY9GTG6C42E1SE/rsfit19201080gsm/images/2025/07/04/77acb19c-7b3b-4f16-bb17-41092d832132-1751594539956-fb963c8931893682dfb623bf27c2e7a4.jpg,https://s-light.tiket.photos/t/01E25EBZS3W0FY9GTG6C42E1SE/rsfit10801920gsm/images/2025/07/04/cfed5e98-264d-4cdf-9c2d-b392ec01b990-1751594539193-24c5169addfb50d371981523bb3af4b6.jpg,,,,,,,
7,1,NK,1 Juli 2025,Trip Keluarga,"4,6","Tempat menginap yang menyenangkan, kamar bersih, handuk dan alat mandi juga bersih, stafnya ramah dan ada kolam air hangatnya dengan standar waterboom Sarannya untuk area kolam renang bisa lebih diper...Selengkapnya",Ulasan terverifikasi dari tiket.com,https://s-light.tiket.photos/t/01E25EBZS3W0FY9GTG6C42E1SE/rsfit10801920gsm/images/2025/07/01/eeb6c700-85cf-45e1-b0c0-9cef60791a68-1751362206361-d224f410d7ce9e2da53457bba0996549.jpg,https://s-light.tiket.photos/t/01E25EBZS3W0FY9GTG6C42E1SE/rsfit19201080gsm/images/2025/07/01/e128a71a-022c-4717-9bff-6b05d87e18d0-1751362205607-79731b2592bdd83b53f087ed43705553.jpg,,,,,,,,
7,2,DARI,30 Juni 2025,Trip Keluarga,"5,0",Wort it bgt dapet discount 60% pokonya enak nyaman untuk kluarga,Ulasan terverifikasi dari tiket.com,https://s-light.tiket.photos/t/01E25EBZS3W0FY9GTG6C42E1SE/rsfit19201080gsm/images/2025/06/30/e8ba6f63-b285-44e7-96bf-6f6419c4c6ef-1751240311474-7a747f4363bb0ebb7fc12944ccbae3b3.jpg,,,,,,,,,
7,3,Anisha Anisha,29 Juni 2025,Trip Keluarga,"4,0","fasilitas ok , kamar juga beesih cuma kurang di BF nya aja menunya kurang banyak da rasa maasakannya lebih ditingkatin",Ulasan terverifikasi dari tiket.com,https://s-light.tiket.photos/t/01E25EBZS3W0FY9GTG6C42E1SE/rsfit10801920gsm/images/2025/06/29/8fc933df-bef0-4d3b-a64e-8682d6078af4-1751201611576-61555525d7d269e7b3dcbaee13c2a1fc.jpeg,,,,,,,,,
7,4,Anang Rifqy,27 Juni 2025,Trip Keluarga,"4,8","Fasilitas bagus, momen tak terlupakan",Ulasan terverifikasi dari tiket.com,https://s-light.tiket.photos/t/01E25EBZS3W0FY9GTG6C42E1SE/rsfit10801920gsm/images/2025/06/27/bcc4b3f2-59ec-44a8-9149-0de8c98f9b8f-1750976504270-188b7c8e6bbbb5c9af888394e77285fa.jpg,,,,,,,,,
7,5,Wulan Nuraeni,23 Juni 2025,Trip Keluarga,"4,2","Hotel yang cocok untuk keluarga, ada air hangatnya, disarankan renang pagi2. Ada air panass di kolam terasi. Sarapannya enak",Ulasan terverifikasi dari tiket.com,https://s-light.tiket.photos/t/01E25EBZS3W0FY9GTG6C42E1SE/rsfit10801920gsm/images/2025/06/23/ef893af0-faa0-499d-a57b-81d95253c4d9-1750680318735-d7c0408fe5579cd3a1446755b0848234.jpg,https://s-light.tiket.photos/t/01E25EBZS3W0FY9GTG6C42E1SE/rsfit10801920gsm/images/2025/06/23/95cb54c1-fffb-44fc-85e5-d63e91ea799c-1750680323635-8fc19aa787a37293daad670910ccdc31.jpg,https://s-light.tiket.photos/t/01E25EBZS3W0FY9GTG6C42E1SE/rsfit10801920gsm/images/2025/06/23/8e67998d-a822-41c1-8e98-531c085fce68-1750680322983-aedce45bb850918501ca9421daaf1852.jpg,,,,,,,
8,1,Wulan Nuraeni,23 Juni 2025,Trip Keluarga,"5,0","Hotel yang cocok untuk keluarga, ada air hangatnya, disarankan renang pagi2. Ada air panass di kolam terasi. Sarapannya enak",Ulasan terverifikasi dari tiket.com,https://s-light.tiket.photos/t/01E25EBZS3W0FY9GTG6C42E1SE/rsfit19201080gsm/images/2025/06/23/5e27b5e2-cb02-4e29-93b5-46939c6c42e7-1750680168271-0ded287cb260044e226a94ee8b1c0842.jpg,https://s-light.tiket.photos/t/01E25EBZS3W0FY9GTG6C42E1SE/rsfit10801920gsm/images/2025/06/23/5627fb8f-f17b-4552-ac8b-3e78842e3c68-1750680165806-33ba81b71929bdbfa3ddadcdeac14a9b.jpg,https://s-light.tiket.photos/t/01E25EBZS3W0FY9GTG6C42E1SE/rsfit10801920gsm/images/2025/06/23/415ed1fe-9b3d-47a9-a55b-5622930b2ac8-1750680163560-372666e9c8949fc8d8553b595cf5c2ae.jpg,,,,,,,
8,2,Ade Setia Permana,13 Juni 2025,Trip Keluarga,"4,8","Pengalaman menginap yg mengesankan. Check in agak awal sebelum jam 14 tp dgn ramah dilayani dan langsung diberikan kamar. Istirahat bentar sampai ashar. Lanjut berenang (gratis) di taman air nya, maen...Selengkapnya",Ulasan terverifikasi dari tiket.com,https://s-light.tiket.photos/t/01E25EBZS3W0FY9GTG6C42E1SE/rsfit19201080gsm/images/2025/06/13/3c19dbb8-f45a-4a10-ab9d-f0904dca2d90-1749824281340-4803f35fd5f41bd043c884df8f29c8bd.jpg,https://s-light.tiket.photos/t/01E25EBZS3W0FY9GTG6C42E1SE/rsfit10801920gsm/images/2025/06/13/c10ea251-fc8f-4185-9dbe-e8b082bed243-1749824281257-ffa2619edf6f229cb7cdac17a5d74e5b.jpg,https://s-light.tiket.photos/t/01E25EBZS3W0FY9GTG6C42E1SE/rsfit19201080gsm/images/2025/06/13/eac5b4d0-c446-4302-a2ae-3fea82a568bb-1749824280563-669da96e1c81bbed7b761d3e7582681e.jpg,https://s-light.tiket.photos/t/01E25EBZS3W0FY9GTG6C42E1SE/rsfit19201080gsm/images/2025/06/13/0f89eeba-ab5e-493a-93c2-3dd69b196ed7-1749824280638-af69c4698fd9527d016a7aef7c32c5cd.jpg,,,,,,
8,3,indah krisanti,8 Juni 2025,Trip Keluarga,"5,0","Kamarnya bersih nyaman, ada kolam berendem di dalem kamar, keluar kamar langsung view gunung adem banget, udh free waterboom dan sarapan dengan view gunung, bener2 bikin healing susah move on ✨",Ulasan terverifikasi dari tiket.com,https://s-light.tiket.photos/t/01E25EBZS3W0FY9GTG6C42E1SE/rsfit10801920gsm/images/2025/06/08/452f5bea-9f09-4d08-aa2f-0031d9e9f281-1749395276287-748400c413d7d159d0188754aefb88ce.jpeg,https://s-light.tiket.photos/t/01E25EBZS3W0FY9GTG6C42E1SE/rsfit10801920gsm/images/2025/06/08/c585f392-ac9b-4e4e-a437-ab7ad83416a5-1749395278521-ae1ca2afbc71acb0762c7664fe33a92a.jpeg,https://s-light.tiket.photos/t/01E25EBZS3W0FY9GTG6C42E1SE/rsfit10801920gsm/images/2025/06/08/5956a50c-6061-48c1-bd8e-fbc03b5a6974-1749395278089-749b596dd511c58cc848f5b5311bbbf0.jpeg,,,,,,,
8,4,megadwi aryanti,26 Mei 2025,Trip Keluarga,"5,0","Kamar bersih, kolam renang air hangat, menu breakfast kurang variatif, pelayanan ramah bisa keliling ke alun2 naik delman yg parkir di depan hotel tarif saat itu 50rb sekeluarga",Ulasan terverifikasi dari tiket.com,https://s-light.tiket.photos/t/01E25EBZS3W0FY9GTG6C42E1SE/rsfit10801920gsm/images/2025/05/26/99d4a7ee-3893-4f27-bb4a-4389eaf09ec2-1748236818543-2bcc462473a2ba4eaf36226dadd2a881.jpg,,,,,,,,,
8,5,Sundhy Anggar Kusumah Putra,23 Mei 2025,Trip Keluarga,"4,0",Ngangenin banget nginep disana pengen lagi deh kalo ke garut nginep disitu . Anak anak happy renang meskipun cuaca sedikit mendung ga dingin karna kolam nya ini bener2 anget . Thanks for all,Ulasan terverifikasi dari tiket.com,https://s-light.tiket.photos/t/01E25EBZS3W0FY9GTG6C42E1SE/rsfit10801920gsm/images/2025/05/23/49a5b623-5cef-4727-8c53-79ebbe17cd38-1747959237921-8b3cdbb5ce5de6a723776abb6427952f.jpg,https://s-light.tiket.photos/t/01E25EBZS3W0FY9GTG6C42E1SE/rsfit10801920gsm/images/2025/05/23/8174eaba-3e38-418e-913d-6798ef127774-1747959235069-439bb32a172466e57f135d559bf5f646.jpg,,,,,,,,
9,1,RR,19 Mei 2025,Trip Keluarga,"3,0","Lokasi strategis, kebersihan cukup, makanan kurang.",Ulasan terverifikasi dari tiket.com,https://s-light.tiket.photos/t/01E25EBZS3W0FY9GTG6C42E1SE/rsfit19201080gsm/images/2025/05/19/01e55eb4-4aae-4354-9c39-c0489cd858b3-1747621847765-184c86071f504f06804bd28879c884a3.jpeg,,,,,,,,,
9,2,vera permata sari,18 Mei 2025,Trip Keluarga,"5,0","Seru banget staycation disini, kamar nyaman bersih, kolam waterboom seru air hangat ada tempat berendam jga, sarapan viewnya keren makanannya jga enak. Pasti langganan staycation dsini klo k garut deh...Selengkapnya",Ulasan terverifikasi dari tiket.com,https://s-light.tiket.photos/t/01E25EBZS3W0FY9GTG6C42E1SE/rsfit19201080gsm/images/2025/05/18/2a31c645-28d6-4293-aeca-29fc7234e1dc-1747545673021-12a68debf3223c20519c4e406eb2ce71.jpg,,,,,,,,,
9,3,Neng Wari,15 Mei 2025,Trip Keluarga,"4,8","Overall bagus, lrmahnya di sarapan, sambel goreng kentang sama soto ayamnya asin",Ulasan terverifikasi dari tiket.com,https://s-light.tiket.photos/t/01E25EBZS3W0FY9GTG6C42E1SE/rsfit10801920gsm/images/2025/04/30/36f30ddf-909e-4fc5-a7da-b0f8437bb6b3-1746006127136-6b28595f88ca284438d4078b622c801c.jpg,https://s-light.tiket.photos/t/01E25EBZS3W0FY9GTG6C42E1SE/rsfit10801920gsm/images/2025/04/30/f35c1302-a317-4f91-8c0d-0a94116b7f61-1746006128277-dcc82db1b542665624ec3fd4e591fb86.jpg,,,,,,,,
9,4,Anis Novita,9 Mei 2025,Trip Pasangan,"4,8",Semua bagus dan murah sesuai harga cuman kamar mandi air nya kurang panas,Ulasan terverifikasi dari tiket.com,https://s-light.tiket.photos/t/01E25EBZS3W0FY9GTG6C42E1SE/rsfit10801920gsm/images/2025/05/09/ae24d461-f361-412d-bb2b-59741796fe3a-1746788323917-e558c3e25a29d6226a5f1cdf0e53a3d1.jpeg,https://s-light.tiket.photos/t/01E25EBZS3W0FY9GTG6C42E1SE/rsfit10801920gsm/images/2025/05/09/eafdf417-72c4-484a-a53d-b2a1772eb95e-1746788321322-78cf126d999ceacf7aec82a37394ffd7.jpeg,https://s-light.tiket.photos/t/01E25EBZS3W0FY9GTG6C42E1SE/rsfit10801920gsm/images/2025/05/09/e260958b-5ef6-4e4b-b196-ea6a4c195554-1746788324324-c09fe0ed28f32d4ee39f51b7feddb4ae.jpeg,https://s-light.tiket.photos/t/01E25EBZS3W0FY9GTG6C42E1SE/rsfit10801920gsm/images/2025/05/09/09eb4dbe-e6fe-4dca-8001-142c8519d3ec-1746788314286-49a126235153808b39aa19c10727d7aa.jpeg,https://s-light.tiket.photos/t/01E25EBZS3W0FY9GTG6C42E1SE/rsfit10801920gsm/images/2025/05/09/e61bbf68-20e7-4e74-9cde-c487adf073b4-1746788303530-0e4da579f337b0f22f600f464ee450cc.jpeg,,,,,
9,5,Ryan Riadi,8 Mei 2025,Trip Keluarga,"5,0",Puas mau lagi nginep disini,Ulasan terverifikasi dari tiket.com,https://s-light.tiket.photos/t/01E25EBZS3W0FY9GTG6C42E1SE/rsfit10801920gsm/images/2025/05/08/58fa245f-ebfa-45a5-8871-3b9b35863824-1746718218599-9bc887b012eda2029782247b26559328.jpeg,,,,,,,,,
10,1,FF,30 April 2025,Trip Keluarga,"5,0",Akses internet gratis.,Ulasan terverifikasi dari tiket.com,https://s-light.tiket.photos/t/01E25EBZS3W0FY9GTG6C42E1SE/rsfit10801920gsm/images/2025/04/30/e755a230-72d2-4e71-95ff-84bc8c9a0eb7-1745975297139-4998cb87a620b73480f149c964d10ba9.jpg,https://s-light.tiket.photos/t/01E25EBZS3W0FY9GTG6C42E1SE/rsfit10801920gsm/images/2025/04/30/745e83d3-35c0-4ae3-8357-f037b6bf271e-1745975520643-bb2bb1d1d91e5072bd7a0e37bd286907.jpg,https://s-light.tiket.photos/t/01E25EBZS3W0FY9GTG6C42E1SE/rsfit10801920gsm/images/2025/04/30/e04b27ef-74cc-4e43-8a20-8b927e0de4a5-1745975454300-ecaaa920ee76894906b490779666e8e2.jpg,https://s-light.tiket.photos/t/01E25EBZS3W0FY9GTG6C42E1SE/rsfit10801920gsm/images/2025/04/30/5f1dccb4-33ed-4004-b938-2fbd77addd1a-1745975592899-ef184f572676a4c8df184449711e1f3d.jpg,,,,,,
10,2,ADALAH,24 April 2025,Trip Keluarga,"4,0",Air berendam di kamar tidak panas cenderung dingin sayang sekali,Ulasan terverifikasi dari tiket.com,https://s-light.tiket.photos/t/01E25EBZS3W0FY9GTG6C42E1SE/rsfit10801920gsm/images/2025/04/24/fbad59a9-84b7-4463-a9af-faa154312e99-1745484664627-8322e266f2b91dc4e3e592742f0c493d.jpg,,,,,,,,,
10,3,Irwan Kurniawan,22 April 2025,Trip Keluarga,"5,0",Anak anak Heppy bisa main perahu dan berenang di waterboom,Ulasan terverifikasi dari tiket.com,https://s-light.tiket.photos/t/01E25EBZS3W0FY9GTG6C42E1SE/rsfit10801920gsm/images/2025/04/22/51848437-b2dd-42ef-82c8-e456074219ca-1745314240986-7e3b5142bad1f76c21bc42bd4d652e59.jpg,https://s-light.tiket.photos/t/01E25EBZS3W0FY9GTG6C42E1SE/rsfit10801920gsm/images/2025/04/22/9be8e0c1-673b-4e52-83d8-0038f6591916-1745314295779-d3b4300808fc038cc9f1922d4f21cda1.jpg,https://s-light.tiket.photos/t/01E25EBZS3W0FY9GTG6C42E1SE/rsfit10801920gsm/images/2025/04/22/c3c1d9ed-836e-422a-8e45-f95cd3c26670-1745314295546-2a09ba6b59878669f2a2b37a7ea60248.jpg,,,,,,,
10,4,Irwan Kurniawan,22 April 2025,Trip Keluarga,"5,0",Hotel nyaman untuk keluarga dan fasilitas nya lengkap. Kita bersama keluarga klo ke Garut pasti nya nginep di hotel Tirta kencana.,Ulasan terverifikasi dari tiket.com,https://s-light.tiket.photos/t/01E25EBZS3W0FY9GTG6C42E1SE/rsfit10801920gsm/images/2025/04/22/7857efe6-7768-4e0b-ae8a-840d3ed98a22-1745314119162-4b2638e87da503430dabde75d228c7e5.jpg,https://s-light.tiket.photos/t/01E25EBZS3W0FY9GTG6C42E1SE/rsfit10801920gsm/images/2025/04/22/5b8c3477-7af2-40b7-8a80-ba5b316af6ee-1745314119170-b44fce4067bfd7b962267bde1da87f00.jpg,https://s-light.tiket.photos/t/01E25EBZS3W0FY9GTG6C42E1SE/rsfit10801920gsm/images/2025/04/22/84d758ef-691b-4468-88d0-34bc68f0639c-1745314119540-c43512cfcabae48f38c08151cd2d7507.jpg,https://s-light.tiket.photos/t/01E25EBZS3W0FY9GTG6C42E1SE/rsfit10801920gsm/images/2025/04/22/1d4ff530-ea78-4f39-b6a4-9de42cf318f9-1745314119177-db73e027fe1322a35c923eb977997203.jpg,,,,,,
10,5,HP,21 April 2025,Trip Keluarga,"5,0",Hotel bersih staf ramah view cakep,Ulasan terverifikasi dari tiket.com,https://s-light.tiket.photos/t/01E25EBZS3W0FY9GTG6C42E1SE/rsfit10801920gsm/images/2025/04/21/d67c1e65-c354-4763-88ea-fd5faf6d5538-1745219936009-5ddb8a9610393e4409b9f9328ce8fcfb.jpeg,,,,,,,,,
11,1,gustiani safitri,20 April 2025,Trip Keluarga,"3,6",Waterboom nya asikkk Comfortable beds.,Ulasan terverifikasi dari tiket.com,https://s-light.tiket.photos/t/01E25EBZS3W0FY9GTG6C42E1SE/rsfit10801920gsm/images/2025/04/20/5bb87681-93fa-4f1b-8311-c8ea414f6112-1745162542217-6d0573958b7c183087f4f6abfa915943.jpg,,,,,,,,,
11,2,Tekanan darah,11 April 2025,Trip Keluarga,"5,0","Kamar booking tipe suite mantapp banget sayang air panasnya kurang maknyusss. Sarapan nya bervariatif dan enak dgan view gunung pagi. Pelayanan sangat memuaskan. Kolam renang juga worth it buat anak"" ...Selengkapnya",Ulasan terverifikasi dari tiket.com,https://s-light.tiket.photos/t/01E25EBZS3W0FY9GTG6C42E1SE/rsfit10801920gsm/images/2025/04/11/238cd972-946d-4047-bef8-5bd2e9118908-1744370387091-e1ce5aa6380612f5b30cb02f2ea55ebf.jpg,https://s-light.tiket.photos/t/01E25EBZS3W0FY9GTG6C42E1SE/rsfit19201080gsm/images/2025/04/11/b8f53eb4-59c7-44db-aef6-58789cd64df1-1744370375163-50d8c190583baa1ea13c1c306a51cfcd.jpg,https://s-light.tiket.photos/t/01E25EBZS3W0FY9GTG6C42E1SE/rsfit19201080gsm/images/2025/04/11/63cdc657-5255-4bdf-a40f-6869b776c47f-1744370387051-f5a47649b6510e8fb1226fb28a822276.jpg,,,,,,,
11,3,SS,9 April 2025,Trip Pasangan,"5,0","Sangat layak dibeli, sangat direkomendasikan👏🏻",Ulasan terverifikasi dari tiket.com,https://s-light.tiket.photos/t/01E25EBZS3W0FY9GTG6C42E1SE/rsfit19201080gsm/images/2025/04/09/43052298-8748-459e-9da2-9b361318939d-1744211305871-a5a950e3a42e31c200ad1fb6da379920.jpeg,,,,,,,,,
11,4,SK,8 April 2025,Trip Keluarga,"4,0","Easy check-out. Lokasi strategis, tipe executive view kolam renang,kamar bersih, ada bathtub nya jg, kasur ada 2 uk king, anak2 senang bisa berendam dikamar, libur lebaran lumayan dapat harga murah",Ulasan terverifikasi dari tiket.com,https://s-light.tiket.photos/t/01E25EBZS3W0FY9GTG6C42E1SE/rsfit10801920gsm/images/2025/04/08/05409713-e056-4469-b885-876fe35bb967-1744115221101-32727595eed7d7f51e534bb92c14d18f.jpg,,,,,,,,,
11,5,CS,6 April 2025,Trip Pasangan,"5,0",Kamar-kamar selalu bersih. Suasana meriah. Dekat dengan stasiun. Pemandangan kolam renang yang menakjubkan. Suasana yang tenang dan menyenangkan.,Ulasan terverifikasi dari tiket.com,https://s-light.tiket.photos/t/01E25EBZS3W0FY9GTG6C42E1SE/rsfit10801920gsm/images/2025/04/06/2d0dc2a8-fcc4-41ee-9d7d-46d431e05b76-1743936131945-5f80f92cd62b17c1ba9d538ac503832a.jpeg,https://s-light.tiket.photos/t/01E25EBZS3W0FY9GTG6C42E1SE/rsfit10801920gsm/images/2025/04/06/ec8b5183-3f78-463c-861a-29ac6b0b196b-1743936157057-f9014bab1349ab728941985d151fc999.jpeg,,,,,,,,
12,1,nyimas ita rubiah,31 Maret 2025,Trip Keluarga,"5,0",Pelayanan ramah semua good job next mdh2n bisa kembali nginep di sna...,Ulasan terverifikasi dari tiket.com,https://s-light.tiket.photos/t/01E25EBZS3W0FY9GTG6C42E1SE/rsfit19201080gsm/images/2025/03/31/34386db5-d2f3-4e3a-acdd-9a6c2e679c5b-1743418251400-811dcb4dad05215c9c3720b6e5215f64.jpg,,,,,,,,,
12,2,GM,28 Maret 2025,Trip Pasangan,"5,0","Pelayanan bagus, tempat sangat nyaman",Ulasan terverifikasi dari tiket.com,https://s-light.tiket.photos/t/01E25EBZS3W0FY9GTG6C42E1SE/rsfit10801920gsm/images/2025/03/28/97a1dc8e-af64-433c-a786-d960b3c63413-1743151169656-40e540085b6a49dee33261ada24e0dab.jpeg,,,,,,,,,
12,3,fitri hardiyanti mayka,28 Maret 2025,Trip Keluarga,"4,8","Keren staycation ramadhan tapi ga brsa lgi puasa , karena dikasi akses kolam private, villanya keren 2 kamar dapet fasilitas kolam rendam private.dpt kamar mandi 2 jd ga rebutan, dapet sahur juga yaaa...Selengkapnya",Ulasan terverifikasi dari tiket.com,https://s-light.tiket.photos/t/01E25EBZS3W0FY9GTG6C42E1SE/rsfit10801920gsm/images/2025/03/28/8e6e0144-b30d-426c-bb4b-08b13d510e06-1743133947421-f9bc6f5689e7cbcfd8206508190f559c.jpg,https://s-light.tiket.photos/t/01E25EBZS3W0FY9GTG6C42E1SE/rsfit10801920gsm/images/2025/03/28/02047317-48cf-4510-8328-b14744d5e0a3-1743133946723-dc6b8ec72c765d5bc2c76732caca1cb9.jpg,,,,,,,,
12,4,Go Cintya Destianti,20 Maret 2025,Trip Keluarga,"4,4","Kamarnya terlalu sempit, pengap, AC sedikit berbau ga enak, dideskripsi fasilitas ada hairdryer tapi ternyata tidak ada. Kasur empuk.",Ulasan terverifikasi dari tiket.com,https://s-light.tiket.photos/t/01E25EBZS3W0FY9GTG6C42E1SE/rsfit10801920gsm/images/2025/03/20/6c544ea9-5489-4371-a3c2-b5f5d19b1984-1742471594355-3d0f4f1d9e6d490ec2858dee8291368d.jpg,https://s-light.tiket.photos/t/01E25EBZS3W0FY9GTG6C42E1SE/rsfit10801920gsm/images/2025/03/20/900bc8a7-330a-4af5-80d5-fe387c3e3ebc-1742471592833-7124f588374c092d33ec9da1f8859958.jpg,https://s-light.tiket.photos/t/01E25EBZS3W0FY9GTG6C42E1SE/rsfit10801920gsm/images/2025/03/20/9dab46ed-c0ee-46bf-a1c2-a0e3f7707d79-1742471591098-820e770b06c6ec47cf483e7cffb0ed08.jpg,https://s-light.tiket.photos/t/01E25EBZS3W0FY9GTG6C42E1SE/rsfit10801920gsm/images/2025/03/20/d21ae27d-e5ce-4a5a-a821-4a9e423bf12b-1742471594527-d497d776cd8968aa5311afe138b0a4a2.jpg,,,,,,
12,5,Indra A Md,9 Maret 2025,Trip Keluarga,"5,0",Seru & anak anak senang,Ulasan terverifikasi dari tiket.com,https://s-light.tiket.photos/t/01E25EBZS3W0FY9GTG6C42E1SE/rsfit19201080gsm/images/2025/03/09/073e65d2-d07a-466f-848f-a78d65e4c397-1741499915549-d5650cea1755839c1334d4da967c6cb7.jpg,,,,,,,,,
13,1,Dewi Puji Lestari,7 Maret 2025,Trip Keluarga,"4,8","Kamar nyaman, cocok untuk keluarga. Desain unik. Keamanan dan privasi terjamin. Bak rendam di kamar mandi ada lumut nya jadi mikir panjang mau dipake, ga masalah krn di kolam renang aja berendam nya",Ulasan terverifikasi dari tiket.com,https://s-light.tiket.photos/t/01E25EBZS3W0FY9GTG6C42E1SE/rsfit10801920gsm/images/2025/03/07/ce4da6a0-e3e7-4057-8354-507362c9e3ba-1741313809057-7c9f7295581945e801f6bc789b1d84ea.jpg,,,,,,,,,
13,2,Mia Nurmilasari,6 Maret 2025,Trip Keluarga,"5,0",Kebersihan terjamin dan sangat baik. Staf yang penuh perhatian dan tulus.,Ulasan terverifikasi dari tiket.com,https://s-light.tiket.photos/t/01E25EBZS3W0FY9GTG6C42E1SE/rsfit10801920gsm/images/2025/03/06/e69a1215-8a62-4601-8050-a52fd62328db-1741208427210-b777efc48ad9a073ad2e733647faf929.jpeg,https://s-light.tiket.photos/t/01E25EBZS3W0FY9GTG6C42E1SE/rsfit10801920gsm/images/2025/03/06/c80f0a5f-0833-44da-b74f-3bcf1d72e611-1741208436547-b09f1b47c3c4d4ddad9633d015150fd3.jpeg,,,,,,,,
13,3,nuraeni nugrahawati,28 Februari 2025,Trip Keluarga,"3,2","Worth it, kamar nyaman, mungkin kebersihannya aja lbih di jaga lagi kkarenna jadi kurang enak aja d lihat nya, makanan lmyan enak tp kurang variatif,",Ulasan terverifikasi dari tiket.com,https://s-light.tiket.photos/t/01E25EBZS3W0FY9GTG6C42E1SE/rsfit10801920gsm/images/2025/02/28/0e33dd30-1a61-498a-9e91-0fbf0b5cfb4a-1740696710424-8e55cddeba09d309508c3a5c2fd26b79.jpg,https://s-light.tiket.photos/t/01E25EBZS3W0FY9GTG6C42E1SE/rsfit10801920gsm/images/2025/02/28/010f1a9b-7f77-4b3a-8d21-7b1164370959-1740696708107-3a9dbcd31996bcf6fb7c798010729fc2.jpg,,,,,,,,
13,4,Nuriman Dwiyanto,24 Februari 2025,Trip Keluarga,"5,0",Kebersihan kamar sangat dijaga. Staf ramah sama anak-anak. Staf siap membantu.,Ulasan terverifikasi dari tiket.com,https://s-light.tiket.photos/t/01E25EBZS3W0FY9GTG6C42E1SE/rsfit10801920gsm/images/2025/02/24/9b2360f2-3635-4f3f-a328-ff630fd3f3f7-1740401116752-5f3bde7b4807b002cc041d6eea4aa9ac.jpg,https://s-light.tiket.photos/t/01E25EBZS3W0FY9GTG6C42E1SE/rsfit10801920gsm/images/2025/02/24/1b49c690-4ecb-4161-9e2c-4f440f620015-1740401114978-ed585be6da9a2b6a4f3df8f477fd2063.jpg,https://s-light.tiket.photos/t/01E25EBZS3W0FY9GTG6C42E1SE/rsfit10801920gsm/images/2025/02/24/3789a41e-2eaf-457c-ad6c-bcd5df316318-1740401115298-c050b2b5c978f5f6126952ad01a73b6d.jpg,,,,,,,
13,5,Subagiyo,23 Februari 2025,Trip Keluarga,"4,8",Weekday..pas banget buat staycation bersama anak2..krn ada waterboom air hangat. Bisa ke kamar naik perahu. Kamarnya ada bak rendem sayang lampunya terlalu redup tidak ada lampu tanbahan,Ulasan terverifikasi dari tiket.com,https://s-light.tiket.photos/t/01E25EBZS3W0FY9GTG6C42E1SE/rsfit19201080gsm/images/2025/02/23/10dfe40b-fb58-492e-918b-cc6d84b4b2dd-1740263357123-437e04f29e774af12a2d357c546fe0c8.jpg,,,,,,,,,
14,1,MATAHARI,11 Februari 2025,Trip Keluarga,"4,6","lumayan bagus, cuma kebersihannya perlu diperhatikan lagi dan ada fasilitas yg perlu diperbaharui",Ulasan terverifikasi dari tiket.com,https://s-light.tiket.photos/t/01E25EBZS3W0FY9GTG6C42E1SE/rsfit10801920gsm/images/2025/02/11/8e1b74bb-8595-47ad-a225-26b7da45c0fb-1739238656031-f975bfb10af7526686b0bfea0454b4dc.jpg,,,,,,,,,
14,2,MATAHARI,11 Februari 2025,Trip Keluarga,"4,6","lumayan bagus, cuma kebersihannya perlu diperhatikan lagi. beberapa fasilitas juga ada yg perlu diperbaharui.",Ulasan terverifikasi dari tiket.com,https://s-light.tiket.photos/t/01E25EBZS3W0FY9GTG6C42E1SE/rsfit10801920gsm/images/2025/02/11/3c80c186-c396-4fc1-89a2-372b20be11c5-1739238566251-1a819fbaf88683395ad0bd23020bf427.jpg,,,,,,,,,
14,3,MATAHARI,11 Februari 2025,Trip Keluarga,"4,4","lumayanlah buat harga segitu. kebersihannya perlu ditingkatkan lg, nginep di kamar vip tp diatasnya ada sawang sawang. kapasitas kamar utk 4 org tp gelas cangkir cuma ada 2. pemanas air minumnya berfu...Selengkapnya",Ulasan terverifikasi dari tiket.com,https://s-light.tiket.photos/t/01E25EBZS3W0FY9GTG6C42E1SE/rsfit10801920gsm/images/2025/02/11/e939d558-1cda-471f-b194-8971245251a9-1739238063691-1c284b25776251282831d5ee4d2bd045.jpg,https://s-light.tiket.photos/t/01E25EBZS3W0FY9GTG6C42E1SE/rsfit10801920gsm/images/2025/02/11/17b6d13d-c273-4e93-9099-a79290485f9c-1739238062720-90ac7ddbe4ed3c391a7b232a316de2e1.jpg,,,,,,,,
14,4,Sinatraya Lingga yang Perkasa,9 Februari 2025,Trip Keluarga,"5,0",Kamar super bersih. Suasana kolam renang sangat menyegarkan.,Ulasan terverifikasi dari tiket.com,https://s-light.tiket.photos/t/01E25EBZS3W0FY9GTG6C42E1SE/rsfit10801920gsm/images/2025/02/09/ca66af69-c75a-4e5e-99a7-e19e56d7a2d7-1739059145298-151494b877cdcdeca72ee3f20ff4a21e.jpg,https://s-light.tiket.photos/t/01E25EBZS3W0FY9GTG6C42E1SE/rsfit10801920gsm/images/2025/02/09/ab76ace3-cde1-4341-b591-c69659b4e44e-1739059145570-fc12874f0e0ea39a46431d529c67e00c.jpg,,,,,,,,
14,5,Achmad Taufan P,30 Januari 2025,Trip Keluarga,"5,0","Seru banget bisa stay disini. Lokasi strategis, dan villanya baguuus! Akses gratis ke waterboom nya jg mayan bgt kalo bawa bocil2.",Ulasan terverifikasi dari tiket.com,https://s-light.tiket.photos/t/01E25EBZS3W0FY9GTG6C42E1SE/rsfit10801920gsm/images/2025/01/30/a10795c6-b5e4-4e56-9809-8f6659ba6efe-1738249721439-78d63d161247e5d936daf4a27f9995ee.jpeg,https://s-light.tiket.photos/t/01E25EBZS3W0FY9GTG6C42E1SE/rsfit10801920gsm/images/2025/01/30/19b37413-d7b9-4a2d-88f4-d083b1db113a-1738249719521-710fc56601565f3bf30e16d2bc3483e5.jpeg,https://s-light.tiket.photos/t/01E25EBZS3W0FY9GTG6C42E1SE/rsfit10801920gsm/images/2025/01/30/e4e5d704-68b4-4c29-8fcc-dc936535c2ae-1738249722352-74212ef61861fc71adcbf6644e5da7eb.jpeg,https://s-light.tiket.photos/t/01E25EBZS3W0FY9GTG6C42E1SE/rsfit10801920gsm/images/2025/01/30/da28bd9b-a804-48af-8c44-d75aad541eff-1738249721769-49e5103b712fb02a28304e6beae0be07.jpeg,https://s-light.tiket.photos/t/01E25EBZS3W0FY9GTG6C42E1SE/rsfit10801920gsm/images/2025/01/30/45d60614-c757-4e2a-8369-1675684f650e-1738249718950-1066b4f19fb8c763b742757f2e1e0f8c.jpeg,,,,,
15,1,Dan Sophia,28 Januari 2025,Trip Keluarga,"4,0","Harga murah, fasilitas lumayan bagus.. seru bawa anak2",Ulasan terverifikasi dari tiket.com,https://s-light.tiket.photos/t/01E25EBZS3W0FY9GTG6C42E1SE/rsfit19201080gsm/images/2025/01/28/03087f3c-aa08-44f5-bb9f-bfe7770e4c9e-1738073112590-77d77ddf7b6ece3354fa558232b71331.jpg,https://s-light.tiket.photos/t/01E25EBZS3W0FY9GTG6C42E1SE/rsfit19201080gsm/images/2025/01/28/f8d8eedc-6590-4666-94b6-fc432bbb7b4c-1738073206496-2f74003f17d46e0164a9eb240142909d.jpg,https://s-light.tiket.photos/t/01E25EBZS3W0FY9GTG6C42E1SE/rsfit10801920gsm/images/2025/01/28/7fd10a6d-a63c-48ac-98f2-89ff2106b098-1738073221335-686635f3172c4420fd4603dfdbf2893a.jpg,,,,,,,
15,2,Marissa Lindsey Wemay,27 Januari 2025,Trip Keluarga,"4,0","Room yg kita ambil executive..kamar besar, dua kasur besar sangat nyaman dan bersih, staff juga ramah, anak2 juga senang berenang di Waterboom, untuk breakfast biasa saja, yg bikin hotel ini bagus vie...Selengkapnya",Ulasan terverifikasi dari tiket.com,https://s-light.tiket.photos/t/01E25EBZS3W0FY9GTG6C42E1SE/rsfit19201080gsm/images/2025/01/27/a8f9c13c-632f-4877-b7a0-ecb77388bdde-1737988660120-ed7784594139471b3bb0feb8140f6c9e.jpg,,,,,,,,,
15,3,Iwan Kurniawan,25 Januari 2025,Perjalanan Bisnis,"3,6","2 malam dsni, lumaya nyaman, cmn amnities di kamar mandi gk d kasih lg pas hari kedua",Ulasan terverifikasi dari tiket.com,https://s-light.tiket.photos/t/01E25EBZS3W0FY9GTG6C42E1SE/rsfit10801920gsm/images/2025/01/25/f2461e74-4c0f-4000-8763-a002248ec7ba-1737776510804-aaf20d3025b6312aba3d5485340d95f2.jpg,,,,,,,,,
15,4,ITU,21 Januari 2025,Trip Pasangan,"2,2","dpt harga 500Up, view bagus, kamar bersih wangi bagus bagus semuanya cuman … pas breakfest makanan prasmanan/buffet berantakan kmn mn, sendok saji kotor/minyak ga karuan krn yg lain ngambilnya gatau g...Selengkapnya",Ulasan terverifikasi dari tiket.com,https://s-light.tiket.photos/t/01E25EBZS3W0FY9GTG6C42E1SE/rsfit10801920gsm/images/2025/01/21/d604089e-5c52-48d1-a40f-5ca2f78d1c8d-1737456793934-a45000f7f6f722f2f63619d975ee8141.png,https://s-light.tiket.photos/t/01E25EBZS3W0FY9GTG6C42E1SE/rsfit10801920gsm/images/2025/01/21/3d6650c1-5c4e-422c-a684-2c8ed27a4418-1737456806136-20e4dec4ba754e58c7dcea85a8537ec5.png,,,,,,,,
15,5,Muhammad Ridwan,19 Januari 2025,Trip Keluarga,"5,0",Good fasilitas mantap,Ulasan terverifikasi dari tiket.com,https://s-light.tiket.photos/t/01E25EBZS3W0FY9GTG6C42E1SE/rsfit19201080gsm/images/2025/01/19/234bb2bc-9d3f-4d25-abf9-42b289edd92f-1737284010673-7de501e42f932a948f45cb0422282032.jpg,,,,,,,,,
16,1,Irfani Lubis,12 Januari 2025,Trip Keluarga,"5,0","Terbaikkkkk dr segi tempat, fasilitas anak, dll pokonya, udah brp kali kesini.",Ulasan terverifikasi dari tiket.com,https://s-light.tiket.photos/t/01E25EBZS3W0FY9GTG6C42E1SE/rsfit19201080gsm/images/2025/01/12/d0f426f3-d864-45a1-89ed-0733eeeea20c-1736685303984-1877dc1055ca0dffc37a834b30438b30.jpg,,,,,,,,,
16,2,MS,11 Januari 2025,Trip Keluarga,"5,0",bagus recomend view bgs bgt.. Kebeneran dapet hrga promo Jd oke Suasana kolam yang menarik. Staff sangat ramah.,Ulasan terverifikasi dari tiket.com,https://s-light.tiket.photos/t/01E25EBZS3W0FY9GTG6C42E1SE/rsfit10801920gsm/images/2025/01/11/b7965649-1b6a-4562-b13c-82f1698f6976-1736612613140-80c8dc75b688dd2b0fe443b35749031d.jpeg,,,,,,,,,
16,3,IY,10 Januari 2025,Trip Keluarga,"4,0","Kami menginap di kamar VIP dgn 2 tempat tidur uk. Queen yg nyaman dan bersih, dilengkapi balkon dgn pemandangan kolam renang. Suhu kolam sangat pas, sayangnya ramai dgn pengunjung umum krn hari libur,...Selengkapnya",Ulasan terverifikasi dari tiket.com,https://s-light.tiket.photos/t/01E25EBZS3W0FY9GTG6C42E1SE/rsfit10801920gsm/images/2025/01/10/22c57986-ca63-4262-8a99-f07bdb1d43e7-1736483026016-5ae1615c99a2021b35028b0ec052becf.jpg,https://s-light.tiket.photos/t/01E25EBZS3W0FY9GTG6C42E1SE/rsfit19201080gsm/images/2025/01/10/b39dd0cf-4563-4942-aafe-49b9181e1afc-1736483024066-044d50d98d8c392c4e7404c66672d0ca.jpg,,,,,,,,
16,4,II,9 Januari 2025,Trip Keluarga,"3,8",Suasana sangat tenang dan sejuk. Jarak terjangkau ke pusat kota. Suhu air pas. Ekonomis tapi istimewa. Kamar dengan pencahayaan baik.,Ulasan terverifikasi dari tiket.com,https://s-light.tiket.photos/t/01E25EBZS3W0FY9GTG6C42E1SE/rsfit10801920gsm/images/2025/01/09/4d6ae96f-b5be-4e79-8abd-ca95d4ad6bd5-1736380321655-de9d578d54ced19c5e55b0bc866ff367.jpg,,,,,,,,,
16,5,Rika Destianti,8 Januari 2025,Trip Keluarga,"5,0",Kamar enak cocok buat Kel besar..cuma sayang untuk breakfast kurang enak,Ulasan terverifikasi dari tiket.com,https://s-light.tiket.photos/t/01E25EBZS3W0FY9GTG6C42E1SE/rsfit10801920gsm/images/2025/01/08/062ee336-6175-48eb-8ab8-cdb5bc9ad7b5-1736320380033-8aebd4f9809f35bb834a805aa5256482.jpg,https://s-light.tiket.photos/t/01E25EBZS3W0FY9GTG6C42E1SE/rsfit10801920gsm/images/2025/01/08/3766a33f-dc38-499b-999b-91459fcca0ac-1736320416525-a76060fb1df72653d21e53f278f6da64.jpg,,,,,,,,
17,1,susan susanti,6 Januari 2025,Trip bareng Teman,"5,0",Nyaman bgt .. pas datang liburan sekolaa jd ramee .. Area bersantai tenang.,Ulasan terverifikasi dari tiket.com,https://s-light.tiket.photos/t/01E25EBZS3W0FY9GTG6C42E1SE/rsfit10801920gsm/images/2025/01/06/433e7f1b-234a-4bf0-803f-04176b08121e-1736152164375-f6c02559aa16dd9f14dd86952db15f01.jpeg,https://s-light.tiket.photos/t/01E25EBZS3W0FY9GTG6C42E1SE/rsfit10801920gsm/images/2025/01/06/90c7fb0a-8b1c-4947-b255-274377214b76-1736152115080-995498cb617928146acf89c84a20a482.jpeg,https://s-light.tiket.photos/t/01E25EBZS3W0FY9GTG6C42E1SE/rsfit10801920gsm/images/2025/01/06/971fcbbc-a40a-4d8c-b852-26365856c957-1736152114608-624dfed37f2a0e054456946e30c3925a.jpeg,,,,,,,
17,2,SS,29 Desember 2024,Trip Keluarga,"4,4",Menginap 2 mlm dr tgl 26-28/12/24 kamar executive ok luas. Cm d sygkan ada bau tdk sedap dr kmr mandinya mungkin saluran pembuangannya mesti di perhatikan lagi. Kolam renangnya d buka utk umum juga jd...Selengkapnya,Ulasan terverifikasi dari tiket.com,https://s-light.tiket.photos/t/01E25EBZS3W0FY9GTG6C42E1SE/rsfit10801920gsm/images/2024/12/29/ba9fcc1e-432d-42ec-9619-87c17b03e9bd-1735488045562-7329e2681997c37a62529ca482b31f65.jpg,https://s-light.tiket.photos/t/01E25EBZS3W0FY9GTG6C42E1SE/rsfit10801920gsm/images/2024/12/29/298631b7-a140-443b-bd3d-90de6ec04dac-1735488045278-92f52a7418f286bf14f6c0deed43aa81.jpg,https://s-light.tiket.photos/t/01E25EBZS3W0FY9GTG6C42E1SE/rsfit10801920gsm/images/2024/12/29/7a3643d7-f988-4760-a142-2daf98126d6e-1735488046181-5e782070cd8d3da62968061d572c4f65.jpg,https://s-light.tiket.photos/t/01E25EBZS3W0FY9GTG6C42E1SE/rsfit10801920gsm/images/2024/12/29/b300b9ee-acf8-4825-ad58-53a41f2a4878-1735488043968-954d890880b06ebbbf3bb12cf58d8deb.jpg,,,,,,
17,3,SS,29 Desember 2024,Trip Keluarga,"4,4","Menginap 2 mlm disini tgl 26-28 des '24, Hotelnya strategis, kamar executivenya luas, nyaman, kebersihan ok. Cm di kamar kdg ada bau tdk sedap dr kmr mandi sepertinya saluran pembuangannya harus di pe...Selengkapnya",Ulasan terverifikasi dari tiket.com,https://s-light.tiket.photos/t/01E25EBZS3W0FY9GTG6C42E1SE/rsfit10801920gsm/images/2024/12/29/055733e2-864d-4234-9a6b-b7e456bc6de3-1735486543892-12dbc97a8d34875bf39e97f87d2d295d.jpg,https://s-light.tiket.photos/t/01E25EBZS3W0FY9GTG6C42E1SE/rsfit10801920gsm/images/2024/12/29/84607e7f-3538-4f1d-85bb-6f7dc91c0e04-1735486745306-2a6929f6454fdebb0d6bddc8b8a9d2d9.jpg,https://s-light.tiket.photos/t/01E25EBZS3W0FY9GTG6C42E1SE/rsfit10801920gsm/images/2024/12/29/8edb1dd1-1c88-480d-b29b-8a2d65d61c7c-1735487633350-f7eb0bef10f7ade7d80c4505c67a6d60.jpg,https://s-light.tiket.photos/t/01E25EBZS3W0FY9GTG6C42E1SE/rsfit10801920gsm/images/2024/12/29/413f75e5-e9b8-4b86-8a6b-b2848804c74d-1735487685955-37f856ab62d930947c7e1ed3645620ee.jpg,,,,,,
17,4,Sangga Saputra,19 Desember 2024,Trip Keluarga,"5,0","Cocok banget buat yang mau staycation bersama keluarga, room luas, Kolam renang air hangat, Restoran nya kece dapet pemandangan Gunung.",Ulasan terverifikasi dari tiket.com,https://s-light.tiket.photos/t/01E25EBZS3W0FY9GTG6C42E1SE/rsfit19201080gsm/images/2024/12/19/f7a53081-4ad6-4aa4-8e85-fdf9fab681ef-1734608983122-80a365873a0d267b1f6b29104714ff31.jpg,,,,,,,,,
17,5,SP,12 Desember 2024,Trip Keluarga,"4,6",Harga murah dapet bad double 2 . Cocok buat anak- anak ada waterpark ember tumpah. Parkir sempit sih tp ada scurity yg mengatur. Dapat sarapan untuk 4 orang lumayan. Recommended,Ulasan terverifikasi dari tiket.com,https://s-light.tiket.photos/t/01E25EBZS3W0FY9GTG6C42E1SE/rsfit10801920gsm/images/2024/12/12/357c4e43-4d81-4078-b24b-784ab30158a0-1733963939370-3392d9b001fc5ae59efcb1e52c17de86.jpg,https://s-light.tiket.photos/t/01E25EBZS3W0FY9GTG6C42E1SE/rsfit10801920gsm/images/2024/12/12/ade8a914-9129-42ea-a544-e7d20aef85b1-1733963941196-5a4ce9be53d59393bd695b425b0e554d.jpg,https://s-light.tiket.photos/t/01E25EBZS3W0FY9GTG6C42E1SE/rsfit10801920gsm/images/2024/12/12/ebdf4f7f-57d0-4a42-ae56-5f84c1860cf7-1733963939706-f41e064917ca2be61a5c2f5842460b1a.jpg,,,,,,,
18,1,Sarip hidayatuloh,1 Desember 2024,Trip Keluarga,"4,0","Asik buat keluarga, tempat nya nyaman kamarnya bagus pas dengan pemandangan ke gunung guntur",Ulasan terverifikasi dari tiket.com,https://s-light.tiket.photos/t/01E25EBZS3W0FY9GTG6C42E1SE/rsfit10801920gsm/images/2024/12/01/af92d5ab-f6ea-47de-bcaf-d993dc1a6e28-1733035164318-88238559f827d06772aa5ae06d6b3570.jpg,https://s-light.tiket.photos/t/01E25EBZS3W0FY9GTG6C42E1SE/rsfit10801920gsm/images/2024/12/01/6a3ecb97-0b71-4d18-8712-64fcfa1866f6-1733035184672-31bc9547886fe086e94e37b3830e92ea.jpg,,,,,,,,
18,2,KATA-KATA IMAM AHMAD SYAFII,1 Desember 2024,Trip Keluarga,"5,0","Kamar View gunung, kasurnya ada 2 dan besar, air panas alami meskipun harus nunggu -+ 15 menit agar air keluar dari keran benar2 panas, kolam renang air hangat dan ada kolam berendam air panas, sarapa...Selengkapnya",Ulasan terverifikasi dari tiket.com,https://s-light.tiket.photos/t/01E25EBZS3W0FY9GTG6C42E1SE/rsfit10801920gsm/images/2024/12/01/d491b8bf-5e72-4516-abb7-447c61b15946-1733030368407-8e2cb142b329d1b19c7bbe40d3afaf98.jpg,https://s-light.tiket.photos/t/01E25EBZS3W0FY9GTG6C42E1SE/rsfit10801920gsm/images/2024/12/01/0000a10b-a7eb-47cc-9aa0-ce040d4d57bb-1733030368370-9ba614f903cd3aa67b742f4b674f3f72.jpg,,,,,,,,
18,3,Bahasa Inggris,29 November 2024,Trip Keluarga,"4,0","Area parkir aman. Murah meriah, pelayanan luar biasa. Teras pribadi sangat menyenangkan. Murah meriah, pelayanan luar biasa.",Ulasan terverifikasi dari tiket.com,https://s-light.tiket.photos/t/01E25EBZS3W0FY9GTG6C42E1SE/rsfit10801920gsm/images/2024/11/29/311a0935-0b7c-4172-b344-d4b725903183-1732853996384-6c9e754cadc5eaae849c22c73b0043ab.jpg,https://s-light.tiket.photos/t/01E25EBZS3W0FY9GTG6C42E1SE/rsfit10801920gsm/images/2024/11/29/932df9bd-f5d3-4b13-be19-9b3c7fb858c1-1732853998651-d32063bd5e0757fe52f6ac794c1a0791.jpg,,,,,,,,
18,4,Nida diperbolehkan.,29 November 2024,Trip Keluarga,"4,0",Makanan enak sekali. Kenyamanan berenang yang utama. Staf yang penuh keramahan dan hangat. Pelayanan cepat.,Ulasan terverifikasi dari tiket.com,https://s-light.tiket.photos/t/01E25EBZS3W0FY9GTG6C42E1SE/rsfit10801920gsm/images/2024/11/29/5555c814-5d13-456e-8135-9a231544c2e9-1732849114719-632b28401cdcf4e11146454aa543e6a4.jpeg,,,,,,,,,
18,5,SF,28 November 2024,Trip Pasangan,"5,0","Tempat tidur empuk. Harga sesuai fasilitas.oke banget tempatnya, pemandangan langsung gunung, banyak wahana main air ( perosotan, air tumpah, waterboom) pelayanan nya juga ramah banget. Tapi ini mah s...Selengkapnya",Ulasan terverifikasi dari tiket.com,https://s-light.tiket.photos/t/01E25EBZS3W0FY9GTG6C42E1SE/rsfit19201080gsm/images/2024/11/28/ee5535d8-9947-401a-94fc-61e279f431df-1732782813740-e56045d6c11447a83e5e82a9c641fc43.jpg,https://s-light.tiket.photos/t/01E25EBZS3W0FY9GTG6C42E1SE/rsfit19201080gsm/images/2024/11/28/1254fcfb-659e-4d42-a590-81f3ea8b46a3-1732782714884-eae1c35c9a1657bb9cdb958c7af295db.jpg,,,,,,,,
19,1,Ayyu Sulis,28 November 2024,Trip Keluarga,"5,0","Viewnya best bgt. Kamar bersih, nyaman.",Ulasan terverifikasi dari tiket.com,https://s-light.tiket.photos/t/01E25EBZS3W0FY9GTG6C42E1SE/rsfit10801920gsm/images/2024/11/28/5d1d9a42-3316-4db1-a832-93d27285ff0b-1732757796540-dd941c9d7f6d6789ddd3b0d19b2230d2.jpeg,https://s-light.tiket.photos/t/01E25EBZS3W0FY9GTG6C42E1SE/rsfit10801920gsm/images/2024/11/28/68a18427-9092-44b4-b513-eb434ea8e771-1732757816652-bc7347e97bd359b47977ab8982c7c544.jpeg,,,,,,,,
19,2,Sarah Maharani,24 November 2024,Trip Pasangan,"5,0","Mantappp, pelayanan nya ramah,bersih pokonya puasss😻",Ulasan terverifikasi dari tiket.com,https://s-light.tiket.photos/t/01E25EBZS3W0FY9GTG6C42E1SE/rsfit10801920gsm/images/2024/11/24/e3cef5c6-078f-4620-8ab7-177fd4a10501-1732426990082-112e0b1b152fb6c9d917423826f6c161.jpeg,https://s-light.tiket.photos/t/01E25EBZS3W0FY9GTG6C42E1SE/rsfit10801920gsm/images/2024/11/24/067d9cc5-053c-4e5f-a0ca-130543506a2c-1732426991609-5dcb25c8c5089756176df13b92422084.jpeg,https://s-light.tiket.photos/t/01E25EBZS3W0FY9GTG6C42E1SE/rsfit10801920gsm/images/2024/11/24/91fa03a1-edf1-472b-bfd9-9a542fc82ef9-1732426991592-f83369eb3ee85b7a98ee598593428116.jpeg,,,,,,,
19,3,zeny mochamad triawan,15 November 2024,Trip Pasangan,"1,0","sempit , kotor ,acc ga dingin brisik lagi .. fasilitas kaya gini kemahalan tolong",Ulasan terverifikasi dari tiket.com,https://s-light.tiket.photos/t/01E25EBZS3W0FY9GTG6C42E1SE/rsfit10801920gsm/images/2024/11/15/1aa8df3f-a0db-4cba-a97d-f8477345f686-1731673402553-a2b2360e7dcde32e69bc2eb95008e2a2.jpeg,https://s-light.tiket.photos/t/01E25EBZS3W0FY9GTG6C42E1SE/rsfit10801920gsm/images/2024/11/15/bab8867b-1d34-4a4a-8513-2ae8527afb23-1731673402512-e13a5e3c03fe466635bce4eccad3045c.jpeg,https://s-light.tiket.photos/t/01E25EBZS3W0FY9GTG6C42E1SE/rsfit10801920gsm/images/2024/11/15/81448dca-e89d-41d9-9218-0ecfc74e7a31-1731673402323-27174b9c65c537e4c639086cd9c88852.jpeg,,,,,,,
19,4,Haris Rw,12 November 2024,Trip Keluarga,"5,0","Tempat tidur anak-anak nyaman banget. Pelayanan luar biasa. Tempat tidur anak-anak nyaman banget. Pelayanan luar biasa. Dekat dengan pusat kesehatan. Hotel ekonomis, pengalaman oke. Check-in cepet ban...Selengkapnya",Ulasan terverifikasi dari tiket.com,https://s-light.tiket.photos/t/01E25EBZS3W0FY9GTG6C42E1SE/rsfit10801920gsm/images/2024/11/12/70213977-6e6e-45a2-ba21-b58c2ce3e8f0-1731368286887-1e5037ebdb2022b3a0a8249315b71229.jpg,https://s-light.tiket.photos/t/01E25EBZS3W0FY9GTG6C42E1SE/rsfit19201080gsm/images/2024/11/12/ab1b1945-a40f-446d-ba5e-1c071642a1e6-1731368314698-2f4c9dc15120032f7ddc99214c1bcdd9.jpg,,,,,,,,
19,5,Terima kasih kembali,3 November 2024,Trip Keluarga,"4,0",Excecutive mantul .. Vila nya juga nyaman,Ulasan terverifikasi dari tiket.com,https://s-light.tiket.photos/t/01E25EBZS3W0FY9GTG6C42E1SE/rsfit19201080gsm/images/2024/11/03/4e4fca9e-8c19-4f5f-a0e6-4c0250c81999-1730602683092-275dcd96c90c33b2894739a1d0d1c200.jpg,,,,,,,,,
20,1,Terima kasih kembali,3 November 2024,Trip Keluarga,"4,6","Sesuai budget .. Kids friendly .. Sudah termasuk sarapan .. Tempatnya dekat dg akses kesehatan, mall ..",Ulasan terverifikasi dari tiket.com,https://s-light.tiket.photos/t/01E25EBZS3W0FY9GTG6C42E1SE/rsfit10801920gsm/images/2024/11/03/d8b49b79-7e27-4276-a8ea-6dd35aaa43e9-1730602136593-52a8a661e8dbedd6bf622cf9d5075d08.jpg,https://s-light.tiket.photos/t/01E25EBZS3W0FY9GTG6C42E1SE/rsfit10801920gsm/images/2024/11/03/14012245-1b24-4ae2-b9ad-7aa2551f4930-1730602135168-063347a4fbf3b47ea69f8da58860a836.jpg,,,,,,,,
20,2,Triana puri,25 Oktober 2024,Trip Keluarga,"5,0","Tiap k****** pasti maunya nginep sini..karena kolamnya enak ga terlalu panas ga terlalu dingin..cocok banget buat anak2 yg mau main air,makanannya jg lumayan enak..mau balik lagi kesini..semoga sering...Selengkapnya",Ulasan terverifikasi dari tiket.com,https://s-light.tiket.photos/t/01E25EBZS3W0FY9GTG6C42E1SE/rsfit10801920gsm/images/2024/10/25/cd747001-41e1-493e-9a74-203cc36635dd-1729837069962-90a470ea70b49ca2bb45bae3f4361975.jpg,,,,,,,,,
20,3,Regina Indriani,15 Oktober 2024,Trip Keluarga,"3,2","Tolong utk pelayannya ditingkatkan lagi, saya tanya di dm tp ga bales2 pdhl onlen trs, order makanan pun lamaaa bgt, cuma order kopi aja dianternya sejam, fasilitasnya jg, semuanya serba air panas sam...Selengkapnya",Ulasan terverifikasi dari tiket.com,https://s-light.tiket.photos/t/01E25EBZS3W0FY9GTG6C42E1SE/rsfit10801920gsm/images/2024/10/15/334bf11a-8b78-459b-9258-e9f467e487e7-1728973202163-108a69305b36808711e8cd7cb1eeef9e.png,https://s-light.tiket.photos/t/01E25EBZS3W0FY9GTG6C42E1SE/rsfit10801920gsm/images/2024/10/15/ee3d7b07-39b1-47da-95c7-7fbea6139606-1728973215765-e1aa09e5a17f87f0b6d95fc8f6afb49d.jpeg,https://s-light.tiket.photos/t/01E25EBZS3W0FY9GTG6C42E1SE/rsfit10801920gsm/images/2024/10/15/a1f99b8b-ba9d-4d8a-9691-77aeeb1dafc4-1728973204608-7c6e97812d56239cb0315ba330ee534e.jpeg,https://s-light.tiket.photos/t/01E25EBZS3W0FY9GTG6C42E1SE/rsfit10801920gsm/images/2024/10/15/361009e9-b4c1-499e-81de-2104f13c4684-1728973211497-c67e49c27128a49df58eabbfacd345eb.jpeg,https://s-light.tiket.photos/t/01E25EBZS3W0FY9GTG6C42E1SE/rsfit10801920gsm/images/2024/10/15/c19eb996-44b1-40c1-89cb-285a89327c43-1728973216975-7a57bb9ef71e83827abc611bc90412f1.jpeg,,,,,
20,4,Nisa Sri Pertiwi,3 Oktober 2024,Trip Keluarga,"5,0","Rekomen banget apalagi pesen tiketnya di tiket.com Kamar nyaman, cocok untuk keluarga. Kolam cocok banget untuk bersantai. Budget-friendly, pengalaman istimewa. Kamar mandi bersih dan terawat.",Ulasan terverifikasi dari tiket.com,https://s-light.tiket.photos/t/01E25EBZS3W0FY9GTG6C42E1SE/rsfit10801920gsm/images/2024/10/03/087d862c-4259-4032-bee4-b3bb8b167c85-1727950616378-3e02487d74cc884d14a08deada447631.jpg,,,,,,,,,
20,5,Ana Yuliana,1 Oktober 2024,Trip Keluarga,"3,4",Sangat cocok untuk keluarga.,Ulasan terverifikasi dari tiket.com,https://s-light.tiket.photos/t/01E25EBZS3W0FY9GTG6C42E1SE/rsfit10801920gsm/images/2024/10/01/7e214cfe-24bd-41ba-be9a-8e1294ce9516-1727756165205-55217cfb9c87cb1f2e18ec7cf81211bc.jpeg,https://s-light.tiket.photos/t/01E25EBZS3W0FY9GTG6C42E1SE/rsfit10801920gsm/images/2024/10/01/9180900c-bab6-4008-8b78-4f797e90d5ca-1727756166372-4e799f0f2256d8e8bbbb745b58622aa8.jpeg,https://s-light.tiket.photos/t/01E25EBZS3W0FY9GTG6C42E1SE/rsfit10801920gsm/images/2024/10/01/a0cc2032-2291-427d-9735-aa2084486292-1727756167176-7f3e84a91cd18da0ab18728130ca9f42.jpeg,https://s-light.tiket.photos/t/01E25EBZS3W0FY9GTG6C42E1SE/rsfit10801920gsm/images/2024/10/01/41da9141-c51b-4e48-ae1c-8aae60e78779-1727756168447-13514fbb001cc152a1bf42cf03584656.jpeg,https://s-light.tiket.photos/t/01E25EBZS3W0FY9GTG6C42E1SE/rsfit10801920gsm/images/2024/10/01/f5d20315-e016-4463-acb7-77711577e772-1727756159510-9869020ffb92dc791473de5b5f9a0917.jpeg,https://s-light.tiket.photos/t/01E25EBZS3W0FY9GTG6C42E1SE/rsfit10801920gsm/images/2024/10/01/9245008c-ee8a-4cc4-9f64-4ebaa103dbd7-1727756168570-484c2c59d755a0f1dd1a2be31fc9aac8.jpeg,,,,
21,1,ADALAH,1 Oktober 2024,Trip Keluarga,"3,4",okey banget buat family Kamar bersih dan teratur. Pilihan hidangan lezat. Pilihan hidangan lezat.,Ulasan terverifikasi dari tiket.com,https://s-light.tiket.photos/t/01E25EBZS3W0FY9GTG6C42E1SE/rsfit10801920gsm/images/2024/10/01/bbdc68b3-7354-4047-a1ca-bb9352f02ecf-1727756037655-53ebec3c074829c2c9bf8fbc093b6d52.jpeg,https://s-light.tiket.photos/t/01E25EBZS3W0FY9GTG6C42E1SE/rsfit10801920gsm/images/2024/10/01/57e94f5f-5da7-4863-80e6-bf6ab3224ac8-1727756036996-50cc21addae661332323604849592d90.jpeg,https://s-light.tiket.photos/t/01E25EBZS3W0FY9GTG6C42E1SE/rsfit10801920gsm/images/2024/10/01/bade340d-5072-4cce-b85b-0632bc41e7fd-1727756037400-d9359cd32483367ed88e89187852b4a9.jpeg,,,,,,,
21,2,Seruni Yuniarti,25 September 2024,Trip Keluarga,"5,0","Murah bgt, kamar bersih, kolam renang air hangat, breakfast xoxo lah",Ulasan terverifikasi dari tiket.com,https://s-light.tiket.photos/t/01E25EBZS3W0FY9GTG6C42E1SE/rsfit10801920gsm/images/2024/09/25/5c62e585-ab2e-42ab-a60b-97068c97dbe1-1727279271358-c94be9fcf369be6c674398ca6709ac49.jpg,https://s-light.tiket.photos/t/01E25EBZS3W0FY9GTG6C42E1SE/rsfit10801920gsm/images/2024/09/25/a4d7ed68-554d-401c-b97e-e8f4716fca68-1727279271200-458a1ee3a83f0acaeaa752820f1c8cc8.jpg,,,,,,,,
21,3,Budi Nugraha,20 September 2024,Trip Keluarga,"4,0",Ok semua Harga bersaing. Staff sangat ramah. Staf penuh energi positif dan sangat membantu. Staf penuh energi positif dan sangat membantu. Ada ruang istirahat keluarga.,Ulasan terverifikasi dari tiket.com,https://s-light.tiket.photos/t/01E25EBZS3W0FY9GTG6C42E1SE/rsfit10801920gsm/images/2024/09/20/88c9e664-3704-4bec-b112-b21f9c0d0380-1726802638484-50021b2b8ff2a8a008761f568b49eff1.jpg,,,,,,,,,
21,4,Wida Sari,17 September 2024,Trip Keluarga,"4,0","Suasana yg menyenangkan, kamar yang bersih dan wangi. Pemandangan di resto masya allah indahnya seperti lukisan, dan dikolam renang juga ada viewnya dan air hangatt. Dikamar ada bak untuk berendam air...Selengkapnya",Ulasan terverifikasi dari tiket.com,https://s-light.tiket.photos/t/01E25EBZS3W0FY9GTG6C42E1SE/rsfit10801920gsm/images/2024/09/17/3959252a-7b53-4297-a455-aa992bc6c1f3-1726571628065-b93ab9d2837481bf5f0630566927295e.jpeg,,,,,,,,,
21,5,Subhi sulistiono,16 September 2024,Trip Keluarga,"5,0","Receptionist nya amat sangat membantu ramah dengan pelayanan bintang 5, kamar langsung menghadap ke pool dan gunung best view banget, breakfast jg banyak pilihan menu, pokok nya kamar, view, vasilitas...Selengkapnya",Ulasan terverifikasi dari tiket.com,https://s-light.tiket.photos/t/01E25EBZS3W0FY9GTG6C42E1SE/rsfit10801920gsm/images/2024/09/16/e77461dc-dd86-4620-80e1-bdec72943d39-1726500463807-3e5f9904edd885755374f1e5f5746204.jpg,https://s-light.tiket.photos/t/01E25EBZS3W0FY9GTG6C42E1SE/rsfit10801920gsm/images/2024/09/16/67d90a06-8e11-43dd-a731-bf11c5bf106c-1726500463508-f0c85755cc6004acd36dd2be06f086b2.jpg,,,,,,,,
22,1,Trifena widya puspa sari,16 September 2024,Trip Keluarga,"5,0","Hotel yang sudahh cukup lama tapi masih terawat, hanya saja lorong hotel agak lembab sdh banyak cat mengelupas,semoga kedepan bisa diperbaiki. Pengunjung waterboom ada dari luar jg sehingga kolam agak...Selengkapnya",Ulasan terverifikasi dari tiket.com,https://s-light.tiket.photos/t/01E25EBZS3W0FY9GTG6C42E1SE/rsfit19201080gsm/images/2024/09/16/96f5022e-28d4-49d2-9bb6-a321b361b67f-1726459069418-5f62443a873de157c6d7daa9105df353.jpeg,https://s-light.tiket.photos/t/01E25EBZS3W0FY9GTG6C42E1SE/rsfit10801920gsm/images/2024/09/16/23cdc9ed-5006-4c65-ac50-d678da4cfd01-1726459069444-26cc5c98a61c5a5cf178ba011dfe60fc.jpeg,https://s-light.tiket.photos/t/01E25EBZS3W0FY9GTG6C42E1SE/rsfit10801920gsm/images/2024/09/16/525e53e8-0427-448c-8e2b-6957e75a2f22-1726458969829-4713e5b82b1d8d0664131c31075cb526.jpeg,,,,,,,
22,2,DAN,16 September 2024,Trip Keluarga,"4,0",Pelayan yang santun dan responsif.,Ulasan terverifikasi dari tiket.com,https://s-light.tiket.photos/t/01E25EBZS3W0FY9GTG6C42E1SE/rsfit10801920gsm/images/2024/09/16/a7302b70-c614-491f-8793-a0bd8e0aacb7-1726455606463-515c0a1a4f86314fa048ea1ff43edcb2.jpg,,,,,,,,,
22,3,Sifa Astuti,8 September 2024,Trip Keluarga,"4,8","Terletak di pusat seni. Parkir di area depan. Suasana kolam cerah. Harga murah, sebanding dengan yang didapat. Layanan yang responsif.",Ulasan terverifikasi dari tiket.com,https://s-light.tiket.photos/t/01E25EBZS3W0FY9GTG6C42E1SE/rsfit10801920gsm/images/2024/09/08/d67a8136-c021-454e-9f50-c1605e9c6934-1725751868195-9031e0c2e869fc8942de724ebfab5895.jpg,https://s-light.tiket.photos/t/01E25EBZS3W0FY9GTG6C42E1SE/rsfit19201080gsm/images/2024/09/08/1a3ce9dc-fbd6-4145-8eaa-357d07fa85e1-1725751868134-30625ebc1414853d5e0279372005f42c.jpg,https://s-light.tiket.photos/t/01E25EBZS3W0FY9GTG6C42E1SE/rsfit10801920gsm/images/2024/09/08/69c64f31-f617-43d9-a457-0f39d2cc8498-1725751869692-8b73b8b7284a9020c102408adcaa956f.jpg,,,,,,,
22,4,Andri Yanwar,1 September 2024,Trip Keluarga,"5,0",Kebersihan sangat terjamin. Tersedia fasilitas anak-anak. Parkir terjaga. Penawaran spesial. Lingkungan menyenangkan.,Ulasan terverifikasi dari tiket.com,https://s-light.tiket.photos/t/01E25EBZS3W0FY9GTG6C42E1SE/rsfit10801920gsm/images/2024/09/01/249365f2-c8b4-43ae-88ee-a0b6233ffede-1725176630380-9340523b00cd728d0373a2e0bc3bf19f.jpeg,https://s-light.tiket.photos/t/01E25EBZS3W0FY9GTG6C42E1SE/rsfit10801920gsm/images/2024/09/01/81e797f5-611d-4e76-a7f1-8e26b4ab015b-1725176623660-0ce7d5def48680bef1e6ab7af11d378d.jpeg,https://s-light.tiket.photos/t/01E25EBZS3W0FY9GTG6C42E1SE/rsfit10801920gsm/images/2024/09/01/58592f7e-6f2c-4afd-b445-2953bd80cb1c-1725176629666-c4e376ab460f90a6829d24d9a263853a.jpeg,,,,,,,
22,5,Ekiko Chandra,27 Agustus 2024,Trip Keluarga,"5,0",view bagus kamar Udara segar dan tersanitasi. Parkir bersih dan rapi.,Ulasan terverifikasi dari tiket.com,https://s-light.tiket.photos/t/01E25EBZS3W0FY9GTG6C42E1SE/rsfit10801920gsm/images/2024/08/27/3e4c8ee3-8b81-4752-a615-a926022604db-1724724232704-722ff57e74f95620caaf3914e449c7d0.jpeg,https://s-light.tiket.photos/t/01E25EBZS3W0FY9GTG6C42E1SE/rsfit10801920gsm/images/2024/08/27/158d387d-af09-4e1a-a1ef-d185d43a8b52-1724724238825-1a7c02244f88570aab0b4306d50155d5.jpeg,,,,,,,,
23,1,Satijah Satijah,23 Agustus 2024,Trip Keluarga,"4,0","Hotel bgus,bersih,kolam jg bersih ,petugas2 ramah, fasilitas komplit,breakfast lumayan enak ada roti, salad,buryam,buah n makanan beratnya jg lumayan. Mudah2n ada waktu dan rizki pgn balik lg enak bua...Selengkapnya",Ulasan terverifikasi dari tiket.com,https://s-light.tiket.photos/t/01E25EBZS3W0FY9GTG6C42E1SE/rsfit10801920gsm/images/2024/08/23/5764194e-be9d-4000-a521-7b106aa2b43b-1724379772775-11d8f164024e59c18f9209c790dafdf4.jpg,https://s-light.tiket.photos/t/01E25EBZS3W0FY9GTG6C42E1SE/rsfit10801920gsm/images/2024/08/23/3946f7ab-2654-4913-a6d4-98efe60bf4ea-1724379778693-7c3796789b81a632cd7f08e739f88c95.jpg,,,,,,,,
23,2,ITU,20 Agustus 2024,Trip Pasangan,"3,0","Pemandangan dari tempat breakfest keren menghadap gunung👍🏻 Room Kencana perlu diperbaiki lagi banyak dekorasi yang rusak, kaca dan lantai wc kotor, banyak semut besar. Tidak ada hairdryer di kamar i...Selengkapnya",Ulasan terverifikasi dari tiket.com,https://s-light.tiket.photos/t/01E25EBZS3W0FY9GTG6C42E1SE/rsfit19201080gsm/images/2024/08/20/2af9c344-488b-4673-adb4-46dc5d0666d4-1724096032446-28d93c08ff447a10e80e26f976f40851.jpg,,,,,,,,,
23,3,Ismy Wulan Mauliny,19 Agustus 2024,Trip Keluarga,"5,0","Kamarnya luas bgt kemarin ambil yg vvip harganya jg terjakau bgt , anak² suka bgt berenang di waterpaknya smp gk mau naik, makanannya jg enak² ,pelayanannya jg bagus karyawannya ramah² bgt dan viewnya...Selengkapnya",Ulasan terverifikasi dari tiket.com,https://s-light.tiket.photos/t/01E25EBZS3W0FY9GTG6C42E1SE/rsfit19201080gsm/images/2024/08/19/4bfd28c2-6dc4-416b-b52a-77f83d5007ea-1724077614521-2dee9394f9fef161e7bf6cdd864e2a93.jpg,,,,,,,,,
23,4,Herlina Yunita,11 Agustus 2024,Trip Keluarga,"4,0",Fasilitas kolam yang canggih. Atmosfer tenang. Staf sangat ramah.,Ulasan terverifikasi dari tiket.com,https://s-light.tiket.photos/t/01E25EBZS3W0FY9GTG6C42E1SE/rsfit10801920gsm/images/2024/08/11/d4900632-f266-4ad5-8cef-d776e5a2715e-1723347663443-ced684683278ba18665d0a878e985c82.jpeg,,,,,,,,,
23,5,Gina Rizkiana,10 Agustus 2024,Perjalanan Sendirian,"4,0",Tempat bagus kamarnya bersih makann enak Tempat parkir luas.,Ulasan terverifikasi dari tiket.com,https://s-light.tiket.photos/t/01E25EBZS3W0FY9GTG6C42E1SE/rsfit10801920gsm/images/2024/08/10/68046693-34e1-4c67-9a72-27ce3d9e9550-1723265509554-7b93e2a3f35c79cd3b1754b474e6dded.jpeg,https://s-light.tiket.photos/t/01E25EBZS3W0FY9GTG6C42E1SE/rsfit10801920gsm/images/2024/08/10/e1e69477-c28b-4f58-9270-e3e14b990eb6-1723265508190-f6bf00ae12b0d854b0d045d2b20e95fe.jpeg,,,,,,,,
24,1,Reni puji lestari,9 Agustus 2024,Trip Keluarga,"4,0","Ekonomis tapi istimewa. overall okey aih yg punya rencana liburan dan menginap disini , kurang nya cuma air panas di kamar mandi nya kurang , selebih nya puas banget , apalagi sarapannya mantap bisa a...Selengkapnya",Ulasan terverifikasi dari tiket.com,https://s-light.tiket.photos/t/01E25EBZS3W0FY9GTG6C42E1SE/rsfit19201080gsm/images/2024/08/09/2cc04735-c110-4ac9-8f81-2ca02fb6d5f8-1723213605962-0909dca16d009dd77b4edb7dab4c9d15.jpg,,,,,,,,,
24,2,Citra Kurniawati,7 Agustus 2024,Trip Keluarga,"4,6","kamar VIP dg 2 kasur King saya, suami dg 3 anak dan neneknya puas maen di kolam renang air hangatnya dan sarapan yg enak kurangnya 1 aja... mo ke resto kudu naik tangga setelah keluar lift. jd nenek g...Selengkapnya",Ulasan terverifikasi dari tiket.com,https://s-light.tiket.photos/t/01E25EBZS3W0FY9GTG6C42E1SE/rsfit10801920gsm/images/2024/08/07/5334a504-f1dc-4950-9838-34b7670288c8-1723038542967-c2cd36ecaf025f90b2dd35803a89f43e.jpeg,https://s-light.tiket.photos/t/01E25EBZS3W0FY9GTG6C42E1SE/rsfit19201080gsm/images/2024/08/07/5d4ad9ad-2aed-46ab-82cd-70d183ba64ea-1723038724378-058c5b17ed817afa2b69ee648d0e7eb2.jpeg,,,,,,,,
24,3,Santi Rizky Capriana,27 Juli 2024,Trip Keluarga,"3,0",Sarapan keluarga dengan view terbaik,Ulasan terverifikasi dari tiket.com,https://s-light.tiket.photos/t/01E25EBZS3W0FY9GTG6C42E1SE/rsfit10801920gsm/images/2024/07/27/97b27e07-aac5-4b4b-b0cc-d131e072aad1-1722082231633-8d6fbf8b6b9c75420529912d64a48c3a.jpeg,,,,,,,,,
24,4,Azy maskur,25 Juli 2024,Trip Keluarga,"5,0","Maantaaaap laaaah,pokoknya nyaman dan bagus viewnya",Ulasan terverifikasi dari tiket.com,https://s-light.tiket.photos/t/01E25EBZS3W0FY9GTG6C42E1SE/rsfit19201080gsm/images/2024/07/25/bfe1c1d5-ace8-4e2b-b0dd-cec6805cf048-1721885317390-d92e3527b8e3404c47c8c031e01b4ffa.jpg,,,,,,,,,
24,5,Kania Kurniasih,14 Juli 2024,Trip Keluarga,"5,0",Ada kursi bayi. Suhu kolam sangat pas. Staf yang luar biasa dan sigap.,Ulasan terverifikasi dari tiket.com,https://s-light.tiket.photos/t/01E25EBZS3W0FY9GTG6C42E1SE/rsfit10801920gsm/images/2024/05/09/4afb0a75-69d9-4702-b7d3-7bee07a5180d-1715247487464-88f5defc3bba8126d507a4a6a641dab8.jpg,https://s-light.tiket.photos/t/01E25EBZS3W0FY9GTG6C42E1SE/rsfit10801920gsm/images/2024/05/09/3dfe580a-dd90-4b10-ad58-536269e1d278-1715247491888-d681be64913e6611fe6a4db971a7c5c2.jpg,,,,,,,,
25,1,Eka Rahayu,13 Juli 2024,Trip Keluarga,"5,0",Garut indah nan hangat 🤗,Ulasan terverifikasi dari tiket.com,https://s-light.tiket.photos/t/01E25EBZS3W0FY9GTG6C42E1SE/rsfit10801920gsm/images/2024/07/13/221f0d6f-1bbc-459a-bd1b-f4136c9dd3a8-1720839920555-c28f7198d901d037ca276a2dca10fce6.jpg,https://s-light.tiket.photos/t/01E25EBZS3W0FY9GTG6C42E1SE/rsfit19201080gsm/images/2024/07/13/5f298423-85b1-4027-bdce-94a195a662c2-1720839951965-f29e1ea60de91f6aa8793b6748b5731b.jpg,https://s-light.tiket.photos/t/01E25EBZS3W0FY9GTG6C42E1SE/rsfit19201080gsm/images/2024/07/13/05731334-c7e0-4467-8da5-e317934ad06a-1720839994035-baefdd82bdee216fa3a898b94fad13bb.jpg,,,,,,,
25,2,Devi Bela Utami,9 Juli 2024,Trip Keluarga,"4,0",Menyenangkan Hanya airnya kurang panas,Ulasan terverifikasi dari tiket.com,https://s-light.tiket.photos/t/01E25EBZS3W0FY9GTG6C42E1SE/rsfit10801920gsm/images/2024/07/09/3e306858-827c-4915-80af-c04babf70972-1720495471960-2c2e3feccf1fb9c4c22e5c55b2b89491.jpg,https://s-light.tiket.photos/t/01E25EBZS3W0FY9GTG6C42E1SE/rsfit19201080gsm/images/2024/07/09/9467f60f-b014-446a-8a31-493712a6d209-1720495457264-cc0c9b277aad16723fed5b9b49535035.jpg,,,,,,,,
25,3,triana puri,4 Juli 2024,Trip Keluarga,"5,0","Lingkungan tenang untuk keluarga.kolam renangnya enakeun,ga terlalu panas ga terlalu dingin..udh yg k2 kalinya..nnti bakal balik lagi",Ulasan terverifikasi dari tiket.com,https://s-light.tiket.photos/t/01E25EBZS3W0FY9GTG6C42E1SE/rsfit19201080gsm/images/2024/07/04/53d85766-916d-4b03-a9b7-9bf583096f93-1720073921725-b9426715b989f90f4ac2ef98c9fd39bc.jpg,https://s-light.tiket.photos/t/01E25EBZS3W0FY9GTG6C42E1SE/rsfit19201080gsm/images/2024/07/04/87ea9c3d-5f48-4151-88ad-6cbdd775ac19-1720073921894-e7115dd6c533b02cdc2046769461e4b6.jpg,,,,,,,,
25,4,rio angga saputra,3 Juli 2024,Trip Keluarga,"5,0","Udah 2 kali nginep di hotel ini,pokok nya ga kecewa deh 😊😊😊",Ulasan terverifikasi dari tiket.com,https://s-light.tiket.photos/t/01E25EBZS3W0FY9GTG6C42E1SE/rsfit10801920gsm/images/2024/07/03/2af002fd-88a2-4bb8-a20c-a5dc27c4785e-1720002247205-2c2bdc50abb231c57433414d1dc29e67.jpg,https://s-light.tiket.photos/t/01E25EBZS3W0FY9GTG6C42E1SE/rsfit10801920gsm/images/2024/07/03/083745bf-6135-4475-a826-50953f113898-1720002249807-eb3e444f2320d422dfe72d18d11d881a.jpg,https://s-light.tiket.photos/t/01E25EBZS3W0FY9GTG6C42E1SE/rsfit19201080gsm/images/2024/07/03/459d7ccc-1a57-4654-94ba-63a394383729-1720002248893-8abcb43f710baa93515f1a52caf39a63.jpg,,,,,,,
25,5,dengan berkat,3 Juli 2024,Trip Keluarga,"4,0",Kamar bersih dan teratur. Kamar nyaman banget.,Ulasan terverifikasi dari tiket.com,https://s-light.tiket.photos/t/01E25EBZS3W0FY9GTG6C42E1SE/rsfit10801920gsm/images/2024/07/03/255ac4d5-51e9-42f2-9f7c-a2629eafdadd-1719999397684-5e13484c584ce370bcb5bcdd1dfb5463.jpg,,,,,,,,,
26,1,RYAN ZEINI ROHIDIN,30 Juni 2024,Trip Keluarga,"5,0","Kita stay di Executive Double Bed. Semuanya sesuai sama yg ditawarkan/deskripsi hotel, sangat memuaskan mulai dari pelayanan dan fasilitas hotel yg diberikan, kolam air hangat apalagi. Letaknya strate...Selengkapnya",Ulasan terverifikasi dari tiket.com,https://s-light.tiket.photos/t/01E25EBZS3W0FY9GTG6C42E1SE/rsfit10801920gsm/images/2024/06/30/e9b45ac4-297e-407c-98ec-69510def865d-1719754233287-6cc704bc9a286e7123d74bbc2f5987bb.jpg,https://s-light.tiket.photos/t/01E25EBZS3W0FY9GTG6C42E1SE/rsfit10801920gsm/images/2024/06/30/6dc4150e-04f4-48c4-b85b-f1a931178fee-1719754235571-68b75ca15ca6b9a6c2eaeb8ad5a2b087.jpg,https://s-light.tiket.photos/t/01E25EBZS3W0FY9GTG6C42E1SE/rsfit19201080gsm/images/2024/06/30/5740fc99-1808-4730-954e-0d535886de96-1719754234829-0ae87945f5613c0205e70ba42457ff42.jpg,https://s-light.tiket.photos/t/01E25EBZS3W0FY9GTG6C42E1SE/rsfit19201080gsm/images/2024/06/30/be7ae341-d022-4fb0-95cd-4a5fbb274006-1719754234833-dd8dfc949beb09d0edff2e5805121f88.jpg,https://s-light.tiket.photos/t/01E25EBZS3W0FY9GTG6C42E1SE/rsfit10801920gsm/images/2024/06/30/c27b00a4-f612-4138-b5be-6ae558ece776-1719754234618-2a464403a181798f1b6845c9cbda9c38.jpg,,,,,
26,2,TK,26 Juni 2024,Trip Keluarga,"3,0","Oke, roomnya luas dan enak akan tetapi hanya ada beberapa detail yg harus diperbaiki...seperti teko pemanas diganti baru, wc duduk tutupnya sdh lepas diperbaiki dan Televisi yg sdh kena LCD harus dipe...Selengkapnya",Ulasan terverifikasi dari tiket.com,https://s-light.tiket.photos/t/01E25EBZS3W0FY9GTG6C42E1SE/rsfit10801920gsm/images/2024/06/26/89d2c397-a7a4-48ad-8f75-1d98f7d0fee1-1719384807272-f3a8bd55c2d5e7068c33c1b203171c09.jpg,,,,,,,,,
26,3,Theresia thio,26 Juni 2024,Trip Keluarga,"2,4","- saya menginap bersama 3 anak. Menginap di kmr vip 206. Utk kamar tidur saya tdk komplain. - kamar : ok tdk ada komplain - toilet : semprotan cliset pas baru dtg bocor, namun begitu komplen lgsg dipe...Selengkapnya",Ulasan terverifikasi dari tiket.com,https://s-light.tiket.photos/t/01E25EBZS3W0FY9GTG6C42E1SE/rsfit19201080gsm/images/2024/06/26/d38fcc16-3041-41d2-9b34-d0d7a9dd5024-1719367210822-efd4c4eb57dda3d4314b7f087a04cb5f.jpeg,https://s-light.tiket.photos/t/01E25EBZS3W0FY9GTG6C42E1SE/rsfit10801920gsm/images/2024/06/26/ae95a0b8-4001-46ca-984c-97ad40481dc5-1719367212235-88fc08b82d674c1fc42fa92dfb2b7bf0.jpeg,https://s-light.tiket.photos/t/01E25EBZS3W0FY9GTG6C42E1SE/rsfit19201080gsm/images/2024/06/26/9809b6fb-4c6f-45ff-882a-dc70dfd40a08-1719367210668-304fb4d444777a3822213d6dfcc54271.jpeg,https://s-light.tiket.photos/t/01E25EBZS3W0FY9GTG6C42E1SE/rsfit19201080gsm/images/2024/06/26/5c636aab-26df-4972-84dd-043390530609-1719367212654-49a55877459befc2b836150c11f1f4ae.jpeg,,,,,,
26,4,DS,25 Juni 2024,Trip Keluarga,"3,0",Ada kolam renang. Kamar luas,Ulasan terverifikasi dari tiket.com,https://s-light.tiket.photos/t/01E25EBZS3W0FY9GTG6C42E1SE/rsfit10801920gsm/images/2024/06/25/816faf06-9af7-4248-a8d0-6877762fe487-1719332331644-9f7c41c7a63b9b93e4eca413f4e72872.jpeg,,,,,,,,,
26,5,Rusmayanti Yanti,20 Juni 2024,Trip Keluarga,"3,8","Untuk tempat memang recomed bgt, tp fasilitas alat² dapur kurang lengkap, klo bawa brng bnyk jg troli gak sampai depan depan gerbang villa. Fasilitas hotel jg kurang tv dan dispenser kdng nyala, kdng ...Selengkapnya",Ulasan terverifikasi dari tiket.com,https://s-light.tiket.photos/t/01E25EBZS3W0FY9GTG6C42E1SE/rsfit10801920gsm/images/2024/06/20/a6bc7de8-6a67-445e-b4db-52833d1a9221-1718849571791-3461ea1dd033beee82edbcc2e92002f2.jpg,,,,,,,,,
27,1,Zulhayati Zulhayati,11 Juni 2024,Trip Pasangan,"5,0",Rasa yang memanjakan.,Ulasan terverifikasi dari tiket.com,https://s-light.tiket.photos/t/01E25EBZS3W0FY9GTG6C42E1SE/rsfit10801920gsm/images/2024/06/11/25625991-d7ca-4362-b41e-b8fa91be7e53-1718116488458-713b1571af920e8ce898eb246ebb085a.jpg,https://s-light.tiket.photos/t/01E25EBZS3W0FY9GTG6C42E1SE/rsfit10801920gsm/images/2024/06/11/a207225b-1aee-413e-afe9-08dea1ee1f26-1718116488381-b9b17266af380006756252dc555ff371.jpg,,,,,,,,
27,2,ANWAR,5 Juni 2024,Trip Pasangan,"4,6",Sesuai dengan harga dan pemandangan indah,Ulasan terverifikasi dari tiket.com,https://s-light.tiket.photos/t/01E25EBZS3W0FY9GTG6C42E1SE/rsfit10801920gsm/images/2024/06/05/78e63056-830a-47dd-abca-186417c3f066-1717566322949-2f900030721fbd13e6457e6a0d289583.jpg,https://s-light.tiket.photos/t/01E25EBZS3W0FY9GTG6C42E1SE/rsfit10801920gsm/images/2024/06/05/0227e50f-0502-4f0a-bd22-72d88af5c809-1717566321337-27161ecc2d6824fba29842a0489835c3.jpg,https://s-light.tiket.photos/t/01E25EBZS3W0FY9GTG6C42E1SE/rsfit10801920gsm/images/2024/06/05/bcb55243-9fad-4944-93d7-9d79ff30709e-1717566321983-ab4af0ebc6a29ba141c1d28dfdfd1b8c.jpg,https://s-light.tiket.photos/t/01E25EBZS3W0FY9GTG6C42E1SE/rsfit10801920gsm/images/2024/06/05/c46b7ded-6c10-449b-877d-3ae97b962e5f-1717566322343-7ed27d29202c3c05615d5e0dd40e34c1.jpg,,,,,,
27,3,Tita Nursyamsi,20 Mei 2024,Trip Keluarga,"4,8","Happy bgt nginep disini, ini yg ke 2 kalinya aku nginep disni. Pilih kamar yg vip room sekamar buat ber4 ada tempat berendem jg hehe dan balkon jugaaa Suasana pedesaan yang autentik.",Ulasan terverifikasi dari tiket.com,https://s-light.tiket.photos/t/01E25EBZS3W0FY9GTG6C42E1SE/rsfit10801920gsm/images/2024/05/20/26d024e7-c147-4c18-bb3a-24105cad6ee1-1716207976453-9da2ce756bbb9a1b278f72d4ee126940.jpeg,,,,,,,,,
27,4,AL,14 Mei 2024,Trip Keluarga,"5,0",Villa nya ga bersih kita smpe hrs mnjem pel bersihin sendiri. AC nya juga mati2 terus,Ulasan terverifikasi dari tiket.com,https://s-light.tiket.photos/t/01E25EBZS3W0FY9GTG6C42E1SE/rsfit10801920gsm/images/2024/05/14/f6614fe7-118e-477c-b1b3-ac868b2289b5-1715651965347-a771fa2452097ba789963e02cf8bb9b3.jpg,https://s-light.tiket.photos/t/01E25EBZS3W0FY9GTG6C42E1SE/rsfit10801920gsm/images/2024/05/14/ddc7e08f-7792-46bb-88e7-83910a5b79a5-1715652293806-9438d0cad50d55b50678ef6e0c3c3226.jpg,,,,,,,,
27,5,Imelda Viana,14 Mei 2024,Trip Keluarga,"4,0","Pemamdangan oke, kebersihan lumayan. Hanya saja perlu diperhatikan kerusakan yang ada didalam kamar. Seperti tempat shower yang lepas tp tidak diperbaiki, closet yang sudah goyang” sepertinya perlu di...Selengkapnya",Ulasan terverifikasi dari tiket.com,https://s-light.tiket.photos/t/01E25EBZS3W0FY9GTG6C42E1SE/rsfit10801920gsm/images/2024/05/14/47167452-ca7c-4e43-bd1d-11f93c3294a8-1715637333498-bcadf933a2508126722d098519e6d897.jpeg,https://s-light.tiket.photos/t/01E25EBZS3W0FY9GTG6C42E1SE/rsfit10801920gsm/images/2024/05/14/e6fedafa-cb80-4f54-b185-c98e2aa3e016-1715637335363-3f825692cc42fce273a25cfaac40f923.jpeg,,,,,,,,
28,1,Bernadette Agriestien,23 April 2024,Trip Keluarga,"3,4","Untuk hotel di daerah ini sudah sangat baik, dari segi fasilitas, kebersihan, pelayanan, overall sudah cukup okay. Ada beberapa hal yang perlu diperhatikan, seperti kesigapan staff dalam handling requ...Selengkapnya",Ulasan terverifikasi dari tiket.com,https://s-light.tiket.photos/t/01E25EBZS3W0FY9GTG6C42E1SE/rsfit19201080gsm/images/2024/04/23/195a3059-742c-4ec8-b664-afeb6355ca9d-1713826674814-5ba21bd78f0fe5300ffcec0f487691f4.jpg,,,,,,,,,
28,2,Septiani Pratiwi Septiani Pratiwi,11 Maret 2024,Trip Pasangan,"5,0","Nuanza, All is good, terutama sarapannya, variasinya banyak, rasanya enak. Kamar cukup luas, hanya saja shower di kamar mandi airnya kurang kenceng. Kolam renang bersih banget, airnya jernih ga bau ka...Selengkapnya",Ulasan terverifikasi dari tiket.com,https://s-light.tiket.photos/t/01E25EBZS3W0FY9GTG6C42E1SE/rsfit19201080gsm/images/2024/03/11/250b26a6-b461-4d58-92ec-f7331ceae734-1710109944705-764660b3babac5cdb66861cf7883c7bc.jpg,https://s-light.tiket.photos/t/01E25EBZS3W0FY9GTG6C42E1SE/rsfit19201080gsm/images/2024/03/11/6d318cf5-5f4d-40f3-ada7-83edec497f85-1710109941124-ab93790578ac7b452d9b2880349dfe3f.jpg,https://s-light.tiket.photos/t/01E25EBZS3W0FY9GTG6C42E1SE/rsfit19201080gsm/images/2024/03/11/0cbf588c-57ff-4a80-8832-1243ee8d6924-1710109944706-548f7d076ace28d507d7327c2a74cfac.jpg,,,,,,,
28,3,Dewi Ariska,17 Februari 2024,Trip Keluarga,"4,8","Hotel nya bagus, ada waterboom nya juga dan airnya hangat jadi anak-anak bisa berenang sepuasnya. Namun karena kolam nya terbuka untuk umum jadi sangat ramai pengunjung dan kebetulan pas kemarin kesan...Selengkapnya",Ulasan terverifikasi dari tiket.com,https://s-light.tiket.photos/t/01E25EBZS3W0FY9GTG6C42E1SE/rsfit10801920gsm/images/2024/02/17/75a0f55a-1b08-4947-b8a5-35db2b7bad2e-1708142481081-047b0ceedeffee850a35d10a2963a1b1.jpg,,,,,,,,,
28,4,PAGI,8 Februari 2024,Trip bareng Teman,"5,0",Kereeeennnnnnnnnnnnnnnnnnn,Ulasan terverifikasi dari tiket.com,https://s-light.tiket.photos/t/01E25EBZS3W0FY9GTG6C42E1SE/rsfit10801920gsm/images/2024/02/08/8223a0e1-7653-40ec-9a8a-a4c0c68cbb0a-1707375862059-38338793febdbabd7439ab5ee9446c4a.jpg,,,,,,,,,
28,5,CM,5 Februari 2024,Trip Keluarga,"4,4","Cukup puas dengan harga yang cukup murah untuk ruangan ViP. Hari kedua di kamar saya tiba-tiba mati lampu 2x, mungkin karena kesalahan teknis. Karena hanya kamar saya aja yang mati lampunya hehe",Ulasan terverifikasi dari tiket.com,https://s-light.tiket.photos/t/01E25EBZS3W0FY9GTG6C42E1SE/rsfit10801920gsm/images/2024/02/05/ac8b1252-ea62-4619-93ca-d113d0f2d776-1707095145589-87d6b3085720563d7eee1534f89351d4.jpeg,,,,,,,,,
29,1,JW,31 Januari 2024,Trip Keluarga,"5,0","bagus dan view nya keren, Suasana sangat bersih menyeluruh. Fasilitas bayi lengkap. Sentuhan artistik. Kebersihan parkir optimal. Harga terbaik.",Ulasan terverifikasi dari tiket.com,https://s-light.tiket.photos/t/01E25EBZS3W0FY9GTG6C42E1SE/rsfit19201080gsm/images/2024/01/31/6017981a-87b6-4972-bf67-c35ee0ff4312-1706658174142-255b2f95bce3f2bb14389553d17fa6e3.jpg,,,,,,,,,
29,2,pada,28 Januari 2024,Trip Keluarga,"4,2","Area bersantai untuk keluarga. Kamar kotor lantai nya, kamar mandi bau banget",Ulasan terverifikasi dari tiket.com,https://s-light.tiket.photos/t/01E25EBZS3W0FY9GTG6C42E1SE/rsfit10801920gsm/images/2024/01/28/a3adfca8-3676-4302-881b-c78c16a29ea4-1706431700039-399702297c893691d12f2893b92bd0ab.jpg,,,,,,,,,
29,3,rosmalina eka puspita rhani,26 Januari 2024,Trip Keluarga,"4,0",Bagus.. untuk anak cocok,Ulasan terverifikasi dari tiket.com,https://s-light.tiket.photos/t/01E25EBZS3W0FY9GTG6C42E1SE/rsfit10801920gsm/images/2024/01/26/4adfdee0-575b-4b8a-bb7d-0f2c7b7b8c1e-1706245866527-2ddc237ecbbf0bf8485957e8d869491f.jpg,https://s-light.tiket.photos/t/01E25EBZS3W0FY9GTG6C42E1SE/rsfit10801920gsm/images/2024/01/26/49650093-aae6-4bb6-92e2-5faca3fc742e-1706245867309-6326d673cee9ffa0bf6d842b1ee920fe.jpg,https://s-light.tiket.photos/t/01E25EBZS3W0FY9GTG6C42E1SE/rsfit10801920gsm/images/2024/01/26/19fc0264-5cc3-4994-90a8-5cb78db9099a-1706245867222-38c6cf02f24998bd1b79ccc75c30fdf9.jpg,,,,,,,
29,4,CM,18 Januari 2024,Trip Pasangan,"5,0",Good Banyak penawaran istimewa.,Ulasan terverifikasi dari tiket.com,https://s-light.tiket.photos/t/01E25EBZS3W0FY9GTG6C42E1SE/rsfit19201080gsm/images/2024/01/18/2c251144-ce54-4778-bc47-5d96c2023127-1705537914450-247eacec01ea91a38f4cf2b1d2725e2e.jpg,,,,,,,,,
29,5,Adzkia Shaufa,11 Januari 2024,Trip Keluarga,"2,8","Kolam renang tidak hangat, plus hanya banyak permainan saja di kolam renangnya. Kamar hotel kurang bersih, toilet bau, flush wc tidak berfungsi mampet. Breakfast nya macam nya sedikit rasa nya pun tid...Selengkapnya",Ulasan terverifikasi dari tiket.com,https://s-light.tiket.photos/t/01E25EBZS3W0FY9GTG6C42E1SE/rsfit10801920gsm/images/2024/01/11/48a805a6-ea29-4a51-a701-22cf11b7e9f8-1704986947674-1d8c1504db187b99fd8b22c52d6917f6.jpg,https://s-light.tiket.photos/t/01E25EBZS3W0FY9GTG6C42E1SE/rsfit10801920gsm/images/2024/01/11/f8a07288-fb4e-417a-bb3f-b99002d9bc26-1704986947743-0c183100376a091c43aa584dbb0fec75.jpg,https://s-light.tiket.photos/t/01E25EBZS3W0FY9GTG6C42E1SE/rsfit10801920gsm/images/2024/01/11/33dab7ec-8022-44c3-932d-3c2a33c5ed7b-1704986989580-af448ca581587919d6159af29b39fa56.jpg,https://s-light.tiket.photos/t/01E25EBZS3W0FY9GTG6C42E1SE/rsfit10801920gsm/images/2024/01/11/d6454351-4a24-4676-9e1d-f3717ba296c1-1704986949683-f6c69ceeef543ea38dd7a351cc58a072.jpg,,,,,,
30,1,Saisya Ashadila,8 Januari 2024,Trip Keluarga,"5,0","Ini kali kedua saya menginap di sini. Saya pasti datang ke sini setiap tahun di akhir tahun. Pemandangannya sangat bagus, kolam renangnya sangat ramah anak. Saya sama sekali tidak menyesalinya🖤",Ulasan terverifikasi dari tiket.com,https://s-light.tiket.photos/t/01E25EBZS3W0FY9GTG6C42E1SE/rsfit10801920gsm/images/2024/01/08/0aec60ed-9a17-4256-8b13-21a1385e4ec0-1704688896060-77b2bec7a0967d7daa63bba66db24bb2.jpeg,https://s-light.tiket.photos/t/01E25EBZS3W0FY9GTG6C42E1SE/rsfit10801920gsm/images/2024/01/08/7d9627ac-3026-4ca8-871c-1ee6116a4e05-1704688897333-a3df251030ff0ca559dc034005df2589.jpeg,,,,,,,,
30,2,YS,31 Desember 2023,Trip Keluarga,"5,0",Terbaik ..,Ulasan terverifikasi dari tiket.com,https://s-light.tiket.photos/t/01E25EBZS3W0FY9GTG6C42E1SE/rsfit10801920gsm/images/2023/12/31/f3c8149d-d600-4146-a3c8-744ac1e72ff8-1704004838403-490d8cfc8f29aa74bd750cb72c0974f7.jpg,,,,,,,,,
30,3,Heri Triyono,27 Desember 2023,,"5,0","Hotel paling worth it d cipanas, harganya terjangkau (weekday), kamarnya terawat, air panasnya alami ga habis², view resto nya pegunungan, breakfastnya enak, ada fasilitas waterboom juga.",Ulasan terverifikasi dari tiket.com,https://s-light.tiket.photos/t/01E25EBZS3W0FY9GTG6C42E1SE/rsfit19201080gsm/images/2023/12/27/508db9a4-e7ee-496a-8c7e-dabf072e0606-1703679963156-3fbeba698526818abf99211b7935e3a1.jpg,,,,,,,,,
30,4,Erma Kusumaningsih,24 Desember 2023,,"3,8",Mohon dibenahi lagi SOP room service dan fasilitas di kamar yang sudah ada namun tidak maksimal,Ulasan terverifikasi dari tiket.com,https://s-light.tiket.photos/t/01E25EBZS3W0FY9GTG6C42E1SE/rsfit10801920gsm/images/2023/12/24/b14abdb9-64dc-413c-8086-3601ae907c0b-1703418634204-9504d21d3db2aa66505268e798596149.jpg,https://s-light.tiket.photos/t/01E25EBZS3W0FY9GTG6C42E1SE/rsfit10801920gsm/images/2023/12/24/481c84f8-6e29-42ae-82eb-f5d2fae82eeb-1703418638048-52d94df84d753e0074357e7bbfc87dd9.jpg,,,,,,,,
30,5,Rida Novelia,21 Desember 2023,Trip Keluarga,"3,4",Viewnya oke banget.. apalagi ditempat breakfast.. kolam renang juga oke bikin anak2 puas krn seperti waterpark dan air hangat.. walaupun riweuh pinuh karena terbuka untuk umum. Sprei seperti tidak dig...Selengkapnya,Ulasan terverifikasi dari tiket.com,https://s-light.tiket.photos/t/01E25EBZS3W0FY9GTG6C42E1SE/rsfit19201080gsm/images/2023/12/21/e9c44ca2-2f06-4347-b111-205ed4bf4288-1703119166442-c7774f79bb6dbf6fdcb4b02da7a1ff91.jpg,,,,,,,,,
31,1,LM,5 Desember 2023,Trip bareng Teman,"5,0",ntapssss,Ulasan terverifikasi dari tiket.com,https://s-light.tiket.photos/t/01E25EBZS3W0FY9GTG6C42E1SE/rsfit10801920gsm/images/2023/12/05/b343cf8f-df61-44a4-8c13-b06cfd9fba8a-1701771284865-3cf0070531529da1f1195b2a914acb8f.jpeg,,,,,,,,,
31,2,Monique Mira Meliza,20 November 2023,,"3,0",Hotelnya mewah fas bagus semua Air lancar Penerangan baik Breakfast cukup Krg bersih aja Lantai aga berdebu dan bau rokok Kamar luas ckp utk 4org dewasa Worthed si Pemandangan gn guntur Rekomen utk ke...Selengkapnya,Ulasan terverifikasi dari tiket.com,https://s-light.tiket.photos/t/01E25EBZS3W0FY9GTG6C42E1SE/rsfit10801920gsm/images/2023/11/20/f6645609-c4a7-488d-ba57-bbc9d7d95e28-1700471407047-eaae64a4341fd87cf54ac7fb770eada9.jpeg,https://s-light.tiket.photos/t/01E25EBZS3W0FY9GTG6C42E1SE/rsfit10801920gsm/images/2023/11/20/73ac580b-ebd0-4d0a-b8b8-19d3abeb7e82-1700471405161-18b597df73e9dc2a4cc569e0fdcb11de.jpeg,https://s-light.tiket.photos/t/01E25EBZS3W0FY9GTG6C42E1SE/rsfit10801920gsm/images/2023/11/20/f9f5260d-1186-4b77-88bd-8fec56d09bdc-1700471405670-ba1b71ce46c1bc0af7f02641129e2242.jpeg,https://s-light.tiket.photos/t/01E25EBZS3W0FY9GTG6C42E1SE/rsfit10801920gsm/images/2023/11/20/5d84f10b-8d45-4a1a-8815-8828dd0bddda-1700471407545-e8a8102dd7b0eac00bd08ff2cd3a6ecd.jpeg,https://s-light.tiket.photos/t/01E25EBZS3W0FY9GTG6C42E1SE/rsfit10801920gsm/images/2023/11/20/75b62f08-5def-4ab6-8a4e-df5223836ee9-1700471406059-d1b74a8c111362f6ca9aaaa99b0dd709.jpeg,https://s-light.tiket.photos/t/01E25EBZS3W0FY9GTG6C42E1SE/rsfit10801920gsm/images/2023/11/20/7e6a44b4-694e-4608-8549-23a00d000f80-1700471407114-20172fd2842eee6cf19913b554e719b3.jpeg,https://s-light.tiket.photos/t/01E25EBZS3W0FY9GTG6C42E1SE/rsfit19201080gsm/images/2023/11/20/8b971413-44cf-41e3-99ec-f3ef898f4926-1700471407404-697304c5d132100e99cffc2de70360cc.jpeg,,,
31,3,SMA,17 November 2023,Trip Pasangan,"4,8","Alhamdulillah kita pilih suite view kolam renang dan dpn balkon akses jln utama yg d tutup desain hotel gtu biar g terlalu jelas kita kliatan ke jalan dan dari jalan k kita, Pelayanan ramah, chek in p...Selengkapnya",Ulasan terverifikasi dari tiket.com,https://s-light.tiket.photos/t/01E25EBZS3W0FY9GTG6C42E1SE/rsfit10801920gsm/images/2023/11/17/860f3bf5-2f67-4fe0-b795-0f265ea524f3-1700194161017-b46fc4ad2e8b0a41f130ca3a8ac70af1.jpg,https://s-light.tiket.photos/t/01E25EBZS3W0FY9GTG6C42E1SE/rsfit10801920gsm/images/2023/11/17/25d755e3-7988-4858-9bbf-f19b2df19d6a-1700194186627-53167e6d0e4fea7892d326f3dceee9f5.jpg,https://s-light.tiket.photos/t/01E25EBZS3W0FY9GTG6C42E1SE/rsfit19201080gsm/images/2023/11/17/ede21825-11be-4be2-b8b5-77fd08124252-1700194254901-4d8190324ec9ccbcb313ca6fe56bb603.jpg,https://s-light.tiket.photos/t/01E25EBZS3W0FY9GTG6C42E1SE/rsfit19201080gsm/images/2023/11/17/fbf14128-f893-494d-9a42-9d686482d3f4-1700194317743-571e2f87e56ffa93658d7dc8338afd87.jpg,https://s-light.tiket.photos/t/01E25EBZS3W0FY9GTG6C42E1SE/rsfit19201080gsm/images/2023/11/17/0480802e-00b0-4e6b-89ee-098d8ebdbb9c-1700194378706-de949e0c1a330ec7fd01ec9b677e6084.jpg,,,,,
31,4,FC,7 November 2023,Trip Keluarga,"5,0",Tempatnya nyaman view nya bagus .. recomded deh,Ulasan terverifikasi dari tiket.com,https://s-light.tiket.photos/t/01E25EBZS3W0FY9GTG6C42E1SE/rsfit10801920gsm/images/2023/11/07/ba6946ba-8e29-4f55-afb3-133ffec23cf4-1699330090945-1ffd076e7120a9bd39d05bf26fac8ad1.jpeg,,,,,,,,,
31,5,Heri Abu Zulaikha,21 Oktober 2023,,"5,0","Pelayanan selalu bagus kalo ke sini. Fasilitas buat liburan keluarga, apalagi buat anak samgat memuaskan.",Ulasan terverifikasi dari tiket.com,https://s-light.tiket.photos/t/01E25EBZS3W0FY9GTG6C42E1SE/rsfit10801920gsm/images/2023/10/21/8d522aec-095d-45c6-afaf-7d37acd28f5f-1697893988666-e59ffa6217ff91daf82c9d868762ee18.jpg,https://s-light.tiket.photos/t/01E25EBZS3W0FY9GTG6C42E1SE/rsfit10801920gsm/images/2023/10/21/bc3bc970-2f84-4508-b252-865e71072878-1697893987307-5c5d38e1def5872d14d74429387f72d2.jpg,,,,,,,,
32,1,Denny Hendryana,15 Oktober 2023,,"4,0","Secara keseluruhan, itu sangat bagus.",Ulasan terverifikasi dari tiket.com,https://s-light.tiket.photos/t/01E25EBZS3W0FY9GTG6C42E1SE/rsfit10801920gsm/images/2023/10/15/93508713-30ce-4679-8b7e-0def866100ae-1697371076938-f1b4d73e57fee45825f4b8beef4aca2b.jpg,,,,,,,,,
32,2,nasyiatul aisyiyah,22 September 2023,Trip Keluarga,"5,0","Kamarnya bersih, kamarnya memiliki bak mandi, eaterboom-nya menarik..",Ulasan terverifikasi dari tiket.com,https://s-light.tiket.photos/t/01E25EBZS3W0FY9GTG6C42E1SE/rsfit19201080gsm/images/2023/09/22/bd281bb7-5388-4870-a4c2-88b1ebe4a941-1695330960082-4066a13179c6fba54dd9a9af7607e280.jpg,https://s-light.tiket.photos/t/01E25EBZS3W0FY9GTG6C42E1SE/rsfit10801920gsm/images/2023/09/22/6481c73e-f4a5-42e0-8150-db7642a0ae89-1695330985532-392454524b3603d541207cd773ca876a.jpg,https://s-light.tiket.photos/t/01E25EBZS3W0FY9GTG6C42E1SE/rsfit10801920gsm/images/2023/09/22/9af6726b-b67d-4dd7-b66a-0ec4b428381b-1695331013097-7a9d308c0526bed95112cb438f1a0620.jpg,,,,,,,
32,3,Kiky Setiawan,15 September 2023,Perjalanan Bisnis,"3,0",Fasilitas kamar standard dan dinding kamar ada bolong,Ulasan terverifikasi dari tiket.com,https://s-light.tiket.photos/t/01E25EBZS3W0FY9GTG6C42E1SE/rsfit10801920gsm/images/2023/09/15/670fd872-a9fa-4e91-a311-66c193df70a0-1694728318382-97da9020431204dcbe714d2564a7ccd3.jpg,https://s-light.tiket.photos/t/01E25EBZS3W0FY9GTG6C42E1SE/rsfit19201080gsm/images/2023/09/15/b0bb8813-d3d1-4029-a052-2637aa02a298-1694728329688-32baf55118804e1c5f5fe87427703f58.jpg,,,,,,,,
32,4,Tita Sundari,30 Agustus 2023,Trip Keluarga,"5,0",,Ulasan terverifikasi dari tiket.com,https://s-light.tiket.photos/t/01E25EBZS3W0FY9GTG6C42E1SE/rsfit10801920gsm/images/2023/08/12/cded16f5-592d-4ad0-addd-813c68f85934-1691795630863-9a480dc40469b5b6b550a781d0cbc818.jpg,,,,,,,,,
32,5,DS,25 Juli 2023,Trip Keluarga,"2,8","Harga untuk kamar executive 4 orang masih oke, breakfast cukup untuk ukuran hotel bintang ⭐️⭐️ tapi untuk shower tidak ada panasnya sama sekali, untuk kran bawahnya malah panas Shower head banyak jamu...Selengkapnya",Ulasan terverifikasi dari tiket.com,https://s-light.tiket.photos/t/01E25EBZS3W0FY9GTG6C42E1SE/rsfit19201080gsm/images/2023/07/25/18ca83cf-cd83-4b08-b153-816331df6217-1690283003328-83bd962291b145f1ac0c763bbd6c324f.jpeg,,,,,,,,,
33,1,Kota Ratinah,20 Juli 2023,,"5,0",,Ulasan terverifikasi dari tiket.com,https://s-light.tiket.photos/t/01E25EBZS3W0FY9GTG6C42E1SE/rsfit10801920gsm/images/2023/07/20/aa3b9f3c-4328-4b8a-ba99-450a600aef3a-1689866379489-3c06fc5f2559ef69aa9495a04e98ca6c.jpg,https://s-light.tiket.photos/t/01E25EBZS3W0FY9GTG6C42E1SE/rsfit10801920gsm/images/2023/07/20/528c711f-4fcc-4396-ad91-b0950c3816c9-1689866433877-99656f67e57fc7c3e574dcb9c844d0f8.jpg,,,,,,,,
33,2,DAN,14 Juli 2023,,"5,0",Bagus,Ulasan terverifikasi dari tiket.com,https://s-light.tiket.photos/t/01E25EBZS3W0FY9GTG6C42E1SE/original/review/2023/07/14/0d5d989c-4b3c-4d41-b764-780a6a01c342-1689314318205-4f8d128de9267bf9a9323608d930b510.jpg,,,,,,,,,
33,3,Isti Prasetya Wardhani,11 Juli 2023,Trip Keluarga,"4,0","Selimut yg di kamar ada noda kotor, jadi minta diganti... Ga ada keset, jadi saya harus minta... Pencetan flush toilet juga ga ada penutupnya, sampe bingung cara ngeflush gimana.. Dan penutup saluran ...Selengkapnya",Ulasan terverifikasi dari tiket.com,https://s-light.tiket.photos/t/01E25EBZS3W0FY9GTG6C42E1SE/rsfit10801920gsm/images/2023/07/11/20235c67-366a-4dd1-8145-e265d8c7d0cf-1689071515781-50619ea63509b4d60578a5a21ce4572e.jpg,https://s-light.tiket.photos/t/01E25EBZS3W0FY9GTG6C42E1SE/rsfit19201080gsm/images/2023/07/11/db2798af-6e48-4e01-aebc-c9476ceb1d15-1689071516671-17dd486a2c5501722e3460cb35ba4b38.jpg,,,,,,,,
33,4,Beni Hendrawan,2 Juli 2023,Trip Keluarga,"5,0",,Ulasan terverifikasi dari tiket.com,https://s-light.tiket.photos/t/01E25EBZS3W0FY9GTG6C42E1SE/rsfit10801920gsm/images/2023/07/02/61d090ed-a470-47ff-93a6-f211368b63ff-1688254155648-8a3518f0a903e5bc867d8fa1689c329b.jpg,,,,,,,,,
33,5,Terima kasih kembali,1 Juli 2023,,"5,0","Pesen nya yg room kencana .. cmn kekecilan .. di upgrade ke VIP enak nyaman ruangan luas ,, bersih ,, cuman kulkas nya ga jalan 😌😌😌😌😌😌",Ulasan terverifikasi dari tiket.com,https://s-light.tiket.photos/t/01E25EBZS3W0FY9GTG6C42E1SE/rsfit19201080gsm/images/2023/07/01/2777e734-353b-493d-a24f-3a0311b0d992-1688193455386-fd10255ffca81fd6188e0dee8f0fe95e.jpg,https://s-light.tiket.photos/t/01E25EBZS3W0FY9GTG6C42E1SE/rsfit10801920gsm/images/2023/07/01/09f947b7-b5ae-42ac-b7da-4ca011749877-1688193467889-28e95594a8cbb663c2b8c92799706f8d.jpg,,,,,,,,
34,1,Via Oktaviani,2 Juni 2023,Trip Keluarga,"2,8","Kebersihan perlu diperhatikan oleh pihak manajemen, ada bekas kebocoran / rembes dibiarkan sehingga membuat kurang nyaman. Kebersihan juga kurang terutama dikamar mandi, dengan harga 1jt seperti dapat...Selengkapnya",Ulasan terverifikasi dari tiket.com,https://s-light.tiket.photos/t/01E25EBZS3W0FY9GTG6C42E1SE/rsfit10801920gsm/images/2023/06/02/921ddeab-cd66-49ae-8fb5-26792b73ad30-1685708836518-9d5f2cda3c9f696d52e8a7b23bf72bd4.jpg,https://s-light.tiket.photos/t/01E25EBZS3W0FY9GTG6C42E1SE/rsfit10801920gsm/images/2023/06/02/ce6d4f62-f3b8-42d5-874d-63c2faae2c3f-1685708846269-1f1cd821c7f9c7c63956afcb9e9239d6.jpg,https://s-light.tiket.photos/t/01E25EBZS3W0FY9GTG6C42E1SE/rsfit10801920gsm/images/2023/06/02/3253533c-7e71-44e8-a020-4eb9266a64f9-1685708845202-bc5b4d50cf9e05c33cce3d673106b046.jpg,https://s-light.tiket.photos/t/01E25EBZS3W0FY9GTG6C42E1SE/rsfit19201080gsm/images/2023/06/02/b986a86f-461b-4b99-8207-27c89639ffbc-1685708849444-33f5a2e56a59e6779fc904a1a8dcc647.jpg,,,,,,
34,2,luthfi tirta,29 Mei 2023,,"5,0",Pemandangan dari kolam renang dan rooftop nya bagus sekali.. 🥰😘,Ulasan terverifikasi dari tiket.com,https://s-light.tiket.photos/t/01E25EBZS3W0FY9GTG6C42E1SE/rsfit19201080gsm/images/2023/05/29/cb29a0e6-95fa-4454-9231-76a76f61eacc-1685340175511-a3ec7a1f8beebc75996171ba7d30bf45.jpg,https://s-light.tiket.photos/t/01E25EBZS3W0FY9GTG6C42E1SE/rsfit19201080gsm/images/2023/05/29/f0e4e61e-0778-4a93-8b3d-bbf1641acc6a-1685340175537-8510ffb7c00ae6c589a343ab1801b3e4.jpg,,,,,,,,
34,3,Aid Idyana,19 Mei 2023,,"5,0",Sangat nyaman sesuai budget. Fasilitasnya ok banget cocok buat liburan keluarga,Ulasan terverifikasi dari tiket.com,https://s-light.tiket.photos/t/01E25EBZS3W0FY9GTG6C42E1SE/rsfit19201080gsm/images/2023/05/19/5c6a8e54-7f71-4f6d-ab45-32e20a2c568c-1684500445953-5f1368d6f49afe21286f1d8a5d54855a.jpg,,,,,,,,,
34,4,Mira Aprilani,19 Mei 2023,,"5,0",Bangus nyaman,Ulasan terverifikasi dari tiket.com,https://s-light.tiket.photos/t/01E25EBZS3W0FY9GTG6C42E1SE/rsfit19201080gsm/images/2023/05/19/25db7d96-a3e9-46e3-8039-5d21557d4185-1684484455143-1647541213f3c9bdf4dfee0dec2cc4ca.jpg,,,,,,,,,
34,5,DI DALAM,18 Mei 2023,Trip Keluarga,"4,8",Tempat yang nyaman buat refreshing bersama keluarga.. kolam nyaman.. kolam dikamar bersih.. pelayanan bagus hanya makanan kurang variatif,Ulasan terverifikasi dari tiket.com,https://s-light.tiket.photos/t/01E25EBZS3W0FY9GTG6C42E1SE/rsfit10801920gsm/images/2023/05/18/5e71bf29-81b8-466a-a96b-e339e52dfc3e-1684362914388-84444bd9d82443f4f6bcd07c58115287.jpg,,,,,,,,,
35,1,Dokter,17 Mei 2023,Trip Pasangan,"3,2","Untuk kebersihan kamar masih kurang, meja berdebu, gelas berdebu, kaca berdebu. Akses kolam renang dibatasi sampai pukul 19.00. Sayang bgt ga bisa berenang malem2 beda sama kolam renang lain. BF cukup...Selengkapnya",Ulasan terverifikasi dari tiket.com,https://s-light.tiket.photos/t/01E25EBZS3W0FY9GTG6C42E1SE/rsfit10801920gsm/images/2023/05/17/b3a17ea2-e402-4cd2-9f49-a283b2451f1b-1684315326447-5216541e6e6b7d9008cc9865f7d8cbe7.jpg,,,,,,,,,
35,2,Reza Aprilia,15 Mei 2023,Trip Keluarga,"5,0",Seru bgt anak² pada happy.. kamarnya ok.. view pas sarapan keren bgt..,Ulasan terverifikasi dari tiket.com,https://s-light.tiket.photos/t/01E25EBZS3W0FY9GTG6C42E1SE/rsfit19201080gsm/images/2023/05/15/c52748cc-ceb3-4e92-be77-71b360945d28-1684134555604-b4b626b189803ef326a432bf9f7514b5.jpg,,,,,,,,,
35,3,Gun Gun Teja Wiguna,8 Mei 2023,Trip Keluarga,"5,0","menu makanannya aja yang mesti di variasiin, dan restock kalo habis. baby chair di restonya juga cuma ada 1, alhamdulillah aku dapet baby chairnya tapi kesian liat ibu2 lain yang ga dapet baby chairny...Selengkapnya",Ulasan terverifikasi dari tiket.com,https://s-light.tiket.photos/t/01E25EBZS3W0FY9GTG6C42E1SE/rsfit19201080gsm/images/2023/05/08/e7a6a55b-3391-4fb0-b19f-c93ea99ae48c-1683535943503-3f6d9cff8eb53a60840cb0296ce0cd09.jpg,,,,,,,,,
35,4,YS,1 Mei 2023,,"3,8",Fasilitas handuk kaya handuk bekas robek...,Ulasan terverifikasi dari tiket.com,https://s-light.tiket.photos/t/01E25EBZS3W0FY9GTG6C42E1SE/rsfit10801920gsm/images/2023/05/01/12f85baf-e268-4d5d-8fb2-580b9d5d7dbc-1682895842889-edb2696c65fbd149145a8c4041f082ec.jpg,,,,,,,,,
35,5,DS,15 Maret 2023,,"4,4",Semua nya oke cuman kebersihan nya aja sih Dri kolam Lift Kamar mandi Dinding Ac di kamar aku 210 panel yg arahin ac itu patah jadi doll ke bawah Jadi ya dingin nya cuman ke bawah aja ga jauh Cuman it...Selengkapnya,Ulasan terverifikasi dari tiket.com,https://s-light.tiket.photos/t/01E25EBZS3W0FY9GTG6C42E1SE/rsfit10801920gsm/images/2023/03/15/1ad7c44a-7cd4-4143-8b00-aa1a43a6fb86-1678858772528-fa189c5bcebd3e6a72ae0689d9aff0f4.jpg,https://s-light.tiket.photos/t/01E25EBZS3W0FY9GTG6C42E1SE/rsfit10801920gsm/images/2023/03/15/aa784fe0-c296-487f-9b3f-48ed700049c2-1678858794534-e29e9c69e2cd4dc8f9c956ff0a885cbd.jpg,,,,,,,,
36,1,Chandra Fuad,14 Maret 2023,,"5,0",Bagus semuanya dari fasilitas dan pelayanan petugasnya sangat ramah ditambah dapet kejutan terimakasih,Ulasan terverifikasi dari tiket.com,https://s-light.tiket.photos/t/01E25EBZS3W0FY9GTG6C42E1SE/rsfit10801920gsm/images/2023/03/14/065ac00c-92d7-4198-9335-eafdab2240af-1678762811894-3a1467b717b27c59c38611537ba2acaa.jpg,https://s-light.tiket.photos/t/01E25EBZS3W0FY9GTG6C42E1SE/rsfit10801920gsm/images/2023/03/14/5a1e4ab2-837a-435d-9bc4-a09e91595bdd-1678762842201-0142917852a8b3c1fc862bfc29d0fddd.jpg,https://s-light.tiket.photos/t/01E25EBZS3W0FY9GTG6C42E1SE/rsfit10801920gsm/images/2023/03/14/9942e001-6172-4899-99ec-c35348431680-1678762883307-449a0a12a97541a49079c85f21ba5182.jpg,https://s-light.tiket.photos/t/01E25EBZS3W0FY9GTG6C42E1SE/rsfit10801920gsm/images/2023/03/14/8b53e19e-c8fd-4ad6-8d68-f8827611869a-1678762914552-8166fd6acd0d136d46c2494896133775.jpg,https://s-light.tiket.photos/t/01E25EBZS3W0FY9GTG6C42E1SE/rsfit10801920gsm/images/2023/03/14/328362d1-54b5-4f41-8e5e-f5df517955dd-1678762930509-9477c0c9709cb8943dcb9a832f9f5d02.jpg,,,,,
36,2,Irma Febrianti,9 Maret 2023,,"4,4","Kamar yang luas dengan ranjang yang besar, nyaman untuk keluarga. View kamar dan restoran bagus banget. Area kolam tidak begitu bersih, dan kurang besar kolam air panasnya. Menu sarapan kurang banyak ...Selengkapnya",Ulasan terverifikasi dari tiket.com,https://s-light.tiket.photos/t/01E25EBZS3W0FY9GTG6C42E1SE/rsfit10801920gsm/images/2023/03/09/2d8d238d-fac2-4120-afa4-d836245c24c5-1678362684180-0a169ec00d340fff0bc0016590eb2a39.jpg,https://s-light.tiket.photos/t/01E25EBZS3W0FY9GTG6C42E1SE/rsfit10801920gsm/images/2023/03/09/bc7ec8d4-904e-4c39-a06d-9e104a6de418-1678362749816-7d530e5a9e8655d878d291fdcd50070c.jpg,,,,,,,,
36,3,Raden Neng Siti Ningrum Mulyasari,13 Februari 2023,,"3,8",,Ulasan terverifikasi dari tiket.com,https://s-light.tiket.photos/t/01E25EBZS3W0FY9GTG6C42E1SE/rsfit19201080gsm/images/2023/02/13/2261c1a6-682a-45a0-81a3-de5287c8542e-1676261290362-013e1e205d8e8c57bec4dc6cd6da78be.jpg,https://s-light.tiket.photos/t/01E25EBZS3W0FY9GTG6C42E1SE/rsfit10801920gsm/images/2023/02/13/f70d31b9-939a-4af4-98b1-113651e3e154-1676261306622-4c96b8780e96cd52a9623174a8f34cc2.jpg,,,,,,,,
36,4,dan bulan,30 Januari 2023,Trip Keluarga,"3,8","Villa Kencana nya OK, cuma menu sarapan kurang bervariasi.. Kebersihan cukup.. Kolam berenang bersih, hanya saja perosotan kurang terawat...",Ulasan terverifikasi dari tiket.com,https://s-light.tiket.photos/t/01E25EBZS3W0FY9GTG6C42E1SE/rsfit10801920gsm/images/2023/01/30/f01b7971-eca3-4fb7-b0df-cc9b13f08019-1675036496707-56721781037f7ae19358124192ee2cb2.jpg,https://s-light.tiket.photos/t/01E25EBZS3W0FY9GTG6C42E1SE/rsfit10801920gsm/images/2023/01/30/c9f4cae5-e90a-4863-8d42-67e95817d636-1675036548768-51408d01a019289c7cbd7e2c95aaaebc.jpg,,,,,,,,
36,5,Dessyana Insan Nurhasanah,25 Januari 2023,,"5,0",Harga 700rb udah worth it banget untuk 4 orang... tempatnya bersih dan view nya bagus banget.... yang perlu di tingkatkan lagi itu menu makanan nya di perbanyak 😄...,Ulasan terverifikasi dari tiket.com,https://s-light.tiket.photos/t/01E25EBZS3W0FY9GTG6C42E1SE/rsfit10801920gsm/images/2023/01/25/e9833e95-358c-4a1c-aaa0-64fa6327fdf5-1674652900209-55cdd4892a26d54bfc9bef4788e82d3d.jpg,,,,,,,,,
37,1,Santa Amelia,16 Januari 2023,,"4,0",,Ulasan terverifikasi dari tiket.com,https://s-light.tiket.photos/t/01E25EBZS3W0FY9GTG6C42E1SE/rsfit10801920gsm/images/2023/01/16/49282507-4060-4fef-bb32-d5af69c5c9b5-1673873818788-0d528a782b451ff4fcc3f0ae7120b611.jpg,,,,,,,,,
37,2,pada,10 Januari 2023,Trip Keluarga,"3,8","Kamar nya super luas bagus dan bersih , cuma sayang kamar mandi bathub nya ga ada penutup untuk airnya jd bathub tdk bisa di gunakan sama sekali , minta ke pegawainya pun ga di anter2 sudah 3x konfirm...Selengkapnya",Ulasan terverifikasi dari tiket.com,https://s-light.tiket.photos/t/01E25EBZS3W0FY9GTG6C42E1SE/rsfit10801920gsm/images/2023/01/10/6f7ce6a2-4670-47c8-a9e6-d19480522460-1673340783049-193fd4399fae5948cf73e29e4052a610.jpeg,https://s-light.tiket.photos/t/01E25EBZS3W0FY9GTG6C42E1SE/rsfit10801920gsm/images/2023/01/10/fa5ac6fc-8050-4a76-90ee-756362e059e6-1673340783397-1d6f7b14624ca2b65f4ec40a5ea92e4b.jpeg,,,,,,,,
37,3,WH,9 Januari 2023,,"4,0","Kamar bagus fasilitas cukup lengkap, meskipun di luar tempat nya kecil Cuma makanan biasa aja, kurang variatif",Ulasan terverifikasi dari tiket.com,https://s-light.tiket.photos/t/01E25EBZS3W0FY9GTG6C42E1SE/rsfit10801920gsm/images/2023/01/09/b22e59b1-e136-4fb8-8bd3-13badb060be9-1673199166954-835d0046810baed2ab841478cdb1f71b.jpeg,,,,,,,,,
37,4,Rani Asyari,26 November 2022,Trip Keluarga,"2,4",Harganya termasuk mahal (vip room)untuk makan pagi yang alakadarny hanya ad nasi kuning dan bubur.sangat kurangbervariasi. Tapi anak2 sangat senang dg kolam renangnya Shower di kmr 206 ga berfungsi se...Selengkapnya,Ulasan terverifikasi dari tiket.com,https://s-light.tiket.photos/t/01E25EBZS3W0FY9GTG6C42E1SE/original/review/2022/11/26/e90178b8-6499-4877-9d58-7873d9a4d406-1669448605181-36284df1b99d0b740c0439a350bc5d5b.jpg,,,,,,,,,
37,5,Noni Winanda,24 November 2022,,"5,0",,Ulasan terverifikasi dari tiket.com,https://s-light.tiket.photos/t/01E25EBZS3W0FY9GTG6C42E1SE/original/review/2022/11/24/cd8ec928-e738-436b-9af8-cff580ba673c-1669238931317-35a8cd1b072add7b572cce351bf21575.jpg,,,,,,,,,
38,1,Mahcfa Zuhcra,17 November 2022,,"3,8",Okelah untuk keluarga tempat tidurnya bisa sampai 6 orang Family banget kan hehehe,Ulasan terverifikasi dari tiket.com,https://s-light.tiket.photos/t/01E25EBZS3W0FY9GTG6C42E1SE/original/review/2022/11/17/4e1ccfc9-131f-4919-bc60-8b9075f80665-1668671305766-6ee47341414a284be248ca3b0dcf6399.jpg,,,,,,,,,
38,2,Iyud meliyana,15 November 2022,Trip Keluarga,"5,0","Menyenangkan untuk bawa anak2....mau nginep lg kl k Garut,untuk sarapan tolong ditingkatkan lg...biar semakin best",Ulasan terverifikasi dari tiket.com,https://s-light.tiket.photos/t/01E25EBZS3W0FY9GTG6C42E1SE/original/review/2022/11/15/bdae0f8c-9f0d-4f08-abda-63b0abab9e5e-1668508624980-d82ba42c05a4f8b0946b9eade6f3dd52.jpg,,,,,,,,,
38,3,Neng Riska Debi Suparman,7 November 2022,,"5,0","Suka banget nginep disini, terbaik keluarga happy. Cuman makanan aja sedikit lebih variatif lagi ya overall nice banget. Next kesini lagi coba villa bali 🥰",Ulasan terverifikasi dari tiket.com,https://s-light.tiket.photos/t/01E25EBZS3W0FY9GTG6C42E1SE/original/review/2022/11/07/8ab86d6c-743a-4619-992b-78203edf988d-1667816326689-ae2d8ff0410e0659c313c2242a328a41.jpg,,,,,,,,,
38,4,lia muliawati,2 November 2022,,"3,0",Nice view. Nyaman,Ulasan terverifikasi dari tiket.com,https://s-light.tiket.photos/t/01E25EBZS3W0FY9GTG6C42E1SE/original/review/2022/11/02/4c3d9bd0-8424-4c7a-afb1-637f02ca8244-1667401532212-332a9075b9f56eeaad0f2c69b137189c.jpg,,,,,,,,,
38,5,Dokter,30 Oktober 2022,Trip Keluarga,"4,0","untuk kamar vip room cocok jika bawa keluarga, nyaman dan asik. tp untuk air panas berendamnya masih kurang panas, cuma hangat. semoga menjadi masukan yg berguna dan kedepan nya lebih baik lg.",Ulasan terverifikasi dari tiket.com,https://s-light.tiket.photos/t/01E25EBZS3W0FY9GTG6C42E1SE/original/review/2022/10/30/6808762f-c5fd-433f-98cb-ea6dce4d73a9-1667066875031-5ce789883e2393aa8a8359887e497ab6.jpg,,,,,,,,,
39,1,AH,24 Oktober 2022,Trip Keluarga,"4,0",Sesuai Dengan Harga... Over all oke.,Ulasan terverifikasi dari tiket.com,https://s-light.tiket.photos/t/01E25EBZS3W0FY9GTG6C42E1SE/original/review/2022/10/24/2da56e5b-86de-4cbb-9e5f-7794c2f6c5da-1666605057686-5656a37327fec7c0902f6ed396a29536.jpg,,,,,,,,,
39,2,Intan Pravitasari,24 Oktober 2022,,"5,0",Tempatnya dr luar biasa aja tapi pas masuk woow..fasilitasnya oke..cuma bfastnya krg variatif,Ulasan terverifikasi dari tiket.com,https://s-light.tiket.photos/t/01E25EBZS3W0FY9GTG6C42E1SE/original/review/2022/10/24/710b2996-3e2d-4296-91e9-2f9b119faa37-1666584907497-1cdb29dff2cce4eba87dcffbbc6476f2.jpg,,,,,,,,,
39,3,R irma hernawati,24 Oktober 2022,Trip Keluarga,"4,0","Nginap di villa tirta 1&2 Alhamdulillah tempatnya nyaman, bersih lokasinya strategis.",Ulasan terverifikasi dari tiket.com,https://s-light.tiket.photos/t/01E25EBZS3W0FY9GTG6C42E1SE/original/review/2022/10/24/efc120a3-fd91-45cd-aff0-65d733d92575-1666582012326-888f8c34a0b14e7afce42b2fe6df7574.jpg,,,,,,,,,
39,4,Budi Hartono,22 September 2022,Trip Keluarga,"3,0",Bagus,Ulasan terverifikasi dari tiket.com,https://s-light.tiket.photos/t/01E25EBZS3W0FY9GTG6C42E1SE/original/review/2022/09/22/4b8e27cc-0b16-4161-96b8-229c3752f361-1663845181016-b8d9dff1a491c052e8a49ab4178c35b8.jpg,,,,,,,,,
39,5,Ruth Monica Bakara,11 September 2022,Trip Keluarga,"5,0","Bagus bgt ini hotel, dapet harga 400rb krn diskon tiket.com dan cc bni. Paling seneng sm diskon2nya tiket.com!",Ulasan terverifikasi dari tiket.com,https://s-light.tiket.photos/t/01E25EBZS3W0FY9GTG6C42E1SE/original/review/2022/09/11/1332f0ef-e5b5-4d8d-92ae-35f2397aecaa-1662908540545-4ed52b6111d7a716736aae05cbe4f7a7.jpg,,,,,,,,,
40,1,Adrian yang baik,10 September 2022,,"3,0","pelayanan bagus memuaskan, fasilitas bagus,kolam agak kotor dan tidak terlalu hangat, kamar mandi agak bau, kamar seperti jarang dibersihkan secara detail pinggiran2 dan sudut kotor sekali, banyak sek...Selengkapnya",Ulasan terverifikasi dari tiket.com,https://s-light.tiket.photos/t/01E25EBZS3W0FY9GTG6C42E1SE/original/review/2022/09/10/cbb1accb-257e-4685-b93b-9e9bb190ac8a-1662795713591-d72a81f8fb621ac9b5b6741535937b2d.jpg,,,,,,,,,
40,2,Ferdiana SPar,28 Agustus 2022,Trip Keluarga,"5,0",Kumpul keluarga besar pesan 5 kamar semua kamar bersebelahan. Kekurangan untuk air di kamar kurang begitu panas. Selebihny oke.,Ulasan terverifikasi dari tiket.com,https://s-light.tiket.photos/t/01E25EBZS3W0FY9GTG6C42E1SE/original/review/2022/08/28/4d354083-1aaa-47a6-ad25-3623c7110ba9-1661681095136-826a6d27e315c9bfd815329ef0e3fdeb.jpg,https://s-light.tiket.photos/t/01E25EBZS3W0FY9GTG6C42E1SE/original/review/2022/08/28/e6e74878-80f5-4095-8d29-aab70191d44f-1661681095432-74793b9bab45dcc48acc1ff510e9c98f.jpg,https://s-light.tiket.photos/t/01E25EBZS3W0FY9GTG6C42E1SE/original/review/2022/08/28/8d5176fa-de80-4b39-bd37-49b17fe6f8c8-1661681095602-7ddd4f5d2dae793165109c78769ed1f0.jpg,,,,,,,
40,3,Kartika sri wulandari,24 Agustus 2022,,"5,0",,Ulasan terverifikasi dari tiket.com,https://s-light.tiket.photos/t/01E25EBZS3W0FY9GTG6C42E1SE/original/review/2022/08/24/56274120-4322-483a-b952-ed019d0fca54-1661279586878-59e9fece06e5f41fd98b21df6ab99a74.jpg,,,,,,,,,
40,4,A,14 Agustus 2022,Trip Keluarga,"5,0",,Ulasan terverifikasi dari tiket.com,,,,,,,,,,
40,5,DM,12 Agustus 2022,Trip Keluarga,"5,0",,Ulasan terverifikasi dari tiket.com,https://s-light.tiket.photos/t/01E25EBZS3W0FY9GTG6C42E1SE/original/review/2022/08/12/62d268bb-cf5b-4268-ad10-980a339b649e-1660295252127-2f80d560d84f428e4dfe28f7a3c7cef4.jpg,,,,,,,,,
41,1,Safari Wijaya,11 Agustus 2022,,"4,0",Nice pleace.... lumayan lah... sayang lobinya aja kecil... kolam renangnya ok bgt...,Ulasan terverifikasi dari tiket.com,https://s-light.tiket.photos/t/01E25EBZS3W0FY9GTG6C42E1SE/original/review/2022/08/11/6684b777-8921-43e8-9269-744ba2194289-1660220774155-512f77fffae5726f919991e0fc87bc47.jpg,https://s-light.tiket.photos/t/01E25EBZS3W0FY9GTG6C42E1SE/original/review/2022/08/11/e4ae8f66-baff-437a-959a-67e782276599-1660220774496-b9aa22bf418894cde42289d8a27568ad.jpg,,,,,,,,
41,2,bella,1 Agustus 2022,,"5,0","Menyenangkan , sesuai dengan ekspetasi pokoknya muantapppp",Ulasan terverifikasi dari tiket.com,https://s-light.tiket.photos/t/01E25EBZS3W0FY9GTG6C42E1SE/original/review/2022/08/01/a70d689e-e8a5-497f-bbac-ead3f31986d7-1659356809920-80ac7c779a23f7521c79d365a990793d.jpg,,,,,,,,,
41,3,Widia Sari Utami,17 Juli 2022,Trip Keluarga,"5,0",bagus banget,Ulasan terverifikasi dari tiket.com,https://s-light.tiket.photos/t/01E25EBZS3W0FY9GTG6C42E1SE/original/review/2022/07/17/bbe97709-8159-4e57-b348-2774c4f87862-1658072700938-2ff3bbf96e3312777271a37f2dc55838.jpg,,,,,,,,,
41,4,Eko Susanti,14 Juli 2022,Trip Keluarga,"4,2","untuk fasilitas udah oke untuk kamar tipe villa, apalagi perahu bebek yg free dan jarak ke Waterboom tidak terlalu jauh, dan bak rendam yg cukup besar dan air panasnya membuat benar"" rileks, walau ada...Selengkapnya",Ulasan terverifikasi dari tiket.com,https://s-light.tiket.photos/t/01E25EBZS3W0FY9GTG6C42E1SE/original/review/2022/07/14/9130ec1c-a50f-4bbf-8ecd-9de26bca348c-1657804024210-0da6f1fb7c014e5e0409cc581c42355e.jpg,,,,,,,,,
41,5,Hendi Hendratman ST,1 Juli 2022,,"4,0",Kamar nyaman bisa 4-5 orang. Di kamar mandi ada bak rendam air panas muat 2 orang. Tempatnya bersih dan alat2 lengkap sehingga asik berlama lama di kamar dan di kamar mandi bersama pasangan.,Ulasan terverifikasi dari tiket.com,https://s-light.tiket.photos/t/01E25EBZS3W0FY9GTG6C42E1SE/original/review/2022/07/01/7b42284c-dca2-4555-b264-8bb8e1dae26c-1656659168868-a8f74a4bd9385fd7ed53bdfba1f88649.jpg,https://s-light.tiket.photos/t/01E25EBZS3W0FY9GTG6C42E1SE/original/review/2022/07/01/c3fea92b-8c96-4c8b-a54b-036313022a37-1656659169074-bfd011392c36338b68d4c9afadf54768.jpg,https://s-light.tiket.photos/t/01E25EBZS3W0FY9GTG6C42E1SE/original/review/2022/07/01/6b3637bb-06e7-4d0d-887b-047f036bd2c2-1656659169243-7fe79ca907d7d56244dadea1e61510b8.jpg,https://s-light.tiket.photos/t/01E25EBZS3W0FY9GTG6C42E1SE/original/review/2022/07/01/71f1452f-e3a6-4472-8b63-f3347a9174e7-1656659169388-421a2e6c1cab42c93742d062770cdb1a.jpg,https://s-light.tiket.photos/t/01E25EBZS3W0FY9GTG6C42E1SE/original/review/2022/07/01/fc9167e0-3729-414f-ab12-1ef7008aa067-1656659169560-8dc18650e3bbf7c807313ccfe236163b.jpg,,,,,
42,1,Lutfianti Lutfianti,25 Juni 2022,Trip Keluarga,"4,0","Ini tempat yang bagus untuk berenang, anak-anak juga menyukainya... cocok untuk liburan sekolah.",Ulasan terverifikasi dari tiket.com,https://s-light.tiket.photos/t/01E25EBZS3W0FY9GTG6C42E1SE/original/review/2022/06/25/7679f5e3-88ad-4e30-bb20-f1c93b1c76eb-1656141771784-f09f8cacd173d3ce6eb215c91696aa26.jpg,,,,,,,,,
42,2,SS,24 Juni 2022,Trip Keluarga,"2,4","kebersihan kamar kurang., kamarnya banyak semut(gede). meski gak gigit tp risih juga.Sarapan seadanya ,rasanya masih jauh dibanding dgn harga rate hotelnya. juga kolam renangnya campur dgn umum.(bayar...Selengkapnya",Ulasan terverifikasi dari tiket.com,https://s-light.tiket.photos/t/01E25EBZS3W0FY9GTG6C42E1SE/original/review/2022/06/24/f8585b70-6581-4b87-acd6-d4cf568625d9-1656053060639-d39c6d74541b1936fbb1b8a26866dbad.jpg,,,,,,,,,
42,3,Ganges gasaskhaa,22 Juni 2022,Trip Pasangan,"3,8",Kamar tipe suite nya luas dan bathtub besar cukup utk 2 orang. Di dalam kamar ada sofa. Kolam renang airnya agak keruh mungkin krn banyak bgt yg renang. Complain air panas di kamar ga panas langsung d...Selengkapnya,Ulasan terverifikasi dari tiket.com,https://s-light.tiket.photos/t/01E25EBZS3W0FY9GTG6C42E1SE/original/review/2022/06/22/0bda32c9-3e51-4728-a89c-a597941fad84-1655858589913-bfec191364f61ededa233405684f1913.jpg,,,,,,,,,
42,4,muhamad muchtar,4 Juni 2022,Trip Keluarga,"4,6","Tempatnya seru, pas untuk liburan bareng anak2, kalau ada akses khusus dari villa ke kolam renang pasti lebih seru",Ulasan terverifikasi dari tiket.com,https://s-light.tiket.photos/t/01E25EBZS3W0FY9GTG6C42E1SE/original/review/2022/06/04/c6ab7eb3-b8af-4c78-97f4-2ce5e1666d32-1654301037248-962333e73d6c8f0495ee6798ddca0ccf.jpg,,,,,,,,,
42,5,pertiwi kartila sari,2 Juni 2022,,"5,0",,Ulasan terverifikasi dari tiket.com,https://s-light.tiket.photos/t/01E25EBZS3W0FY9GTG6C42E1SE/original/review/2022/06/02/84f0be2e-7577-46e2-88dd-9122894efeaa-1654139803957-55394ea9d4dab64616316967f9548028.jpg,,,,,,,,,
43,1,KR,2 Juni 2022,Trip Keluarga,"1,6","kolam renang air nya butek,dan tidak panas,hangat pun tidak ,pokonya SANGAT MENGECEWAKAN air di kamar juga ga ada panas panas nya.ini sih namanya hotel yg berada di kawasan cipanas,dan air nya dingin ...Selengkapnya",Ulasan terverifikasi dari tiket.com,https://s-light.tiket.photos/t/01E25EBZS3W0FY9GTG6C42E1SE/original/review/2022/06/02/71c5bd38-2ba3-446e-80ba-13ead7cd69fc-1654138828252-df84e7547b561415129baf7ebf6adc56.jpg,,,,,,,,,
43,2,Keluarga Terdalam,31 Mei 2022,Trip Keluarga,"5,0","keren banget tempat nya pelayanan nya ramah,,begitu sampai disambut baik,,breakfastnya komplit tempat nya instagramable,,alhamdulilah keluarga kecilku suka..makasih ya tirtakencana the best",Ulasan terverifikasi dari tiket.com,https://s-light.tiket.photos/t/01E25EBZS3W0FY9GTG6C42E1SE/original/review/2022/05/31/8d7b4742-9fb2-4fe0-9063-47e8d57f5472-1653991993870-17644002d75086488ba477011d7694fb.jpg,https://s-light.tiket.photos/t/01E25EBZS3W0FY9GTG6C42E1SE/original/review/2022/05/31/1a935e06-ebae-4bae-b56d-8bccb2818495-1653991994194-9639b33099589540fd9e08c968390c3a.jpg,https://s-light.tiket.photos/t/01E25EBZS3W0FY9GTG6C42E1SE/original/review/2022/05/31/41043301-b897-4868-8c2a-a1fcec23aa96-1653991994391-9ce55ce158027308b1b0309c8d9a1a10.jpg,https://s-light.tiket.photos/t/01E25EBZS3W0FY9GTG6C42E1SE/original/review/2022/05/31/144f6bd4-089a-4441-9654-ed5c12734baa-1653991994620-43a7ff36619e2d39bea961f0dd1c8e98.jpg,https://s-light.tiket.photos/t/01E25EBZS3W0FY9GTG6C42E1SE/original/review/2022/05/31/a4960545-521f-494c-9d62-4ed164cfde61-1653991994774-dd83a65bd600bf860dc84373ac6a8fe6.jpg,https://s-light.tiket.photos/t/01E25EBZS3W0FY9GTG6C42E1SE/original/review/2022/05/31/876c2e4a-8886-4242-aa79-3b99d1c828ad-1653991994964-b2026ec86c4c07f1397949a5572f6eca.jpg,https://s-light.tiket.photos/t/01E25EBZS3W0FY9GTG6C42E1SE/original/review/2022/05/31/2cee5229-5050-4b04-aacb-1453080a9f80-1653991995114-6d31e042f09b594971d16a9aadfd8145.jpg,,,
43,3,Rian Purnama,25 Mei 2022,Trip Keluarga,"4,8",stabil,Ulasan terverifikasi dari tiket.com,https://s-light.tiket.photos/t/01E25EBZS3W0FY9GTG6C42E1SE/original/review/2022/05/25/91b96384-1b3a-4f0e-800b-e804d2344f40-1653491275231-41793c94a1ceb4e1c5be7e9fbde453f0.jpg,,,,,,,,,
43,4,DARI,25 Mei 2022,Trip Keluarga,"3,8",,Ulasan terverifikasi dari tiket.com,https://s-light.tiket.photos/t/01E25EBZS3W0FY9GTG6C42E1SE/original/review/2022/05/25/e97a9b87-95f0-4065-96c8-a1b937ed8efe-1653451516796-c78ff7dd5de219141cb55d7ab78d6b62.jpg,https://s-light.tiket.photos/t/01E25EBZS3W0FY9GTG6C42E1SE/original/review/2022/05/25/0912fd88-2cc9-4ba8-b813-f2aa1313da6f-1653451517100-7450b3c845b733d0e044f0effd416eeb.jpg,https://s-light.tiket.photos/t/01E25EBZS3W0FY9GTG6C42E1SE/original/review/2022/05/25/cb1d0f48-127a-4fd0-ba10-9822fcd19e3f-1653451517337-5164ae32f84bf3b122ba72ba323136a9.jpg,https://s-light.tiket.photos/t/01E25EBZS3W0FY9GTG6C42E1SE/original/review/2022/05/25/a5ee6d21-90cf-41a5-91fb-a0e78d64c712-1653451517501-5b5d22ade722e607d6d1d73861ac1ab4.jpg,,,,,,
43,5,Widia Sari Utami,3 Mei 2022,Trip Keluarga,"5,0",,Ulasan terverifikasi dari tiket.com,https://s-light.tiket.photos/t/01E25EBZS3W0FY9GTG6C42E1SE/original/review/2022/05/03/d5b4c89c-516c-43d8-8ec8-6738d307dd84-1651578619467-dafc9aeff87887050c93e4eea0979f29.jpg,,,,,,,,,
44,1,Nenden Sri Wahyuni,1 April 2022,Trip Keluarga,"5,0","Terimakasih banyak, recommed buat staycation bersama keluarga",Ulasan terverifikasi dari tiket.com,https://s-light.tiket.photos/t/01E25EBZS3W0FY9GTG6C42E1SE/original/review/2022/04/01/1f53d40b-ac8a-4b25-8e1b-bd04eb2f0f83-1648789737621-c4bc4b9cb7a6b291ab6f0ddfcd0942ab.jpg,https://s-light.tiket.photos/t/01E25EBZS3W0FY9GTG6C42E1SE/original/review/2022/04/01/bf2878be-3dc3-4673-9c5f-648aaed4a47a-1648789737874-3898dfa34dbd53db8e741385e08d976c.jpg,,,,,,,,
44,2,TIDAK,26 Maret 2022,Trip Keluarga,"4,0",seru... nyaman... gak ribet... waterboomnya anak2 suka... waterheaternya aja agak bermasalah... bsk2 mau kesana lagi,Ulasan terverifikasi dari tiket.com,https://s-light.tiket.photos/t/01E25EBZS3W0FY9GTG6C42E1SE/original/review/2022/03/26/dc061c99-eece-4d5f-abe1-d4d25709b406-1648288269247-162b1b2e6e0004e4fc92b75c4952fe3c.jpg,https://s-light.tiket.photos/t/01E25EBZS3W0FY9GTG6C42E1SE/original/review/2022/03/26/e63a13f2-792b-4e8a-9ca7-33478ee33436-1648288269513-c3c51a628b1260c458b710450678e256.jpg,,,,,,,,
44,3,Shanty Vellynea,21 Maret 2022,Trip Keluarga,"5,0",bagustttt,Ulasan terverifikasi dari tiket.com,https://s-light.tiket.photos/t/01E25EBZS3W0FY9GTG6C42E1SE/original/review/2022/03/21/46fde997-83e8-44d0-9514-6a47cf4953b1-1647867022224-775007e7be1787821c96c017ffb19874.jpg,,,,,,,,,
44,4,uun nurjanah,7 Februari 2022,Trip Keluarga,"5,0",sangat nyaman untuk bawa keluarga,Ulasan terverifikasi dari tiket.com,https://s-light.tiket.photos/t/01E25EBZS3W0FY9GTG6C42E1SE/original/review/2022/02/07/1d64eee9-d8e6-4216-861e-9deeb708f2f0-1644194822945-638d66dd5dc3de01f685da578f0b403f.jpg,https://s-light.tiket.photos/t/01E25EBZS3W0FY9GTG6C42E1SE/original/review/2022/02/07/e7ca7025-2085-480b-a033-5050c1b6b2dd-1644194823204-8494681f0fdb1103b6684cbb4b802b5c.jpg,https://s-light.tiket.photos/t/01E25EBZS3W0FY9GTG6C42E1SE/original/review/2022/02/07/bd73bff0-10d2-41db-a802-f4e4fd89df65-1644194823406-372f134ceeed7fc84a657d3df1d5d379.jpg,,,,,,,
44,5,rani aprilyani,13 Januari 2022,Trip Keluarga,"4,0","fasilitas bagus, tapi air nya kurang panas. kran air nya mesti dinyalain lama, baru air nya jadi hangat",Ulasan terverifikasi dari tiket.com,https://s-light.tiket.photos/t/01E25EBZS3W0FY9GTG6C42E1SE/original/review/2022/01/13/943313d5-c2d0-4213-a864-197366553d94-1642038268060-05de123ae78e3be22dae5691314d7efe.jpg,https://s-light.tiket.photos/t/01E25EBZS3W0FY9GTG6C42E1SE/original/review/2022/01/13/3f3a3067-171a-4213-b5ff-26174b35201a-1642038268598-da4b01b14d6d2422c5648e0226133ae7.jpg,,,,,,,,
45,1,NN,3 Januari 2022,Lainnya,"4,0","Untuk anak-anak, mereka suka memiliki pelampung air... kamar luas dan bersih, pelayanan cepat.",Ulasan terverifikasi dari tiket.com,https://s-light.tiket.photos/t/01E25EBZS3W0FY9GTG6C42E1SE/original/review/2022/01/03/afc74469-f712-4cc0-b875-6ef8b90d54ce-1641209530563-ab7ff7ca83b5daea96df34616016e244.jpg,https://s-light.tiket.photos/t/01E25EBZS3W0FY9GTG6C42E1SE/original/review/2022/01/03/c8732086-3223-4a43-988d-2e7b665e2882-1641209530849-772bea88179d39fa4a497a7fa8eb2d06.jpg,https://s-light.tiket.photos/t/01E25EBZS3W0FY9GTG6C42E1SE/original/review/2022/01/03/670c9de2-e3d9-4154-b204-77ad7cbee9f4-1641209531073-9d8c74600560eb57e92ad9475b6d6eb2.jpg,https://s-light.tiket.photos/t/01E25EBZS3W0FY9GTG6C42E1SE/original/review/2022/01/03/ffdd0ba1-99fa-46b5-b808-83843ef703c9-1641209531275-9748b1b7d0fbfcfb2da79e47d60fd2d3.jpg,https://s-light.tiket.photos/t/01E25EBZS3W0FY9GTG6C42E1SE/original/review/2022/01/03/3c2e0603-7aa0-40d5-ad58-1d1950def96c-1641209531671-d5b82bf139aae4ef84dc6ebaface60d4.jpg,https://s-light.tiket.photos/t/01E25EBZS3W0FY9GTG6C42E1SE/original/review/2022/01/03/f7f7edd9-4821-4d48-892a-99fabde5d4f7-1641209531932-61620d274562e1a989543c90ddcec856.jpg,https://s-light.tiket.photos/t/01E25EBZS3W0FY9GTG6C42E1SE/original/review/2022/01/03/934d5f21-9605-4200-baeb-e4aa82de4d1e-1641209532905-a4b77a8941a707a6ad884fc8dcc72416.jpg,,,