url,page,review_index,teks_ulasan,tanggal,gambar-1,gambar-2,gambar-3,gambar-4,gambar-5,gambar-6,gambar-7,gambar-8,gambar-9,gambar-10,gambar-11,gambar-12,gambar-13,gambar-14,gambar-15,gambar-16,gambar-17,gambar-18,gambar-19,gambar-20
https://www.traveloka.com/id-id/user/review/consumption/HOTEL/GENERAL/3000020007371,1,1,"Kamar yang menghadap ke jalan (city view) sama sekali tidak kedap, padahal saya menginap di lantai 8. Sangat tidak nyaman mendengar suara kendaraan lalu lalang tanpa henti sampai pagi. Semoga bisa diperbaiki agar kenyamanan kamar terjaga dan kami mau kembali ke Savero.",Diulas 1 minggu lalu,"https://ik.imagekit.io/tvlk/ugc-review/guys1L+Yyer9kzI3sp-pb0CG1j2bhflZGFUZOoIf1YOBAm37kEUOKR41ieUZm7ZJ/ugc-photo-ap-southeast-1-581603780057-acd24e232f75f09e/REVIEW/REVIEW_1777688004022_0e255c983cafb97f?_src=imagekit&tr=c-at_max,h-100,q-40,w-100",,,,,,,,,,,,,,,,,,,
https://www.traveloka.com/id-id/user/review/consumption/HOTEL/GENERAL/3000020007371,1,2,"Hotel terbaik yang pernah saya tempati, terutama karena bak mandinya sangat langka di daerah ini dan hotel ini memilikinya.",Diulas 4 minggu lalu,"https://ik.imagekit.io/tvlk/ugc-review/guys1L+Yyer9kzI3sp-pb0CG1j2bhflZGFUZOoIf1YOBAm37kEUOKR41ieUZm7ZJ/ugc-photo-ap-southeast-1-581603780057-acd24e232f75f09e/REVIEW/REVIEW_1775956206521_f11dd61c425b00a9?_src=imagekit&tr=c-at_max,h-80,q-40,w-80","https://ik.imagekit.io/tvlk/ugc-review/guys1L+Yyer9kzI3sp-pb0CG1j2bhflZGFUZOoIf1YOBAm37kEUOKR41ieUZm7ZJ/ugc-photo-ap-southeast-1-581603780057-acd24e232f75f09e/REVIEW/REVIEW_1775956206521_f3fa394b9e095a3b?_src=imagekit&tr=c-at_max,h-80,q-40,w-80","https://ik.imagekit.io/tvlk/ugc-review/guys1L+Yyer9kzI3sp-pb0CG1j2bhflZGFUZOoIf1YOBAm37kEUOKR41ieUZm7ZJ/ugc-photo-ap-southeast-1-581603780057-acd24e232f75f09e/REVIEW/REVIEW_1775956206521_d4bcac645f38e28e?_src=imagekit&tr=c-at_max,h-80,q-40,w-80","https://ik.imagekit.io/tvlk/ugc-review/guys1L+Yyer9kzI3sp-pb0CG1j2bhflZGFUZOoIf1YOBAm37kEUOKR41ieUZm7ZJ/ugc-photo-ap-southeast-1-581603780057-acd24e232f75f09e/REVIEW/REVIEW_1775956206521_2695ba058aeccf8f?_src=imagekit&tr=c-at_max,h-80,q-40,w-80","https://ik.imagekit.io/tvlk/ugc-review/guys1L+Yyer9kzI3sp-pb0CG1j2bhflZGFUZOoIf1YOBAm37kEUOKR41ieUZm7ZJ/ugc-photo-ap-southeast-1-581603780057-acd24e232f75f09e/REVIEW/REVIEW_1775956206521_7e5cc5081f972b9a?_src=imagekit&tr=c-at_max,h-80,q-40,w-80","https://ik.imagekit.io/tvlk/ugc-review/guys1L+Yyer9kzI3sp-pb0CG1j2bhflZGFUZOoIf1YOBAm37kEUOKR41ieUZm7ZJ/ugc-photo-ap-southeast-1-581603780057-acd24e232f75f09e/REVIEW/REVIEW_1775956206520_9df73a5170410b13?_src=imagekit&tr=c-at_max,h-80,q-40,w-80","https://ik.imagekit.io/tvlk/ugc-review/guys1L+Yyer9kzI3sp-pb0CG1j2bhflZGFUZOoIf1YOBAm37kEUOKR41ieUZm7ZJ/ugc-photo-ap-southeast-1-581603780057-acd24e232f75f09e/REVIEW/REVIEW_1775956206520_df7eed598916422a?_src=imagekit&tr=c-at_max,h-80,q-40,w-80",,,,,,,,,,,,,
https://www.traveloka.com/id-id/user/review/consumption/HOTEL/GENERAL/3000020007371,1,3,"Makanannya enak-enak, hanya saja sangat disayangkan seprei tempat tidurnya kotor seperti ada bercak noda.",Diulas 5 minggu lalu,"https://ik.imagekit.io/tvlk/ugc-review/guys1L+Yyer9kzI3sp-pb0CG1j2bhflZGFUZOoIf1YOBAm37kEUOKR41ieUZm7ZJ/ugc-photo-ap-southeast-1-581603780057-acd24e232f75f09e/REVIEW/REVIEW_1775578419519_d51ec7262efb4ff6?_src=imagekit&tr=c-at_max,h-100,q-40,w-100","https://ik.imagekit.io/tvlk/ugc-review/guys1L+Yyer9kzI3sp-pb0CG1j2bhflZGFUZOoIf1YOBAm37kEUOKR41ieUZm7ZJ/ugc-photo-ap-southeast-1-581603780057-acd24e232f75f09e/REVIEW/REVIEW_1775578419519_6a49f9cfa45ea0ec?_src=imagekit&tr=c-at_max,h-100,q-40,w-100","https://ik.imagekit.io/tvlk/ugc-review/guys1L+Yyer9kzI3sp-pb0CG1j2bhflZGFUZOoIf1YOBAm37kEUOKR41ieUZm7ZJ/ugc-photo-ap-southeast-1-581603780057-acd24e232f75f09e/REVIEW/REVIEW_1775578419518_e9faa5e09f6eecff?_src=imagekit&tr=c-at_max,h-100,q-40,w-100",,,,,,,,,,,,,,,,,
https://www.traveloka.com/id-id/user/review/consumption/HOTEL/GENERAL/3000020007371,1,4,"Dari mulai satpam hingga all staff ramah & helpful, parkir mudah, makanan pas breakfast bervariasi dan lumayan enak, lokasi strategis dekat dengan kuliner, hospital maupun mal.",Diulas 13 minggu lalu,"https://ik.imagekit.io/tvlk/ugc-review/guys1L+Yyer9kzI3sp-pb0CG1j2bhflZGFUZOoIf1YOBAm37kEUOKR41ieUZm7ZJ/ugc-photo-ap-southeast-1-581603780057-acd24e232f75f09e/REVIEW/REVIEW_1770343302401_187b4c85cc4c03a7?_src=imagekit&tr=c-at_max,h-100,q-40,w-100","https://ik.imagekit.io/tvlk/ugc-review/guys1L+Yyer9kzI3sp-pb0CG1j2bhflZGFUZOoIf1YOBAm37kEUOKR41ieUZm7ZJ/ugc-photo-ap-southeast-1-581603780057-acd24e232f75f09e/REVIEW/REVIEW_1770343302401_9f8031499fcb914c?_src=imagekit&tr=c-at_max,h-100,q-40,w-100","https://ik.imagekit.io/tvlk/ugc-review/guys1L+Yyer9kzI3sp-pb0CG1j2bhflZGFUZOoIf1YOBAm37kEUOKR41ieUZm7ZJ/ugc-photo-ap-southeast-1-581603780057-acd24e232f75f09e/REVIEW/REVIEW_1770343302400_6dbd3956dd5b3479?_src=imagekit&tr=c-at_max,h-100,q-40,w-100",,,,,,,,,,,,,,,,,
https://www.traveloka.com/id-id/user/review/consumption/HOTEL/GENERAL/3000020007371,1,5,"suka banget kesini kl lg ke depok, Susana kamar nya yg mewah dan makanan nya yg enak dan banyak jenis,, cm mungkin kebersihan toilet nya agak diperhatikan ya, dan skrg ga dpt lg amenities cutton  bud ya?",Diulas 15 minggu lalu,"https://ik.imagekit.io/tvlk/ugc-review/guys1L+Yyer9kzI3sp-pb0CG1j2bhflZGFUZOoIf1YOBAm37kEUOKR41ieUZm7ZJ/ugc-photo-ap-southeast-1-581603780057-acd24e232f75f09e/REVIEW/REVIEW_1769135130637_f468da2b5ae40683?_src=imagekit&tr=c-at_max,h-100,q-40,w-100",https://d24fi85k5ai89e.cloudfront.net/REVIEW_VIDEO/THUMBNAIL/afead54c-a0aa-45a7-9530-6ddb5ee30a48.0000001.jpg,,,,,,,,,,,,,,,,,,
https://www.traveloka.com/id-id/user/review/consumption/HOTEL/GENERAL/3000020007371,1,6,"second staycation…. lokasi strategis, staf yang ramah, dan harga terjangkau, merasa nyaman dan senang dengan kebersihan kamar yang terjaga dengan baik. Hotel ini juga dekat dengan pusat perbelanjaan dan restoran.",Diulas 16 minggu lalu,"https://ik.imagekit.io/tvlk/ugc-review/guys1L+Yyer9kzI3sp-pb0CG1j2bhflZGFUZOoIf1YOBAm37kEUOKR41ieUZm7ZJ/ugc-photo-ap-southeast-1-581603780057-acd24e232f75f09e/REVIEW/REVIEW_1768649310609_ebfb2387ad8e1c08?_src=imagekit&tr=c-at_max,h-100,q-40,w-100","https://ik.imagekit.io/tvlk/ugc-review/guys1L+Yyer9kzI3sp-pb0CG1j2bhflZGFUZOoIf1YOBAm37kEUOKR41ieUZm7ZJ/ugc-photo-ap-southeast-1-581603780057-acd24e232f75f09e/REVIEW/REVIEW_1768649395215_66fa3c0381c20b99?_src=imagekit&tr=c-at_max,h-100,q-40,w-100","https://ik.imagekit.io/tvlk/ugc-review/guys1L+Yyer9kzI3sp-pb0CG1j2bhflZGFUZOoIf1YOBAm37kEUOKR41ieUZm7ZJ/ugc-photo-ap-southeast-1-581603780057-acd24e232f75f09e/REVIEW/REVIEW_1768649447125_dafa5b52411304d5?_src=imagekit&tr=c-at_max,h-100,q-40,w-100",,,,,,,,,,,,,,,,,
https://www.traveloka.com/id-id/user/review/consumption/HOTEL/GENERAL/3000020007371,1,7,Staff hotel sangat ramah..pengalaman yg sgt menarik menginap disini pd saat pergantian tahun..,Diulas 18 minggu lalu,"https://ik.imagekit.io/tvlk/ugc-review/guys1L+Yyer9kzI3sp-pb0CG1j2bhflZGFUZOoIf1YOBAm37kEUOKR41ieUZm7ZJ/ugc-photo-ap-southeast-1-581603780057-acd24e232f75f09e/REVIEW/REVIEW_1767343815841_3630f2f13ebbcd7c?_src=imagekit&tr=c-at_max,h-100,q-40,w-100","https://ik.imagekit.io/tvlk/ugc-review/guys1L+Yyer9kzI3sp-pb0CG1j2bhflZGFUZOoIf1YOBAm37kEUOKR41ieUZm7ZJ/ugc-photo-ap-southeast-1-581603780057-acd24e232f75f09e/REVIEW/REVIEW_1767343815310_6d973910e554228e?_src=imagekit&tr=c-at_max,h-100,q-40,w-100","https://ik.imagekit.io/tvlk/ugc-review/guys1L+Yyer9kzI3sp-pb0CG1j2bhflZGFUZOoIf1YOBAm37kEUOKR41ieUZm7ZJ/ugc-photo-ap-southeast-1-581603780057-acd24e232f75f09e/REVIEW/REVIEW_1767343816581_f826697c3f81ee46?_src=imagekit&tr=c-at_max,h-100,q-40,w-100","https://ik.imagekit.io/tvlk/ugc-review/guys1L+Yyer9kzI3sp-pb0CG1j2bhflZGFUZOoIf1YOBAm37kEUOKR41ieUZm7ZJ/ugc-photo-ap-southeast-1-581603780057-acd24e232f75f09e/REVIEW/REVIEW_1767343869493_60bca75e6f18a41b?_src=imagekit&tr=c-at_max,h-100,q-40,w-100","https://ik.imagekit.io/tvlk/ugc-review/guys1L+Yyer9kzI3sp-pb0CG1j2bhflZGFUZOoIf1YOBAm37kEUOKR41ieUZm7ZJ/ugc-photo-ap-southeast-1-581603780057-acd24e232f75f09e/REVIEW/REVIEW_1767343868866_76aa5f5cc32f4e8c?_src=imagekit&tr=c-at_max,h-100,q-40,w-100",,,,,,,,,,,,,,,
https://www.traveloka.com/id-id/user/review/consumption/HOTEL/GENERAL/3000020007371,1,8,jika ada diskon akan nginap disini lagi,Diulas 18 minggu lalu,"https://ik.imagekit.io/tvlk/ugc-review/guys1L+Yyer9kzI3sp-pb0CG1j2bhflZGFUZOoIf1YOBAm37kEUOKR41ieUZm7ZJ/ugc-photo-ap-southeast-1-581603780057-acd24e232f75f09e/REVIEW/REVIEW_1767341755569_40ab4c2f40bd9f53?_src=imagekit&tr=c-at_max,h-100,q-40,w-100","https://ik.imagekit.io/tvlk/ugc-review/guys1L+Yyer9kzI3sp-pb0CG1j2bhflZGFUZOoIf1YOBAm37kEUOKR41ieUZm7ZJ/ugc-photo-ap-southeast-1-581603780057-acd24e232f75f09e/REVIEW/REVIEW_1767341766713_9c415a760e723a99?_src=imagekit&tr=c-at_max,h-100,q-40,w-100",,,,,,,,,,,,,,,,,,
https://www.traveloka.com/id-id/user/review/consumption/HOTEL/GENERAL/3000020007371,1,9,"staff nya oke, pelayanannya bagus. Hanya kamarnya kecil untuk harga super deluxe dan makanannya kurang gurih",Diulas 19 minggu lalu,"https://ik.imagekit.io/tvlk/ugc-review/guys1L+Yyer9kzI3sp-pb0CG1j2bhflZGFUZOoIf1YOBAm37kEUOKR41ieUZm7ZJ/ugc-photo-ap-southeast-1-581603780057-acd24e232f75f09e/REVIEW/REVIEW_1766965395737_0a5e248d1d96e57d?_src=imagekit&tr=c-at_max,h-100,q-40,w-100","https://ik.imagekit.io/tvlk/ugc-review/guys1L+Yyer9kzI3sp-pb0CG1j2bhflZGFUZOoIf1YOBAm37kEUOKR41ieUZm7ZJ/ugc-photo-ap-southeast-1-581603780057-acd24e232f75f09e/REVIEW/REVIEW_1766965436376_a27f75967009c498?_src=imagekit&tr=c-at_max,h-100,q-40,w-100","https://ik.imagekit.io/tvlk/ugc-review/guys1L+Yyer9kzI3sp-pb0CG1j2bhflZGFUZOoIf1YOBAm37kEUOKR41ieUZm7ZJ/ugc-photo-ap-southeast-1-581603780057-acd24e232f75f09e/REVIEW/REVIEW_1766965461561_d57a871a05a146c7?_src=imagekit&tr=c-at_max,h-100,q-40,w-100",https://d24fi85k5ai89e.cloudfront.net/REVIEW_VIDEO/THUMBNAIL/0a347c4c-801d-49a8-8f70-5ade5ccf3e38.0000001.jpg,"https://ik.imagekit.io/tvlk/ugc-review/guys1L+Yyer9kzI3sp-pb0CG1j2bhflZGFUZOoIf1YOBAm37kEUOKR41ieUZm7ZJ/ugc-photo-ap-southeast-1-581603780057-acd24e232f75f09e/REVIEW/REVIEW_1766965738086_c47febfaed304103?_src=imagekit&tr=c-at_max,h-100,q-40,w-100",,,,,,,,,,,,,,,
https://www.traveloka.com/id-id/user/review/consumption/HOTEL/GENERAL/3000020007371,1,10,"Pros:
Lokasinya strategis sekali, pelayanan & staff-nya ramah, check in & check out (malah kami rikues extend 1 jam di kamar masih dibolehin) sangat smooth. Overall bersih walau di sudut-sudut kecil ada saja debu-debu.

Cons:
Kami menginap dalam rangka anak kami ada ujian di UI pagi hari, tahu-tahunya setiap hari Minggu pukul 06.00 - 09.00 ada CFD, jadilah kami jalan kaki ke lampu merah terdekat sekitar 650m buat cari gocar, hahaha. Kamar lembap & ada aroma bau apek (hidung & tenggorokan saya enggak bisa dibohongi, akhirnya sepanjang dari check ini jam 15.00 - 21.00 batuk-batuk & bersin-bersin heboh, baru stop malam karena hidung ini sudah adaptasi dengan kondisi kamar). Wifi payah sekali, kami enggak bs kerja & browsing (kami nginap di kamar 603) sedangkan provider saya XL juga sinyal susah banget cuma 1-2 bar, suami pun pakai Telkomsel sama aja sinyal lemah. Kami dikasih kamar dengan connecting door, malam hari sekitar jam 23.00 ke atas (sudah masuk quite hour zone) tetangga kamar sebelah yang isinya ciwi-ciwi astaghfirullah berisiknyaaaa (fyi untuk masukkan, di hotel-hotel bintang 4 ke atas biasanya akan dikasih informasi QUIET HOUR jam 22.00 - 07.00 karena tamu butuh istirahat), akhirnya saya kirim mereka notes & ketok-ketok itu connecting door baru mereka diam. Terdapat language barrier (padahal pakai bahasa Indonesia simpel) kepada staff security & parking di basement *harus ngmg 2-3x baru mereka mudeng - hadah-hadah.

Thanks Savero atas servisnya. Semoga makin sukses ke depannya ya, keep up the good works dan improve yang masih kurang-kurang.",Diulas 26 minggu lalu,"https://ik.imagekit.io/tvlk/ugc-review/guys1L+Yyer9kzI3sp-pb0CG1j2bhflZGFUZOoIf1YOBAm37kEUOKR41ieUZm7ZJ/ugc-photo-ap-southeast-1-581603780057-acd24e232f75f09e/REVIEW/REVIEW_1762807182212_73345beb91e7307e?_src=imagekit&tr=c-at_max,h-100,q-40,w-100","https://ik.imagekit.io/tvlk/ugc-review/guys1L+Yyer9kzI3sp-pb0CG1j2bhflZGFUZOoIf1YOBAm37kEUOKR41ieUZm7ZJ/ugc-photo-ap-southeast-1-581603780057-acd24e232f75f09e/REVIEW/REVIEW_1762807182212_798ef67088cea69f?_src=imagekit&tr=c-at_max,h-100,q-40,w-100","https://ik.imagekit.io/tvlk/ugc-review/guys1L+Yyer9kzI3sp-pb0CG1j2bhflZGFUZOoIf1YOBAm37kEUOKR41ieUZm7ZJ/ugc-photo-ap-southeast-1-581603780057-acd24e232f75f09e/REVIEW/REVIEW_1762807182212_a0838aded36137d6?_src=imagekit&tr=c-at_max,h-100,q-40,w-100","https://ik.imagekit.io/tvlk/ugc-review/guys1L+Yyer9kzI3sp-pb0CG1j2bhflZGFUZOoIf1YOBAm37kEUOKR41ieUZm7ZJ/ugc-photo-ap-southeast-1-581603780057-acd24e232f75f09e/REVIEW/REVIEW_1762807182209_825270d48f8c72aa?_src=imagekit&tr=c-at_max,h-100,q-40,w-100",,,,,,,,,,,,,,,,
https://www.traveloka.com/id-id/user/review/consumption/HOTEL/GENERAL/3000020007371,1,11,"makanan nya enak banget asli, nggak nyesel staycation di sini. Mungkin untuk kamar mandi karyawan hotel harus di perhatikan licin sekali di tempat mandinya karna lumut, secara keseluruhan ini sangat di rekomendasikan untuk temen temen yg ingin Staycation🙏",Diulas 29 minggu lalu,"https://ik.imagekit.io/tvlk/ugc-review/guys1L+Yyer9kzI3sp-pb0CG1j2bhflZGFUZOoIf1YOBAm37kEUOKR41ieUZm7ZJ/ugc-photo-ap-southeast-1-581603780057-acd24e232f75f09e/REVIEW/REVIEW_1760871457626_0928b45851355ce4?_src=imagekit&tr=c-at_max,h-100,q-40,w-100",,,,,,,,,,,,,,,,,,,
https://www.traveloka.com/id-id/user/review/consumption/HOTEL/GENERAL/3000020007371,1,12,"Secara keseluruhan bagus.
Namun saat weekend, di hari Minggu tidak bisa keluar menggunakan mobil sampai jam 10 pagi karena ada car free day di Margonda.",Diulas 31 minggu lalu,"https://ik.imagekit.io/tvlk/ugc-review/guys1L+Yyer9kzI3sp-pb0CG1j2bhflZGFUZOoIf1YOBAm37kEUOKR41ieUZm7ZJ/ugc-photo-ap-southeast-1-581603780057-acd24e232f75f09e/REVIEW/REVIEW_1759632869896_54056791376752d7?_src=imagekit&tr=c-at_max,h-100,q-40,w-100",,,,,,,,,,,,,,,,,,,
https://www.traveloka.com/id-id/user/review/consumption/HOTEL/GENERAL/3000020007371,1,13,"pastinya bakal balik lagi sih untuk staycation karena superrr nyaman dan bersih, segala interiormya juga cantik. pilihan menu pada saat breakfast juga banyak dan ga ada yg garnak😍🫶🏻",Diulas 34 minggu lalu,"https://ik.imagekit.io/tvlk/ugc-review/guys1L+Yyer9kzI3sp-pb0CG1j2bhflZGFUZOoIf1YOBAm37kEUOKR41ieUZm7ZJ/ugc-photo-ap-southeast-1-581603780057-acd24e232f75f09e/REVIEW/REVIEW_1757875629291_015f000e552a7fb2?_src=imagekit&tr=c-at_max,h-100,q-40,w-100","https://ik.imagekit.io/tvlk/ugc-review/guys1L+Yyer9kzI3sp-pb0CG1j2bhflZGFUZOoIf1YOBAm37kEUOKR41ieUZm7ZJ/ugc-photo-ap-southeast-1-581603780057-acd24e232f75f09e/REVIEW/REVIEW_1757875629291_5ae0c8e51fc1f7e5?_src=imagekit&tr=c-at_max,h-100,q-40,w-100","https://ik.imagekit.io/tvlk/ugc-review/guys1L+Yyer9kzI3sp-pb0CG1j2bhflZGFUZOoIf1YOBAm37kEUOKR41ieUZm7ZJ/ugc-photo-ap-southeast-1-581603780057-acd24e232f75f09e/REVIEW/REVIEW_1757875629291_b31030e0ea27f6e7?_src=imagekit&tr=c-at_max,h-100,q-40,w-100","https://ik.imagekit.io/tvlk/ugc-review/guys1L+Yyer9kzI3sp-pb0CG1j2bhflZGFUZOoIf1YOBAm37kEUOKR41ieUZm7ZJ/ugc-photo-ap-southeast-1-581603780057-acd24e232f75f09e/REVIEW/REVIEW_1757875731260_a66ff5fae29fff7d?_src=imagekit&tr=c-at_max,h-100,q-40,w-100",,,,,,,,,,,,,,,,
https://www.traveloka.com/id-id/user/review/consumption/HOTEL/GENERAL/3000020007371,1,14,"makanan enak, nyaman, udah sering banget singgah disini",Diulas 36 minggu lalu,"https://ik.imagekit.io/tvlk/ugc-review/guys1L+Yyer9kzI3sp-pb0CG1j2bhflZGFUZOoIf1YOBAm37kEUOKR41ieUZm7ZJ/ugc-photo-ap-southeast-1-581603780057-acd24e232f75f09e/REVIEW/REVIEW_1756326526282_46a89bdff098a304?_src=imagekit&tr=c-at_max,h-100,q-40,w-100","https://ik.imagekit.io/tvlk/ugc-review/guys1L+Yyer9kzI3sp-pb0CG1j2bhflZGFUZOoIf1YOBAm37kEUOKR41ieUZm7ZJ/ugc-photo-ap-southeast-1-581603780057-acd24e232f75f09e/REVIEW/REVIEW_1756326526284_0dc8fcfd063f870c?_src=imagekit&tr=c-at_max,h-100,q-40,w-100","https://ik.imagekit.io/tvlk/ugc-review/guys1L+Yyer9kzI3sp-pb0CG1j2bhflZGFUZOoIf1YOBAm37kEUOKR41ieUZm7ZJ/ugc-photo-ap-southeast-1-581603780057-acd24e232f75f09e/REVIEW/REVIEW_1756326526285_f0b232a1449791cb?_src=imagekit&tr=c-at_max,h-100,q-40,w-100","https://ik.imagekit.io/tvlk/ugc-review/guys1L+Yyer9kzI3sp-pb0CG1j2bhflZGFUZOoIf1YOBAm37kEUOKR41ieUZm7ZJ/ugc-photo-ap-southeast-1-581603780057-acd24e232f75f09e/REVIEW/REVIEW_1756326526285_155229a42f477948?_src=imagekit&tr=c-at_max,h-100,q-40,w-100",,,,,,,,,,,,,,,,
https://www.traveloka.com/id-id/user/review/consumption/HOTEL/GENERAL/3000020007371,1,15,"Menginap di kamar 302 cukup menyenangkan. Dari resepsionis sampai ke dalam kamar, seluruh area hotel wangi sereh ala spa, bikin suasana rileks banget. Pokoknya perfect untuk mood staycation! 🌿✨
Minus; parkiran mobil terasa kurang memadai, jadi agak repot saat tamu ramai. Selain itu, kamar kurang kedap suara—suara dari luar maupun kamar sebelah masih cukup terdengar.
But overall oke, pengalaman menginap tetap nyaman dan memuaskan. 👍",Diulas 37 minggu lalu,"https://ik.imagekit.io/tvlk/ugc-review/guys1L+Yyer9kzI3sp-pb0CG1j2bhflZGFUZOoIf1YOBAm37kEUOKR41ieUZm7ZJ/ugc-photo-ap-southeast-1-581603780057-acd24e232f75f09e/REVIEW/REVIEW_1756027774259_e868bf733389e212?_src=imagekit&tr=c-at_max,h-80,q-40,w-80","https://ik.imagekit.io/tvlk/ugc-review/guys1L+Yyer9kzI3sp-pb0CG1j2bhflZGFUZOoIf1YOBAm37kEUOKR41ieUZm7ZJ/ugc-photo-ap-southeast-1-581603780057-acd24e232f75f09e/REVIEW/REVIEW_1756027774259_072109be5a6c63b4?_src=imagekit&tr=c-at_max,h-80,q-40,w-80","https://ik.imagekit.io/tvlk/ugc-review/guys1L+Yyer9kzI3sp-pb0CG1j2bhflZGFUZOoIf1YOBAm37kEUOKR41ieUZm7ZJ/ugc-photo-ap-southeast-1-581603780057-acd24e232f75f09e/REVIEW/REVIEW_1756027774259_404baa984142c144?_src=imagekit&tr=c-at_max,h-80,q-40,w-80","https://ik.imagekit.io/tvlk/ugc-review/guys1L+Yyer9kzI3sp-pb0CG1j2bhflZGFUZOoIf1YOBAm37kEUOKR41ieUZm7ZJ/ugc-photo-ap-southeast-1-581603780057-acd24e232f75f09e/REVIEW/REVIEW_1756027774258_c621ba2527ff0e80?_src=imagekit&tr=c-at_max,h-80,q-40,w-80","https://ik.imagekit.io/tvlk/ugc-review/guys1L+Yyer9kzI3sp-pb0CG1j2bhflZGFUZOoIf1YOBAm37kEUOKR41ieUZm7ZJ/ugc-photo-ap-southeast-1-581603780057-acd24e232f75f09e/REVIEW/REVIEW_1756027774258_9d7ea8bec07c63af?_src=imagekit&tr=c-at_max,h-80,q-40,w-80","https://ik.imagekit.io/tvlk/ugc-review/guys1L+Yyer9kzI3sp-pb0CG1j2bhflZGFUZOoIf1YOBAm37kEUOKR41ieUZm7ZJ/ugc-photo-ap-southeast-1-581603780057-acd24e232f75f09e/REVIEW/REVIEW_1756027774258_517bc552dc39cfde?_src=imagekit&tr=c-at_max,h-80,q-40,w-80","https://ik.imagekit.io/tvlk/ugc-review/guys1L+Yyer9kzI3sp-pb0CG1j2bhflZGFUZOoIf1YOBAm37kEUOKR41ieUZm7ZJ/ugc-photo-ap-southeast-1-581603780057-acd24e232f75f09e/REVIEW/REVIEW_1756027774258_c5fd0ca49ce42c48?_src=imagekit&tr=c-at_max,h-80,q-40,w-80",,,,,,,,,,,,,
https://www.traveloka.com/id-id/user/review/consumption/HOTEL/GENERAL/3000020007371,1,16,"Tempat yang bagus untuk menginap, suasananya bagus. Saya sudah ke sini 3 kali.",Diulas 37 minggu lalu,"https://ik.imagekit.io/tvlk/ugc-review/guys1L+Yyer9kzI3sp-pb0CG1j2bhflZGFUZOoIf1YOBAm37kEUOKR41ieUZm7ZJ/ugc-photo-ap-southeast-1-581603780057-acd24e232f75f09e/REVIEW/REVIEW_1756000819619_c67504ab2e22d8ee?_src=imagekit&tr=c-at_max,h-80,q-40,w-80","https://ik.imagekit.io/tvlk/ugc-review/guys1L+Yyer9kzI3sp-pb0CG1j2bhflZGFUZOoIf1YOBAm37kEUOKR41ieUZm7ZJ/ugc-photo-ap-southeast-1-581603780057-acd24e232f75f09e/REVIEW/REVIEW_1756000819620_8b7c2aa895a401be?_src=imagekit&tr=c-at_max,h-80,q-40,w-80","https://ik.imagekit.io/tvlk/ugc-review/guys1L+Yyer9kzI3sp-pb0CG1j2bhflZGFUZOoIf1YOBAm37kEUOKR41ieUZm7ZJ/ugc-photo-ap-southeast-1-581603780057-acd24e232f75f09e/REVIEW/REVIEW_1756000819620_bf2029353bca68ce?_src=imagekit&tr=c-at_max,h-80,q-40,w-80","https://ik.imagekit.io/tvlk/ugc-review/guys1L+Yyer9kzI3sp-pb0CG1j2bhflZGFUZOoIf1YOBAm37kEUOKR41ieUZm7ZJ/ugc-photo-ap-southeast-1-581603780057-acd24e232f75f09e/REVIEW/REVIEW_1756000819620_960bf182167043cb?_src=imagekit&tr=c-at_max,h-80,q-40,w-80","https://ik.imagekit.io/tvlk/ugc-review/guys1L+Yyer9kzI3sp-pb0CG1j2bhflZGFUZOoIf1YOBAm37kEUOKR41ieUZm7ZJ/ugc-photo-ap-southeast-1-581603780057-acd24e232f75f09e/REVIEW/REVIEW_1756000819620_a7ab45c9493cffb0?_src=imagekit&tr=c-at_max,h-80,q-40,w-80","https://ik.imagekit.io/tvlk/ugc-review/guys1L+Yyer9kzI3sp-pb0CG1j2bhflZGFUZOoIf1YOBAm37kEUOKR41ieUZm7ZJ/ugc-photo-ap-southeast-1-581603780057-acd24e232f75f09e/REVIEW/REVIEW_1756000819620_749bc546fbea9316?_src=imagekit&tr=c-at_max,h-80,q-40,w-80","https://ik.imagekit.io/tvlk/ugc-review/guys1L+Yyer9kzI3sp-pb0CG1j2bhflZGFUZOoIf1YOBAm37kEUOKR41ieUZm7ZJ/ugc-photo-ap-southeast-1-581603780057-acd24e232f75f09e/REVIEW/REVIEW_1756000819619_3781cca96423c4dc?_src=imagekit&tr=c-at_max,h-80,q-40,w-80","https://ik.imagekit.io/tvlk/ugc-review/guys1L+Yyer9kzI3sp-pb0CG1j2bhflZGFUZOoIf1YOBAm37kEUOKR41ieUZm7ZJ/ugc-photo-ap-southeast-1-581603780057-acd24e232f75f09e/REVIEW/REVIEW_1756000819619_26eae08e07d1e224?_src=imagekit&tr=c-at_max,h-80,q-40,w-80",,,,,,,,,,,,
https://www.traveloka.com/id-id/user/review/consumption/HOTEL/GENERAL/3000020007371,1,17,"Hotel favorit di Depok, nyaman sekali.",Diulas 37 minggu lalu,"https://ik.imagekit.io/tvlk/ugc-review/guys1L+Yyer9kzI3sp-pb0CG1j2bhflZGFUZOoIf1YOBAm37kEUOKR41ieUZm7ZJ/ugc-photo-ap-southeast-1-581603780057-acd24e232f75f09e/REVIEW/REVIEW_1755666131922_3a72ec28a13b91a3?_src=imagekit&tr=c-at_max,h-100,q-40,w-100",,,,,,,,,,,,,,,,,,,
https://www.traveloka.com/id-id/user/review/consumption/HOTEL/GENERAL/3000020007371,1,18,"Kamar yang saya tempati cukup luas dan bersih, Staf hotel sangat ramah dan responsif, hotelnya nyaman, menu makanannya banyak dan restonya oke banget. dibuatkan cappucino dan es teh tarik oleh anak magang thanks banget ❤️❤️",Diulas 38 minggu lalu,"https://ik.imagekit.io/tvlk/ugc-review/guys1L+Yyer9kzI3sp-pb0CG1j2bhflZGFUZOoIf1YOBAm37kEUOKR41ieUZm7ZJ/ugc-photo-ap-southeast-1-581603780057-acd24e232f75f09e/REVIEW/REVIEW_1755597537408_f8493ae7b8b5c176?_src=imagekit&tr=c-at_max,h-100,q-40,w-100","https://ik.imagekit.io/tvlk/ugc-review/guys1L+Yyer9kzI3sp-pb0CG1j2bhflZGFUZOoIf1YOBAm37kEUOKR41ieUZm7ZJ/ugc-photo-ap-southeast-1-581603780057-acd24e232f75f09e/REVIEW/REVIEW_1755597537408_4c4fdc578f261a4b?_src=imagekit&tr=c-at_max,h-100,q-40,w-100","https://ik.imagekit.io/tvlk/ugc-review/guys1L+Yyer9kzI3sp-pb0CG1j2bhflZGFUZOoIf1YOBAm37kEUOKR41ieUZm7ZJ/ugc-photo-ap-southeast-1-581603780057-acd24e232f75f09e/REVIEW/REVIEW_1755597616053_46594976a0166f7d?_src=imagekit&tr=c-at_max,h-100,q-40,w-100",,,,,,,,,,,,,,,,,
https://www.traveloka.com/id-id/user/review/consumption/HOTEL/GENERAL/3000020007371,1,19,"Sempurna untuk staycation. Kamar bersih dan tenang, serta staf yang ramah.",Diulas 42 minggu lalu,"https://ik.imagekit.io/tvlk/ugc-review/guys1L+Yyer9kzI3sp-pb0CG1j2bhflZGFUZOoIf1YOBAm37kEUOKR41ieUZm7ZJ/ugc-photo-ap-southeast-1-581603780057-acd24e232f75f09e/REVIEW/REVIEW_1753060057972_b5e7011c80bad4ee?_src=imagekit&tr=c-at_max,h-100,q-40,w-100",,,,,,,,,,,,,,,,,,,
https://www.traveloka.com/id-id/user/review/consumption/HOTEL/GENERAL/3000020007371,1,20,"Good services. Kamar sesuai request, bersih & luas. Minus kamar banyak semut / serangga perlu Pest Control .",Diulas 44 minggu lalu,"https://ik.imagekit.io/tvlk/ugc-review/guys1L+Yyer9kzI3sp-pb0CG1j2bhflZGFUZOoIf1YOBAm37kEUOKR41ieUZm7ZJ/ugc-photo-ap-southeast-1-581603780057-acd24e232f75f09e/REVIEW/126918960_REVIEW_1751876357362_0583ee8c50008d82?_src=imagekit&tr=c-at_max,h-100,q-40,w-100","https://ik.imagekit.io/tvlk/ugc-review/guys1L+Yyer9kzI3sp-pb0CG1j2bhflZGFUZOoIf1YOBAm37kEUOKR41ieUZm7ZJ/ugc-photo-ap-southeast-1-581603780057-acd24e232f75f09e/REVIEW/126918960_REVIEW_1751876357362_d114923ea49dcc12?_src=imagekit&tr=c-at_max,h-100,q-40,w-100",,,,,,,,,,,,,,,,,,
https://www.traveloka.com/id-id/user/review/consumption/HOTEL/GENERAL/3000020007371,2,1,"It's first time hospitalized in Hotel Savero Depok, biasanya saya menginap di Grand Savero dan Savero Style Bogor. Karena ada urusan pagi hari di Depok, so we must hospitalized di hotel, saat masuk lobby disambut dengan baik dan ramah, check in & checkout juga very fast dan ramah.
Kamar bersih, AC dingin, cuma bantal yang panjang saran saya sudah harus diganti ya karena busanya dah peot haha dan kamar mandi juga bersih, air banyak lancar.
Breakfast enak dan bervariasi but kurang panas ya, suggest disajikan ke customer dalam keadaan panas seperti lauk, sosis dan spageti, hot cappucino dibikin sama mba pelayannya tampilannya cantik seperti di cafe, thank you btw.
So the conclusion I will visit again to Savero Depok, hopefully there's promo for me ya.",Diulas 46 minggu lalu,"https://ik.imagekit.io/tvlk/ugc-review/guys1L+Yyer9kzI3sp-pb0CG1j2bhflZGFUZOoIf1YOBAm37kEUOKR41ieUZm7ZJ/ugc-photo-ap-southeast-1-581603780057-acd24e232f75f09e/REVIEW/91298031_REVIEW_1750756529005_f31bf40a98438767?_src=imagekit&tr=c-at_max,h-100,q-40,w-100",,,,,,,,,,,,,,,,,,,
https://www.traveloka.com/id-id/user/review/consumption/HOTEL/GENERAL/3000020007371,2,2,"Menginap disini dengan tujuan dapat ikut CFD di Margonda Depok dan tinggal keluar Hotel saja bisa langsung jalan² CFD , Lokasi Hotel sangat strategis , Kamar 807 kekurangannya AC nya bocor tapi tidak parah , Parkir mobil agak susah tapi terbantu oleh fasilitas Vallet Gratis oleh Petugas Hotel , Pelayanan Ramah. Terima Kasih.",Diulas 48 minggu lalu,"https://ik.imagekit.io/tvlk/ugc-review/guys1L+Yyer9kzI3sp-pb0CG1j2bhflZGFUZOoIf1YOBAm37kEUOKR41ieUZm7ZJ/ugc-photo-ap-southeast-1-581603780057-acd24e232f75f09e/REVIEW/8559404_REVIEW_1749426358869_ca97ba647760fe36?_src=imagekit&tr=c-at_max,h-100,q-40,w-100","https://ik.imagekit.io/tvlk/ugc-review/guys1L+Yyer9kzI3sp-pb0CG1j2bhflZGFUZOoIf1YOBAm37kEUOKR41ieUZm7ZJ/ugc-photo-ap-southeast-1-581603780057-acd24e232f75f09e/REVIEW/8559404_REVIEW_1749426358869_0f3189a082e07e72?_src=imagekit&tr=c-at_max,h-100,q-40,w-100","https://ik.imagekit.io/tvlk/ugc-review/guys1L+Yyer9kzI3sp-pb0CG1j2bhflZGFUZOoIf1YOBAm37kEUOKR41ieUZm7ZJ/ugc-photo-ap-southeast-1-581603780057-acd24e232f75f09e/REVIEW/8559404_REVIEW_1749426358869_8a7a4c5a725c6f01?_src=imagekit&tr=c-at_max,h-100,q-40,w-100",,,,,,,,,,,,,,,,,
https://www.traveloka.com/id-id/user/review/consumption/HOTEL/GENERAL/3000020007371,2,3,"proses check in nya cepat, kamarnya juga nyaman",Diulas 49 minggu lalu,"https://ik.imagekit.io/tvlk/ugc-review/guys1L+Yyer9kzI3sp-pb0CG1j2bhflZGFUZOoIf1YOBAm37kEUOKR41ieUZm7ZJ/ugc-photo-ap-southeast-1-581603780057-acd24e232f75f09e/REVIEW/8714863_REVIEW_1748944248396_e4e12b09af5e6fd0?_src=imagekit&tr=c-at_max,h-100,q-40,w-100",,,,,,,,,,,,,,,,,,,
https://www.traveloka.com/id-id/user/review/consumption/HOTEL/GENERAL/3000020007371,2,4,"Mantap deh pokoknya, makanan enak, hotel-nya rapi, staff-nya juga baik-baik",Diulas 50 minggu lalu,"https://ik.imagekit.io/tvlk/ugc-review/guys1L+Yyer9kzI3sp-pb0CG1j2bhflZGFUZOoIf1YOBAm37kEUOKR41ieUZm7ZJ/ugc-photo-ap-southeast-1-581603780057-acd24e232f75f09e/REVIEW/156847451_REVIEW_1748176138040_97eb2f327f26ad32?_src=imagekit&tr=c-at_max,h-100,q-40,w-100","https://ik.imagekit.io/tvlk/ugc-review/guys1L+Yyer9kzI3sp-pb0CG1j2bhflZGFUZOoIf1YOBAm37kEUOKR41ieUZm7ZJ/ugc-photo-ap-southeast-1-581603780057-acd24e232f75f09e/REVIEW/156847451_REVIEW_1748176138039_09a868583aaceb00?_src=imagekit&tr=c-at_max,h-100,q-40,w-100","https://ik.imagekit.io/tvlk/ugc-review/guys1L+Yyer9kzI3sp-pb0CG1j2bhflZGFUZOoIf1YOBAm37kEUOKR41ieUZm7ZJ/ugc-photo-ap-southeast-1-581603780057-acd24e232f75f09e/REVIEW/156847451_REVIEW_1748176138039_f1515419aad77e68?_src=imagekit&tr=c-at_max,h-100,q-40,w-100",,,,,,,,,,,,,,,,,
https://www.traveloka.com/id-id/user/review/consumption/HOTEL/GENERAL/3000020007371,2,5,"Kamarnya bagus banget, tema dan konsep klasiknya dapat banget. Cuma memang enggak terlalu terang jadinya, nyaman buat tidur. Lokasinya strategis, banyak tempat makan di sekitar.",Diulas 51 minggu lalu,"https://ik.imagekit.io/tvlk/ugc-review/guys1L+Yyer9kzI3sp-pb0CG1j2bhflZGFUZOoIf1YOBAm37kEUOKR41ieUZm7ZJ/ugc-photo-ap-southeast-1-581603780057-acd24e232f75f09e/REVIEW/252957877_REVIEW_1747668404811_6dd87a2d7d0a034a?_src=imagekit&tr=c-at_max,h-100,q-40,w-100","https://ik.imagekit.io/tvlk/ugc-review/guys1L+Yyer9kzI3sp-pb0CG1j2bhflZGFUZOoIf1YOBAm37kEUOKR41ieUZm7ZJ/ugc-photo-ap-southeast-1-581603780057-acd24e232f75f09e/REVIEW/252957877_REVIEW_1747668404811_4999a64707332d40?_src=imagekit&tr=c-at_max,h-100,q-40,w-100","https://ik.imagekit.io/tvlk/ugc-review/guys1L+Yyer9kzI3sp-pb0CG1j2bhflZGFUZOoIf1YOBAm37kEUOKR41ieUZm7ZJ/ugc-photo-ap-southeast-1-581603780057-acd24e232f75f09e/REVIEW/252957877_REVIEW_1747668404812_d0e60cde99b7a533?_src=imagekit&tr=c-at_max,h-100,q-40,w-100",,,,,,,,,,,,,,,,,
https://www.traveloka.com/id-id/user/review/consumption/HOTEL/GENERAL/3000020007371,2,6,"Menginep semalem krn besok paginya anter anak SNBT jam 05.45 hrs sdh di lokasi. Tidur nyaman, jarak dekat UI, staf helpfull. Pokoknya menyenangkan. next time mau coba makanannya. area parkirnya ditambah yaaa. Terima kasih",Diulas 53 minggu lalu,"https://ik.imagekit.io/tvlk/ugc-review/guys1L+Yyer9kzI3sp-pb0CG1j2bhflZGFUZOoIf1YOBAm37kEUOKR41ieUZm7ZJ/ugc-photo-ap-southeast-1-581603780057-acd24e232f75f09e/REVIEW/173742186_REVIEW_1746256657612_5da52e5c9853839c?_src=imagekit&tr=c-at_max,h-100,q-40,w-100",,,,,,,,,,,,,,,,,,,
https://www.traveloka.com/id-id/user/review/consumption/HOTEL/GENERAL/3000020007371,2,7,staff Rama view bagus pokonya pas aja 509 apalagi 👍,Diulas 55 minggu lalu,"https://ik.imagekit.io/tvlk/ugc-review/guys1L+Yyer9kzI3sp-pb0CG1j2bhflZGFUZOoIf1YOBAm37kEUOKR41ieUZm7ZJ/ugc-photo-ap-southeast-1-581603780057-acd24e232f75f09e/REVIEW/21337071_REVIEW_1745198180342_f6a4e0e3e8136580?_src=imagekit&tr=c-at_max,h-100,q-40,w-100",,,,,,,,,,,,,,,,,,,
https://www.traveloka.com/id-id/user/review/consumption/HOTEL/GENERAL/3000020007371,2,8,Sorry gambar gak sesuai tapi saya selalu puas kalau staycation di Savero... Cuma menu breakfast main course-nya perlu improvement aja... Kurang bervariasi menurut saya... But overall okay banget. Thanks Savero Depok,Diulas 55 minggu lalu,"https://ik.imagekit.io/tvlk/ugc-review/guys1L+Yyer9kzI3sp-pb0CG1j2bhflZGFUZOoIf1YOBAm37kEUOKR41ieUZm7ZJ/ugc-photo-ap-southeast-1-581603780057-acd24e232f75f09e/REVIEW/308932544_REVIEW_1744780531583_19bb5203a4e9baa3?_src=imagekit&tr=c-at_max,h-100,q-40,w-100",,,,,,,,,,,,,,,,,,,
https://www.traveloka.com/id-id/user/review/consumption/HOTEL/GENERAL/3000020007371,2,9,pelayanannya ramah dan nyaman sekali menginap disini,Diulas 57 minggu lalu,"https://ik.imagekit.io/tvlk/ugc-review/guys1L+Yyer9kzI3sp-pb0CG1j2bhflZGFUZOoIf1YOBAm37kEUOKR41ieUZm7ZJ/ugc-photo-ap-southeast-1-581603780057-acd24e232f75f09e/REVIEW/186936431_REVIEW_1743988529028_92741ca32772dc33?_src=imagekit&tr=c-at_max,h-100,q-40,w-100",,,,,,,,,,,,,,,,,,,
https://www.traveloka.com/id-id/user/review/consumption/HOTEL/GENERAL/3000020007371,2,10,"Check-in lancar, hanya perlu kasih lihat KTP, lalu ada deposit cash 100 ribu rupiah yang nanti dikembalikan pas check-out. Area luar hotel ramai, dekat dari Mal Margo City. Banyak tempat makan dan dekat sama Indomart juga. Jarak ke stasiun Depok juga dekat. Aksesnya gampang.",Diulas 57 minggu lalu,"https://ik.imagekit.io/tvlk/ugc-review/guys1L+Yyer9kzI3sp-pb0CG1j2bhflZGFUZOoIf1YOBAm37kEUOKR41ieUZm7ZJ/ugc-photo-ap-southeast-1-581603780057-acd24e232f75f09e/REVIEW/11897067_REVIEW_1743945491665_26bd77b641029244?_src=imagekit&tr=c-at_max,h-100,q-40,w-100","https://ik.imagekit.io/tvlk/ugc-review/guys1L+Yyer9kzI3sp-pb0CG1j2bhflZGFUZOoIf1YOBAm37kEUOKR41ieUZm7ZJ/ugc-photo-ap-southeast-1-581603780057-acd24e232f75f09e/REVIEW/11897067_REVIEW_1743945491665_6a7f54844d295f75?_src=imagekit&tr=c-at_max,h-100,q-40,w-100","https://ik.imagekit.io/tvlk/ugc-review/guys1L+Yyer9kzI3sp-pb0CG1j2bhflZGFUZOoIf1YOBAm37kEUOKR41ieUZm7ZJ/ugc-photo-ap-southeast-1-581603780057-acd24e232f75f09e/REVIEW/11897067_REVIEW_1743945491666_acba4556ba34ceaf?_src=imagekit&tr=c-at_max,h-100,q-40,w-100","https://ik.imagekit.io/tvlk/ugc-review/guys1L+Yyer9kzI3sp-pb0CG1j2bhflZGFUZOoIf1YOBAm37kEUOKR41ieUZm7ZJ/ugc-photo-ap-southeast-1-581603780057-acd24e232f75f09e/REVIEW/11897067_REVIEW_1743945491666_04d43f08140694f3?_src=imagekit&tr=c-at_max,h-100,q-40,w-100",,,,,,,,,,,,,,,,
https://www.traveloka.com/id-id/user/review/consumption/HOTEL/GENERAL/3000020007371,2,11,nyaman sekali serasa berada di rumah sendiri dan terjaga privasi,Diulas 58 minggu lalu,"https://ik.imagekit.io/tvlk/ugc-review/guys1L+Yyer9kzI3sp-pb0CG1j2bhflZGFUZOoIf1YOBAm37kEUOKR41ieUZm7ZJ/ugc-photo-ap-southeast-1-581603780057-acd24e232f75f09e/REVIEW/306857297_REVIEW_1742957867008_86c1afdcd4a6518a?_src=imagekit&tr=c-at_max,h-100,q-40,w-100","https://ik.imagekit.io/tvlk/ugc-review/guys1L+Yyer9kzI3sp-pb0CG1j2bhflZGFUZOoIf1YOBAm37kEUOKR41ieUZm7ZJ/ugc-photo-ap-southeast-1-581603780057-acd24e232f75f09e/REVIEW/306857297_REVIEW_1742957880995_46a3f556787fefac?_src=imagekit&tr=c-at_max,h-100,q-40,w-100",,,,,,,,,,,,,,,,,,
https://www.traveloka.com/id-id/user/review/consumption/HOTEL/GENERAL/3000020007371,2,12,Hotel yang sangat mendasar dengan harga mahal. Tidak ada kolam renang dan di pusat kebugaran hanya ada treadmill dan satu dumbel. Sarapannya mendasar dan tidak banyak variasinya.,Diulas 64 minggu lalu,"https://ik.imagekit.io/tvlk/ugc-review/guys1L+Yyer9kzI3sp-pb0CG1j2bhflZGFUZOoIf1YOBAm37kEUOKR41ieUZm7ZJ/ugc-photo-ap-southeast-1-581603780057-acd24e232f75f09e/REVIEW/4730118_REVIEW_1739585456813_b00e77eb34301128?_src=imagekit&tr=c-at_max,h-100,q-40,w-100",,,,,,,,,,,,,,,,,,,
https://www.traveloka.com/id-id/user/review/consumption/HOTEL/GENERAL/3000020007371,2,13,"Kamar tidur dan kamar mandinya bersih, kering, juga tidak kotor atau berdebu, staff-nya ramah. Untuk kamarnya banyak cermin. Rekomendasi buat yang mau istirahat di sini karena banyak tempat makan di sekitar hotel. Hanya saja, dapat kamar yang ada pintunya, seperti-nya connecting room sebelumnya.",Diulas 71 minggu lalu,"https://ik.imagekit.io/tvlk/ugc-review/guys1L+Yyer9kzI3sp-pb0CG1j2bhflZGFUZOoIf1YOBAm37kEUOKR41ieUZm7ZJ/ugc-photo-ap-southeast-1-581603780057-acd24e232f75f09e/REVIEW/257722437_REVIEW_1735182850866_9820a3f9f18112ba?_src=imagekit&tr=c-at_max,h-100,q-40,w-100",,,,,,,,,,,,,,,,,,,
https://www.traveloka.com/id-id/user/review/consumption/HOTEL/GENERAL/3000020007371,2,14,"Bersih, rapi, makannya banyak variasi dan enak",Diulas 75 minggu lalu,"https://ik.imagekit.io/tvlk/ugc-review/guys1L+Yyer9kzI3sp-pb0CG1j2bhflZGFUZOoIf1YOBAm37kEUOKR41ieUZm7ZJ/ugc-photo-ap-southeast-1-581603780057-acd24e232f75f09e/REVIEW/19290408_REVIEW_1733014887925_8dda2467b8900c83?_src=imagekit&tr=c-at_max,h-100,q-40,w-100",,,,,,,,,,,,,,,,,,,
https://www.traveloka.com/id-id/user/review/consumption/HOTEL/GENERAL/3000020007371,2,15,"Room-nya bersih, staff-nya ramah, sarapannya oke, teh tariknya enaknya bikin nagih...👍🙏",Diulas 80 minggu lalu,"https://ik.imagekit.io/tvlk/ugc-review/guys1L+Yyer9kzI3sp-pb0CG1j2bhflZGFUZOoIf1YOBAm37kEUOKR41ieUZm7ZJ/ugc-photo-ap-southeast-1-581603780057-acd24e232f75f09e/REVIEW/258407034_REVIEW_1730081481516_826644b465127bca?_src=imagekit&tr=c-at_max,h-100,q-40,w-100",,,,,,,,,,,,,,,,,,,
https://www.traveloka.com/id-id/user/review/consumption/HOTEL/GENERAL/3000020007371,2,16,"Kamarnya nyaman, shower kencang dan water heater mudah digunakan. Kids friendly. Menu makanan beragam.",Diulas 86 minggu lalu,"https://ik.imagekit.io/tvlk/ugc-review/guys1L+Yyer9kzI3sp-pb0CG1j2bhflZGFUZOoIf1YOBAm37kEUOKR41ieUZm7ZJ/ugc-photo-ap-southeast-1-581603780057-acd24e232f75f09e/REVIEW/5096772_REVIEW_1726367042029_d445c6ad51ac5d91?_src=imagekit&tr=c-at_max,h-100,q-40,w-100",,,,,,,,,,,,,,,,,,,
https://www.traveloka.com/id-id/user/review/consumption/HOTEL/GENERAL/3000020007371,2,17,"Pelayanan check in cepat, untuk sarapan bisa take away diambil jam 6, untuk handuk dan bed cover agak pudar, tapi kasur dan bantalnya sangat nyaman. Ketinggian lantai dan plafond tinggi hingga kamar terasa lapang, selebihnya nyaman, untuk tipe superior non smoking room 807 🙏🙏",Diulas 89 minggu lalu,"https://ik.imagekit.io/tvlk/ugc-review/guys1L+Yyer9kzI3sp-pb0CG1j2bhflZGFUZOoIf1YOBAm37kEUOKR41ieUZm7ZJ/ugc-photo-ap-southeast-1-581603780057-acd24e232f75f09e/REVIEW/94031521_REVIEW_1724662030261_cbbaabcfbbeddb84?_src=imagekit&tr=c-at_max,h-100,q-40,w-100","https://ik.imagekit.io/tvlk/ugc-review/guys1L+Yyer9kzI3sp-pb0CG1j2bhflZGFUZOoIf1YOBAm37kEUOKR41ieUZm7ZJ/ugc-photo-ap-southeast-1-581603780057-acd24e232f75f09e/REVIEW/94031521_REVIEW_1724662030261_dbe35e8631690c06?_src=imagekit&tr=c-at_max,h-100,q-40,w-100","https://ik.imagekit.io/tvlk/ugc-review/guys1L+Yyer9kzI3sp-pb0CG1j2bhflZGFUZOoIf1YOBAm37kEUOKR41ieUZm7ZJ/ugc-photo-ap-southeast-1-581603780057-acd24e232f75f09e/REVIEW/94031521_REVIEW_1724662030261_4bc25b7b4431b9ae?_src=imagekit&tr=c-at_max,h-100,q-40,w-100",,,,,,,,,,,,,,,,,
https://www.traveloka.com/id-id/user/review/consumption/HOTEL/GENERAL/3000020007371,2,18,"Diterima dengan ramah walaupun belum waktu check-in, tetapi sudah diadministrasi sambil menunggu kamar siap. Staff-nya ramah-ramah dan cepat diminta bantuan, staf restoran juga dilayani banget, kita butuh apa diantarkan.",Diulas 89 minggu lalu,"https://ik.imagekit.io/tvlk/ugc-review/guys1L+Yyer9kzI3sp-pb0CG1j2bhflZGFUZOoIf1YOBAm37kEUOKR41ieUZm7ZJ/ugc-photo-ap-southeast-1-581603780057-acd24e232f75f09e/REVIEW/194541098_REVIEW_1724390300661_e048b02b73744409?_src=imagekit&tr=c-at_max,h-100,q-40,w-100",,,,,,,,,,,,,,,,,,,
https://www.traveloka.com/id-id/user/review/consumption/HOTEL/GENERAL/3000020007371,2,19,"Saya sangat menyukai pemandangannya, saluran TV-nya, dan makanannya di restoran, terutama sarapannya. Masalahnya hanya pada wifi yang kadang-kadang hilang timbul. Secara keseluruhan, semuanya tampak bagus.",Diulas 93 minggu lalu,"https://ik.imagekit.io/tvlk/ugc-review/guys1L+Yyer9kzI3sp-pb0CG1j2bhflZGFUZOoIf1YOBAm37kEUOKR41ieUZm7ZJ/ugc-photo-ap-southeast-1-581603780057-acd24e232f75f09e/REVIEW/73094207_REVIEW_1721911537815_379939b5b871a981?_src=imagekit&tr=c-at_max,h-100,q-40,w-100","https://ik.imagekit.io/tvlk/ugc-review/guys1L+Yyer9kzI3sp-pb0CG1j2bhflZGFUZOoIf1YOBAm37kEUOKR41ieUZm7ZJ/ugc-photo-ap-southeast-1-581603780057-acd24e232f75f09e/REVIEW/73094207_REVIEW_1721911537816_0a1cdf561a19e4a5?_src=imagekit&tr=c-at_max,h-100,q-40,w-100",,,,,,,,,,,,,,,,,,
https://www.traveloka.com/id-id/user/review/consumption/HOTEL/GENERAL/3000020007371,2,20,"Sangat rekomendasi untuk mengajak saudara, keluarga, handai taulan. Kamar luas, eksentrik, makanan enak, pelayanan memuaskan.",Diulas 95 minggu lalu,"https://ik.imagekit.io/tvlk/ugc-review/guys1L+Yyer9kzI3sp-pb0CG1j2bhflZGFUZOoIf1YOBAm37kEUOKR41ieUZm7ZJ/ugc-photo-ap-southeast-1-581603780057-acd24e232f75f09e/REVIEW/10726365_REVIEW_1720580667454_60403039214ea497?_src=imagekit&tr=c-at_max,h-100,q-40,w-100",,,,,,,,,,,,,,,,,,,
https://www.traveloka.com/id-id/user/review/consumption/HOTEL/GENERAL/3000020007371,3,1,Mantap sangat baik dan cepat pelayanannya.,Diulas 97 minggu lalu,"https://ik.imagekit.io/tvlk/ugc-review/guys1L+Yyer9kzI3sp-pb0CG1j2bhflZGFUZOoIf1YOBAm37kEUOKR41ieUZm7ZJ/ugc-photo-ap-southeast-1-581603780057-acd24e232f75f09e/REVIEW/220588229_REVIEW_1719675204768_3b106c12b9906419?_src=imagekit&tr=c-at_max,h-100,q-40,w-100",,,,,,,,,,,,,,,,,,,
https://www.traveloka.com/id-id/user/review/consumption/HOTEL/GENERAL/3000020007371,3,2,"Nyaman, bersih. Dan staff nya sngat baik",Diulas 100 minggu lalu,"https://ik.imagekit.io/tvlk/ugc-review/guys1L+Yyer9kzI3sp-pb0CG1j2bhflZGFUZOoIf1YOBAm37kEUOKR41ieUZm7ZJ/ugc-photo-ap-southeast-1-581603780057-acd24e232f75f09e/REVIEW/5591371_REVIEW_1717955021854_74ea93ef40117db3?_src=imagekit&tr=c-at_max,h-100,q-40,w-100",,,,,,,,,,,,,,,,,,,
https://www.traveloka.com/id-id/user/review/consumption/HOTEL/GENERAL/3000020007371,3,3,"Kasurnya keras, entah kasur atau sprei yang buat badan pada gatel”, kamarnya serem dan ada kunti yang jail banget digangguin terus 😩😭",Diulas 101 minggu lalu,"https://ik.imagekit.io/tvlk/ugc-review/guys1L+Yyer9kzI3sp-pb0CG1j2bhflZGFUZOoIf1YOBAm37kEUOKR41ieUZm7ZJ/ugc-photo-ap-southeast-1-581603780057-acd24e232f75f09e/REVIEW/4205526_REVIEW_1717302876697_466b245ae938dbcb?_src=imagekit&tr=c-at_max,h-100,q-40,w-100",,,,,,,,,,,,,,,,,,,
https://www.traveloka.com/id-id/user/review/consumption/HOTEL/GENERAL/3000020007371,3,4,Sangat menyenangkan dan kamar begitu luas. Pelayanan ramah. Hanya saja air mineral yang tersedia hanya dua untuk ruangan segede itu. Sediaan shower gel dan shampoo sedikit.,Diulas 102 minggu lalu,"https://ik.imagekit.io/tvlk/ugc-review/guys1L+Yyer9kzI3sp-pb0CG1j2bhflZGFUZOoIf1YOBAm37kEUOKR41ieUZm7ZJ/ugc-photo-ap-southeast-1-581603780057-acd24e232f75f09e/REVIEW/314876965_REVIEW_1716736410087_c8538217dc055cb9?_src=imagekit&tr=c-at_max,h-80,q-40,w-80","https://ik.imagekit.io/tvlk/ugc-review/guys1L+Yyer9kzI3sp-pb0CG1j2bhflZGFUZOoIf1YOBAm37kEUOKR41ieUZm7ZJ/ugc-photo-ap-southeast-1-581603780057-acd24e232f75f09e/REVIEW/314876965_REVIEW_1716736410087_596c9c4b8f5f169d?_src=imagekit&tr=c-at_max,h-80,q-40,w-80","https://ik.imagekit.io/tvlk/ugc-review/guys1L+Yyer9kzI3sp-pb0CG1j2bhflZGFUZOoIf1YOBAm37kEUOKR41ieUZm7ZJ/ugc-photo-ap-southeast-1-581603780057-acd24e232f75f09e/REVIEW/314876965_REVIEW_1716736410087_fafff850647361ec?_src=imagekit&tr=c-at_max,h-80,q-40,w-80","https://ik.imagekit.io/tvlk/ugc-review/guys1L+Yyer9kzI3sp-pb0CG1j2bhflZGFUZOoIf1YOBAm37kEUOKR41ieUZm7ZJ/ugc-photo-ap-southeast-1-581603780057-acd24e232f75f09e/REVIEW/314876965_REVIEW_1716736410086_9ee5c8e4b157fd91?_src=imagekit&tr=c-at_max,h-80,q-40,w-80","https://ik.imagekit.io/tvlk/ugc-review/guys1L+Yyer9kzI3sp-pb0CG1j2bhflZGFUZOoIf1YOBAm37kEUOKR41ieUZm7ZJ/ugc-photo-ap-southeast-1-581603780057-acd24e232f75f09e/REVIEW/314876965_REVIEW_1716736410085_4bab5f63da71bffc?_src=imagekit&tr=c-at_max,h-80,q-40,w-80","https://ik.imagekit.io/tvlk/ugc-review/guys1L+Yyer9kzI3sp-pb0CG1j2bhflZGFUZOoIf1YOBAm37kEUOKR41ieUZm7ZJ/ugc-photo-ap-southeast-1-581603780057-acd24e232f75f09e/REVIEW/314876965_REVIEW_1716736410085_f66b4262fce7e2e7?_src=imagekit&tr=c-at_max,h-80,q-40,w-80","https://ik.imagekit.io/tvlk/ugc-review/guys1L+Yyer9kzI3sp-pb0CG1j2bhflZGFUZOoIf1YOBAm37kEUOKR41ieUZm7ZJ/ugc-photo-ap-southeast-1-581603780057-acd24e232f75f09e/REVIEW/314876965_REVIEW_1716736410087_d96e789e617cca18?_src=imagekit&tr=c-at_max,h-80,q-40,w-80","https://ik.imagekit.io/tvlk/ugc-review/guys1L+Yyer9kzI3sp-pb0CG1j2bhflZGFUZOoIf1YOBAm37kEUOKR41ieUZm7ZJ/ugc-photo-ap-southeast-1-581603780057-acd24e232f75f09e/REVIEW/314876965_REVIEW_1716736410086_5ddfeb979a6366fb?_src=imagekit&tr=c-at_max,h-80,q-40,w-80","https://ik.imagekit.io/tvlk/ugc-review/guys1L+Yyer9kzI3sp-pb0CG1j2bhflZGFUZOoIf1YOBAm37kEUOKR41ieUZm7ZJ/ugc-photo-ap-southeast-1-581603780057-acd24e232f75f09e/REVIEW/314876965_REVIEW_1716736410086_6984c8ee9d077bee?_src=imagekit&tr=c-at_max,h-80,q-40,w-80","https://ik.imagekit.io/tvlk/ugc-review/guys1L+Yyer9kzI3sp-pb0CG1j2bhflZGFUZOoIf1YOBAm37kEUOKR41ieUZm7ZJ/ugc-photo-ap-southeast-1-581603780057-acd24e232f75f09e/REVIEW/314876965_REVIEW_1716736410086_8531273b5f9f0363?_src=imagekit&tr=c-at_max,h-80,q-40,w-80",,,,,,,,,,
https://www.traveloka.com/id-id/user/review/consumption/HOTEL/GENERAL/3000020007371,3,5,"Suka sama konsep design interiornya yang Classic, kamar nya bersih, staff nya juga helpful semua. Makanannya enak. Cuma karena saya dapet kamar di 820 sampingan banget sama staff room jadi agak berisik. Selebihnya sih ok bagus satisfied",Diulas 102 minggu lalu,"https://ik.imagekit.io/tvlk/ugc-review/guys1L+Yyer9kzI3sp-pb0CG1j2bhflZGFUZOoIf1YOBAm37kEUOKR41ieUZm7ZJ/ugc-photo-ap-southeast-1-581603780057-acd24e232f75f09e/REVIEW/90784992_REVIEW_1716557588867_d2287799e0755ab3?_src=imagekit&tr=c-at_max,h-100,q-40,w-100","https://ik.imagekit.io/tvlk/ugc-review/guys1L+Yyer9kzI3sp-pb0CG1j2bhflZGFUZOoIf1YOBAm37kEUOKR41ieUZm7ZJ/ugc-photo-ap-southeast-1-581603780057-acd24e232f75f09e/REVIEW/90784992_REVIEW_1716557588867_629b227a828c7241?_src=imagekit&tr=c-at_max,h-100,q-40,w-100","https://ik.imagekit.io/tvlk/ugc-review/guys1L+Yyer9kzI3sp-pb0CG1j2bhflZGFUZOoIf1YOBAm37kEUOKR41ieUZm7ZJ/ugc-photo-ap-southeast-1-581603780057-acd24e232f75f09e/REVIEW/90784992_REVIEW_1716557588868_6da6ef20422a7d08?_src=imagekit&tr=c-at_max,h-100,q-40,w-100","https://ik.imagekit.io/tvlk/ugc-review/guys1L+Yyer9kzI3sp-pb0CG1j2bhflZGFUZOoIf1YOBAm37kEUOKR41ieUZm7ZJ/ugc-photo-ap-southeast-1-581603780057-acd24e232f75f09e/REVIEW/90784992_REVIEW_1716557588868_429c6a0002eb3a5b?_src=imagekit&tr=c-at_max,h-100,q-40,w-100",,,,,,,,,,,,,,,,
https://www.traveloka.com/id-id/user/review/consumption/HOTEL/GENERAL/3000020007371,3,6,Very very nice. Dari pelayanan. Room. Sampai menu. So perfect 👍.,Diulas 104 minggu lalu,"https://ik.imagekit.io/tvlk/ugc-review/guys1L+Yyer9kzI3sp-pb0CG1j2bhflZGFUZOoIf1YOBAm37kEUOKR41ieUZm7ZJ/ugc-photo-ap-southeast-1-581603780057-acd24e232f75f09e/REVIEW/270026188_REVIEW_1715488281584_74ac2688a1ea5587?_src=imagekit&tr=c-at_max,h-100,q-40,w-100","https://ik.imagekit.io/tvlk/ugc-review/guys1L+Yyer9kzI3sp-pb0CG1j2bhflZGFUZOoIf1YOBAm37kEUOKR41ieUZm7ZJ/ugc-photo-ap-southeast-1-581603780057-acd24e232f75f09e/REVIEW/270026188_REVIEW_1715488281584_b74d492bbf28a8dc?_src=imagekit&tr=c-at_max,h-100,q-40,w-100","https://ik.imagekit.io/tvlk/ugc-review/guys1L+Yyer9kzI3sp-pb0CG1j2bhflZGFUZOoIf1YOBAm37kEUOKR41ieUZm7ZJ/ugc-photo-ap-southeast-1-581603780057-acd24e232f75f09e/REVIEW/270026188_REVIEW_1715488281584_e7bee055b79f046e?_src=imagekit&tr=c-at_max,h-100,q-40,w-100","https://ik.imagekit.io/tvlk/ugc-review/guys1L+Yyer9kzI3sp-pb0CG1j2bhflZGFUZOoIf1YOBAm37kEUOKR41ieUZm7ZJ/ugc-photo-ap-southeast-1-581603780057-acd24e232f75f09e/REVIEW/270026188_REVIEW_1715488281583_3e57945af11c0c51?_src=imagekit&tr=c-at_max,h-100,q-40,w-100","https://ik.imagekit.io/tvlk/ugc-review/guys1L+Yyer9kzI3sp-pb0CG1j2bhflZGFUZOoIf1YOBAm37kEUOKR41ieUZm7ZJ/ugc-photo-ap-southeast-1-581603780057-acd24e232f75f09e/REVIEW/270026188_REVIEW_1715488281584_ca8ea9a19cffae0a?_src=imagekit&tr=c-at_max,h-100,q-40,w-100","https://ik.imagekit.io/tvlk/ugc-review/guys1L+Yyer9kzI3sp-pb0CG1j2bhflZGFUZOoIf1YOBAm37kEUOKR41ieUZm7ZJ/ugc-photo-ap-southeast-1-581603780057-acd24e232f75f09e/REVIEW/270026188_REVIEW_1715488281585_2fc7d40f27eca480?_src=imagekit&tr=c-at_max,h-100,q-40,w-100",,,,,,,,,,,,,,
https://www.traveloka.com/id-id/user/review/consumption/HOTEL/GENERAL/3000020007371,3,7,"Saya sangat menikmati menginap di hotel ini. Tidak pernah mengecewakan saya. Saya memesan kamar tipe Deluxe dan kamarnya sangat luas dan nyaman. Di kamar tersebut, terdapat kulkas mini sehingga saya dapat menaruh minuman saya di sana agar dingin. Selain itu, pencahayaannya sendiri membuat tidur saya semakin nyaman. Untuk kamar mandinya, sangat bersih. Untuk staf hotelnya, mereka sangat ramah dan membantu.",Diulas 106 minggu lalu,"https://ik.imagekit.io/tvlk/ugc-review/guys1L+Yyer9kzI3sp-pb0CG1j2bhflZGFUZOoIf1YOBAm37kEUOKR41ieUZm7ZJ/ugc-photo-ap-southeast-1-581603780057-acd24e232f75f09e/REVIEW/203762492_REVIEW_1713975534427_4270e77cb77115d2?_src=imagekit&tr=c-at_max,h-100,q-40,w-100","https://ik.imagekit.io/tvlk/ugc-review/guys1L+Yyer9kzI3sp-pb0CG1j2bhflZGFUZOoIf1YOBAm37kEUOKR41ieUZm7ZJ/ugc-photo-ap-southeast-1-581603780057-acd24e232f75f09e/REVIEW/203762492_REVIEW_1713975534427_9dfea651345adc6a?_src=imagekit&tr=c-at_max,h-100,q-40,w-100",,,,,,,,,,,,,,,,,,
https://www.traveloka.com/id-id/user/review/consumption/HOTEL/GENERAL/3000020007371,3,8,"Menginap saat lebaran ada fasilitas bermain anak juga, cuma kurang kolam berenang aja",Diulas 108 minggu lalu,"https://ik.imagekit.io/tvlk/ugc-review/guys1L+Yyer9kzI3sp-pb0CG1j2bhflZGFUZOoIf1YOBAm37kEUOKR41ieUZm7ZJ/ugc-photo-ap-southeast-1-581603780057-acd24e232f75f09e/ACCOMMODATION/221103606_ACCOMMODATION_1713073982842_2425ae7cb2797e28?_src=imagekit&tr=c-at_max,h-100,q-40,w-100","https://ik.imagekit.io/tvlk/ugc-review/guys1L+Yyer9kzI3sp-pb0CG1j2bhflZGFUZOoIf1YOBAm37kEUOKR41ieUZm7ZJ/ugc-photo-ap-southeast-1-581603780057-acd24e232f75f09e/ACCOMMODATION/221103606_ACCOMMODATION_1713073982843_b281236e57b5fbae?_src=imagekit&tr=c-at_max,h-100,q-40,w-100","https://ik.imagekit.io/tvlk/ugc-review/guys1L+Yyer9kzI3sp-pb0CG1j2bhflZGFUZOoIf1YOBAm37kEUOKR41ieUZm7ZJ/ugc-photo-ap-southeast-1-581603780057-acd24e232f75f09e/ACCOMMODATION/221103606_ACCOMMODATION_1713073982842_85e085b88f9d455c?_src=imagekit&tr=c-at_max,h-100,q-40,w-100","https://ik.imagekit.io/tvlk/ugc-review/guys1L+Yyer9kzI3sp-pb0CG1j2bhflZGFUZOoIf1YOBAm37kEUOKR41ieUZm7ZJ/ugc-photo-ap-southeast-1-581603780057-acd24e232f75f09e/ACCOMMODATION/221103606_ACCOMMODATION_1713073982843_53ed1f9566208778?_src=imagekit&tr=c-at_max,h-100,q-40,w-100","https://ik.imagekit.io/tvlk/ugc-review/guys1L+Yyer9kzI3sp-pb0CG1j2bhflZGFUZOoIf1YOBAm37kEUOKR41ieUZm7ZJ/ugc-photo-ap-southeast-1-581603780057-acd24e232f75f09e/ACCOMMODATION/221103606_ACCOMMODATION_1713073982844_3bd2a72d577a9d91?_src=imagekit&tr=c-at_max,h-100,q-40,w-100","https://ik.imagekit.io/tvlk/ugc-review/guys1L+Yyer9kzI3sp-pb0CG1j2bhflZGFUZOoIf1YOBAm37kEUOKR41ieUZm7ZJ/ugc-photo-ap-southeast-1-581603780057-acd24e232f75f09e/ACCOMMODATION/221103606_ACCOMMODATION_1713073982843_85de7656db1697f6?_src=imagekit&tr=c-at_max,h-100,q-40,w-100",,,,,,,,,,,,,,
https://www.traveloka.com/id-id/user/review/consumption/HOTEL/GENERAL/3000020007371,3,9,Saya parkir malam jm 9. Pagi jm 11 pas mau keluar mobil sda pda baret banyak tulisan. Ini real banget. Sangat kecewa. Dan tidak nyaman. Padahal begtu saya datang di cek ada pengamanan. Tapi kenapa bisa kejadian. Superr kecewa,Diulas 112 minggu lalu,"https://ik.imagekit.io/tvlk/ugc-review/guys1L+Yyer9kzI3sp-pb0CG1j2bhflZGFUZOoIf1YOBAm37kEUOKR41ieUZm7ZJ/ugc-photo-ap-southeast-1-581603780057-acd24e232f75f09e/REVIEW/317045875_REVIEW_1710322870054_1277c2a153fcd452?_src=imagekit&tr=c-at_max,h-100,q-40,w-100",,,,,,,,,,,,,,,,,,,
https://www.traveloka.com/id-id/user/review/consumption/HOTEL/GENERAL/3000020007371,3,10,Nyaman bersih rapi pelayanan ramah,Diulas 113 minggu lalu,"https://ik.imagekit.io/tvlk/ugc-review/guys1L+Yyer9kzI3sp-pb0CG1j2bhflZGFUZOoIf1YOBAm37kEUOKR41ieUZm7ZJ/ugc-photo-ap-southeast-1-581603780057-acd24e232f75f09e/REVIEW/164789186_REVIEW_1710218336899_2b401ca9d208ef94?_src=imagekit&tr=c-at_max,h-100,q-40,w-100",,,,,,,,,,,,,,,,,,,
https://www.traveloka.com/id-id/user/review/consumption/HOTEL/GENERAL/3000020007371,3,11,"Sempat kehilangan kunci kamar yang entah tercecer di mana, staff hotel sangat ramah & membantu sehingga langsung kami diberi kartu baru (walaupun tetap di-charge untuk penggantian kartu yang hilang).",Diulas 113 minggu lalu,"https://ik.imagekit.io/tvlk/ugc-review/guys1L+Yyer9kzI3sp-pb0CG1j2bhflZGFUZOoIf1YOBAm37kEUOKR41ieUZm7ZJ/ugc-photo-ap-southeast-1-581603780057-acd24e232f75f09e/REVIEW/209205798_REVIEW_1710031401028_6ec5a0eef21c469c?_src=imagekit&tr=c-at_max,h-100,q-40,w-100",,,,,,,,,,,,,,,,,,,
https://www.traveloka.com/id-id/user/review/consumption/HOTEL/GENERAL/3000020007371,3,12,"Saya sangat menikmati staycation di Savero Hotel Depok. Kamarnya bersih, wangi, akses TV-nya mudah. Ada hairdryer-nya. AC-nya juga dingin. Sarapan-nya enak. Thank you Savero ^_^",Diulas 119 minggu lalu,"https://ik.imagekit.io/tvlk/ugc-review/guys1L+Yyer9kzI3sp-pb0CG1j2bhflZGFUZOoIf1YOBAm37kEUOKR41ieUZm7ZJ/ugc-photo-ap-southeast-1-581603780057-acd24e232f75f09e/ACCOMMODATION/10157205_ACCOMMODATION_1706134238476_e1911a9c5da06130?_src=imagekit&tr=c-at_max,h-100,q-40,w-100","https://ik.imagekit.io/tvlk/ugc-review/guys1L+Yyer9kzI3sp-pb0CG1j2bhflZGFUZOoIf1YOBAm37kEUOKR41ieUZm7ZJ/ugc-photo-ap-southeast-1-581603780057-acd24e232f75f09e/ACCOMMODATION/10157205_ACCOMMODATION_1706134238475_b7506c7ed8f5699a?_src=imagekit&tr=c-at_max,h-100,q-40,w-100","https://ik.imagekit.io/tvlk/ugc-review/guys1L+Yyer9kzI3sp-pb0CG1j2bhflZGFUZOoIf1YOBAm37kEUOKR41ieUZm7ZJ/ugc-photo-ap-southeast-1-581603780057-acd24e232f75f09e/ACCOMMODATION/10157205_ACCOMMODATION_1706134238476_6b70d0ef6b182581?_src=imagekit&tr=c-at_max,h-100,q-40,w-100",,,,,,,,,,,,,,,,,
https://www.traveloka.com/id-id/user/review/consumption/HOTEL/GENERAL/3000020007371,3,13,"Menginap dadakan karena perlu ngobrol serius dengan sahabat, Savero selalu jadi pilihan. Entah sudah berapa kali menginap di sini, selalu puas dan service excellence. Diperlukan deposit secara tunai 100k saat check in. Proses check in cepat, kami request pinjam sajadah juga diantar ke kamar. Kamarnya lumayan luas dengan tema interior yang menarik. Kasur king koil yang nyaman dengan AC yang dingin. Saluran TV tidak terlalu banyak tapi memadai. Kami dapat view ke perumahan samping hotel. Kamar mandi dengan air panas yang lancar, tidak berbau, amenities kurang shower cap. Breakfast enak, apalagi croissant-nya, wangi butter. Kolak pisang sedikit kemanisan tapi enak. Nasi goreng, bubur ayam, sosis, ayam gulai semua enak. Staff sangat responsif melihat piring kosong. Ketika saya request es teh tarik, mereka langsung memberikan es batu dan teh tarik hangat. Appreciate!",Diulas 122 minggu lalu,"https://ik.imagekit.io/tvlk/ugc-review/guys1L+Yyer9kzI3sp-pb0CG1j2bhflZGFUZOoIf1YOBAm37kEUOKR41ieUZm7ZJ/ugc-photo-ap-southeast-1-581603780057-acd24e232f75f09e/ACCOMMODATION/5394014_ACCOMMODATION_1704578529714_b56287e7f0c331a0?_src=imagekit&tr=c-at_max,h-100,q-40,w-100","https://ik.imagekit.io/tvlk/ugc-review/guys1L+Yyer9kzI3sp-pb0CG1j2bhflZGFUZOoIf1YOBAm37kEUOKR41ieUZm7ZJ/ugc-photo-ap-southeast-1-581603780057-acd24e232f75f09e/ACCOMMODATION/5394014_ACCOMMODATION_1704578529714_4e4c3ef8447a54ab?_src=imagekit&tr=c-at_max,h-100,q-40,w-100",,,,,,,,,,,,,,,,,,
https://www.traveloka.com/id-id/user/review/consumption/HOTEL/GENERAL/3000020007371,3,14,"Hotelnya bagus, bersih, dan mewah, makanannya enak. Cuma kebersihan lantainya sedikit kurang bersih. Tapi tetap puas.",Diulas 122 minggu lalu,"https://ik.imagekit.io/tvlk/ugc-review/guys1L+Yyer9kzI3sp-pb0CG1j2bhflZGFUZOoIf1YOBAm37kEUOKR41ieUZm7ZJ/ugc-photo-ap-southeast-1-581603780057-acd24e232f75f09e/ACCOMMODATION/203507046_ACCOMMODATION_1704264299003_e3341ba42eece9fd?_src=imagekit&tr=c-at_max,h-100,q-40,w-100",,,,,,,,,,,,,,,,,,,
https://www.traveloka.com/id-id/user/review/consumption/HOTEL/GENERAL/3000020007371,3,15,"Hotelnya bersih, pelayanan ramah dan sigap, kamar bersih dan nyaman, AC-nya juara ya super dingin, kamar mandi bersih lengkap dengan peralatan mandi. Kamar kami sempat bocor AC-nya, tapi segera ditangani oleh pihak hotel. Kekurangannya hanya fasilitas parkiran mobilnya saja yang kurang memadai, tapi disediakan valet gratis, agak repot saja apabila saya perlu beberapa barang di mobil karena butuh waktu untuk mengambilnya. Saya senang karena semua staff murah senyum (semua), itu salah satu poin penting yang membuat kami akan kembali lagi menginap di Savero.",Diulas 123 minggu lalu,"https://ik.imagekit.io/tvlk/ugc-review/guys1L+Yyer9kzI3sp-pb0CG1j2bhflZGFUZOoIf1YOBAm37kEUOKR41ieUZm7ZJ/ugc-photo-ap-southeast-1-581603780057-acd24e232f75f09e/ACCOMMODATION/9427344_ACCOMMODATION_1704126198946_863edb036e7a48b4?_src=imagekit&tr=c-at_max,h-100,q-40,w-100",,,,,,,,,,,,,,,,,,,
https://www.traveloka.com/id-id/user/review/consumption/HOTEL/GENERAL/3000020007371,3,16,Saya suka cara staf memperlakukan saya dan juga sarapan yang disediakan ❤.,Diulas 125 minggu lalu,"https://ik.imagekit.io/tvlk/ugc-review/guys1L+Yyer9kzI3sp-pb0CG1j2bhflZGFUZOoIf1YOBAm37kEUOKR41ieUZm7ZJ/ugc-photo-ap-southeast-1-581603780057-acd24e232f75f09e/ACCOMMODATION/299866105_ACCOMMODATION_1702700694526_d0ee7d23fdf77754?_src=imagekit&tr=c-at_max,h-100,q-40,w-100","https://ik.imagekit.io/tvlk/ugc-review/guys1L+Yyer9kzI3sp-pb0CG1j2bhflZGFUZOoIf1YOBAm37kEUOKR41ieUZm7ZJ/ugc-photo-ap-southeast-1-581603780057-acd24e232f75f09e/ACCOMMODATION/299866105_ACCOMMODATION_1702700694527_8b8e6a59170849a8?_src=imagekit&tr=c-at_max,h-100,q-40,w-100",,,,,,,,,,,,,,,,,,
https://www.traveloka.com/id-id/user/review/consumption/HOTEL/GENERAL/3000020007371,3,17,"Alhamdulillah we had great experiences menginap di Savero Depok, begitu datang disambut oleh security yang membantu membukakan pintu mobil, membawakan barang & dibantu juga mobil kami diambil alih untuk diparkirkan. Check in cepat, karyawan hotel cukup ramah. Begitu masuk kamarnya, kami suka sekali dengan eksterior kamarnya yang cantik. Kamarnya juga luaass, meskipun kasurnya kurang besar tapi muat juga berdempetan tidur dengan anak-anak 😅 Saat malam beberapa kali terdengar seperti suara meja yang didorong-dorong hingga tengah malam, tapi tidak tahu tepatnya hingga jam berapa karena lelah & mengantuk sekali jadi saya tidak menghiraukan. Menu sarapan lumayan beragam, rasanya juga pas di lidah kami. Anak-anak juga sempat bermain di kids corner yang ada di dalam resto saat sarapan, saat check out kami juga diberikan kelonggaran waktu (setelah sebelumnya izin dulu) untuk melaksanakan sholat dzuhur. Overall kami puas menginap di Savero Depok, thank you Savero Depok & Traveloka. Kalo harus minep lagi di Depok, we'll back for sure to Savero 🫶✨️.",Diulas 127 minggu lalu,"https://ik.imagekit.io/tvlk/ugc-review/guys1L+Yyer9kzI3sp-pb0CG1j2bhflZGFUZOoIf1YOBAm37kEUOKR41ieUZm7ZJ/ugc-photo-ap-southeast-1-581603780057-acd24e232f75f09e/ACCOMMODATION/99829472_ACCOMMODATION_1701781167241_6ec855f0e1d0e6e8?_src=imagekit&tr=c-at_max,h-100,q-40,w-100","https://ik.imagekit.io/tvlk/ugc-review/guys1L+Yyer9kzI3sp-pb0CG1j2bhflZGFUZOoIf1YOBAm37kEUOKR41ieUZm7ZJ/ugc-photo-ap-southeast-1-581603780057-acd24e232f75f09e/ACCOMMODATION/99829472_ACCOMMODATION_1701781167242_cd17a18304d65e88?_src=imagekit&tr=c-at_max,h-100,q-40,w-100","https://ik.imagekit.io/tvlk/ugc-review/guys1L+Yyer9kzI3sp-pb0CG1j2bhflZGFUZOoIf1YOBAm37kEUOKR41ieUZm7ZJ/ugc-photo-ap-southeast-1-581603780057-acd24e232f75f09e/ACCOMMODATION/99829472_ACCOMMODATION_1701781167241_3c5d16542a2ac9f7?_src=imagekit&tr=c-at_max,h-100,q-40,w-100","https://ik.imagekit.io/tvlk/ugc-review/guys1L+Yyer9kzI3sp-pb0CG1j2bhflZGFUZOoIf1YOBAm37kEUOKR41ieUZm7ZJ/ugc-photo-ap-southeast-1-581603780057-acd24e232f75f09e/ACCOMMODATION/99829472_ACCOMMODATION_1701781167241_4f6c0e49cdb0b3a6?_src=imagekit&tr=c-at_max,h-100,q-40,w-100","https://ik.imagekit.io/tvlk/ugc-review/guys1L+Yyer9kzI3sp-pb0CG1j2bhflZGFUZOoIf1YOBAm37kEUOKR41ieUZm7ZJ/ugc-photo-ap-southeast-1-581603780057-acd24e232f75f09e/ACCOMMODATION/99829472_ACCOMMODATION_1701781167242_daee55bd9e1dabae?_src=imagekit&tr=c-at_max,h-100,q-40,w-100",,,,,,,,,,,,,,,
https://www.traveloka.com/id-id/user/review/consumption/HOTEL/GENERAL/3000020007371,3,18,"Nyaman, hotelnya bersih dan breakfast nya enak.",Diulas 127 minggu lalu,"https://ik.imagekit.io/tvlk/ugc-review/guys1L+Yyer9kzI3sp-pb0CG1j2bhflZGFUZOoIf1YOBAm37kEUOKR41ieUZm7ZJ/ugc-photo-ap-southeast-1-581603780057-acd24e232f75f09e/ACCOMMODATION/38472472_ACCOMMODATION_1701694833150_295108001165c5b6?_src=imagekit&tr=c-at_max,h-100,q-40,w-100",,,,,,,,,,,,,,,,,,,
https://www.traveloka.com/id-id/user/review/consumption/HOTEL/GENERAL/3000020007371,3,19,Kamar bersih. Pelayanan bagus.,Diulas 127 minggu lalu,"https://ik.imagekit.io/tvlk/ugc-review/guys1L+Yyer9kzI3sp-pb0CG1j2bhflZGFUZOoIf1YOBAm37kEUOKR41ieUZm7ZJ/ugc-photo-ap-southeast-1-581603780057-acd24e232f75f09e/ACCOMMODATION/17968467_ACCOMMODATION_1701662262851_da3a1ad1a76ac4a6?_src=imagekit&tr=c-at_max,h-100,q-40,w-100","https://ik.imagekit.io/tvlk/ugc-review/guys1L+Yyer9kzI3sp-pb0CG1j2bhflZGFUZOoIf1YOBAm37kEUOKR41ieUZm7ZJ/ugc-photo-ap-southeast-1-581603780057-acd24e232f75f09e/ACCOMMODATION/17968467_ACCOMMODATION_1701662262851_091fb639069261f8?_src=imagekit&tr=c-at_max,h-100,q-40,w-100",,,,,,,,,,,,,,,,,,
https://www.traveloka.com/id-id/user/review/consumption/HOTEL/GENERAL/3000020007371,3,20,"Savero salah satu hotel favorit saya dan keluarga saat berkunjung di kota Depok.*Kamar luas, bersih, rapi, interior apik.*Lokasi strategis, di sebrang hotel banyak tempat makan enak.*Tersedia area parkir kendaraan di halaman hotel dan basement.*Pelayanan ramah. Recommended!",Diulas 132 minggu lalu,"https://ik.imagekit.io/tvlk/ugc-review/guys1L+Yyer9kzI3sp-pb0CG1j2bhflZGFUZOoIf1YOBAm37kEUOKR41ieUZm7ZJ/ugc-photo-ap-southeast-1-581603780057-acd24e232f75f09e/ACCOMMODATION/10585400_ACCOMMODATION_1698725127622_da0e506f4b8f312e?_src=imagekit&tr=c-at_max,h-80,q-40,w-80","https://ik.imagekit.io/tvlk/ugc-review/guys1L+Yyer9kzI3sp-pb0CG1j2bhflZGFUZOoIf1YOBAm37kEUOKR41ieUZm7ZJ/ugc-photo-ap-southeast-1-581603780057-acd24e232f75f09e/ACCOMMODATION/10585400_ACCOMMODATION_1698725127623_bc6707c9d4ac1fef?_src=imagekit&tr=c-at_max,h-80,q-40,w-80","https://ik.imagekit.io/tvlk/ugc-review/guys1L+Yyer9kzI3sp-pb0CG1j2bhflZGFUZOoIf1YOBAm37kEUOKR41ieUZm7ZJ/ugc-photo-ap-southeast-1-581603780057-acd24e232f75f09e/ACCOMMODATION/10585400_ACCOMMODATION_1698725127634_b2037e0fe1fda525?_src=imagekit&tr=c-at_max,h-80,q-40,w-80","https://ik.imagekit.io/tvlk/ugc-review/guys1L+Yyer9kzI3sp-pb0CG1j2bhflZGFUZOoIf1YOBAm37kEUOKR41ieUZm7ZJ/ugc-photo-ap-southeast-1-581603780057-acd24e232f75f09e/ACCOMMODATION/10585400_ACCOMMODATION_1698725127633_6be56de9381d95d3?_src=imagekit&tr=c-at_max,h-80,q-40,w-80","https://ik.imagekit.io/tvlk/ugc-review/guys1L+Yyer9kzI3sp-pb0CG1j2bhflZGFUZOoIf1YOBAm37kEUOKR41ieUZm7ZJ/ugc-photo-ap-southeast-1-581603780057-acd24e232f75f09e/ACCOMMODATION/10585400_ACCOMMODATION_1698725127633_2506a2189ca9e9a5?_src=imagekit&tr=c-at_max,h-80,q-40,w-80","https://ik.imagekit.io/tvlk/ugc-review/guys1L+Yyer9kzI3sp-pb0CG1j2bhflZGFUZOoIf1YOBAm37kEUOKR41ieUZm7ZJ/ugc-photo-ap-southeast-1-581603780057-acd24e232f75f09e/ACCOMMODATION/10585400_ACCOMMODATION_1698725127634_c581c469adf8f946?_src=imagekit&tr=c-at_max,h-80,q-40,w-80","https://ik.imagekit.io/tvlk/ugc-review/guys1L+Yyer9kzI3sp-pb0CG1j2bhflZGFUZOoIf1YOBAm37kEUOKR41ieUZm7ZJ/ugc-photo-ap-southeast-1-581603780057-acd24e232f75f09e/ACCOMMODATION/10585400_ACCOMMODATION_1698725127633_2fcd2ebefce9dbb5?_src=imagekit&tr=c-at_max,h-80,q-40,w-80","https://ik.imagekit.io/tvlk/ugc-review/guys1L+Yyer9kzI3sp-pb0CG1j2bhflZGFUZOoIf1YOBAm37kEUOKR41ieUZm7ZJ/ugc-photo-ap-southeast-1-581603780057-acd24e232f75f09e/ACCOMMODATION/10585400_ACCOMMODATION_1698725127634_899493f93ddd253c?_src=imagekit&tr=c-at_max,h-80,q-40,w-80",,,,,,,,,,,,
https://www.traveloka.com/id-id/user/review/consumption/HOTEL/GENERAL/3000020007371,4,1,"Niat memang untuk staycation aja biar jauh dari hiruk pikuk. Hotelnya nyaman, bersih, pelayanannya oke dan staf nya ramah semua. Ada fasilitas spa juga kalo kita mau. Ini aku pesen yang junior suite double bed dan request di lantai atas. Kamar mandinya bersih, makanannya enak enak semua sih menurutku. Next kayaknya bakal kesini lagi hehe",Diulas 135 minggu lalu,"https://ik.imagekit.io/tvlk/ugc-review/guys1L+Yyer9kzI3sp-pb0CG1j2bhflZGFUZOoIf1YOBAm37kEUOKR41ieUZm7ZJ/ugc-photo-ap-southeast-1-581603780057-acd24e232f75f09e/ACCOMMODATION/102397005_ACCOMMODATION_1696831668743_27b486dc8777c9d5?_src=imagekit&tr=c-at_max,h-100,q-40,w-100","https://ik.imagekit.io/tvlk/ugc-review/guys1L+Yyer9kzI3sp-pb0CG1j2bhflZGFUZOoIf1YOBAm37kEUOKR41ieUZm7ZJ/ugc-photo-ap-southeast-1-581603780057-acd24e232f75f09e/ACCOMMODATION/102397005_ACCOMMODATION_1696831668743_7d6f3ec9b6fd598a?_src=imagekit&tr=c-at_max,h-100,q-40,w-100","https://ik.imagekit.io/tvlk/ugc-review/guys1L+Yyer9kzI3sp-pb0CG1j2bhflZGFUZOoIf1YOBAm37kEUOKR41ieUZm7ZJ/ugc-photo-ap-southeast-1-581603780057-acd24e232f75f09e/ACCOMMODATION/102397005_ACCOMMODATION_1696831668743_613ad9226f144823?_src=imagekit&tr=c-at_max,h-100,q-40,w-100",,,,,,,,,,,,,,,,,
https://www.traveloka.com/id-id/user/review/consumption/HOTEL/GENERAL/3000020007371,4,2,"Ketebalan dinding kamar sangat tipis, suara dari kamar lain bocor/kedengaran masuk dan mengganggu sekali. Kebetulan kemarin di kamar sebelah (806) tamunya kurang memiliki etika dan ngobrol dengan berisik dalam jumlah banyak orang sampai pukul setengah 2 pagi. Saya tidak bisa tidur dengan kondisi seperti itu padahal paginya jam 5 sudah harus meluncur ke lokasi event lari. Sungguh pengalaman yang sangat buruk padahal dari aspek lainnya saya masih bisa menerima.",Diulas 135 minggu lalu,"https://ik.imagekit.io/tvlk/ugc-review/guys1L+Yyer9kzI3sp-pb0CG1j2bhflZGFUZOoIf1YOBAm37kEUOKR41ieUZm7ZJ/ugc-photo-ap-southeast-1-581603780057-acd24e232f75f09e/ACCOMMODATION/54045953_ACCOMMODATION_1696813778745_cd9f579888f1b013?_src=imagekit&tr=c-at_max,h-100,q-40,w-100",,,,,,,,,,,,,,,,,,,
https://www.traveloka.com/id-id/user/review/consumption/HOTEL/GENERAL/3000020007371,4,3,"Pelayanan yang ramah, makanan enak cuma yang kurang mungkin kamarnya kurang kedap suara soalnya samping kamar agak berisik, sisanya semuanya good lah. Next pasti akan nginap lagi di sini.",Diulas 136 minggu lalu,"https://ik.imagekit.io/tvlk/ugc-review/guys1L+Yyer9kzI3sp-pb0CG1j2bhflZGFUZOoIf1YOBAm37kEUOKR41ieUZm7ZJ/ugc-photo-ap-southeast-1-581603780057-acd24e232f75f09e/ACCOMMODATION/244353627_ACCOMMODATION_1696139459402_a5ed928ea4abf6fc?_src=imagekit&tr=c-at_max,h-100,q-40,w-100",,,,,,,,,,,,,,,,,,,
https://www.traveloka.com/id-id/user/review/consumption/HOTEL/GENERAL/3000020007371,4,4,"Sering menginap di Savero Hotel Depok, untuk semuanya oke, hanya saja kali ini saya tidak mandi gara-gara airnya kotor.",Diulas 136 minggu lalu,"https://ik.imagekit.io/tvlk/ugc-review/guys1L+Yyer9kzI3sp-pb0CG1j2bhflZGFUZOoIf1YOBAm37kEUOKR41ieUZm7ZJ/ugc-photo-ap-southeast-1-581603780057-acd24e232f75f09e/ACCOMMODATION/26635755_ACCOMMODATION_1695958467210_e1636a36f336f35a?_src=imagekit&tr=c-at_max,h-100,q-40,w-100","https://ik.imagekit.io/tvlk/ugc-review/guys1L+Yyer9kzI3sp-pb0CG1j2bhflZGFUZOoIf1YOBAm37kEUOKR41ieUZm7ZJ/ugc-photo-ap-southeast-1-581603780057-acd24e232f75f09e/ACCOMMODATION/26635755_ACCOMMODATION_1695958467211_633fa6d187a2f797?_src=imagekit&tr=c-at_max,h-100,q-40,w-100","https://ik.imagekit.io/tvlk/ugc-review/guys1L+Yyer9kzI3sp-pb0CG1j2bhflZGFUZOoIf1YOBAm37kEUOKR41ieUZm7ZJ/ugc-photo-ap-southeast-1-581603780057-acd24e232f75f09e/ACCOMMODATION/26635755_ACCOMMODATION_1695958467211_91d200dde5919ba4?_src=imagekit&tr=c-at_max,h-100,q-40,w-100",,,,,,,,,,,,,,,,,
https://www.traveloka.com/id-id/user/review/consumption/HOTEL/GENERAL/3000020007371,4,5,"Tipe kamar deluxe nyaman, sesuai dengan foto dan di sekitar hotel terdapat banyak pusat perbelanjaan, bahkan kedai kopi Aceh dengan rasa yang lezat. Selain itu, menu sarapannya sangat beragam.",Diulas 138 minggu lalu,"https://ik.imagekit.io/tvlk/ugc-review/guys1L+Yyer9kzI3sp-pb0CG1j2bhflZGFUZOoIf1YOBAm37kEUOKR41ieUZm7ZJ/ugc-photo-ap-southeast-1-581603780057-acd24e232f75f09e/ACCOMMODATION/5570242_ACCOMMODATION_1694841063504_8cb4400b5f1559bc?_src=imagekit&tr=c-at_max,h-100,q-40,w-100",,,,,,,,,,,,,,,,,,,
https://www.traveloka.com/id-id/user/review/consumption/HOTEL/GENERAL/3000020007371,4,6,Nyaman sekali worth it untuk harga segini di kota Depok fasilitas bersih rapi pelayanan ramah.,Diulas 140 minggu lalu,"https://ik.imagekit.io/tvlk/ugc-review/guys1L+Yyer9kzI3sp-pb0CG1j2bhflZGFUZOoIf1YOBAm37kEUOKR41ieUZm7ZJ/ugc-photo-ap-southeast-1-581603780057-acd24e232f75f09e/ACCOMMODATION/164789186_ACCOMMODATION_1693703986064_dbce151c15c4ed3d?_src=imagekit&tr=c-at_max,h-100,q-40,w-100",,,,,,,,,,,,,,,,,,,
https://www.traveloka.com/id-id/user/review/consumption/HOTEL/GENERAL/3000020007371,4,7,"Hotelnya nyaman bagus, anak-anak juga pada suka staycation di Savero Hotel, sayangnya tidak ada swimming pool nya, terima kasih.",Diulas 146 minggu lalu,"https://ik.imagekit.io/tvlk/ugc-review/guys1L+Yyer9kzI3sp-pb0CG1j2bhflZGFUZOoIf1YOBAm37kEUOKR41ieUZm7ZJ/ugc-photo-ap-southeast-1-581603780057-acd24e232f75f09e/ACCOMMODATION/145504837_ACCOMMODATION_1690213700480_c506d989be4160ab?_src=imagekit&tr=c-at_max,h-100,q-40,w-100","https://ik.imagekit.io/tvlk/ugc-review/guys1L+Yyer9kzI3sp-pb0CG1j2bhflZGFUZOoIf1YOBAm37kEUOKR41ieUZm7ZJ/ugc-photo-ap-southeast-1-581603780057-acd24e232f75f09e/ACCOMMODATION/145504837_ACCOMMODATION_1690213700480_e4a2ea2740a10d74?_src=imagekit&tr=c-at_max,h-100,q-40,w-100",,,,,,,,,,,,,,,,,,
https://www.traveloka.com/id-id/user/review/consumption/HOTEL/GENERAL/3000020007371,4,8,"Pelayanannya bagus, tempatnya bersih, ga ada yang minus sih menurut ku. Makanannya juga enak enak, terima kasih buat semua pelayanannya.",Diulas 146 minggu lalu,"https://ik.imagekit.io/tvlk/ugc-review/guys1L+Yyer9kzI3sp-pb0CG1j2bhflZGFUZOoIf1YOBAm37kEUOKR41ieUZm7ZJ/ugc-photo-ap-southeast-1-581603780057-acd24e232f75f09e/ACCOMMODATION/134335346_ACCOMMODATION_1689822699427_815d4f019cc2e418?_src=imagekit&tr=c-at_max,h-100,q-40,w-100","https://ik.imagekit.io/tvlk/ugc-review/guys1L+Yyer9kzI3sp-pb0CG1j2bhflZGFUZOoIf1YOBAm37kEUOKR41ieUZm7ZJ/ugc-photo-ap-southeast-1-581603780057-acd24e232f75f09e/ACCOMMODATION/134335346_ACCOMMODATION_1689822699427_14c08d5ee21b3a5d?_src=imagekit&tr=c-at_max,h-100,q-40,w-100",,,,,,,,,,,,,,,,,,
https://www.traveloka.com/id-id/user/review/consumption/HOTEL/GENERAL/3000020007371,4,9,"Hotel mewah, bersih, pelayanan bagus, proses check in dan check out cepat, makanannya enak, recommended, bisa untuk staycation 🥰😍",Diulas 148 minggu lalu,"https://ik.imagekit.io/tvlk/ugc-review/guys1L+Yyer9kzI3sp-pb0CG1j2bhflZGFUZOoIf1YOBAm37kEUOKR41ieUZm7ZJ/ugc-photo-ap-southeast-1-581603780057-acd24e232f75f09e/ACCOMMODATION/267705055_ACCOMMODATION_1688451245746_193457e7c156a95b?_src=imagekit&tr=c-at_max,h-100,q-40,w-100","https://ik.imagekit.io/tvlk/ugc-review/guys1L+Yyer9kzI3sp-pb0CG1j2bhflZGFUZOoIf1YOBAm37kEUOKR41ieUZm7ZJ/ugc-photo-ap-southeast-1-581603780057-acd24e232f75f09e/ACCOMMODATION/267705055_ACCOMMODATION_1688558581857_7d9c81ddea01ec56?_src=imagekit&tr=c-at_max,h-100,q-40,w-100",,,,,,,,,,,,,,,,,,
https://www.traveloka.com/id-id/user/review/consumption/HOTEL/GENERAL/3000020007371,4,10,Bersih. Staff ramah. Parkir mudah.,Diulas 156 minggu lalu,"https://ik.imagekit.io/tvlk/ugc-review/guys1L+Yyer9kzI3sp-pb0CG1j2bhflZGFUZOoIf1YOBAm37kEUOKR41ieUZm7ZJ/ugc-photo-ap-southeast-1-581603780057-acd24e232f75f09e/ACCOMMODATION/25350728_ACCOMMODATION_1684165552126_860f820d59f6aeec?_src=imagekit&tr=c-at_max,h-100,q-40,w-100",,,,,,,,,,,,,,,,,,,
https://www.traveloka.com/id-id/user/review/consumption/HOTEL/GENERAL/3000020007371,4,11,"Keren banget, worth it. Comfortable banget dah.",Diulas 156 minggu lalu,"https://ik.imagekit.io/tvlk/ugc-review/guys1L+Yyer9kzI3sp-pb0CG1j2bhflZGFUZOoIf1YOBAm37kEUOKR41ieUZm7ZJ/ugc-photo-ap-southeast-1-581603780057-acd24e232f75f09e/ACCOMMODATION/173582765_ACCOMMODATION_1684117509883_661691b32470998e?_src=imagekit&tr=c-at_max,h-100,q-40,w-100",,,,,,,,,,,,,,,,,,,
https://www.traveloka.com/id-id/user/review/consumption/HOTEL/GENERAL/3000020007371,4,12,"Harusnya sih ini hotel bintang 4. Semuanya bagus, bersih, rapi, makanan enak, nyaman, staff ramah, keren banget.💗",Diulas 173 minggu lalu,"https://ik.imagekit.io/tvlk/ugc-review/guys1L+Yyer9kzI3sp-pb0CG1j2bhflZGFUZOoIf1YOBAm37kEUOKR41ieUZm7ZJ/ugc-photo-ap-southeast-1-581603780057-acd24e232f75f09e/ACCOMMODATION/132106913_ACCOMMODATION_1673915863408_8f06cc05453f5f3f?_src=imagekit&tr=c-at_max,h-100,q-40,w-100",,,,,,,,,,,,,,,,,,,
https://www.traveloka.com/id-id/user/review/consumption/HOTEL/GENERAL/3000020007371,4,13,"Hotel Savero Depok pelayanannya memuaskan, semua staffnya ramah-ramah, FO nya juga ramah banget, kamar bersih dan luas, dengan view ke kota Depok, ditambah soal bantal gak pelit ada 4 bantal. Eheheh jadi puas. Breakfast nya juara banget. Menurutku hotel bintang 3 standar bintang 4 sih ini mah. Hehehe. Sebagai travelier dan hotelier aku sih kasih nilai 9 ini hotel dari 1-10.",Diulas 174 minggu lalu,"https://ik.imagekit.io/tvlk/ugc-review/guys1L+Yyer9kzI3sp-pb0CG1j2bhflZGFUZOoIf1YOBAm37kEUOKR41ieUZm7ZJ/ugc-photo-ap-southeast-1-581603780057-acd24e232f75f09e/ACCOMMODATION/224859604_ACCOMMODATION_1673077938166_9295dc4ccf20b3f5?_src=imagekit&tr=c-at_max,h-100,q-40,w-100",,,,,,,,,,,,,,,,,,,
https://www.traveloka.com/id-id/user/review/consumption/HOTEL/GENERAL/3000020007371,4,14,Pengalaman staycation di sini kamarnya nyaman dengan harga tertera tersebut worth it mau cari makan dekat ke mall dekat makanan oke pegawai hotel ramah balik lagi deh kayaknya.,Diulas 176 minggu lalu,"https://ik.imagekit.io/tvlk/ugc-review/guys1L+Yyer9kzI3sp-pb0CG1j2bhflZGFUZOoIf1YOBAm37kEUOKR41ieUZm7ZJ/ugc-photo-ap-southeast-1-581603780057-acd24e232f75f09e/ACCOMMODATION/5497300_ACCOMMODATION_1672011154341_cb9109bf84e5a699?_src=imagekit&tr=c-at_max,h-100,q-40,w-100","https://ik.imagekit.io/tvlk/ugc-review/guys1L+Yyer9kzI3sp-pb0CG1j2bhflZGFUZOoIf1YOBAm37kEUOKR41ieUZm7ZJ/ugc-photo-ap-southeast-1-581603780057-acd24e232f75f09e/ACCOMMODATION/5497300_ACCOMMODATION_1672011154342_e3627096b803d9cd?_src=imagekit&tr=c-at_max,h-100,q-40,w-100","https://ik.imagekit.io/tvlk/ugc-review/guys1L+Yyer9kzI3sp-pb0CG1j2bhflZGFUZOoIf1YOBAm37kEUOKR41ieUZm7ZJ/ugc-photo-ap-southeast-1-581603780057-acd24e232f75f09e/ACCOMMODATION/5497300_ACCOMMODATION_1672011154342_2725cff4daf02b79?_src=imagekit&tr=c-at_max,h-100,q-40,w-100",,,,,,,,,,,,,,,,,
https://www.traveloka.com/id-id/user/review/consumption/HOTEL/GENERAL/3000020007371,4,15,"Kamarnya tergolong ""besar"". Dapat sarapan gratis buat 2 orang. Sarapannya juga banyak macamnya dan enak. Memang tidak dapat ruang parkir mobil, tapi mereka kerjasama dengan lahan parkir ruko sebelah yang dijaga banyak satpam dan free biaya dengan stempel karcisnya.",Diulas 177 minggu lalu,"https://ik.imagekit.io/tvlk/ugc-review/guys1L+Yyer9kzI3sp-pb0CG1j2bhflZGFUZOoIf1YOBAm37kEUOKR41ieUZm7ZJ/ugc-photo-ap-southeast-1-581603780057-acd24e232f75f09e/ACCOMMODATION/213979399_ACCOMMODATION_1671198519523_a058d3e1ea90eed6?_src=imagekit&tr=c-at_max,h-100,q-40,w-100",,,,,,,,,,,,,,,,,,,
https://www.traveloka.com/id-id/user/review/consumption/HOTEL/GENERAL/3000020007371,4,16,"Hotel yang nyaman, kamar bersih dan toilettres lengkap. Cuma kemaren ga ada laundry bag, bed sheet nyaman, resepsionis ramah. Cuma ga nyoba breakfast. Overall oke si buat di Depok.",Diulas 188 minggu lalu,"https://ik.imagekit.io/tvlk/ugc-review/guys1L+Yyer9kzI3sp-pb0CG1j2bhflZGFUZOoIf1YOBAm37kEUOKR41ieUZm7ZJ/ugc-photo-ap-southeast-1-581603780057-acd24e232f75f09e/ACCOMMODATION/3615383_ACCOMMODATION_1664390301057_1f85acf73b5e351c?_src=imagekit&tr=c-at_max,h-100,q-40,w-100","https://ik.imagekit.io/tvlk/ugc-review/guys1L+Yyer9kzI3sp-pb0CG1j2bhflZGFUZOoIf1YOBAm37kEUOKR41ieUZm7ZJ/ugc-photo-ap-southeast-1-581603780057-acd24e232f75f09e/ACCOMMODATION/3615383_ACCOMMODATION_1664390301057_60adc4df530c6cbe?_src=imagekit&tr=c-at_max,h-100,q-40,w-100","https://ik.imagekit.io/tvlk/ugc-review/guys1L+Yyer9kzI3sp-pb0CG1j2bhflZGFUZOoIf1YOBAm37kEUOKR41ieUZm7ZJ/ugc-photo-ap-southeast-1-581603780057-acd24e232f75f09e/ACCOMMODATION/3615383_ACCOMMODATION_1664390301057_a30e0fb5d27ceb63?_src=imagekit&tr=c-at_max,h-100,q-40,w-100",,,,,,,,,,,,,,,,,
https://www.traveloka.com/id-id/user/review/consumption/HOTEL/GENERAL/3000020007371,4,17,"Saya pesan buat kado honeymoon temen saya, saya noted untuk dibuatkan hiasan honeymoon dan bener dong dibuatin lucu banget terima kasih Savero untuk pelayanannya.",Diulas 193 minggu lalu,"https://ik.imagekit.io/tvlk/ugc-review/guys1L+Yyer9kzI3sp-pb0CG1j2bhflZGFUZOoIf1YOBAm37kEUOKR41ieUZm7ZJ/ugc-photo-ap-southeast-1-581603780057-acd24e232f75f09e/ACCOMMODATION/11425695_ACCOMMODATION_1661695071399_bdf2c9633417a329?_src=imagekit&tr=c-at_max,h-100,q-40,w-100",,,,,,,,,,,,,,,,,,,
https://www.traveloka.com/id-id/user/review/consumption/HOTEL/GENERAL/3000020007371,4,18,"Ini kali ketiga saya menginap di Hotel Savero. Proses check-in dan check-out mudah. ​​Hotel yang bagus dengan sarapan yang bervariasi dan pelayanan yang baik. Hanya saja, mohon sediakan pengharum ruangan di kamar dan berikan pengharum ruangan di tempat tidur dan bantal. Terima kasih.",Diulas 196 minggu lalu,"https://ik.imagekit.io/tvlk/ugc-review/guys1L+Yyer9kzI3sp-pb0CG1j2bhflZGFUZOoIf1YOBAm37kEUOKR41ieUZm7ZJ/ugc-photo-ap-southeast-1-581603780057-acd24e232f75f09e/ACCOMMODATION/19276224_ACCOMMODATION_1659503625834_f09d8e0bea046196?_src=imagekit&tr=c-at_max,h-100,q-40,w-100","https://ik.imagekit.io/tvlk/ugc-review/guys1L+Yyer9kzI3sp-pb0CG1j2bhflZGFUZOoIf1YOBAm37kEUOKR41ieUZm7ZJ/ugc-photo-ap-southeast-1-581603780057-acd24e232f75f09e/ACCOMMODATION/19276224_ACCOMMODATION_1659503625834_682a11225a3b5a87?_src=imagekit&tr=c-at_max,h-100,q-40,w-100","https://ik.imagekit.io/tvlk/ugc-review/guys1L+Yyer9kzI3sp-pb0CG1j2bhflZGFUZOoIf1YOBAm37kEUOKR41ieUZm7ZJ/ugc-photo-ap-southeast-1-581603780057-acd24e232f75f09e/ACCOMMODATION/19276224_ACCOMMODATION_1659503625834_b5b4643b05a80636?_src=imagekit&tr=c-at_max,h-100,q-40,w-100",,,,,,,,,,,,,,,,,
https://www.traveloka.com/id-id/user/review/consumption/HOTEL/GENERAL/3000020007371,4,19,Bagus bersih rapih. Minusnya seperti yang lain bilang bantalnya kempes kayak udah lama dan lobi nya panas ga nyaman.,Diulas 208 minggu lalu,"https://ik.imagekit.io/tvlk/ugc-review/guys1L+Yyer9kzI3sp-pb0CG1j2bhflZGFUZOoIf1YOBAm37kEUOKR41ieUZm7ZJ/ugc-photo-ap-southeast-1-581603780057-acd24e232f75f09e/ACCOMMODATION/135089230_ACCOMMODATION_1652733779316_10b173afcf659e79?_src=imagekit&tr=c-at_max,h-100,q-40,w-100",,,,,,,,,,,,,,,,,,,
https://www.traveloka.com/id-id/user/review/consumption/HOTEL/GENERAL/3000020007371,4,20,Keren banget hotelnya pelayanan juga oke.,Diulas 209 minggu lalu,"https://ik.imagekit.io/tvlk/ugc-review/guys1L+Yyer9kzI3sp-pb0CG1j2bhflZGFUZOoIf1YOBAm37kEUOKR41ieUZm7ZJ/ugc-photo-ap-southeast-1-581603780057-acd24e232f75f09e/ACCOMMODATION/14472724_ACCOMMODATION_1651831860496_207d7cf00edccde2?_src=imagekit&tr=c-at_max,h-100,q-40,w-100",,,,,,,,,,,,,,,,,,,
https://www.traveloka.com/id-id/user/review/consumption/HOTEL/GENERAL/3000020007371,5,1,Ruangan dan toilet sangat bersih dan nyaman. Breakfast juga enak. Harga lumayan murah.,Diulas 225 minggu lalu,"https://ik.imagekit.io/tvlk/ugc-review/guys1L+Yyer9kzI3sp-pb0CG1j2bhflZGFUZOoIf1YOBAm37kEUOKR41ieUZm7ZJ/ugc-photo-ap-southeast-1-581603780057-acd24e232f75f09e/ACCOMMODATION/18307738_ACCOMMODATION_1642246830460_2bb7914c47d9ad94?_src=imagekit&tr=c-at_max,h-100,q-40,w-100","https://ik.imagekit.io/tvlk/ugc-review/guys1L+Yyer9kzI3sp-pb0CG1j2bhflZGFUZOoIf1YOBAm37kEUOKR41ieUZm7ZJ/ugc-photo-ap-southeast-1-581603780057-acd24e232f75f09e/ACCOMMODATION/18307738_ACCOMMODATION_1642246830460_4e0c04f78803662a?_src=imagekit&tr=c-at_max,h-100,q-40,w-100","https://ik.imagekit.io/tvlk/ugc-review/guys1L+Yyer9kzI3sp-pb0CG1j2bhflZGFUZOoIf1YOBAm37kEUOKR41ieUZm7ZJ/ugc-photo-ap-southeast-1-581603780057-acd24e232f75f09e/ACCOMMODATION/18307738_ACCOMMODATION_1642246830460_ef0c50955b93c9f1?_src=imagekit&tr=c-at_max,h-100,q-40,w-100","https://ik.imagekit.io/tvlk/ugc-review/guys1L+Yyer9kzI3sp-pb0CG1j2bhflZGFUZOoIf1YOBAm37kEUOKR41ieUZm7ZJ/ugc-photo-ap-southeast-1-581603780057-acd24e232f75f09e/ACCOMMODATION/18307738_ACCOMMODATION_1642246830460_bd76f578a1d22632?_src=imagekit&tr=c-at_max,h-100,q-40,w-100","https://ik.imagekit.io/tvlk/ugc-review/guys1L+Yyer9kzI3sp-pb0CG1j2bhflZGFUZOoIf1YOBAm37kEUOKR41ieUZm7ZJ/ugc-photo-ap-southeast-1-581603780057-acd24e232f75f09e/ACCOMMODATION/18307738_ACCOMMODATION_1642246830460_76e85e942272c410?_src=imagekit&tr=c-at_max,h-100,q-40,w-100",,,,,,,,,,,,,,,
https://www.traveloka.com/id-id/user/review/consumption/HOTEL/GENERAL/3000020007371,5,2,Sarung bantal ada noda seperti ini jadi tidak nyaman untuk tidur,Diulas 228 minggu lalu,"https://ik.imagekit.io/tvlk/ugc-review/guys1L+Yyer9kzI3sp-pb0CG1j2bhflZGFUZOoIf1YOBAm37kEUOKR41ieUZm7ZJ/ugc-photo-ap-southeast-1-581603780057-acd24e232f75f09e/ACCOMMODATION/7136382_ACCOMMODATION_1640339718995_7974ebdd0962355e?_src=imagekit&tr=c-at_max,h-100,q-40,w-100",,,,,,,,,,,,,,,,,,,
https://www.traveloka.com/id-id/user/review/consumption/HOTEL/GENERAL/3000020007371,5,3,Cukup bagus! Itu luar biasa untuk tinggal di sini. Saya suka getaran dan interiornya juga. Baik sekali!,Diulas 229 minggu lalu,"https://ik.imagekit.io/tvlk/ugc-review/guys1L+Yyer9kzI3sp-pb0CG1j2bhflZGFUZOoIf1YOBAm37kEUOKR41ieUZm7ZJ/ugc-photo-ap-southeast-1-581603780057-acd24e232f75f09e/ACCOMMODATION/18907362_ACCOMMODATION_1639920908837_26ab2d6967b0617c?_src=imagekit&tr=c-at_max,h-100,q-40,w-100",,,,,,,,,,,,,,,,,,,
https://www.traveloka.com/id-id/user/review/consumption/HOTEL/GENERAL/3000020007371,5,4,"Pelayanan ramah, makanan nya enak, kamar bersih. Tapi parkir nya susah. Tidak ada tempat",Diulas 229 minggu lalu,"https://ik.imagekit.io/tvlk/ugc-review/guys1L+Yyer9kzI3sp-pb0CG1j2bhflZGFUZOoIf1YOBAm37kEUOKR41ieUZm7ZJ/ugc-photo-ap-southeast-1-581603780057-acd24e232f75f09e/ACCOMMODATION/193483021_ACCOMMODATION_1639889559155_48b4f48859bdf449?_src=imagekit&tr=c-at_max,h-100,q-40,w-100",,,,,,,,,,,,,,,,,,,
https://www.traveloka.com/id-id/user/review/consumption/HOTEL/GENERAL/3000020007371,5,5,"Kamar luas, pelayanan/service oke, dapat kamar lantai 8 lumayan ada pemandangan hijau. Pilih twin bed, kasur yang satunya bunyi gitu bawahnya jadi kalo tidur nya gerak aga ganggu dan kurang nyaman. So far oke.",Diulas 237 minggu lalu,"https://ik.imagekit.io/tvlk/ugc-review/guys1L+Yyer9kzI3sp-pb0CG1j2bhflZGFUZOoIf1YOBAm37kEUOKR41ieUZm7ZJ/ugc-photo-ap-southeast-1-581603780057-acd24e232f75f09e/ACCOMMODATION/135171505_ACCOMMODATION_1635137416977_450a91a1698c8833?_src=imagekit&tr=c-at_max,h-100,q-40,w-100",,,,,,,,,,,,,,,,,,,
https://www.traveloka.com/id-id/user/review/consumption/HOTEL/GENERAL/3000020007371,5,6,"Saya memilih hotel ini untuk istirahat dari penatnya kegiatan bersama suami. Tapi saya tidak bisa tidur semalaman, karena terdengar suara berisik dari pengunjung lainnya, seperti saat mereka buka pintu, menggeser meja atau kursi, mandi, dan suara ramai di area koridor. Kamar hotel tak kedap suara. Secara umum, interior kamar bagus dan luas.",Diulas 244 minggu lalu,"https://ik.imagekit.io/tvlk/ugc-review/guys1L+Yyer9kzI3sp-pb0CG1j2bhflZGFUZOoIf1YOBAm37kEUOKR41ieUZm7ZJ/ugc-photo-ap-southeast-1-581603780057-acd24e232f75f09e/ACCOMMODATION/34304797_ACCOMMODATION_1630897213846_eed39b303fc35151?_src=imagekit&tr=c-at_max,h-100,q-40,w-100",,,,,,,,,,,,,,,,,,,
https://www.traveloka.com/id-id/user/review/consumption/HOTEL/GENERAL/3000020007371,5,7,Room: bagus dan nyaman. Breakfast: taste kurang enak. Area parkir: parkir mobil kurang memadai. Overall aku suka menginap di Hotel Savero,Diulas 245 minggu lalu,"https://ik.imagekit.io/tvlk/ugc-review/guys1L+Yyer9kzI3sp-pb0CG1j2bhflZGFUZOoIf1YOBAm37kEUOKR41ieUZm7ZJ/ugc-photo-ap-southeast-1-581603780057-acd24e232f75f09e/ACCOMMODATION/30363758_ACCOMMODATION_1630297881782_973acc6fac48150e?_src=imagekit&tr=c-at_max,h-100,q-40,w-100",,,,,,,,,,,,,,,,,,,
https://www.traveloka.com/id-id/user/review/consumption/HOTEL/GENERAL/3000020007371,5,8,"Lumayan deket rumah bisa staycation, tapi sayang gak ada kolam renangnya.",Diulas 245 minggu lalu,"https://ik.imagekit.io/tvlk/ugc-review/guys1L+Yyer9kzI3sp-pb0CG1j2bhflZGFUZOoIf1YOBAm37kEUOKR41ieUZm7ZJ/ugc-photo-ap-southeast-1-581603780057-acd24e232f75f09e/ACCOMMODATION/18708850_ACCOMMODATION_1630069614797_33672ffb825b49f3?_src=imagekit&tr=c-at_max,h-100,q-40,w-100",,,,,,,,,,,,,,,,,,,
https://www.traveloka.com/id-id/user/review/consumption/HOTEL/GENERAL/3000020007371,5,9,Makanannya enak. Cuma kasurnya nggak enak seperti kotor bantal nggak empuk. Lantai gak ada karpetnya. Cuma menang luas aja,Diulas 249 minggu lalu,"https://ik.imagekit.io/tvlk/ugc-review/guys1L+Yyer9kzI3sp-pb0CG1j2bhflZGFUZOoIf1YOBAm37kEUOKR41ieUZm7ZJ/ugc-photo-ap-southeast-1-581603780057-acd24e232f75f09e/ACCOMMODATION/21876789_ACCOMMODATION_1627800298824_04979aa78a69d636?_src=imagekit&tr=c-at_max,h-100,q-40,w-100",,,,,,,,,,,,,,,,,,,
https://www.traveloka.com/id-id/user/review/consumption/HOTEL/GENERAL/3000020007371,5,10,"Overall puas, proses check in cepat, staff ramah, kamar luas, wifi ok, prokes bagus, sayang sedikit kurang nyaman karena jam 9 malam. Kita ditelp staff menanyakan apakah ada barang pengunjung sebelumnya ada yang ketinggalan, dan kita cek karena kebetulan kita check in jam 8 malam, barang tidak ada, sejak itu kita jadi kurang nyaman, apalagi jam 11 siang sebelum kita chek out pengunjung sebelumnya tidak percaya kalau barang tersebut tidak ada dan minta staff hotel untuk mengecek kembali. Pengalaman pertama yang mengurangi kenyamanan menginap di Savero Hotel.",Diulas 253 minggu lalu,"https://ik.imagekit.io/tvlk/ugc-review/guys1L+Yyer9kzI3sp-pb0CG1j2bhflZGFUZOoIf1YOBAm37kEUOKR41ieUZm7ZJ/ugc-photo-ap-southeast-1-581603780057-acd24e232f75f09e/ACCOMMODATION/3770106_ACCOMMODATION_1625383543296_608da21d662e723f?_src=imagekit&tr=c-at_max,h-80,q-40,w-80","https://ik.imagekit.io/tvlk/ugc-review/guys1L+Yyer9kzI3sp-pb0CG1j2bhflZGFUZOoIf1YOBAm37kEUOKR41ieUZm7ZJ/ugc-photo-ap-southeast-1-581603780057-acd24e232f75f09e/ACCOMMODATION/3770106_ACCOMMODATION_1625383543296_353b0fa9e7748e92?_src=imagekit&tr=c-at_max,h-80,q-40,w-80","https://ik.imagekit.io/tvlk/ugc-review/guys1L+Yyer9kzI3sp-pb0CG1j2bhflZGFUZOoIf1YOBAm37kEUOKR41ieUZm7ZJ/ugc-photo-ap-southeast-1-581603780057-acd24e232f75f09e/ACCOMMODATION/3770106_ACCOMMODATION_1625383543297_ca323de7fe7987dd?_src=imagekit&tr=c-at_max,h-80,q-40,w-80","https://ik.imagekit.io/tvlk/ugc-review/guys1L+Yyer9kzI3sp-pb0CG1j2bhflZGFUZOoIf1YOBAm37kEUOKR41ieUZm7ZJ/ugc-photo-ap-southeast-1-581603780057-acd24e232f75f09e/ACCOMMODATION/3770106_ACCOMMODATION_1625383543297_06c4256bec6b9a80?_src=imagekit&tr=c-at_max,h-80,q-40,w-80","https://ik.imagekit.io/tvlk/ugc-review/guys1L+Yyer9kzI3sp-pb0CG1j2bhflZGFUZOoIf1YOBAm37kEUOKR41ieUZm7ZJ/ugc-photo-ap-southeast-1-581603780057-acd24e232f75f09e/ACCOMMODATION/3770106_ACCOMMODATION_1625383543297_43f9568958cabb64?_src=imagekit&tr=c-at_max,h-80,q-40,w-80","https://ik.imagekit.io/tvlk/ugc-review/guys1L+Yyer9kzI3sp-pb0CG1j2bhflZGFUZOoIf1YOBAm37kEUOKR41ieUZm7ZJ/ugc-photo-ap-southeast-1-581603780057-acd24e232f75f09e/ACCOMMODATION/3770106_ACCOMMODATION_1625383543297_25493f0495258cbc?_src=imagekit&tr=c-at_max,h-80,q-40,w-80","https://ik.imagekit.io/tvlk/ugc-review/guys1L+Yyer9kzI3sp-pb0CG1j2bhflZGFUZOoIf1YOBAm37kEUOKR41ieUZm7ZJ/ugc-photo-ap-southeast-1-581603780057-acd24e232f75f09e/ACCOMMODATION/3770106_ACCOMMODATION_1625383543297_8a2da8a54180bea7?_src=imagekit&tr=c-at_max,h-80,q-40,w-80","https://ik.imagekit.io/tvlk/ugc-review/guys1L+Yyer9kzI3sp-pb0CG1j2bhflZGFUZOoIf1YOBAm37kEUOKR41ieUZm7ZJ/ugc-photo-ap-southeast-1-581603780057-acd24e232f75f09e/ACCOMMODATION/3770106_ACCOMMODATION_1625383543298_ae94b899d511173c?_src=imagekit&tr=c-at_max,h-80,q-40,w-80","https://ik.imagekit.io/tvlk/ugc-review/guys1L+Yyer9kzI3sp-pb0CG1j2bhflZGFUZOoIf1YOBAm37kEUOKR41ieUZm7ZJ/ugc-photo-ap-southeast-1-581603780057-acd24e232f75f09e/ACCOMMODATION/3770106_ACCOMMODATION_1625383543298_31dfda8e684ba263?_src=imagekit&tr=c-at_max,h-80,q-40,w-80",,,,,,,,,,,
https://www.traveloka.com/id-id/user/review/consumption/HOTEL/GENERAL/3000020007371,5,11,Saya ketagihan menginap di sini. Fasilitasnya lumayan. Kamarnya bagus. Sangat bagus.,Diulas 255 minggu lalu,"https://ik.imagekit.io/tvlk/ugc-review/guys1L+Yyer9kzI3sp-pb0CG1j2bhflZGFUZOoIf1YOBAm37kEUOKR41ieUZm7ZJ/ugc-photo-ap-southeast-1-581603780057-acd24e232f75f09e/ACCOMMODATION/193928945_ACCOMMODATION_1624193686302_2dd8fc385fa09180?_src=imagekit&tr=c-at_max,h-100,q-40,w-100",,,,,,,,,,,,,,,,,,,
https://www.traveloka.com/id-id/user/review/consumption/HOTEL/GENERAL/3000020007371,5,12,"Saya sangat senang menginap di sini, semua staf ramah, terutama Mba Fenty di bagian resepsionis, dia memberi saya peningkatan kamar gratis karena saya meminta kamar bebas rokok. Anak-anak saya sangat senang dan kami pasti akan kembali ke hotel ini.",Diulas 255 minggu lalu,"https://ik.imagekit.io/tvlk/ugc-review/guys1L+Yyer9kzI3sp-pb0CG1j2bhflZGFUZOoIf1YOBAm37kEUOKR41ieUZm7ZJ/ugc-photo-ap-southeast-1-581603780057-acd24e232f75f09e/ACCOMMODATION/9339494_ACCOMMODATION_1623995566942_1b8c7f734e1bcb0c?_src=imagekit&tr=c-at_max,h-100,q-40,w-100","https://ik.imagekit.io/tvlk/ugc-review/guys1L+Yyer9kzI3sp-pb0CG1j2bhflZGFUZOoIf1YOBAm37kEUOKR41ieUZm7ZJ/ugc-photo-ap-southeast-1-581603780057-acd24e232f75f09e/ACCOMMODATION/9339494_ACCOMMODATION_1623995566942_409db9f7849318fb?_src=imagekit&tr=c-at_max,h-100,q-40,w-100",,,,,,,,,,,,,,,,,,
https://www.traveloka.com/id-id/user/review/consumption/HOTEL/GENERAL/3000020007371,5,13,"Kamar bersih, fasilitas memuaskan, AC dingin sekali, mantap banget pokoknya menginap di Savero Hotel.",Diulas 259 minggu lalu,"https://ik.imagekit.io/tvlk/ugc-review/guys1L+Yyer9kzI3sp-pb0CG1j2bhflZGFUZOoIf1YOBAm37kEUOKR41ieUZm7ZJ/ugc-photo-ap-southeast-1-581603780057-acd24e232f75f09e/ACCOMMODATION/189384592_ACCOMMODATION_1621766877773_a32fd2923b19fa6d?_src=imagekit&tr=c-at_max,h-100,q-40,w-100",,,,,,,,,,,,,,,,,,,
https://www.traveloka.com/id-id/user/review/consumption/HOTEL/GENERAL/3000020007371,5,14,"Hotel nyaman di Depok, service oke, staff ramah, bersih, AC dingin, kamar ada window dan view nya. Bintang 3 tapi service Bintang 4. Ternyaman! Recommended and definitely will be back soon.",Diulas 260 minggu lalu,"https://ik.imagekit.io/tvlk/ugc-review/guys1L+Yyer9kzI3sp-pb0CG1j2bhflZGFUZOoIf1YOBAm37kEUOKR41ieUZm7ZJ/ugc-photo-ap-southeast-1-581603780057-acd24e232f75f09e/ACCOMMODATION/5859413_ACCOMMODATION_1621216846755_4c2e6c8705f6b9d2?_src=imagekit&tr=c-at_max,h-80,q-40,w-80","https://ik.imagekit.io/tvlk/ugc-review/guys1L+Yyer9kzI3sp-pb0CG1j2bhflZGFUZOoIf1YOBAm37kEUOKR41ieUZm7ZJ/ugc-photo-ap-southeast-1-581603780057-acd24e232f75f09e/ACCOMMODATION/5859413_ACCOMMODATION_1621216846755_61739aad617f060a?_src=imagekit&tr=c-at_max,h-80,q-40,w-80","https://ik.imagekit.io/tvlk/ugc-review/guys1L+Yyer9kzI3sp-pb0CG1j2bhflZGFUZOoIf1YOBAm37kEUOKR41ieUZm7ZJ/ugc-photo-ap-southeast-1-581603780057-acd24e232f75f09e/ACCOMMODATION/5859413_ACCOMMODATION_1621216846755_e52065f100eb5828?_src=imagekit&tr=c-at_max,h-80,q-40,w-80","https://ik.imagekit.io/tvlk/ugc-review/guys1L+Yyer9kzI3sp-pb0CG1j2bhflZGFUZOoIf1YOBAm37kEUOKR41ieUZm7ZJ/ugc-photo-ap-southeast-1-581603780057-acd24e232f75f09e/ACCOMMODATION/5859413_ACCOMMODATION_1621216846756_40c7185664bdef68?_src=imagekit&tr=c-at_max,h-80,q-40,w-80","https://ik.imagekit.io/tvlk/ugc-review/guys1L+Yyer9kzI3sp-pb0CG1j2bhflZGFUZOoIf1YOBAm37kEUOKR41ieUZm7ZJ/ugc-photo-ap-southeast-1-581603780057-acd24e232f75f09e/ACCOMMODATION/5859413_ACCOMMODATION_1621216846756_834cf671728d3dab?_src=imagekit&tr=c-at_max,h-80,q-40,w-80","https://ik.imagekit.io/tvlk/ugc-review/guys1L+Yyer9kzI3sp-pb0CG1j2bhflZGFUZOoIf1YOBAm37kEUOKR41ieUZm7ZJ/ugc-photo-ap-southeast-1-581603780057-acd24e232f75f09e/ACCOMMODATION/5859413_ACCOMMODATION_1621216846756_76abd63f4fa83605?_src=imagekit&tr=c-at_max,h-80,q-40,w-80","https://ik.imagekit.io/tvlk/ugc-review/guys1L+Yyer9kzI3sp-pb0CG1j2bhflZGFUZOoIf1YOBAm37kEUOKR41ieUZm7ZJ/ugc-photo-ap-southeast-1-581603780057-acd24e232f75f09e/ACCOMMODATION/5859413_ACCOMMODATION_1621216846758_0458ffd322bc3103?_src=imagekit&tr=c-at_max,h-80,q-40,w-80",,,,,,,,,,,,,
https://www.traveloka.com/id-id/user/review/consumption/HOTEL/GENERAL/3000020007371,5,15,"Check in tidak pake ribet. Staff-nya ramah, kamarnya nyaman. Kalau ambil yang tanpa sarapan tapi bangun tidur perut laper bisa ambil paket sarapan di restonya makan sepuasanya cuma 150rb 2 orang makanannya enak! foto view dari kamar 719. masukannya mungkin handuk yang sudah agak tipis bisa di ganti. Thank you Savero Depok.",Diulas 261 minggu lalu,"https://ik.imagekit.io/tvlk/ugc-review/guys1L+Yyer9kzI3sp-pb0CG1j2bhflZGFUZOoIf1YOBAm37kEUOKR41ieUZm7ZJ/ugc-photo-ap-southeast-1-581603780057-acd24e232f75f09e/ACCOMMODATION/175162472_ACCOMMODATION_1620568927497_9b852f8aa94a235f?_src=imagekit&tr=c-at_max,h-100,q-40,w-100","https://ik.imagekit.io/tvlk/ugc-review/guys1L+Yyer9kzI3sp-pb0CG1j2bhflZGFUZOoIf1YOBAm37kEUOKR41ieUZm7ZJ/ugc-photo-ap-southeast-1-581603780057-acd24e232f75f09e/ACCOMMODATION/175162472_ACCOMMODATION_1620568927497_543ba7a0d44f7726?_src=imagekit&tr=c-at_max,h-100,q-40,w-100",,,,,,,,,,,,,,,,,,
https://www.traveloka.com/id-id/user/review/consumption/HOTEL/GENERAL/3000020007371,5,16,"Ada kendala sedikit dengan AC di kamar karena 2 kali mati, untungnya teknisi cepat datang dan tidak perlu diingatkan dua kali. Selain AC yang lainnya oke, harga kamar pun sesuai dengan fasilitasnya.",Diulas 264 minggu lalu,"https://ik.imagekit.io/tvlk/ugc-review/guys1L+Yyer9kzI3sp-pb0CG1j2bhflZGFUZOoIf1YOBAm37kEUOKR41ieUZm7ZJ/ugc-photo-ap-southeast-1-581603780057-acd24e232f75f09e/ACCOMMODATION/7815130_ACCOMMODATION_1618814285161_a9e5beb487722fb7?_src=imagekit&tr=c-at_max,h-100,q-40,w-100","https://ik.imagekit.io/tvlk/ugc-review/guys1L+Yyer9kzI3sp-pb0CG1j2bhflZGFUZOoIf1YOBAm37kEUOKR41ieUZm7ZJ/ugc-photo-ap-southeast-1-581603780057-acd24e232f75f09e/ACCOMMODATION/7815130_ACCOMMODATION_1618814285161_3b911ee9e2801594?_src=imagekit&tr=c-at_max,h-100,q-40,w-100",,,,,,,,,,,,,,,,,,
https://www.traveloka.com/id-id/user/review/consumption/HOTEL/GENERAL/3000020007371,5,17,"Semuanya persis deskripsi, makanannya enak, pelayanannya top banget! mas mas resepsionisnya ramah banget. semua bersih dan desinfected, semua fasilitas berfungsi baik. dan ketika ada masalah langsung cepat diatasi. kalau menginap di Depok lagi pasti akan ke sini!",Diulas 265 minggu lalu,"https://ik.imagekit.io/tvlk/ugc-review/guys1L+Yyer9kzI3sp-pb0CG1j2bhflZGFUZOoIf1YOBAm37kEUOKR41ieUZm7ZJ/ugc-photo-ap-southeast-1-581603780057-acd24e232f75f09e/ACCOMMODATION/61549200_ACCOMMODATION_1618313376398_217700b1220ab6aa?_src=imagekit&tr=c-at_max,h-100,q-40,w-100","https://ik.imagekit.io/tvlk/ugc-review/guys1L+Yyer9kzI3sp-pb0CG1j2bhflZGFUZOoIf1YOBAm37kEUOKR41ieUZm7ZJ/ugc-photo-ap-southeast-1-581603780057-acd24e232f75f09e/ACCOMMODATION/61549200_ACCOMMODATION_1618313376398_a3fd79e9f4f804e4?_src=imagekit&tr=c-at_max,h-100,q-40,w-100","https://ik.imagekit.io/tvlk/ugc-review/guys1L+Yyer9kzI3sp-pb0CG1j2bhflZGFUZOoIf1YOBAm37kEUOKR41ieUZm7ZJ/ugc-photo-ap-southeast-1-581603780057-acd24e232f75f09e/ACCOMMODATION/61549200_ACCOMMODATION_1618313376398_1c6a60ff88ac126c?_src=imagekit&tr=c-at_max,h-100,q-40,w-100","https://ik.imagekit.io/tvlk/ugc-review/guys1L+Yyer9kzI3sp-pb0CG1j2bhflZGFUZOoIf1YOBAm37kEUOKR41ieUZm7ZJ/ugc-photo-ap-southeast-1-581603780057-acd24e232f75f09e/ACCOMMODATION/61549200_ACCOMMODATION_1618313376399_65d6e6a4713601df?_src=imagekit&tr=c-at_max,h-100,q-40,w-100",,,,,,,,,,,,,,,,
https://www.traveloka.com/id-id/user/review/consumption/HOTEL/GENERAL/3000020007371,5,18,"Gatau lagi mesti bilang apa. Hotelnya bagus banget. nyaman banget, saking nyamannya aku sampai lupa update foto ini foto itu. Pas dapat diskon 50%lagi kesini.",Diulas 266 minggu lalu,"https://ik.imagekit.io/tvlk/ugc-review/guys1L+Yyer9kzI3sp-pb0CG1j2bhflZGFUZOoIf1YOBAm37kEUOKR41ieUZm7ZJ/ugc-photo-ap-southeast-1-581603780057-acd24e232f75f09e/ACCOMMODATION/16796663_ACCOMMODATION_1617327999855_be7cd0769d03899a?_src=imagekit&tr=c-at_max,h-100,q-40,w-100",,,,,,,,,,,,,,,,,,,
https://www.traveloka.com/id-id/user/review/consumption/HOTEL/GENERAL/3000020007371,5,19,"+ kamar bagus dan bersih. - sayangnya saya dapat kamar merokok, sedangkan saya bukan perokok. mereka bilang itu kamar terakhir yang tersedia. - sulit mendapatkan tempat parkir.",Diulas 268 minggu lalu,"https://ik.imagekit.io/tvlk/ugc-review/guys1L+Yyer9kzI3sp-pb0CG1j2bhflZGFUZOoIf1YOBAm37kEUOKR41ieUZm7ZJ/ugc-photo-ap-southeast-1-581603780057-acd24e232f75f09e/ACCOMMODATION/3691282_ACCOMMODATION_1616336674743_54e176facb2ebb74?_src=imagekit&tr=c-at_max,h-100,q-40,w-100",,,,,,,,,,,,,,,,,,,
https://www.traveloka.com/id-id/user/review/consumption/HOTEL/GENERAL/3000020007371,5,20,"Pegawainya ramah-ramah, makanan enak. cukup puas.",Diulas 270 minggu lalu,"https://ik.imagekit.io/tvlk/ugc-review/guys1L+Yyer9kzI3sp-pb0CG1j2bhflZGFUZOoIf1YOBAm37kEUOKR41ieUZm7ZJ/ugc-photo-ap-southeast-1-581603780057-acd24e232f75f09e/ACCOMMODATION/22650511_ACCOMMODATION_1614917821142_bd73d2fdccc39334?_src=imagekit&tr=c-at_max,h-100,q-40,w-100",,,,,,,,,,,,,,,,,,,
https://www.traveloka.com/id-id/user/review/consumption/HOTEL/GENERAL/3000020007371,6,1,"kamar bersih dan nyaman, staff ramah, sarapan enak dengan menu bervariasi. 🤟🤟",Diulas 270 minggu lalu,"https://ik.imagekit.io/tvlk/ugc-review/guys1L+Yyer9kzI3sp-pb0CG1j2bhflZGFUZOoIf1YOBAm37kEUOKR41ieUZm7ZJ/ugc-photo-ap-southeast-1-581603780057-acd24e232f75f09e/ACCOMMODATION/154771014_ACCOMMODATION_1614769928019_0b0abaf23c35cfaf?_src=imagekit&tr=c-at_max,h-80,q-40,w-80","https://ik.imagekit.io/tvlk/ugc-review/guys1L+Yyer9kzI3sp-pb0CG1j2bhflZGFUZOoIf1YOBAm37kEUOKR41ieUZm7ZJ/ugc-photo-ap-southeast-1-581603780057-acd24e232f75f09e/ACCOMMODATION/154771014_ACCOMMODATION_1614769928019_b8a6c6db8fd15f41?_src=imagekit&tr=c-at_max,h-80,q-40,w-80","https://ik.imagekit.io/tvlk/ugc-review/guys1L+Yyer9kzI3sp-pb0CG1j2bhflZGFUZOoIf1YOBAm37kEUOKR41ieUZm7ZJ/ugc-photo-ap-southeast-1-581603780057-acd24e232f75f09e/ACCOMMODATION/154771014_ACCOMMODATION_1614769928019_170904a8f0baff4a?_src=imagekit&tr=c-at_max,h-80,q-40,w-80","https://ik.imagekit.io/tvlk/ugc-review/guys1L+Yyer9kzI3sp-pb0CG1j2bhflZGFUZOoIf1YOBAm37kEUOKR41ieUZm7ZJ/ugc-photo-ap-southeast-1-581603780057-acd24e232f75f09e/ACCOMMODATION/154771014_ACCOMMODATION_1614769928019_c985c3111c4c2855?_src=imagekit&tr=c-at_max,h-80,q-40,w-80","https://ik.imagekit.io/tvlk/ugc-review/guys1L+Yyer9kzI3sp-pb0CG1j2bhflZGFUZOoIf1YOBAm37kEUOKR41ieUZm7ZJ/ugc-photo-ap-southeast-1-581603780057-acd24e232f75f09e/ACCOMMODATION/154771014_ACCOMMODATION_1614769928020_2908a6fb7c746949?_src=imagekit&tr=c-at_max,h-80,q-40,w-80","https://ik.imagekit.io/tvlk/ugc-review/guys1L+Yyer9kzI3sp-pb0CG1j2bhflZGFUZOoIf1YOBAm37kEUOKR41ieUZm7ZJ/ugc-photo-ap-southeast-1-581603780057-acd24e232f75f09e/ACCOMMODATION/154771014_ACCOMMODATION_1614769928020_cf79fce06bde05f2?_src=imagekit&tr=c-at_max,h-80,q-40,w-80","https://ik.imagekit.io/tvlk/ugc-review/guys1L+Yyer9kzI3sp-pb0CG1j2bhflZGFUZOoIf1YOBAm37kEUOKR41ieUZm7ZJ/ugc-photo-ap-southeast-1-581603780057-acd24e232f75f09e/ACCOMMODATION/154771014_ACCOMMODATION_1614769928020_b38036584b8e4c99?_src=imagekit&tr=c-at_max,h-80,q-40,w-80","https://ik.imagekit.io/tvlk/ugc-review/guys1L+Yyer9kzI3sp-pb0CG1j2bhflZGFUZOoIf1YOBAm37kEUOKR41ieUZm7ZJ/ugc-photo-ap-southeast-1-581603780057-acd24e232f75f09e/ACCOMMODATION/154771014_ACCOMMODATION_1614769928020_f5a59a35ec04fb1d?_src=imagekit&tr=c-at_max,h-80,q-40,w-80","https://ik.imagekit.io/tvlk/ugc-review/guys1L+Yyer9kzI3sp-pb0CG1j2bhflZGFUZOoIf1YOBAm37kEUOKR41ieUZm7ZJ/ugc-photo-ap-southeast-1-581603780057-acd24e232f75f09e/ACCOMMODATION/154771014_ACCOMMODATION_1614769928020_69f0683967b10061?_src=imagekit&tr=c-at_max,h-80,q-40,w-80","https://ik.imagekit.io/tvlk/ugc-review/guys1L+Yyer9kzI3sp-pb0CG1j2bhflZGFUZOoIf1YOBAm37kEUOKR41ieUZm7ZJ/ugc-photo-ap-southeast-1-581603780057-acd24e232f75f09e/ACCOMMODATION/154771014_ACCOMMODATION_1614769928021_cc1088abdcbaf0b6?_src=imagekit&tr=c-at_max,h-80,q-40,w-80",,,,,,,,,,
https://www.traveloka.com/id-id/user/review/consumption/HOTEL/GENERAL/3000020007371,6,2,"Not bad lah untuk tidur , cuma kurang kolam renang saja jadi tidak dapat feel staycation yang sesungguh nya , bagus bagus",Diulas 272 minggu lalu,"https://ik.imagekit.io/tvlk/ugc-review/guys1L+Yyer9kzI3sp-pb0CG1j2bhflZGFUZOoIf1YOBAm37kEUOKR41ieUZm7ZJ/ugc-photo-ap-southeast-1-581603780057-acd24e232f75f09e/ACCOMMODATION/12022077_ACCOMMODATION_1613030187764_2c4397ec5a9b1ef1?_src=imagekit&tr=c-at_max,h-100,q-40,w-100","https://ik.imagekit.io/tvlk/ugc-review/guys1L+Yyer9kzI3sp-pb0CG1j2bhflZGFUZOoIf1YOBAm37kEUOKR41ieUZm7ZJ/ugc-photo-ap-southeast-1-581603780057-acd24e232f75f09e/ACCOMMODATION/12022077_ACCOMMODATION_1613030187764_7fa20d1127fd9c9d?_src=imagekit&tr=c-at_max,h-100,q-40,w-100","https://ik.imagekit.io/tvlk/ugc-review/guys1L+Yyer9kzI3sp-pb0CG1j2bhflZGFUZOoIf1YOBAm37kEUOKR41ieUZm7ZJ/ugc-photo-ap-southeast-1-581603780057-acd24e232f75f09e/ACCOMMODATION/12022077_ACCOMMODATION_1613030187764_5b31ad416ce81b5e?_src=imagekit&tr=c-at_max,h-100,q-40,w-100","https://ik.imagekit.io/tvlk/ugc-review/guys1L+Yyer9kzI3sp-pb0CG1j2bhflZGFUZOoIf1YOBAm37kEUOKR41ieUZm7ZJ/ugc-photo-ap-southeast-1-581603780057-acd24e232f75f09e/ACCOMMODATION/12022077_ACCOMMODATION_1613030187765_db0ab2432fcd951f?_src=imagekit&tr=c-at_max,h-100,q-40,w-100",,,,,,,,,,,,,,,,
https://www.traveloka.com/id-id/user/review/consumption/HOTEL/GENERAL/3000020007371,6,3,"Ruangan kamar bagus dan luas, beberapa saat menyalakan ac langsung bocor namun penanganan nya cepat, ketika ingin membuat air minum panas, dasar dari teko pemanas air kotor lengket bekas kopi yg sudah mengering. Tolong kebersihan lebih mendetail (kamar820). Namun pelayanan nya luar biasa bagus, cepat, dan sangat ramah 10/10. Pelayanan di resto nya adalah yang terbaik, menyediakan sarung tangan untuk mengambil makanan, dan para pelayan selalu menawarkan bantuan. Mereka bekerja sangat baik. Dan menurut saya shampoo nya bagus, tidak semua hotel saya cocok dengan shampoo nya. (tolong yang tau merk nya beri tahu ke saya haha), untuk keseluruhan saya puas dan ingin kembali menginap di hotel ini, terimakasih",Diulas 274 minggu lalu,"https://ik.imagekit.io/tvlk/ugc-review/guys1L+Yyer9kzI3sp-pb0CG1j2bhflZGFUZOoIf1YOBAm37kEUOKR41ieUZm7ZJ/ugc-photo-ap-southeast-1-581603780057-acd24e232f75f09e/ACCOMMODATION/143466048_ACCOMMODATION_1612664133747_ca164a4b89a8f194?_src=imagekit&tr=c-at_max,h-100,q-40,w-100","https://ik.imagekit.io/tvlk/ugc-review/guys1L+Yyer9kzI3sp-pb0CG1j2bhflZGFUZOoIf1YOBAm37kEUOKR41ieUZm7ZJ/ugc-photo-ap-southeast-1-581603780057-acd24e232f75f09e/ACCOMMODATION/143466048_ACCOMMODATION_1612664538325_42b3ec809d5e3b72?_src=imagekit&tr=c-at_max,h-100,q-40,w-100",,,,,,,,,,,,,,,,,,
https://www.traveloka.com/id-id/user/review/consumption/HOTEL/GENERAL/3000020007371,6,4,"Proses check-in sangat cepat, all staf are friendly dan nice. Overall breakfast menu dan taste was good. I love croissantnya. Kamar type deluxe juga gede banget. Overall semuanya oke, thanks savero hotel depok.",Diulas 279 minggu lalu,"https://ik.imagekit.io/tvlk/ugc-review/guys1L+Yyer9kzI3sp-pb0CG1j2bhflZGFUZOoIf1YOBAm37kEUOKR41ieUZm7ZJ/ugc-photo-ap-southeast-1-581603780057-acd24e232f75f09e/ACCOMMODATION/9026210_ACCOMMODATION_1609738881983_42774152cc4bc975?_src=imagekit&tr=c-at_max,h-100,q-40,w-100",,,,,,,,,,,,,,,,,,,
https://www.traveloka.com/id-id/user/review/consumption/HOTEL/GENERAL/3000020007371,6,5,"Sudah kesekian kali menginap. sampai data masih ada dan pegawai restoran breakfastnya sampai hafal, hihihi. So far so good. Cuma kadang sandal cuma sepasang. Jadi harus telepon dulu baru diantar, suka sama pelayanannya. Pertahankan.",Diulas 280 minggu lalu,"https://ik.imagekit.io/tvlk/ugc-review/guys1L+Yyer9kzI3sp-pb0CG1j2bhflZGFUZOoIf1YOBAm37kEUOKR41ieUZm7ZJ/ugc-photo-ap-southeast-1-581603780057-acd24e232f75f09e/ACCOMMODATION/16832503_ACCOMMODATION_1609071172541_b8f98dab352f623f?_src=imagekit&tr=c-at_max,h-100,q-40,w-100",,,,,,,,,,,,,,,,,,,
https://www.traveloka.com/id-id/user/review/consumption/HOTEL/GENERAL/3000020007371,6,6,"Kamar bagus tapi handuk lusuh, tidak sesuai untuk kamar tipe suite yang kesannya mewah. Rasa breakfast-nya standart. Lokasi dekat dengan tempat food theatre Margonda. Space parkir kecil.",Diulas 283 minggu lalu,"https://ik.imagekit.io/tvlk/ugc-review/guys1L+Yyer9kzI3sp-pb0CG1j2bhflZGFUZOoIf1YOBAm37kEUOKR41ieUZm7ZJ/ugc-photo-ap-southeast-1-581603780057-acd24e232f75f09e/ACCOMMODATION/3813828_ACCOMMODATION_1606358362898_2755dece89a761c1?_src=imagekit&tr=c-at_max,h-100,q-40,w-100",,,,,,,,,,,,,,,,,,,
https://www.traveloka.com/id-id/user/review/consumption/HOTEL/GENERAL/3000020007371,6,7,"So comfy, bersih dan breakfastnya enak.",Diulas 283 minggu lalu,"https://ik.imagekit.io/tvlk/ugc-review/guys1L+Yyer9kzI3sp-pb0CG1j2bhflZGFUZOoIf1YOBAm37kEUOKR41ieUZm7ZJ/ugc-photo-ap-southeast-1-581603780057-acd24e232f75f09e/ACCOMMODATION/13378839_ACCOMMODATION_1607255363782_1ee49d23588838fc?_src=imagekit&tr=c-at_max,h-100,q-40,w-100",,,,,,,,,,,,,,,,,,,
https://www.traveloka.com/id-id/user/review/consumption/HOTEL/GENERAL/3000020007371,6,8,"Selimut ada bercak bercak, meja kotor, handuk juga seperti sudah tidak layak kotor kehitaman, bau bayclin menyengat, sirkulasi udara kurang bagus, setelah ditinggal lama begitu masuk bau WC menguap. Dengan rate 500 ribuan kurang banget fasilitasnya :)",Diulas 285 minggu lalu,"https://ik.imagekit.io/tvlk/ugc-review/guys1L+Yyer9kzI3sp-pb0CG1j2bhflZGFUZOoIf1YOBAm37kEUOKR41ieUZm7ZJ/ugc-photo-ap-southeast-1-581603780057-acd24e232f75f09e/ACCOMMODATION/72584428_ACCOMMODATION_1606199815580_bed6244020d47be6?_src=imagekit&tr=c-at_max,h-100,q-40,w-100","https://ik.imagekit.io/tvlk/ugc-review/guys1L+Yyer9kzI3sp-pb0CG1j2bhflZGFUZOoIf1YOBAm37kEUOKR41ieUZm7ZJ/ugc-photo-ap-southeast-1-581603780057-acd24e232f75f09e/ACCOMMODATION/72584428_ACCOMMODATION_1606199815581_7ae2151d9c70efa4?_src=imagekit&tr=c-at_max,h-100,q-40,w-100","https://ik.imagekit.io/tvlk/ugc-review/guys1L+Yyer9kzI3sp-pb0CG1j2bhflZGFUZOoIf1YOBAm37kEUOKR41ieUZm7ZJ/ugc-photo-ap-southeast-1-581603780057-acd24e232f75f09e/ACCOMMODATION/72584428_ACCOMMODATION_1606199815581_3d85acceb0f36a8d?_src=imagekit&tr=c-at_max,h-100,q-40,w-100",,,,,,,,,,,,,,,,,
https://www.traveloka.com/id-id/user/review/consumption/HOTEL/GENERAL/3000020007371,6,9,"2 kali ini menginap di savero, pelayanan oke, kamar oke, kamar bagus banget, makanan enak-enak banget banyak pilihan dan rasanya pas di mulut. Mantap pokoknya, kalau ini menurut saya hotel bintang 5. pelayannya ramah semua. mulai satpam, cs yang di tempat makan. ramah semuanya, top, Harga juga menurut saya segitu oke dan pas di kantong. pokoknya suka banget disini. semoga bisa kembali menginap lagi. oh ya. Cuma kurang di sandal. sandal yang disediakan cuma 1.",Diulas 288 minggu lalu,"https://ik.imagekit.io/tvlk/ugc-review/guys1L+Yyer9kzI3sp-pb0CG1j2bhflZGFUZOoIf1YOBAm37kEUOKR41ieUZm7ZJ/ugc-photo-ap-southeast-1-581603780057-acd24e232f75f09e/ACCOMMODATION/172383235_ACCOMMODATION_1604112862536_561366c5bab3d9a6?_src=imagekit&tr=c-at_max,h-100,q-40,w-100",,,,,,,,,,,,,,,,,,,
https://www.traveloka.com/id-id/user/review/consumption/HOTEL/GENERAL/3000020007371,6,10,"Hotel penuh dengan tamu ketika Weekend, karena Ballroom nya yang multifungsi sehingga acara - acara banyak di selenggarakan ketika weekend. Lantai lorong hotel tidak menggunakan karpet, sehingga trolly House keeping terderangar jelas dan langkah kaki orang yang lalu lalang juga terdengar. untuk key deposit dikenakan Rp.100.000 diawal dan hanya dengan Cash. Parkiran motor yang cukup dan cenderung kecil.",Diulas 290 minggu lalu,"https://ik.imagekit.io/tvlk/ugc-review/guys1L+Yyer9kzI3sp-pb0CG1j2bhflZGFUZOoIf1YOBAm37kEUOKR41ieUZm7ZJ/ugc-photo-ap-southeast-1-581603780057-acd24e232f75f09e/ACCOMMODATION/4668430_ACCOMMODATION_1603165213715_dd81770cb6bfd433?_src=imagekit&tr=c-at_max,h-100,q-40,w-100",,,,,,,,,,,,,,,,,,,
https://www.traveloka.com/id-id/user/review/consumption/HOTEL/GENERAL/3000020007371,6,11,"Handuk kurang bagus warnanya sudah abu-abu, selainnya oke, sayang tidak ada fasilitas kolam renangnya.",Diulas 292 minggu lalu,"https://ik.imagekit.io/tvlk/ugc-review/guys1L+Yyer9kzI3sp-pb0CG1j2bhflZGFUZOoIf1YOBAm37kEUOKR41ieUZm7ZJ/ugc-photo-ap-southeast-1-581603780057-acd24e232f75f09e/ACCOMMODATION/157122440_ACCOMMODATION_1601875104046_93af78edaebe378f?_src=imagekit&tr=c-at_max,h-100,q-40,w-100","https://ik.imagekit.io/tvlk/ugc-review/guys1L+Yyer9kzI3sp-pb0CG1j2bhflZGFUZOoIf1YOBAm37kEUOKR41ieUZm7ZJ/ugc-photo-ap-southeast-1-581603780057-acd24e232f75f09e/ACCOMMODATION/157122440_ACCOMMODATION_1601875104047_cd84aa1d0efe45e6?_src=imagekit&tr=c-at_max,h-100,q-40,w-100","https://ik.imagekit.io/tvlk/ugc-review/guys1L+Yyer9kzI3sp-pb0CG1j2bhflZGFUZOoIf1YOBAm37kEUOKR41ieUZm7ZJ/ugc-photo-ap-southeast-1-581603780057-acd24e232f75f09e/ACCOMMODATION/157122440_ACCOMMODATION_1601875104047_e4fc54938d0e7884?_src=imagekit&tr=c-at_max,h-100,q-40,w-100",,,,,,,,,,,,,,,,,
https://www.traveloka.com/id-id/user/review/consumption/HOTEL/GENERAL/3000020007371,6,12,wawww amazing and so happy for staycation in savero hotel depok walau awalnya pas dateng ga langsung di bolehin cek in karena kamar penuh dan juga kamar no smoking tidak tersedia langsung bete serta mikir duh bau rokok yaudah saya duduk dulu di lobby ga berapa lama dengan staff berbeda tepatnya dengan mba lady saya di bantu cek in saya bilang saya tidak bisa di kamar smoking dan wawwww surprise sy di kasih free upgrade oleh staf mba2 pake kerudung yang agak tinggi lanjut di bantu mba lady juga. akhirnya saya masuk kamar bagus sekali untuk interiornya maka saya langsung foto2 di jam berapa ada manager on duty menelp ke kamar untuk menanyakan perihal pelayanan sy sampaikan so far sampai dengan saat ini good saya senang disini thanks untuk manager on duty pada malam tersebut (saya lupa namanya) kebetulan sy ke lobby untuk ambil makan gofood sy tanya perihal late cek out (di info sampai jam 1 dan saya pun senang) ke mba pake kerudung yang tdk tinggi (maaf) soalnya mba kerudung yang receptionis 2 itu name tagnya ga keliatan so far pada saat saya cek in tanggal 02 Oktober 2020 kemaren receptionisnya ok ok selain mba lady ok punya juga mantap dan sigap melayani. next saya cek out saya di bantu dengan mba fenty saya merasa senang kembali karena di tanya pengalaman bermalam dan mengenai kamar bagaimana saya jawab bagus nice saya suka. sebenernya itu pertanyaan ringan namun ketika tamu puas atau tidak puas itu sangat membantu. sepertinya memang receptionisnya ini di beri pembekalan untuk menerima tamu dengan baik. once again thankyou untuk pelayanan dan servicenya savero hotel depok saya berharap savero hotel depok dapat selalu sukses dan menjadi hotel terdepan di kota Depok. saya sangat berharap juga dapat kembali mengunjungi savero hotel depok. thank you so much and good luck.,Diulas 292 minggu lalu,"https://ik.imagekit.io/tvlk/ugc-review/guys1L+Yyer9kzI3sp-pb0CG1j2bhflZGFUZOoIf1YOBAm37kEUOKR41ieUZm7ZJ/ugc-photo-ap-southeast-1-581603780057-acd24e232f75f09e/ACCOMMODATION/18008095_ACCOMMODATION_1601730893639_527209ebf2d32ad6?_src=imagekit&tr=c-at_max,h-80,q-40,w-80","https://ik.imagekit.io/tvlk/ugc-review/guys1L+Yyer9kzI3sp-pb0CG1j2bhflZGFUZOoIf1YOBAm37kEUOKR41ieUZm7ZJ/ugc-photo-ap-southeast-1-581603780057-acd24e232f75f09e/ACCOMMODATION/18008095_ACCOMMODATION_1601730893639_949c22858edb9c43?_src=imagekit&tr=c-at_max,h-80,q-40,w-80","https://ik.imagekit.io/tvlk/ugc-review/guys1L+Yyer9kzI3sp-pb0CG1j2bhflZGFUZOoIf1YOBAm37kEUOKR41ieUZm7ZJ/ugc-photo-ap-southeast-1-581603780057-acd24e232f75f09e/ACCOMMODATION/18008095_ACCOMMODATION_1601730893639_bf4ea1dc909941bc?_src=imagekit&tr=c-at_max,h-80,q-40,w-80","https://ik.imagekit.io/tvlk/ugc-review/guys1L+Yyer9kzI3sp-pb0CG1j2bhflZGFUZOoIf1YOBAm37kEUOKR41ieUZm7ZJ/ugc-photo-ap-southeast-1-581603780057-acd24e232f75f09e/ACCOMMODATION/18008095_ACCOMMODATION_1601730893640_3d3aa8e1cf0a1f3f?_src=imagekit&tr=c-at_max,h-80,q-40,w-80","https://ik.imagekit.io/tvlk/ugc-review/guys1L+Yyer9kzI3sp-pb0CG1j2bhflZGFUZOoIf1YOBAm37kEUOKR41ieUZm7ZJ/ugc-photo-ap-southeast-1-581603780057-acd24e232f75f09e/ACCOMMODATION/18008095_ACCOMMODATION_1601730893640_605946ebfe20f5b2?_src=imagekit&tr=c-at_max,h-80,q-40,w-80","https://ik.imagekit.io/tvlk/ugc-review/guys1L+Yyer9kzI3sp-pb0CG1j2bhflZGFUZOoIf1YOBAm37kEUOKR41ieUZm7ZJ/ugc-photo-ap-southeast-1-581603780057-acd24e232f75f09e/ACCOMMODATION/18008095_ACCOMMODATION_1601730893640_e8370cf6d3be1b75?_src=imagekit&tr=c-at_max,h-80,q-40,w-80","https://ik.imagekit.io/tvlk/ugc-review/guys1L+Yyer9kzI3sp-pb0CG1j2bhflZGFUZOoIf1YOBAm37kEUOKR41ieUZm7ZJ/ugc-photo-ap-southeast-1-581603780057-acd24e232f75f09e/ACCOMMODATION/18008095_ACCOMMODATION_1601730893641_66c5032c70185608?_src=imagekit&tr=c-at_max,h-80,q-40,w-80","https://ik.imagekit.io/tvlk/ugc-review/guys1L+Yyer9kzI3sp-pb0CG1j2bhflZGFUZOoIf1YOBAm37kEUOKR41ieUZm7ZJ/ugc-photo-ap-southeast-1-581603780057-acd24e232f75f09e/ACCOMMODATION/18008095_ACCOMMODATION_1601730893641_2d43f6c8a05a83ab?_src=imagekit&tr=c-at_max,h-80,q-40,w-80",,,,,,,,,,,,
https://www.traveloka.com/id-id/user/review/consumption/HOTEL/GENERAL/3000020007371,6,13,Kamar bersih dan mantap pelayanannya.,Diulas 295 minggu lalu,"https://ik.imagekit.io/tvlk/ugc-review/guys1L+Yyer9kzI3sp-pb0CG1j2bhflZGFUZOoIf1YOBAm37kEUOKR41ieUZm7ZJ/ugc-photo-ap-southeast-1-581603780057-acd24e232f75f09e/ACCOMMODATION/0_ACCOMMODATION_1599727285135_2958236ca16a9461?_src=imagekit&tr=c-at_max,h-100,q-40,w-100",,,,,,,,,,,,,,,,,,,
https://www.traveloka.com/id-id/user/review/consumption/HOTEL/GENERAL/3000020007371,6,14,"Bersih, nyaman, pelayanan ramah, lokasi stategis dikota Depok dan makanan paginya cocok banget.",Diulas 295 minggu lalu,"https://ik.imagekit.io/tvlk/ugc-review/guys1L+Yyer9kzI3sp-pb0CG1j2bhflZGFUZOoIf1YOBAm37kEUOKR41ieUZm7ZJ/ugc-photo-ap-southeast-1-581603780057-acd24e232f75f09e/ACCOMMODATION/11639393_ACCOMMODATION_1600074001257_3cb7bad6bd1c99ea?_src=imagekit&tr=c-at_max,h-100,q-40,w-100","https://ik.imagekit.io/tvlk/ugc-review/guys1L+Yyer9kzI3sp-pb0CG1j2bhflZGFUZOoIf1YOBAm37kEUOKR41ieUZm7ZJ/ugc-photo-ap-southeast-1-581603780057-acd24e232f75f09e/ACCOMMODATION/11639393_ACCOMMODATION_1600074001258_4cfcc9ee6b9263c9?_src=imagekit&tr=c-at_max,h-100,q-40,w-100","https://ik.imagekit.io/tvlk/ugc-review/guys1L+Yyer9kzI3sp-pb0CG1j2bhflZGFUZOoIf1YOBAm37kEUOKR41ieUZm7ZJ/ugc-photo-ap-southeast-1-581603780057-acd24e232f75f09e/ACCOMMODATION/11639393_ACCOMMODATION_1600074001258_b0674d25c7acb2ac?_src=imagekit&tr=c-at_max,h-100,q-40,w-100","https://ik.imagekit.io/tvlk/ugc-review/guys1L+Yyer9kzI3sp-pb0CG1j2bhflZGFUZOoIf1YOBAm37kEUOKR41ieUZm7ZJ/ugc-photo-ap-southeast-1-581603780057-acd24e232f75f09e/ACCOMMODATION/11639393_ACCOMMODATION_1600074001262_d85dc8b4e38662b1?_src=imagekit&tr=c-at_max,h-100,q-40,w-100","https://ik.imagekit.io/tvlk/ugc-review/guys1L+Yyer9kzI3sp-pb0CG1j2bhflZGFUZOoIf1YOBAm37kEUOKR41ieUZm7ZJ/ugc-photo-ap-southeast-1-581603780057-acd24e232f75f09e/ACCOMMODATION/11639393_ACCOMMODATION_1600074001263_59eb59763d707e68?_src=imagekit&tr=c-at_max,h-100,q-40,w-100","https://ik.imagekit.io/tvlk/ugc-review/guys1L+Yyer9kzI3sp-pb0CG1j2bhflZGFUZOoIf1YOBAm37kEUOKR41ieUZm7ZJ/ugc-photo-ap-southeast-1-581603780057-acd24e232f75f09e/ACCOMMODATION/11639393_ACCOMMODATION_1600074001264_10d15168ebffe96b?_src=imagekit&tr=c-at_max,h-100,q-40,w-100",,,,,,,,,,,,,,
https://www.traveloka.com/id-id/user/review/consumption/HOTEL/GENERAL/3000020007371,6,15,"Review hotel savero depok Ini sudah kedua kalinya staycation disini dan tetap sama, hampir semua hal excellent. Potongan mamaloka 200k, jadi kamar superior plus bf 280k. Nginep bareng keluarga buka 4 kamar superior tiap minggu nungguin kode voucher. Special request connecting room & no smoking room dikabulkan dan kayaknya kamar saya diupgrade karna beda dari kamar sebelah yang lebih sempit dan tidak ada kulkas mini. Dari 4 kamar kami dapat 721,719 (connecting) 701 & 705. Yang 701 & 705 sempit banget. 721 super duper lega. 719 standard superior. Masuk hotel diperiksa suhu, semua staff ramah ramah. Check in cepat tapi baru 2 kamar yang ready. Akhirnya menunggu di kamar yang ready. Staff bernama Lady sangat membantu kami. Benar benar merasakan pelayanan dari hati. Deposit 200rb untuk 4 kamar. Protokol kesehatan dijalankan tapi gak seketat di swissbel. Kamar saya 721 besar dan posisinya dihook, view jalan margonda raya. Dapat kamar twin yang tinggal geser. Semua fasilitas kamar berfungsi baik kecuali wifi lemot. Suka banget dengan interior kamarnya, dengan harga segini terbaiklah di kelas hotel depok. Savero ini gak ada fasilitas yang bisa dinikmati, jadi benar benar buat istirahat aja. Untuk sarapan sendiri lumayan banyak pilihan dan rasanya juga enak kecuali pastrynya keras semua. Kalau sarapan jangan lewatkan pojokan meeting room yang disulap jadi kids corner, walau terbatas mainannya tapi cukup untuk membuat anak anak tenang, sementara orangtua sarapan. At all buat yang mau gegoleran di daerah depok, savero ini masih jadi pilihan.",Diulas 296 minggu lalu,"https://ik.imagekit.io/tvlk/ugc-review/guys1L+Yyer9kzI3sp-pb0CG1j2bhflZGFUZOoIf1YOBAm37kEUOKR41ieUZm7ZJ/ugc-photo-ap-southeast-1-581603780057-acd24e232f75f09e/ACCOMMODATION/5394014_ACCOMMODATION_1599098627491_320c013bb2f5f571?_src=imagekit&tr=c-at_max,h-80,q-40,w-80","https://ik.imagekit.io/tvlk/ugc-review/guys1L+Yyer9kzI3sp-pb0CG1j2bhflZGFUZOoIf1YOBAm37kEUOKR41ieUZm7ZJ/ugc-photo-ap-southeast-1-581603780057-acd24e232f75f09e/ACCOMMODATION/5394014_ACCOMMODATION_1599098627492_4df00f1c4b95d4f0?_src=imagekit&tr=c-at_max,h-80,q-40,w-80","https://ik.imagekit.io/tvlk/ugc-review/guys1L+Yyer9kzI3sp-pb0CG1j2bhflZGFUZOoIf1YOBAm37kEUOKR41ieUZm7ZJ/ugc-photo-ap-southeast-1-581603780057-acd24e232f75f09e/ACCOMMODATION/5394014_ACCOMMODATION_1599098627492_c473e6c73d207c15?_src=imagekit&tr=c-at_max,h-80,q-40,w-80","https://ik.imagekit.io/tvlk/ugc-review/guys1L+Yyer9kzI3sp-pb0CG1j2bhflZGFUZOoIf1YOBAm37kEUOKR41ieUZm7ZJ/ugc-photo-ap-southeast-1-581603780057-acd24e232f75f09e/ACCOMMODATION/5394014_ACCOMMODATION_1599098627493_029026b3325c4921?_src=imagekit&tr=c-at_max,h-80,q-40,w-80","https://ik.imagekit.io/tvlk/ugc-review/guys1L+Yyer9kzI3sp-pb0CG1j2bhflZGFUZOoIf1YOBAm37kEUOKR41ieUZm7ZJ/ugc-photo-ap-southeast-1-581603780057-acd24e232f75f09e/ACCOMMODATION/5394014_ACCOMMODATION_1599098627493_3896f7e967f6a00b?_src=imagekit&tr=c-at_max,h-80,q-40,w-80","https://ik.imagekit.io/tvlk/ugc-review/guys1L+Yyer9kzI3sp-pb0CG1j2bhflZGFUZOoIf1YOBAm37kEUOKR41ieUZm7ZJ/ugc-photo-ap-southeast-1-581603780057-acd24e232f75f09e/ACCOMMODATION/5394014_ACCOMMODATION_1599100368139_2e2ca886e4c6df00?_src=imagekit&tr=c-at_max,h-80,q-40,w-80","https://ik.imagekit.io/tvlk/ugc-review/guys1L+Yyer9kzI3sp-pb0CG1j2bhflZGFUZOoIf1YOBAm37kEUOKR41ieUZm7ZJ/ugc-photo-ap-southeast-1-581603780057-acd24e232f75f09e/ACCOMMODATION/5394014_ACCOMMODATION_1599100368139_e2103514c9061961?_src=imagekit&tr=c-at_max,h-80,q-40,w-80",,,,,,,,,,,,,
https://www.traveloka.com/id-id/user/review/consumption/HOTEL/GENERAL/3000020007371,6,16,"Sangat tidak nyaman, pihak receptionist menuduh saya membawa hanger setelah checkout nelpon saya sampai 4x padahal saya menginap di sana karena keluarga saya yang di depok sedang berduka dan saya sedang berada di pemakaman, sprei kotor ada darah, menjijikkan, untung makanan nya lumayan banyak, sedikit ada positifnya",Diulas 302 minggu lalu,"https://ik.imagekit.io/tvlk/ugc-review/guys1L+Yyer9kzI3sp-pb0CG1j2bhflZGFUZOoIf1YOBAm37kEUOKR41ieUZm7ZJ/ugc-photo-ap-southeast-1-581603780057-acd24e232f75f09e/ACCOMMODATION/28630078_ACCOMMODATION_1595822163350_fc112d34cd78e8ad?_src=imagekit&tr=c-at_max,h-100,q-40,w-100",,,,,,,,,,,,,,,,,,,
https://www.traveloka.com/id-id/user/review/consumption/HOTEL/GENERAL/3000020007371,6,17,"yang paling saya sukai adalah layanan dan senyum dari semua kru, saya pikir saya akan menghabiskan malam lagi di lain waktu.",Diulas 318 minggu lalu,"https://ik.imagekit.io/tvlk/ugc-review/guys1L+Yyer9kzI3sp-pb0CG1j2bhflZGFUZOoIf1YOBAm37kEUOKR41ieUZm7ZJ/ugc-photo-ap-southeast-1-581603780057-acd24e232f75f09e/ACCOMMODATION/47289013_ACCOMMODATION_1585891638356_0fb68a5b1a8dd63d?_src=imagekit&tr=c-at_max,h-100,q-40,w-100",,,,,,,,,,,,,,,,,,,
https://www.traveloka.com/id-id/user/review/consumption/HOTEL/GENERAL/3000020007371,6,18,"super nyaman, semua staf sangat baik dan sangat membantu. Savero akan menjadi pilihan pertama saya untuk tinggal di Depok. Terasa di rumah 💕💕",Diulas 322 minggu lalu,"https://ik.imagekit.io/tvlk/ugc-review/guys1L+Yyer9kzI3sp-pb0CG1j2bhflZGFUZOoIf1YOBAm37kEUOKR41ieUZm7ZJ/ugc-photo-ap-southeast-1-581603780057-acd24e232f75f09e/ACCOMMODATION/11318582_ACCOMMODATION_1583667056269_c87d49cf5f77e572?_src=imagekit&tr=c-at_max,h-100,q-40,w-100",,,,,,,,,,,,,,,,,,,
https://www.traveloka.com/id-id/user/review/consumption/HOTEL/GENERAL/3000020007371,6,19,"Kuranglah, check-in nunggu padahal sudah konfirmasi via telepon jauh-jauh hari. Itu jam 6 sore saya masih harus nunggu kamar ready!! makanan variatif tapi hambar. pelayanan itu lop parah. Parkir saja full gegara ada acra di ballroomnya. woy itu tamu loh. mlah tidak dapat tempat parkir. ketembang yang kondangan.",Diulas 323 minggu lalu,"https://ik.imagekit.io/tvlk/ugc-review/guys1L+Yyer9kzI3sp-pb0CG1j2bhflZGFUZOoIf1YOBAm37kEUOKR41ieUZm7ZJ/ugc-photo-ap-southeast-1-581603780057-acd24e232f75f09e/ACCOMMODATION/21354592_ACCOMMODATION_1582705960905_83231767b8d76131?_src=imagekit&tr=c-at_max,h-100,q-40,w-100","https://ik.imagekit.io/tvlk/ugc-review/guys1L+Yyer9kzI3sp-pb0CG1j2bhflZGFUZOoIf1YOBAm37kEUOKR41ieUZm7ZJ/ugc-photo-ap-southeast-1-581603780057-acd24e232f75f09e/ACCOMMODATION/21354592_ACCOMMODATION_1582705960905_92df081668da220e?_src=imagekit&tr=c-at_max,h-100,q-40,w-100","https://ik.imagekit.io/tvlk/ugc-review/guys1L+Yyer9kzI3sp-pb0CG1j2bhflZGFUZOoIf1YOBAm37kEUOKR41ieUZm7ZJ/ugc-photo-ap-southeast-1-581603780057-acd24e232f75f09e/ACCOMMODATION/21354592_ACCOMMODATION_1582705960905_cb92104ee3b4a32b?_src=imagekit&tr=c-at_max,h-100,q-40,w-100",,,,,,,,,,,,,,,,,
https://www.traveloka.com/id-id/user/review/consumption/HOTEL/GENERAL/3000020007371,6,20,"Saya akan sangat merekomendasikan hal ini kepada semua orang. Interior mewah, perlengkapan mandi lengkap, staf yang ramah. Mereka memberi saya alat doa karena saya lupa membawanya.",Diulas 326 minggu lalu,"https://ik.imagekit.io/tvlk/ugc-review/guys1L+Yyer9kzI3sp-pb0CG1j2bhflZGFUZOoIf1YOBAm37kEUOKR41ieUZm7ZJ/ugc-photo-ap-southeast-1-581603780057-acd24e232f75f09e/ACCOMMODATION/20597327_ACCOMMODATION_1581128942835_0952bc580cefe77b?_src=imagekit&tr=c-at_max,h-100,q-40,w-100","https://ik.imagekit.io/tvlk/ugc-review/guys1L+Yyer9kzI3sp-pb0CG1j2bhflZGFUZOoIf1YOBAm37kEUOKR41ieUZm7ZJ/ugc-photo-ap-southeast-1-581603780057-acd24e232f75f09e/ACCOMMODATION/20597327_ACCOMMODATION_1581128942836_6f174ece01bf6b8e?_src=imagekit&tr=c-at_max,h-100,q-40,w-100","https://ik.imagekit.io/tvlk/ugc-review/guys1L+Yyer9kzI3sp-pb0CG1j2bhflZGFUZOoIf1YOBAm37kEUOKR41ieUZm7ZJ/ugc-photo-ap-southeast-1-581603780057-acd24e232f75f09e/ACCOMMODATION/20597327_ACCOMMODATION_1581128942836_55e216a2bdc44c03?_src=imagekit&tr=c-at_max,h-100,q-40,w-100",,,,,,,,,,,,,,,,,
https://www.traveloka.com/id-id/user/review/consumption/HOTEL/GENERAL/3000020007371,7,1,"Late c/i pada tanggal 3 februari pukul 23.30, ternyata kamar seperti tidak ready. air mineral kemasan tidak tersedia, Diganti dengan air mineral yang ditempatkan di jug. Slipper hanya disediakan 1 pasang. Tempat sampah rusak (tidak bisa ditutup). Tidak ada refrigerator seperti yang tertera di foto. Shower gel dan shampoo hanya disediakan masing-masing 1 botol kecil yang hanya cukup untuk 1 orang dewasa. Kritik untuk housekeeping agar tiap kamar diprepare sesuai dengan kapasitasnya, luas kamar cukup memuaskan, kebersihan standar, Interior kamar menyenangkan. Kuda di pada kritik untuk housekeeping: stay hari kedua, Jam 07.00 saya tekan doorsign clean up lalu meninggalkan kamar untuk antar anak ke sekolah. Jam 08.30an posisi housekeeping ada di sebelah kiri kamar saya. Saya memutuskan untuk tunggu giliran kamar di cleanup. Jam 09.00an saya lihat posisi housekeeping sudah di sebelah kanar kamar saya/kamar daya dilewati. Mungkin karena saya lupa off-an doorsign don't distur. Lalu saya meminta seorang housekeeping yang berpapasan dengan saya agar kamar saya di cleanup. Sekitar 15 menit setelahnya housekeeping cleanup kamar saya. Pukul 15.00 ketika saya dan anak-anak sedang tidur siang, pintu saya diketok dengan keras beberapa kali sambil berkata housekeeping. Karena saya tidak merasa memanggil housekeeping dan posisi saya saat itu ada di antara anak-anak saya yang sedang tidur khawatir mereka terbangun, Saya tidak bukakan pintunya. Lalu housekeeping membuka pintu saya dengan access cardnya. Untungnya saya selalu double lock pintu. Beberapa kali dia coba mendorong pintunya. Terpaksa saya yang saat itu jantungnya berdebar-debebar karena dikagetkan ketika sedang nyenyak tidur, beranjak untuk tanya keperluan housekeeping tersebut. Saya tanya ada apa, housekeeping tanya mau di cleanup kamarnya. Padahal doorsign cleanup saya off dan yang saya nyalakan adalah door sign don't disturb. Mohon agar housekeeping ditatar kembali agar memperhatikan doorsign dulu sebelum ketok pintu/pencet bell kamar. Hal tersebut sangat mengganggu sekali. Dilihat dari seragamnya sepertinya staf Magang (Poloshirt merah). Semoga bisa di followup agar ke depannya tidak mengecewakan tamu. Terima kasih.",Diulas 327 minggu lalu,"https://ik.imagekit.io/tvlk/ugc-review/guys1L+Yyer9kzI3sp-pb0CG1j2bhflZGFUZOoIf1YOBAm37kEUOKR41ieUZm7ZJ/ugc-photo-ap-southeast-1-581603780057-acd24e232f75f09e/ACCOMMODATION/2160305_ACCOMMODATION_1580755971093_f7a4df2e4dc13597?_src=imagekit&tr=c-at_max,h-100,q-40,w-100","https://ik.imagekit.io/tvlk/ugc-review/guys1L+Yyer9kzI3sp-pb0CG1j2bhflZGFUZOoIf1YOBAm37kEUOKR41ieUZm7ZJ/ugc-photo-ap-southeast-1-581603780057-acd24e232f75f09e/ACCOMMODATION/2160305_ACCOMMODATION_1580755971094_435da9bf6695227c?_src=imagekit&tr=c-at_max,h-100,q-40,w-100","https://ik.imagekit.io/tvlk/ugc-review/guys1L+Yyer9kzI3sp-pb0CG1j2bhflZGFUZOoIf1YOBAm37kEUOKR41ieUZm7ZJ/ugc-photo-ap-southeast-1-581603780057-acd24e232f75f09e/ACCOMMODATION/2160305_ACCOMMODATION_1580755971094_74c99a89f0c837b6?_src=imagekit&tr=c-at_max,h-100,q-40,w-100","https://ik.imagekit.io/tvlk/ugc-review/guys1L+Yyer9kzI3sp-pb0CG1j2bhflZGFUZOoIf1YOBAm37kEUOKR41ieUZm7ZJ/ugc-photo-ap-southeast-1-581603780057-acd24e232f75f09e/ACCOMMODATION/2160305_ACCOMMODATION_1580810559204_8d85b10ebf2c26b0?_src=imagekit&tr=c-at_max,h-100,q-40,w-100",,,,,,,,,,,,,,,,
https://www.traveloka.com/id-id/user/review/consumption/HOTEL/GENERAL/3000020007371,7,2,Pelayanan prima! Kami tiba dengan tempat parkir penuh & keamanan menawarkan layanan pelayan gratis (termasuk dalam pemesanan). Bellboy membantu kami dengan barang-barang kami segera & check-in cepat. Kamar tidur sangat luas & nyaman untuk harganya. Keseluruhan pengalaman hebat :),Diulas 327 minggu lalu,"https://ik.imagekit.io/tvlk/ugc-review/guys1L+Yyer9kzI3sp-pb0CG1j2bhflZGFUZOoIf1YOBAm37kEUOKR41ieUZm7ZJ/ugc-photo-ap-southeast-1-581603780057-acd24e232f75f09e/ACCOMMODATION/108324029_ACCOMMODATION_1580289688125_6266bfa243efd546?_src=imagekit&tr=c-at_max,h-100,q-40,w-100","https://ik.imagekit.io/tvlk/ugc-review/guys1L+Yyer9kzI3sp-pb0CG1j2bhflZGFUZOoIf1YOBAm37kEUOKR41ieUZm7ZJ/ugc-photo-ap-southeast-1-581603780057-acd24e232f75f09e/ACCOMMODATION/108324029_ACCOMMODATION_1580289688126_07e837aa497fb58b?_src=imagekit&tr=c-at_max,h-100,q-40,w-100","https://ik.imagekit.io/tvlk/ugc-review/guys1L+Yyer9kzI3sp-pb0CG1j2bhflZGFUZOoIf1YOBAm37kEUOKR41ieUZm7ZJ/ugc-photo-ap-southeast-1-581603780057-acd24e232f75f09e/ACCOMMODATION/108324029_ACCOMMODATION_1580289688126_4aaaf1f08ca050ed?_src=imagekit&tr=c-at_max,h-100,q-40,w-100",,,,,,,,,,,,,,,,,
https://www.traveloka.com/id-id/user/review/consumption/HOTEL/GENERAL/3000020007371,7,3,"Kamar bersih, furniture model klasik. Sarapan enak, banyak pilihan menu.",Diulas 328 minggu lalu,"https://ik.imagekit.io/tvlk/ugc-review/guys1L+Yyer9kzI3sp-pb0CG1j2bhflZGFUZOoIf1YOBAm37kEUOKR41ieUZm7ZJ/ugc-photo-ap-southeast-1-581603780057-acd24e232f75f09e/ACCOMMODATION/4966124_ACCOMMODATION_1580035739298_96dc6dd76df9c731?_src=imagekit&tr=c-at_max,h-100,q-40,w-100","https://ik.imagekit.io/tvlk/ugc-review/guys1L+Yyer9kzI3sp-pb0CG1j2bhflZGFUZOoIf1YOBAm37kEUOKR41ieUZm7ZJ/ugc-photo-ap-southeast-1-581603780057-acd24e232f75f09e/ACCOMMODATION/4966124_ACCOMMODATION_1580035739298_e46d1f9660346fff?_src=imagekit&tr=c-at_max,h-100,q-40,w-100",,,,,,,,,,,,,,,,,,
https://www.traveloka.com/id-id/user/review/consumption/HOTEL/GENERAL/3000020007371,7,4,"Pelayanan cukup, tetapi makanan masih kurang bersih tidak seperti pertama buka. teliti lagi dalam penyajian makanan, karena ini termasuk hotel bagus. Pelayanan sudah bagus tapi sarapan menurun kualitas. Handuk jelek.",Diulas 328 minggu lalu,"https://ik.imagekit.io/tvlk/ugc-review/guys1L+Yyer9kzI3sp-pb0CG1j2bhflZGFUZOoIf1YOBAm37kEUOKR41ieUZm7ZJ/ugc-photo-ap-southeast-1-581603780057-acd24e232f75f09e/ACCOMMODATION/134606810_ACCOMMODATION_1579706196103_e7f5db0b994117ef?_src=imagekit&tr=c-at_max,h-100,q-40,w-100",,,,,,,,,,,,,,,,,,,
https://www.traveloka.com/id-id/user/review/consumption/HOTEL/GENERAL/3000020007371,7,5,"Kamar yang bagus dan cukup, bersih dan nyaman. Hotel-hotel Savero sudah menggantikan mug dengan model baru, itu hal yang sederhana tetapi membuat beberapa berbeda. Handuk mandi harus diganti dengan yang baru.",Diulas 329 minggu lalu,"https://ik.imagekit.io/tvlk/ugc-review/guys1L+Yyer9kzI3sp-pb0CG1j2bhflZGFUZOoIf1YOBAm37kEUOKR41ieUZm7ZJ/ugc-photo-ap-southeast-1-581603780057-acd24e232f75f09e/ACCOMMODATION/86518361_ACCOMMODATION_1579497029221_501e2cbaac841cb8?_src=imagekit&tr=c-at_max,h-100,q-40,w-100","https://ik.imagekit.io/tvlk/ugc-review/guys1L+Yyer9kzI3sp-pb0CG1j2bhflZGFUZOoIf1YOBAm37kEUOKR41ieUZm7ZJ/ugc-photo-ap-southeast-1-581603780057-acd24e232f75f09e/ACCOMMODATION/86518361_ACCOMMODATION_1579497029221_b8a2da0b33ee8770?_src=imagekit&tr=c-at_max,h-100,q-40,w-100","https://ik.imagekit.io/tvlk/ugc-review/guys1L+Yyer9kzI3sp-pb0CG1j2bhflZGFUZOoIf1YOBAm37kEUOKR41ieUZm7ZJ/ugc-photo-ap-southeast-1-581603780057-acd24e232f75f09e/ACCOMMODATION/86518361_ACCOMMODATION_1579497029221_54fe612e3a6d6e8a?_src=imagekit&tr=c-at_max,h-100,q-40,w-100",,,,,,,,,,,,,,,,,
https://www.traveloka.com/id-id/user/review/consumption/HOTEL/GENERAL/3000020007371,7,6,"Tempatnya nyaman, jauh dari kebisingan padahal hotelnya berada di jalan utama, dikelilingi berbagai macam kuliner, pertokoan, Jadi tidak susah nyari makan lawa tidak mau makan di restoran hotel, tersedia musholla dan tempat untuk sholat jum'at untuk para tamu dan warga sekitar, Baru kali ini nemu hotel yang bisa di pakai jumayan, sangat mempermudah dan membantu para tamu yang ingin sholat berjamaah. Dan baru kali ini menginap di hotel yang direstonya nyediain jamu dan infused water saat breakfast, masyaallah, keren, Di hotel ini juga tidak di penuhi lukisan makhluk atau patung, recommended deh pokoknya. Sukses selalu savero hotel.",Diulas 329 minggu lalu,"https://ik.imagekit.io/tvlk/ugc-review/guys1L+Yyer9kzI3sp-pb0CG1j2bhflZGFUZOoIf1YOBAm37kEUOKR41ieUZm7ZJ/ugc-photo-ap-southeast-1-581603780057-acd24e232f75f09e/ACCOMMODATION/55153175_ACCOMMODATION_1579273274024_1011698cc377a497?_src=imagekit&tr=c-at_max,h-100,q-40,w-100","https://ik.imagekit.io/tvlk/ugc-review/guys1L+Yyer9kzI3sp-pb0CG1j2bhflZGFUZOoIf1YOBAm37kEUOKR41ieUZm7ZJ/ugc-photo-ap-southeast-1-581603780057-acd24e232f75f09e/ACCOMMODATION/55153175_ACCOMMODATION_1579273274024_64447b2626af2aac?_src=imagekit&tr=c-at_max,h-100,q-40,w-100",,,,,,,,,,,,,,,,,,
https://www.traveloka.com/id-id/user/review/consumption/HOTEL/GENERAL/3000020007371,7,7,"Luar biasa pengalamaan yang sangat menyenangkan menginap di savero hotel depok, pelayanan super ramah, berasa hotel bintang 4, rapi dan bersih, Lokasi dekat ke mal, hanya kalau ada yang perlu ditingkatkan, mungkin handuknya coba perbaharui.",Diulas 330 minggu lalu,"https://ik.imagekit.io/tvlk/ugc-review/guys1L+Yyer9kzI3sp-pb0CG1j2bhflZGFUZOoIf1YOBAm37kEUOKR41ieUZm7ZJ/ugc-photo-ap-southeast-1-581603780057-acd24e232f75f09e/ACCOMMODATION/91703970_ACCOMMODATION_1578823305888_db6ca4f6f28b83cb?_src=imagekit&tr=c-at_max,h-100,q-40,w-100","https://ik.imagekit.io/tvlk/ugc-review/guys1L+Yyer9kzI3sp-pb0CG1j2bhflZGFUZOoIf1YOBAm37kEUOKR41ieUZm7ZJ/ugc-photo-ap-southeast-1-581603780057-acd24e232f75f09e/ACCOMMODATION/91703970_ACCOMMODATION_1578823305889_3f262c78da911bae?_src=imagekit&tr=c-at_max,h-100,q-40,w-100","https://ik.imagekit.io/tvlk/ugc-review/guys1L+Yyer9kzI3sp-pb0CG1j2bhflZGFUZOoIf1YOBAm37kEUOKR41ieUZm7ZJ/ugc-photo-ap-southeast-1-581603780057-acd24e232f75f09e/ACCOMMODATION/91703970_ACCOMMODATION_1578823305889_698bf03a7e5c8efa?_src=imagekit&tr=c-at_max,h-100,q-40,w-100","https://ik.imagekit.io/tvlk/ugc-review/guys1L+Yyer9kzI3sp-pb0CG1j2bhflZGFUZOoIf1YOBAm37kEUOKR41ieUZm7ZJ/ugc-photo-ap-southeast-1-581603780057-acd24e232f75f09e/ACCOMMODATION/91703970_ACCOMMODATION_1578823305889_0d7a4089aa99b7fa?_src=imagekit&tr=c-at_max,h-100,q-40,w-100","https://ik.imagekit.io/tvlk/ugc-review/guys1L+Yyer9kzI3sp-pb0CG1j2bhflZGFUZOoIf1YOBAm37kEUOKR41ieUZm7ZJ/ugc-photo-ap-southeast-1-581603780057-acd24e232f75f09e/ACCOMMODATION/91703970_ACCOMMODATION_1578823305889_7c96bcb895059944?_src=imagekit&tr=c-at_max,h-100,q-40,w-100","https://ik.imagekit.io/tvlk/ugc-review/guys1L+Yyer9kzI3sp-pb0CG1j2bhflZGFUZOoIf1YOBAm37kEUOKR41ieUZm7ZJ/ugc-photo-ap-southeast-1-581603780057-acd24e232f75f09e/ACCOMMODATION/91703970_ACCOMMODATION_1578823305890_f7d43472565f9116?_src=imagekit&tr=c-at_max,h-100,q-40,w-100",,,,,,,,,,,,,,
https://www.traveloka.com/id-id/user/review/consumption/HOTEL/GENERAL/3000020007371,7,8,"Sudah kedua kalinya ke savero, pertama coba room yang deluxe, kedua coba yang suite. Ruangannya bersih, AC-nya dingin, Dekorasinya berasa kaya kamarnya syarini hahah minusnya cuma tidak ada kolam renang saja.",Diulas 331 minggu lalu,"https://ik.imagekit.io/tvlk/ugc-review/guys1L+Yyer9kzI3sp-pb0CG1j2bhflZGFUZOoIf1YOBAm37kEUOKR41ieUZm7ZJ/ugc-photo-ap-southeast-1-581603780057-acd24e232f75f09e/ACCOMMODATION/9600919_ACCOMMODATION_1578278980874_645f43ae45c5b36d?_src=imagekit&tr=c-at_max,h-100,q-40,w-100",,,,,,,,,,,,,,,,,,,
https://www.traveloka.com/id-id/user/review/consumption/HOTEL/GENERAL/3000020007371,7,9,"Hotel sederhana namun bersih dan nyaman, para staf ramah dan sigap membantu. Layak untuk dikunjungi bersama keluarga dan anak-anak.",Diulas 337 minggu lalu,"https://ik.imagekit.io/tvlk/ugc-review/guys1L+Yyer9kzI3sp-pb0CG1j2bhflZGFUZOoIf1YOBAm37kEUOKR41ieUZm7ZJ/ugc-photo-ap-southeast-1-581603780057-acd24e232f75f09e/ACCOMMODATION/3220503_ACCOMMODATION_1574591247063_7c9d26312b6ccd02?_src=imagekit&tr=c-at_max,h-100,q-40,w-100","https://ik.imagekit.io/tvlk/ugc-review/guys1L+Yyer9kzI3sp-pb0CG1j2bhflZGFUZOoIf1YOBAm37kEUOKR41ieUZm7ZJ/ugc-photo-ap-southeast-1-581603780057-acd24e232f75f09e/ACCOMMODATION/3220503_ACCOMMODATION_1574591247063_477c955c6ad8debc?_src=imagekit&tr=c-at_max,h-100,q-40,w-100",,,,,,,,,,,,,,,,,,
https://www.traveloka.com/id-id/user/review/consumption/HOTEL/GENERAL/3000020007371,7,10,"Akhirnya kesampaian juga menginap di Hotel Savero Depok karena pas banget ada acara. Pas banget juga ada diskon. Heuheu... nyaman sih disini, asyik, mewah juga.",Diulas 338 minggu lalu,"https://ik.imagekit.io/tvlk/ugc-review/guys1L+Yyer9kzI3sp-pb0CG1j2bhflZGFUZOoIf1YOBAm37kEUOKR41ieUZm7ZJ/ugc-photo-ap-southeast-1-581603780057-acd24e232f75f09e/ACCOMMODATION/62634089_ACCOMMODATION_1573993900023_8bb009a5f6920c32?_src=imagekit&tr=c-at_max,h-100,q-40,w-100","https://ik.imagekit.io/tvlk/ugc-review/guys1L+Yyer9kzI3sp-pb0CG1j2bhflZGFUZOoIf1YOBAm37kEUOKR41ieUZm7ZJ/ugc-photo-ap-southeast-1-581603780057-acd24e232f75f09e/ACCOMMODATION/62634089_ACCOMMODATION_1573993900024_64950afcc173e60d?_src=imagekit&tr=c-at_max,h-100,q-40,w-100","https://ik.imagekit.io/tvlk/ugc-review/guys1L+Yyer9kzI3sp-pb0CG1j2bhflZGFUZOoIf1YOBAm37kEUOKR41ieUZm7ZJ/ugc-photo-ap-southeast-1-581603780057-acd24e232f75f09e/ACCOMMODATION/62634089_ACCOMMODATION_1573993900024_6d3c434233e47c7f?_src=imagekit&tr=c-at_max,h-100,q-40,w-100","https://ik.imagekit.io/tvlk/ugc-review/guys1L+Yyer9kzI3sp-pb0CG1j2bhflZGFUZOoIf1YOBAm37kEUOKR41ieUZm7ZJ/ugc-photo-ap-southeast-1-581603780057-acd24e232f75f09e/ACCOMMODATION/62634089_ACCOMMODATION_1573993900024_d4c1bfc230b89cd9?_src=imagekit&tr=c-at_max,h-100,q-40,w-100","https://ik.imagekit.io/tvlk/ugc-review/guys1L+Yyer9kzI3sp-pb0CG1j2bhflZGFUZOoIf1YOBAm37kEUOKR41ieUZm7ZJ/ugc-photo-ap-southeast-1-581603780057-acd24e232f75f09e/ACCOMMODATION/62634089_ACCOMMODATION_1573993900025_044575231593dfbd?_src=imagekit&tr=c-at_max,h-100,q-40,w-100",,,,,,,,,,,,,,,
https://www.traveloka.com/id-id/user/review/consumption/HOTEL/GENERAL/3000020007371,7,11,"Kamar lebih besar dari yang diharapkan, interior bagus dan bersih, AC keren, kamar mandinya juga luas. Sarapan rasanya enak, layanannya juga enak. Saya bahkan bisa meminta sarapan saya diantarkan ke kamar saya. Perlu meningkatkan fasilitas seperti gym dan kebersihan. tolong perbaiki sampah yang rusak di kamar mandi. Terima kasih",Diulas 339 minggu lalu,"https://ik.imagekit.io/tvlk/ugc-review/guys1L+Yyer9kzI3sp-pb0CG1j2bhflZGFUZOoIf1YOBAm37kEUOKR41ieUZm7ZJ/ugc-photo-ap-southeast-1-581603780057-acd24e232f75f09e/ACCOMMODATION/7043048_ACCOMMODATION_1573547688804_6cc87c8c9e9f4c7f?_src=imagekit&tr=c-at_max,h-100,q-40,w-100",,,,,,,,,,,,,,,,,,,
https://www.traveloka.com/id-id/user/review/consumption/HOTEL/GENERAL/3000020007371,7,12,Mau masuk kamar aja nunggu setengah jam gak ada kata maaf gak ada kata apa-apa ngeselin banget.,Diulas 340 minggu lalu,"https://ik.imagekit.io/tvlk/ugc-review/guys1L+Yyer9kzI3sp-pb0CG1j2bhflZGFUZOoIf1YOBAm37kEUOKR41ieUZm7ZJ/ugc-photo-ap-southeast-1-581603780057-acd24e232f75f09e/ACCOMMODATION/3103965_ACCOMMODATION_1572600997645_d14edf8711cb406c?_src=imagekit&tr=c-at_max,h-100,q-40,w-100",,,,,,,,,,,,,,,,,,,
https://www.traveloka.com/id-id/user/review/consumption/HOTEL/GENERAL/3000020007371,7,13,"Interiornya bagus dan eye catching, untuk event-event juga bagus karena dekornya yang menarik. Untuk breakfastnya juga beragam dan enak-enak. Recommended for stay on Depok.",Diulas 343 minggu lalu,"https://ik.imagekit.io/tvlk/ugc-review/guys1L+Yyer9kzI3sp-pb0CG1j2bhflZGFUZOoIf1YOBAm37kEUOKR41ieUZm7ZJ/ugc-photo-ap-southeast-1-581603780057-acd24e232f75f09e/ACCOMMODATION/55764957_ACCOMMODATION_1570855268244_98158d83e9b23160?_src=imagekit&tr=c-at_max,h-100,q-40,w-100","https://ik.imagekit.io/tvlk/ugc-review/guys1L+Yyer9kzI3sp-pb0CG1j2bhflZGFUZOoIf1YOBAm37kEUOKR41ieUZm7ZJ/ugc-photo-ap-southeast-1-581603780057-acd24e232f75f09e/ACCOMMODATION/55764957_ACCOMMODATION_1570855317273_62db2b174f28817c?_src=imagekit&tr=c-at_max,h-100,q-40,w-100",,,,,,,,,,,,,,,,,,
https://www.traveloka.com/id-id/user/review/consumption/HOTEL/GENERAL/3000020007371,7,14,"Bersih, nyaman, strategis, dan makanannya bervariasi. Mantap pokoknya.",Diulas 346 minggu lalu,"https://ik.imagekit.io/tvlk/ugc-review/guys1L+Yyer9kzI3sp-pb0CG1j2bhflZGFUZOoIf1YOBAm37kEUOKR41ieUZm7ZJ/ugc-photo-ap-southeast-1-581603780057-acd24e232f75f09e/ACCOMMODATION/12440798_ACCOMMODATION_1568949121593_2821ae5645f2d1f8?_src=imagekit&tr=c-at_max,h-100,q-40,w-100",,,,,,,,,,,,,,,,,,,
https://www.traveloka.com/id-id/user/review/consumption/HOTEL/GENERAL/3000020007371,7,15,"Sangat menarik, pelayanan sangat ramah, hotelnya bersih dan nyaman, dekat dengan pusat kota, pokoknya sangat rekomendasi buat yang ingin menginap di daerah Depok.",Diulas 348 minggu lalu,"https://ik.imagekit.io/tvlk/ugc-review/guys1L+Yyer9kzI3sp-pb0CG1j2bhflZGFUZOoIf1YOBAm37kEUOKR41ieUZm7ZJ/ugc-photo-ap-southeast-1-581603780057-acd24e232f75f09e/ACCOMMODATION/112484918_ACCOMMODATION_1567851772102_1a1fdb2443eab794?_src=imagekit&tr=c-at_max,h-100,q-40,w-100",,,,,,,,,,,,,,,,,,,
https://www.traveloka.com/id-id/user/review/consumption/HOTEL/GENERAL/3000020007371,7,16,"Recommended banget, good place, next bisa menginap di sini lagi.",Diulas 350 minggu lalu,"https://ik.imagekit.io/tvlk/ugc-review/guys1L+Yyer9kzI3sp-pb0CG1j2bhflZGFUZOoIf1YOBAm37kEUOKR41ieUZm7ZJ/ugc-photo-ap-southeast-1-581603780057-acd24e232f75f09e/ACCOMMODATION/6452820_ACCOMMODATION_1566883383589_c50b9fcfe1ffc647?_src=imagekit&tr=c-at_max,h-100,q-40,w-100",,,,,,,,,,,,,,,,,,,
https://www.traveloka.com/id-id/user/review/consumption/HOTEL/GENERAL/3000020007371,7,17,"Hotel bersih, interior kamar oke. Nyaman, lokasi di pusat depok. Ada hair dryer juga. Recommended untuk stay di Depok.",Diulas 351 minggu lalu,"https://ik.imagekit.io/tvlk/ugc-review/guys1L+Yyer9kzI3sp-pb0CG1j2bhflZGFUZOoIf1YOBAm37kEUOKR41ieUZm7ZJ/ugc-photo-ap-southeast-1-581603780057-acd24e232f75f09e/ACCOMMODATION/4527549_ACCOMMODATION_1565843333399_2d4c1a61e6ae8df7?_src=imagekit&tr=c-at_max,h-100,q-40,w-100",,,,,,,,,,,,,,,,,,,
https://www.traveloka.com/id-id/user/review/consumption/HOTEL/GENERAL/3000020007371,7,18,Kamarnya nyaman. Interiornya bagus. Pelayanan yang baik. Stafnya ramah-ramah. Saya senang menginap disini.,Diulas 353 minggu lalu,"https://ik.imagekit.io/tvlk/ugc-review/guys1L+Yyer9kzI3sp-pb0CG1j2bhflZGFUZOoIf1YOBAm37kEUOKR41ieUZm7ZJ/ugc-photo-ap-southeast-1-581603780057-acd24e232f75f09e/ACCOMMODATION/5542402_ACCOMMODATION_1564981026499_97ca5bd75cadb05e?_src=imagekit&tr=c-at_max,h-100,q-40,w-100",,,,,,,,,,,,,,,,,,,
https://www.traveloka.com/id-id/user/review/consumption/HOTEL/GENERAL/3000020007371,7,19,"AC dingin, wlan lancar, lokasi pinggir jalan mudah di temukan dan mudah cari makanan ketika laper tengah malam, hanya kurang fasilitas kolam renang.",Diulas 354 minggu lalu,"https://ik.imagekit.io/tvlk/ugc-review/guys1L+Yyer9kzI3sp-pb0CG1j2bhflZGFUZOoIf1YOBAm37kEUOKR41ieUZm7ZJ/ugc-photo-ap-southeast-1-581603780057-acd24e232f75f09e/ACCOMMODATION/88370293_ACCOMMODATION_1564229041710_9fcc4394daaf971b?_src=imagekit&tr=c-at_max,h-100,q-40,w-100",,,,,,,,,,,,,,,,,,,
https://www.traveloka.com/id-id/user/review/consumption/HOTEL/GENERAL/3000020007371,7,20,"Saya puas dengan pelayanan yang diberikan, kamar bersih luas, breakfast yang enak bervariasi. Sip lah!",Diulas 355 minggu lalu,"https://ik.imagekit.io/tvlk/ugc-review/guys1L+Yyer9kzI3sp-pb0CG1j2bhflZGFUZOoIf1YOBAm37kEUOKR41ieUZm7ZJ/ugc-photo-ap-southeast-1-581603780057-acd24e232f75f09e/ACCOMMODATION/11388170_ACCOMMODATION_1563673059770_77192dee66fb5d4f?_src=imagekit&tr=c-at_max,h-100,q-40,w-100","https://ik.imagekit.io/tvlk/ugc-review/guys1L+Yyer9kzI3sp-pb0CG1j2bhflZGFUZOoIf1YOBAm37kEUOKR41ieUZm7ZJ/ugc-photo-ap-southeast-1-581603780057-acd24e232f75f09e/ACCOMMODATION/11388170_ACCOMMODATION_1563673059770_0bb141d0f9019968?_src=imagekit&tr=c-at_max,h-100,q-40,w-100",,,,,,,,,,,,,,,,,,
https://www.traveloka.com/id-id/user/review/consumption/HOTEL/GENERAL/3000020007371,8,1,Makanannya enak dan fresh. Staf ramah-ramah. Oke lah menginap di sini. Sayang tidak ada kolam renangnya.,Diulas 357 minggu lalu,"https://ik.imagekit.io/tvlk/ugc-review/guys1L+Yyer9kzI3sp-pb0CG1j2bhflZGFUZOoIf1YOBAm37kEUOKR41ieUZm7ZJ/ugc-photo-ap-southeast-1-581603780057-acd24e232f75f09e/ACCOMMODATION/20627255_ACCOMMODATION_1562707113805_aa6a73088f690527?_src=imagekit&tr=c-at_max,h-100,q-40,w-100",,,,,,,,,,,,,,,,,,,
https://www.traveloka.com/id-id/user/review/consumption/HOTEL/GENERAL/3000020007371,8,2,"Interiornya mewah, cocok kalau selera kamu glamour. WiFi kencang, makanan cucmeylah. Kebersihan baik.",Diulas 357 minggu lalu,"https://ik.imagekit.io/tvlk/ugc-review/guys1L+Yyer9kzI3sp-pb0CG1j2bhflZGFUZOoIf1YOBAm37kEUOKR41ieUZm7ZJ/ugc-photo-ap-southeast-1-581603780057-acd24e232f75f09e/ACCOMMODATION/8221945_ACCOMMODATION_1562116635586_ee3d3f163d11c06f?_src=imagekit&tr=c-at_max,h-100,q-40,w-100","https://ik.imagekit.io/tvlk/ugc-review/guys1L+Yyer9kzI3sp-pb0CG1j2bhflZGFUZOoIf1YOBAm37kEUOKR41ieUZm7ZJ/ugc-photo-ap-southeast-1-581603780057-acd24e232f75f09e/ACCOMMODATION/8221945_ACCOMMODATION_1562116635587_7bc5e92a9bbeaaf4?_src=imagekit&tr=c-at_max,h-100,q-40,w-100","https://ik.imagekit.io/tvlk/ugc-review/guys1L+Yyer9kzI3sp-pb0CG1j2bhflZGFUZOoIf1YOBAm37kEUOKR41ieUZm7ZJ/ugc-photo-ap-southeast-1-581603780057-acd24e232f75f09e/ACCOMMODATION/8221945_ACCOMMODATION_1562116635587_e9c6305a190fdeb7?_src=imagekit&tr=c-at_max,h-100,q-40,w-100","https://ik.imagekit.io/tvlk/ugc-review/guys1L+Yyer9kzI3sp-pb0CG1j2bhflZGFUZOoIf1YOBAm37kEUOKR41ieUZm7ZJ/ugc-photo-ap-southeast-1-581603780057-acd24e232f75f09e/ACCOMMODATION/8221945_ACCOMMODATION_1562116635587_d240f80250903a14?_src=imagekit&tr=c-at_max,h-100,q-40,w-100","https://ik.imagekit.io/tvlk/ugc-review/guys1L+Yyer9kzI3sp-pb0CG1j2bhflZGFUZOoIf1YOBAm37kEUOKR41ieUZm7ZJ/ugc-photo-ap-southeast-1-581603780057-acd24e232f75f09e/ACCOMMODATION/8221945_ACCOMMODATION_1562116635587_560c1060ac7fd384?_src=imagekit&tr=c-at_max,h-100,q-40,w-100",,,,,,,,,,,,,,,
https://www.traveloka.com/id-id/user/review/consumption/HOTEL/GENERAL/3000020007371,8,3,"Saya suka sekali menginap disini, nyaman, mewah, dan letaknya pun strategis.",Diulas 359 minggu lalu,"https://ik.imagekit.io/tvlk/ugc-review/guys1L+Yyer9kzI3sp-pb0CG1j2bhflZGFUZOoIf1YOBAm37kEUOKR41ieUZm7ZJ/ugc-photo-ap-southeast-1-581603780057-acd24e232f75f09e/ACCOMMODATION/56610475_ACCOMMODATION_1560951476088_12309f9d1b214612?_src=imagekit&tr=c-at_max,h-100,q-40,w-100","https://ik.imagekit.io/tvlk/ugc-review/guys1L+Yyer9kzI3sp-pb0CG1j2bhflZGFUZOoIf1YOBAm37kEUOKR41ieUZm7ZJ/ugc-photo-ap-southeast-1-581603780057-acd24e232f75f09e/ACCOMMODATION/56610475_ACCOMMODATION_1560951476088_21586c74596b6e2d?_src=imagekit&tr=c-at_max,h-100,q-40,w-100","https://ik.imagekit.io/tvlk/ugc-review/guys1L+Yyer9kzI3sp-pb0CG1j2bhflZGFUZOoIf1YOBAm37kEUOKR41ieUZm7ZJ/ugc-photo-ap-southeast-1-581603780057-acd24e232f75f09e/ACCOMMODATION/56610475_ACCOMMODATION_1560951476088_9e52888e49373d56?_src=imagekit&tr=c-at_max,h-100,q-40,w-100","https://ik.imagekit.io/tvlk/ugc-review/guys1L+Yyer9kzI3sp-pb0CG1j2bhflZGFUZOoIf1YOBAm37kEUOKR41ieUZm7ZJ/ugc-photo-ap-southeast-1-581603780057-acd24e232f75f09e/ACCOMMODATION/56610475_ACCOMMODATION_1560951476088_5d3b77c1fa40ed77?_src=imagekit&tr=c-at_max,h-100,q-40,w-100",,,,,,,,,,,,,,,,
https://www.traveloka.com/id-id/user/review/consumption/HOTEL/GENERAL/3000020007371,8,4,"Minusnya cuma satu, tidak ada kolam renang. Overall sih bagus, parkiran juga dijaga, makanan enak.",Diulas 360 minggu lalu,"https://ik.imagekit.io/tvlk/ugc-review/guys1L+Yyer9kzI3sp-pb0CG1j2bhflZGFUZOoIf1YOBAm37kEUOKR41ieUZm7ZJ/ugc-photo-ap-southeast-1-581603780057-acd24e232f75f09e/ACCOMMODATION/5998332_ACCOMMODATION_1560433711429_4bf1013c5f7f80b0?_src=imagekit&tr=c-at_max,h-100,q-40,w-100","https://ik.imagekit.io/tvlk/ugc-review/guys1L+Yyer9kzI3sp-pb0CG1j2bhflZGFUZOoIf1YOBAm37kEUOKR41ieUZm7ZJ/ugc-photo-ap-southeast-1-581603780057-acd24e232f75f09e/ACCOMMODATION/5998332_ACCOMMODATION_1560433711429_6f639c7abcb738d7?_src=imagekit&tr=c-at_max,h-100,q-40,w-100","https://ik.imagekit.io/tvlk/ugc-review/guys1L+Yyer9kzI3sp-pb0CG1j2bhflZGFUZOoIf1YOBAm37kEUOKR41ieUZm7ZJ/ugc-photo-ap-southeast-1-581603780057-acd24e232f75f09e/ACCOMMODATION/5998332_ACCOMMODATION_1560433711429_c22e5772624d3a9b?_src=imagekit&tr=c-at_max,h-100,q-40,w-100","https://ik.imagekit.io/tvlk/ugc-review/guys1L+Yyer9kzI3sp-pb0CG1j2bhflZGFUZOoIf1YOBAm37kEUOKR41ieUZm7ZJ/ugc-photo-ap-southeast-1-581603780057-acd24e232f75f09e/ACCOMMODATION/5998332_ACCOMMODATION_1560433711429_ea3c277af1c8bdee?_src=imagekit&tr=c-at_max,h-100,q-40,w-100","https://ik.imagekit.io/tvlk/ugc-review/guys1L+Yyer9kzI3sp-pb0CG1j2bhflZGFUZOoIf1YOBAm37kEUOKR41ieUZm7ZJ/ugc-photo-ap-southeast-1-581603780057-acd24e232f75f09e/ACCOMMODATION/5998332_ACCOMMODATION_1560433711430_e64d69cefc4cf131?_src=imagekit&tr=c-at_max,h-100,q-40,w-100",,,,,,,,,,,,,,,
https://www.traveloka.com/id-id/user/review/consumption/HOTEL/GENERAL/3000020007371,8,5,"Rencana sehari menginap jadi extend 2 malam karena nyaman sekali menginap disini, dekorasi kamar bagus terawat, Untuk di kawasan margonda depok ini hotel lega, terawat, terjangkau dan paling saya rekomendasikan, staffnya sangat baik semua. Makanan sarapannya juga beragam dan enak-enak. AC dingin sekali, kasur empuk.",Diulas 361 minggu lalu,"https://ik.imagekit.io/tvlk/ugc-review/guys1L+Yyer9kzI3sp-pb0CG1j2bhflZGFUZOoIf1YOBAm37kEUOKR41ieUZm7ZJ/ugc-photo-ap-southeast-1-581603780057-acd24e232f75f09e/ACCOMMODATION/5394014_ACCOMMODATION_1560151471761_9ec09a2bb47a8f84?_src=imagekit&tr=c-at_max,h-100,q-40,w-100","https://ik.imagekit.io/tvlk/ugc-review/guys1L+Yyer9kzI3sp-pb0CG1j2bhflZGFUZOoIf1YOBAm37kEUOKR41ieUZm7ZJ/ugc-photo-ap-southeast-1-581603780057-acd24e232f75f09e/ACCOMMODATION/5394014_ACCOMMODATION_1560151471762_7e5a177a4549047a?_src=imagekit&tr=c-at_max,h-100,q-40,w-100","https://ik.imagekit.io/tvlk/ugc-review/guys1L+Yyer9kzI3sp-pb0CG1j2bhflZGFUZOoIf1YOBAm37kEUOKR41ieUZm7ZJ/ugc-photo-ap-southeast-1-581603780057-acd24e232f75f09e/ACCOMMODATION/5394014_ACCOMMODATION_1560151471762_9e8545a59b288ba4?_src=imagekit&tr=c-at_max,h-100,q-40,w-100","https://ik.imagekit.io/tvlk/ugc-review/guys1L+Yyer9kzI3sp-pb0CG1j2bhflZGFUZOoIf1YOBAm37kEUOKR41ieUZm7ZJ/ugc-photo-ap-southeast-1-581603780057-acd24e232f75f09e/ACCOMMODATION/5394014_ACCOMMODATION_1560151471762_e201bbfb20a9b89b?_src=imagekit&tr=c-at_max,h-100,q-40,w-100","https://ik.imagekit.io/tvlk/ugc-review/guys1L+Yyer9kzI3sp-pb0CG1j2bhflZGFUZOoIf1YOBAm37kEUOKR41ieUZm7ZJ/ugc-photo-ap-southeast-1-581603780057-acd24e232f75f09e/ACCOMMODATION/5394014_ACCOMMODATION_1560151471762_0f551b98dd0697ce?_src=imagekit&tr=c-at_max,h-100,q-40,w-100","https://ik.imagekit.io/tvlk/ugc-review/guys1L+Yyer9kzI3sp-pb0CG1j2bhflZGFUZOoIf1YOBAm37kEUOKR41ieUZm7ZJ/ugc-photo-ap-southeast-1-581603780057-acd24e232f75f09e/ACCOMMODATION/5394014_ACCOMMODATION_1560151471762_70e70caabeb9132c?_src=imagekit&tr=c-at_max,h-100,q-40,w-100",,,,,,,,,,,,,,
https://www.traveloka.com/id-id/user/review/consumption/HOTEL/GENERAL/3000020007371,8,6,"Tempat tinggal, lux tapi murah dan saya berencana untuk tinggal lagi.",Diulas 361 minggu lalu,"https://ik.imagekit.io/tvlk/ugc-review/guys1L+Yyer9kzI3sp-pb0CG1j2bhflZGFUZOoIf1YOBAm37kEUOKR41ieUZm7ZJ/ugc-photo-ap-southeast-1-581603780057-acd24e232f75f09e/ACCOMMODATION/3873373_ACCOMMODATION_1559973555433_34835bc5992bbe74?_src=imagekit&tr=c-at_max,h-100,q-40,w-100",,,,,,,,,,,,,,,,,,,
https://www.traveloka.com/id-id/user/review/consumption/HOTEL/GENERAL/3000020007371,8,7,"Kamar bersih mewah dengan harga yang pas buat saya, proses check-in cepat front office ramah, fbnya juga ramah makanan saat saya sahur juga lumayan banyak dekat dengan shoping mal dan berada di kota.",Diulas 362 minggu lalu,"https://ik.imagekit.io/tvlk/ugc-review/guys1L+Yyer9kzI3sp-pb0CG1j2bhflZGFUZOoIf1YOBAm37kEUOKR41ieUZm7ZJ/ugc-photo-ap-southeast-1-581603780057-acd24e232f75f09e/ACCOMMODATION/72641321_ACCOMMODATION_1559474457435_d1baf25355a65277?_src=imagekit&tr=c-at_max,h-100,q-40,w-100",,,,,,,,,,,,,,,,,,,
https://www.traveloka.com/id-id/user/review/consumption/HOTEL/GENERAL/3000020007371,8,8,"Makanannya enak, ruangannya nyaman dan pelayanannya ramah.",Diulas 364 minggu lalu,"https://ik.imagekit.io/tvlk/ugc-review/guys1L+Yyer9kzI3sp-pb0CG1j2bhflZGFUZOoIf1YOBAm37kEUOKR41ieUZm7ZJ/ugc-photo-ap-southeast-1-581603780057-acd24e232f75f09e/ACCOMMODATION/18022918_ACCOMMODATION_1558060418504_2759bdb2ed3c2019?_src=imagekit&tr=c-at_max,h-100,q-40,w-100",,,,,,,,,,,,,,,,,,,
https://www.traveloka.com/id-id/user/review/consumption/HOTEL/GENERAL/3000020007371,8,9,"Jangan nilai dari bangunan luarnya. Pas masuk ke kamar, puas sama kamarnya, dekorasi klasik yang mewah. Saya pesan yang suite room. Dengan harga yang terjangkau tapi fasilitas di dalam kamar memuaskan. Kamar bersih dan luas. Recommended hotel.",Diulas 366 minggu lalu,"https://ik.imagekit.io/tvlk/ugc-review/guys1L+Yyer9kzI3sp-pb0CG1j2bhflZGFUZOoIf1YOBAm37kEUOKR41ieUZm7ZJ/ugc-photo-ap-southeast-1-581603780057-acd24e232f75f09e/ACCOMMODATION/117470384_ACCOMMODATION_1557048592630_5273ef0037b83f58?_src=imagekit&tr=c-at_max,h-100,q-40,w-100","https://ik.imagekit.io/tvlk/ugc-review/guys1L+Yyer9kzI3sp-pb0CG1j2bhflZGFUZOoIf1YOBAm37kEUOKR41ieUZm7ZJ/ugc-photo-ap-southeast-1-581603780057-acd24e232f75f09e/ACCOMMODATION/117470384_ACCOMMODATION_1557048592631_112a9d2a7596c0bf?_src=imagekit&tr=c-at_max,h-100,q-40,w-100","https://ik.imagekit.io/tvlk/ugc-review/guys1L+Yyer9kzI3sp-pb0CG1j2bhflZGFUZOoIf1YOBAm37kEUOKR41ieUZm7ZJ/ugc-photo-ap-southeast-1-581603780057-acd24e232f75f09e/ACCOMMODATION/117470384_ACCOMMODATION_1557048592631_ad350f3d904d8c40?_src=imagekit&tr=c-at_max,h-100,q-40,w-100","https://ik.imagekit.io/tvlk/ugc-review/guys1L+Yyer9kzI3sp-pb0CG1j2bhflZGFUZOoIf1YOBAm37kEUOKR41ieUZm7ZJ/ugc-photo-ap-southeast-1-581603780057-acd24e232f75f09e/ACCOMMODATION/117470384_ACCOMMODATION_1557048592632_acd3d8b98b3f1a11?_src=imagekit&tr=c-at_max,h-100,q-40,w-100",,,,,,,,,,,,,,,,
https://www.traveloka.com/id-id/user/review/consumption/HOTEL/GENERAL/3000020007371,8,10,"Tempat menginap yang menyenangkan' peranannya ramah, kamar bersih, letaknya serta tegas tepat ditengah kota Depok",Diulas 367 minggu lalu,"https://ik.imagekit.io/tvlk/ugc-review/guys1L+Yyer9kzI3sp-pb0CG1j2bhflZGFUZOoIf1YOBAm37kEUOKR41ieUZm7ZJ/ugc-photo-ap-southeast-1-581603780057-acd24e232f75f09e/ACCOMMODATION/6474294_ACCOMMODATION_1556370526678_2df389051fc8de77?_src=imagekit&tr=c-at_max,h-100,q-40,w-100",,,,,,,,,,,,,,,,,,,
https://www.traveloka.com/id-id/user/review/consumption/HOTEL/GENERAL/3000020007371,8,11,"Design and interior mewah,breakfast nya banyak variasi nya & enak²,pelayanan nya ramah²,tapi sayang pas masuk kamar bau rokok",Diulas 368 minggu lalu,"https://ik.imagekit.io/tvlk/ugc-review/guys1L+Yyer9kzI3sp-pb0CG1j2bhflZGFUZOoIf1YOBAm37kEUOKR41ieUZm7ZJ/ugc-photo-ap-southeast-1-581603780057-acd24e232f75f09e/ACCOMMODATION/45000875_ACCOMMODATION_1555646637207_17184bba76a572e4?_src=imagekit&tr=c-at_max,h-100,q-40,w-100",,,,,,,,,,,,,,,,,,,
https://www.traveloka.com/id-id/user/review/consumption/HOTEL/GENERAL/3000020007371,8,12,"Kamar luas dan bersih, proses check-in cepat. Lokasi strategis dekat untuk turn Margonda, sekotar hotel banyak kuliner, breakfast surprisingly enak-enak semua dan bervariasi.",Diulas 369 minggu lalu,"https://ik.imagekit.io/tvlk/ugc-review/guys1L+Yyer9kzI3sp-pb0CG1j2bhflZGFUZOoIf1YOBAm37kEUOKR41ieUZm7ZJ/ugc-photo-ap-southeast-1-581603780057-acd24e232f75f09e/ACCOMMODATION/5130099_ACCOMMODATION_1555444779300_68bfb0c51a154204?_src=imagekit&tr=c-at_max,h-100,q-40,w-100","https://ik.imagekit.io/tvlk/ugc-review/guys1L+Yyer9kzI3sp-pb0CG1j2bhflZGFUZOoIf1YOBAm37kEUOKR41ieUZm7ZJ/ugc-photo-ap-southeast-1-581603780057-acd24e232f75f09e/ACCOMMODATION/5130099_ACCOMMODATION_1555444779300_f27ddf5c7f56139f?_src=imagekit&tr=c-at_max,h-100,q-40,w-100",,,,,,,,,,,,,,,,,,
https://www.traveloka.com/id-id/user/review/consumption/HOTEL/GENERAL/3000020007371,8,13,"Hotel mewah dengan pelayanan yang sangat baik. Hotel masih terlihat sangat baru, kamarnya sangat bersih. Tempat menginap yang bagus, pelayanan bagus, lokasi bagus, dan menyajikan makanan enak. Akan sangat senang tinggal di sini lagi !!!",Diulas 372 minggu lalu,"https://ik.imagekit.io/tvlk/ugc-review/guys1L+Yyer9kzI3sp-pb0CG1j2bhflZGFUZOoIf1YOBAm37kEUOKR41ieUZm7ZJ/ugc-photo-ap-southeast-1-581603780057-acd24e232f75f09e/ACCOMMODATION/14634428_ACCOMMODATION_1553507675052_2851d8246655848c?_src=imagekit&tr=c-at_max,h-100,q-40,w-100",,,,,,,,,,,,,,,,,,,
https://www.traveloka.com/id-id/user/review/consumption/HOTEL/GENERAL/3000020007371,8,14,"Saya sangat menikmati menginap di hotel ini. 1. Lokasi yang sangat strategis, terletak di jantung kota Depok, dengan akses yang mudah. Dekat dekat Mall Margo City dan beberapa tempat makan terkenal di kota Depok. 2. Pelayanan staf yang ramah, saat saya datang untuk check in, staf memberikan welcome drink yang segar, keramah tamahan staf juga sangat saya apresiasi. 3. Kamar yang sangat bersih dan wangi dengan interior wallpaper yang sangat cocok untuk suasana kamar hotel masa kini. 4. Makanan yang enak, saya ambil dengan paket breakfast disini, makanannya enak dan ada yang unik untuk minuman, disediakannya jus belimbing, yang dimana belimbing itu menjdi ikon kota Depok. Good job untuk Savero Hotel Depok, lanjutkan untuk pelayanannya. Yang belum coba nginep saya sangat sarankan untuk mencoba.",Diulas 373 minggu lalu,"https://ik.imagekit.io/tvlk/ugc-review/guys1L+Yyer9kzI3sp-pb0CG1j2bhflZGFUZOoIf1YOBAm37kEUOKR41ieUZm7ZJ/ugc-photo-ap-southeast-1-581603780057-acd24e232f75f09e/ACCOMMODATION/22264046_ACCOMMODATION_1552701760931_371d7b28abfafdfc?_src=imagekit&tr=c-at_max,h-100,q-40,w-100",,,,,,,,,,,,,,,,,,,
https://www.traveloka.com/id-id/user/review/consumption/HOTEL/GENERAL/3000020007371,8,15,"Yang paling menyenangkan, ternyata ada area bermain buat anak. Ada bioskop mini yang memutar film-film anak. Alat dan bahan untuk mewarnai yang di suka anak-anak dan cemilan kegemaran anak-anak. Semua free. Anak saya biasanya rewel kalo dibawa jalan, sekarang jadi senang. Makanan di hotel juga banyak variasinya. Sampai bingung, mau makan yang mana😂",Diulas 376 minggu lalu,"https://ik.imagekit.io/tvlk/ugc-review/guys1L+Yyer9kzI3sp-pb0CG1j2bhflZGFUZOoIf1YOBAm37kEUOKR41ieUZm7ZJ/ugc-photo-ap-southeast-1-581603780057-acd24e232f75f09e/ACCOMMODATION/36095705_ACCOMMODATION_1550898399024_86329a554ba8de90?_src=imagekit&tr=c-at_max,h-100,q-40,w-100",,,,,,,,,,,,,,,,,,,
https://www.traveloka.com/id-id/user/review/consumption/HOTEL/GENERAL/3000020007371,8,16,Saya tinggal di sana bersama 3 anak saya minggu lalu. Kamarnya bersih dan nyaman. Layanan kamar juga responsif terhadap permintaan saya.,Diulas 377 minggu lalu,"https://ik.imagekit.io/tvlk/ugc-review/guys1L+Yyer9kzI3sp-pb0CG1j2bhflZGFUZOoIf1YOBAm37kEUOKR41ieUZm7ZJ/ugc-photo-ap-southeast-1-581603780057-acd24e232f75f09e/ACCOMMODATION/86292690_ACCOMMODATION_1550360033715_74738f2d6e5287f2?_src=imagekit&tr=c-at_max,h-100,q-40,w-100",,,,,,,,,,,,,,,,,,,
https://www.traveloka.com/id-id/user/review/consumption/HOTEL/GENERAL/3000020007371,8,17,"Hotel yang nyaman, kamarnya luas, terkesan mewah. Senang bisa menginap di hotel savero depok, semoga semakin baik.",Diulas 378 minggu lalu,"https://ik.imagekit.io/tvlk/ugc-review/guys1L+Yyer9kzI3sp-pb0CG1j2bhflZGFUZOoIf1YOBAm37kEUOKR41ieUZm7ZJ/ugc-photo-ap-southeast-1-581603780057-acd24e232f75f09e/ACCOMMODATION/78960516_ACCOMMODATION_1549874987854_74561aafdfae6342?_src=imagekit&tr=c-at_max,h-100,q-40,w-100",,,,,,,,,,,,,,,,,,,
https://www.traveloka.com/id-id/user/review/consumption/HOTEL/GENERAL/3000020007371,8,18,"Petugasnya ramah-ramah, saat proses check-in juga cepat, kamarnya bersih dan wangi. Menu sarapan paginya juga menurut saya oke semua. Terima kasih hotel savero depok dan Traveloka.",Diulas 378 minggu lalu,"https://ik.imagekit.io/tvlk/ugc-review/guys1L+Yyer9kzI3sp-pb0CG1j2bhflZGFUZOoIf1YOBAm37kEUOKR41ieUZm7ZJ/ugc-photo-ap-southeast-1-581603780057-acd24e232f75f09e/ACCOMMODATION/82546876_ACCOMMODATION_1549798210507_a153c92089eba8f5?_src=imagekit&tr=c-at_max,h-100,q-40,w-100","https://ik.imagekit.io/tvlk/ugc-review/guys1L+Yyer9kzI3sp-pb0CG1j2bhflZGFUZOoIf1YOBAm37kEUOKR41ieUZm7ZJ/ugc-photo-ap-southeast-1-581603780057-acd24e232f75f09e/ACCOMMODATION/82546876_ACCOMMODATION_1549798210508_b62532830fea14c2?_src=imagekit&tr=c-at_max,h-100,q-40,w-100",,,,,,,,,,,,,,,,,,
https://www.traveloka.com/id-id/user/review/consumption/HOTEL/GENERAL/3000020007371,8,19,Memuaskan dan nyaman pelayanannya.,Diulas 378 minggu lalu,"https://ik.imagekit.io/tvlk/ugc-review/guys1L+Yyer9kzI3sp-pb0CG1j2bhflZGFUZOoIf1YOBAm37kEUOKR41ieUZm7ZJ/ugc-photo-ap-southeast-1-581603780057-acd24e232f75f09e/ACCOMMODATION/22750519_ACCOMMODATION_1549588180841_8ea813e230ffd665?_src=imagekit&tr=c-at_max,h-100,q-40,w-100",,,,,,,,,,,,,,,,,,,
https://www.traveloka.com/id-id/user/review/consumption/HOTEL/GENERAL/3000020007371,8,20,"Kamar dan toilet bersih, bagus, makanan enak, pelayanan ramah.",Diulas 378 minggu lalu,"https://ik.imagekit.io/tvlk/ugc-review/guys1L+Yyer9kzI3sp-pb0CG1j2bhflZGFUZOoIf1YOBAm37kEUOKR41ieUZm7ZJ/ugc-photo-ap-southeast-1-581603780057-acd24e232f75f09e/ACCOMMODATION/14398691_ACCOMMODATION_1549295463835_074a772c0c1d035a?_src=imagekit&tr=c-at_max,h-100,q-40,w-100",,,,,,,,,,,,,,,,,,,
https://www.traveloka.com/id-id/user/review/consumption/HOTEL/GENERAL/3000020007371,9,1,"Kamar bersih, makanan enak, petugas hotel dan security ramah. Interior bagus dan terlihat mewah. Ada taman bermain dan bioskop untuk anak. Harga sesuai.",Diulas 379 minggu lalu,"https://ik.imagekit.io/tvlk/ugc-review/guys1L+Yyer9kzI3sp-pb0CG1j2bhflZGFUZOoIf1YOBAm37kEUOKR41ieUZm7ZJ/ugc-photo-ap-southeast-1-581603780057-acd24e232f75f09e/ACCOMMODATION/21673925_ACCOMMODATION_1549206142542_f956cb9c67c3c3a0?_src=imagekit&tr=c-at_max,h-100,q-40,w-100",,,,,,,,,,,,,,,,,,,
https://www.traveloka.com/id-id/user/review/consumption/HOTEL/GENERAL/3000020007371,9,2,"Hotel canggih yang elegan, keramahtamahannya ok, check-in cepat, kamar bersih, tata graha baik, terawat dengan baik, ada banyak warung dan mal yang dikelilingi, mudah dijangkau, semua peralatan elektronik berfungsi dengan sangat baik, menyediakan pengering rambut, pemandangan indah, &amp; berbagai sarapan menu. Melebihi hotel baik yang diharapkan. Kamar peningkatan: rasa sarapan, debit air pancuran rendah, &amp; jumlah level di depan pintu lift. Setelah semua: hotel yang direkomendasikan di depok.",Diulas 380 minggu lalu,"https://ik.imagekit.io/tvlk/ugc-review/guys1L+Yyer9kzI3sp-pb0CG1j2bhflZGFUZOoIf1YOBAm37kEUOKR41ieUZm7ZJ/ugc-photo-ap-southeast-1-581603780057-acd24e232f75f09e/ACCOMMODATION/7898319_ACCOMMODATION_1548558799676_698cd9ed23bfe6b8?_src=imagekit&tr=c-at_max,h-80,q-40,w-80","https://ik.imagekit.io/tvlk/ugc-review/guys1L+Yyer9kzI3sp-pb0CG1j2bhflZGFUZOoIf1YOBAm37kEUOKR41ieUZm7ZJ/ugc-photo-ap-southeast-1-581603780057-acd24e232f75f09e/ACCOMMODATION/7898319_ACCOMMODATION_1548558799677_75cd3ea2f59cd66b?_src=imagekit&tr=c-at_max,h-80,q-40,w-80","https://ik.imagekit.io/tvlk/ugc-review/guys1L+Yyer9kzI3sp-pb0CG1j2bhflZGFUZOoIf1YOBAm37kEUOKR41ieUZm7ZJ/ugc-photo-ap-southeast-1-581603780057-acd24e232f75f09e/ACCOMMODATION/7898319_ACCOMMODATION_1548558799677_ff11a00c542c4933?_src=imagekit&tr=c-at_max,h-80,q-40,w-80","https://ik.imagekit.io/tvlk/ugc-review/guys1L+Yyer9kzI3sp-pb0CG1j2bhflZGFUZOoIf1YOBAm37kEUOKR41ieUZm7ZJ/ugc-photo-ap-southeast-1-581603780057-acd24e232f75f09e/ACCOMMODATION/7898319_ACCOMMODATION_1548558799678_79cb4328a04ab862?_src=imagekit&tr=c-at_max,h-80,q-40,w-80","https://ik.imagekit.io/tvlk/ugc-review/guys1L+Yyer9kzI3sp-pb0CG1j2bhflZGFUZOoIf1YOBAm37kEUOKR41ieUZm7ZJ/ugc-photo-ap-southeast-1-581603780057-acd24e232f75f09e/ACCOMMODATION/7898319_ACCOMMODATION_1548558799678_d726b98e2310a108?_src=imagekit&tr=c-at_max,h-80,q-40,w-80","https://ik.imagekit.io/tvlk/ugc-review/guys1L+Yyer9kzI3sp-pb0CG1j2bhflZGFUZOoIf1YOBAm37kEUOKR41ieUZm7ZJ/ugc-photo-ap-southeast-1-581603780057-acd24e232f75f09e/ACCOMMODATION/7898319_ACCOMMODATION_1548558799679_c270f4eb094d549b?_src=imagekit&tr=c-at_max,h-80,q-40,w-80","https://ik.imagekit.io/tvlk/ugc-review/guys1L+Yyer9kzI3sp-pb0CG1j2bhflZGFUZOoIf1YOBAm37kEUOKR41ieUZm7ZJ/ugc-photo-ap-southeast-1-581603780057-acd24e232f75f09e/ACCOMMODATION/7898319_ACCOMMODATION_1548559050131_730cb2085bfe3de8?_src=imagekit&tr=c-at_max,h-80,q-40,w-80","https://ik.imagekit.io/tvlk/ugc-review/guys1L+Yyer9kzI3sp-pb0CG1j2bhflZGFUZOoIf1YOBAm37kEUOKR41ieUZm7ZJ/ugc-photo-ap-southeast-1-581603780057-acd24e232f75f09e/ACCOMMODATION/7898319_ACCOMMODATION_1548559050132_5a8625a11448d52a?_src=imagekit&tr=c-at_max,h-80,q-40,w-80","https://ik.imagekit.io/tvlk/ugc-review/guys1L+Yyer9kzI3sp-pb0CG1j2bhflZGFUZOoIf1YOBAm37kEUOKR41ieUZm7ZJ/ugc-photo-ap-southeast-1-581603780057-acd24e232f75f09e/ACCOMMODATION/7898319_ACCOMMODATION_1548559050132_55a4673e5cf5e093?_src=imagekit&tr=c-at_max,h-80,q-40,w-80","https://ik.imagekit.io/tvlk/ugc-review/guys1L+Yyer9kzI3sp-pb0CG1j2bhflZGFUZOoIf1YOBAm37kEUOKR41ieUZm7ZJ/ugc-photo-ap-southeast-1-581603780057-acd24e232f75f09e/ACCOMMODATION/7898319_ACCOMMODATION_1548559050133_5ab5fd71dbe4168a?_src=imagekit&tr=c-at_max,h-80,q-40,w-80",,,,,,,,,,
https://www.traveloka.com/id-id/user/review/consumption/HOTEL/GENERAL/3000020007371,9,3,"Kamar oke, nyaman, lokasi strategis, sarapan banyak variant, staf ramah, tersedia welcome drink corner di lobby. Overall saya kasih nilai 8, ada beberapa kekurangan seperti bagian yang di atas kasur ada sarang laba-laba seperti jarang di lap, dan toilet di lobby agak becek. Cukup puas menginap di Savero, worth it dengan harganya.",Diulas 380 minggu lalu,"https://ik.imagekit.io/tvlk/ugc-review/guys1L+Yyer9kzI3sp-pb0CG1j2bhflZGFUZOoIf1YOBAm37kEUOKR41ieUZm7ZJ/ugc-photo-ap-southeast-1-581603780057-acd24e232f75f09e/ACCOMMODATION/85930916_ACCOMMODATION_1548558072787_a75acdf15e6e5ed3?_src=imagekit&tr=c-at_max,h-100,q-40,w-100",,,,,,,,,,,,,,,,,,,
https://www.traveloka.com/id-id/user/review/consumption/HOTEL/GENERAL/3000020007371,9,4,"Baru tahu kalau di daerah Margonda, Depok ada hotel sebagus ini. Very recommended for staycation and relaks time. Very fast response and well management hotel, awesome! two thumbs up",Diulas 380 minggu lalu,"https://ik.imagekit.io/tvlk/ugc-review/guys1L+Yyer9kzI3sp-pb0CG1j2bhflZGFUZOoIf1YOBAm37kEUOKR41ieUZm7ZJ/ugc-photo-ap-southeast-1-581603780057-acd24e232f75f09e/ACCOMMODATION/4287788_ACCOMMODATION_1548255250070_2a1861d3ecb98e53?_src=imagekit&tr=c-at_max,h-100,q-40,w-100","https://ik.imagekit.io/tvlk/ugc-review/guys1L+Yyer9kzI3sp-pb0CG1j2bhflZGFUZOoIf1YOBAm37kEUOKR41ieUZm7ZJ/ugc-photo-ap-southeast-1-581603780057-acd24e232f75f09e/ACCOMMODATION/4287788_ACCOMMODATION_1548255250070_56df9597bb7e001e?_src=imagekit&tr=c-at_max,h-100,q-40,w-100","https://ik.imagekit.io/tvlk/ugc-review/guys1L+Yyer9kzI3sp-pb0CG1j2bhflZGFUZOoIf1YOBAm37kEUOKR41ieUZm7ZJ/ugc-photo-ap-southeast-1-581603780057-acd24e232f75f09e/ACCOMMODATION/4287788_ACCOMMODATION_1548255250071_34d9af5ed4cf76d3?_src=imagekit&tr=c-at_max,h-100,q-40,w-100",,,,,,,,,,,,,,,,,
https://www.traveloka.com/id-id/user/review/consumption/HOTEL/GENERAL/3000020007371,9,5,"Hotel ini sangat aman nyaman dengan desain interior yang modern, di tambah dengan pegawainya ramah sekali mungkin dapat di bilang salah satu hotel terbaik di depok, untuk menu sarapan yang di hidangkan terbilang lengkap di tambah salad yg mungkin jarang di temukan di hotel bintang 3 menjadi nilai plus untuk hotel ini",Diulas 381 minggu lalu,"https://ik.imagekit.io/tvlk/ugc-review/guys1L+Yyer9kzI3sp-pb0CG1j2bhflZGFUZOoIf1YOBAm37kEUOKR41ieUZm7ZJ/ugc-photo-ap-southeast-1-581603780057-acd24e232f75f09e/ACCOMMODATION/21103220_ACCOMMODATION_1547995230974_bd7eabb068ea1d3e?_src=imagekit&tr=c-at_max,h-100,q-40,w-100",,,,,,,,,,,,,,,,,,,
https://www.traveloka.com/id-id/user/review/consumption/HOTEL/GENERAL/3000020007371,9,6,"Pelayanan bagus, bersih, smoking area bersih dan luas bagi perokok, kamar mantap habis duch. Nyaman banget deh pokoknya sangat cocok untuk bisnis dan keluarg. Good luck.",Diulas 382 minggu lalu,"https://ik.imagekit.io/tvlk/ugc-review/guys1L+Yyer9kzI3sp-pb0CG1j2bhflZGFUZOoIf1YOBAm37kEUOKR41ieUZm7ZJ/ugc-photo-ap-southeast-1-581603780057-acd24e232f75f09e/ACCOMMODATION/57524006_ACCOMMODATION_1547432165286_8656edc89be22c81?_src=imagekit&tr=c-at_max,h-100,q-40,w-100",,,,,,,,,,,,,,,,,,,
https://www.traveloka.com/id-id/user/review/consumption/HOTEL/GENERAL/3000020007371,9,7,"Sebenarnya saya memesan dua kamar (kamar Deluxe dan kamar Superior) untuk merayakan malam tahun baru bersama suami, ibu, dan saudara perempuan saya. Meskipun hanya hotel bintang 3, tetapi terasa seperti hotel bintang 4. Saya selalu menikmati setiap menit saat tinggal di sini. Ruangan tampak persis seperti gambar (modern, nyaman dan bersih), sarapan sangat lezat, semua staf sangat sopan dan ramah. Pasti akan tinggal di sini lagi !!!",Diulas 383 minggu lalu,"https://ik.imagekit.io/tvlk/ugc-review/guys1L+Yyer9kzI3sp-pb0CG1j2bhflZGFUZOoIf1YOBAm37kEUOKR41ieUZm7ZJ/ugc-photo-ap-southeast-1-581603780057-acd24e232f75f09e/ACCOMMODATION/13848149_ACCOMMODATION_1546440260089_85c95e21cbac723d?_src=imagekit&tr=c-at_max,h-100,q-40,w-100",,,,,,,,,,,,,,,,,,,
https://www.traveloka.com/id-id/user/review/consumption/HOTEL/GENERAL/3000020007371,9,8,"Overall untuk interior hotel bagus, foto yang ditampilkan sama kaya fasilitas yang didapatkan. Saya pesan deluxe room fasilitas kamar sesuai sama foto yang dipajang saat pemesanan kamar. Bersih banget, wangi. Staf semua ramah dan murah senyum, melayaninya juga sigap, tidak bertele-tele. Makanan saat sarapan banyak variasinya, enak-enak kok dan tidak takut kehabisan juga. Lokasi strategis di pinggir jalan raya persis tidak perlu masuk masuk gang. Semuanya oke dan puas! Thanks Savero.",Diulas 383 minggu lalu,"https://ik.imagekit.io/tvlk/ugc-review/guys1L+Yyer9kzI3sp-pb0CG1j2bhflZGFUZOoIf1YOBAm37kEUOKR41ieUZm7ZJ/ugc-photo-ap-southeast-1-581603780057-acd24e232f75f09e/ACCOMMODATION/8014717_ACCOMMODATION_1546354425614_ba5f318fdd39258b?_src=imagekit&tr=c-at_max,h-100,q-40,w-100",,,,,,,,,,,,,,,,,,,
https://www.traveloka.com/id-id/user/review/consumption/HOTEL/GENERAL/3000020007371,9,9,"Hotelnya bagus, stafnya ramah, pelayanan oke, makanan enak, semuanya pas banget di hati, ada spa, gym area, rooftop, best sekali.",Diulas 384 minggu lalu,"https://ik.imagekit.io/tvlk/ugc-review/guys1L+Yyer9kzI3sp-pb0CG1j2bhflZGFUZOoIf1YOBAm37kEUOKR41ieUZm7ZJ/ugc-photo-ap-southeast-1-581603780057-acd24e232f75f09e/ACCOMMODATION/17195456_ACCOMMODATION_1545879696439_de2176212a4960e6?_src=imagekit&tr=c-at_max,h-100,q-40,w-100","https://ik.imagekit.io/tvlk/ugc-review/guys1L+Yyer9kzI3sp-pb0CG1j2bhflZGFUZOoIf1YOBAm37kEUOKR41ieUZm7ZJ/ugc-photo-ap-southeast-1-581603780057-acd24e232f75f09e/ACCOMMODATION/17195456_ACCOMMODATION_1545879696439_8ac04312462b4753?_src=imagekit&tr=c-at_max,h-100,q-40,w-100","https://ik.imagekit.io/tvlk/ugc-review/guys1L+Yyer9kzI3sp-pb0CG1j2bhflZGFUZOoIf1YOBAm37kEUOKR41ieUZm7ZJ/ugc-photo-ap-southeast-1-581603780057-acd24e232f75f09e/ACCOMMODATION/17195456_ACCOMMODATION_1545879828367_b2f7ee153c103e74?_src=imagekit&tr=c-at_max,h-100,q-40,w-100",,,,,,,,,,,,,,,,,
https://www.traveloka.com/id-id/user/review/consumption/HOTEL/GENERAL/3000020007371,9,10,"Pelayanannya ramah, breakfastnya banyak varian dan enak. WiFi lancar, cuma kurang tidak ada kolam renang.",Diulas 385 minggu lalu,"https://ik.imagekit.io/tvlk/ugc-review/guys1L+Yyer9kzI3sp-pb0CG1j2bhflZGFUZOoIf1YOBAm37kEUOKR41ieUZm7ZJ/ugc-photo-ap-southeast-1-581603780057-acd24e232f75f09e/ACCOMMODATION/12978012_ACCOMMODATION_1545714283977_7992d148b439ac13?_src=imagekit&tr=c-at_max,h-100,q-40,w-100",,,,,,,,,,,,,,,,,,,
https://www.traveloka.com/id-id/user/review/consumption/HOTEL/GENERAL/3000020007371,9,11,"Hotelnya pas banget buat honeymoon atau liburan sama keluarga. Kamarnya luas, interiornya bagus, suhu kamarnya adem, ada TV kabel plus showernya ada air panasnya. Sarapannya enak dan banyak pilihan, tertarik untuk menginap lagi. 😊",Diulas 385 minggu lalu,"https://ik.imagekit.io/tvlk/ugc-review/guys1L+Yyer9kzI3sp-pb0CG1j2bhflZGFUZOoIf1YOBAm37kEUOKR41ieUZm7ZJ/ugc-photo-ap-southeast-1-581603780057-acd24e232f75f09e/ACCOMMODATION/6160098_ACCOMMODATION_1545572991916_37810c2a248719f3?_src=imagekit&tr=c-at_max,h-100,q-40,w-100","https://ik.imagekit.io/tvlk/ugc-review/guys1L+Yyer9kzI3sp-pb0CG1j2bhflZGFUZOoIf1YOBAm37kEUOKR41ieUZm7ZJ/ugc-photo-ap-southeast-1-581603780057-acd24e232f75f09e/ACCOMMODATION/6160098_ACCOMMODATION_1545572991916_d9966ceafefd5e5b?_src=imagekit&tr=c-at_max,h-100,q-40,w-100","https://ik.imagekit.io/tvlk/ugc-review/guys1L+Yyer9kzI3sp-pb0CG1j2bhflZGFUZOoIf1YOBAm37kEUOKR41ieUZm7ZJ/ugc-photo-ap-southeast-1-581603780057-acd24e232f75f09e/ACCOMMODATION/6160098_ACCOMMODATION_1545572991917_1c9fcf49798fbc20?_src=imagekit&tr=c-at_max,h-100,q-40,w-100","https://ik.imagekit.io/tvlk/ugc-review/guys1L+Yyer9kzI3sp-pb0CG1j2bhflZGFUZOoIf1YOBAm37kEUOKR41ieUZm7ZJ/ugc-photo-ap-southeast-1-581603780057-acd24e232f75f09e/ACCOMMODATION/6160098_ACCOMMODATION_1545572991917_8b049e0258a4eabb?_src=imagekit&tr=c-at_max,h-100,q-40,w-100","https://ik.imagekit.io/tvlk/ugc-review/guys1L+Yyer9kzI3sp-pb0CG1j2bhflZGFUZOoIf1YOBAm37kEUOKR41ieUZm7ZJ/ugc-photo-ap-southeast-1-581603780057-acd24e232f75f09e/ACCOMMODATION/6160098_ACCOMMODATION_1545572991917_a30a96b469c088b4?_src=imagekit&tr=c-at_max,h-100,q-40,w-100",,,,,,,,,,,,,,,
https://www.traveloka.com/id-id/user/review/consumption/HOTEL/GENERAL/3000020007371,9,12,"Kebetulan saya menggunakan untuk bridal shower, kamar luas, bersih dan sesuai dengan di foto. pelayanan baik, fasilitas dan harga sangat memuaskan. Sarapannya juga enak dan banyak variasi makanan, sehingga membuat pengunjung memiliki banyak pilihan untuk sarapan. Akan menjadi referensi kembali jika ingin menginap di hotel.",Diulas 387 minggu lalu,"https://ik.imagekit.io/tvlk/ugc-review/guys1L+Yyer9kzI3sp-pb0CG1j2bhflZGFUZOoIf1YOBAm37kEUOKR41ieUZm7ZJ/ugc-photo-ap-southeast-1-581603780057-acd24e232f75f09e/ACCOMMODATION/13817958_ACCOMMODATION_1544406500391_b8c42978bc776246?_src=imagekit&tr=c-at_max,h-100,q-40,w-100","https://ik.imagekit.io/tvlk/ugc-review/guys1L+Yyer9kzI3sp-pb0CG1j2bhflZGFUZOoIf1YOBAm37kEUOKR41ieUZm7ZJ/ugc-photo-ap-southeast-1-581603780057-acd24e232f75f09e/ACCOMMODATION/13817958_ACCOMMODATION_1544406500392_420c492c17089522?_src=imagekit&tr=c-at_max,h-100,q-40,w-100","https://ik.imagekit.io/tvlk/ugc-review/guys1L+Yyer9kzI3sp-pb0CG1j2bhflZGFUZOoIf1YOBAm37kEUOKR41ieUZm7ZJ/ugc-photo-ap-southeast-1-581603780057-acd24e232f75f09e/ACCOMMODATION/13817958_ACCOMMODATION_1544406500392_681e7a99b7601479?_src=imagekit&tr=c-at_max,h-100,q-40,w-100",,,,,,,,,,,,,,,,,
https://www.traveloka.com/id-id/user/review/consumption/HOTEL/GENERAL/3000020007371,9,13,"Nice place to stay, lokasi strategis, pelayanan ramah dan menyenangkan, room service de best, makanan butuh lebih banyak varian. Thanks for your hospitality?",Diulas 387 minggu lalu,"https://ik.imagekit.io/tvlk/ugc-review/guys1L+Yyer9kzI3sp-pb0CG1j2bhflZGFUZOoIf1YOBAm37kEUOKR41ieUZm7ZJ/ugc-photo-ap-southeast-1-581603780057-acd24e232f75f09e/ACCOMMODATION/16628899_ACCOMMODATION_1544190698354_9144ccde65b48925?_src=imagekit&tr=c-at_max,h-100,q-40,w-100",,,,,,,,,,,,,,,,,,,
https://www.traveloka.com/id-id/user/review/consumption/HOTEL/GENERAL/3000020007371,9,14,"(+) Pelayanan pegawai sangat baik. Ruangan sesuai yg terpampang. memberikan free upgrade kamar. 
(-) Menu breakfast di sarankan untuk lebih variatif. so far untuk taste ok, namun variasi sedikit kurang but thanks for your hospitallity. nice to see you again on my trip.",Diulas 388 minggu lalu,"https://ik.imagekit.io/tvlk/ugc-review/guys1L+Yyer9kzI3sp-pb0CG1j2bhflZGFUZOoIf1YOBAm37kEUOKR41ieUZm7ZJ/ugc-photo-ap-southeast-1-581603780057-acd24e232f75f09e/ACCOMMODATION/16628899_ACCOMMODATION_1543751238336_2b7fbc1fa68ae2f0?_src=imagekit&tr=c-at_max,h-100,q-40,w-100",,,,,,,,,,,,,,,,,,,
https://www.traveloka.com/id-id/user/review/consumption/HOTEL/GENERAL/3000020007371,9,15,"Super bersih, super nyaman, nice staf, dan makanannya enak 😘 Feel like my own home 😆 Recommend banget dan bakal menginap disini terus kalau pas ke Depok.",Diulas 390 minggu lalu,"https://ik.imagekit.io/tvlk/ugc-review/guys1L+Yyer9kzI3sp-pb0CG1j2bhflZGFUZOoIf1YOBAm37kEUOKR41ieUZm7ZJ/ugc-photo-ap-southeast-1-581603780057-acd24e232f75f09e/ACCOMMODATION/6061378_ACCOMMODATION_1542698336853_e6ff677318fd428a?_src=imagekit&tr=c-at_max,h-100,q-40,w-100",,,,,,,,,,,,,,,,,,,
https://www.traveloka.com/id-id/user/review/consumption/HOTEL/GENERAL/3000020007371,9,16,"Luas, nyaman dan sangat bersih. Pelayanan sangat baik.",Diulas 391 minggu lalu,"https://ik.imagekit.io/tvlk/ugc-review/guys1L+Yyer9kzI3sp-pb0CG1j2bhflZGFUZOoIf1YOBAm37kEUOKR41ieUZm7ZJ/ugc-photo-ap-southeast-1-581603780057-acd24e232f75f09e/ACCOMMODATION/30426233_ACCOMMODATION_1542075234672_a70787a5b46f6959?_src=imagekit&tr=c-at_max,h-100,q-40,w-100",,,,,,,,,,,,,,,,,,,
https://www.traveloka.com/id-id/user/review/consumption/HOTEL/GENERAL/3000020007371,9,17,Pengalaman menginap di hotel savero depok sangat menyenangkan. Pertama hotelnya bersih dan fasilitas bagus. Meskipun hotel dengan bintang 3 tapi serasa di hotel bintang 5. Pelayananya sangat ramah dan baik. Saya rekomendasikan untuk semua orang. Ini cocok untuk menginap dengan keluarga.,Diulas 391 minggu lalu,"https://ik.imagekit.io/tvlk/ugc-review/guys1L+Yyer9kzI3sp-pb0CG1j2bhflZGFUZOoIf1YOBAm37kEUOKR41ieUZm7ZJ/ugc-photo-ap-southeast-1-581603780057-acd24e232f75f09e/ACCOMMODATION/12513891_ACCOMMODATION_1541561709189_3ef0c09cc729c8f6?_src=imagekit&tr=c-at_max,h-100,q-40,w-100","https://ik.imagekit.io/tvlk/ugc-review/guys1L+Yyer9kzI3sp-pb0CG1j2bhflZGFUZOoIf1YOBAm37kEUOKR41ieUZm7ZJ/ugc-photo-ap-southeast-1-581603780057-acd24e232f75f09e/ACCOMMODATION/12513891_ACCOMMODATION_1541561709190_6208d533cfc402f1?_src=imagekit&tr=c-at_max,h-100,q-40,w-100",,,,,,,,,,,,,,,,,,
https://www.traveloka.com/id-id/user/review/consumption/HOTEL/GENERAL/3000020007371,9,18,"Sangat nyaman dan bersih, terima kasih.",Diulas 393 minggu lalu,"https://ik.imagekit.io/tvlk/ugc-review/guys1L+Yyer9kzI3sp-pb0CG1j2bhflZGFUZOoIf1YOBAm37kEUOKR41ieUZm7ZJ/ugc-photo-ap-southeast-1-581603780057-acd24e232f75f09e/ACCOMMODATION/20023107_ACCOMMODATION_1540607879207_d6978da74719010f?_src=imagekit&tr=c-at_max,h-100,q-40,w-100","https://ik.imagekit.io/tvlk/ugc-review/guys1L+Yyer9kzI3sp-pb0CG1j2bhflZGFUZOoIf1YOBAm37kEUOKR41ieUZm7ZJ/ugc-photo-ap-southeast-1-581603780057-acd24e232f75f09e/ACCOMMODATION/20023107_ACCOMMODATION_1540607879207_c763e1ff443cf1ef?_src=imagekit&tr=c-at_max,h-100,q-40,w-100",,,,,,,,,,,,,,,,,,
https://www.traveloka.com/id-id/user/review/consumption/HOTEL/GENERAL/3000020007371,9,19,"Kamar tidur cukup luas, harga pas, variasi makanan cukup banyak dan enak. lokasi oke banget, kamar bersih dan detail yang bagus.",Diulas 394 minggu lalu,"https://ik.imagekit.io/tvlk/ugc-review/guys1L+Yyer9kzI3sp-pb0CG1j2bhflZGFUZOoIf1YOBAm37kEUOKR41ieUZm7ZJ/ugc-photo-ap-southeast-1-581603780057-acd24e232f75f09e/ACCOMMODATION/22859718_ACCOMMODATION_1540168423288_c5a2c9693cf68b30?_src=imagekit&tr=c-at_max,h-100,q-40,w-100",,,,,,,,,,,,,,,,,,,
https://www.traveloka.com/id-id/user/review/consumption/HOTEL/GENERAL/3000020007371,9,20,"Proses check in hingga check out sangat lancar dan cepat. Semua staf sangat baik terutama Ms. Bella dan Resepsionis (tapi saya lupa namanya) Sarapan memiliki banyak varian dan lezat juga, Kamar sangat bersih dan nyaman desain untuk ruangan ini terlihat begitu Glamour dan mewah. Saya dan suami sangat menikmati tinggal di sini, juga kami akan segera kembali. Terima kasih Savero hotel",Diulas 395 minggu lalu,"https://ik.imagekit.io/tvlk/ugc-review/guys1L+Yyer9kzI3sp-pb0CG1j2bhflZGFUZOoIf1YOBAm37kEUOKR41ieUZm7ZJ/ugc-photo-ap-southeast-1-581603780057-acd24e232f75f09e/ACCOMMODATION/8794538_ACCOMMODATION_1539509393016_32d55f38aea9d739?_src=imagekit&tr=c-at_max,h-100,q-40,w-100","https://ik.imagekit.io/tvlk/ugc-review/guys1L+Yyer9kzI3sp-pb0CG1j2bhflZGFUZOoIf1YOBAm37kEUOKR41ieUZm7ZJ/ugc-photo-ap-southeast-1-581603780057-acd24e232f75f09e/ACCOMMODATION/8794538_ACCOMMODATION_1539509393016_4e672fe1d740943f?_src=imagekit&tr=c-at_max,h-100,q-40,w-100",,,,,,,,,,,,,,,,,,
https://www.traveloka.com/id-id/user/review/consumption/HOTEL/GENERAL/3000020007371,10,1,"Pertama datang lihat exteriornya sudah wow. Kamar luas, sarapan enak, pemandangan dan lokasi sip deh pokoknya.",Diulas 395 minggu lalu,"https://ik.imagekit.io/tvlk/ugc-review/guys1L+Yyer9kzI3sp-pb0CG1j2bhflZGFUZOoIf1YOBAm37kEUOKR41ieUZm7ZJ/ugc-photo-ap-southeast-1-581603780057-acd24e232f75f09e/ACCOMMODATION/39153192_ACCOMMODATION_1539302844828_de9564c862fb71a4?_src=imagekit&tr=c-at_max,h-100,q-40,w-100",,,,,,,,,,,,,,,,,,,
https://www.traveloka.com/id-id/user/review/consumption/HOTEL/GENERAL/3000020007371,10,2,"Kamar nyaman, bersih, bergaya modern dan keren, terlebih pelayanannya yang baik dan ramah. menu sarapannya pun rasanya enak-enak. recommended banget.",Diulas 399 minggu lalu,"https://ik.imagekit.io/tvlk/ugc-review/guys1L+Yyer9kzI3sp-pb0CG1j2bhflZGFUZOoIf1YOBAm37kEUOKR41ieUZm7ZJ/ugc-photo-ap-southeast-1-581603780057-acd24e232f75f09e/ACCOMMODATION/10206358_ACCOMMODATION_1536978016647_ac3ce30159bd63c0?_src=imagekit&tr=c-at_max,h-100,q-40,w-100","https://ik.imagekit.io/tvlk/ugc-review/guys1L+Yyer9kzI3sp-pb0CG1j2bhflZGFUZOoIf1YOBAm37kEUOKR41ieUZm7ZJ/ugc-photo-ap-southeast-1-581603780057-acd24e232f75f09e/ACCOMMODATION/10206358_ACCOMMODATION_1536978016648_4649ad6251178b19?_src=imagekit&tr=c-at_max,h-100,q-40,w-100",,,,,,,,,,,,,,,,,,
https://www.traveloka.com/id-id/user/review/consumption/HOTEL/GENERAL/3000020007371,10,3,"Hotel yg nyaman dan strategis di pusat kota Depok, makananya enak, pelayanannya memuaskan.",Diulas 402 minggu lalu,"https://ik.imagekit.io/tvlk/ugc-review/guys1L+Yyer9kzI3sp-pb0CG1j2bhflZGFUZOoIf1YOBAm37kEUOKR41ieUZm7ZJ/ugc-photo-ap-southeast-1-581603780057-acd24e232f75f09e/ACCOMMODATION/8490431_ACCOMMODATION_1535107735182_1e1e1f260306f811?_src=imagekit&tr=c-at_max,h-100,q-40,w-100",,,,,,,,,,,,,,,,,,,
https://www.traveloka.com/id-id/user/review/consumption/HOTEL/GENERAL/3000020007371,10,4,"Nice new hotel in Depok. Waktu datang hmm cukup lama proses check-innya, kamarnya belum ready. Padahal sudah datang jam 15.30an sementara jam check-in jam 14.00. pilih kamar suite. Begitu sampai kamar cukup shock karena kamarnya ternyata lebih besar dari yang diperkirakan dan interiornya bagus, cozy dan nyaman. Pas banget kalau mau menghabiskan waktu sama keluarga. Dan pagi-pagi dapat suprise cake dari timnya karena bertepatan dengan ulang tahun saya. Nice anyway. Terima kasih. Nanti kapan-kapan mampir lagi.",Diulas 404 minggu lalu,"https://ik.imagekit.io/tvlk/ugc-review/guys1L+Yyer9kzI3sp-pb0CG1j2bhflZGFUZOoIf1YOBAm37kEUOKR41ieUZm7ZJ/ugc-photo-ap-southeast-1-581603780057-acd24e232f75f09e/ACCOMMODATION/3153284_ACCOMMODATION_1533565615037_b844cd34519c0f19?_src=imagekit&tr=c-at_max,h-100,q-40,w-100","https://ik.imagekit.io/tvlk/ugc-review/guys1L+Yyer9kzI3sp-pb0CG1j2bhflZGFUZOoIf1YOBAm37kEUOKR41ieUZm7ZJ/ugc-photo-ap-southeast-1-581603780057-acd24e232f75f09e/ACCOMMODATION/3153284_ACCOMMODATION_1533565615038_d70303dd18b9a438?_src=imagekit&tr=c-at_max,h-100,q-40,w-100","https://ik.imagekit.io/tvlk/ugc-review/guys1L+Yyer9kzI3sp-pb0CG1j2bhflZGFUZOoIf1YOBAm37kEUOKR41ieUZm7ZJ/ugc-photo-ap-southeast-1-581603780057-acd24e232f75f09e/ACCOMMODATION/3153284_ACCOMMODATION_1533565615038_74963a8c570a7ffd?_src=imagekit&tr=c-at_max,h-100,q-40,w-100",,,,,,,,,,,,,,,,,
https://www.traveloka.com/id-id/user/review/consumption/HOTEL/GENERAL/3000020007371,10,5,"Kamarnya bersih, tidak bau rokok walapun dapatnya yang smoking room. Kamar mandinya bersih, wangi, menu sarapannya juara banget. Banyak menunya plus enak banget.",Diulas 407 minggu lalu,"https://ik.imagekit.io/tvlk/ugc-review/guys1L+Yyer9kzI3sp-pb0CG1j2bhflZGFUZOoIf1YOBAm37kEUOKR41ieUZm7ZJ/ugc-photo-ap-southeast-1-581603780057-acd24e232f75f09e/ACCOMMODATION/9984730_ACCOMMODATION_1532320843872_57ef52206b860ad4?_src=imagekit&tr=c-at_max,h-100,q-40,w-100",,,,,,,,,,,,,,,,,,,
https://www.traveloka.com/id-id/user/review/consumption/HOTEL/GENERAL/3000020007371,10,6,Hotelnya agak bernuansa eropa-eropa gt. Mirip sama salah satu hotel yang ada di Bandung. So far sih nyaman lah menginap disini. Cuma dikamar tempat untuk rebus airnya belum dbersihin. Jadi masih ada air sisa sam semut. Masih ada air sisa sama semut.,Diulas 407 minggu lalu,"https://ik.imagekit.io/tvlk/ugc-review/guys1L+Yyer9kzI3sp-pb0CG1j2bhflZGFUZOoIf1YOBAm37kEUOKR41ieUZm7ZJ/ugc-photo-ap-southeast-1-581603780057-acd24e232f75f09e/ACCOMMODATION/32283793_ACCOMMODATION_1532231167739_f1a12fdaa5d3f7f6?_src=imagekit&tr=c-at_max,h-100,q-40,w-100",,,,,,,,,,,,,,,,,,,
https://www.traveloka.com/id-id/user/review/consumption/HOTEL/GENERAL/3000020007371,10,7,"Pengalaman pertama bersama savero hotel, dari pertama check-in disambut ramah diantar ke kamar dijelaskan sejelas jelasnya. Privacy disini sangat terjaga saya menanyakan kendala WiFi ketika teknisi datang melihat pintu menyalakan lampu. Tidak ada staf yang berani mengetuk pintu maka resepsionis bahkan menelephon dahulu Untuk memberitahu bahwa ada teknis di depan kamar dan tidak berani ketuk pintu. Very good! Totally nyaman ramah puas banget. Kamarnya wangi design interiornya klasik banget. Bahkan ketika check-out saya dikasih surprise dinyayikan dan diberikan kue ulang tahun oleh beberapa staff savero. terima kasih savero hotel depok, Akan menjadi tujuan saya menginap ketika ingin beristirahat sejenak. Makanannya juga enak, semua staff helpfull banget. Next aku mau coba suites roomnya. Sekedar untuk masukkan WiFi sulit sekali untuk connect apalagi ketika di dalam kamar sulit untuk Mendapatkan signal dari provider cellular kita WiFi pun tidak connect jadi agak sulit untuk Komunikasi. Semoga bisa diperbaiki. Terima kasih savero hotel depok.",Diulas 409 minggu lalu,"https://ik.imagekit.io/tvlk/ugc-review/guys1L+Yyer9kzI3sp-pb0CG1j2bhflZGFUZOoIf1YOBAm37kEUOKR41ieUZm7ZJ/ugc-photo-ap-southeast-1-581603780057-acd24e232f75f09e/ACCOMMODATION/8374886_ACCOMMODATION_1531131120312_9b2f5b15a31c9b7c?_src=imagekit&tr=c-at_max,h-100,q-40,w-100",,,,,,,,,,,,,,,,,,,
https://www.traveloka.com/id-id/user/review/consumption/HOTEL/GENERAL/3000020007371,10,8,"Kamar nyaman, pelayanan ramah, breakfast enak tapi nasi gorengnya agak lembek. Tapi tetap tidak mengurangi kenyamanan saat disana.",Diulas 410 minggu lalu,"https://ik.imagekit.io/tvlk/ugc-review/guys1L+Yyer9kzI3sp-pb0CG1j2bhflZGFUZOoIf1YOBAm37kEUOKR41ieUZm7ZJ/ugc-photo-ap-southeast-1-581603780057-acd24e232f75f09e/ACCOMMODATION/41900936_ACCOMMODATION_1530337425483_73efd19bdebfce41?_src=imagekit&tr=c-at_max,h-100,q-40,w-100",,,,,,,,,,,,,,,,,,,
https://www.traveloka.com/id-id/user/review/consumption/HOTEL/GENERAL/3000020007371,10,9,Hotelnya sangat bersih. Interiornya elegant. Nyaman. Thank you Savero Hotel.,Diulas 411 minggu lalu,"https://ik.imagekit.io/tvlk/ugc-review/guys1L+Yyer9kzI3sp-pb0CG1j2bhflZGFUZOoIf1YOBAm37kEUOKR41ieUZm7ZJ/ugc-photo-ap-southeast-1-581603780057-acd24e232f75f09e/ACCOMMODATION/9602659_ACCOMMODATION_1529202613762_65ac3279284b4be5?_src=imagekit&tr=c-at_max,h-100,q-40,w-100",,,,,,,,,,,,,,,,,,,
https://www.traveloka.com/id-id/user/review/consumption/HOTEL/GENERAL/3000020007371,10,10,"Menginap disini sangat menyenangkan, kamar yang nyaman, dengan AC dingin, dengan perlengkapan kamar yang lengkap seperti kulkas dan coffee maker. Hanya saja untuk sendal hanya diberikan 1 pasang saja, padahal yang menginap 2 orang. Dan agak sedikit kecewa karena awalnya menginap untuk beristirahat tenang namun ternyata dikamar sebelah ada suara anak-anak yang sangat berisik bermain-main dan menggesar-gesar seperti menggeser kursi bolak balik karena sangat berisik sekali, Dari malam hari hingga besok pagi tetap berisik dan sangat mengganggu sekali. Dan untungnya saya pagi-pagi telfon operator mengadu soal kejadian tersebut dan langsung ditindak lanjuti dengan sangat cepat, Management langsung keatas membawa security untuk memastikan suara berisik tersebut tidak ada lagi. Namun sayangnya tidak bertahan lama, Hal tersebut mulai terdengar berisik sekali setelah petugas menegur keluarga yang bersangkutan. Sangat mengganggu jika orgtua tidak bisa mengajarkan atau menasihati ke 5 anak-anaknya jika seharusnya menghargai kamar sekitar. Untuk para orgtua, Sebagai saran bagi yang ingin menginap dan membawa anak-anak kecil, dimohon untuk dapat menjaga anak-anaknya agar keluarga anda nyaman beristirahat, Dan juga orglain beristirahat. Karena kita tidak tahu dampak apa yang dirasakan oleh oranglain akan hal tersebut. Misalnya seperti saya jadi kurang tidur, Atau mungkin oranglain sakit atau apa. Jadi mohon untuk selalu memperhatikan anak-anaknya agar dapat nyaman beristirahat. Terima kasih Savero Hotel Depok yang sangat sigap membantu saya, serta makanannya sangat enak.",Diulas 411 minggu lalu,"https://ik.imagekit.io/tvlk/ugc-review/guys1L+Yyer9kzI3sp-pb0CG1j2bhflZGFUZOoIf1YOBAm37kEUOKR41ieUZm7ZJ/ugc-photo-ap-southeast-1-581603780057-acd24e232f75f09e/ACCOMMODATION/17230551_ACCOMMODATION_1529409335760_c4bd1322b6d3dab5?_src=imagekit&tr=c-at_max,h-100,q-40,w-100","https://ik.imagekit.io/tvlk/ugc-review/guys1L+Yyer9kzI3sp-pb0CG1j2bhflZGFUZOoIf1YOBAm37kEUOKR41ieUZm7ZJ/ugc-photo-ap-southeast-1-581603780057-acd24e232f75f09e/ACCOMMODATION/17230551_ACCOMMODATION_1529409335761_0f02c1f7d2307b11?_src=imagekit&tr=c-at_max,h-100,q-40,w-100","https://ik.imagekit.io/tvlk/ugc-review/guys1L+Yyer9kzI3sp-pb0CG1j2bhflZGFUZOoIf1YOBAm37kEUOKR41ieUZm7ZJ/ugc-photo-ap-southeast-1-581603780057-acd24e232f75f09e/ACCOMMODATION/17230551_ACCOMMODATION_1529409335761_dec6191604b0b479?_src=imagekit&tr=c-at_max,h-100,q-40,w-100",,,,,,,,,,,,,,,,,
https://www.traveloka.com/id-id/user/review/consumption/HOTEL/GENERAL/3000020007371,10,11,Secara keseluruhan amat sangat puas... bakal menginap lagi disini sarapannya cukup bervariasi. Kebersihan dan kenyamanan?,Diulas 412 minggu lalu,"https://ik.imagekit.io/tvlk/ugc-review/guys1L+Yyer9kzI3sp-pb0CG1j2bhflZGFUZOoIf1YOBAm37kEUOKR41ieUZm7ZJ/ugc-photo-ap-southeast-1-581603780057-acd24e232f75f09e/ACCOMMODATION/4643147_ACCOMMODATION_1529373968960_3d58f5edd6a52359?_src=imagekit&tr=c-at_max,h-100,q-40,w-100",,,,,,,,,,,,,,,,,,,
https://www.traveloka.com/id-id/user/review/consumption/HOTEL/GENERAL/3000020007371,10,12,"Sebagai hotel yang baru beroperasi sejak Februari 2018, hotel ini sangat elegan dan terkesan sangat mewah dengan harga yang cukup terjangkau. Sayangnya fasilitas olahraga dan kolam renang belum ada. Tapi makanan sangat enak dan lengkap, akses sangat mudah dan sangat dekat dengan restoran serta rumah sakit. Dekat sekali dengan University of Indonesia sehingga sangat direkomendasikan untuk keluarga yang ingin menginap saat anaknya diwisuda.",Diulas 412 minggu lalu,"https://ik.imagekit.io/tvlk/ugc-review/guys1L+Yyer9kzI3sp-pb0CG1j2bhflZGFUZOoIf1YOBAm37kEUOKR41ieUZm7ZJ/ugc-photo-ap-southeast-1-581603780057-acd24e232f75f09e/ACCOMMODATION/5888760_ACCOMMODATION_1529288448855_907eea6dcdd40f18?_src=imagekit&tr=c-at_max,h-100,q-40,w-100","https://ik.imagekit.io/tvlk/ugc-review/guys1L+Yyer9kzI3sp-pb0CG1j2bhflZGFUZOoIf1YOBAm37kEUOKR41ieUZm7ZJ/ugc-photo-ap-southeast-1-581603780057-acd24e232f75f09e/ACCOMMODATION/5888760_ACCOMMODATION_1529288448856_8be2c9323b13f234?_src=imagekit&tr=c-at_max,h-100,q-40,w-100",,,,,,,,,,,,,,,,,,
https://www.traveloka.com/id-id/user/review/consumption/HOTEL/GENERAL/3000020007371,10,13,"Hotel baru, hanya sayang sarapannya tidak buffet karena puasa dan tak ada kolam renang. Handuknya ada noda. Toiletnya belum smart toilet dan airnya kurang deras buat saya.",Diulas 412 minggu lalu,"https://ik.imagekit.io/tvlk/ugc-review/guys1L+Yyer9kzI3sp-pb0CG1j2bhflZGFUZOoIf1YOBAm37kEUOKR41ieUZm7ZJ/ugc-photo-ap-southeast-1-581603780057-acd24e232f75f09e/ACCOMMODATION/20480762_ACCOMMODATION_1528938578772_052a2888e3b37e12?_src=imagekit&tr=c-at_max,h-100,q-40,w-100",,,,,,,,,,,,,,,,,,,
https://www.traveloka.com/id-id/user/review/consumption/HOTEL/GENERAL/3000020007371,10,14,"Overall bagus dan nyaman, menu sarapan paginya cukup variatif, cuma untuk cleaning service sudah disebelah kamar tapi ternyata kamar saya tidak ikut dibersihkan (dilewati). Jadi mesti harus minta tolong dibersihkan baru datang petugasnya.",Diulas 414 minggu lalu,"https://ik.imagekit.io/tvlk/ugc-review/guys1L+Yyer9kzI3sp-pb0CG1j2bhflZGFUZOoIf1YOBAm37kEUOKR41ieUZm7ZJ/ugc-photo-ap-southeast-1-581603780057-acd24e232f75f09e/ACCOMMODATION/3551138_ACCOMMODATION_1527732782859_e0f7fea09ac98ff7?_src=imagekit&tr=c-at_max,h-100,q-40,w-100","https://ik.imagekit.io/tvlk/ugc-review/guys1L+Yyer9kzI3sp-pb0CG1j2bhflZGFUZOoIf1YOBAm37kEUOKR41ieUZm7ZJ/ugc-photo-ap-southeast-1-581603780057-acd24e232f75f09e/ACCOMMODATION/3551138_ACCOMMODATION_1527732782859_664c335decf98b63?_src=imagekit&tr=c-at_max,h-100,q-40,w-100","https://ik.imagekit.io/tvlk/ugc-review/guys1L+Yyer9kzI3sp-pb0CG1j2bhflZGFUZOoIf1YOBAm37kEUOKR41ieUZm7ZJ/ugc-photo-ap-southeast-1-581603780057-acd24e232f75f09e/ACCOMMODATION/3551138_ACCOMMODATION_1527732782860_ac9250dacde7ba09?_src=imagekit&tr=c-at_max,h-100,q-40,w-100",,,,,,,,,,,,,,,,,
https://www.traveloka.com/id-id/user/review/consumption/HOTEL/GENERAL/3000020007371,10,15,"Hotel yang nyaman untuk yang menginap di daerah depok, good interior, Kamar super nyaman, pelayanan yang ramah, berbagai macam menu makanan di restorannya.",Diulas 417 minggu lalu,"https://ik.imagekit.io/tvlk/ugc-review/guys1L+Yyer9kzI3sp-pb0CG1j2bhflZGFUZOoIf1YOBAm37kEUOKR41ieUZm7ZJ/ugc-photo-ap-southeast-1-581603780057-acd24e232f75f09e/ACCOMMODATION/19030130_ACCOMMODATION_1526284861625_015b77d1a9187b11?_src=imagekit&tr=c-at_max,h-100,q-40,w-100",,,,,,,,,,,,,,,,,,,
