url,page,review_index,teks_ulasan,tanggal,gambar-1,gambar-2,gambar-3,gambar-4,gambar-5,gambar-6,gambar-7,gambar-8,gambar-9,gambar-10,gambar-11,gambar-12,gambar-13,gambar-14,gambar-15,gambar-16,gambar-17,gambar-18,gambar-19,gambar-20
https://www.traveloka.com/id-id/user/review/consumption/HOTEL/GENERAL/1000000530525,1,1,"Pas mendung view sunrise-nya hehe. Sudah sesuai standar untuk semuanya sudah oke sih, semisal ukuran kamar kecil tidak masalah karena sudah ada infonya, don't expect more. Jarak agak jauh dari pintu tol. Anak 6 tahun extra 40rb untuk breakfast, makanan-makanan yang dipesan ke kamar enak-enak saja dan enggak terlalu mahal. Staff-nya cukup teliti saat check out dan cek barang yang tertinggal di kamar. Terima kasih.",Diulas 4 minggu lalu,"https://ik.imagekit.io/tvlk/ugc-review/guys1L+Yyer9kzI3sp-pb0CG1j2bhflZGFUZOoIf1YOBAm37kEUOKR41ieUZm7ZJ/ugc-photo-ap-southeast-1-581603780057-acd24e232f75f09e/REVIEW/REVIEW_1775697600423_5c4551cc77a3c2a4?_src=imagekit&tr=c-at_max,h-100,q-40,w-100",,,,,,,,,,,,,,,,,,,
https://www.traveloka.com/id-id/user/review/consumption/HOTEL/GENERAL/1000000530525,1,2,"Nyaman, aku suka ruangannya enggak terlalu pakai lampu terang jadi tidur lebih nyenyak tanpa mematikan lampu, staff sangat ramah dan banyak membantu, makanannya juga enakk diantar untuk sahur sekalian bangunin 🤍",Diulas 10 minggu lalu,"https://ik.imagekit.io/tvlk/ugc-review/guys1L+Yyer9kzI3sp-pb0CG1j2bhflZGFUZOoIf1YOBAm37kEUOKR41ieUZm7ZJ/ugc-photo-ap-southeast-1-581603780057-acd24e232f75f09e/REVIEW/REVIEW_1772468181334_d3c849987d360c33?_src=imagekit&tr=c-at_max,h-100,q-40,w-100",,,,,,,,,,,,,,,,,,,
https://www.traveloka.com/id-id/user/review/consumption/HOTEL/GENERAL/1000000530525,1,3,"Sangat puas menginap di Hotel Neo Cirebon! Hotel ini menjadi pilihan favorit setiap kali berkunjung ke Cirebon karena lokasinya yang sangat strategis dan pelayanannya yang memuaskan. Poin plus yang membuat hotel ini layak dikunjungi: Lokasi Sangat Strategis: Lokasinya sangat dekat dengan Stasiun Cirebon (Kejaksan), cukup jalan kaki sebentar atau berkendara 3 menit. Cari kuliner khas Cirebon seperti Empal Gentong juga tidak sulit di sekitar sini. Desain Kamar Modern & Unik: Saya suka dengan konsep desainnya yang modern dan didominasi warna hitam-putih yang elegan. Kamarnya selalu bersih, kedap suara cukup baik, dan tempat tidurnya sangat nyaman. Pemandangan Bagus: Jika beruntung mendapatkan kamar di lantai tinggi, Anda bisa melihat pemandangan kota atau bahkan laut dari kejauhan. Sangat menenangkan! Sarapan Lezat: Pilihan menu sarapannya cukup beragam untuk hotel bintang 3, mulai dari hidangan tradisional hingga internasional. Kopi dan tehnya juga enak. Staf Ramah: Proses check-in dan check-out sangat efisien. Semua staf, mulai dari resepsionis hingga housekeeping, sangat sopan dan sigap membantu. Hotel ini sangat cocok bagi pelancong bisnis maupun keluarga yang mencari kenyamanan dengan harga yang tetap terjangkau (value for money). Pasti akan kembali lagi!",Diulas 12 minggu lalu,"https://ik.imagekit.io/tvlk/ugc-review/guys1L+Yyer9kzI3sp-pb0CG1j2bhflZGFUZOoIf1YOBAm37kEUOKR41ieUZm7ZJ/ugc-photo-ap-southeast-1-581603780057-acd24e232f75f09e/REVIEW/REVIEW_1771049337352_59d5c03dbc4fd7e5?_src=imagekit&tr=c-at_max,h-100,q-40,w-100",,,,,,,,,,,,,,,,,,,
https://www.traveloka.com/id-id/user/review/consumption/HOTEL/GENERAL/1000000530525,1,4,"Suka banget! Luas dan view Gunung Ciremainya kelihatan. Dapat di kamar ujung, best banget.",Diulas 13 minggu lalu,"https://ik.imagekit.io/tvlk/ugc-review/guys1L+Yyer9kzI3sp-pb0CG1j2bhflZGFUZOoIf1YOBAm37kEUOKR41ieUZm7ZJ/ugc-photo-ap-southeast-1-581603780057-acd24e232f75f09e/REVIEW/REVIEW_1770367734296_b88c7d53c18e951f?_src=imagekit&tr=c-at_max,h-100,q-40,w-100","https://ik.imagekit.io/tvlk/ugc-review/guys1L+Yyer9kzI3sp-pb0CG1j2bhflZGFUZOoIf1YOBAm37kEUOKR41ieUZm7ZJ/ugc-photo-ap-southeast-1-581603780057-acd24e232f75f09e/REVIEW/REVIEW_1770367734296_dc739f60e44be5d8?_src=imagekit&tr=c-at_max,h-100,q-40,w-100",,,,,,,,,,,,,,,,,,
https://www.traveloka.com/id-id/user/review/consumption/HOTEL/GENERAL/1000000530525,1,5,Terima kasih atas pelayanannya 😊🙏🏻,Diulas 13 minggu lalu,"https://ik.imagekit.io/tvlk/ugc-review/guys1L+Yyer9kzI3sp-pb0CG1j2bhflZGFUZOoIf1YOBAm37kEUOKR41ieUZm7ZJ/ugc-photo-ap-southeast-1-581603780057-acd24e232f75f09e/REVIEW/REVIEW_1770191191897_d890d2a6360e6e46?_src=imagekit&tr=c-at_max,h-100,q-40,w-100",,,,,,,,,,,,,,,,,,,
https://www.traveloka.com/id-id/user/review/consumption/HOTEL/GENERAL/1000000530525,1,6,Terima kasih atas pelayanannya. Rekomendasi Hotel 😊👍🏻,Diulas 13 minggu lalu,"https://ik.imagekit.io/tvlk/ugc-review/guys1L+Yyer9kzI3sp-pb0CG1j2bhflZGFUZOoIf1YOBAm37kEUOKR41ieUZm7ZJ/ugc-photo-ap-southeast-1-581603780057-acd24e232f75f09e/REVIEW/REVIEW_1770190781035_89e7b3e047f55f8c?_src=imagekit&tr=c-at_max,h-100,q-40,w-100",,,,,,,,,,,,,,,,,,,
https://www.traveloka.com/id-id/user/review/consumption/HOTEL/GENERAL/1000000530525,1,7,Nyaman & Hepi Bistrip Cirebon menginap disini,Diulas 20 minggu lalu,"https://ik.imagekit.io/tvlk/ugc-review/guys1L+Yyer9kzI3sp-pb0CG1j2bhflZGFUZOoIf1YOBAm37kEUOKR41ieUZm7ZJ/ugc-photo-ap-southeast-1-581603780057-acd24e232f75f09e/REVIEW/REVIEW_1766307112022_5c90bfe50dde71ba?_src=imagekit&tr=c-at_max,h-100,q-40,w-100",,,,,,,,,,,,,,,,,,,
https://www.traveloka.com/id-id/user/review/consumption/HOTEL/GENERAL/1000000530525,1,8,"Terima kasih atas kerja kerasnya maka hotelnya nyaman. Walaupun saat saya menginap tv cablenya sempat ada kendala, tapi penanganan staffnya cepat sekali.",Diulas 22 minggu lalu,"https://ik.imagekit.io/tvlk/ugc-review/guys1L+Yyer9kzI3sp-pb0CG1j2bhflZGFUZOoIf1YOBAm37kEUOKR41ieUZm7ZJ/ugc-photo-ap-southeast-1-581603780057-acd24e232f75f09e/REVIEW/REVIEW_1764730865017_32cb92dd731817af?_src=imagekit&tr=c-at_max,h-100,q-40,w-100","https://ik.imagekit.io/tvlk/ugc-review/guys1L+Yyer9kzI3sp-pb0CG1j2bhflZGFUZOoIf1YOBAm37kEUOKR41ieUZm7ZJ/ugc-photo-ap-southeast-1-581603780057-acd24e232f75f09e/REVIEW/REVIEW_1764730876773_7bb3df5d65ec94fb?_src=imagekit&tr=c-at_max,h-100,q-40,w-100",,,,,,,,,,,,,,,,,,
https://www.traveloka.com/id-id/user/review/consumption/HOTEL/GENERAL/1000000530525,1,9,"Staff ramah
AC dingin
kebersihan baik",Diulas 23 minggu lalu,"https://ik.imagekit.io/tvlk/ugc-review/guys1L+Yyer9kzI3sp-pb0CG1j2bhflZGFUZOoIf1YOBAm37kEUOKR41ieUZm7ZJ/ugc-photo-ap-southeast-1-581603780057-acd24e232f75f09e/REVIEW/REVIEW_1764322120095_7bcc4218d5ed1a75?_src=imagekit&tr=c-at_max,h-100,q-40,w-100",,,,,,,,,,,,,,,,,,,
https://www.traveloka.com/id-id/user/review/consumption/HOTEL/GENERAL/1000000530525,1,10,fasilitas kamar bagus dan pilihan sarapan yang variatif.👍,Diulas 25 minggu lalu,"https://ik.imagekit.io/tvlk/ugc-review/guys1L+Yyer9kzI3sp-pb0CG1j2bhflZGFUZOoIf1YOBAm37kEUOKR41ieUZm7ZJ/ugc-photo-ap-southeast-1-581603780057-acd24e232f75f09e/REVIEW/REVIEW_1762858524534_4cc5d11668c3836a?_src=imagekit&tr=c-at_max,h-100,q-40,w-100",,,,,,,,,,,,,,,,,,,
https://www.traveloka.com/id-id/user/review/consumption/HOTEL/GENERAL/1000000530525,1,11,"Untuk kenyamanan tempat sangat strategis sangat dekat dengan pusat kota,staff ramah parkiran lumayan walupun mengunakan valet free,,hanya saja untuk AC tolong di perbaiki ya agar pengujung nyaman dengan satu kamar dan tidak pindah kamar lagi untuk mendapatkan kamar yang dingin..",Diulas 26 minggu lalu,"https://ik.imagekit.io/tvlk/ugc-review/guys1L+Yyer9kzI3sp-pb0CG1j2bhflZGFUZOoIf1YOBAm37kEUOKR41ieUZm7ZJ/ugc-photo-ap-southeast-1-581603780057-acd24e232f75f09e/REVIEW/REVIEW_1762694588713_81dd78d3776f807c?_src=imagekit&tr=c-at_max,h-100,q-40,w-100",,,,,,,,,,,,,,,,,,,
https://www.traveloka.com/id-id/user/review/consumption/HOTEL/GENERAL/1000000530525,1,12,"hotel bintang 3 yang nyaman, dekat kemana2. bersih, dan recomended. sepertinya KLO ke Cirebon lagi bakalan ke Neo lagi aja.",Diulas 27 minggu lalu,"https://ik.imagekit.io/tvlk/ugc-review/guys1L+Yyer9kzI3sp-pb0CG1j2bhflZGFUZOoIf1YOBAm37kEUOKR41ieUZm7ZJ/ugc-photo-ap-southeast-1-581603780057-acd24e232f75f09e/REVIEW/REVIEW_1762141906673_facb06b4e2dbe785?_src=imagekit&tr=c-at_max,h-100,q-40,w-100",,,,,,,,,,,,,,,,,,,
https://www.traveloka.com/id-id/user/review/consumption/HOTEL/GENERAL/1000000530525,1,13,"lokasi dekat stasiun, ke mana mana dekat, kamar sesuai dengan harga",Diulas 30 minggu lalu,"https://ik.imagekit.io/tvlk/ugc-review/guys1L+Yyer9kzI3sp-pb0CG1j2bhflZGFUZOoIf1YOBAm37kEUOKR41ieUZm7ZJ/ugc-photo-ap-southeast-1-581603780057-acd24e232f75f09e/REVIEW/REVIEW_1759976233260_0cc39118aba8650d?_src=imagekit&tr=c-at_max,h-100,q-40,w-100",,,,,,,,,,,,,,,,,,,
https://www.traveloka.com/id-id/user/review/consumption/HOTEL/GENERAL/1000000530525,1,14,"lokasi super strategis, dekat ke stasiun, kebersihan ok, staff juga sangat ramah",Diulas 32 minggu lalu,"https://ik.imagekit.io/tvlk/ugc-review/guys1L+Yyer9kzI3sp-pb0CG1j2bhflZGFUZOoIf1YOBAm37kEUOKR41ieUZm7ZJ/ugc-photo-ap-southeast-1-581603780057-acd24e232f75f09e/REVIEW/REVIEW_1758667316439_020b69311cd24856?_src=imagekit&tr=c-at_max,h-100,q-40,w-100","https://ik.imagekit.io/tvlk/ugc-review/guys1L+Yyer9kzI3sp-pb0CG1j2bhflZGFUZOoIf1YOBAm37kEUOKR41ieUZm7ZJ/ugc-photo-ap-southeast-1-581603780057-acd24e232f75f09e/REVIEW/REVIEW_1758667316439_251ec9d178226332?_src=imagekit&tr=c-at_max,h-100,q-40,w-100",,,,,,,,,,,,,,,,,,
https://www.traveloka.com/id-id/user/review/consumption/HOTEL/GENERAL/1000000530525,1,15,Staf Hotel Ramah dan Gercep....Sarapan pagi enakkkk banget dan bervariatif .....kalo ke Cirebon rekomended pokok nya Hotel NEO Cirebon,Diulas 48 minggu lalu,"https://ik.imagekit.io/tvlk/ugc-review/guys1L+Yyer9kzI3sp-pb0CG1j2bhflZGFUZOoIf1YOBAm37kEUOKR41ieUZm7ZJ/ugc-photo-ap-southeast-1-581603780057-acd24e232f75f09e/REVIEW/143550515_REVIEW_1749354992730_244cc3a13499c95d?_src=imagekit&tr=c-at_max,h-100,q-40,w-100",,,,,,,,,,,,,,,,,,,
https://www.traveloka.com/id-id/user/review/consumption/HOTEL/GENERAL/1000000530525,1,16,"Staffnya ramah, bisa checkin lebih awal bila kamar kosong sudah tersedia, kamar bersih, lokasi strategis tidak jauh dari stasiun kereta.",Diulas 48 minggu lalu,"https://ik.imagekit.io/tvlk/ugc-review/guys1L+Yyer9kzI3sp-pb0CG1j2bhflZGFUZOoIf1YOBAm37kEUOKR41ieUZm7ZJ/ugc-photo-ap-southeast-1-581603780057-acd24e232f75f09e/REVIEW/22207006_REVIEW_1749029279958_2cd6fe01949cd277?_src=imagekit&tr=c-at_max,h-100,q-40,w-100",,,,,,,,,,,,,,,,,,,
https://www.traveloka.com/id-id/user/review/consumption/HOTEL/GENERAL/1000000530525,1,17,"Hotelnya di pinggir jalan raya, cari makan malam/cemilan dekat. Staff-nya keren, ramah & cepat respons jika perlu sesuatu, kamar bersih. Bagus semuanya...",Diulas 52 minggu lalu,"https://ik.imagekit.io/tvlk/ugc-review/guys1L+Yyer9kzI3sp-pb0CG1j2bhflZGFUZOoIf1YOBAm37kEUOKR41ieUZm7ZJ/ugc-photo-ap-southeast-1-581603780057-acd24e232f75f09e/REVIEW/4912383_REVIEW_1746853105148_8de12afee1af6a1e?_src=imagekit&tr=c-at_max,h-100,q-40,w-100","https://ik.imagekit.io/tvlk/ugc-review/guys1L+Yyer9kzI3sp-pb0CG1j2bhflZGFUZOoIf1YOBAm37kEUOKR41ieUZm7ZJ/ugc-photo-ap-southeast-1-581603780057-acd24e232f75f09e/REVIEW/4912383_REVIEW_1746853105148_2bce3fd4d19df344?_src=imagekit&tr=c-at_max,h-100,q-40,w-100","https://ik.imagekit.io/tvlk/ugc-review/guys1L+Yyer9kzI3sp-pb0CG1j2bhflZGFUZOoIf1YOBAm37kEUOKR41ieUZm7ZJ/ugc-photo-ap-southeast-1-581603780057-acd24e232f75f09e/REVIEW/4912383_REVIEW_1746853105148_bbe0d135f96058a5?_src=imagekit&tr=c-at_max,h-100,q-40,w-100","https://ik.imagekit.io/tvlk/ugc-review/guys1L+Yyer9kzI3sp-pb0CG1j2bhflZGFUZOoIf1YOBAm37kEUOKR41ieUZm7ZJ/ugc-photo-ap-southeast-1-581603780057-acd24e232f75f09e/REVIEW/4912383_REVIEW_1746853105149_fd9d90d5cce320ec?_src=imagekit&tr=c-at_max,h-100,q-40,w-100","https://ik.imagekit.io/tvlk/ugc-review/guys1L+Yyer9kzI3sp-pb0CG1j2bhflZGFUZOoIf1YOBAm37kEUOKR41ieUZm7ZJ/ugc-photo-ap-southeast-1-581603780057-acd24e232f75f09e/REVIEW/4912383_REVIEW_1746853105149_55caaade6a4d75f5?_src=imagekit&tr=c-at_max,h-100,q-40,w-100",,,,,,,,,,,,,,,
https://www.traveloka.com/id-id/user/review/consumption/HOTEL/GENERAL/1000000530525,1,18,staff hotel sangat ramah dari resepsionis hingga security-nya,Diulas 54 minggu lalu,"https://ik.imagekit.io/tvlk/ugc-review/guys1L+Yyer9kzI3sp-pb0CG1j2bhflZGFUZOoIf1YOBAm37kEUOKR41ieUZm7ZJ/ugc-photo-ap-southeast-1-581603780057-acd24e232f75f09e/REVIEW/24536587_REVIEW_1745377131945_639eaacb3b4d325f?_src=imagekit&tr=c-at_max,h-100,q-40,w-100",,,,,,,,,,,,,,,,,,,
https://www.traveloka.com/id-id/user/review/consumption/HOTEL/GENERAL/1000000530525,1,19,Makanan dan view dr hotel gais,Diulas 55 minggu lalu,"https://ik.imagekit.io/tvlk/ugc-review/guys1L+Yyer9kzI3sp-pb0CG1j2bhflZGFUZOoIf1YOBAm37kEUOKR41ieUZm7ZJ/ugc-photo-ap-southeast-1-581603780057-acd24e232f75f09e/REVIEW/17826820_REVIEW_1744808896409_76fb3487c581a8c4?_src=imagekit&tr=c-at_max,h-100,q-40,w-100","https://ik.imagekit.io/tvlk/ugc-review/guys1L+Yyer9kzI3sp-pb0CG1j2bhflZGFUZOoIf1YOBAm37kEUOKR41ieUZm7ZJ/ugc-photo-ap-southeast-1-581603780057-acd24e232f75f09e/REVIEW/17826820_REVIEW_1744808896409_5dff26dc378907dc?_src=imagekit&tr=c-at_max,h-100,q-40,w-100",,,,,,,,,,,,,,,,,,
https://www.traveloka.com/id-id/user/review/consumption/HOTEL/GENERAL/1000000530525,1,20,"Catatan: 1. Hand shower kurang besar. 2. Debit air panas saat pagi jam 9-an enggak keluar, mungkin karena banyak yang berbarengan. Semoga bisa diperhatikan supaya tambah nyaman. Hal yang lain sudah cukup sebagai hotel bintang 3. Grup Aston memang oke.",Diulas 56 minggu lalu,"https://ik.imagekit.io/tvlk/ugc-review/guys1L+Yyer9kzI3sp-pb0CG1j2bhflZGFUZOoIf1YOBAm37kEUOKR41ieUZm7ZJ/ugc-photo-ap-southeast-1-581603780057-acd24e232f75f09e/REVIEW/20103847_REVIEW_1744378370458_12c62c10f76a3d05?_src=imagekit&tr=c-at_max,h-100,q-40,w-100","https://ik.imagekit.io/tvlk/ugc-review/guys1L+Yyer9kzI3sp-pb0CG1j2bhflZGFUZOoIf1YOBAm37kEUOKR41ieUZm7ZJ/ugc-photo-ap-southeast-1-581603780057-acd24e232f75f09e/REVIEW/20103847_REVIEW_1744378370458_422e7f87cc4983a9?_src=imagekit&tr=c-at_max,h-100,q-40,w-100","https://ik.imagekit.io/tvlk/ugc-review/guys1L+Yyer9kzI3sp-pb0CG1j2bhflZGFUZOoIf1YOBAm37kEUOKR41ieUZm7ZJ/ugc-photo-ap-southeast-1-581603780057-acd24e232f75f09e/REVIEW/20103847_REVIEW_1744378370458_cfe47b2ada31e3c7?_src=imagekit&tr=c-at_max,h-100,q-40,w-100","https://ik.imagekit.io/tvlk/ugc-review/guys1L+Yyer9kzI3sp-pb0CG1j2bhflZGFUZOoIf1YOBAm37kEUOKR41ieUZm7ZJ/ugc-photo-ap-southeast-1-581603780057-acd24e232f75f09e/REVIEW/20103847_REVIEW_1744378370458_0e0f559b7bf03fe1?_src=imagekit&tr=c-at_max,h-100,q-40,w-100","https://ik.imagekit.io/tvlk/ugc-review/guys1L+Yyer9kzI3sp-pb0CG1j2bhflZGFUZOoIf1YOBAm37kEUOKR41ieUZm7ZJ/ugc-photo-ap-southeast-1-581603780057-acd24e232f75f09e/REVIEW/20103847_REVIEW_1744378370459_bb450405d3d60ecd?_src=imagekit&tr=c-at_max,h-100,q-40,w-100",,,,,,,,,,,,,,,
https://www.traveloka.com/id-id/user/review/consumption/HOTEL/GENERAL/1000000530525,2,1,neo yang bagus di jantung kota cirebon dekat dengan pusat kota di depan tom yam dan sapo laut,Diulas 57 minggu lalu,"https://ik.imagekit.io/tvlk/ugc-review/guys1L+Yyer9kzI3sp-pb0CG1j2bhflZGFUZOoIf1YOBAm37kEUOKR41ieUZm7ZJ/ugc-photo-ap-southeast-1-581603780057-acd24e232f75f09e/REVIEW/17958115_REVIEW_1744059084907_d2e635038fa7d0d2?_src=imagekit&tr=c-at_max,h-100,q-40,w-100","https://ik.imagekit.io/tvlk/ugc-review/guys1L+Yyer9kzI3sp-pb0CG1j2bhflZGFUZOoIf1YOBAm37kEUOKR41ieUZm7ZJ/ugc-photo-ap-southeast-1-581603780057-acd24e232f75f09e/REVIEW/17958115_REVIEW_1744059084906_12bff30add965c7f?_src=imagekit&tr=c-at_max,h-100,q-40,w-100","https://ik.imagekit.io/tvlk/ugc-review/guys1L+Yyer9kzI3sp-pb0CG1j2bhflZGFUZOoIf1YOBAm37kEUOKR41ieUZm7ZJ/ugc-photo-ap-southeast-1-581603780057-acd24e232f75f09e/REVIEW/17958115_REVIEW_1744059084906_7317b1a3bc5be23c?_src=imagekit&tr=c-at_max,h-100,q-40,w-100","https://ik.imagekit.io/tvlk/ugc-review/guys1L+Yyer9kzI3sp-pb0CG1j2bhflZGFUZOoIf1YOBAm37kEUOKR41ieUZm7ZJ/ugc-photo-ap-southeast-1-581603780057-acd24e232f75f09e/REVIEW/17958115_REVIEW_1744059084906_da06cbcb97596e25?_src=imagekit&tr=c-at_max,h-100,q-40,w-100","https://ik.imagekit.io/tvlk/ugc-review/guys1L+Yyer9kzI3sp-pb0CG1j2bhflZGFUZOoIf1YOBAm37kEUOKR41ieUZm7ZJ/ugc-photo-ap-southeast-1-581603780057-acd24e232f75f09e/REVIEW/17958115_REVIEW_1744059084906_d7dbf2b2c33d111c?_src=imagekit&tr=c-at_max,h-100,q-40,w-100",,,,,,,,,,,,,,,
https://www.traveloka.com/id-id/user/review/consumption/HOTEL/GENERAL/1000000530525,2,2,"Menginap di hotel ini saat mudik lebaran. Kami datang sudah malam sekitar pukul 21.30, staf hotel ramah, check in dan check out mudah dan cepat, lokasi hotel mudah dijangkau dan dekat dengan jalan utama tetapi untuk parkir mobil terbatas. Kamar bersih, untuk air minum kemasan berbayar tetapi petugas cukup informatif dalam menjelaskan hal tersebut. Disediakan juga untuk ambil air minum di depan kamar. Kami menemukan bungkus kopi, mungkin dari tamu sebelumnya yang lupa dibuang (posisinya terlihat dalam foto), mohon untuk diperhatikan. Cukup menyenangkan walaupun kami hanya singgah sebentar melepas lelah. Terima kasih.",Diulas 57 minggu lalu,"https://ik.imagekit.io/tvlk/ugc-review/guys1L+Yyer9kzI3sp-pb0CG1j2bhflZGFUZOoIf1YOBAm37kEUOKR41ieUZm7ZJ/ugc-photo-ap-southeast-1-581603780057-acd24e232f75f09e/REVIEW/14108720_REVIEW_1743911637301_3e903f949aadb0ce?_src=imagekit&tr=c-at_max,h-100,q-40,w-100","https://ik.imagekit.io/tvlk/ugc-review/guys1L+Yyer9kzI3sp-pb0CG1j2bhflZGFUZOoIf1YOBAm37kEUOKR41ieUZm7ZJ/ugc-photo-ap-southeast-1-581603780057-acd24e232f75f09e/REVIEW/14108720_REVIEW_1743911637301_a693c91b9ea01858?_src=imagekit&tr=c-at_max,h-100,q-40,w-100","https://ik.imagekit.io/tvlk/ugc-review/guys1L+Yyer9kzI3sp-pb0CG1j2bhflZGFUZOoIf1YOBAm37kEUOKR41ieUZm7ZJ/ugc-photo-ap-southeast-1-581603780057-acd24e232f75f09e/REVIEW/14108720_REVIEW_1743911637302_f17ca70a3e33a637?_src=imagekit&tr=c-at_max,h-100,q-40,w-100",,,,,,,,,,,,,,,,,
https://www.traveloka.com/id-id/user/review/consumption/HOTEL/GENERAL/1000000530525,2,3,"overall oke,hanya saja air panas yang keluar dari showernya kecil,parkir terbatas namun ada free vallet. thank you",Diulas 57 minggu lalu,"https://ik.imagekit.io/tvlk/ugc-review/guys1L+Yyer9kzI3sp-pb0CG1j2bhflZGFUZOoIf1YOBAm37kEUOKR41ieUZm7ZJ/ugc-photo-ap-southeast-1-581603780057-acd24e232f75f09e/REVIEW/3443684_REVIEW_1743641521767_fed71e02f5e35d54?_src=imagekit&tr=c-at_max,h-100,q-40,w-100",,,,,,,,,,,,,,,,,,,
https://www.traveloka.com/id-id/user/review/consumption/HOTEL/GENERAL/1000000530525,2,4,direkomendasikan sekali untuk daerah cirebon.,Diulas 60 minggu lalu,"https://ik.imagekit.io/tvlk/ugc-review/guys1L+Yyer9kzI3sp-pb0CG1j2bhflZGFUZOoIf1YOBAm37kEUOKR41ieUZm7ZJ/ugc-photo-ap-southeast-1-581603780057-acd24e232f75f09e/REVIEW/328986977_REVIEW_1741829304979_d6e5615af5d4695c?_src=imagekit&tr=c-at_max,h-100,q-40,w-100",,,,,,,,,,,,,,,,,,,
https://www.traveloka.com/id-id/user/review/consumption/HOTEL/GENERAL/1000000530525,2,5,"pelayanan sangat baik, khususnya di area resto, lokasi strategis",Diulas 61 minggu lalu,"https://ik.imagekit.io/tvlk/ugc-review/guys1L+Yyer9kzI3sp-pb0CG1j2bhflZGFUZOoIf1YOBAm37kEUOKR41ieUZm7ZJ/ugc-photo-ap-southeast-1-581603780057-acd24e232f75f09e/REVIEW/109739665_REVIEW_1741248719504_8141d7cf61a62857?_src=imagekit&tr=c-at_max,h-100,q-40,w-100","https://ik.imagekit.io/tvlk/ugc-review/guys1L+Yyer9kzI3sp-pb0CG1j2bhflZGFUZOoIf1YOBAm37kEUOKR41ieUZm7ZJ/ugc-photo-ap-southeast-1-581603780057-acd24e232f75f09e/REVIEW/109739665_REVIEW_1741248719504_39c9608fb758500c?_src=imagekit&tr=c-at_max,h-100,q-40,w-100",,,,,,,,,,,,,,,,,,
https://www.traveloka.com/id-id/user/review/consumption/HOTEL/GENERAL/1000000530525,2,6,"Hotel bersih dan nyaman. Lokasi strategis. Hanya saja sayang untuk air mineral botol disediakan tapi harus bayar 15rb. Sebaiknya tidak perlu diletakkan di kamar air mineral-nya. Jika customer butuh bisa langsung hubungi resepsionis saja. Tapi untuk pelayanan sudah baik, staf ramah dalam melayani.",Diulas 62 minggu lalu,"https://ik.imagekit.io/tvlk/ugc-review/guys1L+Yyer9kzI3sp-pb0CG1j2bhflZGFUZOoIf1YOBAm37kEUOKR41ieUZm7ZJ/ugc-photo-ap-southeast-1-581603780057-acd24e232f75f09e/REVIEW/4167579_REVIEW_1740981256705_1938e28fbf79a035?_src=imagekit&tr=c-at_max,h-100,q-40,w-100",,,,,,,,,,,,,,,,,,,
https://www.traveloka.com/id-id/user/review/consumption/HOTEL/GENERAL/1000000530525,2,7,"suka dgn kamar yg bersih, sabun mandi yang super harum. suka dgn aromanya",Diulas 62 minggu lalu,"https://ik.imagekit.io/tvlk/ugc-review/guys1L+Yyer9kzI3sp-pb0CG1j2bhflZGFUZOoIf1YOBAm37kEUOKR41ieUZm7ZJ/ugc-photo-ap-southeast-1-581603780057-acd24e232f75f09e/REVIEW/5990208_REVIEW_1740619205662_b465bebe037ea960?_src=imagekit&tr=c-at_max,h-100,q-40,w-100",,,,,,,,,,,,,,,,,,,
https://www.traveloka.com/id-id/user/review/consumption/HOTEL/GENERAL/1000000530525,2,8,"Hotelnya bersih, simple, nyaman, dan fasilitas air minum gratis di koridor kamar sangat membantu saat air minum kita sudah habis 🙏🏻",Diulas 64 minggu lalu,"https://ik.imagekit.io/tvlk/ugc-review/guys1L+Yyer9kzI3sp-pb0CG1j2bhflZGFUZOoIf1YOBAm37kEUOKR41ieUZm7ZJ/ugc-photo-ap-southeast-1-581603780057-acd24e232f75f09e/REVIEW/172632135_REVIEW_1739326281014_d96bb639d4654e4e?_src=imagekit&tr=c-at_max,h-100,q-40,w-100",,,,,,,,,,,,,,,,,,,
https://www.traveloka.com/id-id/user/review/consumption/HOTEL/GENERAL/1000000530525,2,9,"dari awal datang, disambut dengan hangat. resepsionis menjelaskan secara detail mengenai informasi hotel karena saya pertama kali menginap disini. waktu datang, kamar dalam keadaan bersih, rapi, sprei bersih dan wangi, kamar mandi bersih sekali. admin wsapp juga sangat komunikatif dan fast respon. pelayanan dan fasilitas sangat baik sekali. 🤍

tapi tengah malam sekitar pukul 02.00 saya kaget karena shower nyala sendiri, tapi besok paginya kaya gitu juga, entah karena apa.",Diulas 65 minggu lalu,"https://ik.imagekit.io/tvlk/ugc-review/guys1L+Yyer9kzI3sp-pb0CG1j2bhflZGFUZOoIf1YOBAm37kEUOKR41ieUZm7ZJ/ugc-photo-ap-southeast-1-581603780057-acd24e232f75f09e/REVIEW/352564238_REVIEW_1739146199159_2df79f514ee2487b?_src=imagekit&tr=c-at_max,h-100,q-40,w-100",,,,,,,,,,,,,,,,,,,
https://www.traveloka.com/id-id/user/review/consumption/HOTEL/GENERAL/1000000530525,2,10,"Hotel yang yang nyaman dan suasana tenang. Hotel Neo Cirebon memilik SDM yang berkualitas , para staf baik dari front office, staf operasional , staf restondan bagian pembersihan  semua profesional dan ramah. Ini yang namanya hospitalitas. Kamar dalam keadaan bersih, handuk wangi, putih, bersih . Uniknya lift memilik pintu depan belakang. Pintu depan mengarah ke lobi, pintu belakang keluar menuju kamar. Kasur dan bantal empuk hingga betah berlama-lama lama diranjang . Sarapan cukup variatif dan enak . Suasana resto juga nyaman bersih . Kamar saya 733 deluxe menghadap ke laut. Lumayan ada pemandangan baru. Shout out untuk resepsionis Mia yang akomodatif ga ribet dan selalu mendengarkan keinginan tamu . Kalau ke Cirebon silahkan menginap di Hotel Neo , bisa jadi salah satu pertimbangan buat para tamu sekalian",Diulas 66 minggu lalu,"https://ik.imagekit.io/tvlk/ugc-review/guys1L+Yyer9kzI3sp-pb0CG1j2bhflZGFUZOoIf1YOBAm37kEUOKR41ieUZm7ZJ/ugc-photo-ap-southeast-1-581603780057-acd24e232f75f09e/REVIEW/199270734_REVIEW_1738461979240_0b14ba9436829a7b?_src=imagekit&tr=c-at_max,h-100,q-40,w-100","https://ik.imagekit.io/tvlk/ugc-review/guys1L+Yyer9kzI3sp-pb0CG1j2bhflZGFUZOoIf1YOBAm37kEUOKR41ieUZm7ZJ/ugc-photo-ap-southeast-1-581603780057-acd24e232f75f09e/REVIEW/199270734_REVIEW_1738461979240_23e7141a41c9782f?_src=imagekit&tr=c-at_max,h-100,q-40,w-100","https://ik.imagekit.io/tvlk/ugc-review/guys1L+Yyer9kzI3sp-pb0CG1j2bhflZGFUZOoIf1YOBAm37kEUOKR41ieUZm7ZJ/ugc-photo-ap-southeast-1-581603780057-acd24e232f75f09e/REVIEW/199270734_REVIEW_1738461979240_a630f1ab1e5e15ba?_src=imagekit&tr=c-at_max,h-100,q-40,w-100","https://ik.imagekit.io/tvlk/ugc-review/guys1L+Yyer9kzI3sp-pb0CG1j2bhflZGFUZOoIf1YOBAm37kEUOKR41ieUZm7ZJ/ugc-photo-ap-southeast-1-581603780057-acd24e232f75f09e/REVIEW/199270734_REVIEW_1738461979239_31c34d6d4bc6c4ce?_src=imagekit&tr=c-at_max,h-100,q-40,w-100","https://ik.imagekit.io/tvlk/ugc-review/guys1L+Yyer9kzI3sp-pb0CG1j2bhflZGFUZOoIf1YOBAm37kEUOKR41ieUZm7ZJ/ugc-photo-ap-southeast-1-581603780057-acd24e232f75f09e/REVIEW/199270734_REVIEW_1738461979239_c3c9892f4d9cb7c5?_src=imagekit&tr=c-at_max,h-100,q-40,w-100",,,,,,,,,,,,,,,
https://www.traveloka.com/id-id/user/review/consumption/HOTEL/GENERAL/1000000530525,2,11,"Selamat pagi. Saya pesan kamar untuk Ayah dan Ibu untuk tanggal 27 Januari 2025. Mereka bilang hotelnya enak dan nyaman. Saya juga request mirror art dan sliced fruit untuk orang tua saya. Dapat view yang mengarah ke laut juga 👍🏻. Untuk makanan, ayah bilang enak, ibu bilang biasa saja. Mungkin sarannya, untuk CS Hotel bisa lebih ramah lagi, karena ketika saya minta request mirror art terkesan tidak ramah. Terima kasih.",Diulas 67 minggu lalu,"https://ik.imagekit.io/tvlk/ugc-review/guys1L+Yyer9kzI3sp-pb0CG1j2bhflZGFUZOoIf1YOBAm37kEUOKR41ieUZm7ZJ/ugc-photo-ap-southeast-1-581603780057-acd24e232f75f09e/REVIEW/165569624_REVIEW_1738035871451_737873613cc5625f?_src=imagekit&tr=c-at_max,h-100,q-40,w-100","https://ik.imagekit.io/tvlk/ugc-review/guys1L+Yyer9kzI3sp-pb0CG1j2bhflZGFUZOoIf1YOBAm37kEUOKR41ieUZm7ZJ/ugc-photo-ap-southeast-1-581603780057-acd24e232f75f09e/REVIEW/165569624_REVIEW_1738035871451_1c6b4361853b9c9b?_src=imagekit&tr=c-at_max,h-100,q-40,w-100",,,,,,,,,,,,,,,,,,
https://www.traveloka.com/id-id/user/review/consumption/HOTEL/GENERAL/1000000530525,2,12,Lokasi dekat pintu tol...ruang kamar cukup sempit...sarapan tidak banyak variasinya...tapi secara keseluruhan bagus,Diulas 68 minggu lalu,"https://ik.imagekit.io/tvlk/ugc-review/guys1L+Yyer9kzI3sp-pb0CG1j2bhflZGFUZOoIf1YOBAm37kEUOKR41ieUZm7ZJ/ugc-photo-ap-southeast-1-581603780057-acd24e232f75f09e/REVIEW/12935037_REVIEW_1737013683632_3adef423102f14f2?_src=imagekit&tr=c-at_max,h-100,q-40,w-100","https://ik.imagekit.io/tvlk/ugc-review/guys1L+Yyer9kzI3sp-pb0CG1j2bhflZGFUZOoIf1YOBAm37kEUOKR41ieUZm7ZJ/ugc-photo-ap-southeast-1-581603780057-acd24e232f75f09e/REVIEW/12935037_REVIEW_1737013683632_e648e25a1ffc08e5?_src=imagekit&tr=c-at_max,h-100,q-40,w-100","https://ik.imagekit.io/tvlk/ugc-review/guys1L+Yyer9kzI3sp-pb0CG1j2bhflZGFUZOoIf1YOBAm37kEUOKR41ieUZm7ZJ/ugc-photo-ap-southeast-1-581603780057-acd24e232f75f09e/REVIEW/12935037_REVIEW_1737013683633_383be5e0de904b43?_src=imagekit&tr=c-at_max,h-100,q-40,w-100",,,,,,,,,,,,,,,,,
https://www.traveloka.com/id-id/user/review/consumption/HOTEL/GENERAL/1000000530525,2,13,lokasi strategis dekat dari mana-mana,Diulas 71 minggu lalu,"https://ik.imagekit.io/tvlk/ugc-review/guys1L+Yyer9kzI3sp-pb0CG1j2bhflZGFUZOoIf1YOBAm37kEUOKR41ieUZm7ZJ/ugc-photo-ap-southeast-1-581603780057-acd24e232f75f09e/REVIEW/4044052_REVIEW_1735439298036_93b8657e37b85269?_src=imagekit&tr=c-at_max,h-100,q-40,w-100",,,,,,,,,,,,,,,,,,,
https://www.traveloka.com/id-id/user/review/consumption/HOTEL/GENERAL/1000000530525,2,14,Salah satu hotel terbaik di Cirebon! Kamar yang saya pesan sangat nyaman dan bagus ♥. Harganya sepadan dan saya pasti akan menginap di hotel ini lagi di masa mendatang 👍.,Diulas 86 minggu lalu,"https://ik.imagekit.io/tvlk/ugc-review/guys1L+Yyer9kzI3sp-pb0CG1j2bhflZGFUZOoIf1YOBAm37kEUOKR41ieUZm7ZJ/ugc-photo-ap-southeast-1-581603780057-acd24e232f75f09e/REVIEW/203762492_REVIEW_1726530753491_1a49e86ffa7ffbc9?_src=imagekit&tr=c-at_max,h-100,q-40,w-100","https://ik.imagekit.io/tvlk/ugc-review/guys1L+Yyer9kzI3sp-pb0CG1j2bhflZGFUZOoIf1YOBAm37kEUOKR41ieUZm7ZJ/ugc-photo-ap-southeast-1-581603780057-acd24e232f75f09e/REVIEW/203762492_REVIEW_1726530753491_b4096af68bd21359?_src=imagekit&tr=c-at_max,h-100,q-40,w-100","https://ik.imagekit.io/tvlk/ugc-review/guys1L+Yyer9kzI3sp-pb0CG1j2bhflZGFUZOoIf1YOBAm37kEUOKR41ieUZm7ZJ/ugc-photo-ap-southeast-1-581603780057-acd24e232f75f09e/REVIEW/203762492_REVIEW_1726530753491_024d6e075f150f27?_src=imagekit&tr=c-at_max,h-100,q-40,w-100","https://ik.imagekit.io/tvlk/ugc-review/guys1L+Yyer9kzI3sp-pb0CG1j2bhflZGFUZOoIf1YOBAm37kEUOKR41ieUZm7ZJ/ugc-photo-ap-southeast-1-581603780057-acd24e232f75f09e/REVIEW/203762492_REVIEW_1726530753491_a2bee0d94aa7baaf?_src=imagekit&tr=c-at_max,h-100,q-40,w-100",,,,,,,,,,,,,,,,
https://www.traveloka.com/id-id/user/review/consumption/HOTEL/GENERAL/1000000530525,2,15,Sangat nyaman sekali pusat kota juga tempat nya.,Diulas 88 minggu lalu,"https://ik.imagekit.io/tvlk/ugc-review/guys1L+Yyer9kzI3sp-pb0CG1j2bhflZGFUZOoIf1YOBAm37kEUOKR41ieUZm7ZJ/ugc-photo-ap-southeast-1-581603780057-acd24e232f75f09e/REVIEW/336039427_REVIEW_1725035559978_5c6f1a1e07206fbc?_src=imagekit&tr=c-at_max,h-100,q-40,w-100",,,,,,,,,,,,,,,,,,,
https://www.traveloka.com/id-id/user/review/consumption/HOTEL/GENERAL/1000000530525,2,16,"Kamar nya ada view, jadi begitu buka jendela asyik",Diulas 93 minggu lalu,"https://ik.imagekit.io/tvlk/ugc-review/guys1L+Yyer9kzI3sp-pb0CG1j2bhflZGFUZOoIf1YOBAm37kEUOKR41ieUZm7ZJ/ugc-photo-ap-southeast-1-581603780057-acd24e232f75f09e/REVIEW/4454351_REVIEW_1722310142091_c60b967bf6c1b82e?_src=imagekit&tr=c-at_max,h-100,q-40,w-100",,,,,,,,,,,,,,,,,,,
https://www.traveloka.com/id-id/user/review/consumption/HOTEL/GENERAL/1000000530525,2,17,"Semua ok, cuma kemarin saya dapat kamar di lantai 7, jadi airnya kecil banget, itu saja sih yang disayangkan, overall ok.",Diulas 95 minggu lalu,"https://ik.imagekit.io/tvlk/ugc-review/guys1L+Yyer9kzI3sp-pb0CG1j2bhflZGFUZOoIf1YOBAm37kEUOKR41ieUZm7ZJ/ugc-photo-ap-southeast-1-581603780057-acd24e232f75f09e/REVIEW/186923002_REVIEW_1721011922796_026c9bff116b8a7d?_src=imagekit&tr=c-at_max,h-100,q-40,w-100",,,,,,,,,,,,,,,,,,,
https://www.traveloka.com/id-id/user/review/consumption/HOTEL/GENERAL/1000000530525,2,18,"Sudah mencoba beberapa hotel Neo, kayaknya Neo Cirebon salah satu yang terbaik, terutama untuk fasilitas dan harga yang ditawarkan untuk kamar tipe suite-nya. Hanya ada beberapa catatan untuk perbaikan, seperti remote TV kamar 226 sepertinya perlu diganti karena sudah patah, kemudian wifi yang terlalu lambat (ini lumayan mengganggu karena saya butuh akses internet untuk bekerja). Untuk parkir yang menggunakan valet parking buat saya tidak terlalu menjadi masalah, toh satpamnya 24 jam.",Diulas 95 minggu lalu,"https://ik.imagekit.io/tvlk/ugc-review/guys1L+Yyer9kzI3sp-pb0CG1j2bhflZGFUZOoIf1YOBAm37kEUOKR41ieUZm7ZJ/ugc-photo-ap-southeast-1-581603780057-acd24e232f75f09e/REVIEW/8360083_REVIEW_1720624894608_4f9b636b1c29cf3d?_src=imagekit&tr=c-at_max,h-100,q-40,w-100",,,,,,,,,,,,,,,,,,,
https://www.traveloka.com/id-id/user/review/consumption/HOTEL/GENERAL/1000000530525,2,19,"Kamar dan kamar mandinya bersih, spreinya wangi, ac dingin.",Diulas 98 minggu lalu,"https://ik.imagekit.io/tvlk/ugc-review/guys1L+Yyer9kzI3sp-pb0CG1j2bhflZGFUZOoIf1YOBAm37kEUOKR41ieUZm7ZJ/ugc-photo-ap-southeast-1-581603780057-acd24e232f75f09e/REVIEW/211073223_REVIEW_1719054135146_ca06512880ea0516?_src=imagekit&tr=c-at_max,h-100,q-40,w-100",,,,,,,,,,,,,,,,,,,
https://www.traveloka.com/id-id/user/review/consumption/HOTEL/GENERAL/1000000530525,2,20,Oke perjalanan dinas bersama hotel neo. Bersih and strategis thx u.,Diulas 99 minggu lalu,"https://ik.imagekit.io/tvlk/ugc-review/guys1L+Yyer9kzI3sp-pb0CG1j2bhflZGFUZOoIf1YOBAm37kEUOKR41ieUZm7ZJ/ugc-photo-ap-southeast-1-581603780057-acd24e232f75f09e/REVIEW/4454351_REVIEW_1718348558849_52803ac5e818cd43?_src=imagekit&tr=c-at_max,h-100,q-40,w-100",,,,,,,,,,,,,,,,,,,
https://www.traveloka.com/id-id/user/review/consumption/HOTEL/GENERAL/1000000530525,3,1,Strategis. Lumayan ke mana-mana dekat dan kebetulan dekat dengan cabang perusahaan jadi dinas juga nyaman.,Diulas 99 minggu lalu,"https://ik.imagekit.io/tvlk/ugc-review/guys1L+Yyer9kzI3sp-pb0CG1j2bhflZGFUZOoIf1YOBAm37kEUOKR41ieUZm7ZJ/ugc-photo-ap-southeast-1-581603780057-acd24e232f75f09e/REVIEW/4454351_REVIEW_1718348262981_94921213c29695f9?_src=imagekit&tr=c-at_max,h-100,q-40,w-100",,,,,,,,,,,,,,,,,,,
https://www.traveloka.com/id-id/user/review/consumption/HOTEL/GENERAL/1000000530525,3,2,"Menginap 1 malam di sini pesan 3 kamar, lokasi strategis, staff sangat ramah, kamar dan kamar mandi bersih, water heater berfungsi, sarapan enak, kamar ganjil view gunung, kamar genap view laut. Kurangnya cuma 2, AC rusak tidak bisa swing dan kurang dingin cuma besar di blower-nya aja jadi bikin masuk angin dan Wi-Fi-nya lemot, oh 1 lagi TV-nya suka tiba-tiba hilang suaranya. Tapi overall semuanya baik, terutama staff semua sangat ramah.",Diulas 101 minggu lalu,"https://ik.imagekit.io/tvlk/ugc-review/guys1L+Yyer9kzI3sp-pb0CG1j2bhflZGFUZOoIf1YOBAm37kEUOKR41ieUZm7ZJ/ugc-photo-ap-southeast-1-581603780057-acd24e232f75f09e/REVIEW/113026579_REVIEW_1717330278695_5d51844bc1032f45?_src=imagekit&tr=c-at_max,h-100,q-40,w-100","https://ik.imagekit.io/tvlk/ugc-review/guys1L+Yyer9kzI3sp-pb0CG1j2bhflZGFUZOoIf1YOBAm37kEUOKR41ieUZm7ZJ/ugc-photo-ap-southeast-1-581603780057-acd24e232f75f09e/REVIEW/113026579_REVIEW_1717330278696_bee85ad50833011f?_src=imagekit&tr=c-at_max,h-100,q-40,w-100",,,,,,,,,,,,,,,,,,
https://www.traveloka.com/id-id/user/review/consumption/HOTEL/GENERAL/1000000530525,3,3,Bell Boy mengantar barang bawaan dengan sigap. Kamar cukup kecil/sempit ukurannya. Air panas kamar mandi mantap. Pilihan channel tv banyak. Sprei bersih tapi selimutnya kucel/kuning.,Diulas 108 minggu lalu,"https://ik.imagekit.io/tvlk/ugc-review/guys1L+Yyer9kzI3sp-pb0CG1j2bhflZGFUZOoIf1YOBAm37kEUOKR41ieUZm7ZJ/ugc-photo-ap-southeast-1-581603780057-acd24e232f75f09e/REVIEW/11436573_REVIEW_1712876861887_ab56eec9f16b7688?_src=imagekit&tr=c-at_max,h-100,q-40,w-100",,,,,,,,,,,,,,,,,,,
https://www.traveloka.com/id-id/user/review/consumption/HOTEL/GENERAL/1000000530525,3,4,"Tempat menginap yang direkomendasikan, sangat bersih, nyaman, menu sarapan bervariasi, stafnya ramah",Diulas 113 minggu lalu,"https://ik.imagekit.io/tvlk/ugc-review/guys1L+Yyer9kzI3sp-pb0CG1j2bhflZGFUZOoIf1YOBAm37kEUOKR41ieUZm7ZJ/ugc-photo-ap-southeast-1-581603780057-acd24e232f75f09e/REVIEW/300169_REVIEW_1709817424778_5c215980efb249b8?_src=imagekit&tr=c-at_max,h-100,q-40,w-100","https://ik.imagekit.io/tvlk/ugc-review/guys1L+Yyer9kzI3sp-pb0CG1j2bhflZGFUZOoIf1YOBAm37kEUOKR41ieUZm7ZJ/ugc-photo-ap-southeast-1-581603780057-acd24e232f75f09e/REVIEW/300169_REVIEW_1709817424778_fd3f0467598eb0ed?_src=imagekit&tr=c-at_max,h-100,q-40,w-100","https://ik.imagekit.io/tvlk/ugc-review/guys1L+Yyer9kzI3sp-pb0CG1j2bhflZGFUZOoIf1YOBAm37kEUOKR41ieUZm7ZJ/ugc-photo-ap-southeast-1-581603780057-acd24e232f75f09e/REVIEW/300169_REVIEW_1709817424778_b45045fcaa793750?_src=imagekit&tr=c-at_max,h-100,q-40,w-100","https://ik.imagekit.io/tvlk/ugc-review/guys1L+Yyer9kzI3sp-pb0CG1j2bhflZGFUZOoIf1YOBAm37kEUOKR41ieUZm7ZJ/ugc-photo-ap-southeast-1-581603780057-acd24e232f75f09e/REVIEW/300169_REVIEW_1709817424779_b3056ab7ef779458?_src=imagekit&tr=c-at_max,h-100,q-40,w-100",,,,,,,,,,,,,,,,
https://www.traveloka.com/id-id/user/review/consumption/HOTEL/GENERAL/1000000530525,3,5,"Hotel yang bersih, dijalan utama Cirebon harga tidak. Mahal. Breakfast banyak variasinya dan enak. Terima kasih",Diulas 116 minggu lalu,"https://ik.imagekit.io/tvlk/ugc-review/guys1L+Yyer9kzI3sp-pb0CG1j2bhflZGFUZOoIf1YOBAm37kEUOKR41ieUZm7ZJ/ugc-photo-ap-southeast-1-581603780057-acd24e232f75f09e/ACCOMMODATION/64857409_ACCOMMODATION_1708265784497_0872f48198cb04eb?_src=imagekit&tr=c-at_max,h-100,q-40,w-100",,,,,,,,,,,,,,,,,,,
https://www.traveloka.com/id-id/user/review/consumption/HOTEL/GENERAL/1000000530525,3,6,Masakannya enak banget. Bersih. Nyaman.,Diulas 123 minggu lalu,"https://ik.imagekit.io/tvlk/ugc-review/guys1L+Yyer9kzI3sp-pb0CG1j2bhflZGFUZOoIf1YOBAm37kEUOKR41ieUZm7ZJ/ugc-photo-ap-southeast-1-581603780057-acd24e232f75f09e/ACCOMMODATION/20400922_ACCOMMODATION_1703651122414_0092592f60cab381?_src=imagekit&tr=c-at_max,h-100,q-40,w-100",,,,,,,,,,,,,,,,,,,
https://www.traveloka.com/id-id/user/review/consumption/HOTEL/GENERAL/1000000530525,3,7,Hotelnya bagus interior nya modern kamar bersih AC dingin view nya juga sangat bagus menghadap ke laut pagi-pagi buka jendela seger banget housekeeping nya juga ramah dari mulai front office sampe kami sarapan staff nya ramah cocok buat staycation kalo lagi liburan hotel sangat rekomen banget.,Diulas 134 minggu lalu,"https://ik.imagekit.io/tvlk/ugc-review/guys1L+Yyer9kzI3sp-pb0CG1j2bhflZGFUZOoIf1YOBAm37kEUOKR41ieUZm7ZJ/ugc-photo-ap-southeast-1-581603780057-acd24e232f75f09e/ACCOMMODATION/224427219_ACCOMMODATION_1697451717070_e999fa31288f8ea8?_src=imagekit&tr=c-at_max,h-100,q-40,w-100",,,,,,,,,,,,,,,,,,,
https://www.traveloka.com/id-id/user/review/consumption/HOTEL/GENERAL/1000000530525,3,8,"Hotel bintang 3 yang khas, ruang yang sangat sempit. Tapi anehnya kamar mandinya bersih banget, makanannya biasa saja, walaupun tidak banyak variasinya. Parkirnya valet dan gratis, karena tempat parkirnya kecil, jadi petugas parkir perlu mengaturnya. Untuk 3 orang saya perlu memesan 2 kamar.",Diulas 151 minggu lalu,"https://ik.imagekit.io/tvlk/ugc-review/guys1L+Yyer9kzI3sp-pb0CG1j2bhflZGFUZOoIf1YOBAm37kEUOKR41ieUZm7ZJ/ugc-photo-ap-southeast-1-581603780057-acd24e232f75f09e/ACCOMMODATION/22718816_ACCOMMODATION_1687038966761_1db1ac4869ec736e?_src=imagekit&tr=c-at_max,h-100,q-40,w-100","https://ik.imagekit.io/tvlk/ugc-review/guys1L+Yyer9kzI3sp-pb0CG1j2bhflZGFUZOoIf1YOBAm37kEUOKR41ieUZm7ZJ/ugc-photo-ap-southeast-1-581603780057-acd24e232f75f09e/ACCOMMODATION/22718816_ACCOMMODATION_1687038966761_0763b2f5b1d1f30d?_src=imagekit&tr=c-at_max,h-100,q-40,w-100",,,,,,,,,,,,,,,,,,
https://www.traveloka.com/id-id/user/review/consumption/HOTEL/GENERAL/1000000530525,3,9,"Kamar tidur cukup bersih, namun bantal tidak sesuai di foto hanya satu bantal, dan yang paling buruk adalah sesaat air wastafel, wc dan shower keruh cenderung kotor dan sampai kita terus alirkan hingga menunggu bersih kembali baru bisa memanfaatkan air di kamar mandi. Aliran shower kecil dan kulkas di kamar tidak berfungsi.",Diulas 152 minggu lalu,"https://ik.imagekit.io/tvlk/ugc-review/guys1L+Yyer9kzI3sp-pb0CG1j2bhflZGFUZOoIf1YOBAm37kEUOKR41ieUZm7ZJ/ugc-photo-ap-southeast-1-581603780057-acd24e232f75f09e/ACCOMMODATION/5547040_ACCOMMODATION_1686307823282_1e1fe71f9a7b6b31?_src=imagekit&tr=c-at_max,h-100,q-40,w-100",,,,,,,,,,,,,,,,,,,
https://www.traveloka.com/id-id/user/review/consumption/HOTEL/GENERAL/1000000530525,3,10,"Kamarnya bersih dan rapi. Nyaman untuk istirahat. Hanya saja untuk air panas buat mandi sama sekali tidak ada rasa hangatnya apalagi panas padahal saya sudah info ke receptionist untuk coba bagian teknisi hotel cek air panas buat mandi di kamar tersebut tetapi sama sekali ga ada perubahan sampai dengan saya check out. Saya menginap selama 4 malam dan tidak bisa mandi air hangat / panas, kecewa juga sih.",Diulas 154 minggu lalu,"https://ik.imagekit.io/tvlk/ugc-review/guys1L+Yyer9kzI3sp-pb0CG1j2bhflZGFUZOoIf1YOBAm37kEUOKR41ieUZm7ZJ/ugc-photo-ap-southeast-1-581603780057-acd24e232f75f09e/ACCOMMODATION/17922898_ACCOMMODATION_1685248823399_22910e6eec078184?_src=imagekit&tr=c-at_max,h-100,q-40,w-100","https://ik.imagekit.io/tvlk/ugc-review/guys1L+Yyer9kzI3sp-pb0CG1j2bhflZGFUZOoIf1YOBAm37kEUOKR41ieUZm7ZJ/ugc-photo-ap-southeast-1-581603780057-acd24e232f75f09e/ACCOMMODATION/17922898_ACCOMMODATION_1685248823399_7d10be36b0563fb0?_src=imagekit&tr=c-at_max,h-100,q-40,w-100","https://ik.imagekit.io/tvlk/ugc-review/guys1L+Yyer9kzI3sp-pb0CG1j2bhflZGFUZOoIf1YOBAm37kEUOKR41ieUZm7ZJ/ugc-photo-ap-southeast-1-581603780057-acd24e232f75f09e/ACCOMMODATION/17922898_ACCOMMODATION_1685248823400_5377436e41f0ca65?_src=imagekit&tr=c-at_max,h-100,q-40,w-100",,,,,,,,,,,,,,,,,
https://www.traveloka.com/id-id/user/review/consumption/HOTEL/GENERAL/1000000530525,3,11,Check in room Orion karena ada bathub nya tapi airnya kotor sekali ga bersih-bersih kecewa saya.,Diulas 156 minggu lalu,"https://ik.imagekit.io/tvlk/ugc-review/guys1L+Yyer9kzI3sp-pb0CG1j2bhflZGFUZOoIf1YOBAm37kEUOKR41ieUZm7ZJ/ugc-photo-ap-southeast-1-581603780057-acd24e232f75f09e/ACCOMMODATION/270882058_ACCOMMODATION_1684150328675_eda0c590d0f3df4f?_src=imagekit&tr=c-at_max,h-100,q-40,w-100",,,,,,,,,,,,,,,,,,,
https://www.traveloka.com/id-id/user/review/consumption/HOTEL/GENERAL/1000000530525,3,12,"Kamar 209 AC bocor, karena tumpahan air mengganggu jadi lantai licin.",Diulas 160 minggu lalu,"https://ik.imagekit.io/tvlk/ugc-review/guys1L+Yyer9kzI3sp-pb0CG1j2bhflZGFUZOoIf1YOBAm37kEUOKR41ieUZm7ZJ/ugc-photo-ap-southeast-1-581603780057-acd24e232f75f09e/ACCOMMODATION/4375448_ACCOMMODATION_1681719703701_e3e09876d8d527c0?_src=imagekit&tr=c-at_max,h-100,q-40,w-100",,,,,,,,,,,,,,,,,,,
https://www.traveloka.com/id-id/user/review/consumption/HOTEL/GENERAL/1000000530525,3,13,"Sedikit di pinggir Kota Cirebon. Hotel cukup bersih, pelayanannya ramah dan baik. Hanya kurang parkirannya yang terbatas.",Diulas 180 minggu lalu,"https://ik.imagekit.io/tvlk/ugc-review/guys1L+Yyer9kzI3sp-pb0CG1j2bhflZGFUZOoIf1YOBAm37kEUOKR41ieUZm7ZJ/ugc-photo-ap-southeast-1-581603780057-acd24e232f75f09e/ACCOMMODATION/18839819_ACCOMMODATION_1669447926112_e09046b770802a7b?_src=imagekit&tr=c-at_max,h-100,q-40,w-100","https://ik.imagekit.io/tvlk/ugc-review/guys1L+Yyer9kzI3sp-pb0CG1j2bhflZGFUZOoIf1YOBAm37kEUOKR41ieUZm7ZJ/ugc-photo-ap-southeast-1-581603780057-acd24e232f75f09e/ACCOMMODATION/18839819_ACCOMMODATION_1669447926113_8ed4a687248c0da3?_src=imagekit&tr=c-at_max,h-100,q-40,w-100",,,,,,,,,,,,,,,,,,
https://www.traveloka.com/id-id/user/review/consumption/HOTEL/GENERAL/1000000530525,3,14,Shower kamar mandi sudah berlumut dan rusak. Air kamar mandi jadi banjir. Ada lantai kamar dekat tempat tidur seperti lepas tanpa semen.,Diulas 182 minggu lalu,"https://ik.imagekit.io/tvlk/ugc-review/guys1L+Yyer9kzI3sp-pb0CG1j2bhflZGFUZOoIf1YOBAm37kEUOKR41ieUZm7ZJ/ugc-photo-ap-southeast-1-581603780057-acd24e232f75f09e/ACCOMMODATION/10203868_ACCOMMODATION_1668387310008_8bdfe5bcd137593a?_src=imagekit&tr=c-at_max,h-100,q-40,w-100","https://ik.imagekit.io/tvlk/ugc-review/guys1L+Yyer9kzI3sp-pb0CG1j2bhflZGFUZOoIf1YOBAm37kEUOKR41ieUZm7ZJ/ugc-photo-ap-southeast-1-581603780057-acd24e232f75f09e/ACCOMMODATION/10203868_ACCOMMODATION_1668387310008_6baba0a17565a94d?_src=imagekit&tr=c-at_max,h-100,q-40,w-100","https://ik.imagekit.io/tvlk/ugc-review/guys1L+Yyer9kzI3sp-pb0CG1j2bhflZGFUZOoIf1YOBAm37kEUOKR41ieUZm7ZJ/ugc-photo-ap-southeast-1-581603780057-acd24e232f75f09e/ACCOMMODATION/10203868_ACCOMMODATION_1668387310008_4ee92fe56611866f?_src=imagekit&tr=c-at_max,h-100,q-40,w-100","https://ik.imagekit.io/tvlk/ugc-review/guys1L+Yyer9kzI3sp-pb0CG1j2bhflZGFUZOoIf1YOBAm37kEUOKR41ieUZm7ZJ/ugc-photo-ap-southeast-1-581603780057-acd24e232f75f09e/ACCOMMODATION/10203868_ACCOMMODATION_1668387310009_96a6e8567adc5fdd?_src=imagekit&tr=c-at_max,h-100,q-40,w-100","https://ik.imagekit.io/tvlk/ugc-review/guys1L+Yyer9kzI3sp-pb0CG1j2bhflZGFUZOoIf1YOBAm37kEUOKR41ieUZm7ZJ/ugc-photo-ap-southeast-1-581603780057-acd24e232f75f09e/ACCOMMODATION/10203868_ACCOMMODATION_1668387310009_bf93f9e200b7353c?_src=imagekit&tr=c-at_max,h-100,q-40,w-100",,,,,,,,,,,,,,,
https://www.traveloka.com/id-id/user/review/consumption/HOTEL/GENERAL/1000000530525,3,15,"Kamar Bersih, deket ke pusat Kota, makanan lumayan enak hanya tempat parkir agak susah. Tapi Point Plusnya semua Staff di Hotel ini sangat Ramah.",Diulas 187 minggu lalu,"https://ik.imagekit.io/tvlk/ugc-review/guys1L+Yyer9kzI3sp-pb0CG1j2bhflZGFUZOoIf1YOBAm37kEUOKR41ieUZm7ZJ/ugc-photo-ap-southeast-1-581603780057-acd24e232f75f09e/ACCOMMODATION/3352766_ACCOMMODATION_1665325006914_c7bf2db3d2b36124?_src=imagekit&tr=c-at_max,h-100,q-40,w-100",,,,,,,,,,,,,,,,,,,
https://www.traveloka.com/id-id/user/review/consumption/HOTEL/GENERAL/1000000530525,3,16,Tidak dapat bergabung dengan sarapan mereka karena agenda mendesak yang akan datang. Terima kasih Neo,Diulas 192 minggu lalu,"https://ik.imagekit.io/tvlk/ugc-review/guys1L+Yyer9kzI3sp-pb0CG1j2bhflZGFUZOoIf1YOBAm37kEUOKR41ieUZm7ZJ/ugc-photo-ap-southeast-1-581603780057-acd24e232f75f09e/ACCOMMODATION/9141191_ACCOMMODATION_1662334853477_783daa6610c1a24a?_src=imagekit&tr=c-at_max,h-100,q-40,w-100","https://ik.imagekit.io/tvlk/ugc-review/guys1L+Yyer9kzI3sp-pb0CG1j2bhflZGFUZOoIf1YOBAm37kEUOKR41ieUZm7ZJ/ugc-photo-ap-southeast-1-581603780057-acd24e232f75f09e/ACCOMMODATION/9141191_ACCOMMODATION_1662334853477_15a8c0e1e839d09e?_src=imagekit&tr=c-at_max,h-100,q-40,w-100",,,,,,,,,,,,,,,,,,
https://www.traveloka.com/id-id/user/review/consumption/HOTEL/GENERAL/1000000530525,3,17,"Hotelnya menyenangkan. Karyawan ramah semua dan sangat membantu, kamar bersih tidak ada kendala. Menu sarapan cukup banyak untuk hotel bintang 3, yang jelas makanannya enak-enak. Cocok di lidah saya. Pas malam suami kelaparan, pesan mie godok. Wah enak banget mie nya. Kalau mampir ke Cirebon lagi pengen ke hotel ini lagi.",Diulas 194 minggu lalu,"https://ik.imagekit.io/tvlk/ugc-review/guys1L+Yyer9kzI3sp-pb0CG1j2bhflZGFUZOoIf1YOBAm37kEUOKR41ieUZm7ZJ/ugc-photo-ap-southeast-1-581603780057-acd24e232f75f09e/ACCOMMODATION/4840605_ACCOMMODATION_1661082931602_1eb567506b21cc4c?_src=imagekit&tr=c-at_max,h-100,q-40,w-100",,,,,,,,,,,,,,,,,,,
https://www.traveloka.com/id-id/user/review/consumption/HOTEL/GENERAL/1000000530525,3,18,Cukup nyaman. Sarapan ok rasanya.,Diulas 194 minggu lalu,"https://ik.imagekit.io/tvlk/ugc-review/guys1L+Yyer9kzI3sp-pb0CG1j2bhflZGFUZOoIf1YOBAm37kEUOKR41ieUZm7ZJ/ugc-photo-ap-southeast-1-581603780057-acd24e232f75f09e/ACCOMMODATION/162211943_ACCOMMODATION_1660705914944_58d0a455c70d4e19?_src=imagekit&tr=c-at_max,h-100,q-40,w-100",,,,,,,,,,,,,,,,,,,
https://www.traveloka.com/id-id/user/review/consumption/HOTEL/GENERAL/1000000530525,3,19,Pelayanan oke. Staff ramah. Ada parkir valet. Kamar nyaman meskipun sempit. Makanan enak meskipun kurang variasi. Overall oke.,Diulas 198 minggu lalu,"https://ik.imagekit.io/tvlk/ugc-review/guys1L+Yyer9kzI3sp-pb0CG1j2bhflZGFUZOoIf1YOBAm37kEUOKR41ieUZm7ZJ/ugc-photo-ap-southeast-1-581603780057-acd24e232f75f09e/ACCOMMODATION/23413096_ACCOMMODATION_1657978560783_81e0063079aca7c4?_src=imagekit&tr=c-at_max,h-100,q-40,w-100","https://ik.imagekit.io/tvlk/ugc-review/guys1L+Yyer9kzI3sp-pb0CG1j2bhflZGFUZOoIf1YOBAm37kEUOKR41ieUZm7ZJ/ugc-photo-ap-southeast-1-581603780057-acd24e232f75f09e/ACCOMMODATION/23413096_ACCOMMODATION_1657978560784_dd05ccd937156c75?_src=imagekit&tr=c-at_max,h-100,q-40,w-100","https://ik.imagekit.io/tvlk/ugc-review/guys1L+Yyer9kzI3sp-pb0CG1j2bhflZGFUZOoIf1YOBAm37kEUOKR41ieUZm7ZJ/ugc-photo-ap-southeast-1-581603780057-acd24e232f75f09e/ACCOMMODATION/23413096_ACCOMMODATION_1658236620234_0eeca3a8126958ca?_src=imagekit&tr=c-at_max,h-100,q-40,w-100","https://ik.imagekit.io/tvlk/ugc-review/guys1L+Yyer9kzI3sp-pb0CG1j2bhflZGFUZOoIf1YOBAm37kEUOKR41ieUZm7ZJ/ugc-photo-ap-southeast-1-581603780057-acd24e232f75f09e/ACCOMMODATION/23413096_ACCOMMODATION_1658236620234_2c587f1ee32b58b1?_src=imagekit&tr=c-at_max,h-100,q-40,w-100",,,,,,,,,,,,,,,,
https://www.traveloka.com/id-id/user/review/consumption/HOTEL/GENERAL/1000000530525,3,20,"Setiap ke cirebon pasti menginap di hotel ini, hotelnya nyaman dan setiap request selalu diusahakan. Recommended.",Diulas 199 minggu lalu,"https://ik.imagekit.io/tvlk/ugc-review/guys1L+Yyer9kzI3sp-pb0CG1j2bhflZGFUZOoIf1YOBAm37kEUOKR41ieUZm7ZJ/ugc-photo-ap-southeast-1-581603780057-acd24e232f75f09e/ACCOMMODATION/8795494_ACCOMMODATION_1658063082073_5f16d202d9c17850?_src=imagekit&tr=c-at_max,h-100,q-40,w-100",,,,,,,,,,,,,,,,,,,
https://www.traveloka.com/id-id/user/review/consumption/HOTEL/GENERAL/1000000530525,4,1,Lokasi mudah dijangkau. Dekat dengan alun-alun kejaksan. Staff ramah. Fasilitas oke. Harga ramah di kantong. Makanan enak hanya variasi kurang.,Diulas 199 minggu lalu,"https://ik.imagekit.io/tvlk/ugc-review/guys1L+Yyer9kzI3sp-pb0CG1j2bhflZGFUZOoIf1YOBAm37kEUOKR41ieUZm7ZJ/ugc-photo-ap-southeast-1-581603780057-acd24e232f75f09e/ACCOMMODATION/23413096_ACCOMMODATION_1657978409942_68748e48e594c6b5?_src=imagekit&tr=c-at_max,h-100,q-40,w-100","https://ik.imagekit.io/tvlk/ugc-review/guys1L+Yyer9kzI3sp-pb0CG1j2bhflZGFUZOoIf1YOBAm37kEUOKR41ieUZm7ZJ/ugc-photo-ap-southeast-1-581603780057-acd24e232f75f09e/ACCOMMODATION/23413096_ACCOMMODATION_1657978409942_73d873bf4b0ec284?_src=imagekit&tr=c-at_max,h-100,q-40,w-100",,,,,,,,,,,,,,,,,,
https://www.traveloka.com/id-id/user/review/consumption/HOTEL/GENERAL/1000000530525,4,2,"Untuk harga lumayan di atas standar kelasnya. Pelayanan bagus. Sayang untuk kamar sepeti kamar lama, tirai bolong-bolong, banyak sudut-sudut kotor seperti karat (bekas karat air sumur), air panas cma hangat, mineral pakai dispenser galon disediakan di Koridor dan air mineral yang menurut saya level 4. Di kamar disediakan air mineral botol tapi harus bayar lagi. Bagian dalam pintu kamar mandi dah terkelupas. Mohon ditingkatkan lagi.",Diulas 199 minggu lalu,"https://ik.imagekit.io/tvlk/ugc-review/guys1L+Yyer9kzI3sp-pb0CG1j2bhflZGFUZOoIf1YOBAm37kEUOKR41ieUZm7ZJ/ugc-photo-ap-southeast-1-581603780057-acd24e232f75f09e/ACCOMMODATION/236099674_ACCOMMODATION_1657882566085_2ddca9f1c135e426?_src=imagekit&tr=c-at_max,h-100,q-40,w-100","https://ik.imagekit.io/tvlk/ugc-review/guys1L+Yyer9kzI3sp-pb0CG1j2bhflZGFUZOoIf1YOBAm37kEUOKR41ieUZm7ZJ/ugc-photo-ap-southeast-1-581603780057-acd24e232f75f09e/ACCOMMODATION/236099674_ACCOMMODATION_1657882566085_62e20c9f04c0ff4b?_src=imagekit&tr=c-at_max,h-100,q-40,w-100","https://ik.imagekit.io/tvlk/ugc-review/guys1L+Yyer9kzI3sp-pb0CG1j2bhflZGFUZOoIf1YOBAm37kEUOKR41ieUZm7ZJ/ugc-photo-ap-southeast-1-581603780057-acd24e232f75f09e/ACCOMMODATION/236099674_ACCOMMODATION_1657882566086_a4dd4bab2ac43cc7?_src=imagekit&tr=c-at_max,h-100,q-40,w-100","https://ik.imagekit.io/tvlk/ugc-review/guys1L+Yyer9kzI3sp-pb0CG1j2bhflZGFUZOoIf1YOBAm37kEUOKR41ieUZm7ZJ/ugc-photo-ap-southeast-1-581603780057-acd24e232f75f09e/ACCOMMODATION/236099674_ACCOMMODATION_1657882566086_41a87ce527012f07?_src=imagekit&tr=c-at_max,h-100,q-40,w-100","https://ik.imagekit.io/tvlk/ugc-review/guys1L+Yyer9kzI3sp-pb0CG1j2bhflZGFUZOoIf1YOBAm37kEUOKR41ieUZm7ZJ/ugc-photo-ap-southeast-1-581603780057-acd24e232f75f09e/ACCOMMODATION/236099674_ACCOMMODATION_1657882566086_e598c802f70659cb?_src=imagekit&tr=c-at_max,h-100,q-40,w-100",,,,,,,,,,,,,,,
https://www.traveloka.com/id-id/user/review/consumption/HOTEL/GENERAL/1000000530525,4,3,"First time stay in Neo hotel, such a great place, nice staff, clean room and really affordable price. Highly recommend hotel in Cirebon to stay. Gonna stay here again in another time.",Diulas 206 minggu lalu,"https://ik.imagekit.io/tvlk/ugc-review/guys1L+Yyer9kzI3sp-pb0CG1j2bhflZGFUZOoIf1YOBAm37kEUOKR41ieUZm7ZJ/ugc-photo-ap-southeast-1-581603780057-acd24e232f75f09e/ACCOMMODATION/215898721_ACCOMMODATION_1653800756697_6ae5507f4414ab42?_src=imagekit&tr=c-at_max,h-100,q-40,w-100",,,,,,,,,,,,,,,,,,,
https://www.traveloka.com/id-id/user/review/consumption/HOTEL/GENERAL/1000000530525,4,4,Menginap satu malam di hotel ini karena lalu lintas padat muncul di Jalan Tol Cipali dalam perjalanan kembali dari Jogja ke Jakarta. Kamarnya cukup besar untuk menampung 5 dari kami. Tempat tidur besar dan nyaman. Kamar mandi luas dengan bathtub. Pemanas air bekerja dengan sangat baik. Satu-satunya minus mungkin adalah tempat parkir.,Diulas 208 minggu lalu,"https://ik.imagekit.io/tvlk/ugc-review/guys1L+Yyer9kzI3sp-pb0CG1j2bhflZGFUZOoIf1YOBAm37kEUOKR41ieUZm7ZJ/ugc-photo-ap-southeast-1-581603780057-acd24e232f75f09e/ACCOMMODATION/5129735_ACCOMMODATION_1652356511904_7c1b9b1810f14337?_src=imagekit&tr=c-at_max,h-100,q-40,w-100","https://ik.imagekit.io/tvlk/ugc-review/guys1L+Yyer9kzI3sp-pb0CG1j2bhflZGFUZOoIf1YOBAm37kEUOKR41ieUZm7ZJ/ugc-photo-ap-southeast-1-581603780057-acd24e232f75f09e/ACCOMMODATION/5129735_ACCOMMODATION_1652356511905_4bb7aeb9fa2e571d?_src=imagekit&tr=c-at_max,h-100,q-40,w-100","https://ik.imagekit.io/tvlk/ugc-review/guys1L+Yyer9kzI3sp-pb0CG1j2bhflZGFUZOoIf1YOBAm37kEUOKR41ieUZm7ZJ/ugc-photo-ap-southeast-1-581603780057-acd24e232f75f09e/ACCOMMODATION/5129735_ACCOMMODATION_1652356511906_9b465cbeb7956b46?_src=imagekit&tr=c-at_max,h-100,q-40,w-100","https://ik.imagekit.io/tvlk/ugc-review/guys1L+Yyer9kzI3sp-pb0CG1j2bhflZGFUZOoIf1YOBAm37kEUOKR41ieUZm7ZJ/ugc-photo-ap-southeast-1-581603780057-acd24e232f75f09e/ACCOMMODATION/5129735_ACCOMMODATION_1652356511906_ccfc44cd60e122e3?_src=imagekit&tr=c-at_max,h-100,q-40,w-100","https://ik.imagekit.io/tvlk/ugc-review/guys1L+Yyer9kzI3sp-pb0CG1j2bhflZGFUZOoIf1YOBAm37kEUOKR41ieUZm7ZJ/ugc-photo-ap-southeast-1-581603780057-acd24e232f75f09e/ACCOMMODATION/5129735_ACCOMMODATION_1652356511907_989fc9af6746feb9?_src=imagekit&tr=c-at_max,h-100,q-40,w-100",,,,,,,,,,,,,,,
https://www.traveloka.com/id-id/user/review/consumption/HOTEL/GENERAL/1000000530525,4,5,"Cukup menyenangkan, tapi air buat mandi kalo pagi kecil bahkan sampe ga keluar, untuk sarapan lumayan banyak pilihan, rasa okelah banyakin mangkoknya atuh, cz banyak varian berkuah, marenan pengen soto tapi mangkok ga ada. Untuk gelas sama teko kotor, kaya bekas masak mie instan, mestinya dibersihin pake sabun, jadi ga ada bekas atau bau, semoga lebih diperhatikan untuk kebersihanya.",Diulas 209 minggu lalu,"https://ik.imagekit.io/tvlk/ugc-review/guys1L+Yyer9kzI3sp-pb0CG1j2bhflZGFUZOoIf1YOBAm37kEUOKR41ieUZm7ZJ/ugc-photo-ap-southeast-1-581603780057-acd24e232f75f09e/ACCOMMODATION/225562952_ACCOMMODATION_1651643514596_20172109932f5cfa?_src=imagekit&tr=c-at_max,h-100,q-40,w-100","https://ik.imagekit.io/tvlk/ugc-review/guys1L+Yyer9kzI3sp-pb0CG1j2bhflZGFUZOoIf1YOBAm37kEUOKR41ieUZm7ZJ/ugc-photo-ap-southeast-1-581603780057-acd24e232f75f09e/ACCOMMODATION/225562952_ACCOMMODATION_1651643514597_561b94d41c2863ce?_src=imagekit&tr=c-at_max,h-100,q-40,w-100","https://ik.imagekit.io/tvlk/ugc-review/guys1L+Yyer9kzI3sp-pb0CG1j2bhflZGFUZOoIf1YOBAm37kEUOKR41ieUZm7ZJ/ugc-photo-ap-southeast-1-581603780057-acd24e232f75f09e/ACCOMMODATION/225562952_ACCOMMODATION_1651643514597_2bef7b0250927d12?_src=imagekit&tr=c-at_max,h-100,q-40,w-100","https://ik.imagekit.io/tvlk/ugc-review/guys1L+Yyer9kzI3sp-pb0CG1j2bhflZGFUZOoIf1YOBAm37kEUOKR41ieUZm7ZJ/ugc-photo-ap-southeast-1-581603780057-acd24e232f75f09e/ACCOMMODATION/225562952_ACCOMMODATION_1651643514597_c3e1588046b95c32?_src=imagekit&tr=c-at_max,h-100,q-40,w-100",,,,,,,,,,,,,,,,
https://www.traveloka.com/id-id/user/review/consumption/HOTEL/GENERAL/1000000530525,4,6,Perbaiki kunci kamar di siang hari bukan malem malem jam 20.30! Kalo kamar rusak jangan dijual!,Diulas 214 minggu lalu,"https://ik.imagekit.io/tvlk/ugc-review/guys1L+Yyer9kzI3sp-pb0CG1j2bhflZGFUZOoIf1YOBAm37kEUOKR41ieUZm7ZJ/ugc-photo-ap-southeast-1-581603780057-acd24e232f75f09e/ACCOMMODATION/20957486_ACCOMMODATION_1648934553615_3f0a1f967ff8a20b?_src=imagekit&tr=c-at_max,h-100,q-40,w-100","https://ik.imagekit.io/tvlk/ugc-review/guys1L+Yyer9kzI3sp-pb0CG1j2bhflZGFUZOoIf1YOBAm37kEUOKR41ieUZm7ZJ/ugc-photo-ap-southeast-1-581603780057-acd24e232f75f09e/ACCOMMODATION/20957486_ACCOMMODATION_1648934553616_c568ffe702d4f195?_src=imagekit&tr=c-at_max,h-100,q-40,w-100","https://ik.imagekit.io/tvlk/ugc-review/guys1L+Yyer9kzI3sp-pb0CG1j2bhflZGFUZOoIf1YOBAm37kEUOKR41ieUZm7ZJ/ugc-photo-ap-southeast-1-581603780057-acd24e232f75f09e/ACCOMMODATION/20957486_ACCOMMODATION_1648934553616_d254d507ddbdb0a9?_src=imagekit&tr=c-at_max,h-100,q-40,w-100",,,,,,,,,,,,,,,,,
https://www.traveloka.com/id-id/user/review/consumption/HOTEL/GENERAL/1000000530525,4,7,Secara keseluruhan cukup nyaman. Pelayanan ramah & cepat. Kamar bersih namun agak sedikit tercium bau amis yang kami tidak tahu darimana asalnya. Mungkin perlu diberi pengharum ruangan.,Diulas 215 minggu lalu,"https://ik.imagekit.io/tvlk/ugc-review/guys1L+Yyer9kzI3sp-pb0CG1j2bhflZGFUZOoIf1YOBAm37kEUOKR41ieUZm7ZJ/ugc-photo-ap-southeast-1-581603780057-acd24e232f75f09e/ACCOMMODATION/5065474_ACCOMMODATION_1648527254998_f1e42b43cc43489a?_src=imagekit&tr=c-at_max,h-100,q-40,w-100","https://ik.imagekit.io/tvlk/ugc-review/guys1L+Yyer9kzI3sp-pb0CG1j2bhflZGFUZOoIf1YOBAm37kEUOKR41ieUZm7ZJ/ugc-photo-ap-southeast-1-581603780057-acd24e232f75f09e/ACCOMMODATION/5065474_ACCOMMODATION_1648527254998_9c38755ea408139c?_src=imagekit&tr=c-at_max,h-100,q-40,w-100",,,,,,,,,,,,,,,,,,
https://www.traveloka.com/id-id/user/review/consumption/HOTEL/GENERAL/1000000530525,4,8,"Perbaiki kamar 228! Perbaiki kinerjan FO, jangan berikan kamar yang sedang rusak! Bad service and bad experience!",Diulas 215 minggu lalu,"https://ik.imagekit.io/tvlk/ugc-review/guys1L+Yyer9kzI3sp-pb0CG1j2bhflZGFUZOoIf1YOBAm37kEUOKR41ieUZm7ZJ/ugc-photo-ap-southeast-1-581603780057-acd24e232f75f09e/ACCOMMODATION/20957486_ACCOMMODATION_1648468822064_9aed2116d8eb2d0d?_src=imagekit&tr=c-at_max,h-100,q-40,w-100","https://ik.imagekit.io/tvlk/ugc-review/guys1L+Yyer9kzI3sp-pb0CG1j2bhflZGFUZOoIf1YOBAm37kEUOKR41ieUZm7ZJ/ugc-photo-ap-southeast-1-581603780057-acd24e232f75f09e/ACCOMMODATION/20957486_ACCOMMODATION_1648468822065_1ffd3d9f0a564869?_src=imagekit&tr=c-at_max,h-100,q-40,w-100","https://ik.imagekit.io/tvlk/ugc-review/guys1L+Yyer9kzI3sp-pb0CG1j2bhflZGFUZOoIf1YOBAm37kEUOKR41ieUZm7ZJ/ugc-photo-ap-southeast-1-581603780057-acd24e232f75f09e/ACCOMMODATION/20957486_ACCOMMODATION_1648468822065_bc5de95b9a6e27a8?_src=imagekit&tr=c-at_max,h-100,q-40,w-100",,,,,,,,,,,,,,,,,
https://www.traveloka.com/id-id/user/review/consumption/HOTEL/GENERAL/1000000530525,4,9,"Bagus bersih nyaman, fasilitas lengkap.",Diulas 218 minggu lalu,"https://ik.imagekit.io/tvlk/ugc-review/guys1L+Yyer9kzI3sp-pb0CG1j2bhflZGFUZOoIf1YOBAm37kEUOKR41ieUZm7ZJ/ugc-photo-ap-southeast-1-581603780057-acd24e232f75f09e/ACCOMMODATION/23940420_ACCOMMODATION_1646447784722_98f59160a00b48dd?_src=imagekit&tr=c-at_max,h-100,q-40,w-100",,,,,,,,,,,,,,,,,,,
https://www.traveloka.com/id-id/user/review/consumption/HOTEL/GENERAL/1000000530525,4,10,"Staff nya super ramah, dari satpam, receptionists dan lain-lain nya. Kamar bersih, minta view yang menghadap pelabuhan keren.",Diulas 221 minggu lalu,"https://ik.imagekit.io/tvlk/ugc-review/guys1L+Yyer9kzI3sp-pb0CG1j2bhflZGFUZOoIf1YOBAm37kEUOKR41ieUZm7ZJ/ugc-photo-ap-southeast-1-581603780057-acd24e232f75f09e/ACCOMMODATION/199585004_ACCOMMODATION_1644716047488_ea8c67d6cd42ddd7?_src=imagekit&tr=c-at_max,h-100,q-40,w-100",,,,,,,,,,,,,,,,,,,
https://www.traveloka.com/id-id/user/review/consumption/HOTEL/GENERAL/1000000530525,4,11,"Ini kali ke-2 saya menginap di Neo Hotel. Pelayanan, kebersihan still good. Front desk cukup sigap dalam menanggapi komplain yang diberikan. Saat masuk kamar, hal paling pertama saya cek adalah sprei. Waktu kemaren dapet kamar yang spreinya ada noda, saya langsung minta ganti kamar ke frontdesk. Ga pake lama, kunci kamar baru langsung diantar. Masukan untuk housekeeping: please sprei-sprei yang ada noda jangan dipakai lagi karena ga semua tamu punya batas toleransi yang sama. Masukan ini sudah pernah saya sampaikan saat mereview bulan lalu waktu menginap yang pertama. Tapi housekeeping juga cukup baik pelayanannya saat hari ke-2 saya minta kamar dibereskan ternyata handuk diganti juga plus cotton bud, air botol dalam kamar, teh, kopi, gula gitu ditambah. Thanks loh karena saya pikir cuman beresin kasur aja. Overall, masih cukup puas untuk pelayanan menginap kali ini. Petugas security yang helpful, staff front desk yang sigap, breakfast yang mengenyangkan. Good job Neo.",Diulas 221 minggu lalu,"https://ik.imagekit.io/tvlk/ugc-review/guys1L+Yyer9kzI3sp-pb0CG1j2bhflZGFUZOoIf1YOBAm37kEUOKR41ieUZm7ZJ/ugc-photo-ap-southeast-1-581603780057-acd24e232f75f09e/ACCOMMODATION/9005917_ACCOMMODATION_1644629106693_d3a876ce385739c0?_src=imagekit&tr=c-at_max,h-100,q-40,w-100","https://ik.imagekit.io/tvlk/ugc-review/guys1L+Yyer9kzI3sp-pb0CG1j2bhflZGFUZOoIf1YOBAm37kEUOKR41ieUZm7ZJ/ugc-photo-ap-southeast-1-581603780057-acd24e232f75f09e/ACCOMMODATION/9005917_ACCOMMODATION_1644629106693_2896db424840e009?_src=imagekit&tr=c-at_max,h-100,q-40,w-100","https://ik.imagekit.io/tvlk/ugc-review/guys1L+Yyer9kzI3sp-pb0CG1j2bhflZGFUZOoIf1YOBAm37kEUOKR41ieUZm7ZJ/ugc-photo-ap-southeast-1-581603780057-acd24e232f75f09e/ACCOMMODATION/9005917_ACCOMMODATION_1644629106693_e425ad124091320f?_src=imagekit&tr=c-at_max,h-100,q-40,w-100","https://ik.imagekit.io/tvlk/ugc-review/guys1L+Yyer9kzI3sp-pb0CG1j2bhflZGFUZOoIf1YOBAm37kEUOKR41ieUZm7ZJ/ugc-photo-ap-southeast-1-581603780057-acd24e232f75f09e/ACCOMMODATION/9005917_ACCOMMODATION_1644629106693_4de37a88db243c13?_src=imagekit&tr=c-at_max,h-100,q-40,w-100","https://ik.imagekit.io/tvlk/ugc-review/guys1L+Yyer9kzI3sp-pb0CG1j2bhflZGFUZOoIf1YOBAm37kEUOKR41ieUZm7ZJ/ugc-photo-ap-southeast-1-581603780057-acd24e232f75f09e/ACCOMMODATION/9005917_ACCOMMODATION_1644629106693_5ae7cd4ffbe47473?_src=imagekit&tr=c-at_max,h-100,q-40,w-100","https://ik.imagekit.io/tvlk/ugc-review/guys1L+Yyer9kzI3sp-pb0CG1j2bhflZGFUZOoIf1YOBAm37kEUOKR41ieUZm7ZJ/ugc-photo-ap-southeast-1-581603780057-acd24e232f75f09e/ACCOMMODATION/9005917_ACCOMMODATION_1644629106694_93cbc15087e5589c?_src=imagekit&tr=c-at_max,h-100,q-40,w-100",,,,,,,,,,,,,,
https://www.traveloka.com/id-id/user/review/consumption/HOTEL/GENERAL/1000000530525,4,12,"gak nyesel nginep di Neo Cirebon..tempatnya bersih, nyaman dan makanannya oke banget, pokoknya mah mantap, harga terjangkau.",Diulas 222 minggu lalu,"https://ik.imagekit.io/tvlk/ugc-review/guys1L+Yyer9kzI3sp-pb0CG1j2bhflZGFUZOoIf1YOBAm37kEUOKR41ieUZm7ZJ/ugc-photo-ap-southeast-1-581603780057-acd24e232f75f09e/ACCOMMODATION/13467976_ACCOMMODATION_1644285725399_561fa5279bb588e9?_src=imagekit&tr=c-at_max,h-100,q-40,w-100",,,,,,,,,,,,,,,,,,,
https://www.traveloka.com/id-id/user/review/consumption/HOTEL/GENERAL/1000000530525,4,13,"Dari pertama dateng satpam yang bertugas very helpful. Ada fasilitas valet. Masuk ke lobby, resepsionis-nya ramah. Good communication. Masuk ke kamar, agak ada bau rokok dikit tp begitu AC nyala berkurang koq baunya. Trus kasur, sprei bersih cuman di bagian sprei bantal ada noda lama yang ga ilang. Masukan buat hosekeeping mending sprei yang ada noda ga usah dipake lagi ntar orang mikirnya jorok kaya sprei ga pernah ganti. Trus WC wangi, toilet bersih, handuk wangi, ada sikat gigi, odol ama shower cap. Shampoo, sabun disediain. Ada sendal kamar, air mineral free 2 botol ama yang gede (1.5ltr) ada 1 tp bayar. Teh, kopi ama gula sachet ada. Teko listrik ama gelas juga disediain. Ok koq untuk ukuran hotel budget ya bagus banget pelayanannya 👍👍. Breakfast menu mayan beragam. Omelette enyak. Nasi goreng terasi juga enak. Cuman ga ada sosis ya 😁. Ikan asem manis enak juga. Buah seger. Cuman masukan jangan menu buah pepaya deh soalnya orang kalo ambil suka bikin penampilan pepaya lain yang ada di piring saji jadi bocel-bocel jadinya mau ngambil juga males. Ilfil dluan. So far menyenangkan loh nginep di sini. Next pasti kesini lagi. Thank you ya. Keep the good work.",Diulas 225 minggu lalu,"https://ik.imagekit.io/tvlk/ugc-review/guys1L+Yyer9kzI3sp-pb0CG1j2bhflZGFUZOoIf1YOBAm37kEUOKR41ieUZm7ZJ/ugc-photo-ap-southeast-1-581603780057-acd24e232f75f09e/ACCOMMODATION/9005917_ACCOMMODATION_1642210040829_330d626422709ea3?_src=imagekit&tr=c-at_max,h-100,q-40,w-100","https://ik.imagekit.io/tvlk/ugc-review/guys1L+Yyer9kzI3sp-pb0CG1j2bhflZGFUZOoIf1YOBAm37kEUOKR41ieUZm7ZJ/ugc-photo-ap-southeast-1-581603780057-acd24e232f75f09e/ACCOMMODATION/9005917_ACCOMMODATION_1642210040829_1e77127ec72ab102?_src=imagekit&tr=c-at_max,h-100,q-40,w-100","https://ik.imagekit.io/tvlk/ugc-review/guys1L+Yyer9kzI3sp-pb0CG1j2bhflZGFUZOoIf1YOBAm37kEUOKR41ieUZm7ZJ/ugc-photo-ap-southeast-1-581603780057-acd24e232f75f09e/ACCOMMODATION/9005917_ACCOMMODATION_1642210040830_9bcbce1b0733ffd4?_src=imagekit&tr=c-at_max,h-100,q-40,w-100","https://ik.imagekit.io/tvlk/ugc-review/guys1L+Yyer9kzI3sp-pb0CG1j2bhflZGFUZOoIf1YOBAm37kEUOKR41ieUZm7ZJ/ugc-photo-ap-southeast-1-581603780057-acd24e232f75f09e/ACCOMMODATION/9005917_ACCOMMODATION_1642210040830_12ddbb284e1a0950?_src=imagekit&tr=c-at_max,h-100,q-40,w-100",,,,,,,,,,,,,,,,
https://www.traveloka.com/id-id/user/review/consumption/HOTEL/GENERAL/1000000530525,4,14,"Proses check-in dan check out cepat, kamar diberikan sesuai request. Sarapan lumayan dan ini kali kedua menginap di sini.",Diulas 226 minggu lalu,"https://ik.imagekit.io/tvlk/ugc-review/guys1L+Yyer9kzI3sp-pb0CG1j2bhflZGFUZOoIf1YOBAm37kEUOKR41ieUZm7ZJ/ugc-photo-ap-southeast-1-581603780057-acd24e232f75f09e/ACCOMMODATION/8795494_ACCOMMODATION_1641813534524_4b26020f65f3b7f3?_src=imagekit&tr=c-at_max,h-100,q-40,w-100",,,,,,,,,,,,,,,,,,,
https://www.traveloka.com/id-id/user/review/consumption/HOTEL/GENERAL/1000000530525,4,15,"Kamar bersih, toilet aman, menu BF nya enak apalagi omelete juara.",Diulas 226 minggu lalu,"https://ik.imagekit.io/tvlk/ugc-review/guys1L+Yyer9kzI3sp-pb0CG1j2bhflZGFUZOoIf1YOBAm37kEUOKR41ieUZm7ZJ/ugc-photo-ap-southeast-1-581603780057-acd24e232f75f09e/ACCOMMODATION/96491761_ACCOMMODATION_1641785001066_62a2002cd9b13534?_src=imagekit&tr=c-at_max,h-100,q-40,w-100",,,,,,,,,,,,,,,,,,,
https://www.traveloka.com/id-id/user/review/consumption/HOTEL/GENERAL/1000000530525,4,16,Over all bagus hanya kulkas aja tidak dingin,Diulas 227 minggu lalu,"https://ik.imagekit.io/tvlk/ugc-review/guys1L+Yyer9kzI3sp-pb0CG1j2bhflZGFUZOoIf1YOBAm37kEUOKR41ieUZm7ZJ/ugc-photo-ap-southeast-1-581603780057-acd24e232f75f09e/ACCOMMODATION/4982903_ACCOMMODATION_1641209324246_d78d37c408310db2?_src=imagekit&tr=c-at_max,h-100,q-40,w-100","https://ik.imagekit.io/tvlk/ugc-review/guys1L+Yyer9kzI3sp-pb0CG1j2bhflZGFUZOoIf1YOBAm37kEUOKR41ieUZm7ZJ/ugc-photo-ap-southeast-1-581603780057-acd24e232f75f09e/ACCOMMODATION/4982903_ACCOMMODATION_1641209324246_ed501ee11beb033a?_src=imagekit&tr=c-at_max,h-100,q-40,w-100",,,,,,,,,,,,,,,,,,
https://www.traveloka.com/id-id/user/review/consumption/HOTEL/GENERAL/1000000530525,4,17,"Tempat tidur nyaman,  ac oke dingin,kamar mandi shower nya keluar air kecil terus dingin air nya ,sayang banget sampai kedinginan saya mandi permintaan view laut di penuhi, Alhamdulillah jadi bisa liat laut walau jauh keliatannya,dan akhir tahun bener-bener bisa tenang deh Terima kasih 😊",Diulas 227 minggu lalu,"https://ik.imagekit.io/tvlk/ugc-review/guys1L+Yyer9kzI3sp-pb0CG1j2bhflZGFUZOoIf1YOBAm37kEUOKR41ieUZm7ZJ/ugc-photo-ap-southeast-1-581603780057-acd24e232f75f09e/ACCOMMODATION/5295704_ACCOMMODATION_1641122927219_4b365884c61a7659?_src=imagekit&tr=c-at_max,h-100,q-40,w-100","https://ik.imagekit.io/tvlk/ugc-review/guys1L+Yyer9kzI3sp-pb0CG1j2bhflZGFUZOoIf1YOBAm37kEUOKR41ieUZm7ZJ/ugc-photo-ap-southeast-1-581603780057-acd24e232f75f09e/ACCOMMODATION/5295704_ACCOMMODATION_1641122927219_69beb5ea1b4826d3?_src=imagekit&tr=c-at_max,h-100,q-40,w-100","https://ik.imagekit.io/tvlk/ugc-review/guys1L+Yyer9kzI3sp-pb0CG1j2bhflZGFUZOoIf1YOBAm37kEUOKR41ieUZm7ZJ/ugc-photo-ap-southeast-1-581603780057-acd24e232f75f09e/ACCOMMODATION/5295704_ACCOMMODATION_1641122927222_9970f520d42e69ca?_src=imagekit&tr=c-at_max,h-100,q-40,w-100","https://ik.imagekit.io/tvlk/ugc-review/guys1L+Yyer9kzI3sp-pb0CG1j2bhflZGFUZOoIf1YOBAm37kEUOKR41ieUZm7ZJ/ugc-photo-ap-southeast-1-581603780057-acd24e232f75f09e/ACCOMMODATION/5295704_ACCOMMODATION_1641122927222_c68ee2a347e918be?_src=imagekit&tr=c-at_max,h-100,q-40,w-100",,,,,,,,,,,,,,,,
https://www.traveloka.com/id-id/user/review/consumption/HOTEL/GENERAL/1000000530525,4,18,"Nyesel banget baru kali ini nginep di neo cirebon, pelayanan sangat bagus. Semua staf sangat ramah, sangat membantu dan selalu menyapa dengan sopan. Kamar wangi, bersih, aduh pokoknya saya sangat sangat puas dan sangat merekomendasikan hotel ini ke rekan rekan saya nanti. Sarapan sangat bervariasi, tapi hari kedua breakfast karena agak siang jadi makananya banyak yang sudah habis dan mungkin belum dimasak lagi. Terima kasih Neo Cirebon. Saya sangat senang menginap di sini.",Diulas 232 minggu lalu,"https://ik.imagekit.io/tvlk/ugc-review/guys1L+Yyer9kzI3sp-pb0CG1j2bhflZGFUZOoIf1YOBAm37kEUOKR41ieUZm7ZJ/ugc-photo-ap-southeast-1-581603780057-acd24e232f75f09e/ACCOMMODATION/22100111_ACCOMMODATION_1637924785865_c3122e802de67ada?_src=imagekit&tr=c-at_max,h-100,q-40,w-100",,,,,,,,,,,,,,,,,,,
https://www.traveloka.com/id-id/user/review/consumption/HOTEL/GENERAL/1000000530525,4,19,Dekat dengan stasiun. Sarapan enak dan pelayanan ramah.,Diulas 232 minggu lalu,"https://ik.imagekit.io/tvlk/ugc-review/guys1L+Yyer9kzI3sp-pb0CG1j2bhflZGFUZOoIf1YOBAm37kEUOKR41ieUZm7ZJ/ugc-photo-ap-southeast-1-581603780057-acd24e232f75f09e/ACCOMMODATION/8362456_ACCOMMODATION_1637911639110_90fb3d08d1c7c92e?_src=imagekit&tr=c-at_max,h-100,q-40,w-100","https://ik.imagekit.io/tvlk/ugc-review/guys1L+Yyer9kzI3sp-pb0CG1j2bhflZGFUZOoIf1YOBAm37kEUOKR41ieUZm7ZJ/ugc-photo-ap-southeast-1-581603780057-acd24e232f75f09e/ACCOMMODATION/8362456_ACCOMMODATION_1637911639110_0149477ece148e74?_src=imagekit&tr=c-at_max,h-100,q-40,w-100","https://ik.imagekit.io/tvlk/ugc-review/guys1L+Yyer9kzI3sp-pb0CG1j2bhflZGFUZOoIf1YOBAm37kEUOKR41ieUZm7ZJ/ugc-photo-ap-southeast-1-581603780057-acd24e232f75f09e/ACCOMMODATION/8362456_ACCOMMODATION_1637911639110_79b2ab7348671016?_src=imagekit&tr=c-at_max,h-100,q-40,w-100",,,,,,,,,,,,,,,,,
https://www.traveloka.com/id-id/user/review/consumption/HOTEL/GENERAL/1000000530525,4,20,Kasurnya tolong ya dibersihkan dari kutu. Saya sering menginap di sini baru semalam ketemu kutu kasur pantesan saya gatal-gatal.,Diulas 232 minggu lalu,"https://ik.imagekit.io/tvlk/ugc-review/guys1L+Yyer9kzI3sp-pb0CG1j2bhflZGFUZOoIf1YOBAm37kEUOKR41ieUZm7ZJ/ugc-photo-ap-southeast-1-581603780057-acd24e232f75f09e/ACCOMMODATION/4353135_ACCOMMODATION_1637900720168_f7c33b6180d6a4a9?_src=imagekit&tr=c-at_max,h-100,q-40,w-100","https://ik.imagekit.io/tvlk/ugc-review/guys1L+Yyer9kzI3sp-pb0CG1j2bhflZGFUZOoIf1YOBAm37kEUOKR41ieUZm7ZJ/ugc-photo-ap-southeast-1-581603780057-acd24e232f75f09e/ACCOMMODATION/4353135_ACCOMMODATION_1637900720168_02e2c454e2108095?_src=imagekit&tr=c-at_max,h-100,q-40,w-100","https://ik.imagekit.io/tvlk/ugc-review/guys1L+Yyer9kzI3sp-pb0CG1j2bhflZGFUZOoIf1YOBAm37kEUOKR41ieUZm7ZJ/ugc-photo-ap-southeast-1-581603780057-acd24e232f75f09e/ACCOMMODATION/4353135_ACCOMMODATION_1637900720169_466d976cf4e6b791?_src=imagekit&tr=c-at_max,h-100,q-40,w-100",,,,,,,,,,,,,,,,,
https://www.traveloka.com/id-id/user/review/consumption/HOTEL/GENERAL/1000000530525,5,1,"Amazing. Request room dekor HBD (kena charge 250rb) plus request king bed, view laut. Semua dipenuhi. Respon staff cepat. Layanan staff ramah. Proses check in check out cepat. Minusnya cuma area parkir yang sempit saja.",Diulas 235 minggu lalu,"https://ik.imagekit.io/tvlk/ugc-review/guys1L+Yyer9kzI3sp-pb0CG1j2bhflZGFUZOoIf1YOBAm37kEUOKR41ieUZm7ZJ/ugc-photo-ap-southeast-1-581603780057-acd24e232f75f09e/ACCOMMODATION/10936559_ACCOMMODATION_1636289430059_5c07437b6b476dbc?_src=imagekit&tr=c-at_max,h-100,q-40,w-100","https://ik.imagekit.io/tvlk/ugc-review/guys1L+Yyer9kzI3sp-pb0CG1j2bhflZGFUZOoIf1YOBAm37kEUOKR41ieUZm7ZJ/ugc-photo-ap-southeast-1-581603780057-acd24e232f75f09e/ACCOMMODATION/10936559_ACCOMMODATION_1636289430060_13ec074a7de15ed6?_src=imagekit&tr=c-at_max,h-100,q-40,w-100",,,,,,,,,,,,,,,,,,
https://www.traveloka.com/id-id/user/review/consumption/HOTEL/GENERAL/1000000530525,5,2,"Staffnya ramah, saya minta early check in dan mereka sangat membantu",Diulas 235 minggu lalu,"https://ik.imagekit.io/tvlk/ugc-review/guys1L+Yyer9kzI3sp-pb0CG1j2bhflZGFUZOoIf1YOBAm37kEUOKR41ieUZm7ZJ/ugc-photo-ap-southeast-1-581603780057-acd24e232f75f09e/ACCOMMODATION/3819066_ACCOMMODATION_1636261244345_83a23d4f76ffbff2?_src=imagekit&tr=c-at_max,h-100,q-40,w-100",,,,,,,,,,,,,,,,,,,
https://www.traveloka.com/id-id/user/review/consumption/HOTEL/GENERAL/1000000530525,5,3,"Kamar bersih, pelayanan ramah, letak strategis, hanya menu sarapan kurang bervariasi tapi yang lainnya good👍🏻",Diulas 241 minggu lalu,"https://ik.imagekit.io/tvlk/ugc-review/guys1L+Yyer9kzI3sp-pb0CG1j2bhflZGFUZOoIf1YOBAm37kEUOKR41ieUZm7ZJ/ugc-photo-ap-southeast-1-581603780057-acd24e232f75f09e/ACCOMMODATION/49793519_ACCOMMODATION_1632233862952_07ef2855d78dd241?_src=imagekit&tr=c-at_max,h-100,q-40,w-100","https://ik.imagekit.io/tvlk/ugc-review/guys1L+Yyer9kzI3sp-pb0CG1j2bhflZGFUZOoIf1YOBAm37kEUOKR41ieUZm7ZJ/ugc-photo-ap-southeast-1-581603780057-acd24e232f75f09e/ACCOMMODATION/49793519_ACCOMMODATION_1632233933851_9e6fda4b75bbce7c?_src=imagekit&tr=c-at_max,h-100,q-40,w-100",,,,,,,,,,,,,,,,,,
https://www.traveloka.com/id-id/user/review/consumption/HOTEL/GENERAL/1000000530525,5,4,Kamar nya agak kecil tapi terawat dengan baik. Lokasi cukup strategis tapi tempat parkir tidak banyak,Diulas 245 minggu lalu,"https://ik.imagekit.io/tvlk/ugc-review/guys1L+Yyer9kzI3sp-pb0CG1j2bhflZGFUZOoIf1YOBAm37kEUOKR41ieUZm7ZJ/ugc-photo-ap-southeast-1-581603780057-acd24e232f75f09e/ACCOMMODATION/132695658_ACCOMMODATION_1629990121276_149d551d35657dab?_src=imagekit&tr=c-at_max,h-100,q-40,w-100","https://ik.imagekit.io/tvlk/ugc-review/guys1L+Yyer9kzI3sp-pb0CG1j2bhflZGFUZOoIf1YOBAm37kEUOKR41ieUZm7ZJ/ugc-photo-ap-southeast-1-581603780057-acd24e232f75f09e/ACCOMMODATION/132695658_ACCOMMODATION_1629990121277_9ca750084e923beb?_src=imagekit&tr=c-at_max,h-100,q-40,w-100",,,,,,,,,,,,,,,,,,
https://www.traveloka.com/id-id/user/review/consumption/HOTEL/GENERAL/1000000530525,5,5,"Quality time bersama pasangan menjadi menyenangkan. Semua fasilitas lengkap apalagi dengan harga terjangkau sudah breakfast, hairdryer, dapet kamar view langsung ke jalan, pokoknya recommended. Pelayanannya juga baik.",Diulas 248 minggu lalu,"https://ik.imagekit.io/tvlk/ugc-review/guys1L+Yyer9kzI3sp-pb0CG1j2bhflZGFUZOoIf1YOBAm37kEUOKR41ieUZm7ZJ/ugc-photo-ap-southeast-1-581603780057-acd24e232f75f09e/ACCOMMODATION/5903469_ACCOMMODATION_1628041108294_18af1b922264a707?_src=imagekit&tr=c-at_max,h-100,q-40,w-100","https://ik.imagekit.io/tvlk/ugc-review/guys1L+Yyer9kzI3sp-pb0CG1j2bhflZGFUZOoIf1YOBAm37kEUOKR41ieUZm7ZJ/ugc-photo-ap-southeast-1-581603780057-acd24e232f75f09e/ACCOMMODATION/5903469_ACCOMMODATION_1628041353243_6883e087ee16d395?_src=imagekit&tr=c-at_max,h-100,q-40,w-100",,,,,,,,,,,,,,,,,,
https://www.traveloka.com/id-id/user/review/consumption/HOTEL/GENERAL/1000000530525,5,6,"Mulai dari parkiran dulu satpamnya sigap selalu standby karena parkiran cukup sempit kalo kebagian parkir didepan kunci dititipkan nanti dikasih tiket parkir gitu buat ngambil kuncinya, lalu proses check in juga cepet ga pake deposit, lift ga perlu pake cardlock, dapat kamar yang kurang kebersihannya karena masih ada rambut di lantai maupun kamar mandi, blower nya udah mau rapuh jadi ada beberapa remah-remah jatuh dari blower ke toilet dan bathtub, terus kulkas nya ga terlalu dingin, air juga kecil dan dibagian westafel gabisa pake air hangat, untuk sarapan cukup uenak.",Diulas 255 minggu lalu,"https://ik.imagekit.io/tvlk/ugc-review/guys1L+Yyer9kzI3sp-pb0CG1j2bhflZGFUZOoIf1YOBAm37kEUOKR41ieUZm7ZJ/ugc-photo-ap-southeast-1-581603780057-acd24e232f75f09e/ACCOMMODATION/50778229_ACCOMMODATION_1624273890006_a914b926a14c2943?_src=imagekit&tr=c-at_max,h-100,q-40,w-100","https://ik.imagekit.io/tvlk/ugc-review/guys1L+Yyer9kzI3sp-pb0CG1j2bhflZGFUZOoIf1YOBAm37kEUOKR41ieUZm7ZJ/ugc-photo-ap-southeast-1-581603780057-acd24e232f75f09e/ACCOMMODATION/50778229_ACCOMMODATION_1624273890009_9eacec9f0dea59a5?_src=imagekit&tr=c-at_max,h-100,q-40,w-100","https://ik.imagekit.io/tvlk/ugc-review/guys1L+Yyer9kzI3sp-pb0CG1j2bhflZGFUZOoIf1YOBAm37kEUOKR41ieUZm7ZJ/ugc-photo-ap-southeast-1-581603780057-acd24e232f75f09e/ACCOMMODATION/50778229_ACCOMMODATION_1624273890010_bdb13f3cc27057c7?_src=imagekit&tr=c-at_max,h-100,q-40,w-100","https://ik.imagekit.io/tvlk/ugc-review/guys1L+Yyer9kzI3sp-pb0CG1j2bhflZGFUZOoIf1YOBAm37kEUOKR41ieUZm7ZJ/ugc-photo-ap-southeast-1-581603780057-acd24e232f75f09e/ACCOMMODATION/50778229_ACCOMMODATION_1624273890010_39c710ff4604d606?_src=imagekit&tr=c-at_max,h-100,q-40,w-100","https://ik.imagekit.io/tvlk/ugc-review/guys1L+Yyer9kzI3sp-pb0CG1j2bhflZGFUZOoIf1YOBAm37kEUOKR41ieUZm7ZJ/ugc-photo-ap-southeast-1-581603780057-acd24e232f75f09e/ACCOMMODATION/50778229_ACCOMMODATION_1624273890011_595d9ebbe51ba275?_src=imagekit&tr=c-at_max,h-100,q-40,w-100","https://ik.imagekit.io/tvlk/ugc-review/guys1L+Yyer9kzI3sp-pb0CG1j2bhflZGFUZOoIf1YOBAm37kEUOKR41ieUZm7ZJ/ugc-photo-ap-southeast-1-581603780057-acd24e232f75f09e/ACCOMMODATION/50778229_ACCOMMODATION_1624273890011_ac947056313ab335?_src=imagekit&tr=c-at_max,h-100,q-40,w-100",,,,,,,,,,,,,,
https://www.traveloka.com/id-id/user/review/consumption/HOTEL/GENERAL/1000000530525,5,7,"Berkali-kali staycation di neo hotel tidak pernah bosan, selain kebersihannya, kegesitan satpam neo hotel ter the best tidak ada saingannya.",Diulas 255 minggu lalu,"https://ik.imagekit.io/tvlk/ugc-review/guys1L+Yyer9kzI3sp-pb0CG1j2bhflZGFUZOoIf1YOBAm37kEUOKR41ieUZm7ZJ/ugc-photo-ap-southeast-1-581603780057-acd24e232f75f09e/ACCOMMODATION/96491761_ACCOMMODATION_1624023101313_59fc9396e914291b?_src=imagekit&tr=c-at_max,h-100,q-40,w-100",,,,,,,,,,,,,,,,,,,
https://www.traveloka.com/id-id/user/review/consumption/HOTEL/GENERAL/1000000530525,5,8,Saya senang menginap di sini karena kamarnya sangat bersih dan kebetulan pemandangan dari kamar bisa lihat laut. Staff hotel sangat ramah. Sarapan pagi cukup enak dan bervariasi. Kekurangannya hanya keran shower yang agak kecil airnya,Diulas 257 minggu lalu,"https://ik.imagekit.io/tvlk/ugc-review/guys1L+Yyer9kzI3sp-pb0CG1j2bhflZGFUZOoIf1YOBAm37kEUOKR41ieUZm7ZJ/ugc-photo-ap-southeast-1-581603780057-acd24e232f75f09e/ACCOMMODATION/116336141_ACCOMMODATION_1623117830090_80935c3eceb5bb73?_src=imagekit&tr=c-at_max,h-100,q-40,w-100","https://ik.imagekit.io/tvlk/ugc-review/guys1L+Yyer9kzI3sp-pb0CG1j2bhflZGFUZOoIf1YOBAm37kEUOKR41ieUZm7ZJ/ugc-photo-ap-southeast-1-581603780057-acd24e232f75f09e/ACCOMMODATION/116336141_ACCOMMODATION_1623117830090_42b1bdd16484c443?_src=imagekit&tr=c-at_max,h-100,q-40,w-100",,,,,,,,,,,,,,,,,,
https://www.traveloka.com/id-id/user/review/consumption/HOTEL/GENERAL/1000000530525,5,9,"Good sih, cuma breakfast nya aja yang rasanya kurang. Selebihnya oke.",Diulas 257 minggu lalu,"https://ik.imagekit.io/tvlk/ugc-review/guys1L+Yyer9kzI3sp-pb0CG1j2bhflZGFUZOoIf1YOBAm37kEUOKR41ieUZm7ZJ/ugc-photo-ap-southeast-1-581603780057-acd24e232f75f09e/ACCOMMODATION/181769277_ACCOMMODATION_1623029764740_815dc79a6ab9aa8c?_src=imagekit&tr=c-at_max,h-100,q-40,w-100","https://ik.imagekit.io/tvlk/ugc-review/guys1L+Yyer9kzI3sp-pb0CG1j2bhflZGFUZOoIf1YOBAm37kEUOKR41ieUZm7ZJ/ugc-photo-ap-southeast-1-581603780057-acd24e232f75f09e/ACCOMMODATION/181769277_ACCOMMODATION_1623029764741_87f8c5ca22611318?_src=imagekit&tr=c-at_max,h-100,q-40,w-100","https://ik.imagekit.io/tvlk/ugc-review/guys1L+Yyer9kzI3sp-pb0CG1j2bhflZGFUZOoIf1YOBAm37kEUOKR41ieUZm7ZJ/ugc-photo-ap-southeast-1-581603780057-acd24e232f75f09e/ACCOMMODATION/181769277_ACCOMMODATION_1623029764741_2d8b956682b7bf1b?_src=imagekit&tr=c-at_max,h-100,q-40,w-100","https://ik.imagekit.io/tvlk/ugc-review/guys1L+Yyer9kzI3sp-pb0CG1j2bhflZGFUZOoIf1YOBAm37kEUOKR41ieUZm7ZJ/ugc-photo-ap-southeast-1-581603780057-acd24e232f75f09e/ACCOMMODATION/181769277_ACCOMMODATION_1623029764741_778e40bdadda0303?_src=imagekit&tr=c-at_max,h-100,q-40,w-100",,,,,,,,,,,,,,,,
https://www.traveloka.com/id-id/user/review/consumption/HOTEL/GENERAL/1000000530525,5,10,"Petugasnya ramah dan cepet tanggap. tadinya dikasih lantai 2 tp saya minta lantai tinggi, akhirnya dikasih lantai 7, view ke gunung ciremai. bisa pinjem mukena buat dikamar, bisa late check out krn nunggu jam sholat. untuk hotelnya sih biasa aja ya, kamar agak kecil, saluran tv juga yang standar. makanannya oke tapi tidak istimewa.",Diulas 266 minggu lalu,"https://ik.imagekit.io/tvlk/ugc-review/guys1L+Yyer9kzI3sp-pb0CG1j2bhflZGFUZOoIf1YOBAm37kEUOKR41ieUZm7ZJ/ugc-photo-ap-southeast-1-581603780057-acd24e232f75f09e/ACCOMMODATION/4296515_ACCOMMODATION_1617579630058_2b43af7f730bc7f3?_src=imagekit&tr=c-at_max,h-100,q-40,w-100",,,,,,,,,,,,,,,,,,,
https://www.traveloka.com/id-id/user/review/consumption/HOTEL/GENERAL/1000000530525,5,11,"Untukj yg berniat menikmati kota cirebon dgn cara yg tenang hotel neo by aston ini sangat cocok, lokasinya di pinggiran kota dekat dengan laut (meskipun pantainya tidak rekomended banget), dikelilingi restorant seafood tinggal pilih yg cocok, dekat dgn beberapa lokasi wisata, saran saya kalau menginap di sini bawa sepeda dan silahkan goes arround, dijamin puas.",Diulas 267 minggu lalu,"https://ik.imagekit.io/tvlk/ugc-review/guys1L+Yyer9kzI3sp-pb0CG1j2bhflZGFUZOoIf1YOBAm37kEUOKR41ieUZm7ZJ/ugc-photo-ap-southeast-1-581603780057-acd24e232f75f09e/ACCOMMODATION/21027872_ACCOMMODATION_1616983724524_99dbc2508c6b2ea2?_src=imagekit&tr=c-at_max,h-100,q-40,w-100","https://ik.imagekit.io/tvlk/ugc-review/guys1L+Yyer9kzI3sp-pb0CG1j2bhflZGFUZOoIf1YOBAm37kEUOKR41ieUZm7ZJ/ugc-photo-ap-southeast-1-581603780057-acd24e232f75f09e/ACCOMMODATION/21027872_ACCOMMODATION_1616983724525_49e689a9778552c3?_src=imagekit&tr=c-at_max,h-100,q-40,w-100",,,,,,,,,,,,,,,,,,
https://www.traveloka.com/id-id/user/review/consumption/HOTEL/GENERAL/1000000530525,5,12,"Proses check-in dan chekout cepat, kamar tidak bisa merokok jadi suami saya agak bete. Sarapan lumayan, tapi tidak ada buah. Kamar oke bersih dan fasilitas lengkap, parkir free.",Diulas 268 minggu lalu,"https://ik.imagekit.io/tvlk/ugc-review/guys1L+Yyer9kzI3sp-pb0CG1j2bhflZGFUZOoIf1YOBAm37kEUOKR41ieUZm7ZJ/ugc-photo-ap-southeast-1-581603780057-acd24e232f75f09e/ACCOMMODATION/8795494_ACCOMMODATION_1616403690896_fcc656061e9bb86a?_src=imagekit&tr=c-at_max,h-100,q-40,w-100",,,,,,,,,,,,,,,,,,,
https://www.traveloka.com/id-id/user/review/consumption/HOTEL/GENERAL/1000000530525,5,13,"kamarnya bersih, staff-nya pada ramah, nyaman pokoknya😊",Diulas 273 minggu lalu,"https://ik.imagekit.io/tvlk/ugc-review/guys1L+Yyer9kzI3sp-pb0CG1j2bhflZGFUZOoIf1YOBAm37kEUOKR41ieUZm7ZJ/ugc-photo-ap-southeast-1-581603780057-acd24e232f75f09e/ACCOMMODATION/186315613_ACCOMMODATION_1613381643914_d42af78261f0baeb?_src=imagekit&tr=c-at_max,h-100,q-40,w-100","https://ik.imagekit.io/tvlk/ugc-review/guys1L+Yyer9kzI3sp-pb0CG1j2bhflZGFUZOoIf1YOBAm37kEUOKR41ieUZm7ZJ/ugc-photo-ap-southeast-1-581603780057-acd24e232f75f09e/ACCOMMODATION/186315613_ACCOMMODATION_1613381643915_66b6682ab554cddb?_src=imagekit&tr=c-at_max,h-100,q-40,w-100","https://ik.imagekit.io/tvlk/ugc-review/guys1L+Yyer9kzI3sp-pb0CG1j2bhflZGFUZOoIf1YOBAm37kEUOKR41ieUZm7ZJ/ugc-photo-ap-southeast-1-581603780057-acd24e232f75f09e/ACCOMMODATION/186315613_ACCOMMODATION_1613381643915_f6cdd82b79cc0c7c?_src=imagekit&tr=c-at_max,h-100,q-40,w-100",,,,,,,,,,,,,,,,,
https://www.traveloka.com/id-id/user/review/consumption/HOTEL/GENERAL/1000000530525,5,14,Pokoknya the best lah sudah 6x menginap mantap neo dh dari segi pelayanan nya tambah mantep apalagi scurty nya ramah². terimakasih hotel neo.,Diulas 273 minggu lalu,"https://ik.imagekit.io/tvlk/ugc-review/guys1L+Yyer9kzI3sp-pb0CG1j2bhflZGFUZOoIf1YOBAm37kEUOKR41ieUZm7ZJ/ugc-photo-ap-southeast-1-581603780057-acd24e232f75f09e/ACCOMMODATION/143553167_ACCOMMODATION_1613307230869_3fe69d8d190c509a?_src=imagekit&tr=c-at_max,h-100,q-40,w-100","https://ik.imagekit.io/tvlk/ugc-review/guys1L+Yyer9kzI3sp-pb0CG1j2bhflZGFUZOoIf1YOBAm37kEUOKR41ieUZm7ZJ/ugc-photo-ap-southeast-1-581603780057-acd24e232f75f09e/ACCOMMODATION/143553167_ACCOMMODATION_1613307230869_7aeedd141cd21002?_src=imagekit&tr=c-at_max,h-100,q-40,w-100",,,,,,,,,,,,,,,,,,
https://www.traveloka.com/id-id/user/review/consumption/HOTEL/GENERAL/1000000530525,5,15,"hotel bersih, lokasi strategis, pelayanan bagus ramah. lahan parkir terbatas namun d bantu oleh pihak security yang sangat sigap dan ramah.",Diulas 276 minggu lalu,"https://ik.imagekit.io/tvlk/ugc-review/guys1L+Yyer9kzI3sp-pb0CG1j2bhflZGFUZOoIf1YOBAm37kEUOKR41ieUZm7ZJ/ugc-photo-ap-southeast-1-581603780057-acd24e232f75f09e/ACCOMMODATION/5935019_ACCOMMODATION_1611499943198_983262998a9bf6c8?_src=imagekit&tr=c-at_max,h-100,q-40,w-100","https://ik.imagekit.io/tvlk/ugc-review/guys1L+Yyer9kzI3sp-pb0CG1j2bhflZGFUZOoIf1YOBAm37kEUOKR41ieUZm7ZJ/ugc-photo-ap-southeast-1-581603780057-acd24e232f75f09e/ACCOMMODATION/5935019_ACCOMMODATION_1611499943198_1c22180981456d67?_src=imagekit&tr=c-at_max,h-100,q-40,w-100","https://ik.imagekit.io/tvlk/ugc-review/guys1L+Yyer9kzI3sp-pb0CG1j2bhflZGFUZOoIf1YOBAm37kEUOKR41ieUZm7ZJ/ugc-photo-ap-southeast-1-581603780057-acd24e232f75f09e/ACCOMMODATION/5935019_ACCOMMODATION_1611499943198_7b4b41eac353e705?_src=imagekit&tr=c-at_max,h-100,q-40,w-100","https://ik.imagekit.io/tvlk/ugc-review/guys1L+Yyer9kzI3sp-pb0CG1j2bhflZGFUZOoIf1YOBAm37kEUOKR41ieUZm7ZJ/ugc-photo-ap-southeast-1-581603780057-acd24e232f75f09e/ACCOMMODATION/5935019_ACCOMMODATION_1611499943198_72922afcd72a872b?_src=imagekit&tr=c-at_max,h-100,q-40,w-100",,,,,,,,,,,,,,,,
https://www.traveloka.com/id-id/user/review/consumption/HOTEL/GENERAL/1000000530525,5,16,"Secara umum, fasilitas kamar cukup baik dan tidak ada keluhan, selain itu, Lokasi hotel amat strategis dan dekat dengan berbagai macam destinasi wisata dan kuliner namun, ada dua hal yang cukup mengecewakan. 1. dinding dinilai tipis karena saya bisa mendengar suara dari kamar sebelah dengan jelas. 2. saat jam sibuk para tamu untuk naik turun lantai, lift yang disediakan hanya satu. Yang satu lagi dialihkan untuk petugas hotel. Hal ini menyebabkan penumpukan antrian dan membuang waktu, plus, kapasitas lift dibatasi karena physical distancing. meski demikian, Pelayanan hotel luar biasa. seluruh staf sangat ramah dan sangat membantu.",Diulas 278 minggu lalu,"https://ik.imagekit.io/tvlk/ugc-review/guys1L+Yyer9kzI3sp-pb0CG1j2bhflZGFUZOoIf1YOBAm37kEUOKR41ieUZm7ZJ/ugc-photo-ap-southeast-1-581603780057-acd24e232f75f09e/ACCOMMODATION/20964363_ACCOMMODATION_1610288093425_a8b0087cfd0bbdcf?_src=imagekit&tr=c-at_max,h-100,q-40,w-100",,,,,,,,,,,,,,,,,,,
https://www.traveloka.com/id-id/user/review/consumption/HOTEL/GENERAL/1000000530525,5,17,"Keluhan: keran air wastafel kecil-shower air panas kadang-kadang tidak panas-hari kedua air pernah berwarna hotel sebentar-handle pintu kamar mandi sebelah dalam rusak-AC berbau apek-di hari terakhir 29/12, Sendor asap bermasalah, sehingga enginar bolak-balik check padahal tidak ada apa-apa di kamar-jendela bisa terbuka, seharusnya tidak bisa ya demi keamanan karena di lantai 5 (floor. 7).",Diulas 279 minggu lalu,"https://ik.imagekit.io/tvlk/ugc-review/guys1L+Yyer9kzI3sp-pb0CG1j2bhflZGFUZOoIf1YOBAm37kEUOKR41ieUZm7ZJ/ugc-photo-ap-southeast-1-581603780057-acd24e232f75f09e/ACCOMMODATION/133149970_ACCOMMODATION_1609201627171_d20a4da6a785ee33?_src=imagekit&tr=c-at_max,h-100,q-40,w-100",,,,,,,,,,,,,,,,,,,
https://www.traveloka.com/id-id/user/review/consumption/HOTEL/GENERAL/1000000530525,5,18,"Hotel modern nyaman strategis, tinggal parkirnya saja yang jadi peri.",Diulas 279 minggu lalu,"https://ik.imagekit.io/tvlk/ugc-review/guys1L+Yyer9kzI3sp-pb0CG1j2bhflZGFUZOoIf1YOBAm37kEUOKR41ieUZm7ZJ/ugc-photo-ap-southeast-1-581603780057-acd24e232f75f09e/ACCOMMODATION/19066563_ACCOMMODATION_1609202897457_7be453b6caf525e4?_src=imagekit&tr=c-at_max,h-100,q-40,w-100","https://ik.imagekit.io/tvlk/ugc-review/guys1L+Yyer9kzI3sp-pb0CG1j2bhflZGFUZOoIf1YOBAm37kEUOKR41ieUZm7ZJ/ugc-photo-ap-southeast-1-581603780057-acd24e232f75f09e/ACCOMMODATION/19066563_ACCOMMODATION_1609202897457_2de31cb935f2efc2?_src=imagekit&tr=c-at_max,h-100,q-40,w-100","https://ik.imagekit.io/tvlk/ugc-review/guys1L+Yyer9kzI3sp-pb0CG1j2bhflZGFUZOoIf1YOBAm37kEUOKR41ieUZm7ZJ/ugc-photo-ap-southeast-1-581603780057-acd24e232f75f09e/ACCOMMODATION/19066563_ACCOMMODATION_1609202897457_6a8e48e99e53877d?_src=imagekit&tr=c-at_max,h-100,q-40,w-100",,,,,,,,,,,,,,,,,
https://www.traveloka.com/id-id/user/review/consumption/HOTEL/GENERAL/1000000530525,5,19,Ruangan kamar tidur tidak terlalu luas untuk ditambahi extra bed.,Diulas 282 minggu lalu,"https://ik.imagekit.io/tvlk/ugc-review/guys1L+Yyer9kzI3sp-pb0CG1j2bhflZGFUZOoIf1YOBAm37kEUOKR41ieUZm7ZJ/ugc-photo-ap-southeast-1-581603780057-acd24e232f75f09e/ACCOMMODATION/127852949_ACCOMMODATION_1607424825140_dd628eb65a0f4bb4?_src=imagekit&tr=c-at_max,h-100,q-40,w-100",,,,,,,,,,,,,,,,,,,
https://www.traveloka.com/id-id/user/review/consumption/HOTEL/GENERAL/1000000530525,5,20,"Kamar bersih, pelayanan oke, kamar mandi lumayan, makanan kurang rasa dan kurang variatif. so far nilai 7.",Diulas 283 minggu lalu,"https://ik.imagekit.io/tvlk/ugc-review/guys1L+Yyer9kzI3sp-pb0CG1j2bhflZGFUZOoIf1YOBAm37kEUOKR41ieUZm7ZJ/ugc-photo-ap-southeast-1-581603780057-acd24e232f75f09e/ACCOMMODATION/96740788_ACCOMMODATION_1607224378327_2f11a963e156c653?_src=imagekit&tr=c-at_max,h-100,q-40,w-100",,,,,,,,,,,,,,,,,,,
https://www.traveloka.com/id-id/user/review/consumption/HOTEL/GENERAL/1000000530525,6,1,"alhamdulillah smuanya ok banget nginap dihotel bro,bersih banget hotel ya,murmer harganya,walaw ga ada fasilitas tenang,it's ok tapi sejauh ini bagus kok pelayanannya,room yg kami dapat terbilang sangat kecil tapi msh cukup utk sholat dikamar,makanannya ok walaw diambilkan ma mba nya tapi Kita bisa request kok banyak tdknya,Dan makannanya enak enak,yang Saya suka Ada jamu kunyit Asam Dan empon empon,view yg Saya dapat dikamar sesuai request ,indah banget lautnya,pokoknya mantab,ac dingin ok dech smuanya,cuma kl Saya sarankan baiknya Ada lemari kecil utk kami taro tas,krn tempatnya sempit jadi bingung naro barangnya,kurang meka atau lemari pakaiannya,smoga next lbh ok lg dlm segala hal,thanks hotel neo 😉👍",Diulas 284 minggu lalu,"https://ik.imagekit.io/tvlk/ugc-review/guys1L+Yyer9kzI3sp-pb0CG1j2bhflZGFUZOoIf1YOBAm37kEUOKR41ieUZm7ZJ/ugc-photo-ap-southeast-1-581603780057-acd24e232f75f09e/ACCOMMODATION/3142810_ACCOMMODATION_1606641898884_038cf1d77852c06c?_src=imagekit&tr=c-at_max,h-100,q-40,w-100",,,,,,,,,,,,,,,,,,,
https://www.traveloka.com/id-id/user/review/consumption/HOTEL/GENERAL/1000000530525,6,2,"Viewnya bisa laut bisa gunung, keren banget. Enak buat dipake menginap bareng keluarga buttt sorry to say, makanan kurang enak. Selebihnya mantap.",Diulas 284 minggu lalu,"https://ik.imagekit.io/tvlk/ugc-review/guys1L+Yyer9kzI3sp-pb0CG1j2bhflZGFUZOoIf1YOBAm37kEUOKR41ieUZm7ZJ/ugc-photo-ap-southeast-1-581603780057-acd24e232f75f09e/ACCOMMODATION/182137635_ACCOMMODATION_1606472362742_16a5faf06c7d0529?_src=imagekit&tr=c-at_max,h-100,q-40,w-100",,,,,,,,,,,,,,,,,,,
https://www.traveloka.com/id-id/user/review/consumption/HOTEL/GENERAL/1000000530525,6,3,"Kamar tidurnya tidak cukup luas, tapi bersih dan sangat nyaman. Kamar mandi bersih, memiliki pengering rambut yang indah. Sepadan dengan harganya dan tempat yang direkomendasikan untuk menginap di Cirebon.",Diulas 288 minggu lalu,"https://ik.imagekit.io/tvlk/ugc-review/guys1L+Yyer9kzI3sp-pb0CG1j2bhflZGFUZOoIf1YOBAm37kEUOKR41ieUZm7ZJ/ugc-photo-ap-southeast-1-581603780057-acd24e232f75f09e/ACCOMMODATION/9290570_ACCOMMODATION_1604147438855_49dcaccea0e37b55?_src=imagekit&tr=c-at_max,h-100,q-40,w-100","https://ik.imagekit.io/tvlk/ugc-review/guys1L+Yyer9kzI3sp-pb0CG1j2bhflZGFUZOoIf1YOBAm37kEUOKR41ieUZm7ZJ/ugc-photo-ap-southeast-1-581603780057-acd24e232f75f09e/ACCOMMODATION/9290570_ACCOMMODATION_1604147438855_9389405d9648c31c?_src=imagekit&tr=c-at_max,h-100,q-40,w-100","https://ik.imagekit.io/tvlk/ugc-review/guys1L+Yyer9kzI3sp-pb0CG1j2bhflZGFUZOoIf1YOBAm37kEUOKR41ieUZm7ZJ/ugc-photo-ap-southeast-1-581603780057-acd24e232f75f09e/ACCOMMODATION/9290570_ACCOMMODATION_1604147438856_20075fbb53a8ecb6?_src=imagekit&tr=c-at_max,h-100,q-40,w-100","https://ik.imagekit.io/tvlk/ugc-review/guys1L+Yyer9kzI3sp-pb0CG1j2bhflZGFUZOoIf1YOBAm37kEUOKR41ieUZm7ZJ/ugc-photo-ap-southeast-1-581603780057-acd24e232f75f09e/ACCOMMODATION/9290570_ACCOMMODATION_1604147438856_8c439dd4eba13e8e?_src=imagekit&tr=c-at_max,h-100,q-40,w-100",,,,,,,,,,,,,,,,
https://www.traveloka.com/id-id/user/review/consumption/HOTEL/GENERAL/1000000530525,6,4,"Ini pengalaman pertama saya & suami menginap di hotel Neo tipe Orion Room. Untuk kebersihan kamar cukup baik, air panas di bathtub saat malam tidak terlalu panas, dan rasa makanan saat sarapan biasa sih menurut saya malah seperti kurang bumbu/ pas kalau menurut saya, semoga lebih baik lagi untuk nanti. Dan satu hal lagi, beberapa hari sebelumnya saya request kasurnya dihias katanya bisa untuk sekedar handuknya dibentuk tp pas saya datang ternyata tidak dihias. Mungkin lupa kali ya resepsionisnya haha. Ya lebih diperhatikan lagi utk k depannya. But overall saya senang menginap disini, dapat harga terjangkau untuk kamar dengan bathub + dining area. Thx Neo hotel.",Diulas 289 minggu lalu,"https://ik.imagekit.io/tvlk/ugc-review/guys1L+Yyer9kzI3sp-pb0CG1j2bhflZGFUZOoIf1YOBAm37kEUOKR41ieUZm7ZJ/ugc-photo-ap-southeast-1-581603780057-acd24e232f75f09e/ACCOMMODATION/17707338_ACCOMMODATION_1603631878391_977a248e3f0f8850?_src=imagekit&tr=c-at_max,h-100,q-40,w-100",,,,,,,,,,,,,,,,,,,
https://www.traveloka.com/id-id/user/review/consumption/HOTEL/GENERAL/1000000530525,6,5,Pelayanannya memuaskan. chefnya ramah makanannya enak. Salut karena menu buffetnya dilayani chefnya langsung. Tapi sayang room yang saya tempatin wing AC-nya rusak harus di ganjal kertas dulu. Viewnya oke banget selalu menghadap ke laut pantura. Overall recommended. Lain kali saya bakal kesini lagi kalau berkunjung ke Cirebon. Thank you neo hotel Cirebon by aston.,Diulas 289 minggu lalu,"https://ik.imagekit.io/tvlk/ugc-review/guys1L+Yyer9kzI3sp-pb0CG1j2bhflZGFUZOoIf1YOBAm37kEUOKR41ieUZm7ZJ/ugc-photo-ap-southeast-1-581603780057-acd24e232f75f09e/ACCOMMODATION/24039990_ACCOMMODATION_1603185825402_57b99bcb14bd4577?_src=imagekit&tr=c-at_max,h-100,q-40,w-100","https://ik.imagekit.io/tvlk/ugc-review/guys1L+Yyer9kzI3sp-pb0CG1j2bhflZGFUZOoIf1YOBAm37kEUOKR41ieUZm7ZJ/ugc-photo-ap-southeast-1-581603780057-acd24e232f75f09e/ACCOMMODATION/24039990_ACCOMMODATION_1603185855392_2da158ddae9bcff2?_src=imagekit&tr=c-at_max,h-100,q-40,w-100",,,,,,,,,,,,,,,,,,
https://www.traveloka.com/id-id/user/review/consumption/HOTEL/GENERAL/1000000530525,6,6,"Untuk price segitu cukup memuaskan. Cuma untuk handuknya terlalu kuat bau pemutihnya, lainnya sih oke lah.",Diulas 290 minggu lalu,"https://ik.imagekit.io/tvlk/ugc-review/guys1L+Yyer9kzI3sp-pb0CG1j2bhflZGFUZOoIf1YOBAm37kEUOKR41ieUZm7ZJ/ugc-photo-ap-southeast-1-581603780057-acd24e232f75f09e/ACCOMMODATION/117814020_ACCOMMODATION_1602896621222_ad9f6a83c5a487e3?_src=imagekit&tr=c-at_max,h-100,q-40,w-100",,,,,,,,,,,,,,,,,,,
https://www.traveloka.com/id-id/user/review/consumption/HOTEL/GENERAL/1000000530525,6,7,"Hotelnya keren. semua fasilitas oke. kebersihan oke. semua pegawainya ramah. apalagi di bagian resepsionis, Pokoknya lain waktu pasti hotel ini lagi yang jadi pilihan aku. Satu doang yang kurang, mini bar kurang dingin. tapi tidak masalah kok. Pokoknya neo is the best hotel?",Diulas 290 minggu lalu,"https://ik.imagekit.io/tvlk/ugc-review/guys1L+Yyer9kzI3sp-pb0CG1j2bhflZGFUZOoIf1YOBAm37kEUOKR41ieUZm7ZJ/ugc-photo-ap-southeast-1-581603780057-acd24e232f75f09e/ACCOMMODATION/177075884_ACCOMMODATION_1602842035447_577b384f7604a7ea?_src=imagekit&tr=c-at_max,h-100,q-40,w-100",,,,,,,,,,,,,,,,,,,
https://www.traveloka.com/id-id/user/review/consumption/HOTEL/GENERAL/1000000530525,6,8,"kedua'kaliny nginap disini, allhamdullilah selalu menyenangkan dr awal stafnya yg ramah dan profesional😊 hanya saja mgk lantai kamar mandi hrs diperhatikan dan lbh waspada bagi keluarga yg membawa anak balita dan manula karena lantainya agak licin shg mgk membahayakan, untuk sekat antara shower dan toilet terlalu jauh pembuangan airnya jd air menggenang disekitar toilet😔 terimakasih untuk neo dan traveloka, sukses selalu🙂😇",Diulas 290 minggu lalu,"https://ik.imagekit.io/tvlk/ugc-review/guys1L+Yyer9kzI3sp-pb0CG1j2bhflZGFUZOoIf1YOBAm37kEUOKR41ieUZm7ZJ/ugc-photo-ap-southeast-1-581603780057-acd24e232f75f09e/ACCOMMODATION/17749224_ACCOMMODATION_1602573697921_79dc47a00d19a122?_src=imagekit&tr=c-at_max,h-100,q-40,w-100","https://ik.imagekit.io/tvlk/ugc-review/guys1L+Yyer9kzI3sp-pb0CG1j2bhflZGFUZOoIf1YOBAm37kEUOKR41ieUZm7ZJ/ugc-photo-ap-southeast-1-581603780057-acd24e232f75f09e/ACCOMMODATION/17749224_ACCOMMODATION_1602573697922_c86cfec6789737f1?_src=imagekit&tr=c-at_max,h-100,q-40,w-100","https://ik.imagekit.io/tvlk/ugc-review/guys1L+Yyer9kzI3sp-pb0CG1j2bhflZGFUZOoIf1YOBAm37kEUOKR41ieUZm7ZJ/ugc-photo-ap-southeast-1-581603780057-acd24e232f75f09e/ACCOMMODATION/17749224_ACCOMMODATION_1602573697922_cee6fbb6187fd5bf?_src=imagekit&tr=c-at_max,h-100,q-40,w-100","https://ik.imagekit.io/tvlk/ugc-review/guys1L+Yyer9kzI3sp-pb0CG1j2bhflZGFUZOoIf1YOBAm37kEUOKR41ieUZm7ZJ/ugc-photo-ap-southeast-1-581603780057-acd24e232f75f09e/ACCOMMODATION/17749224_ACCOMMODATION_1602573697922_4d3af6227f46a525?_src=imagekit&tr=c-at_max,h-100,q-40,w-100",,,,,,,,,,,,,,,,
https://www.traveloka.com/id-id/user/review/consumption/HOTEL/GENERAL/1000000530525,6,9,"Memang hotelnya murah, tapi kamar mandi dan toiletnya tidak bersih, agak kusam sih. Dan saat sarapan yang melayani buffet cuma 1 orang, 1 orang bersih-sih meja. Padahal makanan tidak bisa ambil sendiri.",Diulas 292 minggu lalu,"https://ik.imagekit.io/tvlk/ugc-review/guys1L+Yyer9kzI3sp-pb0CG1j2bhflZGFUZOoIf1YOBAm37kEUOKR41ieUZm7ZJ/ugc-photo-ap-southeast-1-581603780057-acd24e232f75f09e/ACCOMMODATION/9904890_ACCOMMODATION_1601918465466_b456745121ec7f32?_src=imagekit&tr=c-at_max,h-100,q-40,w-100",,,,,,,,,,,,,,,,,,,
https://www.traveloka.com/id-id/user/review/consumption/HOTEL/GENERAL/1000000530525,6,10,"Udah 4x nginep disini.. aku pilih kamar yang non smoking , dan itu bersiiiiih bangeettt.. senyaman itu nginep disini.. so far gak ada yang bikin aku gak suka nginep disini ☺️😍 makanannya juga enaaak dan murah meriah 😁",Diulas 293 minggu lalu,"https://ik.imagekit.io/tvlk/ugc-review/guys1L+Yyer9kzI3sp-pb0CG1j2bhflZGFUZOoIf1YOBAm37kEUOKR41ieUZm7ZJ/ugc-photo-ap-southeast-1-581603780057-acd24e232f75f09e/ACCOMMODATION/72147039_ACCOMMODATION_1601299696166_d04b2469433ed958?_src=imagekit&tr=c-at_max,h-100,q-40,w-100",,,,,,,,,,,,,,,,,,,
https://www.traveloka.com/id-id/user/review/consumption/HOTEL/GENERAL/1000000530525,6,11,"Ini kesekian kali saya menginap di hotel neo, selalu dapat view laut. Kalau ke cirebon lagi bakal menginap disini lagi, seperti biasa. Hotelnya recommended, staffnya ramah, kamar bersih.",Diulas 294 minggu lalu,"https://ik.imagekit.io/tvlk/ugc-review/guys1L+Yyer9kzI3sp-pb0CG1j2bhflZGFUZOoIf1YOBAm37kEUOKR41ieUZm7ZJ/ugc-photo-ap-southeast-1-581603780057-acd24e232f75f09e/ACCOMMODATION/11498919_ACCOMMODATION_1600500826302_360ac826cc01d741?_src=imagekit&tr=c-at_max,h-100,q-40,w-100",,,,,,,,,,,,,,,,,,,
https://www.traveloka.com/id-id/user/review/consumption/HOTEL/GENERAL/1000000530525,6,12,"Hospitality memuaskan, bagi yang ingin menginap jauh dari hingar bingar kota pilihan yang tepat hotel yang selalu ramai sepertinya. Parkir memang terbatas tapi sepertinya aman karena security siaga 24 jam.",Diulas 294 minggu lalu,"https://ik.imagekit.io/tvlk/ugc-review/guys1L+Yyer9kzI3sp-pb0CG1j2bhflZGFUZOoIf1YOBAm37kEUOKR41ieUZm7ZJ/ugc-photo-ap-southeast-1-581603780057-acd24e232f75f09e/ACCOMMODATION/16322740_ACCOMMODATION_1600408394788_cdb881eb2277885b?_src=imagekit&tr=c-at_max,h-100,q-40,w-100","https://ik.imagekit.io/tvlk/ugc-review/guys1L+Yyer9kzI3sp-pb0CG1j2bhflZGFUZOoIf1YOBAm37kEUOKR41ieUZm7ZJ/ugc-photo-ap-southeast-1-581603780057-acd24e232f75f09e/ACCOMMODATION/16322740_ACCOMMODATION_1600408394788_c45532119d0520ac?_src=imagekit&tr=c-at_max,h-100,q-40,w-100","https://ik.imagekit.io/tvlk/ugc-review/guys1L+Yyer9kzI3sp-pb0CG1j2bhflZGFUZOoIf1YOBAm37kEUOKR41ieUZm7ZJ/ugc-photo-ap-southeast-1-581603780057-acd24e232f75f09e/ACCOMMODATION/16322740_ACCOMMODATION_1600408394789_8eea273109739cca?_src=imagekit&tr=c-at_max,h-100,q-40,w-100",,,,,,,,,,,,,,,,,
https://www.traveloka.com/id-id/user/review/consumption/HOTEL/GENERAL/1000000530525,6,13,"Terima kasih untuk semua tim hotel neo cirebon yang sudah membuat ulang tahun saya dan suami berkesan. Mulai dari proses check-in yang cepat dengan mbak alda, tim sekuriti yang responsif dan yang terpenting kamarnya bersih dan ramah anak, oke banget! Tingkatkan terus pelayanannya ya!",Diulas 294 minggu lalu,"https://ik.imagekit.io/tvlk/ugc-review/guys1L+Yyer9kzI3sp-pb0CG1j2bhflZGFUZOoIf1YOBAm37kEUOKR41ieUZm7ZJ/ugc-photo-ap-southeast-1-581603780057-acd24e232f75f09e/ACCOMMODATION/9944230_ACCOMMODATION_1600235496957_67beaa7e7c3661ef?_src=imagekit&tr=c-at_max,h-100,q-40,w-100",,,,,,,,,,,,,,,,,,,
https://www.traveloka.com/id-id/user/review/consumption/HOTEL/GENERAL/1000000530525,6,14,"Kedua kalinya menginap disini, nyaman banget, puas banget, kamarnya bersih, lengkap, semua staf ramah. Bakal selalu jadi langganan kalau ke Cirebon pokoknya!",Diulas 295 minggu lalu,"https://ik.imagekit.io/tvlk/ugc-review/guys1L+Yyer9kzI3sp-pb0CG1j2bhflZGFUZOoIf1YOBAm37kEUOKR41ieUZm7ZJ/ugc-photo-ap-southeast-1-581603780057-acd24e232f75f09e/ACCOMMODATION/66721418_ACCOMMODATION_1599875646238_3d4a51df0db079f4?_src=imagekit&tr=c-at_max,h-100,q-40,w-100","https://ik.imagekit.io/tvlk/ugc-review/guys1L+Yyer9kzI3sp-pb0CG1j2bhflZGFUZOoIf1YOBAm37kEUOKR41ieUZm7ZJ/ugc-photo-ap-southeast-1-581603780057-acd24e232f75f09e/ACCOMMODATION/66721418_ACCOMMODATION_1599875646239_968fd660aff9a020?_src=imagekit&tr=c-at_max,h-100,q-40,w-100",,,,,,,,,,,,,,,,,,
https://www.traveloka.com/id-id/user/review/consumption/HOTEL/GENERAL/1000000530525,6,15,Akomodasi ini letaknya cukup dekat dengan stasiun cirebon dan jalan. tuparev. Kamar dengan sea view sangat direkomendasikan bagi yang suka menikmati sore menjelang senja tanpa harus pergi ke pinggir pantai. Staf hotel melayani dengan baik sekali. Amenities hotel tidak disediakan sabun padat. hot waternya agak. Menunggu lama untuk menjadi hangat dan panas.,Diulas 296 minggu lalu,"https://ik.imagekit.io/tvlk/ugc-review/guys1L+Yyer9kzI3sp-pb0CG1j2bhflZGFUZOoIf1YOBAm37kEUOKR41ieUZm7ZJ/ugc-photo-ap-southeast-1-581603780057-acd24e232f75f09e/ACCOMMODATION/1414337_ACCOMMODATION_1599210656261_883fc57fd063157b?_src=imagekit&tr=c-at_max,h-100,q-40,w-100","https://ik.imagekit.io/tvlk/ugc-review/guys1L+Yyer9kzI3sp-pb0CG1j2bhflZGFUZOoIf1YOBAm37kEUOKR41ieUZm7ZJ/ugc-photo-ap-southeast-1-581603780057-acd24e232f75f09e/ACCOMMODATION/1414337_ACCOMMODATION_1599210656262_78fa11eb5b450a0a?_src=imagekit&tr=c-at_max,h-100,q-40,w-100","https://ik.imagekit.io/tvlk/ugc-review/guys1L+Yyer9kzI3sp-pb0CG1j2bhflZGFUZOoIf1YOBAm37kEUOKR41ieUZm7ZJ/ugc-photo-ap-southeast-1-581603780057-acd24e232f75f09e/ACCOMMODATION/1414337_ACCOMMODATION_1599210656262_b8920bae99fef45d?_src=imagekit&tr=c-at_max,h-100,q-40,w-100",,,,,,,,,,,,,,,,,
https://www.traveloka.com/id-id/user/review/consumption/HOTEL/GENERAL/1000000530525,6,16,"Sudah 2 kali menginap di sini, pelayanan bagus, check-in check-out cepat, kamar nyaman dan bersih. View laut kejawanan oke banget buat cuci mata di pagi dan sore hari. Recommended deh.",Diulas 297 minggu lalu,"https://ik.imagekit.io/tvlk/ugc-review/guys1L+Yyer9kzI3sp-pb0CG1j2bhflZGFUZOoIf1YOBAm37kEUOKR41ieUZm7ZJ/ugc-photo-ap-southeast-1-581603780057-acd24e232f75f09e/ACCOMMODATION/125420096_ACCOMMODATION_1598516108281_1410e8b86b97205e?_src=imagekit&tr=c-at_max,h-100,q-40,w-100","https://ik.imagekit.io/tvlk/ugc-review/guys1L+Yyer9kzI3sp-pb0CG1j2bhflZGFUZOoIf1YOBAm37kEUOKR41ieUZm7ZJ/ugc-photo-ap-southeast-1-581603780057-acd24e232f75f09e/ACCOMMODATION/125420096_ACCOMMODATION_1598516108281_f89262e2b72324c3?_src=imagekit&tr=c-at_max,h-100,q-40,w-100",,,,,,,,,,,,,,,,,,
https://www.traveloka.com/id-id/user/review/consumption/HOTEL/GENERAL/1000000530525,6,17,"Sarapan enak, fasilitas lumayan lengkap. Hanya kamarnya terlalu sempit kalau untuk keluarga tapi worth it sama harganya, terima kasih ya.",Diulas 298 minggu lalu,"https://ik.imagekit.io/tvlk/ugc-review/guys1L+Yyer9kzI3sp-pb0CG1j2bhflZGFUZOoIf1YOBAm37kEUOKR41ieUZm7ZJ/ugc-photo-ap-southeast-1-581603780057-acd24e232f75f09e/ACCOMMODATION/86694052_ACCOMMODATION_1598145103156_39c1f5506468801f?_src=imagekit&tr=c-at_max,h-100,q-40,w-100",,,,,,,,,,,,,,,,,,,
https://www.traveloka.com/id-id/user/review/consumption/HOTEL/GENERAL/1000000530525,6,18,"Hotel mudah ditemukan, lahan parkir sempit tapi bisa valet ya. Saya pesan 2 kamar dengan connecting door dan mendapatkan view ke gunung. Untuk staf ramah-ramah, kebersihan kamar oke, Tapi air di salah 1 kamar kecil alirannya, selain itu handuk bau apek sekali. Pelayanan hotel ini termasuk Situs Traveloka cleanstay tapi kenapa setiap tamu yang masuk tidak di cek suhu dan hand sanitizer disediakan tapi tidak diwajibkan dipaka? Harusnya ada staf yang menjaga untuk check-suhu dn memberikan handsanitizer setiap tamu yang masuk.",Diulas 298 minggu lalu,"https://ik.imagekit.io/tvlk/ugc-review/guys1L+Yyer9kzI3sp-pb0CG1j2bhflZGFUZOoIf1YOBAm37kEUOKR41ieUZm7ZJ/ugc-photo-ap-southeast-1-581603780057-acd24e232f75f09e/ACCOMMODATION/31175340_ACCOMMODATION_1598131938447_f8f58bec054c6413?_src=imagekit&tr=c-at_max,h-100,q-40,w-100","https://ik.imagekit.io/tvlk/ugc-review/guys1L+Yyer9kzI3sp-pb0CG1j2bhflZGFUZOoIf1YOBAm37kEUOKR41ieUZm7ZJ/ugc-photo-ap-southeast-1-581603780057-acd24e232f75f09e/ACCOMMODATION/31175340_ACCOMMODATION_1598131975255_24a1aa03de9d9886?_src=imagekit&tr=c-at_max,h-100,q-40,w-100",,,,,,,,,,,,,,,,,,
https://www.traveloka.com/id-id/user/review/consumption/HOTEL/GENERAL/1000000530525,6,19,"Bersih, nyaman fasilitas oke. Apalagi Hotel Neo dengan bijaknya memberikan program diskon untuk pelanggannya. Good dan recommended.",Diulas 298 minggu lalu,"https://ik.imagekit.io/tvlk/ugc-review/guys1L+Yyer9kzI3sp-pb0CG1j2bhflZGFUZOoIf1YOBAm37kEUOKR41ieUZm7ZJ/ugc-photo-ap-southeast-1-581603780057-acd24e232f75f09e/ACCOMMODATION/85107476_ACCOMMODATION_1597741620332_33f97f6c62ce404d?_src=imagekit&tr=c-at_max,h-100,q-40,w-100","https://ik.imagekit.io/tvlk/ugc-review/guys1L+Yyer9kzI3sp-pb0CG1j2bhflZGFUZOoIf1YOBAm37kEUOKR41ieUZm7ZJ/ugc-photo-ap-southeast-1-581603780057-acd24e232f75f09e/ACCOMMODATION/85107476_ACCOMMODATION_1597741620332_5a0c90a7f5bbb98a?_src=imagekit&tr=c-at_max,h-100,q-40,w-100",,,,,,,,,,,,,,,,,,
https://www.traveloka.com/id-id/user/review/consumption/HOTEL/GENERAL/1000000530525,6,20,"Staffnya ramah. security ny juga ramh meski kita pakai roda 2. kamar bersih. liftnya lucu, tp pas menginap berisik dari kamar seblah.",Diulas 299 minggu lalu,"https://ik.imagekit.io/tvlk/ugc-review/guys1L+Yyer9kzI3sp-pb0CG1j2bhflZGFUZOoIf1YOBAm37kEUOKR41ieUZm7ZJ/ugc-photo-ap-southeast-1-581603780057-acd24e232f75f09e/ACCOMMODATION/101536886_ACCOMMODATION_1597461494192_04690d9104e47b17?_src=imagekit&tr=c-at_max,h-100,q-40,w-100",,,,,,,,,,,,,,,,,,,
https://www.traveloka.com/id-id/user/review/consumption/HOTEL/GENERAL/1000000530525,7,1,"Kami check'in sudah hampir tengah malam karena memang kami ingin beristirahat kelelahan setelah perjalanan, staf resepsionisnya baik, Ramah kami melewati proses check'in dengan mudah dan cepat. kami dapat kamar dilantai 2, Awal buka pintu kamar suasana di dalam kamar sudah kami rasakan sepertinya tidak nyaman🤔🤭  Ternyata benar sebelum tidur anak saya melihat penampakan seorang wanita berambut panjang sedung berdiri didepan toilet dan saya saat tidur ditarik-ditarik dengan cakar kuka? Selebihnya semua bagus, kasurnya empuk dan besar, hanya saja kamarnya mungkin kurang terkena sinar matahari dari luar jadi agak lembab dan horor. Terima kasih Situs Traveloka dan neo yang sudah mempermudah kami dalam perjalanan😊😊",Diulas 299 minggu lalu,"https://ik.imagekit.io/tvlk/ugc-review/guys1L+Yyer9kzI3sp-pb0CG1j2bhflZGFUZOoIf1YOBAm37kEUOKR41ieUZm7ZJ/ugc-photo-ap-southeast-1-581603780057-acd24e232f75f09e/ACCOMMODATION/17749224_ACCOMMODATION_1597223665114_cd0f23dbacd17a4f?_src=imagekit&tr=c-at_max,h-100,q-40,w-100","https://ik.imagekit.io/tvlk/ugc-review/guys1L+Yyer9kzI3sp-pb0CG1j2bhflZGFUZOoIf1YOBAm37kEUOKR41ieUZm7ZJ/ugc-photo-ap-southeast-1-581603780057-acd24e232f75f09e/ACCOMMODATION/17749224_ACCOMMODATION_1597223665114_a88d017ebf52ed46?_src=imagekit&tr=c-at_max,h-100,q-40,w-100","https://ik.imagekit.io/tvlk/ugc-review/guys1L+Yyer9kzI3sp-pb0CG1j2bhflZGFUZOoIf1YOBAm37kEUOKR41ieUZm7ZJ/ugc-photo-ap-southeast-1-581603780057-acd24e232f75f09e/ACCOMMODATION/17749224_ACCOMMODATION_1597223665115_07e0eaa3003b1e3e?_src=imagekit&tr=c-at_max,h-100,q-40,w-100",,,,,,,,,,,,,,,,,
https://www.traveloka.com/id-id/user/review/consumption/HOTEL/GENERAL/1000000530525,7,2,"Puas banget menginap di hotel neo, dapat kamar dengan view laut plus sunrise. Kamar bersih. Sarapan enak.",Diulas 299 minggu lalu,"https://ik.imagekit.io/tvlk/ugc-review/guys1L+Yyer9kzI3sp-pb0CG1j2bhflZGFUZOoIf1YOBAm37kEUOKR41ieUZm7ZJ/ugc-photo-ap-southeast-1-581603780057-acd24e232f75f09e/ACCOMMODATION/3181241_ACCOMMODATION_1597148582824_539c564484d43618?_src=imagekit&tr=c-at_max,h-100,q-40,w-100",,,,,,,,,,,,,,,,,,,
https://www.traveloka.com/id-id/user/review/consumption/HOTEL/GENERAL/1000000530525,7,3,"Kebetulan dapat di lantai 6 dari kamar bisa melihat view laut sangat menyenangkan, dan pelayanan sangat baik, Apalagi petugas valet mobil sangat ramah dan baik.",Diulas 302 minggu lalu,"https://ik.imagekit.io/tvlk/ugc-review/guys1L+Yyer9kzI3sp-pb0CG1j2bhflZGFUZOoIf1YOBAm37kEUOKR41ieUZm7ZJ/ugc-photo-ap-southeast-1-581603780057-acd24e232f75f09e/ACCOMMODATION/18351131_ACCOMMODATION_1595910118527_cbad80eb2e512e35?_src=imagekit&tr=c-at_max,h-100,q-40,w-100",,,,,,,,,,,,,,,,,,,
https://www.traveloka.com/id-id/user/review/consumption/HOTEL/GENERAL/1000000530525,7,4,"Terletak di jalur pantura akses kemana-mana mudah, parkiran sempit, makan pagi enak.",Diulas 303 minggu lalu,"https://ik.imagekit.io/tvlk/ugc-review/guys1L+Yyer9kzI3sp-pb0CG1j2bhflZGFUZOoIf1YOBAm37kEUOKR41ieUZm7ZJ/ugc-photo-ap-southeast-1-581603780057-acd24e232f75f09e/ACCOMMODATION/11532910_ACCOMMODATION_1595137782439_5fa0cdc2dddd9d02?_src=imagekit&tr=c-at_max,h-100,q-40,w-100",,,,,,,,,,,,,,,,,,,
https://www.traveloka.com/id-id/user/review/consumption/HOTEL/GENERAL/1000000530525,7,5,"Petugas baik dan membantu, menu sarapan kurang variatif tapi sudah cukup. Jam setengah 9 makanan ada yang habis dan tidak diisi.",Diulas 304 minggu lalu,"https://ik.imagekit.io/tvlk/ugc-review/guys1L+Yyer9kzI3sp-pb0CG1j2bhflZGFUZOoIf1YOBAm37kEUOKR41ieUZm7ZJ/ugc-photo-ap-southeast-1-581603780057-acd24e232f75f09e/ACCOMMODATION/3345022_ACCOMMODATION_1594561091961_9d3ab5900a03ef2b?_src=imagekit&tr=c-at_max,h-100,q-40,w-100",,,,,,,,,,,,,,,,,,,
https://www.traveloka.com/id-id/user/review/consumption/HOTEL/GENERAL/1000000530525,7,6,"Menyenangkan menginap disini, dan karena kebetulan dapat kamar hotel yang viewnya keren banget, bisa melihat lautan dari kejauhan. Recommended banget hotelnya.",Diulas 305 minggu lalu,"https://ik.imagekit.io/tvlk/ugc-review/guys1L+Yyer9kzI3sp-pb0CG1j2bhflZGFUZOoIf1YOBAm37kEUOKR41ieUZm7ZJ/ugc-photo-ap-southeast-1-581603780057-acd24e232f75f09e/ACCOMMODATION/0_ACCOMMODATION_1593997207675_e9f35a905a5642b9?_src=imagekit&tr=c-at_max,h-100,q-40,w-100",,,,,,,,,,,,,,,,,,,
https://www.traveloka.com/id-id/user/review/consumption/HOTEL/GENERAL/1000000530525,7,7,Harga murah bersih ramah lokasi nyaman,Diulas 307 minggu lalu,"https://ik.imagekit.io/tvlk/ugc-review/guys1L+Yyer9kzI3sp-pb0CG1j2bhflZGFUZOoIf1YOBAm37kEUOKR41ieUZm7ZJ/ugc-photo-ap-southeast-1-581603780057-acd24e232f75f09e/ACCOMMODATION/11607656_ACCOMMODATION_1592703295177_26362e421f31ae29?_src=imagekit&tr=c-at_max,h-100,q-40,w-100",,,,,,,,,,,,,,,,,,,
https://www.traveloka.com/id-id/user/review/consumption/HOTEL/GENERAL/1000000530525,7,8,Bersih murah ramah lokasi nyaman,Diulas 307 minggu lalu,"https://ik.imagekit.io/tvlk/ugc-review/guys1L+Yyer9kzI3sp-pb0CG1j2bhflZGFUZOoIf1YOBAm37kEUOKR41ieUZm7ZJ/ugc-photo-ap-southeast-1-581603780057-acd24e232f75f09e/ACCOMMODATION/11607656_ACCOMMODATION_1592703215488_fbd898e336b8d0f0?_src=imagekit&tr=c-at_max,h-100,q-40,w-100",,,,,,,,,,,,,,,,,,,
https://www.traveloka.com/id-id/user/review/consumption/HOTEL/GENERAL/1000000530525,7,9,"sangat ramah untuk layanan dan sangat nyaman tinggal di sana, kamarnya sangat bersih dan rapi selamat tinggal di sana️",Diulas 309 minggu lalu,"https://ik.imagekit.io/tvlk/ugc-review/guys1L+Yyer9kzI3sp-pb0CG1j2bhflZGFUZOoIf1YOBAm37kEUOKR41ieUZm7ZJ/ugc-photo-ap-southeast-1-581603780057-acd24e232f75f09e/ACCOMMODATION/171017127_ACCOMMODATION_1591491488360_c624c595a4c7ed30?_src=imagekit&tr=c-at_max,h-100,q-40,w-100","https://ik.imagekit.io/tvlk/ugc-review/guys1L+Yyer9kzI3sp-pb0CG1j2bhflZGFUZOoIf1YOBAm37kEUOKR41ieUZm7ZJ/ugc-photo-ap-southeast-1-581603780057-acd24e232f75f09e/ACCOMMODATION/171017127_ACCOMMODATION_1591491488360_a97490281c38a27a?_src=imagekit&tr=c-at_max,h-100,q-40,w-100","https://ik.imagekit.io/tvlk/ugc-review/guys1L+Yyer9kzI3sp-pb0CG1j2bhflZGFUZOoIf1YOBAm37kEUOKR41ieUZm7ZJ/ugc-photo-ap-southeast-1-581603780057-acd24e232f75f09e/ACCOMMODATION/171017127_ACCOMMODATION_1591491665708_139d699b81254cbb?_src=imagekit&tr=c-at_max,h-100,q-40,w-100","https://ik.imagekit.io/tvlk/ugc-review/guys1L+Yyer9kzI3sp-pb0CG1j2bhflZGFUZOoIf1YOBAm37kEUOKR41ieUZm7ZJ/ugc-photo-ap-southeast-1-581603780057-acd24e232f75f09e/ACCOMMODATION/171017127_ACCOMMODATION_1591491665708_cbd10f91a701d0c3?_src=imagekit&tr=c-at_max,h-100,q-40,w-100","https://ik.imagekit.io/tvlk/ugc-review/guys1L+Yyer9kzI3sp-pb0CG1j2bhflZGFUZOoIf1YOBAm37kEUOKR41ieUZm7ZJ/ugc-photo-ap-southeast-1-581603780057-acd24e232f75f09e/ACCOMMODATION/171017127_ACCOMMODATION_1591491665709_0caae73e10870aac?_src=imagekit&tr=c-at_max,h-100,q-40,w-100",,,,,,,,,,,,,,,
https://www.traveloka.com/id-id/user/review/consumption/HOTEL/GENERAL/1000000530525,7,10,"Menginap yang menyenangkan kamarnya nyaman, sprainya wangi, pelayanannya juga bagus, karyawan hotel yang ramah-ramah.",Diulas 317 minggu lalu,"https://ik.imagekit.io/tvlk/ugc-review/guys1L+Yyer9kzI3sp-pb0CG1j2bhflZGFUZOoIf1YOBAm37kEUOKR41ieUZm7ZJ/ugc-photo-ap-southeast-1-581603780057-acd24e232f75f09e/ACCOMMODATION/70290875_ACCOMMODATION_1586266117853_9b565144b30bca42?_src=imagekit&tr=c-at_max,h-100,q-40,w-100",,,,,,,,,,,,,,,,,,,
https://www.traveloka.com/id-id/user/review/consumption/HOTEL/GENERAL/1000000530525,7,11,Bersih dan nyaman sesuai dengan harganya.,Diulas 319 minggu lalu,"https://ik.imagekit.io/tvlk/ugc-review/guys1L+Yyer9kzI3sp-pb0CG1j2bhflZGFUZOoIf1YOBAm37kEUOKR41ieUZm7ZJ/ugc-photo-ap-southeast-1-581603780057-acd24e232f75f09e/ACCOMMODATION/4636969_ACCOMMODATION_1585614993600_f74c63d7b36c6a2d?_src=imagekit&tr=c-at_max,h-100,q-40,w-100","https://ik.imagekit.io/tvlk/ugc-review/guys1L+Yyer9kzI3sp-pb0CG1j2bhflZGFUZOoIf1YOBAm37kEUOKR41ieUZm7ZJ/ugc-photo-ap-southeast-1-581603780057-acd24e232f75f09e/ACCOMMODATION/4636969_ACCOMMODATION_1585614993600_7dbfd07337c574e3?_src=imagekit&tr=c-at_max,h-100,q-40,w-100","https://ik.imagekit.io/tvlk/ugc-review/guys1L+Yyer9kzI3sp-pb0CG1j2bhflZGFUZOoIf1YOBAm37kEUOKR41ieUZm7ZJ/ugc-photo-ap-southeast-1-581603780057-acd24e232f75f09e/ACCOMMODATION/4636969_ACCOMMODATION_1585614993601_dbe810d7b4575a20?_src=imagekit&tr=c-at_max,h-100,q-40,w-100","https://ik.imagekit.io/tvlk/ugc-review/guys1L+Yyer9kzI3sp-pb0CG1j2bhflZGFUZOoIf1YOBAm37kEUOKR41ieUZm7ZJ/ugc-photo-ap-southeast-1-581603780057-acd24e232f75f09e/ACCOMMODATION/4636969_ACCOMMODATION_1585614993601_6f3cb574ad937db8?_src=imagekit&tr=c-at_max,h-100,q-40,w-100",,,,,,,,,,,,,,,,
https://www.traveloka.com/id-id/user/review/consumption/HOTEL/GENERAL/1000000530525,7,12,"Untuk harga yang dibayarkan hotel ini pilihan bijak dan tepat. Wifi kencang di smua area hotel termasuk lobby, restaurant bawah juga tidak terputus, tetap nyala. Sayangnya tempat parkir kecil harus tinggal kan kunci namun satpam cepat singgap memberi kunci jadi tidak ada masalah buat saya pribadi. Sarapan standart sesuai harga, kacang hijaunya enak dan masih panas, makanan di room service harga murah rasanya lumayan, nasi ayam cabe garam gurih dan cukup pedas dan nasi gorengnya ada sate ayam, enak, biasanya di hotel saya grabfood dan grabfood. Karna mahal, disini saya berani makan dengan hati tenang. Keseluruhan puas dan akan datang lagi.",Diulas 320 minggu lalu,"https://ik.imagekit.io/tvlk/ugc-review/guys1L+Yyer9kzI3sp-pb0CG1j2bhflZGFUZOoIf1YOBAm37kEUOKR41ieUZm7ZJ/ugc-photo-ap-southeast-1-581603780057-acd24e232f75f09e/ACCOMMODATION/11691446_ACCOMMODATION_1584750297313_a976cd725654b64b?_src=imagekit&tr=c-at_max,h-100,q-40,w-100",,,,,,,,,,,,,,,,,,,
https://www.traveloka.com/id-id/user/review/consumption/HOTEL/GENERAL/1000000530525,7,13,"Karena dua hari sebelumnya sudah menginap disini, dan masih ingin di cirebon jadi menginapnya diperpanjang lagi disini",Diulas 322 minggu lalu,"https://ik.imagekit.io/tvlk/ugc-review/guys1L+Yyer9kzI3sp-pb0CG1j2bhflZGFUZOoIf1YOBAm37kEUOKR41ieUZm7ZJ/ugc-photo-ap-southeast-1-581603780057-acd24e232f75f09e/ACCOMMODATION/20054095_ACCOMMODATION_1583460447007_fe5a257b53703be0?_src=imagekit&tr=c-at_max,h-100,q-40,w-100",,,,,,,,,,,,,,,,,,,
https://www.traveloka.com/id-id/user/review/consumption/HOTEL/GENERAL/1000000530525,7,14,"Staf ramah, kamar bersih, makanan lumayan rasanya, tapi satu kekurangannya AC di kamar bocor☹️. Sudah dibenerin sama teknisi tapi masih bocor.",Diulas 324 minggu lalu,"https://ik.imagekit.io/tvlk/ugc-review/guys1L+Yyer9kzI3sp-pb0CG1j2bhflZGFUZOoIf1YOBAm37kEUOKR41ieUZm7ZJ/ugc-photo-ap-southeast-1-581603780057-acd24e232f75f09e/ACCOMMODATION/20054095_ACCOMMODATION_1582521529691_29b134d498bbd790?_src=imagekit&tr=c-at_max,h-100,q-40,w-100",,,,,,,,,,,,,,,,,,,
https://www.traveloka.com/id-id/user/review/consumption/HOTEL/GENERAL/1000000530525,7,15,"AC-nya keluar air banyak, lantainya becek. jadi saya matikan saja.",Diulas 325 minggu lalu,"https://ik.imagekit.io/tvlk/ugc-review/guys1L+Yyer9kzI3sp-pb0CG1j2bhflZGFUZOoIf1YOBAm37kEUOKR41ieUZm7ZJ/ugc-photo-ap-southeast-1-581603780057-acd24e232f75f09e/ACCOMMODATION/11889164_ACCOMMODATION_1581951418106_6875409977063781?_src=imagekit&tr=c-at_max,h-100,q-40,w-100",,,,,,,,,,,,,,,,,,,
https://www.traveloka.com/id-id/user/review/consumption/HOTEL/GENERAL/1000000530525,7,16,"Kamar bersih, pelayanannya ramah, makanan lumayan variatif dengan harga yang termasuk ekonomis.",Diulas 325 minggu lalu,"https://ik.imagekit.io/tvlk/ugc-review/guys1L+Yyer9kzI3sp-pb0CG1j2bhflZGFUZOoIf1YOBAm37kEUOKR41ieUZm7ZJ/ugc-photo-ap-southeast-1-581603780057-acd24e232f75f09e/ACCOMMODATION/13573916_ACCOMMODATION_1581684708799_90b8ca90211af5db?_src=imagekit&tr=c-at_max,h-100,q-40,w-100","https://ik.imagekit.io/tvlk/ugc-review/guys1L+Yyer9kzI3sp-pb0CG1j2bhflZGFUZOoIf1YOBAm37kEUOKR41ieUZm7ZJ/ugc-photo-ap-southeast-1-581603780057-acd24e232f75f09e/ACCOMMODATION/13573916_ACCOMMODATION_1581684735397_012718469e5ed1b7?_src=imagekit&tr=c-at_max,h-100,q-40,w-100",,,,,,,,,,,,,,,,,,
https://www.traveloka.com/id-id/user/review/consumption/HOTEL/GENERAL/1000000530525,7,17,"Pengalaman yang sangat bagus untuk perjalanan bisnis satu hari. Yang membuat saya takjub adalah bahwa mereka menyediakan pengering rambut di dalam kamar mandi, yang jarang untuk hotel jenis ini. Dikelola dengan baik, Aston. Hal-hal lain juga berfungsi dengan baik, wifi kecepatan tinggi, ac keren, kamar bersih. Pasti akan kembali.",Diulas 325 minggu lalu,"https://ik.imagekit.io/tvlk/ugc-review/guys1L+Yyer9kzI3sp-pb0CG1j2bhflZGFUZOoIf1YOBAm37kEUOKR41ieUZm7ZJ/ugc-photo-ap-southeast-1-581603780057-acd24e232f75f09e/ACCOMMODATION/3746455_ACCOMMODATION_1581654520112_708d27417bb32450?_src=imagekit&tr=c-at_max,h-100,q-40,w-100","https://ik.imagekit.io/tvlk/ugc-review/guys1L+Yyer9kzI3sp-pb0CG1j2bhflZGFUZOoIf1YOBAm37kEUOKR41ieUZm7ZJ/ugc-photo-ap-southeast-1-581603780057-acd24e232f75f09e/ACCOMMODATION/3746455_ACCOMMODATION_1581654546189_63b160fe66a80e10?_src=imagekit&tr=c-at_max,h-100,q-40,w-100",,,,,,,,,,,,,,,,,,
https://www.traveloka.com/id-id/user/review/consumption/HOTEL/GENERAL/1000000530525,7,18,Selalu puas dan menyenangkan untuk menginap disini. Sudah bagaikan rumah ke 2 jika ke Cirebon.,Diulas 325 minggu lalu,"https://ik.imagekit.io/tvlk/ugc-review/guys1L+Yyer9kzI3sp-pb0CG1j2bhflZGFUZOoIf1YOBAm37kEUOKR41ieUZm7ZJ/ugc-photo-ap-southeast-1-581603780057-acd24e232f75f09e/ACCOMMODATION/14839201_ACCOMMODATION_1581473862846_c586c0a2c070707c?_src=imagekit&tr=c-at_max,h-100,q-40,w-100","https://ik.imagekit.io/tvlk/ugc-review/guys1L+Yyer9kzI3sp-pb0CG1j2bhflZGFUZOoIf1YOBAm37kEUOKR41ieUZm7ZJ/ugc-photo-ap-southeast-1-581603780057-acd24e232f75f09e/ACCOMMODATION/14839201_ACCOMMODATION_1581473862846_c31b990e24272a46?_src=imagekit&tr=c-at_max,h-100,q-40,w-100","https://ik.imagekit.io/tvlk/ugc-review/guys1L+Yyer9kzI3sp-pb0CG1j2bhflZGFUZOoIf1YOBAm37kEUOKR41ieUZm7ZJ/ugc-photo-ap-southeast-1-581603780057-acd24e232f75f09e/ACCOMMODATION/14839201_ACCOMMODATION_1581473862847_8fa70afc1b6aa0a4?_src=imagekit&tr=c-at_max,h-100,q-40,w-100",,,,,,,,,,,,,,,,,
https://www.traveloka.com/id-id/user/review/consumption/HOTEL/GENERAL/1000000530525,7,19,Menginap singkat yang menyenangkan di NEO Hotel. Mereka menyediakan layanan antar jemput gratis di stasiun kereta api 👍🏻👍🏻,Diulas 327 minggu lalu,"https://ik.imagekit.io/tvlk/ugc-review/guys1L+Yyer9kzI3sp-pb0CG1j2bhflZGFUZOoIf1YOBAm37kEUOKR41ieUZm7ZJ/ugc-photo-ap-southeast-1-581603780057-acd24e232f75f09e/ACCOMMODATION/22131264_ACCOMMODATION_1580608022137_b5c6586ce9990a84?_src=imagekit&tr=c-at_max,h-100,q-40,w-100","https://ik.imagekit.io/tvlk/ugc-review/guys1L+Yyer9kzI3sp-pb0CG1j2bhflZGFUZOoIf1YOBAm37kEUOKR41ieUZm7ZJ/ugc-photo-ap-southeast-1-581603780057-acd24e232f75f09e/ACCOMMODATION/22131264_ACCOMMODATION_1580608022137_0a2abc62be3dc0cf?_src=imagekit&tr=c-at_max,h-100,q-40,w-100",,,,,,,,,,,,,,,,,,
https://www.traveloka.com/id-id/user/review/consumption/HOTEL/GENERAL/1000000530525,7,20,"Selalu menyenangkan dan nyaman untuk menginap disini, Kamar memang agak sempit tetapi paling terbaik bantal empuk panjang dan ada tambahan bantal buat di jadikan guling, Aer maklum tidak ada guling agak susah tidur. AC agak kurang dingin semoga bisa ditingkatkan di sisi maintenancenya.",Diulas 327 minggu lalu,"https://ik.imagekit.io/tvlk/ugc-review/guys1L+Yyer9kzI3sp-pb0CG1j2bhflZGFUZOoIf1YOBAm37kEUOKR41ieUZm7ZJ/ugc-photo-ap-southeast-1-581603780057-acd24e232f75f09e/ACCOMMODATION/14839201_ACCOMMODATION_1580455078338_bb07d1cd3af1fcc0?_src=imagekit&tr=c-at_max,h-100,q-40,w-100","https://ik.imagekit.io/tvlk/ugc-review/guys1L+Yyer9kzI3sp-pb0CG1j2bhflZGFUZOoIf1YOBAm37kEUOKR41ieUZm7ZJ/ugc-photo-ap-southeast-1-581603780057-acd24e232f75f09e/ACCOMMODATION/14839201_ACCOMMODATION_1580455078339_e5cbe7fc50777452?_src=imagekit&tr=c-at_max,h-100,q-40,w-100","https://ik.imagekit.io/tvlk/ugc-review/guys1L+Yyer9kzI3sp-pb0CG1j2bhflZGFUZOoIf1YOBAm37kEUOKR41ieUZm7ZJ/ugc-photo-ap-southeast-1-581603780057-acd24e232f75f09e/ACCOMMODATION/14839201_ACCOMMODATION_1580455078339_42a47459d63147b7?_src=imagekit&tr=c-at_max,h-100,q-40,w-100",,,,,,,,,,,,,,,,,
https://www.traveloka.com/id-id/user/review/consumption/HOTEL/GENERAL/1000000530525,8,1,"Tempat bersih dan nyaman, makanan dan minumannya enak, staf dan security-nya ramah.",Diulas 328 minggu lalu,"https://ik.imagekit.io/tvlk/ugc-review/guys1L+Yyer9kzI3sp-pb0CG1j2bhflZGFUZOoIf1YOBAm37kEUOKR41ieUZm7ZJ/ugc-photo-ap-southeast-1-581603780057-acd24e232f75f09e/ACCOMMODATION/22320933_ACCOMMODATION_1580010769718_59bea361384dee39?_src=imagekit&tr=c-at_max,h-100,q-40,w-100","https://ik.imagekit.io/tvlk/ugc-review/guys1L+Yyer9kzI3sp-pb0CG1j2bhflZGFUZOoIf1YOBAm37kEUOKR41ieUZm7ZJ/ugc-photo-ap-southeast-1-581603780057-acd24e232f75f09e/ACCOMMODATION/22320933_ACCOMMODATION_1580010769718_746a45771cee5664?_src=imagekit&tr=c-at_max,h-100,q-40,w-100","https://ik.imagekit.io/tvlk/ugc-review/guys1L+Yyer9kzI3sp-pb0CG1j2bhflZGFUZOoIf1YOBAm37kEUOKR41ieUZm7ZJ/ugc-photo-ap-southeast-1-581603780057-acd24e232f75f09e/ACCOMMODATION/22320933_ACCOMMODATION_1580010769718_ddc17ab937dd209a?_src=imagekit&tr=c-at_max,h-100,q-40,w-100",,,,,,,,,,,,,,,,,
https://www.traveloka.com/id-id/user/review/consumption/HOTEL/GENERAL/1000000530525,8,2,"Tempat bagus, rapi, bersih. staf-staf hotel ramah-ramah baik-baik. terima kasih. Hotelnya unik.",Diulas 330 minggu lalu,"https://ik.imagekit.io/tvlk/ugc-review/guys1L+Yyer9kzI3sp-pb0CG1j2bhflZGFUZOoIf1YOBAm37kEUOKR41ieUZm7ZJ/ugc-photo-ap-southeast-1-581603780057-acd24e232f75f09e/ACCOMMODATION/88838508_ACCOMMODATION_1578728392586_99aaed9b922118ce?_src=imagekit&tr=c-at_max,h-100,q-40,w-100","https://ik.imagekit.io/tvlk/ugc-review/guys1L+Yyer9kzI3sp-pb0CG1j2bhflZGFUZOoIf1YOBAm37kEUOKR41ieUZm7ZJ/ugc-photo-ap-southeast-1-581603780057-acd24e232f75f09e/ACCOMMODATION/88838508_ACCOMMODATION_1578728392587_204392e7e01a6f36?_src=imagekit&tr=c-at_max,h-100,q-40,w-100","https://ik.imagekit.io/tvlk/ugc-review/guys1L+Yyer9kzI3sp-pb0CG1j2bhflZGFUZOoIf1YOBAm37kEUOKR41ieUZm7ZJ/ugc-photo-ap-southeast-1-581603780057-acd24e232f75f09e/ACCOMMODATION/88838508_ACCOMMODATION_1578728392587_61a8fab44972d172?_src=imagekit&tr=c-at_max,h-100,q-40,w-100","https://ik.imagekit.io/tvlk/ugc-review/guys1L+Yyer9kzI3sp-pb0CG1j2bhflZGFUZOoIf1YOBAm37kEUOKR41ieUZm7ZJ/ugc-photo-ap-southeast-1-581603780057-acd24e232f75f09e/ACCOMMODATION/88838508_ACCOMMODATION_1578728392587_e90935378ea90e9f?_src=imagekit&tr=c-at_max,h-100,q-40,w-100","https://ik.imagekit.io/tvlk/ugc-review/guys1L+Yyer9kzI3sp-pb0CG1j2bhflZGFUZOoIf1YOBAm37kEUOKR41ieUZm7ZJ/ugc-photo-ap-southeast-1-581603780057-acd24e232f75f09e/ACCOMMODATION/88838508_ACCOMMODATION_1578728392588_8eebf52accb9e2a7?_src=imagekit&tr=c-at_max,h-100,q-40,w-100",,,,,,,,,,,,,,,
https://www.traveloka.com/id-id/user/review/consumption/HOTEL/GENERAL/1000000530525,8,3,"Kamar cukup luas. Kamar mandi bersih. pas buka jendela, auto hadap laut. Kebetulan saya menginap di kamar 310.",Diulas 330 minggu lalu,"https://ik.imagekit.io/tvlk/ugc-review/guys1L+Yyer9kzI3sp-pb0CG1j2bhflZGFUZOoIf1YOBAm37kEUOKR41ieUZm7ZJ/ugc-photo-ap-southeast-1-581603780057-acd24e232f75f09e/ACCOMMODATION/55792107_ACCOMMODATION_1578455447247_e9216e578f36eb3c?_src=imagekit&tr=c-at_max,h-100,q-40,w-100",,,,,,,,,,,,,,,,,,,
https://www.traveloka.com/id-id/user/review/consumption/HOTEL/GENERAL/1000000530525,8,4,"Menyenangkan. Karyawannya ramah-ramah, mulai dari security pokoknya TO.",Diulas 332 minggu lalu,"https://ik.imagekit.io/tvlk/ugc-review/guys1L+Yyer9kzI3sp-pb0CG1j2bhflZGFUZOoIf1YOBAm37kEUOKR41ieUZm7ZJ/ugc-photo-ap-southeast-1-581603780057-acd24e232f75f09e/ACCOMMODATION/17969610_ACCOMMODATION_1577450566885_28137d85302da0a8?_src=imagekit&tr=c-at_max,h-100,q-40,w-100",,,,,,,,,,,,,,,,,,,
https://www.traveloka.com/id-id/user/review/consumption/HOTEL/GENERAL/1000000530525,8,5,"kebersihan, lokasi makanan, dan kenyamanan tidak apa-apa",Diulas 332 minggu lalu,"https://ik.imagekit.io/tvlk/ugc-review/guys1L+Yyer9kzI3sp-pb0CG1j2bhflZGFUZOoIf1YOBAm37kEUOKR41ieUZm7ZJ/ugc-photo-ap-southeast-1-581603780057-acd24e232f75f09e/ACCOMMODATION/19141753_ACCOMMODATION_1577285841918_54a14f0b6ad07a03?_src=imagekit&tr=c-at_max,h-100,q-40,w-100",,,,,,,,,,,,,,,,,,,
https://www.traveloka.com/id-id/user/review/consumption/HOTEL/GENERAL/1000000530525,8,6,Yang selalu kami sukai saat menginap di Neo adalah kamar yang bersih dan makanan di restoran yang luar biasa.,Diulas 332 minggu lalu,"https://ik.imagekit.io/tvlk/ugc-review/guys1L+Yyer9kzI3sp-pb0CG1j2bhflZGFUZOoIf1YOBAm37kEUOKR41ieUZm7ZJ/ugc-photo-ap-southeast-1-581603780057-acd24e232f75f09e/ACCOMMODATION/8704161_ACCOMMODATION_1577232473277_5370d3318d94cf41?_src=imagekit&tr=c-at_max,h-100,q-40,w-100","https://ik.imagekit.io/tvlk/ugc-review/guys1L+Yyer9kzI3sp-pb0CG1j2bhflZGFUZOoIf1YOBAm37kEUOKR41ieUZm7ZJ/ugc-photo-ap-southeast-1-581603780057-acd24e232f75f09e/ACCOMMODATION/8704161_ACCOMMODATION_1577232473277_a99216e0ef5470b6?_src=imagekit&tr=c-at_max,h-100,q-40,w-100","https://ik.imagekit.io/tvlk/ugc-review/guys1L+Yyer9kzI3sp-pb0CG1j2bhflZGFUZOoIf1YOBAm37kEUOKR41ieUZm7ZJ/ugc-photo-ap-southeast-1-581603780057-acd24e232f75f09e/ACCOMMODATION/8704161_ACCOMMODATION_1577232473277_976b4d1632336079?_src=imagekit&tr=c-at_max,h-100,q-40,w-100",,,,,,,,,,,,,,,,,
https://www.traveloka.com/id-id/user/review/consumption/HOTEL/GENERAL/1000000530525,8,7,"Hotelnya bersih, nyaman, staffnya ramah pokoknya homey banget. Next bakalan pilih buat menginap disini lagi kalau di Cirebon",Diulas 334 minggu lalu,"https://ik.imagekit.io/tvlk/ugc-review/guys1L+Yyer9kzI3sp-pb0CG1j2bhflZGFUZOoIf1YOBAm37kEUOKR41ieUZm7ZJ/ugc-photo-ap-southeast-1-581603780057-acd24e232f75f09e/ACCOMMODATION/19593842_ACCOMMODATION_1576332112609_6b729ad3cca35ae5?_src=imagekit&tr=c-at_max,h-100,q-40,w-100",,,,,,,,,,,,,,,,,,,
https://www.traveloka.com/id-id/user/review/consumption/HOTEL/GENERAL/1000000530525,8,8,"Menyenangkan untuk pertama kalinya menginap disini, staf ramah, kamar bersih, AC dingin. Kendala AC bocor langsung sigap diperbaiki, cuma kamar kurang kedap suara, air shower berbau cukup lama saat dinyalakan. But overall sangat menyenangkan dan bakalan restay lagi.",Diulas 334 minggu lalu,"https://ik.imagekit.io/tvlk/ugc-review/guys1L+Yyer9kzI3sp-pb0CG1j2bhflZGFUZOoIf1YOBAm37kEUOKR41ieUZm7ZJ/ugc-photo-ap-southeast-1-581603780057-acd24e232f75f09e/ACCOMMODATION/14839201_ACCOMMODATION_1575969597179_211b289e32c95701?_src=imagekit&tr=c-at_max,h-100,q-40,w-100","https://ik.imagekit.io/tvlk/ugc-review/guys1L+Yyer9kzI3sp-pb0CG1j2bhflZGFUZOoIf1YOBAm37kEUOKR41ieUZm7ZJ/ugc-photo-ap-southeast-1-581603780057-acd24e232f75f09e/ACCOMMODATION/14839201_ACCOMMODATION_1575969597179_27b02dede1fd6a2c?_src=imagekit&tr=c-at_max,h-100,q-40,w-100","https://ik.imagekit.io/tvlk/ugc-review/guys1L+Yyer9kzI3sp-pb0CG1j2bhflZGFUZOoIf1YOBAm37kEUOKR41ieUZm7ZJ/ugc-photo-ap-southeast-1-581603780057-acd24e232f75f09e/ACCOMMODATION/14839201_ACCOMMODATION_1575969597180_0211caa2f00a25ec?_src=imagekit&tr=c-at_max,h-100,q-40,w-100","https://ik.imagekit.io/tvlk/ugc-review/guys1L+Yyer9kzI3sp-pb0CG1j2bhflZGFUZOoIf1YOBAm37kEUOKR41ieUZm7ZJ/ugc-photo-ap-southeast-1-581603780057-acd24e232f75f09e/ACCOMMODATION/14839201_ACCOMMODATION_1575969597180_168febddd0c64a30?_src=imagekit&tr=c-at_max,h-100,q-40,w-100","https://ik.imagekit.io/tvlk/ugc-review/guys1L+Yyer9kzI3sp-pb0CG1j2bhflZGFUZOoIf1YOBAm37kEUOKR41ieUZm7ZJ/ugc-photo-ap-southeast-1-581603780057-acd24e232f75f09e/ACCOMMODATION/14839201_ACCOMMODATION_1575969597180_a5028ff71d67c4be?_src=imagekit&tr=c-at_max,h-100,q-40,w-100","https://ik.imagekit.io/tvlk/ugc-review/guys1L+Yyer9kzI3sp-pb0CG1j2bhflZGFUZOoIf1YOBAm37kEUOKR41ieUZm7ZJ/ugc-photo-ap-southeast-1-581603780057-acd24e232f75f09e/ACCOMMODATION/14839201_ACCOMMODATION_1575969597180_6ac77f029463e665?_src=imagekit&tr=c-at_max,h-100,q-40,w-100",,,,,,,,,,,,,,
https://www.traveloka.com/id-id/user/review/consumption/HOTEL/GENERAL/1000000530525,8,9,"Pelayanan cepat lokasi strategis, untuk breakfast. Makanan kurang enak. Terutama nasi goreng seperti lembek dan kurang panas.",Diulas 339 minggu lalu,"https://ik.imagekit.io/tvlk/ugc-review/guys1L+Yyer9kzI3sp-pb0CG1j2bhflZGFUZOoIf1YOBAm37kEUOKR41ieUZm7ZJ/ugc-photo-ap-southeast-1-581603780057-acd24e232f75f09e/ACCOMMODATION/21377343_ACCOMMODATION_1572609349006_15e7fdfa577e1332?_src=imagekit&tr=c-at_max,h-100,q-40,w-100",,,,,,,,,,,,,,,,,,,
https://www.traveloka.com/id-id/user/review/consumption/HOTEL/GENERAL/1000000530525,8,10,"Tempat bagus, fasilitas bagus untuk kamar",Diulas 343 minggu lalu,"https://ik.imagekit.io/tvlk/ugc-review/guys1L+Yyer9kzI3sp-pb0CG1j2bhflZGFUZOoIf1YOBAm37kEUOKR41ieUZm7ZJ/ugc-photo-ap-southeast-1-581603780057-acd24e232f75f09e/ACCOMMODATION/82953076_ACCOMMODATION_1570870147898_ab6c6e9216f1d8d4?_src=imagekit&tr=c-at_max,h-100,q-40,w-100",,,,,,,,,,,,,,,,,,,
https://www.traveloka.com/id-id/user/review/consumption/HOTEL/GENERAL/1000000530525,8,11,"Kamarnya nyaman, bersih. Sesusai dengan harga yang keluarkan.",Diulas 344 minggu lalu,"https://ik.imagekit.io/tvlk/ugc-review/guys1L+Yyer9kzI3sp-pb0CG1j2bhflZGFUZOoIf1YOBAm37kEUOKR41ieUZm7ZJ/ugc-photo-ap-southeast-1-581603780057-acd24e232f75f09e/ACCOMMODATION/10672598_ACCOMMODATION_1570486467386_dbf1e3d8b8bd9abb?_src=imagekit&tr=c-at_max,h-100,q-40,w-100","https://ik.imagekit.io/tvlk/ugc-review/guys1L+Yyer9kzI3sp-pb0CG1j2bhflZGFUZOoIf1YOBAm37kEUOKR41ieUZm7ZJ/ugc-photo-ap-southeast-1-581603780057-acd24e232f75f09e/ACCOMMODATION/10672598_ACCOMMODATION_1570486467386_0a31ee8ac6c21b5f?_src=imagekit&tr=c-at_max,h-100,q-40,w-100",,,,,,,,,,,,,,,,,,
https://www.traveloka.com/id-id/user/review/consumption/HOTEL/GENERAL/1000000530525,8,12,"Staf hotel di front office yang laki-laki tidak ramah lupa liat namanya. Biasanya di neo staf yang ramah cewe karena beberapa kali saya menginap disini padahal namanya garda terdepan harusnya senyum sapa salam dong bukan nekuk bibir. Untuk kali ini dapat kamar di pojokan banget padahal hotel masih sepi banget. Pas masuk handuknya bau apek dan sobek, barang di kamar mandinya banyak yang kotor, pas mau sarapan izin dbawa ke kamar karena punya balita masih 2 tahun dan anaknya masih tidur sama petugas tidak dibolehkan katanya sarapan boleh dibawa ke kamar hanya  untuk orang sakit pdhl sy beberapa kali nginep disini dan petugas sbelumnya mengijinkan ko, kecewa sekali dan akhirnya kami lgsung check out detik itu jg dan kapok menginap di sini.",Diulas 345 minggu lalu,"https://ik.imagekit.io/tvlk/ugc-review/guys1L+Yyer9kzI3sp-pb0CG1j2bhflZGFUZOoIf1YOBAm37kEUOKR41ieUZm7ZJ/ugc-photo-ap-southeast-1-581603780057-acd24e232f75f09e/ACCOMMODATION/76957040_ACCOMMODATION_1569464142316_f089de75d0782e23?_src=imagekit&tr=c-at_max,h-100,q-40,w-100","https://ik.imagekit.io/tvlk/ugc-review/guys1L+Yyer9kzI3sp-pb0CG1j2bhflZGFUZOoIf1YOBAm37kEUOKR41ieUZm7ZJ/ugc-photo-ap-southeast-1-581603780057-acd24e232f75f09e/ACCOMMODATION/76957040_ACCOMMODATION_1569464142317_481314f195c971fb?_src=imagekit&tr=c-at_max,h-100,q-40,w-100","https://ik.imagekit.io/tvlk/ugc-review/guys1L+Yyer9kzI3sp-pb0CG1j2bhflZGFUZOoIf1YOBAm37kEUOKR41ieUZm7ZJ/ugc-photo-ap-southeast-1-581603780057-acd24e232f75f09e/ACCOMMODATION/76957040_ACCOMMODATION_1569464142317_0d94e810e1581a39?_src=imagekit&tr=c-at_max,h-100,q-40,w-100",,,,,,,,,,,,,,,,,
https://www.traveloka.com/id-id/user/review/consumption/HOTEL/GENERAL/1000000530525,8,13,Selalu dan selalu favorit kalau menginap disini haha terima kasih neo hotel 💙,Diulas 349 minggu lalu,"https://ik.imagekit.io/tvlk/ugc-review/guys1L+Yyer9kzI3sp-pb0CG1j2bhflZGFUZOoIf1YOBAm37kEUOKR41ieUZm7ZJ/ugc-photo-ap-southeast-1-581603780057-acd24e232f75f09e/ACCOMMODATION/9980021_ACCOMMODATION_1567300553114_1a8d1a86c214a4f5?_src=imagekit&tr=c-at_max,h-100,q-40,w-100",,,,,,,,,,,,,,,,,,,
https://www.traveloka.com/id-id/user/review/consumption/HOTEL/GENERAL/1000000530525,8,14,"Pelayanan yang sangat memuaskan, pelayan yang ramah, kamar yang bersih, murah tapi sangat mewah, nyaman. Terima kasih telah menjadi tempat istirahat yang mengesankan di waktu liburan kami.",Diulas 349 minggu lalu,"https://ik.imagekit.io/tvlk/ugc-review/guys1L+Yyer9kzI3sp-pb0CG1j2bhflZGFUZOoIf1YOBAm37kEUOKR41ieUZm7ZJ/ugc-photo-ap-southeast-1-581603780057-acd24e232f75f09e/ACCOMMODATION/133687735_ACCOMMODATION_1567344276159_8e538b3cfe3522da?_src=imagekit&tr=c-at_max,h-100,q-40,w-100",,,,,,,,,,,,,,,,,,,
https://www.traveloka.com/id-id/user/review/consumption/HOTEL/GENERAL/1000000530525,8,15,"Hotel dengan harga terjangkau tapi fasilitas dan keramahannya sangat memuaskan tamu, kamarnya bersih, AC dingin, terasa nyaman aksesnya mudah untuk kemana saja",Diulas 358 minggu lalu,"https://ik.imagekit.io/tvlk/ugc-review/guys1L+Yyer9kzI3sp-pb0CG1j2bhflZGFUZOoIf1YOBAm37kEUOKR41ieUZm7ZJ/ugc-photo-ap-southeast-1-581603780057-acd24e232f75f09e/ACCOMMODATION/71770179_ACCOMMODATION_1562042067420_17ab85ce4373c8e8?_src=imagekit&tr=c-at_max,h-100,q-40,w-100",,,,,,,,,,,,,,,,,,,
https://www.traveloka.com/id-id/user/review/consumption/HOTEL/GENERAL/1000000530525,8,16,Menyenangkan menginap di Hotel NEO Cirebon dengan harga yang standar untuk di classnya ditambah fasilitas yang mantap👍 . Hanya saja ketika check-in saya harus menunggu dan tidak ada konfrimasi lagi pas kamar sudah bisa dipakai. Tolong kesigapan petugas lebih ditingkatkan serta lahan parkir agar diperlebar. Overall keren.,Diulas 359 minggu lalu,"https://ik.imagekit.io/tvlk/ugc-review/guys1L+Yyer9kzI3sp-pb0CG1j2bhflZGFUZOoIf1YOBAm37kEUOKR41ieUZm7ZJ/ugc-photo-ap-southeast-1-581603780057-acd24e232f75f09e/ACCOMMODATION/121509568_ACCOMMODATION_1560666063455_91effbed9c36e43e?_src=imagekit&tr=c-at_max,h-100,q-40,w-100","https://ik.imagekit.io/tvlk/ugc-review/guys1L+Yyer9kzI3sp-pb0CG1j2bhflZGFUZOoIf1YOBAm37kEUOKR41ieUZm7ZJ/ugc-photo-ap-southeast-1-581603780057-acd24e232f75f09e/ACCOMMODATION/121509568_ACCOMMODATION_1560666063455_97762441df35b649?_src=imagekit&tr=c-at_max,h-100,q-40,w-100",,,,,,,,,,,,,,,,,,
https://www.traveloka.com/id-id/user/review/consumption/HOTEL/GENERAL/1000000530525,8,17,"Menginap di sini sangat menyenangkan dan nyaman. Kamar bersih rapi, staf yang sangat ramah, rate yang ekonomis. Makanan di hotel cukup bervariasi, tapi untuk rasa menurutku hambar.",Diulas 363 minggu lalu,"https://ik.imagekit.io/tvlk/ugc-review/guys1L+Yyer9kzI3sp-pb0CG1j2bhflZGFUZOoIf1YOBAm37kEUOKR41ieUZm7ZJ/ugc-photo-ap-southeast-1-581603780057-acd24e232f75f09e/ACCOMMODATION/7599976_ACCOMMODATION_1558760488212_a7fe95890031b766?_src=imagekit&tr=c-at_max,h-100,q-40,w-100","https://ik.imagekit.io/tvlk/ugc-review/guys1L+Yyer9kzI3sp-pb0CG1j2bhflZGFUZOoIf1YOBAm37kEUOKR41ieUZm7ZJ/ugc-photo-ap-southeast-1-581603780057-acd24e232f75f09e/ACCOMMODATION/7599976_ACCOMMODATION_1558760488213_43a0e26ddb280ea0?_src=imagekit&tr=c-at_max,h-100,q-40,w-100","https://ik.imagekit.io/tvlk/ugc-review/guys1L+Yyer9kzI3sp-pb0CG1j2bhflZGFUZOoIf1YOBAm37kEUOKR41ieUZm7ZJ/ugc-photo-ap-southeast-1-581603780057-acd24e232f75f09e/ACCOMMODATION/7599976_ACCOMMODATION_1558760488213_3e29705a3c44e3fa?_src=imagekit&tr=c-at_max,h-100,q-40,w-100",,,,,,,,,,,,,,,,,
https://www.traveloka.com/id-id/user/review/consumption/HOTEL/GENERAL/1000000530525,8,18,"Jarak hotel sangat dekat dengan stasiun, interior untuk kelas bintang 3 sudah oke. Saran: mantap diberikan batas antara tempat mandi dan area wastafel, karena air setelah mandi sering merembes keluar. 2. menu sarapan lebih bervariasi dan bagian koki telur bisa lebih cepat.",Diulas 366 minggu lalu,"https://ik.imagekit.io/tvlk/ugc-review/guys1L+Yyer9kzI3sp-pb0CG1j2bhflZGFUZOoIf1YOBAm37kEUOKR41ieUZm7ZJ/ugc-photo-ap-southeast-1-581603780057-acd24e232f75f09e/ACCOMMODATION/4092448_ACCOMMODATION_1557064884092_36b44888ead52990?_src=imagekit&tr=c-at_max,h-100,q-40,w-100","https://ik.imagekit.io/tvlk/ugc-review/guys1L+Yyer9kzI3sp-pb0CG1j2bhflZGFUZOoIf1YOBAm37kEUOKR41ieUZm7ZJ/ugc-photo-ap-southeast-1-581603780057-acd24e232f75f09e/ACCOMMODATION/4092448_ACCOMMODATION_1557064884093_83e6a004f901e85c?_src=imagekit&tr=c-at_max,h-100,q-40,w-100",,,,,,,,,,,,,,,,,,
https://www.traveloka.com/id-id/user/review/consumption/HOTEL/GENERAL/1000000530525,8,19,"Lokasi strategis, dekat untuk kemana-mana, kamar sangat nyaman dan pelayanan memuaskan.",Diulas 367 minggu lalu,"https://ik.imagekit.io/tvlk/ugc-review/guys1L+Yyer9kzI3sp-pb0CG1j2bhflZGFUZOoIf1YOBAm37kEUOKR41ieUZm7ZJ/ugc-photo-ap-southeast-1-581603780057-acd24e232f75f09e/ACCOMMODATION/14296419_ACCOMMODATION_1556063035472_0f9ed1472b3ef358?_src=imagekit&tr=c-at_max,h-100,q-40,w-100","https://ik.imagekit.io/tvlk/ugc-review/guys1L+Yyer9kzI3sp-pb0CG1j2bhflZGFUZOoIf1YOBAm37kEUOKR41ieUZm7ZJ/ugc-photo-ap-southeast-1-581603780057-acd24e232f75f09e/ACCOMMODATION/14296419_ACCOMMODATION_1556063035473_dfddfe9d55ada6b5?_src=imagekit&tr=c-at_max,h-100,q-40,w-100",,,,,,,,,,,,,,,,,,
https://www.traveloka.com/id-id/user/review/consumption/HOTEL/GENERAL/1000000530525,8,20,"Hotel neo cirebon memang jauh dari pusat niaga kota Cirebon, Tapi di hotel ini anda bisa menikmati pemandangan laut jawa dan bahkan bisa bermain di kampung nelayan dengan hanya berjalan kaki. Tak sedikit juga tamu hotel yang hendak memancing dengan menyewa kapal nelayan. Jangan lupa minta petugas hotel untuk memberikan kamar dengan pemandangan laut jawa atau gunung ciremai. soal makanan tak perlu khawatir. Jika anda termasuk penggemar kuliner lokal, di samping hotel ada warung makan yang menyediakan nasi lengko dan makanan murah meriah lainnya. Untuk makan malam anda bisa menyeberang dan menikmati hidangan seafood dengan harga yang ramah di kantong untuk fasilitas, Bisa dikatakan nyaris sempurna. membuat saya ingin kembali menginap di hotel ini setiap berkunjung ke kota Cirebon.",Diulas 368 minggu lalu,"https://ik.imagekit.io/tvlk/ugc-review/guys1L+Yyer9kzI3sp-pb0CG1j2bhflZGFUZOoIf1YOBAm37kEUOKR41ieUZm7ZJ/ugc-photo-ap-southeast-1-581603780057-acd24e232f75f09e/ACCOMMODATION/21381229_ACCOMMODATION_1555895591449_5dd490fe428155d7?_src=imagekit&tr=c-at_max,h-80,q-40,w-80","https://ik.imagekit.io/tvlk/ugc-review/guys1L+Yyer9kzI3sp-pb0CG1j2bhflZGFUZOoIf1YOBAm37kEUOKR41ieUZm7ZJ/ugc-photo-ap-southeast-1-581603780057-acd24e232f75f09e/ACCOMMODATION/21381229_ACCOMMODATION_1555895591449_20472d3979643d7d?_src=imagekit&tr=c-at_max,h-80,q-40,w-80","https://ik.imagekit.io/tvlk/ugc-review/guys1L+Yyer9kzI3sp-pb0CG1j2bhflZGFUZOoIf1YOBAm37kEUOKR41ieUZm7ZJ/ugc-photo-ap-southeast-1-581603780057-acd24e232f75f09e/ACCOMMODATION/21381229_ACCOMMODATION_1555895591450_328c76fb30cc00ab?_src=imagekit&tr=c-at_max,h-80,q-40,w-80","https://ik.imagekit.io/tvlk/ugc-review/guys1L+Yyer9kzI3sp-pb0CG1j2bhflZGFUZOoIf1YOBAm37kEUOKR41ieUZm7ZJ/ugc-photo-ap-southeast-1-581603780057-acd24e232f75f09e/ACCOMMODATION/21381229_ACCOMMODATION_1555895591450_7ee1eac5eedacab4?_src=imagekit&tr=c-at_max,h-80,q-40,w-80","https://ik.imagekit.io/tvlk/ugc-review/guys1L+Yyer9kzI3sp-pb0CG1j2bhflZGFUZOoIf1YOBAm37kEUOKR41ieUZm7ZJ/ugc-photo-ap-southeast-1-581603780057-acd24e232f75f09e/ACCOMMODATION/21381229_ACCOMMODATION_1555895591450_5d1d6dd26ba973fb?_src=imagekit&tr=c-at_max,h-80,q-40,w-80","https://ik.imagekit.io/tvlk/ugc-review/guys1L+Yyer9kzI3sp-pb0CG1j2bhflZGFUZOoIf1YOBAm37kEUOKR41ieUZm7ZJ/ugc-photo-ap-southeast-1-581603780057-acd24e232f75f09e/ACCOMMODATION/21381229_ACCOMMODATION_1555895591451_8368f9b6632c14ae?_src=imagekit&tr=c-at_max,h-80,q-40,w-80","https://ik.imagekit.io/tvlk/ugc-review/guys1L+Yyer9kzI3sp-pb0CG1j2bhflZGFUZOoIf1YOBAm37kEUOKR41ieUZm7ZJ/ugc-photo-ap-southeast-1-581603780057-acd24e232f75f09e/ACCOMMODATION/21381229_ACCOMMODATION_1555895591451_0ebdc47200e1ad54?_src=imagekit&tr=c-at_max,h-80,q-40,w-80",,,,,,,,,,,,,
https://www.traveloka.com/id-id/user/review/consumption/HOTEL/GENERAL/1000000530525,9,1,"Kamar yang di pesan sesuai, no smoking, bersih dan nyaman.",Diulas 368 minggu lalu,"https://ik.imagekit.io/tvlk/ugc-review/guys1L+Yyer9kzI3sp-pb0CG1j2bhflZGFUZOoIf1YOBAm37kEUOKR41ieUZm7ZJ/ugc-photo-ap-southeast-1-581603780057-acd24e232f75f09e/ACCOMMODATION/113818226_ACCOMMODATION_1555553796536_33a7f7edfc6200f0?_src=imagekit&tr=c-at_max,h-100,q-40,w-100",,,,,,,,,,,,,,,,,,,
https://www.traveloka.com/id-id/user/review/consumption/HOTEL/GENERAL/1000000530525,9,2,"Kamarnya bersih, nyaman, pelayanan sangat oke.",Diulas 370 minggu lalu,"https://ik.imagekit.io/tvlk/ugc-review/guys1L+Yyer9kzI3sp-pb0CG1j2bhflZGFUZOoIf1YOBAm37kEUOKR41ieUZm7ZJ/ugc-photo-ap-southeast-1-581603780057-acd24e232f75f09e/ACCOMMODATION/77849988_ACCOMMODATION_1554350591102_72bcce890f360460?_src=imagekit&tr=c-at_max,h-100,q-40,w-100",,,,,,,,,,,,,,,,,,,
https://www.traveloka.com/id-id/user/review/consumption/HOTEL/GENERAL/1000000530525,9,3,"Kami senang kami menginap di Neo Hotel Cirebon. Bangunan dan akomodasi hotel persis sama dengan gambar. Proses check in yang lancar, kamar tidur yang disediakan sesuai permintaan, kamar bebas rokok, lantai atas, dan pemandangan laut. Ruangan itu rapi dan sangat bersih. Begitu juga dengan kamar mandi. Sarapannya enak, terutama nasi goreng kampung dan bubur sumsum. Hotel budget yang benar-benar direkomendasikan di Cirebon ❤️",Diulas 374 minggu lalu,"https://ik.imagekit.io/tvlk/ugc-review/guys1L+Yyer9kzI3sp-pb0CG1j2bhflZGFUZOoIf1YOBAm37kEUOKR41ieUZm7ZJ/ugc-photo-ap-southeast-1-581603780057-acd24e232f75f09e/ACCOMMODATION/26906784_ACCOMMODATION_1551789975204_9ec25fa4361a37b6?_src=imagekit&tr=c-at_max,h-100,q-40,w-100","https://ik.imagekit.io/tvlk/ugc-review/guys1L+Yyer9kzI3sp-pb0CG1j2bhflZGFUZOoIf1YOBAm37kEUOKR41ieUZm7ZJ/ugc-photo-ap-southeast-1-581603780057-acd24e232f75f09e/ACCOMMODATION/26906784_ACCOMMODATION_1551789975205_bf4829d00bb58cef?_src=imagekit&tr=c-at_max,h-100,q-40,w-100","https://ik.imagekit.io/tvlk/ugc-review/guys1L+Yyer9kzI3sp-pb0CG1j2bhflZGFUZOoIf1YOBAm37kEUOKR41ieUZm7ZJ/ugc-photo-ap-southeast-1-581603780057-acd24e232f75f09e/ACCOMMODATION/26906784_ACCOMMODATION_1551789975205_a219468fda0bd736?_src=imagekit&tr=c-at_max,h-100,q-40,w-100","https://ik.imagekit.io/tvlk/ugc-review/guys1L+Yyer9kzI3sp-pb0CG1j2bhflZGFUZOoIf1YOBAm37kEUOKR41ieUZm7ZJ/ugc-photo-ap-southeast-1-581603780057-acd24e232f75f09e/ACCOMMODATION/26906784_ACCOMMODATION_1551789975205_4d6d99fa16df69a3?_src=imagekit&tr=c-at_max,h-100,q-40,w-100","https://ik.imagekit.io/tvlk/ugc-review/guys1L+Yyer9kzI3sp-pb0CG1j2bhflZGFUZOoIf1YOBAm37kEUOKR41ieUZm7ZJ/ugc-photo-ap-southeast-1-581603780057-acd24e232f75f09e/ACCOMMODATION/26906784_ACCOMMODATION_1551789975206_33593f046550dac0?_src=imagekit&tr=c-at_max,h-100,q-40,w-100","https://ik.imagekit.io/tvlk/ugc-review/guys1L+Yyer9kzI3sp-pb0CG1j2bhflZGFUZOoIf1YOBAm37kEUOKR41ieUZm7ZJ/ugc-photo-ap-southeast-1-581603780057-acd24e232f75f09e/ACCOMMODATION/26906784_ACCOMMODATION_1551789975206_f41cb4f9779d94a7?_src=imagekit&tr=c-at_max,h-100,q-40,w-100",,,,,,,,,,,,,,
https://www.traveloka.com/id-id/user/review/consumption/HOTEL/GENERAL/1000000530525,9,4,"Seadanya, harga tidak bohong bro.",Diulas 375 minggu lalu,"https://ik.imagekit.io/tvlk/ugc-review/guys1L+Yyer9kzI3sp-pb0CG1j2bhflZGFUZOoIf1YOBAm37kEUOKR41ieUZm7ZJ/ugc-photo-ap-southeast-1-581603780057-acd24e232f75f09e/ACCOMMODATION/11299872_ACCOMMODATION_1551332477186_b7f32f820bcd59a3?_src=imagekit&tr=c-at_max,h-100,q-40,w-100",,,,,,,,,,,,,,,,,,,
https://www.traveloka.com/id-id/user/review/consumption/HOTEL/GENERAL/1000000530525,9,5,"Hotel ini terlihat kecil dari depan, tapi ternyata. Sayangnya kami hanya semalam di Cirebon. Segala fasilitas sesuai dengan yang diharapkan.",Diulas 377 minggu lalu,"https://ik.imagekit.io/tvlk/ugc-review/guys1L+Yyer9kzI3sp-pb0CG1j2bhflZGFUZOoIf1YOBAm37kEUOKR41ieUZm7ZJ/ugc-photo-ap-southeast-1-581603780057-acd24e232f75f09e/ACCOMMODATION/54245383_ACCOMMODATION_1550081951915_e5b1c09a95e168cb?_src=imagekit&tr=c-at_max,h-100,q-40,w-100",,,,,,,,,,,,,,,,,,,
https://www.traveloka.com/id-id/user/review/consumption/HOTEL/GENERAL/1000000530525,9,6,"Breakfast enak, kamar bersih. Kamar mandi juga bersih. hanya wastafel air kecil sekali. Overall oke. Kalau ke Cirebon bakal menginap lagi disini. thanku hotel neo.",Diulas 377 minggu lalu,"https://ik.imagekit.io/tvlk/ugc-review/guys1L+Yyer9kzI3sp-pb0CG1j2bhflZGFUZOoIf1YOBAm37kEUOKR41ieUZm7ZJ/ugc-photo-ap-southeast-1-581603780057-acd24e232f75f09e/ACCOMMODATION/6716234_ACCOMMODATION_1550049996655_290acb7282e8fe6f?_src=imagekit&tr=c-at_max,h-100,q-40,w-100",,,,,,,,,,,,,,,,,,,
https://www.traveloka.com/id-id/user/review/consumption/HOTEL/GENERAL/1000000530525,9,7,"Kamar nyaman bersih, hanya ukurannya yang sedikit kecil dikelasnya. Tempat tidurnya juga nyaman jadi bangun pagi juga enak. Deposit box nya tidak bisa dipakai karena baterenya habis, tapi segera diatasi. Memesan room service, pelayanannya bagus, cepat, dan makanannya enak. Untuk sarapan juga banyak pilihan, dan rasanya enak.",Diulas 378 minggu lalu,"https://ik.imagekit.io/tvlk/ugc-review/guys1L+Yyer9kzI3sp-pb0CG1j2bhflZGFUZOoIf1YOBAm37kEUOKR41ieUZm7ZJ/ugc-photo-ap-southeast-1-581603780057-acd24e232f75f09e/ACCOMMODATION/4549615_ACCOMMODATION_1549774869423_9c67de6976c3b311?_src=imagekit&tr=c-at_max,h-100,q-40,w-100","https://ik.imagekit.io/tvlk/ugc-review/guys1L+Yyer9kzI3sp-pb0CG1j2bhflZGFUZOoIf1YOBAm37kEUOKR41ieUZm7ZJ/ugc-photo-ap-southeast-1-581603780057-acd24e232f75f09e/ACCOMMODATION/4549615_ACCOMMODATION_1549774869423_1e63e3da1e929d43?_src=imagekit&tr=c-at_max,h-100,q-40,w-100",,,,,,,,,,,,,,,,,,
https://www.traveloka.com/id-id/user/review/consumption/HOTEL/GENERAL/1000000530525,9,8,"Ruangan nyaman, bersih, makanan yang kami pesan oke rasanya. Pelayanan baik. Sudah beberapa kali menginap di sini dan selalu ingin kembali menginap di Neo hotel.",Diulas 378 minggu lalu,"https://ik.imagekit.io/tvlk/ugc-review/guys1L+Yyer9kzI3sp-pb0CG1j2bhflZGFUZOoIf1YOBAm37kEUOKR41ieUZm7ZJ/ugc-photo-ap-southeast-1-581603780057-acd24e232f75f09e/ACCOMMODATION/21107330_ACCOMMODATION_1549596243791_7a7b5924be1b43cf?_src=imagekit&tr=c-at_max,h-80,q-40,w-80","https://ik.imagekit.io/tvlk/ugc-review/guys1L+Yyer9kzI3sp-pb0CG1j2bhflZGFUZOoIf1YOBAm37kEUOKR41ieUZm7ZJ/ugc-photo-ap-southeast-1-581603780057-acd24e232f75f09e/ACCOMMODATION/21107330_ACCOMMODATION_1549596243792_554cead65a0e2286?_src=imagekit&tr=c-at_max,h-80,q-40,w-80","https://ik.imagekit.io/tvlk/ugc-review/guys1L+Yyer9kzI3sp-pb0CG1j2bhflZGFUZOoIf1YOBAm37kEUOKR41ieUZm7ZJ/ugc-photo-ap-southeast-1-581603780057-acd24e232f75f09e/ACCOMMODATION/21107330_ACCOMMODATION_1549596243792_96f7361aa78748c9?_src=imagekit&tr=c-at_max,h-80,q-40,w-80","https://ik.imagekit.io/tvlk/ugc-review/guys1L+Yyer9kzI3sp-pb0CG1j2bhflZGFUZOoIf1YOBAm37kEUOKR41ieUZm7ZJ/ugc-photo-ap-southeast-1-581603780057-acd24e232f75f09e/ACCOMMODATION/21107330_ACCOMMODATION_1549596243793_dcc7d8629597e4c5?_src=imagekit&tr=c-at_max,h-80,q-40,w-80","https://ik.imagekit.io/tvlk/ugc-review/guys1L+Yyer9kzI3sp-pb0CG1j2bhflZGFUZOoIf1YOBAm37kEUOKR41ieUZm7ZJ/ugc-photo-ap-southeast-1-581603780057-acd24e232f75f09e/ACCOMMODATION/21107330_ACCOMMODATION_1549596243793_3aed07f3d30c4211?_src=imagekit&tr=c-at_max,h-80,q-40,w-80","https://ik.imagekit.io/tvlk/ugc-review/guys1L+Yyer9kzI3sp-pb0CG1j2bhflZGFUZOoIf1YOBAm37kEUOKR41ieUZm7ZJ/ugc-photo-ap-southeast-1-581603780057-acd24e232f75f09e/ACCOMMODATION/21107330_ACCOMMODATION_1549596243793_55e1f9491df82f05?_src=imagekit&tr=c-at_max,h-80,q-40,w-80","https://ik.imagekit.io/tvlk/ugc-review/guys1L+Yyer9kzI3sp-pb0CG1j2bhflZGFUZOoIf1YOBAm37kEUOKR41ieUZm7ZJ/ugc-photo-ap-southeast-1-581603780057-acd24e232f75f09e/ACCOMMODATION/21107330_ACCOMMODATION_1549596243794_faaf0d251b05e444?_src=imagekit&tr=c-at_max,h-80,q-40,w-80","https://ik.imagekit.io/tvlk/ugc-review/guys1L+Yyer9kzI3sp-pb0CG1j2bhflZGFUZOoIf1YOBAm37kEUOKR41ieUZm7ZJ/ugc-photo-ap-southeast-1-581603780057-acd24e232f75f09e/ACCOMMODATION/21107330_ACCOMMODATION_1549596243794_44e0ddd48244277e?_src=imagekit&tr=c-at_max,h-80,q-40,w-80",,,,,,,,,,,,
https://www.traveloka.com/id-id/user/review/consumption/HOTEL/GENERAL/1000000530525,9,9,Kamarnya enak meski tidak sebesar yang kami bayangkan. Nice hotel dengan harga yang pas,Diulas 380 minggu lalu,"https://ik.imagekit.io/tvlk/ugc-review/guys1L+Yyer9kzI3sp-pb0CG1j2bhflZGFUZOoIf1YOBAm37kEUOKR41ieUZm7ZJ/ugc-photo-ap-southeast-1-581603780057-acd24e232f75f09e/ACCOMMODATION/17520771_ACCOMMODATION_1548490532581_04a2223765eb02f7?_src=imagekit&tr=c-at_max,h-100,q-40,w-100",,,,,,,,,,,,,,,,,,,
https://www.traveloka.com/id-id/user/review/consumption/HOTEL/GENERAL/1000000530525,9,10,"Lokasi strategis, tempat bersih, nyaman. Securitynya ramah banget, kamarnya bersih, overall good lah.",Diulas 382 minggu lalu,"https://ik.imagekit.io/tvlk/ugc-review/guys1L+Yyer9kzI3sp-pb0CG1j2bhflZGFUZOoIf1YOBAm37kEUOKR41ieUZm7ZJ/ugc-photo-ap-southeast-1-581603780057-acd24e232f75f09e/ACCOMMODATION/7634223_ACCOMMODATION_1547397697800_82d8504136c53312?_src=imagekit&tr=c-at_max,h-100,q-40,w-100",,,,,,,,,,,,,,,,,,,
https://www.traveloka.com/id-id/user/review/consumption/HOTEL/GENERAL/1000000530525,9,11,"Ini pengalaman kedua kami menginap di Hotel Neo Cirebon, kenyamanan & kebersihan kamarnya yang membuat kami kembali lagi. Kami memesan 2 kamar untuk 2 malam, permintaan khusus kami dapat dipenuhi hotel yaitu pintu penghubung sehingga kami senang. Harga juga sesuai dan lokasi dekat dengan tempat makan. Pelayanan resepsionis dan satpam sangat baik, bahkan satpam ikut membantu kami untuk menaik/turunkan ibu kami yang sudah susah berjalan/menggunakan kursi roda. Mohon kulkas di kamar bisa di cek lagi, karena tidak dingin sama sekali sehingga menyimpan susu jadi basi. Terima kasih Hotel Neo Cirebon, mudah-mudahan kami bisa kembali lagi.",Diulas 382 minggu lalu,"https://ik.imagekit.io/tvlk/ugc-review/guys1L+Yyer9kzI3sp-pb0CG1j2bhflZGFUZOoIf1YOBAm37kEUOKR41ieUZm7ZJ/ugc-photo-ap-southeast-1-581603780057-acd24e232f75f09e/ACCOMMODATION/23969093_ACCOMMODATION_1546959437691_6a32ae8b2cbaf39e?_src=imagekit&tr=c-at_max,h-100,q-40,w-100","https://ik.imagekit.io/tvlk/ugc-review/guys1L+Yyer9kzI3sp-pb0CG1j2bhflZGFUZOoIf1YOBAm37kEUOKR41ieUZm7ZJ/ugc-photo-ap-southeast-1-581603780057-acd24e232f75f09e/ACCOMMODATION/23969093_ACCOMMODATION_1546959437691_e1a6ab48201a6aa0?_src=imagekit&tr=c-at_max,h-100,q-40,w-100","https://ik.imagekit.io/tvlk/ugc-review/guys1L+Yyer9kzI3sp-pb0CG1j2bhflZGFUZOoIf1YOBAm37kEUOKR41ieUZm7ZJ/ugc-photo-ap-southeast-1-581603780057-acd24e232f75f09e/ACCOMMODATION/23969093_ACCOMMODATION_1546959437692_3f10ef168bfb4a99?_src=imagekit&tr=c-at_max,h-100,q-40,w-100","https://ik.imagekit.io/tvlk/ugc-review/guys1L+Yyer9kzI3sp-pb0CG1j2bhflZGFUZOoIf1YOBAm37kEUOKR41ieUZm7ZJ/ugc-photo-ap-southeast-1-581603780057-acd24e232f75f09e/ACCOMMODATION/23969093_ACCOMMODATION_1546959437692_1595ba29eaf22587?_src=imagekit&tr=c-at_max,h-100,q-40,w-100",,,,,,,,,,,,,,,,
https://www.traveloka.com/id-id/user/review/consumption/HOTEL/GENERAL/1000000530525,9,12,"Saya pesan 2 kamar, 1 superior 1 deluxe karena saya menginap ber5. Tempat tidur kamar deluxe muat untuk saya, suami dan anak saya yang berumur 20thun (ber3). Wifinya juga kencang, jadi anak-anak remaja melenial tidak bosan berlama-lama diam di kamar (kebetulan anak saya bawa laptop jadi dia tetap bisa berkomunikasi via game online dengan temannya). Mertua dan anak cewek saya di kamar seberang jg senang. Mertua suka banget nonton TV cable anak saya bisa paka WiFi yang kencang. Breakfast lumayan oke lah tapi untuk roti sebaiknya disediakan coklat nutela jangan hanya susu coklat saja overall saya puas dengan hotel ini next kalau ke cirebon lagee akan nginep di sini lagee",Diulas 384 minggu lalu,"https://ik.imagekit.io/tvlk/ugc-review/guys1L+Yyer9kzI3sp-pb0CG1j2bhflZGFUZOoIf1YOBAm37kEUOKR41ieUZm7ZJ/ugc-photo-ap-southeast-1-581603780057-acd24e232f75f09e/ACCOMMODATION/18524722_ACCOMMODATION_1546150760982_2229899c17f27e9b?_src=imagekit&tr=c-at_max,h-100,q-40,w-100",,,,,,,,,,,,,,,,,,,
https://www.traveloka.com/id-id/user/review/consumption/HOTEL/GENERAL/1000000530525,9,13,"Letaknya strategis, kamarnya dapat di pojok dengan view yang bagus menghadap pantai, kamar bersih, Sarapan tidak tahu karena booking room without breakfast.",Diulas 385 minggu lalu,"https://ik.imagekit.io/tvlk/ugc-review/guys1L+Yyer9kzI3sp-pb0CG1j2bhflZGFUZOoIf1YOBAm37kEUOKR41ieUZm7ZJ/ugc-photo-ap-southeast-1-581603780057-acd24e232f75f09e/ACCOMMODATION/4289409_ACCOMMODATION_1545033730660_4e32f13f90ac3821?_src=imagekit&tr=c-at_max,h-100,q-40,w-100","https://ik.imagekit.io/tvlk/ugc-review/guys1L+Yyer9kzI3sp-pb0CG1j2bhflZGFUZOoIf1YOBAm37kEUOKR41ieUZm7ZJ/ugc-photo-ap-southeast-1-581603780057-acd24e232f75f09e/ACCOMMODATION/4289409_ACCOMMODATION_1545033765534_9cf205209cce875c?_src=imagekit&tr=c-at_max,h-100,q-40,w-100","https://ik.imagekit.io/tvlk/ugc-review/guys1L+Yyer9kzI3sp-pb0CG1j2bhflZGFUZOoIf1YOBAm37kEUOKR41ieUZm7ZJ/ugc-photo-ap-southeast-1-581603780057-acd24e232f75f09e/ACCOMMODATION/4289409_ACCOMMODATION_1545033783705_47fc691fd55b57b5?_src=imagekit&tr=c-at_max,h-100,q-40,w-100","https://ik.imagekit.io/tvlk/ugc-review/guys1L+Yyer9kzI3sp-pb0CG1j2bhflZGFUZOoIf1YOBAm37kEUOKR41ieUZm7ZJ/ugc-photo-ap-southeast-1-581603780057-acd24e232f75f09e/ACCOMMODATION/4289409_ACCOMMODATION_1545033838742_6f821f5ce7b2426b?_src=imagekit&tr=c-at_max,h-100,q-40,w-100","https://ik.imagekit.io/tvlk/ugc-review/guys1L+Yyer9kzI3sp-pb0CG1j2bhflZGFUZOoIf1YOBAm37kEUOKR41ieUZm7ZJ/ugc-photo-ap-southeast-1-581603780057-acd24e232f75f09e/ACCOMMODATION/4289409_ACCOMMODATION_1545033816842_00655f6877df2220?_src=imagekit&tr=c-at_max,h-100,q-40,w-100","https://ik.imagekit.io/tvlk/ugc-review/guys1L+Yyer9kzI3sp-pb0CG1j2bhflZGFUZOoIf1YOBAm37kEUOKR41ieUZm7ZJ/ugc-photo-ap-southeast-1-581603780057-acd24e232f75f09e/ACCOMMODATION/4289409_ACCOMMODATION_1545033860773_2d1edef0efd556ee?_src=imagekit&tr=c-at_max,h-100,q-40,w-100",,,,,,,,,,,,,,
https://www.traveloka.com/id-id/user/review/consumption/HOTEL/GENERAL/1000000530525,9,14,Pilihan makanannya banyak banget untuk sekelas bintang 3.,Diulas 387 minggu lalu,"https://ik.imagekit.io/tvlk/ugc-review/guys1L+Yyer9kzI3sp-pb0CG1j2bhflZGFUZOoIf1YOBAm37kEUOKR41ieUZm7ZJ/ugc-photo-ap-southeast-1-581603780057-acd24e232f75f09e/ACCOMMODATION/11330335_ACCOMMODATION_1544086073852_09ceffde59d63535?_src=imagekit&tr=c-at_max,h-100,q-40,w-100",,,,,,,,,,,,,,,,,,,
https://www.traveloka.com/id-id/user/review/consumption/HOTEL/GENERAL/1000000530525,9,15,"Jika Anda ingin tempat untuk bersantai dan melarikan diri, inilah tempatnya. Ini adalah hotel yang tenang tapi sarapan sangat bersih rapi dan sangat terjangkau",Diulas 387 minggu lalu,"https://ik.imagekit.io/tvlk/ugc-review/guys1L+Yyer9kzI3sp-pb0CG1j2bhflZGFUZOoIf1YOBAm37kEUOKR41ieUZm7ZJ/ugc-photo-ap-southeast-1-581603780057-acd24e232f75f09e/ACCOMMODATION/6529596_ACCOMMODATION_1544085916768_d7912ef10a31c677?_src=imagekit&tr=c-at_max,h-100,q-40,w-100",,,,,,,,,,,,,,,,,,,
https://www.traveloka.com/id-id/user/review/consumption/HOTEL/GENERAL/1000000530525,9,16,"gedung dan fasilitas baru di dalam, terjangkau namun dilengkapi perabotan baru. harga rasional yang ditawarkan dibandingkan dengan apa yang kita dapatkan. di tengah kota dan dekat dengan objek wisata",Diulas 387 minggu lalu,"https://ik.imagekit.io/tvlk/ugc-review/guys1L+Yyer9kzI3sp-pb0CG1j2bhflZGFUZOoIf1YOBAm37kEUOKR41ieUZm7ZJ/ugc-photo-ap-southeast-1-581603780057-acd24e232f75f09e/ACCOMMODATION/9169211_ACCOMMODATION_1543925672017_60df053838ded07e?_src=imagekit&tr=c-at_max,h-100,q-40,w-100",,,,,,,,,,,,,,,,,,,
https://www.traveloka.com/id-id/user/review/consumption/HOTEL/GENERAL/1000000530525,9,17,"Tempatnya bagus, cocok buat liburan keluarganya, makanannya juga enak.",Diulas 389 minggu lalu,"https://ik.imagekit.io/tvlk/ugc-review/guys1L+Yyer9kzI3sp-pb0CG1j2bhflZGFUZOoIf1YOBAm37kEUOKR41ieUZm7ZJ/ugc-photo-ap-southeast-1-581603780057-acd24e232f75f09e/ACCOMMODATION/15167035_ACCOMMODATION_1543139393774_969aac80ff741431?_src=imagekit&tr=c-at_max,h-100,q-40,w-100",,,,,,,,,,,,,,,,,,,
https://www.traveloka.com/id-id/user/review/consumption/HOTEL/GENERAL/1000000530525,9,18,"Saat pertama masuk kamar suitenya bagus, bersih, rapi, ruangan besar untuk 2 tamu, AC dingin, makanannya enak dan banyak pilihannya. Banyak channel TV bagus dan WiFi lumayan cepat untuk doweload. Recommended banget.",Diulas 391 minggu lalu,"https://ik.imagekit.io/tvlk/ugc-review/guys1L+Yyer9kzI3sp-pb0CG1j2bhflZGFUZOoIf1YOBAm37kEUOKR41ieUZm7ZJ/ugc-photo-ap-southeast-1-581603780057-acd24e232f75f09e/ACCOMMODATION/50224935_ACCOMMODATION_1541562003778_ccf2e318d0909b2a?_src=imagekit&tr=c-at_max,h-100,q-40,w-100","https://ik.imagekit.io/tvlk/ugc-review/guys1L+Yyer9kzI3sp-pb0CG1j2bhflZGFUZOoIf1YOBAm37kEUOKR41ieUZm7ZJ/ugc-photo-ap-southeast-1-581603780057-acd24e232f75f09e/ACCOMMODATION/50224935_ACCOMMODATION_1541562154050_daadea37578c7d66?_src=imagekit&tr=c-at_max,h-100,q-40,w-100","https://ik.imagekit.io/tvlk/ugc-review/guys1L+Yyer9kzI3sp-pb0CG1j2bhflZGFUZOoIf1YOBAm37kEUOKR41ieUZm7ZJ/ugc-photo-ap-southeast-1-581603780057-acd24e232f75f09e/ACCOMMODATION/50224935_ACCOMMODATION_1541562154051_afe07e43c9a31447?_src=imagekit&tr=c-at_max,h-100,q-40,w-100","https://ik.imagekit.io/tvlk/ugc-review/guys1L+Yyer9kzI3sp-pb0CG1j2bhflZGFUZOoIf1YOBAm37kEUOKR41ieUZm7ZJ/ugc-photo-ap-southeast-1-581603780057-acd24e232f75f09e/ACCOMMODATION/50224935_ACCOMMODATION_1541562154051_ccea1327306cd443?_src=imagekit&tr=c-at_max,h-100,q-40,w-100",,,,,,,,,,,,,,,,
https://www.traveloka.com/id-id/user/review/consumption/HOTEL/GENERAL/1000000530525,9,19,"Pengalaman saya disini sangat menyenangkan saya menginap 2 malam disini no breakfast room 705 dilantai paling atas, alasan saya tidak mengambil breakfast karena kuliner cirebon itu lezat-lezat perlu dicoba deh kalau kekota cirebon ada docang, nasi lengko, empal gentong, nasi jamblang. keseluruhan sih neo hotel terbilang sangat memuaskan, mulai dari kamar yang bersih, kamar mandi oke, Receptionis yang sangat cepat check-in dan check-out. Dan saya sebagai pendatang dapat fasilitas diantarkan oleh mobil neo hotel ke stasiun cirebon. Untuk budget terbilang okelah tidak terbilang mahal sekali, akses kemana-mana juga mudah kok apalagi sudah ada grab/gojek juga mudah mau berpergian juga. Terima kasih neo hotel Cirebon.",Diulas 394 minggu lalu,"https://ik.imagekit.io/tvlk/ugc-review/guys1L+Yyer9kzI3sp-pb0CG1j2bhflZGFUZOoIf1YOBAm37kEUOKR41ieUZm7ZJ/ugc-photo-ap-southeast-1-581603780057-acd24e232f75f09e/ACCOMMODATION/9450558_ACCOMMODATION_1540163858451_f8ac821bf9f9e086?_src=imagekit&tr=c-at_max,h-100,q-40,w-100","https://ik.imagekit.io/tvlk/ugc-review/guys1L+Yyer9kzI3sp-pb0CG1j2bhflZGFUZOoIf1YOBAm37kEUOKR41ieUZm7ZJ/ugc-photo-ap-southeast-1-581603780057-acd24e232f75f09e/ACCOMMODATION/9450558_ACCOMMODATION_1540163858452_e4b4ab7146031ae9?_src=imagekit&tr=c-at_max,h-100,q-40,w-100","https://ik.imagekit.io/tvlk/ugc-review/guys1L+Yyer9kzI3sp-pb0CG1j2bhflZGFUZOoIf1YOBAm37kEUOKR41ieUZm7ZJ/ugc-photo-ap-southeast-1-581603780057-acd24e232f75f09e/ACCOMMODATION/9450558_ACCOMMODATION_1540163858452_783692ee0dde5027?_src=imagekit&tr=c-at_max,h-100,q-40,w-100",,,,,,,,,,,,,,,,,
https://www.traveloka.com/id-id/user/review/consumption/HOTEL/GENERAL/1000000530525,9,20,"Hotel neo di cirebon. lokasi dekat pelabuhan. Harga terjangkau, and saya kemudian di hotel. Kamar oke, sarapan lumayan perlu ditingkatkan, tema interior modern, Untuk nama-nama ruangan ke cirebonan di rangga pertemuan bawah sayang tidak di berikan aksen cirebon, bahkan background restoran juga tidak motif megamendung. Parkir agar di fikirkan lebih baik mengingat disamping masih ada tanah kosong. Btw overall nice!",Diulas 394 minggu lalu,"https://ik.imagekit.io/tvlk/ugc-review/guys1L+Yyer9kzI3sp-pb0CG1j2bhflZGFUZOoIf1YOBAm37kEUOKR41ieUZm7ZJ/ugc-photo-ap-southeast-1-581603780057-acd24e232f75f09e/ACCOMMODATION/47771983_ACCOMMODATION_1539826879103_10f24dd999ff0d9e?_src=imagekit&tr=c-at_max,h-80,q-40,w-80","https://ik.imagekit.io/tvlk/ugc-review/guys1L+Yyer9kzI3sp-pb0CG1j2bhflZGFUZOoIf1YOBAm37kEUOKR41ieUZm7ZJ/ugc-photo-ap-southeast-1-581603780057-acd24e232f75f09e/ACCOMMODATION/47771983_ACCOMMODATION_1539826879104_2cc0521cdfa845db?_src=imagekit&tr=c-at_max,h-80,q-40,w-80","https://ik.imagekit.io/tvlk/ugc-review/guys1L+Yyer9kzI3sp-pb0CG1j2bhflZGFUZOoIf1YOBAm37kEUOKR41ieUZm7ZJ/ugc-photo-ap-southeast-1-581603780057-acd24e232f75f09e/ACCOMMODATION/47771983_ACCOMMODATION_1539826879104_d12f9a99a837db58?_src=imagekit&tr=c-at_max,h-80,q-40,w-80","https://ik.imagekit.io/tvlk/ugc-review/guys1L+Yyer9kzI3sp-pb0CG1j2bhflZGFUZOoIf1YOBAm37kEUOKR41ieUZm7ZJ/ugc-photo-ap-southeast-1-581603780057-acd24e232f75f09e/ACCOMMODATION/47771983_ACCOMMODATION_1539826879104_d205583f493d8abb?_src=imagekit&tr=c-at_max,h-80,q-40,w-80","https://ik.imagekit.io/tvlk/ugc-review/guys1L+Yyer9kzI3sp-pb0CG1j2bhflZGFUZOoIf1YOBAm37kEUOKR41ieUZm7ZJ/ugc-photo-ap-southeast-1-581603780057-acd24e232f75f09e/ACCOMMODATION/47771983_ACCOMMODATION_1539826879105_f0a5eb141384cf7e?_src=imagekit&tr=c-at_max,h-80,q-40,w-80","https://ik.imagekit.io/tvlk/ugc-review/guys1L+Yyer9kzI3sp-pb0CG1j2bhflZGFUZOoIf1YOBAm37kEUOKR41ieUZm7ZJ/ugc-photo-ap-southeast-1-581603780057-acd24e232f75f09e/ACCOMMODATION/47771983_ACCOMMODATION_1539826879105_3ad6187624520298?_src=imagekit&tr=c-at_max,h-80,q-40,w-80","https://ik.imagekit.io/tvlk/ugc-review/guys1L+Yyer9kzI3sp-pb0CG1j2bhflZGFUZOoIf1YOBAm37kEUOKR41ieUZm7ZJ/ugc-photo-ap-southeast-1-581603780057-acd24e232f75f09e/ACCOMMODATION/47771983_ACCOMMODATION_1539826879105_6d5084d87d441968?_src=imagekit&tr=c-at_max,h-80,q-40,w-80","https://ik.imagekit.io/tvlk/ugc-review/guys1L+Yyer9kzI3sp-pb0CG1j2bhflZGFUZOoIf1YOBAm37kEUOKR41ieUZm7ZJ/ugc-photo-ap-southeast-1-581603780057-acd24e232f75f09e/ACCOMMODATION/47771983_ACCOMMODATION_1539826879106_7fa6cd62b90fb65f?_src=imagekit&tr=c-at_max,h-80,q-40,w-80",,,,,,,,,,,,
https://www.traveloka.com/id-id/user/review/consumption/HOTEL/GENERAL/1000000530525,10,1,"Menginap di Neo hotel cirebon pertama kalinya, ah bersih nyaman, tidurnya bikin an-anak nyenyak. Nanti kita ke hotel lagi ya bu kata anak-anak.",Diulas 396 minggu lalu,"https://ik.imagekit.io/tvlk/ugc-review/guys1L+Yyer9kzI3sp-pb0CG1j2bhflZGFUZOoIf1YOBAm37kEUOKR41ieUZm7ZJ/ugc-photo-ap-southeast-1-581603780057-acd24e232f75f09e/ACCOMMODATION/8663129_ACCOMMODATION_1539050519311_053f322f8484c130?_src=imagekit&tr=c-at_max,h-100,q-40,w-100",,,,,,,,,,,,,,,,,,,
https://www.traveloka.com/id-id/user/review/consumption/HOTEL/GENERAL/1000000530525,10,2,Menyenangkan tinggal di sini. Staf yang sangat ramah dan membantu. Kamarnya nyaman. Mereka menyediakan kamar sebagai permintaan kami (lantai tinggi dan pemandangan laut). Dan mereka memiliki penjemputan gratis dari dan ke stasiun kereta. Senang tinggal di sini lagi ketika saya kembali ke Cirebon.,Diulas 397 minggu lalu,"https://ik.imagekit.io/tvlk/ugc-review/guys1L+Yyer9kzI3sp-pb0CG1j2bhflZGFUZOoIf1YOBAm37kEUOKR41ieUZm7ZJ/ugc-photo-ap-southeast-1-581603780057-acd24e232f75f09e/ACCOMMODATION/5628582_ACCOMMODATION_1537926930063_d34d7623ebe78bb3?_src=imagekit&tr=c-at_max,h-100,q-40,w-100",,,,,,,,,,,,,,,,,,,
https://www.traveloka.com/id-id/user/review/consumption/HOTEL/GENERAL/1000000530525,10,3,"Luar biasa berpengalaman, memiliki pemandangan indah di sudut kamar, pemandangan hotel dan pemandangan laut termasuk pemandangan matahari terbit. Staf yang sangat membantu dan menawan. Bantu saya untuk mencetak dokumen bisnis saya. Berikan saya tipe kamar yang saya inginkan. Ruangan itu sendiri bersih, fungsional, dan elegan. Posisi hotel ditutup ke kantor saya. Untuk sarapan mungkin tergolong bintang 4 dan enak. Check-in dan check-out cepat. Hotel yang sangat direkomendasikan di Cirebon.",Diulas 399 minggu lalu,"https://ik.imagekit.io/tvlk/ugc-review/guys1L+Yyer9kzI3sp-pb0CG1j2bhflZGFUZOoIf1YOBAm37kEUOKR41ieUZm7ZJ/ugc-photo-ap-southeast-1-581603780057-acd24e232f75f09e/ACCOMMODATION/7898319_ACCOMMODATION_1537150080762_0576f5d722dcad00?_src=imagekit&tr=c-at_max,h-100,q-40,w-100","https://ik.imagekit.io/tvlk/ugc-review/guys1L+Yyer9kzI3sp-pb0CG1j2bhflZGFUZOoIf1YOBAm37kEUOKR41ieUZm7ZJ/ugc-photo-ap-southeast-1-581603780057-acd24e232f75f09e/ACCOMMODATION/7898319_ACCOMMODATION_1537150080763_7675bac1c4ea1f3d?_src=imagekit&tr=c-at_max,h-100,q-40,w-100","https://ik.imagekit.io/tvlk/ugc-review/guys1L+Yyer9kzI3sp-pb0CG1j2bhflZGFUZOoIf1YOBAm37kEUOKR41ieUZm7ZJ/ugc-photo-ap-southeast-1-581603780057-acd24e232f75f09e/ACCOMMODATION/7898319_ACCOMMODATION_1537150080764_ef7d4b00cf98b4a4?_src=imagekit&tr=c-at_max,h-100,q-40,w-100","https://ik.imagekit.io/tvlk/ugc-review/guys1L+Yyer9kzI3sp-pb0CG1j2bhflZGFUZOoIf1YOBAm37kEUOKR41ieUZm7ZJ/ugc-photo-ap-southeast-1-581603780057-acd24e232f75f09e/ACCOMMODATION/7898319_ACCOMMODATION_1537150080764_84b571f8268f9b3b?_src=imagekit&tr=c-at_max,h-100,q-40,w-100","https://ik.imagekit.io/tvlk/ugc-review/guys1L+Yyer9kzI3sp-pb0CG1j2bhflZGFUZOoIf1YOBAm37kEUOKR41ieUZm7ZJ/ugc-photo-ap-southeast-1-581603780057-acd24e232f75f09e/ACCOMMODATION/7898319_ACCOMMODATION_1537150080764_f6b18b4d1f5acb98?_src=imagekit&tr=c-at_max,h-100,q-40,w-100",,,,,,,,,,,,,,,
https://www.traveloka.com/id-id/user/review/consumption/HOTEL/GENERAL/1000000530525,10,4,"Hotel bersih, namun berisik tidak kedap suara. pelayanan kurang ramah, Agak kecewa karena saya sudah menulis di pesanan khusus 1 ranjang besar tapi yang tersedia single bed dan yang buat saya kecewa resepsionisnya bilang saya. Baru kali ini saya liburan dengan suami tapi tidur dengan ranjang terpisah? Tolong di perbaiki di pelayanan tamu. terima kasih.",Diulas 400 minggu lalu,"https://ik.imagekit.io/tvlk/ugc-review/guys1L+Yyer9kzI3sp-pb0CG1j2bhflZGFUZOoIf1YOBAm37kEUOKR41ieUZm7ZJ/ugc-photo-ap-southeast-1-581603780057-acd24e232f75f09e/ACCOMMODATION/4988422_ACCOMMODATION_1536565038920_4031e700a836bc44?_src=imagekit&tr=c-at_max,h-100,q-40,w-100",,,,,,,,,,,,,,,,,,,
https://www.traveloka.com/id-id/user/review/consumption/HOTEL/GENERAL/1000000530525,10,5,"Hotel sederhana, cukup nyaman.",Diulas 400 minggu lalu,"https://ik.imagekit.io/tvlk/ugc-review/guys1L+Yyer9kzI3sp-pb0CG1j2bhflZGFUZOoIf1YOBAm37kEUOKR41ieUZm7ZJ/ugc-photo-ap-southeast-1-581603780057-acd24e232f75f09e/ACCOMMODATION/5737355_ACCOMMODATION_1536408432603_3d39081b06a89f6a?_src=imagekit&tr=c-at_max,h-100,q-40,w-100","https://ik.imagekit.io/tvlk/ugc-review/guys1L+Yyer9kzI3sp-pb0CG1j2bhflZGFUZOoIf1YOBAm37kEUOKR41ieUZm7ZJ/ugc-photo-ap-southeast-1-581603780057-acd24e232f75f09e/ACCOMMODATION/5737355_ACCOMMODATION_1536408527230_25225456c6536e6a?_src=imagekit&tr=c-at_max,h-100,q-40,w-100",,,,,,,,,,,,,,,,,,
https://www.traveloka.com/id-id/user/review/consumption/HOTEL/GENERAL/1000000530525,10,6,"Bersih banget, nyaman, tidur nyenyak.",Diulas 402 minggu lalu,"https://ik.imagekit.io/tvlk/ugc-review/guys1L+Yyer9kzI3sp-pb0CG1j2bhflZGFUZOoIf1YOBAm37kEUOKR41ieUZm7ZJ/ugc-photo-ap-southeast-1-581603780057-acd24e232f75f09e/ACCOMMODATION/18127074_ACCOMMODATION_1535344018616_a6f0fccebc69fa8d?_src=imagekit&tr=c-at_max,h-100,q-40,w-100",,,,,,,,,,,,,,,,,,,
https://www.traveloka.com/id-id/user/review/consumption/HOTEL/GENERAL/1000000530525,10,7,"Menginap di hotel Neo Cirebon Memuaskan untuk semua Fasilitas Hotelnya, cuma sedikit saja parkir mobilnya kurang.",Diulas 410 minggu lalu,"https://ik.imagekit.io/tvlk/ugc-review/guys1L+Yyer9kzI3sp-pb0CG1j2bhflZGFUZOoIf1YOBAm37kEUOKR41ieUZm7ZJ/ugc-photo-ap-southeast-1-581603780057-acd24e232f75f09e/ACCOMMODATION/40357485_ACCOMMODATION_1530487608592_fe37734a8f7c6172?_src=imagekit&tr=c-at_max,h-100,q-40,w-100",,,,,,,,,,,,,,,,,,,
https://www.traveloka.com/id-id/user/review/consumption/HOTEL/GENERAL/1000000530525,10,8,hotel bersih dan sederhana untuk tinggal. juga memiliki pemandangan indah laut dan gunung,Diulas 410 minggu lalu,"https://ik.imagekit.io/tvlk/ugc-review/guys1L+Yyer9kzI3sp-pb0CG1j2bhflZGFUZOoIf1YOBAm37kEUOKR41ieUZm7ZJ/ugc-photo-ap-southeast-1-581603780057-acd24e232f75f09e/ACCOMMODATION/14863806_ACCOMMODATION_1530322644727_2c293d797d7c19e3?_src=imagekit&tr=c-at_max,h-100,q-40,w-100",,,,,,,,,,,,,,,,,,,
https://www.traveloka.com/id-id/user/review/consumption/HOTEL/GENERAL/1000000530525,10,9,"Kamar bersih, staffnya ramah dan funki. Breakfast tidak ada yang spesial, tapi cukup kalau malas keluar nyari sarapan. Space parkir terbatas, jadi harus valet.",Diulas 411 minggu lalu,"https://ik.imagekit.io/tvlk/ugc-review/guys1L+Yyer9kzI3sp-pb0CG1j2bhflZGFUZOoIf1YOBAm37kEUOKR41ieUZm7ZJ/ugc-photo-ap-southeast-1-581603780057-acd24e232f75f09e/ACCOMMODATION/767770_ACCOMMODATION_1529979190102_b53288a4ac221bca?_src=imagekit&tr=c-at_max,h-100,q-40,w-100",,,,,,,,,,,,,,,,,,,
https://www.traveloka.com/id-id/user/review/consumption/HOTEL/GENERAL/1000000530525,10,10,Bagus... Dapat view pantai... Boleh dikunjungin kembalian,Diulas 411 minggu lalu,"https://ik.imagekit.io/tvlk/ugc-review/guys1L+Yyer9kzI3sp-pb0CG1j2bhflZGFUZOoIf1YOBAm37kEUOKR41ieUZm7ZJ/ugc-photo-ap-southeast-1-581603780057-acd24e232f75f09e/ACCOMMODATION/63254130_ACCOMMODATION_1529547115484_3e6d1207a4d2741d?_src=imagekit&tr=c-at_max,h-100,q-40,w-100","https://ik.imagekit.io/tvlk/ugc-review/guys1L+Yyer9kzI3sp-pb0CG1j2bhflZGFUZOoIf1YOBAm37kEUOKR41ieUZm7ZJ/ugc-photo-ap-southeast-1-581603780057-acd24e232f75f09e/ACCOMMODATION/63254130_ACCOMMODATION_1529547115484_974c6ca56173d37d?_src=imagekit&tr=c-at_max,h-100,q-40,w-100","https://ik.imagekit.io/tvlk/ugc-review/guys1L+Yyer9kzI3sp-pb0CG1j2bhflZGFUZOoIf1YOBAm37kEUOKR41ieUZm7ZJ/ugc-photo-ap-southeast-1-581603780057-acd24e232f75f09e/ACCOMMODATION/63254130_ACCOMMODATION_1529547115484_f859a8ea213b20bf?_src=imagekit&tr=c-at_max,h-100,q-40,w-100",,,,,,,,,,,,,,,,,
https://www.traveloka.com/id-id/user/review/consumption/HOTEL/GENERAL/1000000530525,10,11,"Bersih, pegawai baik ramah, pas sesuai dengan harganya.",Diulas 411 minggu lalu,"https://ik.imagekit.io/tvlk/ugc-review/guys1L+Yyer9kzI3sp-pb0CG1j2bhflZGFUZOoIf1YOBAm37kEUOKR41ieUZm7ZJ/ugc-photo-ap-southeast-1-581603780057-acd24e232f75f09e/ACCOMMODATION/14595674_ACCOMMODATION_1529832175008_4c476b36d962a36b?_src=imagekit&tr=c-at_max,h-100,q-40,w-100","https://ik.imagekit.io/tvlk/ugc-review/guys1L+Yyer9kzI3sp-pb0CG1j2bhflZGFUZOoIf1YOBAm37kEUOKR41ieUZm7ZJ/ugc-photo-ap-southeast-1-581603780057-acd24e232f75f09e/ACCOMMODATION/14595674_ACCOMMODATION_1529832175009_67d1818058eda180?_src=imagekit&tr=c-at_max,h-100,q-40,w-100",,,,,,,,,,,,,,,,,,
https://www.traveloka.com/id-id/user/review/consumption/HOTEL/GENERAL/1000000530525,10,12,"Kamar nya sangat nyaman, resepsionis nya baik baik banget. Cuma sayang kebagian kamar di pojok jadi aga bising sama housekepping",Diulas 411 minggu lalu,"https://ik.imagekit.io/tvlk/ugc-review/guys1L+Yyer9kzI3sp-pb0CG1j2bhflZGFUZOoIf1YOBAm37kEUOKR41ieUZm7ZJ/ugc-photo-ap-southeast-1-581603780057-acd24e232f75f09e/ACCOMMODATION/56696730_ACCOMMODATION_1529737640821_d4c4ac89d67a50b1?_src=imagekit&tr=c-at_max,h-100,q-40,w-100",,,,,,,,,,,,,,,,,,,
https://www.traveloka.com/id-id/user/review/consumption/HOTEL/GENERAL/1000000530525,10,13,"Semuanya bagus dari pelayanan, fasilitas, kenyamanan, lokasi, kebersihan, top. cuma ambil room superior tetapi fasilitas komplet (sudah disediakan kulkas dan Hairdryer), tempat kamar juga oke walaupun sebenarnya sempit tapi tidak begitu berasa. Yang paling berkesan adalah sea viewnya bisa lihat sunrise di laut Cirebon.",Diulas 411 minggu lalu,"https://ik.imagekit.io/tvlk/ugc-review/guys1L+Yyer9kzI3sp-pb0CG1j2bhflZGFUZOoIf1YOBAm37kEUOKR41ieUZm7ZJ/ugc-photo-ap-southeast-1-581603780057-acd24e232f75f09e/ACCOMMODATION/17556308_ACCOMMODATION_1529540699275_227d905266b58ad8?_src=imagekit&tr=c-at_max,h-100,q-40,w-100","https://ik.imagekit.io/tvlk/ugc-review/guys1L+Yyer9kzI3sp-pb0CG1j2bhflZGFUZOoIf1YOBAm37kEUOKR41ieUZm7ZJ/ugc-photo-ap-southeast-1-581603780057-acd24e232f75f09e/ACCOMMODATION/17556308_ACCOMMODATION_1529540699276_741e0d1392b00dd7?_src=imagekit&tr=c-at_max,h-100,q-40,w-100","https://ik.imagekit.io/tvlk/ugc-review/guys1L+Yyer9kzI3sp-pb0CG1j2bhflZGFUZOoIf1YOBAm37kEUOKR41ieUZm7ZJ/ugc-photo-ap-southeast-1-581603780057-acd24e232f75f09e/ACCOMMODATION/17556308_ACCOMMODATION_1529540699276_9b24faeb3e6b9a4d?_src=imagekit&tr=c-at_max,h-100,q-40,w-100","https://ik.imagekit.io/tvlk/ugc-review/guys1L+Yyer9kzI3sp-pb0CG1j2bhflZGFUZOoIf1YOBAm37kEUOKR41ieUZm7ZJ/ugc-photo-ap-southeast-1-581603780057-acd24e232f75f09e/ACCOMMODATION/17556308_ACCOMMODATION_1529540699277_fcefac5cfdc76595?_src=imagekit&tr=c-at_max,h-100,q-40,w-100",,,,,,,,,,,,,,,,
https://www.traveloka.com/id-id/user/review/consumption/HOTEL/GENERAL/1000000530525,10,14,"Kamar baik, parkir kurang makanan kurang dan tidak ada makanan khas daerah.",Diulas 411 minggu lalu,"https://ik.imagekit.io/tvlk/ugc-review/guys1L+Yyer9kzI3sp-pb0CG1j2bhflZGFUZOoIf1YOBAm37kEUOKR41ieUZm7ZJ/ugc-photo-ap-southeast-1-581603780057-acd24e232f75f09e/ACCOMMODATION/6541756_ACCOMMODATION_1529479550225_26000e103994d6cc?_src=imagekit&tr=c-at_max,h-100,q-40,w-100",,,,,,,,,,,,,,,,,,,
https://www.traveloka.com/id-id/user/review/consumption/HOTEL/GENERAL/1000000530525,10,15,"Saya tidak memiliki harapan tentang hotel ini, karena ini adalah pilihan menit terakhir saya untuk menginap di Cirebon, saya memilih NEO sebelum apa pun kecuali harga dan ketersediaan. Itu terjangkau dan masih tersedia untuk liburan akhir pekan. Dan, apa yang baik? Ruangan itu cukup luas, memiliki ruang yang cukup untuk Anda sholat, tempat tidurnya bersih dan nyaman, fasilitas kamar di luar harga. Sempurna. Dan ya, pemandangan lautan adalah penyembuhan terbaik untuk pikiran Anda.",Diulas 417 minggu lalu,"https://ik.imagekit.io/tvlk/ugc-review/guys1L+Yyer9kzI3sp-pb0CG1j2bhflZGFUZOoIf1YOBAm37kEUOKR41ieUZm7ZJ/ugc-photo-ap-southeast-1-581603780057-acd24e232f75f09e/ACCOMMODATION/11696863_ACCOMMODATION_1526307071052_7298fd49ecaa46fa?_src=imagekit&tr=c-at_max,h-100,q-40,w-100",,,,,,,,,,,,,,,,,,,
https://www.traveloka.com/id-id/user/review/consumption/HOTEL/GENERAL/1000000530525,10,16,"Hotelnya bagus, bersih, dan lokasinya dekat pantai. Pemandangan di pagi harinya keren, karena saya dapat kamar yang langsung mengarah ke pantai. Nice view guys.",Diulas 417 minggu lalu,"https://ik.imagekit.io/tvlk/ugc-review/guys1L+Yyer9kzI3sp-pb0CG1j2bhflZGFUZOoIf1YOBAm37kEUOKR41ieUZm7ZJ/ugc-photo-ap-southeast-1-581603780057-acd24e232f75f09e/ACCOMMODATION/7135434_ACCOMMODATION_1526263698543_ee19636faa76f78a?_src=imagekit&tr=c-at_max,h-80,q-40,w-80","https://ik.imagekit.io/tvlk/ugc-review/guys1L+Yyer9kzI3sp-pb0CG1j2bhflZGFUZOoIf1YOBAm37kEUOKR41ieUZm7ZJ/ugc-photo-ap-southeast-1-581603780057-acd24e232f75f09e/ACCOMMODATION/7135434_ACCOMMODATION_1526263698544_dbaa15affaf47033?_src=imagekit&tr=c-at_max,h-80,q-40,w-80","https://ik.imagekit.io/tvlk/ugc-review/guys1L+Yyer9kzI3sp-pb0CG1j2bhflZGFUZOoIf1YOBAm37kEUOKR41ieUZm7ZJ/ugc-photo-ap-southeast-1-581603780057-acd24e232f75f09e/ACCOMMODATION/7135434_ACCOMMODATION_1526263698544_cbbdf3d82f1739bf?_src=imagekit&tr=c-at_max,h-80,q-40,w-80","https://ik.imagekit.io/tvlk/ugc-review/guys1L+Yyer9kzI3sp-pb0CG1j2bhflZGFUZOoIf1YOBAm37kEUOKR41ieUZm7ZJ/ugc-photo-ap-southeast-1-581603780057-acd24e232f75f09e/ACCOMMODATION/7135434_ACCOMMODATION_1526263698545_dfbfe49686cd4d55?_src=imagekit&tr=c-at_max,h-80,q-40,w-80","https://ik.imagekit.io/tvlk/ugc-review/guys1L+Yyer9kzI3sp-pb0CG1j2bhflZGFUZOoIf1YOBAm37kEUOKR41ieUZm7ZJ/ugc-photo-ap-southeast-1-581603780057-acd24e232f75f09e/ACCOMMODATION/7135434_ACCOMMODATION_1526263698545_f9533c3bfb4abe47?_src=imagekit&tr=c-at_max,h-80,q-40,w-80","https://ik.imagekit.io/tvlk/ugc-review/guys1L+Yyer9kzI3sp-pb0CG1j2bhflZGFUZOoIf1YOBAm37kEUOKR41ieUZm7ZJ/ugc-photo-ap-southeast-1-581603780057-acd24e232f75f09e/ACCOMMODATION/7135434_ACCOMMODATION_1526263698545_89703d9858fe4985?_src=imagekit&tr=c-at_max,h-80,q-40,w-80","https://ik.imagekit.io/tvlk/ugc-review/guys1L+Yyer9kzI3sp-pb0CG1j2bhflZGFUZOoIf1YOBAm37kEUOKR41ieUZm7ZJ/ugc-photo-ap-southeast-1-581603780057-acd24e232f75f09e/ACCOMMODATION/7135434_ACCOMMODATION_1526263698546_e3335ea339a24efb?_src=imagekit&tr=c-at_max,h-80,q-40,w-80","https://ik.imagekit.io/tvlk/ugc-review/guys1L+Yyer9kzI3sp-pb0CG1j2bhflZGFUZOoIf1YOBAm37kEUOKR41ieUZm7ZJ/ugc-photo-ap-southeast-1-581603780057-acd24e232f75f09e/ACCOMMODATION/7135434_ACCOMMODATION_1526263698547_4b3f8ba1f4f87af7?_src=imagekit&tr=c-at_max,h-80,q-40,w-80","https://ik.imagekit.io/tvlk/ugc-review/guys1L+Yyer9kzI3sp-pb0CG1j2bhflZGFUZOoIf1YOBAm37kEUOKR41ieUZm7ZJ/ugc-photo-ap-southeast-1-581603780057-acd24e232f75f09e/ACCOMMODATION/7135434_ACCOMMODATION_1526263698546_ce94d0c80ba37131?_src=imagekit&tr=c-at_max,h-80,q-40,w-80","https://ik.imagekit.io/tvlk/ugc-review/guys1L+Yyer9kzI3sp-pb0CG1j2bhflZGFUZOoIf1YOBAm37kEUOKR41ieUZm7ZJ/ugc-photo-ap-southeast-1-581603780057-acd24e232f75f09e/ACCOMMODATION/7135434_ACCOMMODATION_1526263698546_f428415acf0d9f9a?_src=imagekit&tr=c-at_max,h-80,q-40,w-80",,,,,,,,,,
https://www.traveloka.com/id-id/user/review/consumption/HOTEL/GENERAL/1000000530525,10,17,"Hotel bersih, fasilitas kamar lengkap dan memiliki kamar dengan pemandangan laut. Tempat parkir tidak cukup besar untuk sebuah hotel. Namun, hotel menyediakan layanan parkir valet untuk mengatasi masalah parkir ini.",Diulas 421 minggu lalu,"https://ik.imagekit.io/tvlk/ugc-review/guys1L+Yyer9kzI3sp-pb0CG1j2bhflZGFUZOoIf1YOBAm37kEUOKR41ieUZm7ZJ/ugc-photo-ap-southeast-1-581603780057-acd24e232f75f09e/ACCOMMODATION/6460348_ACCOMMODATION_1523767874027_63275b8b8c054e25?_src=imagekit&tr=c-at_max,h-100,q-40,w-100","https://ik.imagekit.io/tvlk/ugc-review/guys1L+Yyer9kzI3sp-pb0CG1j2bhflZGFUZOoIf1YOBAm37kEUOKR41ieUZm7ZJ/ugc-photo-ap-southeast-1-581603780057-acd24e232f75f09e/ACCOMMODATION/6460348_ACCOMMODATION_1523767936195_e2297b074bc12f37?_src=imagekit&tr=c-at_max,h-100,q-40,w-100",,,,,,,,,,,,,,,,,,
https://www.traveloka.com/id-id/user/review/consumption/HOTEL/GENERAL/1000000530525,10,18,"Kamar and kamar mandinya bersih, kebetulan kemarin kamar yang saya dapat yang sea view, itu lumayan bagus, ada sedikit pemandangan di luar jendela.",Diulas 424 minggu lalu,"https://ik.imagekit.io/tvlk/ugc-review/guys1L+Yyer9kzI3sp-pb0CG1j2bhflZGFUZOoIf1YOBAm37kEUOKR41ieUZm7ZJ/ugc-photo-ap-southeast-1-581603780057-acd24e232f75f09e/ACCOMMODATION/8656542_ACCOMMODATION_1522114030581_27ab1055c344bd43?_src=imagekit&tr=c-at_max,h-100,q-40,w-100",,,,,,,,,,,,,,,,,,,
https://www.traveloka.com/id-id/user/review/consumption/HOTEL/GENERAL/1000000530525,10,19,"Keramahan yang baik, cukup nyaman, hotel yang bagus untuk perjalanan bisnis. kru bagus ... tetap bekerja dengan baik dan menjaga kualitas.",Diulas 425 minggu lalu,"https://ik.imagekit.io/tvlk/ugc-review/guys1L+Yyer9kzI3sp-pb0CG1j2bhflZGFUZOoIf1YOBAm37kEUOKR41ieUZm7ZJ/ugc-photo-ap-southeast-1-581603780057-acd24e232f75f09e/ACCOMMODATION/6854024_ACCOMMODATION_1521117076884_6987c82c928c6f44?_src=imagekit&tr=c-at_max,h-100,q-40,w-100",,,,,,,,,,,,,,,,,,,
