url,page,review_index,teks_ulasan,tanggal,gambar-1,gambar-2,gambar-3,gambar-4,gambar-5,gambar-6,gambar-7,gambar-8,gambar-9,gambar-10,gambar-11,gambar-12,gambar-13,gambar-14,gambar-15,gambar-16,gambar-17,gambar-18,gambar-19,gambar-20
https://www.traveloka.com/id-id/user/review/consumption/HOTEL/GENERAL/1000000467714,1,1,"All staff ramah, cocok untuk pertemuan halal bi halal",Diulas 7 minggu lalu,"https://ik.imagekit.io/tvlk/ugc-review/guys1L+Yyer9kzI3sp-pb0CG1j2bhflZGFUZOoIf1YOBAm37kEUOKR41ieUZm7ZJ/ugc-photo-ap-southeast-1-581603780057-acd24e232f75f09e/REVIEW/REVIEW_1774282799018_faf439001ba77567?_src=imagekit&tr=c-at_max,h-80,q-40,w-80","https://ik.imagekit.io/tvlk/ugc-review/guys1L+Yyer9kzI3sp-pb0CG1j2bhflZGFUZOoIf1YOBAm37kEUOKR41ieUZm7ZJ/ugc-photo-ap-southeast-1-581603780057-acd24e232f75f09e/REVIEW/REVIEW_1774282799018_6a6e106c147da688?_src=imagekit&tr=c-at_max,h-80,q-40,w-80","https://ik.imagekit.io/tvlk/ugc-review/guys1L+Yyer9kzI3sp-pb0CG1j2bhflZGFUZOoIf1YOBAm37kEUOKR41ieUZm7ZJ/ugc-photo-ap-southeast-1-581603780057-acd24e232f75f09e/REVIEW/REVIEW_1774282854461_c5d088b48dba6134?_src=imagekit&tr=c-at_max,h-80,q-40,w-80","https://ik.imagekit.io/tvlk/ugc-review/guys1L+Yyer9kzI3sp-pb0CG1j2bhflZGFUZOoIf1YOBAm37kEUOKR41ieUZm7ZJ/ugc-photo-ap-southeast-1-581603780057-acd24e232f75f09e/REVIEW/REVIEW_1774282854461_2107b0ac445c5164?_src=imagekit&tr=c-at_max,h-80,q-40,w-80","https://ik.imagekit.io/tvlk/ugc-review/guys1L+Yyer9kzI3sp-pb0CG1j2bhflZGFUZOoIf1YOBAm37kEUOKR41ieUZm7ZJ/ugc-photo-ap-southeast-1-581603780057-acd24e232f75f09e/REVIEW/REVIEW_1774282854461_23c6514a75763a9d?_src=imagekit&tr=c-at_max,h-80,q-40,w-80","https://ik.imagekit.io/tvlk/ugc-review/guys1L+Yyer9kzI3sp-pb0CG1j2bhflZGFUZOoIf1YOBAm37kEUOKR41ieUZm7ZJ/ugc-photo-ap-southeast-1-581603780057-acd24e232f75f09e/REVIEW/REVIEW_1774282854461_92871640af1e1b49?_src=imagekit&tr=c-at_max,h-80,q-40,w-80",https://d24fi85k5ai89e.cloudfront.net/REVIEW_VIDEO/THUMBNAIL/b8be45bb-dc1c-4531-8f51-f262c39174df.0000001.jpg,,,,,,,,,,,,,
https://www.traveloka.com/id-id/user/review/consumption/HOTEL/GENERAL/1000000467714,1,2,"Staf ramah, kamar nyaman dan bersih, dapat upgrade ke tipe superior tapi enggak tambah biaya... Terima kasih banyak",Diulas 8 minggu lalu,"https://ik.imagekit.io/tvlk/ugc-review/guys1L+Yyer9kzI3sp-pb0CG1j2bhflZGFUZOoIf1YOBAm37kEUOKR41ieUZm7ZJ/ugc-photo-ap-southeast-1-581603780057-acd24e232f75f09e/REVIEW/REVIEW_1773538681301_7ba42cbaa53afcb6?_src=imagekit&tr=c-at_max,h-100,q-40,w-100",,,,,,,,,,,,,,,,,,,
https://www.traveloka.com/id-id/user/review/consumption/HOTEL/GENERAL/1000000467714,1,3,"setiap ke garut selalu bermalam disini, selain nyaman sarapannya enak wlw kurang banyak variasinya",Diulas 15 minggu lalu,"https://ik.imagekit.io/tvlk/ugc-review/guys1L+Yyer9kzI3sp-pb0CG1j2bhflZGFUZOoIf1YOBAm37kEUOKR41ieUZm7ZJ/ugc-photo-ap-southeast-1-581603780057-acd24e232f75f09e/REVIEW/REVIEW_1769215586460_7f67a0d330fe1789?_src=imagekit&tr=c-at_max,h-100,q-40,w-100","https://ik.imagekit.io/tvlk/ugc-review/guys1L+Yyer9kzI3sp-pb0CG1j2bhflZGFUZOoIf1YOBAm37kEUOKR41ieUZm7ZJ/ugc-photo-ap-southeast-1-581603780057-acd24e232f75f09e/REVIEW/REVIEW_1769215586460_d8238ee1344b614f?_src=imagekit&tr=c-at_max,h-100,q-40,w-100",,,,,,,,,,,,,,,,,,
https://www.traveloka.com/id-id/user/review/consumption/HOTEL/GENERAL/1000000467714,1,4,"Lokasinya mudah dijangkau dan akses parkir mudah. Pelayanan ramah dan kamar bersih. 
Amenities cukup lengkap dan yang paling disuka, disediakan air galon sehingga mudah untuk mengambil air minum. 
ada playground untuk anak kecil di sebelah resepsionis dan ada kolam renang kecil yang belum dicoba.",Diulas 16 minggu lalu,"https://ik.imagekit.io/tvlk/ugc-review/guys1L+Yyer9kzI3sp-pb0CG1j2bhflZGFUZOoIf1YOBAm37kEUOKR41ieUZm7ZJ/ugc-photo-ap-southeast-1-581603780057-acd24e232f75f09e/REVIEW/REVIEW_1768381231724_0be3eb4749baa69e?_src=imagekit&tr=c-at_max,h-100,q-40,w-100",,,,,,,,,,,,,,,,,,,
https://www.traveloka.com/id-id/user/review/consumption/HOTEL/GENERAL/1000000467714,1,5,"liburan tahunan keluarga disini sangat berkesan. hotelnya nyaman, udara sejuk, makanan enak, staff sangat helpfull.. disekitar hotel jg byk tempat makan dan tempat hiburan. Thanks FAVE Garut..",Diulas 18 minggu lalu,"https://ik.imagekit.io/tvlk/ugc-review/guys1L+Yyer9kzI3sp-pb0CG1j2bhflZGFUZOoIf1YOBAm37kEUOKR41ieUZm7ZJ/ugc-photo-ap-southeast-1-581603780057-acd24e232f75f09e/REVIEW/REVIEW_1767451413012_b81fc9b0b5d30cab?_src=imagekit&tr=c-at_max,h-100,q-40,w-100","https://ik.imagekit.io/tvlk/ugc-review/guys1L+Yyer9kzI3sp-pb0CG1j2bhflZGFUZOoIf1YOBAm37kEUOKR41ieUZm7ZJ/ugc-photo-ap-southeast-1-581603780057-acd24e232f75f09e/REVIEW/REVIEW_1767451413008_aecabe853fd33b66?_src=imagekit&tr=c-at_max,h-100,q-40,w-100",,,,,,,,,,,,,,,,,,
https://www.traveloka.com/id-id/user/review/consumption/HOTEL/GENERAL/1000000467714,1,6,"ambience enak bgt buat istirahat, posisinya agak masuk jadi ngga bising dan kamarnya lumayan bersih. kurangnya di proses check in hampir 1 jam nunggu kamarnya ready",Diulas 20 minggu lalu,"https://ik.imagekit.io/tvlk/ugc-review/guys1L+Yyer9kzI3sp-pb0CG1j2bhflZGFUZOoIf1YOBAm37kEUOKR41ieUZm7ZJ/ugc-photo-ap-southeast-1-581603780057-acd24e232f75f09e/REVIEW/REVIEW_1766463073094_8f2efabd622593d8?_src=imagekit&tr=c-at_max,h-100,q-40,w-100",,,,,,,,,,,,,,,,,,,
https://www.traveloka.com/id-id/user/review/consumption/HOTEL/GENERAL/1000000467714,1,7,Bagus hotelnya bersih suasananya nyaman,Diulas 20 minggu lalu,"https://ik.imagekit.io/tvlk/ugc-review/guys1L+Yyer9kzI3sp-pb0CG1j2bhflZGFUZOoIf1YOBAm37kEUOKR41ieUZm7ZJ/ugc-photo-ap-southeast-1-581603780057-acd24e232f75f09e/REVIEW/REVIEW_1766166432844_88aed647adca18db?_src=imagekit&tr=c-at_max,h-100,q-40,w-100",,,,,,,,,,,,,,,,,,,
https://www.traveloka.com/id-id/user/review/consumption/HOTEL/GENERAL/1000000467714,1,8,"Seru banget, deket kemana mana posisinya pas ditengah, didepan ada bumi upi approve deh",Diulas 21 minggu lalu,https://d24fi85k5ai89e.cloudfront.net/REVIEW_VIDEO/THUMBNAIL/1e7ed597-3c72-425d-a81c-5075c891be08.0000001.jpg,,,,,,,,,,,,,,,,,,,
https://www.traveloka.com/id-id/user/review/consumption/HOTEL/GENERAL/1000000467714,1,9,hotel yang bagus. di tengah kota,Diulas 27 minggu lalu,"https://ik.imagekit.io/tvlk/ugc-review/guys1L+Yyer9kzI3sp-pb0CG1j2bhflZGFUZOoIf1YOBAm37kEUOKR41ieUZm7ZJ/ugc-photo-ap-southeast-1-581603780057-acd24e232f75f09e/REVIEW/REVIEW_1761721871218_651cada4020d5ec4?_src=imagekit&tr=c-at_max,h-100,q-40,w-100",,,,,,,,,,,,,,,,,,,
https://www.traveloka.com/id-id/user/review/consumption/HOTEL/GENERAL/1000000467714,1,10,"staff sangat responsif, saya mendapatkan kamar yang baik. Saya bisa tidur dengan tenang disini. Saya menginap 3 malam dan semuanya bagus. Bila ke Garut lagi saya pasti akan menginap disini lagi.",Diulas 29 minggu lalu,"https://ik.imagekit.io/tvlk/ugc-review/guys1L+Yyer9kzI3sp-pb0CG1j2bhflZGFUZOoIf1YOBAm37kEUOKR41ieUZm7ZJ/ugc-photo-ap-southeast-1-581603780057-acd24e232f75f09e/REVIEW/REVIEW_1760678666719_30ed2a07e2c1d8a3?_src=imagekit&tr=c-at_max,h-100,q-40,w-100",,,,,,,,,,,,,,,,,,,
https://www.traveloka.com/id-id/user/review/consumption/HOTEL/GENERAL/1000000467714,1,11,"Sangat enak dan sangat nyaman, lokasi strategis, lingkungan bisa istirahat karena tidak berisik. Bersih dan juga makanannya enak.",Diulas 35 minggu lalu,"https://ik.imagekit.io/tvlk/ugc-review/guys1L+Yyer9kzI3sp-pb0CG1j2bhflZGFUZOoIf1YOBAm37kEUOKR41ieUZm7ZJ/ugc-photo-ap-southeast-1-581603780057-acd24e232f75f09e/REVIEW/REVIEW_1757031074934_a0de1e12128b111a?_src=imagekit&tr=c-at_max,h-100,q-40,w-100",,,,,,,,,,,,,,,,,,,
https://www.traveloka.com/id-id/user/review/consumption/HOTEL/GENERAL/1000000467714,1,12,"Kamarnya bersih, tempat tidurnya luas, strategis ke mana aja dekat.",Diulas 43 minggu lalu,"https://ik.imagekit.io/tvlk/ugc-review/guys1L+Yyer9kzI3sp-pb0CG1j2bhflZGFUZOoIf1YOBAm37kEUOKR41ieUZm7ZJ/ugc-photo-ap-southeast-1-581603780057-acd24e232f75f09e/REVIEW/REVIEW_1752249843158_73877ffd89aae42f?_src=imagekit&tr=c-at_max,h-100,q-40,w-100",,,,,,,,,,,,,,,,,,,
https://www.traveloka.com/id-id/user/review/consumption/HOTEL/GENERAL/1000000467714,1,13,2x menginap disini karena dinas kantor. Banyak restoran dan strategis daerah kota. Makanan enak dan kamar nyaman dan bersih. Saran bisa ditambahkan meja lagi untuk laptop / pemanas air.,Diulas 43 minggu lalu,"https://ik.imagekit.io/tvlk/ugc-review/guys1L+Yyer9kzI3sp-pb0CG1j2bhflZGFUZOoIf1YOBAm37kEUOKR41ieUZm7ZJ/ugc-photo-ap-southeast-1-581603780057-acd24e232f75f09e/REVIEW/REVIEW_1752214070288_77a8302fb9e2f2d5?_src=imagekit&tr=c-at_max,h-100,q-40,w-100",,,,,,,,,,,,,,,,,,,
https://www.traveloka.com/id-id/user/review/consumption/HOTEL/GENERAL/1000000467714,1,14,"hotel bersih, akses hotel mudah, depan persis warung bumi upi",Diulas 49 minggu lalu,"https://ik.imagekit.io/tvlk/ugc-review/guys1L+Yyer9kzI3sp-pb0CG1j2bhflZGFUZOoIf1YOBAm37kEUOKR41ieUZm7ZJ/ugc-photo-ap-southeast-1-581603780057-acd24e232f75f09e/REVIEW/5895748_REVIEW_1748775807616_569bfca81bd05968?_src=imagekit&tr=c-at_max,h-100,q-40,w-100",,,,,,,,,,,,,,,,,,,
https://www.traveloka.com/id-id/user/review/consumption/HOTEL/GENERAL/1000000467714,1,15,Tempat yang nyaman...udara dingin,Diulas 49 minggu lalu,"https://ik.imagekit.io/tvlk/ugc-review/guys1L+Yyer9kzI3sp-pb0CG1j2bhflZGFUZOoIf1YOBAm37kEUOKR41ieUZm7ZJ/ugc-photo-ap-southeast-1-581603780057-acd24e232f75f09e/REVIEW/184250931_REVIEW_1748616547376_4b74d35314b6f575?_src=imagekit&tr=c-at_max,h-100,q-40,w-100",,,,,,,,,,,,,,,,,,,
https://www.traveloka.com/id-id/user/review/consumption/HOTEL/GENERAL/1000000467714,1,16,Bagus banget dan nyaman buat tidur,Diulas 50 minggu lalu,"https://ik.imagekit.io/tvlk/ugc-review/guys1L+Yyer9kzI3sp-pb0CG1j2bhflZGFUZOoIf1YOBAm37kEUOKR41ieUZm7ZJ/ugc-photo-ap-southeast-1-581603780057-acd24e232f75f09e/REVIEW/269198610_REVIEW_1748222983613_e50fc2a8215d2858?_src=imagekit&tr=c-at_max,h-100,q-40,w-100",,,,,,,,,,,,,,,,,,,
https://www.traveloka.com/id-id/user/review/consumption/HOTEL/GENERAL/1000000467714,1,17,"pesan 2 kamar request connecting room dan available,  jadi mudah komunikasi dengan kamar sebelah. Rasa masakan enak cocok di lidah, jadi pilihan untuk trip selanjutnya kalau ke Garut.",Diulas 50 minggu lalu,"https://ik.imagekit.io/tvlk/ugc-review/guys1L+Yyer9kzI3sp-pb0CG1j2bhflZGFUZOoIf1YOBAm37kEUOKR41ieUZm7ZJ/ugc-photo-ap-southeast-1-581603780057-acd24e232f75f09e/REVIEW/214416209_REVIEW_1747837263453_683e4371ca716d5d?_src=imagekit&tr=c-at_max,h-100,q-40,w-100",,,,,,,,,,,,,,,,,,,
https://www.traveloka.com/id-id/user/review/consumption/HOTEL/GENERAL/1000000467714,1,18,"Suasana nya enak, nyaman. makanan enak. staff ramah. lokasi strategis. kamar bersih. recomended.",Diulas 51 minggu lalu,"https://ik.imagekit.io/tvlk/ugc-review/guys1L+Yyer9kzI3sp-pb0CG1j2bhflZGFUZOoIf1YOBAm37kEUOKR41ieUZm7ZJ/ugc-photo-ap-southeast-1-581603780057-acd24e232f75f09e/REVIEW/172598840_REVIEW_1747469509931_24c01db647307e9e?_src=imagekit&tr=c-at_max,h-100,q-40,w-100",,,,,,,,,,,,,,,,,,,
https://www.traveloka.com/id-id/user/review/consumption/HOTEL/GENERAL/1000000467714,1,19,"Lokasi hotel strategis, kamar nyaman dan pemandangan oke, lebih ditingkatkan lagi pelayananannya, satpam/petugas di depan lobby harusnya sigap membantu tamu membawa barang. Tapi, overall oke.",Diulas 51 minggu lalu,"https://ik.imagekit.io/tvlk/ugc-review/guys1L+Yyer9kzI3sp-pb0CG1j2bhflZGFUZOoIf1YOBAm37kEUOKR41ieUZm7ZJ/ugc-photo-ap-southeast-1-581603780057-acd24e232f75f09e/REVIEW/12298680_REVIEW_1747217001948_13e23e13cbd4739b?_src=imagekit&tr=c-at_max,h-100,q-40,w-100",,,,,,,,,,,,,,,,,,,
https://www.traveloka.com/id-id/user/review/consumption/HOTEL/GENERAL/1000000467714,1,20,"Strategis, parkiran luas, tidur nyaman, staf ramah, walau sedikit kendala ketika check-in karena pemesan belum sampai. Check-in diwakilkan oleh keluarga yang duluan sampai, katanya tidak bisa, padahal sudah menunjukkan bukti booking dan KTP pemesan sudah payment. Tapi untungnya dibantu staf lain, akhirnya bisa.",Diulas 57 minggu lalu,"https://ik.imagekit.io/tvlk/ugc-review/guys1L+Yyer9kzI3sp-pb0CG1j2bhflZGFUZOoIf1YOBAm37kEUOKR41ieUZm7ZJ/ugc-photo-ap-southeast-1-581603780057-acd24e232f75f09e/REVIEW/288460378_REVIEW_1744072799207_d08c492c923f53db?_src=imagekit&tr=c-at_max,h-100,q-40,w-100",,,,,,,,,,,,,,,,,,,
https://www.traveloka.com/id-id/user/review/consumption/HOTEL/GENERAL/1000000467714,1,21,"Makanannya enak ckup variatif, staff nya ramah, cukup bersih. Transit istirahat dsni saat mudik, lokasinya strategis. Check out lewat tengah malam resepsionis dan security ya melayani dgn ramah",Diulas 57 minggu lalu,"https://ik.imagekit.io/tvlk/ugc-review/guys1L+Yyer9kzI3sp-pb0CG1j2bhflZGFUZOoIf1YOBAm37kEUOKR41ieUZm7ZJ/ugc-photo-ap-southeast-1-581603780057-acd24e232f75f09e/REVIEW/5482931_REVIEW_1743768082566_f3f2cdb367de2e89?_src=imagekit&tr=c-at_max,h-100,q-40,w-100",,,,,,,,,,,,,,,,,,,
https://www.traveloka.com/id-id/user/review/consumption/HOTEL/GENERAL/1000000467714,1,22,"hotel yg dekat aksesny ke pusat kota, kolam renang ga terlalu besar tp cukup..kamar bersih,kamar mandi bersih..tp ada noda dikit di sprei, utk menu restony masih perlu ditingkatkan rasany..menu breakfast variatif senengny menunya cepet direfill kalo mo habis.",Diulas 63 minggu lalu,"https://ik.imagekit.io/tvlk/ugc-review/guys1L+Yyer9kzI3sp-pb0CG1j2bhflZGFUZOoIf1YOBAm37kEUOKR41ieUZm7ZJ/ugc-photo-ap-southeast-1-581603780057-acd24e232f75f09e/REVIEW/209720255_REVIEW_1740372332516_b2aabcfb74f32d0b?_src=imagekit&tr=c-at_max,h-100,q-40,w-100","https://ik.imagekit.io/tvlk/ugc-review/guys1L+Yyer9kzI3sp-pb0CG1j2bhflZGFUZOoIf1YOBAm37kEUOKR41ieUZm7ZJ/ugc-photo-ap-southeast-1-581603780057-acd24e232f75f09e/REVIEW/209720255_REVIEW_1740372332517_142fac0e8353a830?_src=imagekit&tr=c-at_max,h-100,q-40,w-100","https://ik.imagekit.io/tvlk/ugc-review/guys1L+Yyer9kzI3sp-pb0CG1j2bhflZGFUZOoIf1YOBAm37kEUOKR41ieUZm7ZJ/ugc-photo-ap-southeast-1-581603780057-acd24e232f75f09e/REVIEW/209720255_REVIEW_1740372332517_33c3583512bdc228?_src=imagekit&tr=c-at_max,h-100,q-40,w-100","https://ik.imagekit.io/tvlk/ugc-review/guys1L+Yyer9kzI3sp-pb0CG1j2bhflZGFUZOoIf1YOBAm37kEUOKR41ieUZm7ZJ/ugc-photo-ap-southeast-1-581603780057-acd24e232f75f09e/REVIEW/209720255_REVIEW_1740372411803_0785f0cffd8f8410?_src=imagekit&tr=c-at_max,h-100,q-40,w-100","https://ik.imagekit.io/tvlk/ugc-review/guys1L+Yyer9kzI3sp-pb0CG1j2bhflZGFUZOoIf1YOBAm37kEUOKR41ieUZm7ZJ/ugc-photo-ap-southeast-1-581603780057-acd24e232f75f09e/REVIEW/209720255_REVIEW_1740372532606_65cf557926719d7f?_src=imagekit&tr=c-at_max,h-100,q-40,w-100",,,,,,,,,,,,,,,
https://www.traveloka.com/id-id/user/review/consumption/HOTEL/GENERAL/1000000467714,1,23,"bersih, nyaman akses tengah kota dan ke tempat wisata cukup dekat",Diulas 64 minggu lalu,"https://ik.imagekit.io/tvlk/ugc-review/guys1L+Yyer9kzI3sp-pb0CG1j2bhflZGFUZOoIf1YOBAm37kEUOKR41ieUZm7ZJ/ugc-photo-ap-southeast-1-581603780057-acd24e232f75f09e/REVIEW/178691211_REVIEW_1739366509483_97ac863b3d75c13e?_src=imagekit&tr=c-at_max,h-100,q-40,w-100",,,,,,,,,,,,,,,,,,,
https://www.traveloka.com/id-id/user/review/consumption/HOTEL/GENERAL/1000000467714,1,24,Juara semua staff-nya. Lokasi prime. Sarapan cukup ok. *Ini karena saya memang tidak butuh air panas belerang ya.*,Diulas 65 minggu lalu,"https://ik.imagekit.io/tvlk/ugc-review/guys1L+Yyer9kzI3sp-pb0CG1j2bhflZGFUZOoIf1YOBAm37kEUOKR41ieUZm7ZJ/ugc-photo-ap-southeast-1-581603780057-acd24e232f75f09e/REVIEW/2402057_REVIEW_1739159302976_28e85febe54275ef?_src=imagekit&tr=c-at_max,h-80,q-40,w-80","https://ik.imagekit.io/tvlk/ugc-review/guys1L+Yyer9kzI3sp-pb0CG1j2bhflZGFUZOoIf1YOBAm37kEUOKR41ieUZm7ZJ/ugc-photo-ap-southeast-1-581603780057-acd24e232f75f09e/REVIEW/2402057_REVIEW_1739159302979_a67eb81f2c617b0a?_src=imagekit&tr=c-at_max,h-80,q-40,w-80","https://ik.imagekit.io/tvlk/ugc-review/guys1L+Yyer9kzI3sp-pb0CG1j2bhflZGFUZOoIf1YOBAm37kEUOKR41ieUZm7ZJ/ugc-photo-ap-southeast-1-581603780057-acd24e232f75f09e/REVIEW/2402057_REVIEW_1739159302979_0d98fdaab533a627?_src=imagekit&tr=c-at_max,h-80,q-40,w-80","https://ik.imagekit.io/tvlk/ugc-review/guys1L+Yyer9kzI3sp-pb0CG1j2bhflZGFUZOoIf1YOBAm37kEUOKR41ieUZm7ZJ/ugc-photo-ap-southeast-1-581603780057-acd24e232f75f09e/REVIEW/2402057_REVIEW_1739159302980_9a11739782598f1a?_src=imagekit&tr=c-at_max,h-80,q-40,w-80","https://ik.imagekit.io/tvlk/ugc-review/guys1L+Yyer9kzI3sp-pb0CG1j2bhflZGFUZOoIf1YOBAm37kEUOKR41ieUZm7ZJ/ugc-photo-ap-southeast-1-581603780057-acd24e232f75f09e/REVIEW/2402057_REVIEW_1739159302980_e6ea74c23054e524?_src=imagekit&tr=c-at_max,h-80,q-40,w-80","https://ik.imagekit.io/tvlk/ugc-review/guys1L+Yyer9kzI3sp-pb0CG1j2bhflZGFUZOoIf1YOBAm37kEUOKR41ieUZm7ZJ/ugc-photo-ap-southeast-1-581603780057-acd24e232f75f09e/REVIEW/2402057_REVIEW_1739159302980_62764be89d52b72e?_src=imagekit&tr=c-at_max,h-80,q-40,w-80","https://ik.imagekit.io/tvlk/ugc-review/guys1L+Yyer9kzI3sp-pb0CG1j2bhflZGFUZOoIf1YOBAm37kEUOKR41ieUZm7ZJ/ugc-photo-ap-southeast-1-581603780057-acd24e232f75f09e/REVIEW/2402057_REVIEW_1739159302980_75d960d9fef6de37?_src=imagekit&tr=c-at_max,h-80,q-40,w-80",,,,,,,,,,,,,
https://www.traveloka.com/id-id/user/review/consumption/HOTEL/GENERAL/1000000467714,1,25,"kamarnya enak luas, view gunung keliatan dari jendela, stafnya ramah.",Diulas 69 minggu lalu,"https://ik.imagekit.io/tvlk/ugc-review/guys1L+Yyer9kzI3sp-pb0CG1j2bhflZGFUZOoIf1YOBAm37kEUOKR41ieUZm7ZJ/ugc-photo-ap-southeast-1-581603780057-acd24e232f75f09e/REVIEW/6065833_REVIEW_1736817147408_8e6143767c10224a?_src=imagekit&tr=c-at_max,h-100,q-40,w-100","https://ik.imagekit.io/tvlk/ugc-review/guys1L+Yyer9kzI3sp-pb0CG1j2bhflZGFUZOoIf1YOBAm37kEUOKR41ieUZm7ZJ/ugc-photo-ap-southeast-1-581603780057-acd24e232f75f09e/REVIEW/6065833_REVIEW_1736817147408_ba94fc3172099cba?_src=imagekit&tr=c-at_max,h-100,q-40,w-100",,,,,,,,,,,,,,,,,,
https://www.traveloka.com/id-id/user/review/consumption/HOTEL/GENERAL/1000000467714,1,26,"Sangat menyenangkan menginap di sini, ada fasilitas kolam renang, sarapan-nya juga banyak pilihan. Recommended buat keluarga",Diulas 69 minggu lalu,"https://ik.imagekit.io/tvlk/ugc-review/guys1L+Yyer9kzI3sp-pb0CG1j2bhflZGFUZOoIf1YOBAm37kEUOKR41ieUZm7ZJ/ugc-photo-ap-southeast-1-581603780057-acd24e232f75f09e/REVIEW/347020669_REVIEW_1736750233706_4b5dc3a356141557?_src=imagekit&tr=c-at_max,h-100,q-40,w-100",,,,,,,,,,,,,,,,,,,
https://www.traveloka.com/id-id/user/review/consumption/HOTEL/GENERAL/1000000467714,1,27,Mantap sekali bisa liat gunung cikurai,Diulas 73 minggu lalu,"https://ik.imagekit.io/tvlk/ugc-review/guys1L+Yyer9kzI3sp-pb0CG1j2bhflZGFUZOoIf1YOBAm37kEUOKR41ieUZm7ZJ/ugc-photo-ap-southeast-1-581603780057-acd24e232f75f09e/REVIEW/64634533_REVIEW_1734407309643_a3d12fc417d5cf97?_src=imagekit&tr=c-at_max,h-100,q-40,w-100",,,,,,,,,,,,,,,,,,,
https://www.traveloka.com/id-id/user/review/consumption/HOTEL/GENERAL/1000000467714,1,28,"Nyaman untuk rapat santai di pinggir kolam, makanan mudah dipesan dan harga cukup terjangkau.",Diulas 79 minggu lalu,"https://ik.imagekit.io/tvlk/ugc-review/guys1L+Yyer9kzI3sp-pb0CG1j2bhflZGFUZOoIf1YOBAm37kEUOKR41ieUZm7ZJ/ugc-photo-ap-southeast-1-581603780057-acd24e232f75f09e/REVIEW/179954611_REVIEW_1730634980768_6a8363d6bce06521?_src=imagekit&tr=c-at_max,h-100,q-40,w-100",,,,,,,,,,,,,,,,,,,
https://www.traveloka.com/id-id/user/review/consumption/HOTEL/GENERAL/1000000467714,1,29,"Pertama kali menginap di sini, tidak menyangka akan puas seperti ini. Nyaman banget, kamarnya oke, fasilitas oke plus bisa Netflix di kamar, cocok banget buat staycation bareng keluarga, lokasinya juga strategis, best!",Diulas 84 minggu lalu,"https://ik.imagekit.io/tvlk/ugc-review/guys1L+Yyer9kzI3sp-pb0CG1j2bhflZGFUZOoIf1YOBAm37kEUOKR41ieUZm7ZJ/ugc-photo-ap-southeast-1-581603780057-acd24e232f75f09e/REVIEW/111991721_REVIEW_1727575869113_ac50c86821a9b635?_src=imagekit&tr=c-at_max,h-100,q-40,w-100","https://ik.imagekit.io/tvlk/ugc-review/guys1L+Yyer9kzI3sp-pb0CG1j2bhflZGFUZOoIf1YOBAm37kEUOKR41ieUZm7ZJ/ugc-photo-ap-southeast-1-581603780057-acd24e232f75f09e/REVIEW/111991721_REVIEW_1727575869112_24c4a3565fb22f3e?_src=imagekit&tr=c-at_max,h-100,q-40,w-100",,,,,,,,,,,,,,,,,,
https://www.traveloka.com/id-id/user/review/consumption/HOTEL/GENERAL/1000000467714,1,30,"Staf hotel ramah, bisa nitip makanan di kulkas dan aman. Di lobi malam hari ada cemilan serta minuman wedang sebagai penghangat tubuh. Berkali-kali saya menginap di sini karena nyaman.",Diulas 86 minggu lalu,"https://ik.imagekit.io/tvlk/ugc-review/guys1L+Yyer9kzI3sp-pb0CG1j2bhflZGFUZOoIf1YOBAm37kEUOKR41ieUZm7ZJ/ugc-photo-ap-southeast-1-581603780057-acd24e232f75f09e/REVIEW/316766649_REVIEW_1726416282182_703e1f89c0281cfd?_src=imagekit&tr=c-at_max,h-100,q-40,w-100","https://ik.imagekit.io/tvlk/ugc-review/guys1L+Yyer9kzI3sp-pb0CG1j2bhflZGFUZOoIf1YOBAm37kEUOKR41ieUZm7ZJ/ugc-photo-ap-southeast-1-581603780057-acd24e232f75f09e/REVIEW/316766649_REVIEW_1726416282182_5cf11ba3bb983138?_src=imagekit&tr=c-at_max,h-100,q-40,w-100",,,,,,,,,,,,,,,,,,
https://www.traveloka.com/id-id/user/review/consumption/HOTEL/GENERAL/1000000467714,1,31,"Pelayanan'a sangat bagus dan memuaskan, 🥰.",Diulas 92 minggu lalu,"https://ik.imagekit.io/tvlk/ugc-review/guys1L+Yyer9kzI3sp-pb0CG1j2bhflZGFUZOoIf1YOBAm37kEUOKR41ieUZm7ZJ/ugc-photo-ap-southeast-1-581603780057-acd24e232f75f09e/REVIEW/257405991_REVIEW_1722760159146_fabaeb942f31114b?_src=imagekit&tr=c-at_max,h-100,q-40,w-100","https://ik.imagekit.io/tvlk/ugc-review/guys1L+Yyer9kzI3sp-pb0CG1j2bhflZGFUZOoIf1YOBAm37kEUOKR41ieUZm7ZJ/ugc-photo-ap-southeast-1-581603780057-acd24e232f75f09e/REVIEW/257405991_REVIEW_1722760191241_02517679aead4ef0?_src=imagekit&tr=c-at_max,h-100,q-40,w-100",,,,,,,,,,,,,,,,,,
https://www.traveloka.com/id-id/user/review/consumption/HOTEL/GENERAL/1000000467714,1,32,"Sangat berkesan dengan pelayanan Favehotel Garut, awalnya dapat kamar yang smoking karena sudah request no smoking karena tidak bisa menghirup udara bekas kamar yang smoking dibantu oleh resepsionis untuk dipindahkan ke kamar ke no smoking yang di-update ke superior tanpa tambahan biaya. Terima kasih🙏💕",Diulas 96 minggu lalu,"https://ik.imagekit.io/tvlk/ugc-review/guys1L+Yyer9kzI3sp-pb0CG1j2bhflZGFUZOoIf1YOBAm37kEUOKR41ieUZm7ZJ/ugc-photo-ap-southeast-1-581603780057-acd24e232f75f09e/REVIEW/3147626_REVIEW_1720526089774_a51de1860bee9cfb?_src=imagekit&tr=c-at_max,h-100,q-40,w-100",,,,,,,,,,,,,,,,,,,
https://www.traveloka.com/id-id/user/review/consumption/HOTEL/GENERAL/1000000467714,1,33,Hotel terbaik di Garut dan berada di tengah kota mudah di akses.,Diulas 99 minggu lalu,"https://ik.imagekit.io/tvlk/ugc-review/guys1L+Yyer9kzI3sp-pb0CG1j2bhflZGFUZOoIf1YOBAm37kEUOKR41ieUZm7ZJ/ugc-photo-ap-southeast-1-581603780057-acd24e232f75f09e/REVIEW/123118168_REVIEW_1718727815358_0b0e4f03f0276164?_src=imagekit&tr=c-at_max,h-100,q-40,w-100",,,,,,,,,,,,,,,,,,,
https://www.traveloka.com/id-id/user/review/consumption/HOTEL/GENERAL/1000000467714,1,34,"Saat check-in nunggu dulu karena kamar masih disiapkan, pintu kamar rada susah pas bukanya harus diperbaiki, tapi overall pelayanan, makanan, kebersihan, kenyamanan kamar sudah baik.",Diulas 99 minggu lalu,"https://ik.imagekit.io/tvlk/ugc-review/guys1L+Yyer9kzI3sp-pb0CG1j2bhflZGFUZOoIf1YOBAm37kEUOKR41ieUZm7ZJ/ugc-photo-ap-southeast-1-581603780057-acd24e232f75f09e/REVIEW/181112795_REVIEW_1718592605565_932d37de3287e278?_src=imagekit&tr=c-at_max,h-100,q-40,w-100","https://ik.imagekit.io/tvlk/ugc-review/guys1L+Yyer9kzI3sp-pb0CG1j2bhflZGFUZOoIf1YOBAm37kEUOKR41ieUZm7ZJ/ugc-photo-ap-southeast-1-581603780057-acd24e232f75f09e/REVIEW/181112795_REVIEW_1718592605566_23771922379766d2?_src=imagekit&tr=c-at_max,h-100,q-40,w-100",,,,,,,,,,,,,,,,,,
https://www.traveloka.com/id-id/user/review/consumption/HOTEL/GENERAL/1000000467714,1,35,"Excellent service, menu resto breakfast-nya bervariasi dan enak, kamar bersih, rapi, wangi, bangunan baru dan modern, overall happy staying at Favehotel Cimanuk. Thank you.",Diulas 103 minggu lalu,"https://ik.imagekit.io/tvlk/ugc-review/guys1L+Yyer9kzI3sp-pb0CG1j2bhflZGFUZOoIf1YOBAm37kEUOKR41ieUZm7ZJ/ugc-photo-ap-southeast-1-581603780057-acd24e232f75f09e/ACCOMMODATION/17314595_ACCOMMODATION_1715820513623_3e98497b8b239c39?_src=imagekit&tr=c-at_max,h-100,q-40,w-100",,,,,,,,,,,,,,,,,,,
https://www.traveloka.com/id-id/user/review/consumption/HOTEL/GENERAL/1000000467714,1,36,"Staff resepsionis membantu proses daftar masuk dengan cepat dan mudah plus ramah. Kamar dalam kondisi rapi, bersih, nyaman dan kekedapan suara yang cukup, amenities tersedia di kamar mandi. Tersedia safe deposit box untuk menyimpan barang berharga selama menginap. Mini bar tersedia dengan tambahan kue gambang dan bajigur, khas sekali. Mantap. Makanan di restoran cukup bervariasi dengan harga yang sangat terjangkau, untuk sarapan tersedia menu prasmanan di Cikuray Resto.",Diulas 104 minggu lalu,"https://ik.imagekit.io/tvlk/ugc-review/guys1L+Yyer9kzI3sp-pb0CG1j2bhflZGFUZOoIf1YOBAm37kEUOKR41ieUZm7ZJ/ugc-photo-ap-southeast-1-581603780057-acd24e232f75f09e/REVIEW/6063345_REVIEW_1715312033552_023bbf8204ca742f?_src=imagekit&tr=c-at_max,h-80,q-40,w-80","https://ik.imagekit.io/tvlk/ugc-review/guys1L+Yyer9kzI3sp-pb0CG1j2bhflZGFUZOoIf1YOBAm37kEUOKR41ieUZm7ZJ/ugc-photo-ap-southeast-1-581603780057-acd24e232f75f09e/REVIEW/6063345_REVIEW_1715312033552_dba3a841fc058cda?_src=imagekit&tr=c-at_max,h-80,q-40,w-80","https://ik.imagekit.io/tvlk/ugc-review/guys1L+Yyer9kzI3sp-pb0CG1j2bhflZGFUZOoIf1YOBAm37kEUOKR41ieUZm7ZJ/ugc-photo-ap-southeast-1-581603780057-acd24e232f75f09e/REVIEW/6063345_REVIEW_1715312033550_93f8d92b147ac3b3?_src=imagekit&tr=c-at_max,h-80,q-40,w-80","https://ik.imagekit.io/tvlk/ugc-review/guys1L+Yyer9kzI3sp-pb0CG1j2bhflZGFUZOoIf1YOBAm37kEUOKR41ieUZm7ZJ/ugc-photo-ap-southeast-1-581603780057-acd24e232f75f09e/REVIEW/6063345_REVIEW_1715312033550_90c68a8363a5d36f?_src=imagekit&tr=c-at_max,h-80,q-40,w-80","https://ik.imagekit.io/tvlk/ugc-review/guys1L+Yyer9kzI3sp-pb0CG1j2bhflZGFUZOoIf1YOBAm37kEUOKR41ieUZm7ZJ/ugc-photo-ap-southeast-1-581603780057-acd24e232f75f09e/REVIEW/6063345_REVIEW_1715312033550_00039ca6e5ad3855?_src=imagekit&tr=c-at_max,h-80,q-40,w-80","https://ik.imagekit.io/tvlk/ugc-review/guys1L+Yyer9kzI3sp-pb0CG1j2bhflZGFUZOoIf1YOBAm37kEUOKR41ieUZm7ZJ/ugc-photo-ap-southeast-1-581603780057-acd24e232f75f09e/REVIEW/6063345_REVIEW_1715312033550_4bbe202d090a1aed?_src=imagekit&tr=c-at_max,h-80,q-40,w-80","https://ik.imagekit.io/tvlk/ugc-review/guys1L+Yyer9kzI3sp-pb0CG1j2bhflZGFUZOoIf1YOBAm37kEUOKR41ieUZm7ZJ/ugc-photo-ap-southeast-1-581603780057-acd24e232f75f09e/REVIEW/6063345_REVIEW_1715312033551_66c7b23e955ae65b?_src=imagekit&tr=c-at_max,h-80,q-40,w-80","https://ik.imagekit.io/tvlk/ugc-review/guys1L+Yyer9kzI3sp-pb0CG1j2bhflZGFUZOoIf1YOBAm37kEUOKR41ieUZm7ZJ/ugc-photo-ap-southeast-1-581603780057-acd24e232f75f09e/REVIEW/6063345_REVIEW_1715312033551_f62c3da774429f54?_src=imagekit&tr=c-at_max,h-80,q-40,w-80","https://ik.imagekit.io/tvlk/ugc-review/guys1L+Yyer9kzI3sp-pb0CG1j2bhflZGFUZOoIf1YOBAm37kEUOKR41ieUZm7ZJ/ugc-photo-ap-southeast-1-581603780057-acd24e232f75f09e/REVIEW/6063345_REVIEW_1715312033551_b635d53099dbec45?_src=imagekit&tr=c-at_max,h-80,q-40,w-80","https://ik.imagekit.io/tvlk/ugc-review/guys1L+Yyer9kzI3sp-pb0CG1j2bhflZGFUZOoIf1YOBAm37kEUOKR41ieUZm7ZJ/ugc-photo-ap-southeast-1-581603780057-acd24e232f75f09e/REVIEW/6063345_REVIEW_1715312033552_a71e749831ea2499?_src=imagekit&tr=c-at_max,h-80,q-40,w-80",,,,,,,,,,
https://www.traveloka.com/id-id/user/review/consumption/HOTEL/GENERAL/1000000467714,1,37,"Menyenangkan banget nginap di sini, ternyata lingkungannya banyak tempat makan enak dan dekat ke hot springs. Air panas kencang, view poolnya bagus, bed nya juga enak banget. Bisa youtube dan netflix pakai akun sendiri. Pelayanannya juga bagus. Terima kasih",Diulas 106 minggu lalu,"https://ik.imagekit.io/tvlk/ugc-review/guys1L+Yyer9kzI3sp-pb0CG1j2bhflZGFUZOoIf1YOBAm37kEUOKR41ieUZm7ZJ/ugc-photo-ap-southeast-1-581603780057-acd24e232f75f09e/REVIEW/302067693_REVIEW_1714283852069_0232fef1ff6cead3?_src=imagekit&tr=c-at_max,h-100,q-40,w-100","https://ik.imagekit.io/tvlk/ugc-review/guys1L+Yyer9kzI3sp-pb0CG1j2bhflZGFUZOoIf1YOBAm37kEUOKR41ieUZm7ZJ/ugc-photo-ap-southeast-1-581603780057-acd24e232f75f09e/REVIEW/302067693_REVIEW_1714283852069_6db7d1fe056af591?_src=imagekit&tr=c-at_max,h-100,q-40,w-100","https://ik.imagekit.io/tvlk/ugc-review/guys1L+Yyer9kzI3sp-pb0CG1j2bhflZGFUZOoIf1YOBAm37kEUOKR41ieUZm7ZJ/ugc-photo-ap-southeast-1-581603780057-acd24e232f75f09e/REVIEW/302067693_REVIEW_1714283852068_2911f41d88c4585e?_src=imagekit&tr=c-at_max,h-100,q-40,w-100","https://ik.imagekit.io/tvlk/ugc-review/guys1L+Yyer9kzI3sp-pb0CG1j2bhflZGFUZOoIf1YOBAm37kEUOKR41ieUZm7ZJ/ugc-photo-ap-southeast-1-581603780057-acd24e232f75f09e/REVIEW/302067693_REVIEW_1714283852068_4d3b8f59bfd051bb?_src=imagekit&tr=c-at_max,h-100,q-40,w-100",,,,,,,,,,,,,,,,
https://www.traveloka.com/id-id/user/review/consumption/HOTEL/GENERAL/1000000467714,1,38,"Kamarnya nyaman, sarapannya enak, problemnya waktu saya menginap sabtu malam ada acara live music sampai jam 23.30 dan berisik sekali sampai saya tidak bisa tidur",Diulas 117 minggu lalu,"https://ik.imagekit.io/tvlk/ugc-review/guys1L+Yyer9kzI3sp-pb0CG1j2bhflZGFUZOoIf1YOBAm37kEUOKR41ieUZm7ZJ/ugc-photo-ap-southeast-1-581603780057-acd24e232f75f09e/ACCOMMODATION/49319787_ACCOMMODATION_1707718958164_2e3ff0d4cdc3a7a5?_src=imagekit&tr=c-at_max,h-100,q-40,w-100","https://ik.imagekit.io/tvlk/ugc-review/guys1L+Yyer9kzI3sp-pb0CG1j2bhflZGFUZOoIf1YOBAm37kEUOKR41ieUZm7ZJ/ugc-photo-ap-southeast-1-581603780057-acd24e232f75f09e/ACCOMMODATION/49319787_ACCOMMODATION_1707718958165_ef7690a0b4a818db?_src=imagekit&tr=c-at_max,h-100,q-40,w-100","https://ik.imagekit.io/tvlk/ugc-review/guys1L+Yyer9kzI3sp-pb0CG1j2bhflZGFUZOoIf1YOBAm37kEUOKR41ieUZm7ZJ/ugc-photo-ap-southeast-1-581603780057-acd24e232f75f09e/ACCOMMODATION/49319787_ACCOMMODATION_1707718958164_10205364848eadaf?_src=imagekit&tr=c-at_max,h-100,q-40,w-100","https://ik.imagekit.io/tvlk/ugc-review/guys1L+Yyer9kzI3sp-pb0CG1j2bhflZGFUZOoIf1YOBAm37kEUOKR41ieUZm7ZJ/ugc-photo-ap-southeast-1-581603780057-acd24e232f75f09e/ACCOMMODATION/49319787_ACCOMMODATION_1707718958165_3a7a8c83c50f695f?_src=imagekit&tr=c-at_max,h-100,q-40,w-100",,,,,,,,,,,,,,,,
https://www.traveloka.com/id-id/user/review/consumption/HOTEL/GENERAL/1000000467714,1,39,"Selalu nginep di sini kalau ke Garut, lokasi dekat ke kota Garut, kamar bersih dan nyaman, good untuk istirahat.",Diulas 118 minggu lalu,"https://ik.imagekit.io/tvlk/ugc-review/guys1L+Yyer9kzI3sp-pb0CG1j2bhflZGFUZOoIf1YOBAm37kEUOKR41ieUZm7ZJ/ugc-photo-ap-southeast-1-581603780057-acd24e232f75f09e/ACCOMMODATION/131676981_ACCOMMODATION_1706654834719_6cc6a2a3580ac552?_src=imagekit&tr=c-at_max,h-100,q-40,w-100",,,,,,,,,,,,,,,,,,,
https://www.traveloka.com/id-id/user/review/consumption/HOTEL/GENERAL/1000000467714,1,40,"Kamarnya bersih. Staff-nya ramah. Menu sarapannya juga enak. Di masing-masing kamar ada sajadah & Al Qur'an-nya. Jadi, memudahkan kami untuk beribadah.",Diulas 120 minggu lalu,"https://ik.imagekit.io/tvlk/ugc-review/guys1L+Yyer9kzI3sp-pb0CG1j2bhflZGFUZOoIf1YOBAm37kEUOKR41ieUZm7ZJ/ugc-photo-ap-southeast-1-581603780057-acd24e232f75f09e/ACCOMMODATION/11187860_ACCOMMODATION_1705741686549_2dd84d220b85d1d9?_src=imagekit&tr=c-at_max,h-100,q-40,w-100","https://ik.imagekit.io/tvlk/ugc-review/guys1L+Yyer9kzI3sp-pb0CG1j2bhflZGFUZOoIf1YOBAm37kEUOKR41ieUZm7ZJ/ugc-photo-ap-southeast-1-581603780057-acd24e232f75f09e/ACCOMMODATION/11187860_ACCOMMODATION_1705741686547_e90b0f92926c25d0?_src=imagekit&tr=c-at_max,h-100,q-40,w-100",,,,,,,,,,,,,,,,,,
https://www.traveloka.com/id-id/user/review/consumption/HOTEL/GENERAL/1000000467714,2,1,"Pelayanan ramah, makanan enak, kolam renang bersih, kamar bersih juga dan nyaman, cukup luas dan kalau malam ada welcome drink jahe hangat dan cemilan rebusan.",Diulas 146 minggu lalu,"https://ik.imagekit.io/tvlk/ugc-review/guys1L+Yyer9kzI3sp-pb0CG1j2bhflZGFUZOoIf1YOBAm37kEUOKR41ieUZm7ZJ/ugc-photo-ap-southeast-1-581603780057-acd24e232f75f09e/ACCOMMODATION/116390122_ACCOMMODATION_1689954305157_8367399ea5da2759?_src=imagekit&tr=c-at_max,h-100,q-40,w-100","https://ik.imagekit.io/tvlk/ugc-review/guys1L+Yyer9kzI3sp-pb0CG1j2bhflZGFUZOoIf1YOBAm37kEUOKR41ieUZm7ZJ/ugc-photo-ap-southeast-1-581603780057-acd24e232f75f09e/ACCOMMODATION/116390122_ACCOMMODATION_1689954305157_2f95417ae06568cd?_src=imagekit&tr=c-at_max,h-100,q-40,w-100","https://ik.imagekit.io/tvlk/ugc-review/guys1L+Yyer9kzI3sp-pb0CG1j2bhflZGFUZOoIf1YOBAm37kEUOKR41ieUZm7ZJ/ugc-photo-ap-southeast-1-581603780057-acd24e232f75f09e/ACCOMMODATION/116390122_ACCOMMODATION_1689954305157_729557b904f46146?_src=imagekit&tr=c-at_max,h-100,q-40,w-100",,,,,,,,,,,,,,,,,
https://www.traveloka.com/id-id/user/review/consumption/HOTEL/GENERAL/1000000467714,2,2,"Saya memilih kamar suite (harga 1,7 juta), yang merupakan kamar kelas tertinggi tapi ternyata kondisinya seperti pada foto dan keterangannya. Misalnya, pintu kamar mandi yang tidak bisa tertutup rapat sehingga bau ke bedroom, dan sebagainya. Yang paling aneh adalah kamar suite tapi tidak memiliki view keluar karena kaca ditutup pelapis (hanya masuk cahaya matahari saja). Ternyata 3 kamar suite yang ada, sama semuanya. Sayangnya, kondisi ini tidak diinfokan saat booking. Kamar ini memiliki 2 bagian ruangan, living room dan bed room tapi AC hanya 1 di living room sehingga terasa pengap (hangat) di bed room. Beberapa makanan sudah habis saat breakfast, contoh bubur kacang hijau, gorengan, dan sebagainya padahal baru jam 08.00 - 08.30. Meja dan kursi restoran saat breakfast terbatas sehingga menggunakan ruangan meeting yang AC nya tidak dinyalakan sehingga ruangan pengap dan bau.",Diulas 149 minggu lalu,"https://ik.imagekit.io/tvlk/ugc-review/guys1L+Yyer9kzI3sp-pb0CG1j2bhflZGFUZOoIf1YOBAm37kEUOKR41ieUZm7ZJ/ugc-photo-ap-southeast-1-581603780057-acd24e232f75f09e/ACCOMMODATION/5983206_ACCOMMODATION_1688344839003_885b6f786640e3e6?_src=imagekit&tr=c-at_max,h-100,q-40,w-100","https://ik.imagekit.io/tvlk/ugc-review/guys1L+Yyer9kzI3sp-pb0CG1j2bhflZGFUZOoIf1YOBAm37kEUOKR41ieUZm7ZJ/ugc-photo-ap-southeast-1-581603780057-acd24e232f75f09e/ACCOMMODATION/5983206_ACCOMMODATION_1688344839004_4df2f11af228004f?_src=imagekit&tr=c-at_max,h-100,q-40,w-100",,,,,,,,,,,,,,,,,,
https://www.traveloka.com/id-id/user/review/consumption/HOTEL/GENERAL/1000000467714,2,3,Kamar wangi bersih. Sarapan enak. Staf ramah. Oke pokoknya.,Diulas 158 minggu lalu,"https://ik.imagekit.io/tvlk/ugc-review/guys1L+Yyer9kzI3sp-pb0CG1j2bhflZGFUZOoIf1YOBAm37kEUOKR41ieUZm7ZJ/ugc-photo-ap-southeast-1-581603780057-acd24e232f75f09e/ACCOMMODATION/28315477_ACCOMMODATION_1682725828304_94bd2e79f2e77291?_src=imagekit&tr=c-at_max,h-100,q-40,w-100",,,,,,,,,,,,,,,,,,,
https://www.traveloka.com/id-id/user/review/consumption/HOTEL/GENERAL/1000000467714,2,4,"Pengalaman yang menyenangkan, layout kamar bagus, taman dan kolam renang juga bagus. Anak-anak senang bermain di sini",Diulas 158 minggu lalu,"https://ik.imagekit.io/tvlk/ugc-review/guys1L+Yyer9kzI3sp-pb0CG1j2bhflZGFUZOoIf1YOBAm37kEUOKR41ieUZm7ZJ/ugc-photo-ap-southeast-1-581603780057-acd24e232f75f09e/ACCOMMODATION/19560590_ACCOMMODATION_1682468717355_e40c9593756d0695?_src=imagekit&tr=c-at_max,h-100,q-40,w-100","https://ik.imagekit.io/tvlk/ugc-review/guys1L+Yyer9kzI3sp-pb0CG1j2bhflZGFUZOoIf1YOBAm37kEUOKR41ieUZm7ZJ/ugc-photo-ap-southeast-1-581603780057-acd24e232f75f09e/ACCOMMODATION/19560590_ACCOMMODATION_1682468744712_03673ff77251b200?_src=imagekit&tr=c-at_max,h-100,q-40,w-100",,,,,,,,,,,,,,,,,,
https://www.traveloka.com/id-id/user/review/consumption/HOTEL/GENERAL/1000000467714,2,5,"Kamar nyaman, kamar mandi bersih, makanan enak. Cuma handuk dan sprei saja yang sudah harus diganti baru. Yang lain sudah bagus.",Diulas 166 minggu lalu,"https://ik.imagekit.io/tvlk/ugc-review/guys1L+Yyer9kzI3sp-pb0CG1j2bhflZGFUZOoIf1YOBAm37kEUOKR41ieUZm7ZJ/ugc-photo-ap-southeast-1-581603780057-acd24e232f75f09e/ACCOMMODATION/31137191_ACCOMMODATION_1677685361101_18a86149e10da3f0?_src=imagekit&tr=c-at_max,h-100,q-40,w-100","https://ik.imagekit.io/tvlk/ugc-review/guys1L+Yyer9kzI3sp-pb0CG1j2bhflZGFUZOoIf1YOBAm37kEUOKR41ieUZm7ZJ/ugc-photo-ap-southeast-1-581603780057-acd24e232f75f09e/ACCOMMODATION/31137191_ACCOMMODATION_1677685361102_e331d3bc9fcaac7b?_src=imagekit&tr=c-at_max,h-100,q-40,w-100","https://ik.imagekit.io/tvlk/ugc-review/guys1L+Yyer9kzI3sp-pb0CG1j2bhflZGFUZOoIf1YOBAm37kEUOKR41ieUZm7ZJ/ugc-photo-ap-southeast-1-581603780057-acd24e232f75f09e/ACCOMMODATION/31137191_ACCOMMODATION_1677685361102_3aa0568c8a9847ee?_src=imagekit&tr=c-at_max,h-100,q-40,w-100","https://ik.imagekit.io/tvlk/ugc-review/guys1L+Yyer9kzI3sp-pb0CG1j2bhflZGFUZOoIf1YOBAm37kEUOKR41ieUZm7ZJ/ugc-photo-ap-southeast-1-581603780057-acd24e232f75f09e/ACCOMMODATION/31137191_ACCOMMODATION_1677685361103_15bd9e32fb053e03?_src=imagekit&tr=c-at_max,h-100,q-40,w-100","https://ik.imagekit.io/tvlk/ugc-review/guys1L+Yyer9kzI3sp-pb0CG1j2bhflZGFUZOoIf1YOBAm37kEUOKR41ieUZm7ZJ/ugc-photo-ap-southeast-1-581603780057-acd24e232f75f09e/ACCOMMODATION/31137191_ACCOMMODATION_1677685361103_22d5259d55139822?_src=imagekit&tr=c-at_max,h-100,q-40,w-100",,,,,,,,,,,,,,,
https://www.traveloka.com/id-id/user/review/consumption/HOTEL/GENERAL/1000000467714,2,6,"Room oke, service oke. Makanan kurang. Nasi gorengnya nasinya lengket-lengket kayak yang menuju basi. Cukuplah buat sarapan.",Diulas 169 minggu lalu,"https://ik.imagekit.io/tvlk/ugc-review/guys1L+Yyer9kzI3sp-pb0CG1j2bhflZGFUZOoIf1YOBAm37kEUOKR41ieUZm7ZJ/ugc-photo-ap-southeast-1-581603780057-acd24e232f75f09e/ACCOMMODATION/16094322_ACCOMMODATION_1676112073863_977304479e4c8b23?_src=imagekit&tr=c-at_max,h-100,q-40,w-100",,,,,,,,,,,,,,,,,,,
https://www.traveloka.com/id-id/user/review/consumption/HOTEL/GENERAL/1000000467714,2,7,"Pelayanan baik, permintaan khusus melalui WhatsApp terpenuhi pada saat check in dan mendapatkan kamar sesuai dengan permintaan. Terima kasih kepada Kang David staff F&B yang dengan ramah membantu titip makanan bayi di chiller dan memanaskannya. Kamar oke, AC, pemanas air berfungsi dengan baik. Sekedar masukan agar lebih memperhatikan kebersihan area kasur. Di sprei ada noda. Kami puas menginap di Favehotel Cimanuk.👌👍",Diulas 170 minggu lalu,"https://ik.imagekit.io/tvlk/ugc-review/guys1L+Yyer9kzI3sp-pb0CG1j2bhflZGFUZOoIf1YOBAm37kEUOKR41ieUZm7ZJ/ugc-photo-ap-southeast-1-581603780057-acd24e232f75f09e/ACCOMMODATION/181217887_ACCOMMODATION_1675503214971_a2ae8196964a8b05?_src=imagekit&tr=c-at_max,h-100,q-40,w-100","https://ik.imagekit.io/tvlk/ugc-review/guys1L+Yyer9kzI3sp-pb0CG1j2bhflZGFUZOoIf1YOBAm37kEUOKR41ieUZm7ZJ/ugc-photo-ap-southeast-1-581603780057-acd24e232f75f09e/ACCOMMODATION/181217887_ACCOMMODATION_1675503214971_85e907745527fd01?_src=imagekit&tr=c-at_max,h-100,q-40,w-100",,,,,,,,,,,,,,,,,,
https://www.traveloka.com/id-id/user/review/consumption/HOTEL/GENERAL/1000000467714,2,8,"Rekomendasi banget dari aku, awalnya aku gak terlalu ber ekspektasi tinggi tapi ternyata bintang 3 tapi pelayanan bintang 5, makanan enak, banyak variasi, cafe shop nya enak, service nya bagus, semuanya fast respon, mau alat solat, mau sapu, mau kresek semuanya dilayani danterin ke kamar. Kamarnya kecil tapi penataan interiornya tepat sasaran banget, suka banget sama toiletnya, kecil tapi bersih dan penataannya pas banget, gak berlebihan, next kalo ke Garut mau ke sini lagi tempatnya juga ada di pusat kota jadi mau apa apa gampang banget",Diulas 174 minggu lalu,"https://ik.imagekit.io/tvlk/ugc-review/guys1L+Yyer9kzI3sp-pb0CG1j2bhflZGFUZOoIf1YOBAm37kEUOKR41ieUZm7ZJ/ugc-photo-ap-southeast-1-581603780057-acd24e232f75f09e/ACCOMMODATION/212298095_ACCOMMODATION_1672911487057_675b073cde4ab13e?_src=imagekit&tr=c-at_max,h-100,q-40,w-100",,,,,,,,,,,,,,,,,,,
https://www.traveloka.com/id-id/user/review/consumption/HOTEL/GENERAL/1000000467714,2,9,Split AC rusak. Bed cover kotor dan gatal. Kamar mandi kotor banget. Tolong pastikan kebersihan kamar dicek terlebih dahulu sebelum tamu masuk dan jika fungsi AC tidak benar mohon diinfo di awal.,Diulas 184 minggu lalu,"https://ik.imagekit.io/tvlk/ugc-review/guys1L+Yyer9kzI3sp-pb0CG1j2bhflZGFUZOoIf1YOBAm37kEUOKR41ieUZm7ZJ/ugc-photo-ap-southeast-1-581603780057-acd24e232f75f09e/ACCOMMODATION/5082356_ACCOMMODATION_1666830941563_daed33e42027b6c6?_src=imagekit&tr=c-at_max,h-100,q-40,w-100","https://ik.imagekit.io/tvlk/ugc-review/guys1L+Yyer9kzI3sp-pb0CG1j2bhflZGFUZOoIf1YOBAm37kEUOKR41ieUZm7ZJ/ugc-photo-ap-southeast-1-581603780057-acd24e232f75f09e/ACCOMMODATION/5082356_ACCOMMODATION_1666830941564_a19978d38d184dd1?_src=imagekit&tr=c-at_max,h-100,q-40,w-100","https://ik.imagekit.io/tvlk/ugc-review/guys1L+Yyer9kzI3sp-pb0CG1j2bhflZGFUZOoIf1YOBAm37kEUOKR41ieUZm7ZJ/ugc-photo-ap-southeast-1-581603780057-acd24e232f75f09e/ACCOMMODATION/5082356_ACCOMMODATION_1666830941564_7de8040ad5035913?_src=imagekit&tr=c-at_max,h-100,q-40,w-100","https://ik.imagekit.io/tvlk/ugc-review/guys1L+Yyer9kzI3sp-pb0CG1j2bhflZGFUZOoIf1YOBAm37kEUOKR41ieUZm7ZJ/ugc-photo-ap-southeast-1-581603780057-acd24e232f75f09e/ACCOMMODATION/5082356_ACCOMMODATION_1666830941565_4e52dca66c627444?_src=imagekit&tr=c-at_max,h-100,q-40,w-100","https://ik.imagekit.io/tvlk/ugc-review/guys1L+Yyer9kzI3sp-pb0CG1j2bhflZGFUZOoIf1YOBAm37kEUOKR41ieUZm7ZJ/ugc-photo-ap-southeast-1-581603780057-acd24e232f75f09e/ACCOMMODATION/5082356_ACCOMMODATION_1666830941565_dfe72cd7307d345d?_src=imagekit&tr=c-at_max,h-100,q-40,w-100",,,,,,,,,,,,,,,
https://www.traveloka.com/id-id/user/review/consumption/HOTEL/GENERAL/1000000467714,2,10,Waktu check-in adalah pukul 14.00. Saya sampai jam 14.15 tapi resepsionis bilang kamar belum ready dan nunggu 30 menit di lobby. Ada tamu lain yang memiliki kondisi yang sama dengan saya,Diulas 189 minggu lalu,"https://ik.imagekit.io/tvlk/ugc-review/guys1L+Yyer9kzI3sp-pb0CG1j2bhflZGFUZOoIf1YOBAm37kEUOKR41ieUZm7ZJ/ugc-photo-ap-southeast-1-581603780057-acd24e232f75f09e/ACCOMMODATION/9334874_ACCOMMODATION_1664095569797_4a806d1a69a826c1?_src=imagekit&tr=c-at_max,h-100,q-40,w-100",,,,,,,,,,,,,,,,,,,
https://www.traveloka.com/id-id/user/review/consumption/HOTEL/GENERAL/1000000467714,2,11,"Saat pertama datang, disambut dengan AC yang tidak dingin, ada kebocoran di wastafel toilet. Namun pelayanan dan responnya cukup tanggap ya meski agak lama menyelesaikan kedua masalah tersebut. Lokasinya di samping kuburan.",Diulas 191 minggu lalu,"https://ik.imagekit.io/tvlk/ugc-review/guys1L+Yyer9kzI3sp-pb0CG1j2bhflZGFUZOoIf1YOBAm37kEUOKR41ieUZm7ZJ/ugc-photo-ap-southeast-1-581603780057-acd24e232f75f09e/ACCOMMODATION/8080321_ACCOMMODATION_1662727339720_e8a0265ac7cfae06?_src=imagekit&tr=c-at_max,h-80,q-40,w-80","https://ik.imagekit.io/tvlk/ugc-review/guys1L+Yyer9kzI3sp-pb0CG1j2bhflZGFUZOoIf1YOBAm37kEUOKR41ieUZm7ZJ/ugc-photo-ap-southeast-1-581603780057-acd24e232f75f09e/ACCOMMODATION/8080321_ACCOMMODATION_1662727339720_847da65a21ade185?_src=imagekit&tr=c-at_max,h-80,q-40,w-80","https://ik.imagekit.io/tvlk/ugc-review/guys1L+Yyer9kzI3sp-pb0CG1j2bhflZGFUZOoIf1YOBAm37kEUOKR41ieUZm7ZJ/ugc-photo-ap-southeast-1-581603780057-acd24e232f75f09e/ACCOMMODATION/8080321_ACCOMMODATION_1662727339720_428d632d42ced17b?_src=imagekit&tr=c-at_max,h-80,q-40,w-80","https://ik.imagekit.io/tvlk/ugc-review/guys1L+Yyer9kzI3sp-pb0CG1j2bhflZGFUZOoIf1YOBAm37kEUOKR41ieUZm7ZJ/ugc-photo-ap-southeast-1-581603780057-acd24e232f75f09e/ACCOMMODATION/8080321_ACCOMMODATION_1662727339720_92cbd1a2ab93801d?_src=imagekit&tr=c-at_max,h-80,q-40,w-80","https://ik.imagekit.io/tvlk/ugc-review/guys1L+Yyer9kzI3sp-pb0CG1j2bhflZGFUZOoIf1YOBAm37kEUOKR41ieUZm7ZJ/ugc-photo-ap-southeast-1-581603780057-acd24e232f75f09e/ACCOMMODATION/8080321_ACCOMMODATION_1662727339721_68994b43f13115ed?_src=imagekit&tr=c-at_max,h-80,q-40,w-80","https://ik.imagekit.io/tvlk/ugc-review/guys1L+Yyer9kzI3sp-pb0CG1j2bhflZGFUZOoIf1YOBAm37kEUOKR41ieUZm7ZJ/ugc-photo-ap-southeast-1-581603780057-acd24e232f75f09e/ACCOMMODATION/8080321_ACCOMMODATION_1662727339721_3b70fe18dfd1e894?_src=imagekit&tr=c-at_max,h-80,q-40,w-80","https://ik.imagekit.io/tvlk/ugc-review/guys1L+Yyer9kzI3sp-pb0CG1j2bhflZGFUZOoIf1YOBAm37kEUOKR41ieUZm7ZJ/ugc-photo-ap-southeast-1-581603780057-acd24e232f75f09e/ACCOMMODATION/8080321_ACCOMMODATION_1662727339721_0de06f3ac870723f?_src=imagekit&tr=c-at_max,h-80,q-40,w-80","https://ik.imagekit.io/tvlk/ugc-review/guys1L+Yyer9kzI3sp-pb0CG1j2bhflZGFUZOoIf1YOBAm37kEUOKR41ieUZm7ZJ/ugc-photo-ap-southeast-1-581603780057-acd24e232f75f09e/ACCOMMODATION/8080321_ACCOMMODATION_1662727339721_ba0c91b8e9d98e83?_src=imagekit&tr=c-at_max,h-80,q-40,w-80","https://ik.imagekit.io/tvlk/ugc-review/guys1L+Yyer9kzI3sp-pb0CG1j2bhflZGFUZOoIf1YOBAm37kEUOKR41ieUZm7ZJ/ugc-photo-ap-southeast-1-581603780057-acd24e232f75f09e/ACCOMMODATION/8080321_ACCOMMODATION_1662727339721_eee7224d00f7140e?_src=imagekit&tr=c-at_max,h-80,q-40,w-80","https://ik.imagekit.io/tvlk/ugc-review/guys1L+Yyer9kzI3sp-pb0CG1j2bhflZGFUZOoIf1YOBAm37kEUOKR41ieUZm7ZJ/ugc-photo-ap-southeast-1-581603780057-acd24e232f75f09e/ACCOMMODATION/8080321_ACCOMMODATION_1662727339722_e0cb4e61a878b206?_src=imagekit&tr=c-at_max,h-80,q-40,w-80",,,,,,,,,,
https://www.traveloka.com/id-id/user/review/consumption/HOTEL/GENERAL/1000000467714,2,12,"Kamar mandi luas, kamar bersih n nyaman, breakfast nya enak, sayang d kamar tidak ada air mineral botolan, hanya tersedia dispenser d luar kamar. Overall cukup menyenangkan, thanks fave garut dan traveloka. Sukses selalu.",Diulas 197 minggu lalu,"https://ik.imagekit.io/tvlk/ugc-review/guys1L+Yyer9kzI3sp-pb0CG1j2bhflZGFUZOoIf1YOBAm37kEUOKR41ieUZm7ZJ/ugc-photo-ap-southeast-1-581603780057-acd24e232f75f09e/ACCOMMODATION/11153244_ACCOMMODATION_1659435511033_c6c6f135e64dc41e?_src=imagekit&tr=c-at_max,h-100,q-40,w-100",,,,,,,,,,,,,,,,,,,
https://www.traveloka.com/id-id/user/review/consumption/HOTEL/GENERAL/1000000467714,2,13,Fasilitas oke dan di pusat kota memudahkan akses kemanapun.,Diulas 198 minggu lalu,"https://ik.imagekit.io/tvlk/ugc-review/guys1L+Yyer9kzI3sp-pb0CG1j2bhflZGFUZOoIf1YOBAm37kEUOKR41ieUZm7ZJ/ugc-photo-ap-southeast-1-581603780057-acd24e232f75f09e/ACCOMMODATION/220867327_ACCOMMODATION_1658714874586_0d33ac2a4ff2c9de?_src=imagekit&tr=c-at_max,h-100,q-40,w-100",,,,,,,,,,,,,,,,,,,
https://www.traveloka.com/id-id/user/review/consumption/HOTEL/GENERAL/1000000467714,2,14,"Bagus hotelnya. Nice ambience. Kemana-mana dekat. Makan malam bisa jalan kaki. Mau jajan bisa ke bakery shop di sebelahnya. Anak-anak suka banget. Kolamnya bersih. Kamarnya ga terlalu nesar, tp bathroomnya besar. Breakfast lumayan banget, nambah 1 anak lagi pun masih affordable. Next kalo ke Garut lagi pasti nginep Favehotel lagi.",Diulas 199 minggu lalu,"https://ik.imagekit.io/tvlk/ugc-review/guys1L+Yyer9kzI3sp-pb0CG1j2bhflZGFUZOoIf1YOBAm37kEUOKR41ieUZm7ZJ/ugc-photo-ap-southeast-1-581603780057-acd24e232f75f09e/ACCOMMODATION/13028898_ACCOMMODATION_1658065672697_0a3de35ae051fb69?_src=imagekit&tr=c-at_max,h-100,q-40,w-100",,,,,,,,,,,,,,,,,,,
https://www.traveloka.com/id-id/user/review/consumption/HOTEL/GENERAL/1000000467714,2,15,"Tempatnya bersih nyaman, makanannya enak-enak, dekat kemana-mana. Ada kolam renangnya juga tapi airnya air dingin. Next bakal kesini lagi sih 👍",Diulas 203 minggu lalu,"https://ik.imagekit.io/tvlk/ugc-review/guys1L+Yyer9kzI3sp-pb0CG1j2bhflZGFUZOoIf1YOBAm37kEUOKR41ieUZm7ZJ/ugc-photo-ap-southeast-1-581603780057-acd24e232f75f09e/ACCOMMODATION/83052830_ACCOMMODATION_1655717544950_dbcbc5cfdb157391?_src=imagekit&tr=c-at_max,h-100,q-40,w-100",,,,,,,,,,,,,,,,,,,
https://www.traveloka.com/id-id/user/review/consumption/HOTEL/GENERAL/1000000467714,2,16,"Lokasi strategis, parkiran aman nyaman bersih, pelayanan ramah, makanan enak, kebersihan di jaga, ruang umum nyaman dekat kolam buat santai.",Diulas 203 minggu lalu,"https://ik.imagekit.io/tvlk/ugc-review/guys1L+Yyer9kzI3sp-pb0CG1j2bhflZGFUZOoIf1YOBAm37kEUOKR41ieUZm7ZJ/ugc-photo-ap-southeast-1-581603780057-acd24e232f75f09e/ACCOMMODATION/235248050_ACCOMMODATION_1655611377851_df8af224d33c8539?_src=imagekit&tr=c-at_max,h-100,q-40,w-100","https://ik.imagekit.io/tvlk/ugc-review/guys1L+Yyer9kzI3sp-pb0CG1j2bhflZGFUZOoIf1YOBAm37kEUOKR41ieUZm7ZJ/ugc-photo-ap-southeast-1-581603780057-acd24e232f75f09e/ACCOMMODATION/235248050_ACCOMMODATION_1655611377851_cff7ff0b92758d4d?_src=imagekit&tr=c-at_max,h-100,q-40,w-100","https://ik.imagekit.io/tvlk/ugc-review/guys1L+Yyer9kzI3sp-pb0CG1j2bhflZGFUZOoIf1YOBAm37kEUOKR41ieUZm7ZJ/ugc-photo-ap-southeast-1-581603780057-acd24e232f75f09e/ACCOMMODATION/235248050_ACCOMMODATION_1655611377852_19ff9e7bfd7a3dc0?_src=imagekit&tr=c-at_max,h-100,q-40,w-100",,,,,,,,,,,,,,,,,
https://www.traveloka.com/id-id/user/review/consumption/HOTEL/GENERAL/1000000467714,2,17,"Puas menginap di hotel hanya kamar 117, 323, 123, 120, 128 AC nya tidak dingin.",Diulas 205 minggu lalu,"https://ik.imagekit.io/tvlk/ugc-review/guys1L+Yyer9kzI3sp-pb0CG1j2bhflZGFUZOoIf1YOBAm37kEUOKR41ieUZm7ZJ/ugc-photo-ap-southeast-1-581603780057-acd24e232f75f09e/ACCOMMODATION/1248561_ACCOMMODATION_1654495161170_8a96d7367ed403fe?_src=imagekit&tr=c-at_max,h-100,q-40,w-100",,,,,,,,,,,,,,,,,,,
https://www.traveloka.com/id-id/user/review/consumption/HOTEL/GENERAL/1000000467714,2,18,"Terima kasih favehotel, nextime insya Allah kembali mampir 🥳",Diulas 207 minggu lalu,"https://ik.imagekit.io/tvlk/ugc-review/guys1L+Yyer9kzI3sp-pb0CG1j2bhflZGFUZOoIf1YOBAm37kEUOKR41ieUZm7ZJ/ugc-photo-ap-southeast-1-581603780057-acd24e232f75f09e/ACCOMMODATION/111929214_ACCOMMODATION_1653129408038_241624a3d4ab4f8e?_src=imagekit&tr=c-at_max,h-100,q-40,w-100","https://ik.imagekit.io/tvlk/ugc-review/guys1L+Yyer9kzI3sp-pb0CG1j2bhflZGFUZOoIf1YOBAm37kEUOKR41ieUZm7ZJ/ugc-photo-ap-southeast-1-581603780057-acd24e232f75f09e/ACCOMMODATION/111929214_ACCOMMODATION_1653129408038_e87908ecc39acbd8?_src=imagekit&tr=c-at_max,h-100,q-40,w-100",,,,,,,,,,,,,,,,,,
https://www.traveloka.com/id-id/user/review/consumption/HOTEL/GENERAL/1000000467714,2,19,"Kami memesan 2 kamar tidur dengan connecting door. Sayangnya maintenance kamar tidurnya sepertinya kurang bagus. Drain wastafel kamar mandi tidak tertutup sehingga menimbulkan bau tidak nyaman, pengunci pintu kamar terlepas, pengatur kran shower dan kran wudhu rusak, Kunci connecting door juga agak kurang lancar. Semoga ke depannya semua pemeliharaannya bisa lebih diperhatikan.",Diulas 209 minggu lalu,"https://ik.imagekit.io/tvlk/ugc-review/guys1L+Yyer9kzI3sp-pb0CG1j2bhflZGFUZOoIf1YOBAm37kEUOKR41ieUZm7ZJ/ugc-photo-ap-southeast-1-581603780057-acd24e232f75f09e/ACCOMMODATION/100351826_ACCOMMODATION_1651625042363_2ccc1ec43479d65a?_src=imagekit&tr=c-at_max,h-100,q-40,w-100",,,,,,,,,,,,,,,,,,,
https://www.traveloka.com/id-id/user/review/consumption/HOTEL/GENERAL/1000000467714,2,20,Nyaman dan ramah. Sarapannya enak.,Diulas 217 minggu lalu,"https://ik.imagekit.io/tvlk/ugc-review/guys1L+Yyer9kzI3sp-pb0CG1j2bhflZGFUZOoIf1YOBAm37kEUOKR41ieUZm7ZJ/ugc-photo-ap-southeast-1-581603780057-acd24e232f75f09e/ACCOMMODATION/3599424_ACCOMMODATION_1647267908042_17b1862dd6e5a063?_src=imagekit&tr=c-at_max,h-100,q-40,w-100","https://ik.imagekit.io/tvlk/ugc-review/guys1L+Yyer9kzI3sp-pb0CG1j2bhflZGFUZOoIf1YOBAm37kEUOKR41ieUZm7ZJ/ugc-photo-ap-southeast-1-581603780057-acd24e232f75f09e/ACCOMMODATION/3599424_ACCOMMODATION_1647267908042_f093ce0d04a15a67?_src=imagekit&tr=c-at_max,h-100,q-40,w-100","https://ik.imagekit.io/tvlk/ugc-review/guys1L+Yyer9kzI3sp-pb0CG1j2bhflZGFUZOoIf1YOBAm37kEUOKR41ieUZm7ZJ/ugc-photo-ap-southeast-1-581603780057-acd24e232f75f09e/ACCOMMODATION/3599424_ACCOMMODATION_1647267908042_877a039c811a1239?_src=imagekit&tr=c-at_max,h-100,q-40,w-100","https://ik.imagekit.io/tvlk/ugc-review/guys1L+Yyer9kzI3sp-pb0CG1j2bhflZGFUZOoIf1YOBAm37kEUOKR41ieUZm7ZJ/ugc-photo-ap-southeast-1-581603780057-acd24e232f75f09e/ACCOMMODATION/3599424_ACCOMMODATION_1647267908043_f759229556812dbe?_src=imagekit&tr=c-at_max,h-100,q-40,w-100",,,,,,,,,,,,,,,,
https://www.traveloka.com/id-id/user/review/consumption/HOTEL/GENERAL/1000000467714,2,21,Saya sangat menikmati pengalaman nginep di sini karena dekat kemana mana. Dan di depan hotel banyak restoran,Diulas 218 minggu lalu,"https://ik.imagekit.io/tvlk/ugc-review/guys1L+Yyer9kzI3sp-pb0CG1j2bhflZGFUZOoIf1YOBAm37kEUOKR41ieUZm7ZJ/ugc-photo-ap-southeast-1-581603780057-acd24e232f75f09e/ACCOMMODATION/93055242_ACCOMMODATION_1646450780920_18a6c215a8c75911?_src=imagekit&tr=c-at_max,h-100,q-40,w-100",,,,,,,,,,,,,,,,,,,
https://www.traveloka.com/id-id/user/review/consumption/HOTEL/GENERAL/1000000467714,2,22,"Overall senang menginap di sini, hotelnya nyaman dan staff nya ramah. Saat check in pun tersedia welcome drink dan welcome snack yang tradisional tapi mengesankan, seperti bandrek dan kacang rebus, ubi, dan lain-lain. Tapi sayang toiletnya kurang memuaskan, padahal saya pesan kamar dengan type yang paling tinggi. Dari mulai airnya yang kuning dan saluran pembuangan yang buruk sehingga setiap habis dipakai kamar mandinya jadi banjir dan itu sangat mengganggu, mengingat saya membawa anak kecil yang dikhawatirkan akan jatuh terpeleset karena air yang menggenang. Telpon di kamar juga kadang berfungsi kadang tidak, jadi jika memerlukan sesuatu seperti ke housekeeping itu sangat sulit. Mohon menjadi perhatianya, karena selebihnya sudah sangat baik:)",Diulas 222 minggu lalu,"https://ik.imagekit.io/tvlk/ugc-review/guys1L+Yyer9kzI3sp-pb0CG1j2bhflZGFUZOoIf1YOBAm37kEUOKR41ieUZm7ZJ/ugc-photo-ap-southeast-1-581603780057-acd24e232f75f09e/ACCOMMODATION/44668320_ACCOMMODATION_1644254895282_cce99039c2d4f603?_src=imagekit&tr=c-at_max,h-100,q-40,w-100",,,,,,,,,,,,,,,,,,,
https://www.traveloka.com/id-id/user/review/consumption/HOTEL/GENERAL/1000000467714,2,23,"Ambil kamar fabroom, pas malam minggu jadi harganya hampir 900rb, kamarnya luas, ada sofa nya, AC dingin, ada bathub dan shower terpisah, dapet free complimentary snack asli garut kripik kentang, bangket jahe sama dodol masing² 2 packs, enak dan lumayan banget, untuk air minum disediain dispenser di koridor di kamar lengkap ada kulkas juga. Hotel 1 kawasan sama beberapa kafe, tempat billiard sama tempat karaokean juga, persis sebelah hotel ada chocodot world. Jalan keluar kawasan ada warung steak, makanan-makanan dan minimarket banyak banget lengkap pokoknya stategis banget. Sarapannya parah banget sih masih 1 jam tapi sudah banyak yang habis dan gak direfill lagi males ngomongnya, saya aja duduk meja minta dibersihkan dulu kotor gitu, roti tinggal 1 lembar, gorengan habis semua kalau nasi, mie goreng, ayam goreng sama otak-otaknya enak, diambilin mbak nya gitu. Minuman dinginnya juga enak tinggal ngambil ditaruh kulkas. Cuma saya kecewa sama sarapannya padahal harga kamar diatas 600rb semua, pelayanannya buruk di situ, banyak yang tidak ada kerjaan tapi tidak cekatan pake disuruh. Sampai saya selesai makan 09.30 masih belum direfill-refil juga.",Diulas 226 minggu lalu,"https://ik.imagekit.io/tvlk/ugc-review/guys1L+Yyer9kzI3sp-pb0CG1j2bhflZGFUZOoIf1YOBAm37kEUOKR41ieUZm7ZJ/ugc-photo-ap-southeast-1-581603780057-acd24e232f75f09e/ACCOMMODATION/3954059_ACCOMMODATION_1641777384795_f6ad262175a6670b?_src=imagekit&tr=c-at_max,h-100,q-40,w-100","https://ik.imagekit.io/tvlk/ugc-review/guys1L+Yyer9kzI3sp-pb0CG1j2bhflZGFUZOoIf1YOBAm37kEUOKR41ieUZm7ZJ/ugc-photo-ap-southeast-1-581603780057-acd24e232f75f09e/ACCOMMODATION/3954059_ACCOMMODATION_1641777384796_25ff5e83e7cf8215?_src=imagekit&tr=c-at_max,h-100,q-40,w-100","https://ik.imagekit.io/tvlk/ugc-review/guys1L+Yyer9kzI3sp-pb0CG1j2bhflZGFUZOoIf1YOBAm37kEUOKR41ieUZm7ZJ/ugc-photo-ap-southeast-1-581603780057-acd24e232f75f09e/ACCOMMODATION/3954059_ACCOMMODATION_1641777384796_e4fedae16d59344f?_src=imagekit&tr=c-at_max,h-100,q-40,w-100",,,,,,,,,,,,,,,,,
https://www.traveloka.com/id-id/user/review/consumption/HOTEL/GENERAL/1000000467714,2,24,"Kamarnya nyaman, bersih, wangi. Komrenang enak juga sepi karena pas weekday, breakfast enak tapi jam 8 lewat sudah banyak yang habis makanannya padahal breakfast sampe jam 10. Di sekeliling hotel banyak yang jual makanan jajanan enak sih lingkungannya.",Diulas 229 minggu lalu,"https://ik.imagekit.io/tvlk/ugc-review/guys1L+Yyer9kzI3sp-pb0CG1j2bhflZGFUZOoIf1YOBAm37kEUOKR41ieUZm7ZJ/ugc-photo-ap-southeast-1-581603780057-acd24e232f75f09e/ACCOMMODATION/68191300_ACCOMMODATION_1639798381762_eef8425bdd890ba9?_src=imagekit&tr=c-at_max,h-100,q-40,w-100","https://ik.imagekit.io/tvlk/ugc-review/guys1L+Yyer9kzI3sp-pb0CG1j2bhflZGFUZOoIf1YOBAm37kEUOKR41ieUZm7ZJ/ugc-photo-ap-southeast-1-581603780057-acd24e232f75f09e/ACCOMMODATION/68191300_ACCOMMODATION_1639798428463_64bedfaccdb4506e?_src=imagekit&tr=c-at_max,h-100,q-40,w-100",,,,,,,,,,,,,,,,,,
https://www.traveloka.com/id-id/user/review/consumption/HOTEL/GENERAL/1000000467714,2,25,Hotel nya di tengah kota jadi untuk acara family termasuk rekomendasi banget untuk staycation masih kurang karena kalo weekend banyak acara di baleroom nya jadi kita kurang bisa menikmati tamannya. Banyak tamu undangan. Kolam renang besar tapi air nya dingin jadi berenangnya sewaktu waktu ajja. Kalo makanan enak enak banget meskipun gak banyak tapi semua makanannya enak banget suka. Kamar hotel nya nyaman kamar mandi juga nyaman. Alhamdulilah bisa bermalam dengan nyenyak.,Diulas 230 minggu lalu,"https://ik.imagekit.io/tvlk/ugc-review/guys1L+Yyer9kzI3sp-pb0CG1j2bhflZGFUZOoIf1YOBAm37kEUOKR41ieUZm7ZJ/ugc-photo-ap-southeast-1-581603780057-acd24e232f75f09e/ACCOMMODATION/172487693_ACCOMMODATION_1639278167317_9bcd1b08f628bf2a?_src=imagekit&tr=c-at_max,h-100,q-40,w-100",,,,,,,,,,,,,,,,,,,
https://www.traveloka.com/id-id/user/review/consumption/HOTEL/GENERAL/1000000467714,2,26,"Mantap, favoritku banget, lain kali aku ke Garut aku bakal mampir ke sini lagi. Makanannya beneran enak.",Diulas 230 minggu lalu,"https://ik.imagekit.io/tvlk/ugc-review/guys1L+Yyer9kzI3sp-pb0CG1j2bhflZGFUZOoIf1YOBAm37kEUOKR41ieUZm7ZJ/ugc-photo-ap-southeast-1-581603780057-acd24e232f75f09e/ACCOMMODATION/123174259_ACCOMMODATION_1638914108537_db6e85ac85832464?_src=imagekit&tr=c-at_max,h-100,q-40,w-100","https://ik.imagekit.io/tvlk/ugc-review/guys1L+Yyer9kzI3sp-pb0CG1j2bhflZGFUZOoIf1YOBAm37kEUOKR41ieUZm7ZJ/ugc-photo-ap-southeast-1-581603780057-acd24e232f75f09e/ACCOMMODATION/123174259_ACCOMMODATION_1638914108540_e648337b6b689f66?_src=imagekit&tr=c-at_max,h-100,q-40,w-100",,,,,,,,,,,,,,,,,,
https://www.traveloka.com/id-id/user/review/consumption/HOTEL/GENERAL/1000000467714,2,27,Recommended sekali! Saya senang menginap di sana fasilitas dan lain-lain sangat sesuai ekspetasi.,Diulas 231 minggu lalu,"https://ik.imagekit.io/tvlk/ugc-review/guys1L+Yyer9kzI3sp-pb0CG1j2bhflZGFUZOoIf1YOBAm37kEUOKR41ieUZm7ZJ/ugc-photo-ap-southeast-1-581603780057-acd24e232f75f09e/ACCOMMODATION/178852742_ACCOMMODATION_1638521631628_26b562e2a5ee1c41?_src=imagekit&tr=c-at_max,h-100,q-40,w-100",,,,,,,,,,,,,,,,,,,
https://www.traveloka.com/id-id/user/review/consumption/HOTEL/GENERAL/1000000467714,2,28,"Hotel ini dekat dengan Kota Garut dan memiliki layanan yang bagus serta restoran-restoran bagus di sekitarnya. Di malam hari, hotel ini juga dekat dengan bar yang menyediakan hiburan musik live. Sayangnya, koneksi wifi di hotel buruk. Saya tidak bisa bermain game menggunakan wifi tersebut.",Diulas 240 minggu lalu,"https://ik.imagekit.io/tvlk/ugc-review/guys1L+Yyer9kzI3sp-pb0CG1j2bhflZGFUZOoIf1YOBAm37kEUOKR41ieUZm7ZJ/ugc-photo-ap-southeast-1-581603780057-acd24e232f75f09e/ACCOMMODATION/68420313_ACCOMMODATION_1633079296082_85ade4e23c859966?_src=imagekit&tr=c-at_max,h-100,q-40,w-100","https://ik.imagekit.io/tvlk/ugc-review/guys1L+Yyer9kzI3sp-pb0CG1j2bhflZGFUZOoIf1YOBAm37kEUOKR41ieUZm7ZJ/ugc-photo-ap-southeast-1-581603780057-acd24e232f75f09e/ACCOMMODATION/68420313_ACCOMMODATION_1633079296082_e1d2866fa267bc4f?_src=imagekit&tr=c-at_max,h-100,q-40,w-100",,,,,,,,,,,,,,,,,,
https://www.traveloka.com/id-id/user/review/consumption/HOTEL/GENERAL/1000000467714,2,29,Hotel bersih makanan enak cuman karena lagi ada acara jadi kurang menikmati banyak banget orang,Diulas 245 minggu lalu,"https://ik.imagekit.io/tvlk/ugc-review/guys1L+Yyer9kzI3sp-pb0CG1j2bhflZGFUZOoIf1YOBAm37kEUOKR41ieUZm7ZJ/ugc-photo-ap-southeast-1-581603780057-acd24e232f75f09e/ACCOMMODATION/21201696_ACCOMMODATION_1630371047861_b0a8ade54230f20e?_src=imagekit&tr=c-at_max,h-100,q-40,w-100",,,,,,,,,,,,,,,,,,,
https://www.traveloka.com/id-id/user/review/consumption/HOTEL/GENERAL/1000000467714,2,30,Kamar nya nyaman. Bersih. Semua fasilitas normal. Makanan nya enak. Nanti kapan-kapan nginep di sana kalo ke garut lagi.,Diulas 246 minggu lalu,"https://ik.imagekit.io/tvlk/ugc-review/guys1L+Yyer9kzI3sp-pb0CG1j2bhflZGFUZOoIf1YOBAm37kEUOKR41ieUZm7ZJ/ugc-photo-ap-southeast-1-581603780057-acd24e232f75f09e/ACCOMMODATION/63934976_ACCOMMODATION_1629720784874_7d05112d1ab9ce69?_src=imagekit&tr=c-at_max,h-100,q-40,w-100","https://ik.imagekit.io/tvlk/ugc-review/guys1L+Yyer9kzI3sp-pb0CG1j2bhflZGFUZOoIf1YOBAm37kEUOKR41ieUZm7ZJ/ugc-photo-ap-southeast-1-581603780057-acd24e232f75f09e/ACCOMMODATION/63934976_ACCOMMODATION_1629720784874_af0425ed2a5d08ee?_src=imagekit&tr=c-at_max,h-100,q-40,w-100",,,,,,,,,,,,,,,,,,
https://www.traveloka.com/id-id/user/review/consumption/HOTEL/GENERAL/1000000467714,2,31,Favehotel Garut wah the best banget. Kamar hotel pas masuk wangi aroma buah disinfectant yang friendly banget. Kamar bersih tempat tidur kamar mandi gak ada yang kurang. Sarapan enak 2 dan banyak pilihan. Stafnya ramah-ramah banget dan yang paling oke lagi mobil di cuci gratis. Bisa kebayang kan dari Jakarta-Garut ujan debu. Eh pas cek out liat mobil langsung kinclong banget. Next tiap ke Garut bakal nginep terus nich di favehotel by Aston ❤️,Diulas 248 minggu lalu,"https://ik.imagekit.io/tvlk/ugc-review/guys1L+Yyer9kzI3sp-pb0CG1j2bhflZGFUZOoIf1YOBAm37kEUOKR41ieUZm7ZJ/ugc-photo-ap-southeast-1-581603780057-acd24e232f75f09e/ACCOMMODATION/15423757_ACCOMMODATION_1628478899709_7c5930925e30f3fa?_src=imagekit&tr=c-at_max,h-100,q-40,w-100","https://ik.imagekit.io/tvlk/ugc-review/guys1L+Yyer9kzI3sp-pb0CG1j2bhflZGFUZOoIf1YOBAm37kEUOKR41ieUZm7ZJ/ugc-photo-ap-southeast-1-581603780057-acd24e232f75f09e/ACCOMMODATION/15423757_ACCOMMODATION_1628478899709_39fedced85963000?_src=imagekit&tr=c-at_max,h-100,q-40,w-100",,,,,,,,,,,,,,,,,,
https://www.traveloka.com/id-id/user/review/consumption/HOTEL/GENERAL/1000000467714,2,32,"Suka banget nginep di sini, strategis dkt pusat kota dkt kuliner. Kamarnya nyaman, sarapan enak. Plyanan mmuaskn. Kalo ke garut nginepny pasti d fave ternyaman deh pokokny.",Diulas 257 minggu lalu,"https://ik.imagekit.io/tvlk/ugc-review/guys1L+Yyer9kzI3sp-pb0CG1j2bhflZGFUZOoIf1YOBAm37kEUOKR41ieUZm7ZJ/ugc-photo-ap-southeast-1-581603780057-acd24e232f75f09e/ACCOMMODATION/170019804_ACCOMMODATION_1623023597370_33a56f569eec4455?_src=imagekit&tr=c-at_max,h-100,q-40,w-100","https://ik.imagekit.io/tvlk/ugc-review/guys1L+Yyer9kzI3sp-pb0CG1j2bhflZGFUZOoIf1YOBAm37kEUOKR41ieUZm7ZJ/ugc-photo-ap-southeast-1-581603780057-acd24e232f75f09e/ACCOMMODATION/170019804_ACCOMMODATION_1623023597371_b848d26aa6e0ff03?_src=imagekit&tr=c-at_max,h-100,q-40,w-100","https://ik.imagekit.io/tvlk/ugc-review/guys1L+Yyer9kzI3sp-pb0CG1j2bhflZGFUZOoIf1YOBAm37kEUOKR41ieUZm7ZJ/ugc-photo-ap-southeast-1-581603780057-acd24e232f75f09e/ACCOMMODATION/170019804_ACCOMMODATION_1623023597371_fc4db253a0b4f8dc?_src=imagekit&tr=c-at_max,h-100,q-40,w-100","https://ik.imagekit.io/tvlk/ugc-review/guys1L+Yyer9kzI3sp-pb0CG1j2bhflZGFUZOoIf1YOBAm37kEUOKR41ieUZm7ZJ/ugc-photo-ap-southeast-1-581603780057-acd24e232f75f09e/ACCOMMODATION/170019804_ACCOMMODATION_1623023597372_84b8dd7349cd23e3?_src=imagekit&tr=c-at_max,h-100,q-40,w-100","https://ik.imagekit.io/tvlk/ugc-review/guys1L+Yyer9kzI3sp-pb0CG1j2bhflZGFUZOoIf1YOBAm37kEUOKR41ieUZm7ZJ/ugc-photo-ap-southeast-1-581603780057-acd24e232f75f09e/ACCOMMODATION/170019804_ACCOMMODATION_1623023597372_8fcc03818caee902?_src=imagekit&tr=c-at_max,h-100,q-40,w-100",,,,,,,,,,,,,,,
https://www.traveloka.com/id-id/user/review/consumption/HOTEL/GENERAL/1000000467714,2,33,Lokasinya stategis banyak hiburan dan dekat dengan kota Garut,Diulas 267 minggu lalu,"https://ik.imagekit.io/tvlk/ugc-review/guys1L+Yyer9kzI3sp-pb0CG1j2bhflZGFUZOoIf1YOBAm37kEUOKR41ieUZm7ZJ/ugc-photo-ap-southeast-1-581603780057-acd24e232f75f09e/ACCOMMODATION/4524154_ACCOMMODATION_1617027177026_12bab3cf8a34f804?_src=imagekit&tr=c-at_max,h-100,q-40,w-100",,,,,,,,,,,,,,,,,,,
https://www.traveloka.com/id-id/user/review/consumption/HOTEL/GENERAL/1000000467714,2,34,"Sebelum2nya sering stay di sini, tapi selanjutnya tidak akan lagi. Masa iya hotel bintang 3 airnya mati??!! Walaupun jam 11 malam, tetap saja ganggu banget. Bawa2 nama Fave, service-nya kaya kost-kostan 500rb'an sebulan. Pas dikomplain di reception, mas2nya cuma bilang ada perbaikan, minta maaf juga nggak. Luar biasa 😂",Diulas 269 minggu lalu,"https://ik.imagekit.io/tvlk/ugc-review/guys1L+Yyer9kzI3sp-pb0CG1j2bhflZGFUZOoIf1YOBAm37kEUOKR41ieUZm7ZJ/ugc-photo-ap-southeast-1-581603780057-acd24e232f75f09e/ACCOMMODATION/58550911_ACCOMMODATION_1615747658291_fbaa0e80c1f6a399?_src=imagekit&tr=c-at_max,h-100,q-40,w-100",,,,,,,,,,,,,,,,,,,
https://www.traveloka.com/id-id/user/review/consumption/HOTEL/GENERAL/1000000467714,2,35,hotelnya nyaman banyak tempat makan disekitarnyaa...next kesini lg,Diulas 270 minggu lalu,"https://ik.imagekit.io/tvlk/ugc-review/guys1L+Yyer9kzI3sp-pb0CG1j2bhflZGFUZOoIf1YOBAm37kEUOKR41ieUZm7ZJ/ugc-photo-ap-southeast-1-581603780057-acd24e232f75f09e/ACCOMMODATION/18120291_ACCOMMODATION_1615130078115_8d652ad17b6a282b?_src=imagekit&tr=c-at_max,h-100,q-40,w-100",,,,,,,,,,,,,,,,,,,
https://www.traveloka.com/id-id/user/review/consumption/HOTEL/GENERAL/1000000467714,2,36,"Happy banget menginap disini. protkes, pelayanan ramah. sarapan tetap banyak pilihan dan enak 😍 krn skrg byk hotel yg ngasih sarapan seadanya dgn alasan pandemi 😌 kamar nya juga nyaman, parkir luas. ada cafe, toko souvenir, tempat makan danlain-lain dlm satu lingkungan hotel jd gak usah jauh jauh mau jajan 😆 staff nya semua ramah, melayani banget pertahankan ya. Thank you!",Diulas 270 minggu lalu,"https://ik.imagekit.io/tvlk/ugc-review/guys1L+Yyer9kzI3sp-pb0CG1j2bhflZGFUZOoIf1YOBAm37kEUOKR41ieUZm7ZJ/ugc-photo-ap-southeast-1-581603780057-acd24e232f75f09e/ACCOMMODATION/178849595_ACCOMMODATION_1614835739604_4e6fbe5b66cb2a7d?_src=imagekit&tr=c-at_max,h-100,q-40,w-100",,,,,,,,,,,,,,,,,,,
https://www.traveloka.com/id-id/user/review/consumption/HOTEL/GENERAL/1000000467714,2,37,"mungkin kebersihan kamarnya lebih ditingkatkan lagi kali ya, karena pas masuk kamar tuh bau rokok dan ada bekas puntung rokok di sisi jendela. yg lain2nya good",Diulas 270 minggu lalu,"https://ik.imagekit.io/tvlk/ugc-review/guys1L+Yyer9kzI3sp-pb0CG1j2bhflZGFUZOoIf1YOBAm37kEUOKR41ieUZm7ZJ/ugc-photo-ap-southeast-1-581603780057-acd24e232f75f09e/ACCOMMODATION/177666755_ACCOMMODATION_1614782426912_bfa71bfb36355b14?_src=imagekit&tr=c-at_max,h-100,q-40,w-100",,,,,,,,,,,,,,,,,,,
https://www.traveloka.com/id-id/user/review/consumption/HOTEL/GENERAL/1000000467714,2,38,"Kamar vipnya mahal, dan seprai kasur bau, teh, kopi tidak disediakan, kamar mandi tidak ada sampo dan sikat gigi dan odol, handuk juga bau.",Diulas 283 minggu lalu,"https://ik.imagekit.io/tvlk/ugc-review/guys1L+Yyer9kzI3sp-pb0CG1j2bhflZGFUZOoIf1YOBAm37kEUOKR41ieUZm7ZJ/ugc-photo-ap-southeast-1-581603780057-acd24e232f75f09e/ACCOMMODATION/16343316_ACCOMMODATION_1607327007385_86d13d41da387612?_src=imagekit&tr=c-at_max,h-100,q-40,w-100","https://ik.imagekit.io/tvlk/ugc-review/guys1L+Yyer9kzI3sp-pb0CG1j2bhflZGFUZOoIf1YOBAm37kEUOKR41ieUZm7ZJ/ugc-photo-ap-southeast-1-581603780057-acd24e232f75f09e/ACCOMMODATION/16343316_ACCOMMODATION_1607327007385_dd0a96d5503b3c21?_src=imagekit&tr=c-at_max,h-100,q-40,w-100",,,,,,,,,,,,,,,,,,
https://www.traveloka.com/id-id/user/review/consumption/HOTEL/GENERAL/1000000467714,2,39,"Hotel grup aston, dengan clean accommodation. staf helpful, proses check-in dan check-out cepat. kolam renang dekat dengan restoran, lift juga tersedia, Serta ada jalur untuk kursi roda. terdiri dari 4 lantai (tidak 1,2, 3). Sekitar hotel ada restoran eat boss, karaoke charlie van houten, chocodot, alfamart, yomart dan lain-lain. parkiran cukup luas, dan ada gedung parkiran yang tertutup atapnya, jadi kendaraan tidak kena panas atau hujan. Fasilitas kamar cukup bagus untuk budget hotel, parkir free, jangan lupa minta cap ke front office saat check-out. Di setiap pintu masuk lift ada enak sanitizer otomanis (tanpa disentuh) dan air minum di kamar tidak ada, Tapi diganti dengan air minum dispenser disetiap lantai namun di setiap kamar ada alat pemanas air dan ada juga yang ada kulkasnya. Saat itu saya pesan breakfast agar dikirim kekamar, dan staf mengantarkannya ke kamar, sangat fleksibel dan helpful. kalau ke garut lagi, Saya akan menginap disini lagi, terima kasih fave hotel cimanuk garut.",Diulas 284 minggu lalu,"https://ik.imagekit.io/tvlk/ugc-review/guys1L+Yyer9kzI3sp-pb0CG1j2bhflZGFUZOoIf1YOBAm37kEUOKR41ieUZm7ZJ/ugc-photo-ap-southeast-1-581603780057-acd24e232f75f09e/ACCOMMODATION/10564070_ACCOMMODATION_1606208435538_5c5cb6f16a6ad757?_src=imagekit&tr=c-at_max,h-80,q-40,w-80","https://ik.imagekit.io/tvlk/ugc-review/guys1L+Yyer9kzI3sp-pb0CG1j2bhflZGFUZOoIf1YOBAm37kEUOKR41ieUZm7ZJ/ugc-photo-ap-southeast-1-581603780057-acd24e232f75f09e/ACCOMMODATION/10564070_ACCOMMODATION_1606208435539_1282d39e12a83f42?_src=imagekit&tr=c-at_max,h-80,q-40,w-80","https://ik.imagekit.io/tvlk/ugc-review/guys1L+Yyer9kzI3sp-pb0CG1j2bhflZGFUZOoIf1YOBAm37kEUOKR41ieUZm7ZJ/ugc-photo-ap-southeast-1-581603780057-acd24e232f75f09e/ACCOMMODATION/10564070_ACCOMMODATION_1606208435539_c029f26fa0eef7a3?_src=imagekit&tr=c-at_max,h-80,q-40,w-80","https://ik.imagekit.io/tvlk/ugc-review/guys1L+Yyer9kzI3sp-pb0CG1j2bhflZGFUZOoIf1YOBAm37kEUOKR41ieUZm7ZJ/ugc-photo-ap-southeast-1-581603780057-acd24e232f75f09e/ACCOMMODATION/10564070_ACCOMMODATION_1606208435539_1fff325ef2194108?_src=imagekit&tr=c-at_max,h-80,q-40,w-80","https://ik.imagekit.io/tvlk/ugc-review/guys1L+Yyer9kzI3sp-pb0CG1j2bhflZGFUZOoIf1YOBAm37kEUOKR41ieUZm7ZJ/ugc-photo-ap-southeast-1-581603780057-acd24e232f75f09e/ACCOMMODATION/10564070_ACCOMMODATION_1606208435539_842b7e3265f98339?_src=imagekit&tr=c-at_max,h-80,q-40,w-80","https://ik.imagekit.io/tvlk/ugc-review/guys1L+Yyer9kzI3sp-pb0CG1j2bhflZGFUZOoIf1YOBAm37kEUOKR41ieUZm7ZJ/ugc-photo-ap-southeast-1-581603780057-acd24e232f75f09e/ACCOMMODATION/10564070_ACCOMMODATION_1606208435540_06a3a8cf7bf054fb?_src=imagekit&tr=c-at_max,h-80,q-40,w-80","https://ik.imagekit.io/tvlk/ugc-review/guys1L+Yyer9kzI3sp-pb0CG1j2bhflZGFUZOoIf1YOBAm37kEUOKR41ieUZm7ZJ/ugc-photo-ap-southeast-1-581603780057-acd24e232f75f09e/ACCOMMODATION/10564070_ACCOMMODATION_1606208435540_f50c9eda99ab4989?_src=imagekit&tr=c-at_max,h-80,q-40,w-80",,,,,,,,,,,,,
https://www.traveloka.com/id-id/user/review/consumption/HOTEL/GENERAL/1000000467714,2,40,"Booking kamar mudah, harga sesuai dengan yang tertera di aplikasi sudah termasuk pajak loh, room bersih, layanan oke, tempat strategis, luas parkir, Kolam renang bersih airnya.",Diulas 287 minggu lalu,"https://ik.imagekit.io/tvlk/ugc-review/guys1L+Yyer9kzI3sp-pb0CG1j2bhflZGFUZOoIf1YOBAm37kEUOKR41ieUZm7ZJ/ugc-photo-ap-southeast-1-581603780057-acd24e232f75f09e/ACCOMMODATION/36824017_ACCOMMODATION_1604471340691_dfa8d2debf9eef43?_src=imagekit&tr=c-at_max,h-100,q-40,w-100",,,,,,,,,,,,,,,,,,,
https://www.traveloka.com/id-id/user/review/consumption/HOTEL/GENERAL/1000000467714,3,1,Pelayanan ramah sarapan menunya lumayan dan enak harga lumayan pas di kantong cuma 1 saja lampu kamar kurang terang lampu di set buat tidur malam saja jadi kalau masih jam 7 malam apaj malam terasa gelap kalau mau nulis agak kurang terang satu kelebihan ada al quran saat liburan kita masih bisa mengaji sejauh ini fave oke lah.,Diulas 288 minggu lalu,"https://ik.imagekit.io/tvlk/ugc-review/guys1L+Yyer9kzI3sp-pb0CG1j2bhflZGFUZOoIf1YOBAm37kEUOKR41ieUZm7ZJ/ugc-photo-ap-southeast-1-581603780057-acd24e232f75f09e/ACCOMMODATION/100405637_ACCOMMODATION_1604188948027_6ba060e5936f7bff?_src=imagekit&tr=c-at_max,h-100,q-40,w-100","https://ik.imagekit.io/tvlk/ugc-review/guys1L+Yyer9kzI3sp-pb0CG1j2bhflZGFUZOoIf1YOBAm37kEUOKR41ieUZm7ZJ/ugc-photo-ap-southeast-1-581603780057-acd24e232f75f09e/ACCOMMODATION/100405637_ACCOMMODATION_1604188948028_d69fdc1a312a2a94?_src=imagekit&tr=c-at_max,h-100,q-40,w-100",,,,,,,,,,,,,,,,,,
https://www.traveloka.com/id-id/user/review/consumption/HOTEL/GENERAL/1000000467714,3,2,"Proses check-in yang cepat sekali, excellent! Saya datang 13:30 tapi kamar sudah tersedia dan sudah boleh masuk. Kamar yang bersih protokol kesehatan baik. sarapan cukup variatif dan enak, nasi goreng kencurnya enak. Karyawan hotel yang ramah-ramah. Kolam renang bis digunakan sampai jam 6 sore. Sepi jadi aman serasa kolam renang pribadi, puas, bakal menginap disini lagi. Di sebelah hotel ada kafe eatboss murah, dan ada toko oleh oleh chocodot pas kesana lagi promo beli 1 gratis 1, brownies ohleonya enak.",Diulas 289 minggu lalu,"https://ik.imagekit.io/tvlk/ugc-review/guys1L+Yyer9kzI3sp-pb0CG1j2bhflZGFUZOoIf1YOBAm37kEUOKR41ieUZm7ZJ/ugc-photo-ap-southeast-1-581603780057-acd24e232f75f09e/ACCOMMODATION/144826114_ACCOMMODATION_1603376305588_f38e1225f3b2aef6?_src=imagekit&tr=c-at_max,h-100,q-40,w-100","https://ik.imagekit.io/tvlk/ugc-review/guys1L+Yyer9kzI3sp-pb0CG1j2bhflZGFUZOoIf1YOBAm37kEUOKR41ieUZm7ZJ/ugc-photo-ap-southeast-1-581603780057-acd24e232f75f09e/ACCOMMODATION/144826114_ACCOMMODATION_1603376369307_0ad659b6dddff196?_src=imagekit&tr=c-at_max,h-100,q-40,w-100","https://ik.imagekit.io/tvlk/ugc-review/guys1L+Yyer9kzI3sp-pb0CG1j2bhflZGFUZOoIf1YOBAm37kEUOKR41ieUZm7ZJ/ugc-photo-ap-southeast-1-581603780057-acd24e232f75f09e/ACCOMMODATION/144826114_ACCOMMODATION_1603376551805_1e4b548e06319126?_src=imagekit&tr=c-at_max,h-100,q-40,w-100","https://ik.imagekit.io/tvlk/ugc-review/guys1L+Yyer9kzI3sp-pb0CG1j2bhflZGFUZOoIf1YOBAm37kEUOKR41ieUZm7ZJ/ugc-photo-ap-southeast-1-581603780057-acd24e232f75f09e/ACCOMMODATION/144826114_ACCOMMODATION_1603376502108_e87a256f9af2b8ef?_src=imagekit&tr=c-at_max,h-100,q-40,w-100","https://ik.imagekit.io/tvlk/ugc-review/guys1L+Yyer9kzI3sp-pb0CG1j2bhflZGFUZOoIf1YOBAm37kEUOKR41ieUZm7ZJ/ugc-photo-ap-southeast-1-581603780057-acd24e232f75f09e/ACCOMMODATION/144826114_ACCOMMODATION_1603376337955_1e72131853f3db43?_src=imagekit&tr=c-at_max,h-100,q-40,w-100","https://ik.imagekit.io/tvlk/ugc-review/guys1L+Yyer9kzI3sp-pb0CG1j2bhflZGFUZOoIf1YOBAm37kEUOKR41ieUZm7ZJ/ugc-photo-ap-southeast-1-581603780057-acd24e232f75f09e/ACCOMMODATION/144826114_ACCOMMODATION_1603376390637_f2c7b89ce8952e4b?_src=imagekit&tr=c-at_max,h-100,q-40,w-100",,,,,,,,,,,,,,
https://www.traveloka.com/id-id/user/review/consumption/HOTEL/GENERAL/1000000467714,3,3,Tempat menyenangkan dan strategis dari pusat kota garut.,Diulas 290 minggu lalu,"https://ik.imagekit.io/tvlk/ugc-review/guys1L+Yyer9kzI3sp-pb0CG1j2bhflZGFUZOoIf1YOBAm37kEUOKR41ieUZm7ZJ/ugc-photo-ap-southeast-1-581603780057-acd24e232f75f09e/ACCOMMODATION/10203351_ACCOMMODATION_1603187432014_98183002a793398b?_src=imagekit&tr=c-at_max,h-100,q-40,w-100",,,,,,,,,,,,,,,,,,,
https://www.traveloka.com/id-id/user/review/consumption/HOTEL/GENERAL/1000000467714,3,4,"Habis muncak gunung papandayan, karena lelah kami sekeluarga memutuskan menginap di fave hotel Cimanuk. alhamdulillah sesuai protokol kesehatan, Bersih, internet kencang anak-anak suka, air minum dispenser di luar banyak jadi dekat dengan kamar anak-anak suka jadi bisa minum air dingin. Next kalau muncak ke gunung-gunung digarut kita pasti kesini lagi. Thanks fave hotel cimanuk n thanks Traveloka bertahun-tahun sudah menemani destinasi wisata kami dengan diskon-diskonnya yang mantap.",Diulas 294 minggu lalu,"https://ik.imagekit.io/tvlk/ugc-review/guys1L+Yyer9kzI3sp-pb0CG1j2bhflZGFUZOoIf1YOBAm37kEUOKR41ieUZm7ZJ/ugc-photo-ap-southeast-1-581603780057-acd24e232f75f09e/ACCOMMODATION/6213097_ACCOMMODATION_1600225603888_bec5b23744078cdc?_src=imagekit&tr=c-at_max,h-100,q-40,w-100","https://ik.imagekit.io/tvlk/ugc-review/guys1L+Yyer9kzI3sp-pb0CG1j2bhflZGFUZOoIf1YOBAm37kEUOKR41ieUZm7ZJ/ugc-photo-ap-southeast-1-581603780057-acd24e232f75f09e/ACCOMMODATION/6213097_ACCOMMODATION_1600225603888_71789c4daf346959?_src=imagekit&tr=c-at_max,h-100,q-40,w-100",,,,,,,,,,,,,,,,,,
https://www.traveloka.com/id-id/user/review/consumption/HOTEL/GENERAL/1000000467714,3,5,"Untuk acara keluarga, saya pesan 10 kamar fave room dan 1 fabroom. Di fabroom sebagai tempat kumpul kami. Kamarnya sangat luas dan nyaman banget. Hanya saja untuk air hangat kurang panas. mungkin bisa jadi bahan perbaikan. so far good lah.",Diulas 296 minggu lalu,"https://ik.imagekit.io/tvlk/ugc-review/guys1L+Yyer9kzI3sp-pb0CG1j2bhflZGFUZOoIf1YOBAm37kEUOKR41ieUZm7ZJ/ugc-photo-ap-southeast-1-581603780057-acd24e232f75f09e/ACCOMMODATION/47825189_ACCOMMODATION_1599402453452_8a9abeb275e1d256?_src=imagekit&tr=c-at_max,h-100,q-40,w-100","https://ik.imagekit.io/tvlk/ugc-review/guys1L+Yyer9kzI3sp-pb0CG1j2bhflZGFUZOoIf1YOBAm37kEUOKR41ieUZm7ZJ/ugc-photo-ap-southeast-1-581603780057-acd24e232f75f09e/ACCOMMODATION/47825189_ACCOMMODATION_1599402453456_44c1df2a23bb09f2?_src=imagekit&tr=c-at_max,h-100,q-40,w-100","https://ik.imagekit.io/tvlk/ugc-review/guys1L+Yyer9kzI3sp-pb0CG1j2bhflZGFUZOoIf1YOBAm37kEUOKR41ieUZm7ZJ/ugc-photo-ap-southeast-1-581603780057-acd24e232f75f09e/ACCOMMODATION/47825189_ACCOMMODATION_1599402453457_4712bcdd7655f509?_src=imagekit&tr=c-at_max,h-100,q-40,w-100","https://ik.imagekit.io/tvlk/ugc-review/guys1L+Yyer9kzI3sp-pb0CG1j2bhflZGFUZOoIf1YOBAm37kEUOKR41ieUZm7ZJ/ugc-photo-ap-southeast-1-581603780057-acd24e232f75f09e/ACCOMMODATION/47825189_ACCOMMODATION_1599402453458_a614c8d7fb4e4efa?_src=imagekit&tr=c-at_max,h-100,q-40,w-100",,,,,,,,,,,,,,,,
https://www.traveloka.com/id-id/user/review/consumption/HOTEL/GENERAL/1000000467714,3,6,Selalu menjadi favorit untuk menginap apabila berkunjung ke kota garut.,Diulas 296 minggu lalu,"https://ik.imagekit.io/tvlk/ugc-review/guys1L+Yyer9kzI3sp-pb0CG1j2bhflZGFUZOoIf1YOBAm37kEUOKR41ieUZm7ZJ/ugc-photo-ap-southeast-1-581603780057-acd24e232f75f09e/ACCOMMODATION/21041577_ACCOMMODATION_1599443066031_d31647b083a080f3?_src=imagekit&tr=c-at_max,h-100,q-40,w-100","https://ik.imagekit.io/tvlk/ugc-review/guys1L+Yyer9kzI3sp-pb0CG1j2bhflZGFUZOoIf1YOBAm37kEUOKR41ieUZm7ZJ/ugc-photo-ap-southeast-1-581603780057-acd24e232f75f09e/ACCOMMODATION/21041577_ACCOMMODATION_1599443092354_19e3218ac5686b80?_src=imagekit&tr=c-at_max,h-100,q-40,w-100",,,,,,,,,,,,,,,,,,
https://www.traveloka.com/id-id/user/review/consumption/HOTEL/GENERAL/1000000467714,3,7,"Lumayan utk staycation,anak2 suka karena ada kolam renangnya,kamar ga begitu luas tapi cukup utk istirahat.",Diulas 298 minggu lalu,"https://ik.imagekit.io/tvlk/ugc-review/guys1L+Yyer9kzI3sp-pb0CG1j2bhflZGFUZOoIf1YOBAm37kEUOKR41ieUZm7ZJ/ugc-photo-ap-southeast-1-581603780057-acd24e232f75f09e/ACCOMMODATION/8584440_ACCOMMODATION_1598147061013_af3e30c0ac332319?_src=imagekit&tr=c-at_max,h-100,q-40,w-100","https://ik.imagekit.io/tvlk/ugc-review/guys1L+Yyer9kzI3sp-pb0CG1j2bhflZGFUZOoIf1YOBAm37kEUOKR41ieUZm7ZJ/ugc-photo-ap-southeast-1-581603780057-acd24e232f75f09e/ACCOMMODATION/8584440_ACCOMMODATION_1598147061013_ef6e001ec7a9bc41?_src=imagekit&tr=c-at_max,h-100,q-40,w-100",,,,,,,,,,,,,,,,,,
https://www.traveloka.com/id-id/user/review/consumption/HOTEL/GENERAL/1000000467714,3,8,"Pengalaman yang kedua menginap disini, harga terjangkau dengan fasilitas lumayan dikelasnya, check-in mudah pelayannya ramah-ramah.",Diulas 304 minggu lalu,"https://ik.imagekit.io/tvlk/ugc-review/guys1L+Yyer9kzI3sp-pb0CG1j2bhflZGFUZOoIf1YOBAm37kEUOKR41ieUZm7ZJ/ugc-photo-ap-southeast-1-581603780057-acd24e232f75f09e/ACCOMMODATION/21982349_ACCOMMODATION_1594558705794_029591a36a21f345?_src=imagekit&tr=c-at_max,h-100,q-40,w-100",,,,,,,,,,,,,,,,,,,
https://www.traveloka.com/id-id/user/review/consumption/HOTEL/GENERAL/1000000467714,3,9,"Fave hotel garut recommended untuk liburan keluarga. Cuma tempat sarapannya dekat dengan kolam renang. Jadi pada saat breakfast tidak nyaman jika ada yang berenang, tapi overall makanannya oke, kamarnya juga bersih. Air minum bebas ambil dari galon depan kamar karena untuk go green jadi tidak menyediakan air mineral botol.",Diulas 318 minggu lalu,"https://ik.imagekit.io/tvlk/ugc-review/guys1L+Yyer9kzI3sp-pb0CG1j2bhflZGFUZOoIf1YOBAm37kEUOKR41ieUZm7ZJ/ugc-photo-ap-southeast-1-581603780057-acd24e232f75f09e/ACCOMMODATION/8390181_ACCOMMODATION_1585803281120_d1ba3086760823b1?_src=imagekit&tr=c-at_max,h-100,q-40,w-100",,,,,,,,,,,,,,,,,,,
https://www.traveloka.com/id-id/user/review/consumption/HOTEL/GENERAL/1000000467714,3,10,"Saya menginap disini untuk berlibur, Dengan menggunakan kamar superior yang letaknya di lantai 1 tepatnya kamar nomor 125 dengan pemandangan ke arah parkiran. Staffnya ramah-ramah dan sigap dalam memberikan pelayanan, kondisi kamar cukup bersih dan rapi tapi bed covernya terlihat kotor, Dan ada kecoa kecil pada tirai dalam kamar tidur, kamar mandinya bersih, perlengkapan mandinya juga cukup lengkap, hanya kurang sisir, Sedangkan variasi makanan yang disajikan untuk sarapan cukup banyak variasinya ada nasi putih, nasi goreng, lauknya ada kakap asam manis, Dan fillet kakap goreng kering, capcay, dan ayam, ada juga bubur ayam, roti dengan berbagai macam selai, jus jambu. Jus melon, dan jus jeruk, Bahkan disediakan camilan tradisional khas garut yaitu burayot, semua makanan dan minumannya rasanya enak. Cukup puas menginap disini kecuali kedua minus yang disebutkan di atas, Sepertinya akan menginap kembali disini bila ada kesempatan berlibur lagi ke garut.",Diulas 322 minggu lalu,"https://ik.imagekit.io/tvlk/ugc-review/guys1L+Yyer9kzI3sp-pb0CG1j2bhflZGFUZOoIf1YOBAm37kEUOKR41ieUZm7ZJ/ugc-photo-ap-southeast-1-581603780057-acd24e232f75f09e/ACCOMMODATION/96203766_ACCOMMODATION_1583718653630_ce98c8da758f86f4?_src=imagekit&tr=c-at_max,h-100,q-40,w-100","https://ik.imagekit.io/tvlk/ugc-review/guys1L+Yyer9kzI3sp-pb0CG1j2bhflZGFUZOoIf1YOBAm37kEUOKR41ieUZm7ZJ/ugc-photo-ap-southeast-1-581603780057-acd24e232f75f09e/ACCOMMODATION/96203766_ACCOMMODATION_1583718653630_638b2aca9a070924?_src=imagekit&tr=c-at_max,h-100,q-40,w-100","https://ik.imagekit.io/tvlk/ugc-review/guys1L+Yyer9kzI3sp-pb0CG1j2bhflZGFUZOoIf1YOBAm37kEUOKR41ieUZm7ZJ/ugc-photo-ap-southeast-1-581603780057-acd24e232f75f09e/ACCOMMODATION/96203766_ACCOMMODATION_1583718653629_85f6e8ef7cc573a0?_src=imagekit&tr=c-at_max,h-100,q-40,w-100",,,,,,,,,,,,,,,,,
https://www.traveloka.com/id-id/user/review/consumption/HOTEL/GENERAL/1000000467714,3,11,"Pilih kamar suite karena anakku ada 3? Biar mereka nyaman. overall semua oke, worth it lah dengan harga segitu. Anak-anak juga puas berenang dan sarapan cukup variatif?",Diulas 322 minggu lalu,"https://ik.imagekit.io/tvlk/ugc-review/guys1L+Yyer9kzI3sp-pb0CG1j2bhflZGFUZOoIf1YOBAm37kEUOKR41ieUZm7ZJ/ugc-photo-ap-southeast-1-581603780057-acd24e232f75f09e/ACCOMMODATION/65563612_ACCOMMODATION_1583447618918_4c8708ca1e269ab6?_src=imagekit&tr=c-at_max,h-100,q-40,w-100","https://ik.imagekit.io/tvlk/ugc-review/guys1L+Yyer9kzI3sp-pb0CG1j2bhflZGFUZOoIf1YOBAm37kEUOKR41ieUZm7ZJ/ugc-photo-ap-southeast-1-581603780057-acd24e232f75f09e/ACCOMMODATION/65563612_ACCOMMODATION_1583447618918_f4832e2b17085b84?_src=imagekit&tr=c-at_max,h-100,q-40,w-100",,,,,,,,,,,,,,,,,,
https://www.traveloka.com/id-id/user/review/consumption/HOTEL/GENERAL/1000000467714,3,12,Telah tinggal di sini beberapa kali .. Saran untuk kata sandi wifi harap konfirmasikan dengan benar. Karena pembungkus kartu kunci salah. Hingga 3 kali meminta kata sandi wifi baru sudah benar. Ya ampun ... sabun dan sikat gigi.,Diulas 325 minggu lalu,"https://ik.imagekit.io/tvlk/ugc-review/guys1L+Yyer9kzI3sp-pb0CG1j2bhflZGFUZOoIf1YOBAm37kEUOKR41ieUZm7ZJ/ugc-photo-ap-southeast-1-581603780057-acd24e232f75f09e/ACCOMMODATION/6860758_ACCOMMODATION_1581641105445_da9c5d9225eae363?_src=imagekit&tr=c-at_max,h-100,q-40,w-100",,,,,,,,,,,,,,,,,,,
https://www.traveloka.com/id-id/user/review/consumption/HOTEL/GENERAL/1000000467714,3,13,"Hotelnya nyaman dan bersih, pas dengan kantong harhanya. Tempatnya yang berada di kota memudahkan untuk menjangkau berbagai tempat atraksi maun poluler di Jogja.",Diulas 330 minggu lalu,"https://ik.imagekit.io/tvlk/ugc-review/guys1L+Yyer9kzI3sp-pb0CG1j2bhflZGFUZOoIf1YOBAm37kEUOKR41ieUZm7ZJ/ugc-photo-ap-southeast-1-581603780057-acd24e232f75f09e/ACCOMMODATION/88992179_ACCOMMODATION_1578857972774_73bd21512417ff0a?_src=imagekit&tr=c-at_max,h-100,q-40,w-100","https://ik.imagekit.io/tvlk/ugc-review/guys1L+Yyer9kzI3sp-pb0CG1j2bhflZGFUZOoIf1YOBAm37kEUOKR41ieUZm7ZJ/ugc-photo-ap-southeast-1-581603780057-acd24e232f75f09e/ACCOMMODATION/88992179_ACCOMMODATION_1578857972775_80d34956d27b915a?_src=imagekit&tr=c-at_max,h-100,q-40,w-100",,,,,,,,,,,,,,,,,,
https://www.traveloka.com/id-id/user/review/consumption/HOTEL/GENERAL/1000000467714,3,14,"Lokasi strategis di tengah kota, Kebersihan kamar perlu ditingkatkan karena masih ada beberapa noda dilantai kamar dan dinding kamar sepertinya perlu di-cat ulang karena ada beberapa, WiFi lambat, menu sarapan oke dan variatif, staf ramah, kolam renang bersih.",Diulas 330 minggu lalu,"https://ik.imagekit.io/tvlk/ugc-review/guys1L+Yyer9kzI3sp-pb0CG1j2bhflZGFUZOoIf1YOBAm37kEUOKR41ieUZm7ZJ/ugc-photo-ap-southeast-1-581603780057-acd24e232f75f09e/ACCOMMODATION/157081734_ACCOMMODATION_1578830847160_ead43c4396acd1f2?_src=imagekit&tr=c-at_max,h-100,q-40,w-100","https://ik.imagekit.io/tvlk/ugc-review/guys1L+Yyer9kzI3sp-pb0CG1j2bhflZGFUZOoIf1YOBAm37kEUOKR41ieUZm7ZJ/ugc-photo-ap-southeast-1-581603780057-acd24e232f75f09e/ACCOMMODATION/157081734_ACCOMMODATION_1578830847161_46bb9aecec179883?_src=imagekit&tr=c-at_max,h-100,q-40,w-100","https://ik.imagekit.io/tvlk/ugc-review/guys1L+Yyer9kzI3sp-pb0CG1j2bhflZGFUZOoIf1YOBAm37kEUOKR41ieUZm7ZJ/ugc-photo-ap-southeast-1-581603780057-acd24e232f75f09e/ACCOMMODATION/157081734_ACCOMMODATION_1578830847161_8bb72d299ba92c46?_src=imagekit&tr=c-at_max,h-100,q-40,w-100",,,,,,,,,,,,,,,,,
https://www.traveloka.com/id-id/user/review/consumption/HOTEL/GENERAL/1000000467714,3,15,"Saya suka tinggal di fave htl cimanuk garut karena lokasinya dekat dengan tempat makan dan kuliner favorit, seperti yang terlihat pada foto kami terlampir.",Diulas 331 minggu lalu,"https://ik.imagekit.io/tvlk/ugc-review/guys1L+Yyer9kzI3sp-pb0CG1j2bhflZGFUZOoIf1YOBAm37kEUOKR41ieUZm7ZJ/ugc-photo-ap-southeast-1-581603780057-acd24e232f75f09e/ACCOMMODATION/4246140_ACCOMMODATION_1578357081268_d5bb66e48fb7b24f?_src=imagekit&tr=c-at_max,h-100,q-40,w-100",,,,,,,,,,,,,,,,,,,
https://www.traveloka.com/id-id/user/review/consumption/HOTEL/GENERAL/1000000467714,3,16,"Pelayanan ramah, kamar bersih, breakfastnya banyak variasi dan makanan di restorannya sedia 24 jam, Laper malam-malam tinggal telepon dan di antar langsung ke kamar. Nasi gorengnya juara deh next insya allah kalau liburan lagi menginapnya disini lagi sukses ya fave hotel Cimanuk👍",Diulas 331 minggu lalu,"https://ik.imagekit.io/tvlk/ugc-review/guys1L+Yyer9kzI3sp-pb0CG1j2bhflZGFUZOoIf1YOBAm37kEUOKR41ieUZm7ZJ/ugc-photo-ap-southeast-1-581603780057-acd24e232f75f09e/ACCOMMODATION/18750510_ACCOMMODATION_1578053117119_767c7f0f39fe74db?_src=imagekit&tr=c-at_max,h-100,q-40,w-100","https://ik.imagekit.io/tvlk/ugc-review/guys1L+Yyer9kzI3sp-pb0CG1j2bhflZGFUZOoIf1YOBAm37kEUOKR41ieUZm7ZJ/ugc-photo-ap-southeast-1-581603780057-acd24e232f75f09e/ACCOMMODATION/18750510_ACCOMMODATION_1578053117120_075a80643c3b7060?_src=imagekit&tr=c-at_max,h-100,q-40,w-100",,,,,,,,,,,,,,,,,,
https://www.traveloka.com/id-id/user/review/consumption/HOTEL/GENERAL/1000000467714,3,17,Ramah banget pelayanannya makanannya enak thanks buat sop iganya dan asik berenang sarapan paginya banyak pilihan mantap.,Diulas 331 minggu lalu,"https://ik.imagekit.io/tvlk/ugc-review/guys1L+Yyer9kzI3sp-pb0CG1j2bhflZGFUZOoIf1YOBAm37kEUOKR41ieUZm7ZJ/ugc-photo-ap-southeast-1-581603780057-acd24e232f75f09e/ACCOMMODATION/157770023_ACCOMMODATION_1578224141388_1de910bfe5c43c44?_src=imagekit&tr=c-at_max,h-100,q-40,w-100","https://ik.imagekit.io/tvlk/ugc-review/guys1L+Yyer9kzI3sp-pb0CG1j2bhflZGFUZOoIf1YOBAm37kEUOKR41ieUZm7ZJ/ugc-photo-ap-southeast-1-581603780057-acd24e232f75f09e/ACCOMMODATION/157770023_ACCOMMODATION_1578224141388_f4c10c94e10f7135?_src=imagekit&tr=c-at_max,h-100,q-40,w-100","https://ik.imagekit.io/tvlk/ugc-review/guys1L+Yyer9kzI3sp-pb0CG1j2bhflZGFUZOoIf1YOBAm37kEUOKR41ieUZm7ZJ/ugc-photo-ap-southeast-1-581603780057-acd24e232f75f09e/ACCOMMODATION/157770023_ACCOMMODATION_1578224141389_97857311d8c7f975?_src=imagekit&tr=c-at_max,h-100,q-40,w-100","https://ik.imagekit.io/tvlk/ugc-review/guys1L+Yyer9kzI3sp-pb0CG1j2bhflZGFUZOoIf1YOBAm37kEUOKR41ieUZm7ZJ/ugc-photo-ap-southeast-1-581603780057-acd24e232f75f09e/ACCOMMODATION/157770023_ACCOMMODATION_1578224141389_07afdb456b22ce1d?_src=imagekit&tr=c-at_max,h-100,q-40,w-100","https://ik.imagekit.io/tvlk/ugc-review/guys1L+Yyer9kzI3sp-pb0CG1j2bhflZGFUZOoIf1YOBAm37kEUOKR41ieUZm7ZJ/ugc-photo-ap-southeast-1-581603780057-acd24e232f75f09e/ACCOMMODATION/157770023_ACCOMMODATION_1578224141389_d55d1bc4da1456df?_src=imagekit&tr=c-at_max,h-100,q-40,w-100",,,,,,,,,,,,,,,
https://www.traveloka.com/id-id/user/review/consumption/HOTEL/GENERAL/1000000467714,3,18,"Bagus hotelnya bersih, karyawannya ramah, makanannya enak, menu yang tertera semua ready ketika kami memesan makanan cepat juga, lokasinya strategis.",Diulas 332 minggu lalu,"https://ik.imagekit.io/tvlk/ugc-review/guys1L+Yyer9kzI3sp-pb0CG1j2bhflZGFUZOoIf1YOBAm37kEUOKR41ieUZm7ZJ/ugc-photo-ap-southeast-1-581603780057-acd24e232f75f09e/ACCOMMODATION/46302476_ACCOMMODATION_1577363964964_edfa757e05aefb30?_src=imagekit&tr=c-at_max,h-100,q-40,w-100","https://ik.imagekit.io/tvlk/ugc-review/guys1L+Yyer9kzI3sp-pb0CG1j2bhflZGFUZOoIf1YOBAm37kEUOKR41ieUZm7ZJ/ugc-photo-ap-southeast-1-581603780057-acd24e232f75f09e/ACCOMMODATION/46302476_ACCOMMODATION_1577363964965_495292baa0524ce4?_src=imagekit&tr=c-at_max,h-100,q-40,w-100","https://ik.imagekit.io/tvlk/ugc-review/guys1L+Yyer9kzI3sp-pb0CG1j2bhflZGFUZOoIf1YOBAm37kEUOKR41ieUZm7ZJ/ugc-photo-ap-southeast-1-581603780057-acd24e232f75f09e/ACCOMMODATION/46302476_ACCOMMODATION_1577363964965_ccf4bb77295bfbde?_src=imagekit&tr=c-at_max,h-100,q-40,w-100","https://ik.imagekit.io/tvlk/ugc-review/guys1L+Yyer9kzI3sp-pb0CG1j2bhflZGFUZOoIf1YOBAm37kEUOKR41ieUZm7ZJ/ugc-photo-ap-southeast-1-581603780057-acd24e232f75f09e/ACCOMMODATION/46302476_ACCOMMODATION_1577363964965_37d91ffe1585e90d?_src=imagekit&tr=c-at_max,h-100,q-40,w-100",,,,,,,,,,,,,,,,
https://www.traveloka.com/id-id/user/review/consumption/HOTEL/GENERAL/1000000467714,3,19,"Sudah 3 kali nginep di sini, dan tidak pernah mengecewakan.",Diulas 333 minggu lalu,"https://ik.imagekit.io/tvlk/ugc-review/guys1L+Yyer9kzI3sp-pb0CG1j2bhflZGFUZOoIf1YOBAm37kEUOKR41ieUZm7ZJ/ugc-photo-ap-southeast-1-581603780057-acd24e232f75f09e/ACCOMMODATION/6075933_ACCOMMODATION_1576624490805_7b9d1167b43faf47?_src=imagekit&tr=c-at_max,h-100,q-40,w-100","https://ik.imagekit.io/tvlk/ugc-review/guys1L+Yyer9kzI3sp-pb0CG1j2bhflZGFUZOoIf1YOBAm37kEUOKR41ieUZm7ZJ/ugc-photo-ap-southeast-1-581603780057-acd24e232f75f09e/ACCOMMODATION/6075933_ACCOMMODATION_1576624490805_a7ed22ce1c1dde84?_src=imagekit&tr=c-at_max,h-100,q-40,w-100",,,,,,,,,,,,,,,,,,
https://www.traveloka.com/id-id/user/review/consumption/HOTEL/GENERAL/1000000467714,3,20,Sudah dua kali menginap disini. Suka banget sama konsep go green yang diterapkan. Mantap.,Diulas 336 minggu lalu,"https://ik.imagekit.io/tvlk/ugc-review/guys1L+Yyer9kzI3sp-pb0CG1j2bhflZGFUZOoIf1YOBAm37kEUOKR41ieUZm7ZJ/ugc-photo-ap-southeast-1-581603780057-acd24e232f75f09e/ACCOMMODATION/8054482_ACCOMMODATION_1575202874292_b304ab7bd917ea20?_src=imagekit&tr=c-at_max,h-100,q-40,w-100","https://ik.imagekit.io/tvlk/ugc-review/guys1L+Yyer9kzI3sp-pb0CG1j2bhflZGFUZOoIf1YOBAm37kEUOKR41ieUZm7ZJ/ugc-photo-ap-southeast-1-581603780057-acd24e232f75f09e/ACCOMMODATION/8054482_ACCOMMODATION_1575202874292_b33b85c9f3c808e9?_src=imagekit&tr=c-at_max,h-100,q-40,w-100","https://ik.imagekit.io/tvlk/ugc-review/guys1L+Yyer9kzI3sp-pb0CG1j2bhflZGFUZOoIf1YOBAm37kEUOKR41ieUZm7ZJ/ugc-photo-ap-southeast-1-581603780057-acd24e232f75f09e/ACCOMMODATION/8054482_ACCOMMODATION_1575202874293_7d6f89bc42872c80?_src=imagekit&tr=c-at_max,h-100,q-40,w-100",,,,,,,,,,,,,,,,,
https://www.traveloka.com/id-id/user/review/consumption/HOTEL/GENERAL/1000000467714,3,21,"Lokasi strategis, di lingkungan hotel banyak tempat hiburan, restoran dan tempat oleh-oleh hotel nyaman, parkiran luas, sarapan enak.",Diulas 338 minggu lalu,"https://ik.imagekit.io/tvlk/ugc-review/guys1L+Yyer9kzI3sp-pb0CG1j2bhflZGFUZOoIf1YOBAm37kEUOKR41ieUZm7ZJ/ugc-photo-ap-southeast-1-581603780057-acd24e232f75f09e/ACCOMMODATION/9693197_ACCOMMODATION_1573713910642_0597d9aae4337553?_src=imagekit&tr=c-at_max,h-100,q-40,w-100","https://ik.imagekit.io/tvlk/ugc-review/guys1L+Yyer9kzI3sp-pb0CG1j2bhflZGFUZOoIf1YOBAm37kEUOKR41ieUZm7ZJ/ugc-photo-ap-southeast-1-581603780057-acd24e232f75f09e/ACCOMMODATION/9693197_ACCOMMODATION_1573713910643_4287d2bb3ab9246c?_src=imagekit&tr=c-at_max,h-100,q-40,w-100",,,,,,,,,,,,,,,,,,
https://www.traveloka.com/id-id/user/review/consumption/HOTEL/GENERAL/1000000467714,3,22,Sangat rekomendasi menginap di Fave hotel Garut.,Diulas 341 minggu lalu,"https://ik.imagekit.io/tvlk/ugc-review/guys1L+Yyer9kzI3sp-pb0CG1j2bhflZGFUZOoIf1YOBAm37kEUOKR41ieUZm7ZJ/ugc-photo-ap-southeast-1-581603780057-acd24e232f75f09e/ACCOMMODATION/81953448_ACCOMMODATION_1572225153158_e8709776eea19e82?_src=imagekit&tr=c-at_max,h-100,q-40,w-100","https://ik.imagekit.io/tvlk/ugc-review/guys1L+Yyer9kzI3sp-pb0CG1j2bhflZGFUZOoIf1YOBAm37kEUOKR41ieUZm7ZJ/ugc-photo-ap-southeast-1-581603780057-acd24e232f75f09e/ACCOMMODATION/81953448_ACCOMMODATION_1572225153158_688555e28dfa616d?_src=imagekit&tr=c-at_max,h-100,q-40,w-100",,,,,,,,,,,,,,,,,,
https://www.traveloka.com/id-id/user/review/consumption/HOTEL/GENERAL/1000000467714,3,23,"Senang sekali menginap disini, kamar bersih, makan enak, tidur nyaman, staf ramah, dekat dengan tempat hiburan. Cuma pas check-in agak telat karena mungkin kebersihan tamu yang akan menginap di utamakan kali ya. Check-out gampang sekali, good service fave garut. Mantap.",Diulas 341 minggu lalu,"https://ik.imagekit.io/tvlk/ugc-review/guys1L+Yyer9kzI3sp-pb0CG1j2bhflZGFUZOoIf1YOBAm37kEUOKR41ieUZm7ZJ/ugc-photo-ap-southeast-1-581603780057-acd24e232f75f09e/ACCOMMODATION/111408620_ACCOMMODATION_1572181516523_89a6fe1472fbf770?_src=imagekit&tr=c-at_max,h-100,q-40,w-100","https://ik.imagekit.io/tvlk/ugc-review/guys1L+Yyer9kzI3sp-pb0CG1j2bhflZGFUZOoIf1YOBAm37kEUOKR41ieUZm7ZJ/ugc-photo-ap-southeast-1-581603780057-acd24e232f75f09e/ACCOMMODATION/111408620_ACCOMMODATION_1572181516523_654486508b06c2d3?_src=imagekit&tr=c-at_max,h-100,q-40,w-100",,,,,,,,,,,,,,,,,,
https://www.traveloka.com/id-id/user/review/consumption/HOTEL/GENERAL/1000000467714,3,24,"Menikmati menginap disini, kamar sesuai gambar, service dan sarapan lumayan oke. Parkir malam minggu agak susah karena campur dengan gedung sekitar yang ramai.",Diulas 345 minggu lalu,"https://ik.imagekit.io/tvlk/ugc-review/guys1L+Yyer9kzI3sp-pb0CG1j2bhflZGFUZOoIf1YOBAm37kEUOKR41ieUZm7ZJ/ugc-photo-ap-southeast-1-581603780057-acd24e232f75f09e/ACCOMMODATION/33790285_ACCOMMODATION_1569731391363_556fc691e7ef8bcb?_src=imagekit&tr=c-at_max,h-100,q-40,w-100","https://ik.imagekit.io/tvlk/ugc-review/guys1L+Yyer9kzI3sp-pb0CG1j2bhflZGFUZOoIf1YOBAm37kEUOKR41ieUZm7ZJ/ugc-photo-ap-southeast-1-581603780057-acd24e232f75f09e/ACCOMMODATION/33790285_ACCOMMODATION_1569731391363_c3e71ca36433cce9?_src=imagekit&tr=c-at_max,h-100,q-40,w-100","https://ik.imagekit.io/tvlk/ugc-review/guys1L+Yyer9kzI3sp-pb0CG1j2bhflZGFUZOoIf1YOBAm37kEUOKR41ieUZm7ZJ/ugc-photo-ap-southeast-1-581603780057-acd24e232f75f09e/ACCOMMODATION/33790285_ACCOMMODATION_1569731391364_7362f7d91b38802e?_src=imagekit&tr=c-at_max,h-100,q-40,w-100","https://ik.imagekit.io/tvlk/ugc-review/guys1L+Yyer9kzI3sp-pb0CG1j2bhflZGFUZOoIf1YOBAm37kEUOKR41ieUZm7ZJ/ugc-photo-ap-southeast-1-581603780057-acd24e232f75f09e/ACCOMMODATION/33790285_ACCOMMODATION_1569731391364_1c7d02422a01dd0c?_src=imagekit&tr=c-at_max,h-100,q-40,w-100",,,,,,,,,,,,,,,,
https://www.traveloka.com/id-id/user/review/consumption/HOTEL/GENERAL/1000000467714,3,25,"Fave hotel rekomended untuk pengen yg nginep nyaman dengan terpenuhi fasilitas namun budget yang tidak terlalu mahal, mohon perbaikan di menu breakfast saja agar ditingkatkan kelengkapannya",Diulas 347 minggu lalu,"https://ik.imagekit.io/tvlk/ugc-review/guys1L+Yyer9kzI3sp-pb0CG1j2bhflZGFUZOoIf1YOBAm37kEUOKR41ieUZm7ZJ/ugc-photo-ap-southeast-1-581603780057-acd24e232f75f09e/ACCOMMODATION/16638533_ACCOMMODATION_1568520827420_06493c05bf8eea58?_src=imagekit&tr=c-at_max,h-100,q-40,w-100",,,,,,,,,,,,,,,,,,,
https://www.traveloka.com/id-id/user/review/consumption/HOTEL/GENERAL/1000000467714,3,26,Lokasi hotel berada di tengah kota garut sehingga kalau mau bepergian ke pusat-pusat di kota garut mudah. pelayanan dari stafnya juga ramah. Untuk kamarnya juga bersih dan nyaman. Fasilitas toilet juga bersih dan wangi. Secara keseluruhan pelayanan cukup baik dan nyaman.,Diulas 347 minggu lalu,"https://ik.imagekit.io/tvlk/ugc-review/guys1L+Yyer9kzI3sp-pb0CG1j2bhflZGFUZOoIf1YOBAm37kEUOKR41ieUZm7ZJ/ugc-photo-ap-southeast-1-581603780057-acd24e232f75f09e/ACCOMMODATION/12418634_ACCOMMODATION_1568251690255_b528cad6b8dceba0?_src=imagekit&tr=c-at_max,h-100,q-40,w-100","https://ik.imagekit.io/tvlk/ugc-review/guys1L+Yyer9kzI3sp-pb0CG1j2bhflZGFUZOoIf1YOBAm37kEUOKR41ieUZm7ZJ/ugc-photo-ap-southeast-1-581603780057-acd24e232f75f09e/ACCOMMODATION/12418634_ACCOMMODATION_1568251690256_2f166cc35e3d0e90?_src=imagekit&tr=c-at_max,h-100,q-40,w-100","https://ik.imagekit.io/tvlk/ugc-review/guys1L+Yyer9kzI3sp-pb0CG1j2bhflZGFUZOoIf1YOBAm37kEUOKR41ieUZm7ZJ/ugc-photo-ap-southeast-1-581603780057-acd24e232f75f09e/ACCOMMODATION/12418634_ACCOMMODATION_1568251690256_ad4ba8b1703cb81b?_src=imagekit&tr=c-at_max,h-100,q-40,w-100","https://ik.imagekit.io/tvlk/ugc-review/guys1L+Yyer9kzI3sp-pb0CG1j2bhflZGFUZOoIf1YOBAm37kEUOKR41ieUZm7ZJ/ugc-photo-ap-southeast-1-581603780057-acd24e232f75f09e/ACCOMMODATION/12418634_ACCOMMODATION_1568251690256_b360c512fa93b8cd?_src=imagekit&tr=c-at_max,h-100,q-40,w-100",,,,,,,,,,,,,,,,
https://www.traveloka.com/id-id/user/review/consumption/HOTEL/GENERAL/1000000467714,3,27,"Saya paling suka menu sarapan paginya, menu sarapannya variatif & lezat-lezat.",Diulas 350 minggu lalu,"https://ik.imagekit.io/tvlk/ugc-review/guys1L+Yyer9kzI3sp-pb0CG1j2bhflZGFUZOoIf1YOBAm37kEUOKR41ieUZm7ZJ/ugc-photo-ap-southeast-1-581603780057-acd24e232f75f09e/ACCOMMODATION/20999657_ACCOMMODATION_1566746572232_a54edc056ccc79f1?_src=imagekit&tr=c-at_max,h-100,q-40,w-100",,,,,,,,,,,,,,,,,,,
https://www.traveloka.com/id-id/user/review/consumption/HOTEL/GENERAL/1000000467714,3,28,"Makanannya tidak enak menurut saya. malam minggu hotelnya berisik, ada live music sampai tengah malam. Sangat mengganggu.",Diulas 353 minggu lalu,"https://ik.imagekit.io/tvlk/ugc-review/guys1L+Yyer9kzI3sp-pb0CG1j2bhflZGFUZOoIf1YOBAm37kEUOKR41ieUZm7ZJ/ugc-photo-ap-southeast-1-581603780057-acd24e232f75f09e/ACCOMMODATION/6357402_ACCOMMODATION_1564554752949_e1a93f6afae8977e?_src=imagekit&tr=c-at_max,h-100,q-40,w-100",,,,,,,,,,,,,,,,,,,
https://www.traveloka.com/id-id/user/review/consumption/HOTEL/GENERAL/1000000467714,3,29,Lumayan tapi tidak ada kolam air panas di baby boxnya tapi pelayanan dan makanan oke kok strategis juga.,Diulas 355 minggu lalu,"https://ik.imagekit.io/tvlk/ugc-review/guys1L+Yyer9kzI3sp-pb0CG1j2bhflZGFUZOoIf1YOBAm37kEUOKR41ieUZm7ZJ/ugc-photo-ap-southeast-1-581603780057-acd24e232f75f09e/ACCOMMODATION/127040019_ACCOMMODATION_1563367634185_a328be3826797a69?_src=imagekit&tr=c-at_max,h-100,q-40,w-100",,,,,,,,,,,,,,,,,,,
https://www.traveloka.com/id-id/user/review/consumption/HOTEL/GENERAL/1000000467714,3,30,"Sampai kamar karena capek banget perjalanan dari Jakarta hampir 7 jam langsung mau mandi, pas sampai kamar agak bau-bau tidak enak. Taunya pas di selidiki ada sisa muntah di belakang wastafel yang tidak dibersihkan. Langsung telepon ke operator tidak lama kemudian bagian room service langsung membersihkannya dan baunya langsung hilang, untuk lokasi strategis, menu sarapan menurut saya cukuplah tapi sedikit kurang variatif. Di sekitar hotel banyak kafe-kafe, jadi kalau boring di hotel bisa main ke kafe-kafe di sebelahnya. Overall nice lah.",Diulas 356 minggu lalu,"https://ik.imagekit.io/tvlk/ugc-review/guys1L+Yyer9kzI3sp-pb0CG1j2bhflZGFUZOoIf1YOBAm37kEUOKR41ieUZm7ZJ/ugc-photo-ap-southeast-1-581603780057-acd24e232f75f09e/ACCOMMODATION/8860804_ACCOMMODATION_1563131558987_8d02977554a34ea7?_src=imagekit&tr=c-at_max,h-100,q-40,w-100",,,,,,,,,,,,,,,,,,,
https://www.traveloka.com/id-id/user/review/consumption/HOTEL/GENERAL/1000000467714,3,31,"Akomodasi sesuai deskripsi dari aplikasi, sarapan enak dan banyak macam pelayanan saat check-in cepat.",Diulas 357 minggu lalu,"https://ik.imagekit.io/tvlk/ugc-review/guys1L+Yyer9kzI3sp-pb0CG1j2bhflZGFUZOoIf1YOBAm37kEUOKR41ieUZm7ZJ/ugc-photo-ap-southeast-1-581603780057-acd24e232f75f09e/ACCOMMODATION/7456951_ACCOMMODATION_1562634849830_2acf40d9afb77d5d?_src=imagekit&tr=c-at_max,h-100,q-40,w-100","https://ik.imagekit.io/tvlk/ugc-review/guys1L+Yyer9kzI3sp-pb0CG1j2bhflZGFUZOoIf1YOBAm37kEUOKR41ieUZm7ZJ/ugc-photo-ap-southeast-1-581603780057-acd24e232f75f09e/ACCOMMODATION/7456951_ACCOMMODATION_1562634849830_643970dc1e329452?_src=imagekit&tr=c-at_max,h-100,q-40,w-100","https://ik.imagekit.io/tvlk/ugc-review/guys1L+Yyer9kzI3sp-pb0CG1j2bhflZGFUZOoIf1YOBAm37kEUOKR41ieUZm7ZJ/ugc-photo-ap-southeast-1-581603780057-acd24e232f75f09e/ACCOMMODATION/7456951_ACCOMMODATION_1562634849830_bb78f7b232d23376?_src=imagekit&tr=c-at_max,h-100,q-40,w-100",,,,,,,,,,,,,,,,,
https://www.traveloka.com/id-id/user/review/consumption/HOTEL/GENERAL/1000000467714,3,32,tempat yang bagus dan harga terbaik di garut,Diulas 359 minggu lalu,"https://ik.imagekit.io/tvlk/ugc-review/guys1L+Yyer9kzI3sp-pb0CG1j2bhflZGFUZOoIf1YOBAm37kEUOKR41ieUZm7ZJ/ugc-photo-ap-southeast-1-581603780057-acd24e232f75f09e/ACCOMMODATION/124243862_ACCOMMODATION_1561179430671_81999d2deb8f5093?_src=imagekit&tr=c-at_max,h-100,q-40,w-100",,,,,,,,,,,,,,,,,,,
https://www.traveloka.com/id-id/user/review/consumption/HOTEL/GENERAL/1000000467714,3,33,"Lokasi penginapan yang strategis, dekat kemana-mana. Staf hotel yang ramah. Kamar nyaman dan bersih. Worth it dengan harga yang tertera. Recommended.",Diulas 360 minggu lalu,"https://ik.imagekit.io/tvlk/ugc-review/guys1L+Yyer9kzI3sp-pb0CG1j2bhflZGFUZOoIf1YOBAm37kEUOKR41ieUZm7ZJ/ugc-photo-ap-southeast-1-581603780057-acd24e232f75f09e/ACCOMMODATION/7834284_ACCOMMODATION_1560764945802_d840e7ab454317ec?_src=imagekit&tr=c-at_max,h-100,q-40,w-100",,,,,,,,,,,,,,,,,,,
https://www.traveloka.com/id-id/user/review/consumption/HOTEL/GENERAL/1000000467714,3,34,"Datang jam 14.30 wib kamar belum siap, menunggu sebentar akhirnya, kamar siap. Semua staf saat berpapasan selalu tersenyum dan memberikan salam. Kita rombongan 5 kamar dapat kamar bersebelahan. Kamar bersih, handuk masih wangi, bonus bandrek di setiap kamar (bandreknya enak). breakfast lengkap. Kolam, renang bersih. parkiran banyak. Dekat dengan tempat nongkrong, texas and alfamart lengkap. Securitynya sangat membantu jelaskan tujuan wisata dan jalan, alternatif.",Diulas 360 minggu lalu,"https://ik.imagekit.io/tvlk/ugc-review/guys1L+Yyer9kzI3sp-pb0CG1j2bhflZGFUZOoIf1YOBAm37kEUOKR41ieUZm7ZJ/ugc-photo-ap-southeast-1-581603780057-acd24e232f75f09e/ACCOMMODATION/116022358_ACCOMMODATION_1560559628171_31f84cd6ee0dbde6?_src=imagekit&tr=c-at_max,h-100,q-40,w-100",,,,,,,,,,,,,,,,,,,
https://www.traveloka.com/id-id/user/review/consumption/HOTEL/GENERAL/1000000467714,3,35,"Proses check-in cepat tidak pake susah, cuma saat awal sempat terjadi kejadian yang kurang enak. Kita dikasih kamar yang sudah ada penghuninya. Begitu buka pintu ternyata dikamar sudah ada orang. Begitu lapor ke resepsionis langsung diganti kamar yang baru. pelayannya sigap, stafnya ramah-ramah. Dari pihak hotel langsung meminta maaf, dan memberikan kami cemilan serta minuman gratis sebagai permohonan maaf. untuk kamar luas, nyaman, Kamar mandi bersih, dan disediakan sajadah juga untuk solat. Overall oke deh untuk hotel ini.",Diulas 361 minggu lalu,"https://ik.imagekit.io/tvlk/ugc-review/guys1L+Yyer9kzI3sp-pb0CG1j2bhflZGFUZOoIf1YOBAm37kEUOKR41ieUZm7ZJ/ugc-photo-ap-southeast-1-581603780057-acd24e232f75f09e/ACCOMMODATION/10937123_ACCOMMODATION_1560251632456_dc85f5d277ccb777?_src=imagekit&tr=c-at_max,h-80,q-40,w-80","https://ik.imagekit.io/tvlk/ugc-review/guys1L+Yyer9kzI3sp-pb0CG1j2bhflZGFUZOoIf1YOBAm37kEUOKR41ieUZm7ZJ/ugc-photo-ap-southeast-1-581603780057-acd24e232f75f09e/ACCOMMODATION/10937123_ACCOMMODATION_1560251632457_aadfde249865b513?_src=imagekit&tr=c-at_max,h-80,q-40,w-80","https://ik.imagekit.io/tvlk/ugc-review/guys1L+Yyer9kzI3sp-pb0CG1j2bhflZGFUZOoIf1YOBAm37kEUOKR41ieUZm7ZJ/ugc-photo-ap-southeast-1-581603780057-acd24e232f75f09e/ACCOMMODATION/10937123_ACCOMMODATION_1560251632457_be0d9250c22e646c?_src=imagekit&tr=c-at_max,h-80,q-40,w-80","https://ik.imagekit.io/tvlk/ugc-review/guys1L+Yyer9kzI3sp-pb0CG1j2bhflZGFUZOoIf1YOBAm37kEUOKR41ieUZm7ZJ/ugc-photo-ap-southeast-1-581603780057-acd24e232f75f09e/ACCOMMODATION/10937123_ACCOMMODATION_1560251632457_a816a23c71dc2a07?_src=imagekit&tr=c-at_max,h-80,q-40,w-80","https://ik.imagekit.io/tvlk/ugc-review/guys1L+Yyer9kzI3sp-pb0CG1j2bhflZGFUZOoIf1YOBAm37kEUOKR41ieUZm7ZJ/ugc-photo-ap-southeast-1-581603780057-acd24e232f75f09e/ACCOMMODATION/10937123_ACCOMMODATION_1560251632457_87aee8b8853d6790?_src=imagekit&tr=c-at_max,h-80,q-40,w-80","https://ik.imagekit.io/tvlk/ugc-review/guys1L+Yyer9kzI3sp-pb0CG1j2bhflZGFUZOoIf1YOBAm37kEUOKR41ieUZm7ZJ/ugc-photo-ap-southeast-1-581603780057-acd24e232f75f09e/ACCOMMODATION/10937123_ACCOMMODATION_1560251632458_cdef07114b9c99d5?_src=imagekit&tr=c-at_max,h-80,q-40,w-80","https://ik.imagekit.io/tvlk/ugc-review/guys1L+Yyer9kzI3sp-pb0CG1j2bhflZGFUZOoIf1YOBAm37kEUOKR41ieUZm7ZJ/ugc-photo-ap-southeast-1-581603780057-acd24e232f75f09e/ACCOMMODATION/10937123_ACCOMMODATION_1560251632458_9acd96ee4feeb85d?_src=imagekit&tr=c-at_max,h-80,q-40,w-80",,,,,,,,,,,,,
https://www.traveloka.com/id-id/user/review/consumption/HOTEL/GENERAL/1000000467714,3,36,"mereka memiliki staf besar yang melayani Anda dengan baik .. dari petugas, pelayan, pelayan ... kolam tidak besar tapi cukup bagi kami .. sarapan memiliki banyak pilihan .. air panas berfungsi normal tidak ada kerusakan .. tapi tolong beri kami lebih rendah harga tolong :) ..",Diulas 361 minggu lalu,"https://ik.imagekit.io/tvlk/ugc-review/guys1L+Yyer9kzI3sp-pb0CG1j2bhflZGFUZOoIf1YOBAm37kEUOKR41ieUZm7ZJ/ugc-photo-ap-southeast-1-581603780057-acd24e232f75f09e/ACCOMMODATION/16749738_ACCOMMODATION_1560163497106_4e7150eb7f23d7df?_src=imagekit&tr=c-at_max,h-100,q-40,w-100","https://ik.imagekit.io/tvlk/ugc-review/guys1L+Yyer9kzI3sp-pb0CG1j2bhflZGFUZOoIf1YOBAm37kEUOKR41ieUZm7ZJ/ugc-photo-ap-southeast-1-581603780057-acd24e232f75f09e/ACCOMMODATION/16749738_ACCOMMODATION_1560163497107_c4fc15cee0b46789?_src=imagekit&tr=c-at_max,h-100,q-40,w-100","https://ik.imagekit.io/tvlk/ugc-review/guys1L+Yyer9kzI3sp-pb0CG1j2bhflZGFUZOoIf1YOBAm37kEUOKR41ieUZm7ZJ/ugc-photo-ap-southeast-1-581603780057-acd24e232f75f09e/ACCOMMODATION/16749738_ACCOMMODATION_1560163497107_16ab341014b64a68?_src=imagekit&tr=c-at_max,h-100,q-40,w-100","https://ik.imagekit.io/tvlk/ugc-review/guys1L+Yyer9kzI3sp-pb0CG1j2bhflZGFUZOoIf1YOBAm37kEUOKR41ieUZm7ZJ/ugc-photo-ap-southeast-1-581603780057-acd24e232f75f09e/ACCOMMODATION/16749738_ACCOMMODATION_1560163497107_ee6b2a85e5eadc91?_src=imagekit&tr=c-at_max,h-100,q-40,w-100","https://ik.imagekit.io/tvlk/ugc-review/guys1L+Yyer9kzI3sp-pb0CG1j2bhflZGFUZOoIf1YOBAm37kEUOKR41ieUZm7ZJ/ugc-photo-ap-southeast-1-581603780057-acd24e232f75f09e/ACCOMMODATION/16749738_ACCOMMODATION_1560163497108_c250ffda48b749af?_src=imagekit&tr=c-at_max,h-100,q-40,w-100",,,,,,,,,,,,,,,
https://www.traveloka.com/id-id/user/review/consumption/HOTEL/GENERAL/1000000467714,3,37,"Overall oke, booking 2 kamar dan 1 kamarnya bad smell gitu. Tapi sudah minta ganti handuk dan treatment ruangannya. Thanks fave!",Diulas 361 minggu lalu,"https://ik.imagekit.io/tvlk/ugc-review/guys1L+Yyer9kzI3sp-pb0CG1j2bhflZGFUZOoIf1YOBAm37kEUOKR41ieUZm7ZJ/ugc-photo-ap-southeast-1-581603780057-acd24e232f75f09e/ACCOMMODATION/24166647_ACCOMMODATION_1560090163979_6eda3c564a039ef8?_src=imagekit&tr=c-at_max,h-100,q-40,w-100","https://ik.imagekit.io/tvlk/ugc-review/guys1L+Yyer9kzI3sp-pb0CG1j2bhflZGFUZOoIf1YOBAm37kEUOKR41ieUZm7ZJ/ugc-photo-ap-southeast-1-581603780057-acd24e232f75f09e/ACCOMMODATION/24166647_ACCOMMODATION_1560090163979_b7e0212be502244b?_src=imagekit&tr=c-at_max,h-100,q-40,w-100","https://ik.imagekit.io/tvlk/ugc-review/guys1L+Yyer9kzI3sp-pb0CG1j2bhflZGFUZOoIf1YOBAm37kEUOKR41ieUZm7ZJ/ugc-photo-ap-southeast-1-581603780057-acd24e232f75f09e/ACCOMMODATION/24166647_ACCOMMODATION_1560090163979_904f5aafbf87b4e5?_src=imagekit&tr=c-at_max,h-100,q-40,w-100","https://ik.imagekit.io/tvlk/ugc-review/guys1L+Yyer9kzI3sp-pb0CG1j2bhflZGFUZOoIf1YOBAm37kEUOKR41ieUZm7ZJ/ugc-photo-ap-southeast-1-581603780057-acd24e232f75f09e/ACCOMMODATION/24166647_ACCOMMODATION_1560090163979_93d8d6c04f782f35?_src=imagekit&tr=c-at_max,h-100,q-40,w-100","https://ik.imagekit.io/tvlk/ugc-review/guys1L+Yyer9kzI3sp-pb0CG1j2bhflZGFUZOoIf1YOBAm37kEUOKR41ieUZm7ZJ/ugc-photo-ap-southeast-1-581603780057-acd24e232f75f09e/ACCOMMODATION/24166647_ACCOMMODATION_1560090163980_859affefb1dcaa85?_src=imagekit&tr=c-at_max,h-100,q-40,w-100",,,,,,,,,,,,,,,
https://www.traveloka.com/id-id/user/review/consumption/HOTEL/GENERAL/1000000467714,3,38,Saya request jauh-jauh hari minta non smoking room. Tidak dipenuhi dan kamar type superior di fave cimanuk garut sangat sempit dibandingkan dengan fave hotel tasikmalaya. Orang-orang di lorong kamar pada berisik dan tidak kedap suara. Sangat mengganggu sekali ketika mau ber istirahat.,Diulas 362 minggu lalu,"https://ik.imagekit.io/tvlk/ugc-review/guys1L+Yyer9kzI3sp-pb0CG1j2bhflZGFUZOoIf1YOBAm37kEUOKR41ieUZm7ZJ/ugc-photo-ap-southeast-1-581603780057-acd24e232f75f09e/ACCOMMODATION/20280429_ACCOMMODATION_1559619495691_3d3a6de90da084db?_src=imagekit&tr=c-at_max,h-100,q-40,w-100",,,,,,,,,,,,,,,,,,,
https://www.traveloka.com/id-id/user/review/consumption/HOTEL/GENERAL/1000000467714,3,39,"Hotel ini luar biasa, kamar bersih tapi AC tidak terlalu dingin, sedikit panas pada awalnya, kolam renang bersih dan segar, sarapan oke tapi sayangnya jam 7.30 pagi makanan sudah pergi, mereka tidak mengisi ulang makanan.",Diulas 366 minggu lalu,"https://ik.imagekit.io/tvlk/ugc-review/guys1L+Yyer9kzI3sp-pb0CG1j2bhflZGFUZOoIf1YOBAm37kEUOKR41ieUZm7ZJ/ugc-photo-ap-southeast-1-581603780057-acd24e232f75f09e/ACCOMMODATION/4818336_ACCOMMODATION_1556944595789_b0905a6b573427b6?_src=imagekit&tr=c-at_max,h-100,q-40,w-100",,,,,,,,,,,,,,,,,,,
https://www.traveloka.com/id-id/user/review/consumption/HOTEL/GENERAL/1000000467714,3,40,"Gak nyesel nginap di fave hotel ini. Semua sesuai dengan harapan, saya check in pas tanggal merah libur nasional dengan harga hanya 508k, karena dapat diskon dari traveloka. Harga asli nya disaat libur long weekend jauh diatas itu. Hotel nya tidak terlalu besar, namun bersih, staff ramah, check in cepat tidak ribet. Ada ruang meeting dan aula di didepan karena pas hari saya menginap ada pengantin yang sedang merayakan kebahagiaan di fave hotel. AC nya dingin, waterheater berfungsi baik, wifi agak lambat mungkin lagi full tamu sehingga pemakaian juga banyak. Minusnya kamar tidak kedap suara, berisik saat ada yang ngobrol disekitar kamar. Disediakan dispenser air minum dilorong kamar gratis bagi tamu yang ingin minum lebih banyak. Kritik saya hanyalah: adalah lebih baik jika tong sampah dialas plastik/keresek supaya lebih hygienis. Saya jadi sungkan mau buang sampah sisa makanan basah/kulit buah2an karena takut mengotori. Untuk makanan, hambar (menurut saya), pilihan juga tidak banyak, tapi ada burayot kue khas garut. Ada jagung rebus dan bandrek all you can eat saat sore hari di lobi hotel. Di dalam area hotel ada: bakery, cafe, tempat oleh2, eat boss, charlie vht karaoke, salon, texas fried chicken, billiard. Kemana2 juga dekat. Ada sate domba lasminingrat kurleb dekat hotel. Nyobain ya. Terima kasih traveloka untuk diskon hotel nya, terima kasih juga fave hotel cimanuk, liburan kami jadi sangat menyenangkan. 🙏",Diulas 368 minggu lalu,"https://ik.imagekit.io/tvlk/ugc-review/guys1L+Yyer9kzI3sp-pb0CG1j2bhflZGFUZOoIf1YOBAm37kEUOKR41ieUZm7ZJ/ugc-photo-ap-southeast-1-581603780057-acd24e232f75f09e/ACCOMMODATION/54500764_ACCOMMODATION_1555826345698_294391c3a5559758?_src=imagekit&tr=c-at_max,h-80,q-40,w-80","https://ik.imagekit.io/tvlk/ugc-review/guys1L+Yyer9kzI3sp-pb0CG1j2bhflZGFUZOoIf1YOBAm37kEUOKR41ieUZm7ZJ/ugc-photo-ap-southeast-1-581603780057-acd24e232f75f09e/ACCOMMODATION/54500764_ACCOMMODATION_1555826345699_be84c63c5e33047a?_src=imagekit&tr=c-at_max,h-80,q-40,w-80","https://ik.imagekit.io/tvlk/ugc-review/guys1L+Yyer9kzI3sp-pb0CG1j2bhflZGFUZOoIf1YOBAm37kEUOKR41ieUZm7ZJ/ugc-photo-ap-southeast-1-581603780057-acd24e232f75f09e/ACCOMMODATION/54500764_ACCOMMODATION_1555826345700_16dd98978ed7246e?_src=imagekit&tr=c-at_max,h-80,q-40,w-80","https://ik.imagekit.io/tvlk/ugc-review/guys1L+Yyer9kzI3sp-pb0CG1j2bhflZGFUZOoIf1YOBAm37kEUOKR41ieUZm7ZJ/ugc-photo-ap-southeast-1-581603780057-acd24e232f75f09e/ACCOMMODATION/54500764_ACCOMMODATION_1555826345700_f212769d40c61335?_src=imagekit&tr=c-at_max,h-80,q-40,w-80","https://ik.imagekit.io/tvlk/ugc-review/guys1L+Yyer9kzI3sp-pb0CG1j2bhflZGFUZOoIf1YOBAm37kEUOKR41ieUZm7ZJ/ugc-photo-ap-southeast-1-581603780057-acd24e232f75f09e/ACCOMMODATION/54500764_ACCOMMODATION_1555826345701_6aff2143bbe5e731?_src=imagekit&tr=c-at_max,h-80,q-40,w-80","https://ik.imagekit.io/tvlk/ugc-review/guys1L+Yyer9kzI3sp-pb0CG1j2bhflZGFUZOoIf1YOBAm37kEUOKR41ieUZm7ZJ/ugc-photo-ap-southeast-1-581603780057-acd24e232f75f09e/ACCOMMODATION/54500764_ACCOMMODATION_1555826345701_67f9afed5b211845?_src=imagekit&tr=c-at_max,h-80,q-40,w-80","https://ik.imagekit.io/tvlk/ugc-review/guys1L+Yyer9kzI3sp-pb0CG1j2bhflZGFUZOoIf1YOBAm37kEUOKR41ieUZm7ZJ/ugc-photo-ap-southeast-1-581603780057-acd24e232f75f09e/ACCOMMODATION/54500764_ACCOMMODATION_1555827287548_b928d121554d1dc0?_src=imagekit&tr=c-at_max,h-80,q-40,w-80","https://ik.imagekit.io/tvlk/ugc-review/guys1L+Yyer9kzI3sp-pb0CG1j2bhflZGFUZOoIf1YOBAm37kEUOKR41ieUZm7ZJ/ugc-photo-ap-southeast-1-581603780057-acd24e232f75f09e/ACCOMMODATION/54500764_ACCOMMODATION_1555827287549_2c682eda20e76b5b?_src=imagekit&tr=c-at_max,h-80,q-40,w-80","https://ik.imagekit.io/tvlk/ugc-review/guys1L+Yyer9kzI3sp-pb0CG1j2bhflZGFUZOoIf1YOBAm37kEUOKR41ieUZm7ZJ/ugc-photo-ap-southeast-1-581603780057-acd24e232f75f09e/ACCOMMODATION/54500764_ACCOMMODATION_1555827287549_bbf0b00647cef99b?_src=imagekit&tr=c-at_max,h-80,q-40,w-80","https://ik.imagekit.io/tvlk/ugc-review/guys1L+Yyer9kzI3sp-pb0CG1j2bhflZGFUZOoIf1YOBAm37kEUOKR41ieUZm7ZJ/ugc-photo-ap-southeast-1-581603780057-acd24e232f75f09e/ACCOMMODATION/54500764_ACCOMMODATION_1555827287550_22e4c9fb93a37d66?_src=imagekit&tr=c-at_max,h-80,q-40,w-80",,,,,,,,,,
https://www.traveloka.com/id-id/user/review/consumption/HOTEL/GENERAL/1000000467714,4,1,Breakfastnya enak sangat traditional menunya.,Diulas 370 minggu lalu,"https://ik.imagekit.io/tvlk/ugc-review/guys1L+Yyer9kzI3sp-pb0CG1j2bhflZGFUZOoIf1YOBAm37kEUOKR41ieUZm7ZJ/ugc-photo-ap-southeast-1-581603780057-acd24e232f75f09e/ACCOMMODATION/5576042_ACCOMMODATION_1554768401894_ee346aa7b226dc78?_src=imagekit&tr=c-at_max,h-100,q-40,w-100",,,,,,,,,,,,,,,,,,,
https://www.traveloka.com/id-id/user/review/consumption/HOTEL/GENERAL/1000000467714,4,2,"Saya sudah 3 kali menginap di fave hotel Cimanuk Garut. makanannya enak, lokasi strategis, dekat restoran dan tempat oleh-oleh, Service pelayanannya cepat tanggap, bersih, terutama kolam renangnya yang enak banget untuk digunakan, bersih dan suasana sejuk. Sukses fave hotel garut.",Diulas 370 minggu lalu,"https://ik.imagekit.io/tvlk/ugc-review/guys1L+Yyer9kzI3sp-pb0CG1j2bhflZGFUZOoIf1YOBAm37kEUOKR41ieUZm7ZJ/ugc-photo-ap-southeast-1-581603780057-acd24e232f75f09e/ACCOMMODATION/63956386_ACCOMMODATION_1554616445326_a16454cdbf040de4?_src=imagekit&tr=c-at_max,h-100,q-40,w-100",,,,,,,,,,,,,,,,,,,
https://www.traveloka.com/id-id/user/review/consumption/HOTEL/GENERAL/1000000467714,4,3,Menikmati suasana dan kehangatan pelayanannya.,Diulas 378 minggu lalu,"https://ik.imagekit.io/tvlk/ugc-review/guys1L+Yyer9kzI3sp-pb0CG1j2bhflZGFUZOoIf1YOBAm37kEUOKR41ieUZm7ZJ/ugc-photo-ap-southeast-1-581603780057-acd24e232f75f09e/ACCOMMODATION/10493074_ACCOMMODATION_1549544782608_8a06536cfd7157b0?_src=imagekit&tr=c-at_max,h-100,q-40,w-100",,,,,,,,,,,,,,,,,,,
https://www.traveloka.com/id-id/user/review/consumption/HOTEL/GENERAL/1000000467714,4,4,"Salah satu hotel yang lumayan bagus di kota Garut, bukan di area Cipanas ya. Karena di kota penginapan atau hotel yang bagus ya Favehotel Cimanuk Garut ini.",Diulas 379 minggu lalu,"https://ik.imagekit.io/tvlk/ugc-review/guys1L+Yyer9kzI3sp-pb0CG1j2bhflZGFUZOoIf1YOBAm37kEUOKR41ieUZm7ZJ/ugc-photo-ap-southeast-1-581603780057-acd24e232f75f09e/ACCOMMODATION/21041577_ACCOMMODATION_1549181634508_13ba59fd025f1b77?_src=imagekit&tr=c-at_max,h-100,q-40,w-100",,,,,,,,,,,,,,,,,,,
https://www.traveloka.com/id-id/user/review/consumption/HOTEL/GENERAL/1000000467714,4,5,"Bagus, kamar hotel bersih, petugas juga ramah, dekat kemana-mana.",Diulas 381 minggu lalu,"https://ik.imagekit.io/tvlk/ugc-review/guys1L+Yyer9kzI3sp-pb0CG1j2bhflZGFUZOoIf1YOBAm37kEUOKR41ieUZm7ZJ/ugc-photo-ap-southeast-1-581603780057-acd24e232f75f09e/ACCOMMODATION/33182964_ACCOMMODATION_1547970857030_f77edc53b39554c8?_src=imagekit&tr=c-at_max,h-100,q-40,w-100","https://ik.imagekit.io/tvlk/ugc-review/guys1L+Yyer9kzI3sp-pb0CG1j2bhflZGFUZOoIf1YOBAm37kEUOKR41ieUZm7ZJ/ugc-photo-ap-southeast-1-581603780057-acd24e232f75f09e/ACCOMMODATION/33182964_ACCOMMODATION_1547970857030_29f849b7a5775277?_src=imagekit&tr=c-at_max,h-100,q-40,w-100","https://ik.imagekit.io/tvlk/ugc-review/guys1L+Yyer9kzI3sp-pb0CG1j2bhflZGFUZOoIf1YOBAm37kEUOKR41ieUZm7ZJ/ugc-photo-ap-southeast-1-581603780057-acd24e232f75f09e/ACCOMMODATION/33182964_ACCOMMODATION_1547970857031_8b3fa7765fb9b5d1?_src=imagekit&tr=c-at_max,h-100,q-40,w-100","https://ik.imagekit.io/tvlk/ugc-review/guys1L+Yyer9kzI3sp-pb0CG1j2bhflZGFUZOoIf1YOBAm37kEUOKR41ieUZm7ZJ/ugc-photo-ap-southeast-1-581603780057-acd24e232f75f09e/ACCOMMODATION/33182964_ACCOMMODATION_1547970857031_605390c19eb0279b?_src=imagekit&tr=c-at_max,h-100,q-40,w-100",,,,,,,,,,,,,,,,
https://www.traveloka.com/id-id/user/review/consumption/HOTEL/GENERAL/1000000467714,4,6,"Menyenangkan sekali menginap di sini karena hotelnya bersih, makanannya enak dan bervariasi terus tempat breakfast dekat swimming pool jadi anak-anak bisa puas renang sambil breakfast, stafnya ramah dan membantu banget kalau pas dibutuhkan. Terima kasih Traveloka. 🙏",Diulas 382 minggu lalu,"https://ik.imagekit.io/tvlk/ugc-review/guys1L+Yyer9kzI3sp-pb0CG1j2bhflZGFUZOoIf1YOBAm37kEUOKR41ieUZm7ZJ/ugc-photo-ap-southeast-1-581603780057-acd24e232f75f09e/ACCOMMODATION/9192404_ACCOMMODATION_1547363471945_8dbe1f304aab0204?_src=imagekit&tr=c-at_max,h-100,q-40,w-100",,,,,,,,,,,,,,,,,,,
https://www.traveloka.com/id-id/user/review/consumption/HOTEL/GENERAL/1000000467714,4,7,"Kamar sesuai apa yang di pesan, pegawainya ramah-ramah dan tempat nyaman sejuk.",Diulas 383 minggu lalu,"https://ik.imagekit.io/tvlk/ugc-review/guys1L+Yyer9kzI3sp-pb0CG1j2bhflZGFUZOoIf1YOBAm37kEUOKR41ieUZm7ZJ/ugc-photo-ap-southeast-1-581603780057-acd24e232f75f09e/ACCOMMODATION/61226674_ACCOMMODATION_1546662315214_40d895b472fe4598?_src=imagekit&tr=c-at_max,h-100,q-40,w-100",,,,,,,,,,,,,,,,,,,
https://www.traveloka.com/id-id/user/review/consumption/HOTEL/GENERAL/1000000467714,4,8,"Great Hotel di Kota Garut, Membersihkan kamar dengan staf yang ramah. menu sarapan bervariasi dan segar. Hotel yang sangat direkomendasikan di Garut.",Diulas 384 minggu lalu,"https://ik.imagekit.io/tvlk/ugc-review/guys1L+Yyer9kzI3sp-pb0CG1j2bhflZGFUZOoIf1YOBAm37kEUOKR41ieUZm7ZJ/ugc-photo-ap-southeast-1-581603780057-acd24e232f75f09e/ACCOMMODATION/3876592_ACCOMMODATION_1546332260523_b5bb8d1caa3c75ba?_src=imagekit&tr=c-at_max,h-100,q-40,w-100","https://ik.imagekit.io/tvlk/ugc-review/guys1L+Yyer9kzI3sp-pb0CG1j2bhflZGFUZOoIf1YOBAm37kEUOKR41ieUZm7ZJ/ugc-photo-ap-southeast-1-581603780057-acd24e232f75f09e/ACCOMMODATION/3876592_ACCOMMODATION_1546332260523_b08cc11250cd9791?_src=imagekit&tr=c-at_max,h-100,q-40,w-100",,,,,,,,,,,,,,,,,,
https://www.traveloka.com/id-id/user/review/consumption/HOTEL/GENERAL/1000000467714,4,9,"Secara keseluruhan tinggal itu tidak benar-benar hebat, harga terbaik di layanan kesehatan. Saya mendapat kamar tanpa melihat sama sekali karena mereka menutupnya dengan stiker sunblast, staf / tamu lain sangat bising ketika melewati kamar saya, juga sayangnya tamu lift sedang dalam perbaikan jadi kami harus turun tangga ke kamar. Sarapan sangat mengagumkan ketika saya menemukan warung &quot;burayot&quot; hidangan asli dari Garut yang disajikan segar dari penggorengan! sangat lezat",Diulas 387 minggu lalu,"https://ik.imagekit.io/tvlk/ugc-review/guys1L+Yyer9kzI3sp-pb0CG1j2bhflZGFUZOoIf1YOBAm37kEUOKR41ieUZm7ZJ/ugc-photo-ap-southeast-1-581603780057-acd24e232f75f09e/ACCOMMODATION/6562045_ACCOMMODATION_1544409833993_01eb8217cf281313?_src=imagekit&tr=c-at_max,h-100,q-40,w-100","https://ik.imagekit.io/tvlk/ugc-review/guys1L+Yyer9kzI3sp-pb0CG1j2bhflZGFUZOoIf1YOBAm37kEUOKR41ieUZm7ZJ/ugc-photo-ap-southeast-1-581603780057-acd24e232f75f09e/ACCOMMODATION/6562045_ACCOMMODATION_1544409833994_87eb41a326f62eb9?_src=imagekit&tr=c-at_max,h-100,q-40,w-100","https://ik.imagekit.io/tvlk/ugc-review/guys1L+Yyer9kzI3sp-pb0CG1j2bhflZGFUZOoIf1YOBAm37kEUOKR41ieUZm7ZJ/ugc-photo-ap-southeast-1-581603780057-acd24e232f75f09e/ACCOMMODATION/6562045_ACCOMMODATION_1544409865911_f07bf6a7f5363a17?_src=imagekit&tr=c-at_max,h-100,q-40,w-100",,,,,,,,,,,,,,,,,
https://www.traveloka.com/id-id/user/review/consumption/HOTEL/GENERAL/1000000467714,4,10,"Pertama kali saya mengunjungi Garut, untuk keperluan bisnis. Kebersihan kamar, fasilitas, dan keramahtamahan semua staf sangat baik. Tetapi dengan kisaran harga 400-500 K, sarapan terasa tidak layak, karena variasi dan rasanya seperti hotel dengan tarif 250 ribu.",Diulas 388 minggu lalu,"https://ik.imagekit.io/tvlk/ugc-review/guys1L+Yyer9kzI3sp-pb0CG1j2bhflZGFUZOoIf1YOBAm37kEUOKR41ieUZm7ZJ/ugc-photo-ap-southeast-1-581603780057-acd24e232f75f09e/ACCOMMODATION/21076875_ACCOMMODATION_1543547574442_9df233e885a31a59?_src=imagekit&tr=c-at_max,h-100,q-40,w-100",,,,,,,,,,,,,,,,,,,
https://www.traveloka.com/id-id/user/review/consumption/HOTEL/GENERAL/1000000467714,4,11,Pelayanan baik dan suasananya bagus sangat rekomendasi buat anda yang berlibur di Garut.,Diulas 391 minggu lalu,"https://ik.imagekit.io/tvlk/ugc-review/guys1L+Yyer9kzI3sp-pb0CG1j2bhflZGFUZOoIf1YOBAm37kEUOKR41ieUZm7ZJ/ugc-photo-ap-southeast-1-581603780057-acd24e232f75f09e/ACCOMMODATION/54235732_ACCOMMODATION_1541729270296_cb7dc28ec9bbf190?_src=imagekit&tr=c-at_max,h-100,q-40,w-100",,,,,,,,,,,,,,,,,,,
https://www.traveloka.com/id-id/user/review/consumption/HOTEL/GENERAL/1000000467714,4,12,Cukup menyenangkan menurut saya cuma diawal saja kami pesan standar room berharap yang twin bed tapi tidak dapat. Kemudian diarahkan kepada kamar yang superior dan harus menambah biaya lagi.,Diulas 392 minggu lalu,"https://ik.imagekit.io/tvlk/ugc-review/guys1L+Yyer9kzI3sp-pb0CG1j2bhflZGFUZOoIf1YOBAm37kEUOKR41ieUZm7ZJ/ugc-photo-ap-southeast-1-581603780057-acd24e232f75f09e/ACCOMMODATION/20797310_ACCOMMODATION_1541417952095_fb1d503a80f50687?_src=imagekit&tr=c-at_max,h-100,q-40,w-100",,,,,,,,,,,,,,,,,,,
https://www.traveloka.com/id-id/user/review/consumption/HOTEL/GENERAL/1000000467714,4,13,"Pelayanan Fave Hotel yang sangat ramah, pelayan puas meskipun dengan budget yang sangat efisien. Makanan yang bervarian dan tentunya membuat rasa rindu untuk kembali menginap di Fave Hotel ini, terima kasih Traveloka, terima kasih Fave Hotel.",Diulas 393 minggu lalu,"https://ik.imagekit.io/tvlk/ugc-review/guys1L+Yyer9kzI3sp-pb0CG1j2bhflZGFUZOoIf1YOBAm37kEUOKR41ieUZm7ZJ/ugc-photo-ap-southeast-1-581603780057-acd24e232f75f09e/ACCOMMODATION/26129298_ACCOMMODATION_1540701871999_e795b84d5dc84bf5?_src=imagekit&tr=c-at_max,h-100,q-40,w-100","https://ik.imagekit.io/tvlk/ugc-review/guys1L+Yyer9kzI3sp-pb0CG1j2bhflZGFUZOoIf1YOBAm37kEUOKR41ieUZm7ZJ/ugc-photo-ap-southeast-1-581603780057-acd24e232f75f09e/ACCOMMODATION/26129298_ACCOMMODATION_1540701872000_87c3a26e43202149?_src=imagekit&tr=c-at_max,h-100,q-40,w-100",,,,,,,,,,,,,,,,,,
https://www.traveloka.com/id-id/user/review/consumption/HOTEL/GENERAL/1000000467714,4,14,"Hotel ini sangat menyenangkan, posisi dekat kota garut. Kami sekeluarga berlibur di garut selama 3 hari 2 malam. Makanan enak, tempat bersih, resepsionis ramah, ada kolam renang cocok untuk keluarga yang bawa anak. Dan yang bikin kangen ada free wedang bajigur saat malam, yang rasanya enak sekali. kapan-kapan ke garut, kami akan menginap lagi di favehotel Cimanuk. Terima kasih.",Diulas 398 minggu lalu,"https://ik.imagekit.io/tvlk/ugc-review/guys1L+Yyer9kzI3sp-pb0CG1j2bhflZGFUZOoIf1YOBAm37kEUOKR41ieUZm7ZJ/ugc-photo-ap-southeast-1-581603780057-acd24e232f75f09e/ACCOMMODATION/0_ACCOMMODATION_1537754184145_7ee57bb4541fe893?_src=imagekit&tr=c-at_max,h-100,q-40,w-100","https://ik.imagekit.io/tvlk/ugc-review/guys1L+Yyer9kzI3sp-pb0CG1j2bhflZGFUZOoIf1YOBAm37kEUOKR41ieUZm7ZJ/ugc-photo-ap-southeast-1-581603780057-acd24e232f75f09e/ACCOMMODATION/0_ACCOMMODATION_1537754184143_b443035c4884c577?_src=imagekit&tr=c-at_max,h-100,q-40,w-100","https://ik.imagekit.io/tvlk/ugc-review/guys1L+Yyer9kzI3sp-pb0CG1j2bhflZGFUZOoIf1YOBAm37kEUOKR41ieUZm7ZJ/ugc-photo-ap-southeast-1-581603780057-acd24e232f75f09e/ACCOMMODATION/0_ACCOMMODATION_1537754184145_1f9766718cf19c3e?_src=imagekit&tr=c-at_max,h-100,q-40,w-100","https://ik.imagekit.io/tvlk/ugc-review/guys1L+Yyer9kzI3sp-pb0CG1j2bhflZGFUZOoIf1YOBAm37kEUOKR41ieUZm7ZJ/ugc-photo-ap-southeast-1-581603780057-acd24e232f75f09e/ACCOMMODATION/0_ACCOMMODATION_1537754184144_ff3ea81bb92822a1?_src=imagekit&tr=c-at_max,h-100,q-40,w-100","https://ik.imagekit.io/tvlk/ugc-review/guys1L+Yyer9kzI3sp-pb0CG1j2bhflZGFUZOoIf1YOBAm37kEUOKR41ieUZm7ZJ/ugc-photo-ap-southeast-1-581603780057-acd24e232f75f09e/ACCOMMODATION/0_ACCOMMODATION_1537754184145_2ee89b6317b8a3eb?_src=imagekit&tr=c-at_max,h-100,q-40,w-100","https://ik.imagekit.io/tvlk/ugc-review/guys1L+Yyer9kzI3sp-pb0CG1j2bhflZGFUZOoIf1YOBAm37kEUOKR41ieUZm7ZJ/ugc-photo-ap-southeast-1-581603780057-acd24e232f75f09e/ACCOMMODATION/0_ACCOMMODATION_1537754184146_7a683442724c608a?_src=imagekit&tr=c-at_max,h-100,q-40,w-100",,,,,,,,,,,,,,
https://www.traveloka.com/id-id/user/review/consumption/HOTEL/GENERAL/1000000467714,4,15,"Recommended hotel, pelayanannya ramah, lokasi mudah dicari, dekat dengan tempat jajanan, overall oke lah.",Diulas 401 minggu lalu,"https://ik.imagekit.io/tvlk/ugc-review/guys1L+Yyer9kzI3sp-pb0CG1j2bhflZGFUZOoIf1YOBAm37kEUOKR41ieUZm7ZJ/ugc-photo-ap-southeast-1-581603780057-acd24e232f75f09e/ACCOMMODATION/5525541_ACCOMMODATION_1535847022610_ca823726943c744f?_src=imagekit&tr=c-at_max,h-100,q-40,w-100",,,,,,,,,,,,,,,,,,,
https://www.traveloka.com/id-id/user/review/consumption/HOTEL/GENERAL/1000000467714,4,16,"Bagus, dekat dengan pusat kota.",Diulas 411 minggu lalu,"https://ik.imagekit.io/tvlk/ugc-review/guys1L+Yyer9kzI3sp-pb0CG1j2bhflZGFUZOoIf1YOBAm37kEUOKR41ieUZm7ZJ/ugc-photo-ap-southeast-1-581603780057-acd24e232f75f09e/ACCOMMODATION/18485002_ACCOMMODATION_1529717245637_6be0d81fc58a4cff?_src=imagekit&tr=c-at_max,h-100,q-40,w-100",,,,,,,,,,,,,,,,,,,
https://www.traveloka.com/id-id/user/review/consumption/HOTEL/GENERAL/1000000467714,4,17,Kamar bagus dan hotel berada di tempat yang strategis banyak tempat makan di sekitarnya.,Diulas 411 minggu lalu,"https://ik.imagekit.io/tvlk/ugc-review/guys1L+Yyer9kzI3sp-pb0CG1j2bhflZGFUZOoIf1YOBAm37kEUOKR41ieUZm7ZJ/ugc-photo-ap-southeast-1-581603780057-acd24e232f75f09e/ACCOMMODATION/17075664_ACCOMMODATION_1529547581594_8f77062d69d9ea48?_src=imagekit&tr=c-at_max,h-100,q-40,w-100","https://ik.imagekit.io/tvlk/ugc-review/guys1L+Yyer9kzI3sp-pb0CG1j2bhflZGFUZOoIf1YOBAm37kEUOKR41ieUZm7ZJ/ugc-photo-ap-southeast-1-581603780057-acd24e232f75f09e/ACCOMMODATION/17075664_ACCOMMODATION_1529547581595_eeefabd185ecaedf?_src=imagekit&tr=c-at_max,h-100,q-40,w-100",,,,,,,,,,,,,,,,,,
https://www.traveloka.com/id-id/user/review/consumption/HOTEL/GENERAL/1000000467714,4,18,"sama seperti hotel fave 😊 lainnya
+ dikelilingi oleh area restoran
+ anak-anak menikmati kolam renang,
butuh perawatan lebih lanjut, minta kamar dengan pemandangan taman / kolam renang atau Anda tidak akan mendapatkan pemandangan sama sekali (jendela sandblasting)",Diulas 411 minggu lalu,"https://ik.imagekit.io/tvlk/ugc-review/guys1L+Yyer9kzI3sp-pb0CG1j2bhflZGFUZOoIf1YOBAm37kEUOKR41ieUZm7ZJ/ugc-photo-ap-southeast-1-581603780057-acd24e232f75f09e/ACCOMMODATION/5537407_ACCOMMODATION_1529460843911_ba19023928663b0d?_src=imagekit&tr=c-at_max,h-100,q-40,w-100",,,,,,,,,,,,,,,,,,,
https://www.traveloka.com/id-id/user/review/consumption/HOTEL/GENERAL/1000000467714,4,19,"Gampang banget nyari lokasinya karena pinggir jalan. Makanannya enak-enak, dekat tempat hiburan. Ada kolam renang anak dan dewasa. Untuk ukuran superior sih agak mahal apalagi tidak tersedia tissu wajah di kamar, terus blower kamar mandi bunyi cekit-cekit, overall oke. Makasih Traveloka. Makasih Favehotel.",Diulas 418 minggu lalu,"https://ik.imagekit.io/tvlk/ugc-review/guys1L+Yyer9kzI3sp-pb0CG1j2bhflZGFUZOoIf1YOBAm37kEUOKR41ieUZm7ZJ/ugc-photo-ap-southeast-1-581603780057-acd24e232f75f09e/ACCOMMODATION/6882024_ACCOMMODATION_1525561216543_e59c2535930bd233?_src=imagekit&tr=c-at_max,h-100,q-40,w-100",,,,,,,,,,,,,,,,,,,
https://www.traveloka.com/id-id/user/review/consumption/HOTEL/GENERAL/1000000467714,4,20,Semuanya baik-baik saja. Layanan yang bagus.,Diulas 418 minggu lalu,"https://ik.imagekit.io/tvlk/ugc-review/guys1L+Yyer9kzI3sp-pb0CG1j2bhflZGFUZOoIf1YOBAm37kEUOKR41ieUZm7ZJ/ugc-photo-ap-southeast-1-581603780057-acd24e232f75f09e/ACCOMMODATION/5393813_ACCOMMODATION_1525221714073_e473a2ebbc3733e2?_src=imagekit&tr=c-at_max,h-100,q-40,w-100",,,,,,,,,,,,,,,,,,,
https://www.traveloka.com/id-id/user/review/consumption/HOTEL/GENERAL/1000000467714,4,21,"Bagus, pelayanan baik, stafnya ramah-ramah, cuma makannya kurang variatif, bakal kembali lagi kemari kalau ke Garut.",Diulas 421 minggu lalu,"https://ik.imagekit.io/tvlk/ugc-review/guys1L+Yyer9kzI3sp-pb0CG1j2bhflZGFUZOoIf1YOBAm37kEUOKR41ieUZm7ZJ/ugc-photo-ap-southeast-1-581603780057-acd24e232f75f09e/ACCOMMODATION/9811344_ACCOMMODATION_1523897854215_1b0a66ad8ea2a1ce?_src=imagekit&tr=c-at_max,h-100,q-40,w-100","https://ik.imagekit.io/tvlk/ugc-review/guys1L+Yyer9kzI3sp-pb0CG1j2bhflZGFUZOoIf1YOBAm37kEUOKR41ieUZm7ZJ/ugc-photo-ap-southeast-1-581603780057-acd24e232f75f09e/ACCOMMODATION/9811344_ACCOMMODATION_1523897854216_9c45b5dd2c3be97f?_src=imagekit&tr=c-at_max,h-100,q-40,w-100","https://ik.imagekit.io/tvlk/ugc-review/guys1L+Yyer9kzI3sp-pb0CG1j2bhflZGFUZOoIf1YOBAm37kEUOKR41ieUZm7ZJ/ugc-photo-ap-southeast-1-581603780057-acd24e232f75f09e/ACCOMMODATION/9811344_ACCOMMODATION_1523897854217_884c63ee515f7951?_src=imagekit&tr=c-at_max,h-100,q-40,w-100",,,,,,,,,,,,,,,,,
https://www.traveloka.com/id-id/user/review/consumption/HOTEL/GENERAL/1000000467714,4,22,"Tekanan air bersih, bagus, staf hebat. agak mahal untuk kamar kecil di kota kecil. Sarapannya ok. pemandangan gunung yang bagus dari atap.",Diulas 423 minggu lalu,"https://ik.imagekit.io/tvlk/ugc-review/guys1L+Yyer9kzI3sp-pb0CG1j2bhflZGFUZOoIf1YOBAm37kEUOKR41ieUZm7ZJ/ugc-photo-ap-southeast-1-581603780057-acd24e232f75f09e/ACCOMMODATION/29492790_ACCOMMODATION_1522719874788_0511916248face93?_src=imagekit&tr=c-at_max,h-100,q-40,w-100","https://ik.imagekit.io/tvlk/ugc-review/guys1L+Yyer9kzI3sp-pb0CG1j2bhflZGFUZOoIf1YOBAm37kEUOKR41ieUZm7ZJ/ugc-photo-ap-southeast-1-581603780057-acd24e232f75f09e/ACCOMMODATION/29492790_ACCOMMODATION_1522719874789_5572c893f20d9be9?_src=imagekit&tr=c-at_max,h-100,q-40,w-100",,,,,,,,,,,,,,,,,,
