url,page,review_index,teks_ulasan,tanggal,gambar-1,gambar-2,gambar-3,gambar-4,gambar-5,gambar-6,gambar-7,gambar-8,gambar-9,gambar-10,gambar-11,gambar-12,gambar-13,gambar-14,gambar-15,gambar-16,gambar-17,gambar-18,gambar-19,gambar-20
https://www.traveloka.com/id-id/user/review/consumption/HOTEL/GENERAL/3000010015281,1,1,"Fasilitasnya ok, terutama kolam renang sangat friendly untuk anak-anak, pelayanannya ok.",Diulas 2 minggu lalu,https://d24fi85k5ai89e.cloudfront.net/REVIEW_VIDEO/THUMBNAIL/ca9e6dbf-9a2f-4c8e-b6f2-3977d8602c24.0000001.jpg,,,,,,,,,,,,,,,,,,,
https://www.traveloka.com/id-id/user/review/consumption/HOTEL/GENERAL/3000010015281,1,2,Staff hotel yang ramah membantu pas kita check in maupun check out,Diulas 3 minggu lalu,"https://ik.imagekit.io/tvlk/ugc-review/guys1L+Yyer9kzI3sp-pb0CG1j2bhflZGFUZOoIf1YOBAm37kEUOKR41ieUZm7ZJ/ugc-photo-ap-southeast-1-581603780057-acd24e232f75f09e/REVIEW/REVIEW_1776229304189_f48a036ec6374988?_src=imagekit&tr=c-at_max,h-100,q-40,w-100","https://ik.imagekit.io/tvlk/ugc-review/guys1L+Yyer9kzI3sp-pb0CG1j2bhflZGFUZOoIf1YOBAm37kEUOKR41ieUZm7ZJ/ugc-photo-ap-southeast-1-581603780057-acd24e232f75f09e/REVIEW/REVIEW_1776229304190_910ce08434ae5fb8?_src=imagekit&tr=c-at_max,h-100,q-40,w-100","https://ik.imagekit.io/tvlk/ugc-review/guys1L+Yyer9kzI3sp-pb0CG1j2bhflZGFUZOoIf1YOBAm37kEUOKR41ieUZm7ZJ/ugc-photo-ap-southeast-1-581603780057-acd24e232f75f09e/REVIEW/REVIEW_1776229304189_513837572d8bb364?_src=imagekit&tr=c-at_max,h-100,q-40,w-100","https://ik.imagekit.io/tvlk/ugc-review/guys1L+Yyer9kzI3sp-pb0CG1j2bhflZGFUZOoIf1YOBAm37kEUOKR41ieUZm7ZJ/ugc-photo-ap-southeast-1-581603780057-acd24e232f75f09e/REVIEW/REVIEW_1776229304188_e0cca43a1d8508bc?_src=imagekit&tr=c-at_max,h-100,q-40,w-100","https://ik.imagekit.io/tvlk/ugc-review/guys1L+Yyer9kzI3sp-pb0CG1j2bhflZGFUZOoIf1YOBAm37kEUOKR41ieUZm7ZJ/ugc-photo-ap-southeast-1-581603780057-acd24e232f75f09e/REVIEW/REVIEW_1776229304189_cbb64225769ed266?_src=imagekit&tr=c-at_max,h-100,q-40,w-100","https://ik.imagekit.io/tvlk/ugc-review/guys1L+Yyer9kzI3sp-pb0CG1j2bhflZGFUZOoIf1YOBAm37kEUOKR41ieUZm7ZJ/ugc-photo-ap-southeast-1-581603780057-acd24e232f75f09e/REVIEW/REVIEW_1776229304190_21bc338c9931cc2b?_src=imagekit&tr=c-at_max,h-100,q-40,w-100",,,,,,,,,,,,,,
https://www.traveloka.com/id-id/user/review/consumption/HOTEL/GENERAL/3000010015281,1,3,"Nyaman banget, bersih, rapi, pelayanan ramah, fasilitas oke, makanan lumayan enak dan bervariasi, amenitas lengkap, cuma kurang 1 Wi-Fi aja hehe",Diulas 4 minggu lalu,"https://ik.imagekit.io/tvlk/ugc-review/guys1L+Yyer9kzI3sp-pb0CG1j2bhflZGFUZOoIf1YOBAm37kEUOKR41ieUZm7ZJ/ugc-photo-ap-southeast-1-581603780057-acd24e232f75f09e/REVIEW/REVIEW_1776085772981_c0ce5f7214d2ee47?_src=imagekit&tr=c-at_max,h-100,q-40,w-100","https://ik.imagekit.io/tvlk/ugc-review/guys1L+Yyer9kzI3sp-pb0CG1j2bhflZGFUZOoIf1YOBAm37kEUOKR41ieUZm7ZJ/ugc-photo-ap-southeast-1-581603780057-acd24e232f75f09e/REVIEW/REVIEW_1776085772981_5a3c14762eeee08e?_src=imagekit&tr=c-at_max,h-100,q-40,w-100","https://ik.imagekit.io/tvlk/ugc-review/guys1L+Yyer9kzI3sp-pb0CG1j2bhflZGFUZOoIf1YOBAm37kEUOKR41ieUZm7ZJ/ugc-photo-ap-southeast-1-581603780057-acd24e232f75f09e/REVIEW/REVIEW_1776085772981_a2f2e950aead34b5?_src=imagekit&tr=c-at_max,h-100,q-40,w-100","https://ik.imagekit.io/tvlk/ugc-review/guys1L+Yyer9kzI3sp-pb0CG1j2bhflZGFUZOoIf1YOBAm37kEUOKR41ieUZm7ZJ/ugc-photo-ap-southeast-1-581603780057-acd24e232f75f09e/REVIEW/REVIEW_1776085772978_c62b4bcfc3b27dd2?_src=imagekit&tr=c-at_max,h-100,q-40,w-100",,,,,,,,,,,,,,,,
https://www.traveloka.com/id-id/user/review/consumption/HOTEL/GENERAL/3000010015281,1,4,"Overall semua bagus, pelayanan ramah, kamar bersih, dan sarapan variatif... Lalu akses sangat dekat dengan pusat oleh-oleh, apalagi depan pantai yang sangat memudahkan akses untuk berwisata ataupun berbelanja.",Diulas 4 minggu lalu,"https://ik.imagekit.io/tvlk/ugc-review/guys1L+Yyer9kzI3sp-pb0CG1j2bhflZGFUZOoIf1YOBAm37kEUOKR41ieUZm7ZJ/ugc-photo-ap-southeast-1-581603780057-acd24e232f75f09e/REVIEW/REVIEW_1775782507853_271e514e770ab709?_src=imagekit&tr=c-at_max,h-100,q-40,w-100",,,,,,,,,,,,,,,,,,,
https://www.traveloka.com/id-id/user/review/consumption/HOTEL/GENERAL/3000010015281,1,5,"Sudah 2 kali menginap di sini, Alhamdulillah tidak mengecewakan.",Diulas 4 minggu lalu,"https://ik.imagekit.io/tvlk/ugc-review/guys1L+Yyer9kzI3sp-pb0CG1j2bhflZGFUZOoIf1YOBAm37kEUOKR41ieUZm7ZJ/ugc-photo-ap-southeast-1-581603780057-acd24e232f75f09e/REVIEW/REVIEW_1775723840585_2481c321ebb998d8?_src=imagekit&tr=c-at_max,h-100,q-40,w-100",,,,,,,,,,,,,,,,,,,
https://www.traveloka.com/id-id/user/review/consumption/HOTEL/GENERAL/3000010015281,1,6,Pengalaman pertama menginap di Laut Biru.... Sangat menyenangkan.... Terima kasih Laut Biru,Diulas 6 minggu lalu,"https://ik.imagekit.io/tvlk/ugc-review/guys1L+Yyer9kzI3sp-pb0CG1j2bhflZGFUZOoIf1YOBAm37kEUOKR41ieUZm7ZJ/ugc-photo-ap-southeast-1-581603780057-acd24e232f75f09e/REVIEW/REVIEW_1774990664971_180e294d5c496f59?_src=imagekit&tr=c-at_max,h-100,q-40,w-100","https://ik.imagekit.io/tvlk/ugc-review/guys1L+Yyer9kzI3sp-pb0CG1j2bhflZGFUZOoIf1YOBAm37kEUOKR41ieUZm7ZJ/ugc-photo-ap-southeast-1-581603780057-acd24e232f75f09e/REVIEW/REVIEW_1774990664971_41ce8b7edb0216d3?_src=imagekit&tr=c-at_max,h-100,q-40,w-100","https://ik.imagekit.io/tvlk/ugc-review/guys1L+Yyer9kzI3sp-pb0CG1j2bhflZGFUZOoIf1YOBAm37kEUOKR41ieUZm7ZJ/ugc-photo-ap-southeast-1-581603780057-acd24e232f75f09e/REVIEW/REVIEW_1774990664971_4fa89447d4cce0ad?_src=imagekit&tr=c-at_max,h-100,q-40,w-100",,,,,,,,,,,,,,,,,
https://www.traveloka.com/id-id/user/review/consumption/HOTEL/GENERAL/3000010015281,1,7,Bisa foto di rooftop sekeren ini dibantu sama Mbak petugas hotel yang sangat ramah.,Diulas 6 minggu lalu,"https://ik.imagekit.io/tvlk/ugc-review/guys1L+Yyer9kzI3sp-pb0CG1j2bhflZGFUZOoIf1YOBAm37kEUOKR41ieUZm7ZJ/ugc-photo-ap-southeast-1-581603780057-acd24e232f75f09e/REVIEW/REVIEW_1774614130349_027060c9e91f854a?_src=imagekit&tr=c-at_max,h-100,q-40,w-100","https://ik.imagekit.io/tvlk/ugc-review/guys1L+Yyer9kzI3sp-pb0CG1j2bhflZGFUZOoIf1YOBAm37kEUOKR41ieUZm7ZJ/ugc-photo-ap-southeast-1-581603780057-acd24e232f75f09e/REVIEW/REVIEW_1774614139903_350c70e281339785?_src=imagekit&tr=c-at_max,h-100,q-40,w-100",,,,,,,,,,,,,,,,,,
https://www.traveloka.com/id-id/user/review/consumption/HOTEL/GENERAL/3000010015281,1,8,"Akses ke pantai dekat, pelayanan ramah, kamarnya bersih, paling yang kurang minuman yang saya pesan di lobi rasanya agak hambar, semoga ke depannya bisa diperbaiki, terima kasih.",Diulas 6 minggu lalu,"https://ik.imagekit.io/tvlk/ugc-review/guys1L+Yyer9kzI3sp-pb0CG1j2bhflZGFUZOoIf1YOBAm37kEUOKR41ieUZm7ZJ/ugc-photo-ap-southeast-1-581603780057-acd24e232f75f09e/REVIEW/REVIEW_1774612868306_4d3abc9ad0caab22?_src=imagekit&tr=c-at_max,h-100,q-40,w-100",,,,,,,,,,,,,,,,,,,
https://www.traveloka.com/id-id/user/review/consumption/HOTEL/GENERAL/3000010015281,1,9,"Yang kurang cuma gak ada sendok di kamar. Sisanya top, resepsionis dan pegawai lainnya ramah.",Diulas 6 minggu lalu,"https://ik.imagekit.io/tvlk/ugc-review/guys1L+Yyer9kzI3sp-pb0CG1j2bhflZGFUZOoIf1YOBAm37kEUOKR41ieUZm7ZJ/ugc-photo-ap-southeast-1-581603780057-acd24e232f75f09e/REVIEW/REVIEW_1774487668296_4ad3799dad41872a?_src=imagekit&tr=c-at_max,h-100,q-40,w-100",,,,,,,,,,,,,,,,,,,
https://www.traveloka.com/id-id/user/review/consumption/HOTEL/GENERAL/3000010015281,1,10,"Selalu menyenangkan menginap di sini bersama keluarga, semoga tahun depan bisa ke sini lagi selama liburan sekolah anak-anak. Semoga next ada penyediaan extra bed ya.",Diulas 7 minggu lalu,"https://ik.imagekit.io/tvlk/ugc-review/guys1L+Yyer9kzI3sp-pb0CG1j2bhflZGFUZOoIf1YOBAm37kEUOKR41ieUZm7ZJ/ugc-photo-ap-southeast-1-581603780057-acd24e232f75f09e/REVIEW/REVIEW_1773932006364_999e01ac5b803552?_src=imagekit&tr=c-at_max,h-100,q-40,w-100",,,,,,,,,,,,,,,,,,,
https://www.traveloka.com/id-id/user/review/consumption/HOTEL/GENERAL/3000010015281,1,11,"Kami menginap 2 malam dengan kamar pemandangan laut. Kasur-nya luas muat 4 orang. Sarapan juga untuk 4 orang. Hanya saja untuk sarapan-nya lauk-lauknya habis tetapi diisi kembali-nya lama, sarapan-nya hanya menu ala kadar-nya seperti menu anak sekolah study tour. Balkon yang menghadap pemandangan kolam renang kumuh penuh pemandangan baju basah dan handuk basah yang dijemur oleh para penghuni kamar. Kelebihan hotel ini hanya lokasi tepat pinggir pantai. Samping hotel ada CFC. Ke pantai tinggal nyebrang jalan kaki. Depan hotel banyak persewaan ATV dan sepeda listrik.",Diulas 10 minggu lalu,"https://ik.imagekit.io/tvlk/ugc-review/guys1L+Yyer9kzI3sp-pb0CG1j2bhflZGFUZOoIf1YOBAm37kEUOKR41ieUZm7ZJ/ugc-photo-ap-southeast-1-581603780057-acd24e232f75f09e/REVIEW/REVIEW_1772339925469_1ca381f5b3d41531?_src=imagekit&tr=c-at_max,h-80,q-40,w-80","https://ik.imagekit.io/tvlk/ugc-review/guys1L+Yyer9kzI3sp-pb0CG1j2bhflZGFUZOoIf1YOBAm37kEUOKR41ieUZm7ZJ/ugc-photo-ap-southeast-1-581603780057-acd24e232f75f09e/REVIEW/REVIEW_1772339925469_079adf874fad72fb?_src=imagekit&tr=c-at_max,h-80,q-40,w-80","https://ik.imagekit.io/tvlk/ugc-review/guys1L+Yyer9kzI3sp-pb0CG1j2bhflZGFUZOoIf1YOBAm37kEUOKR41ieUZm7ZJ/ugc-photo-ap-southeast-1-581603780057-acd24e232f75f09e/REVIEW/REVIEW_1772339925469_13c63007c827311f?_src=imagekit&tr=c-at_max,h-80,q-40,w-80","https://ik.imagekit.io/tvlk/ugc-review/guys1L+Yyer9kzI3sp-pb0CG1j2bhflZGFUZOoIf1YOBAm37kEUOKR41ieUZm7ZJ/ugc-photo-ap-southeast-1-581603780057-acd24e232f75f09e/REVIEW/REVIEW_1772339925469_e5e6866b15b0d31c?_src=imagekit&tr=c-at_max,h-80,q-40,w-80","https://ik.imagekit.io/tvlk/ugc-review/guys1L+Yyer9kzI3sp-pb0CG1j2bhflZGFUZOoIf1YOBAm37kEUOKR41ieUZm7ZJ/ugc-photo-ap-southeast-1-581603780057-acd24e232f75f09e/REVIEW/REVIEW_1772339925468_b38474c87b67dd24?_src=imagekit&tr=c-at_max,h-80,q-40,w-80","https://ik.imagekit.io/tvlk/ugc-review/guys1L+Yyer9kzI3sp-pb0CG1j2bhflZGFUZOoIf1YOBAm37kEUOKR41ieUZm7ZJ/ugc-photo-ap-southeast-1-581603780057-acd24e232f75f09e/REVIEW/REVIEW_1772339925468_98361dbd48f37d94?_src=imagekit&tr=c-at_max,h-80,q-40,w-80","https://ik.imagekit.io/tvlk/ugc-review/guys1L+Yyer9kzI3sp-pb0CG1j2bhflZGFUZOoIf1YOBAm37kEUOKR41ieUZm7ZJ/ugc-photo-ap-southeast-1-581603780057-acd24e232f75f09e/REVIEW/REVIEW_1772339925468_89e28b585288b645?_src=imagekit&tr=c-at_max,h-80,q-40,w-80","https://ik.imagekit.io/tvlk/ugc-review/guys1L+Yyer9kzI3sp-pb0CG1j2bhflZGFUZOoIf1YOBAm37kEUOKR41ieUZm7ZJ/ugc-photo-ap-southeast-1-581603780057-acd24e232f75f09e/REVIEW/REVIEW_1772339925468_ccd3bdea460f8a75?_src=imagekit&tr=c-at_max,h-80,q-40,w-80",,,,,,,,,,,,
https://www.traveloka.com/id-id/user/review/consumption/HOTEL/GENERAL/3000010015281,1,12,"Cek in sangat cepat, lokasi tepat depan pantai.",Diulas 11 minggu lalu,"https://ik.imagekit.io/tvlk/ugc-review/guys1L+Yyer9kzI3sp-pb0CG1j2bhflZGFUZOoIf1YOBAm37kEUOKR41ieUZm7ZJ/ugc-photo-ap-southeast-1-581603780057-acd24e232f75f09e/REVIEW/REVIEW_1771402865885_803892a31e665ac7?_src=imagekit&tr=c-at_max,h-100,q-40,w-100",,,,,,,,,,,,,,,,,,,
https://www.traveloka.com/id-id/user/review/consumption/HOTEL/GENERAL/3000010015281,1,13,"selalu cocok menginap di sini. berlangganan setiap ke pangandaran. service nya bagus, karyawan ramah semua, kamar  bersih",Diulas 16 minggu lalu,"https://ik.imagekit.io/tvlk/ugc-review/guys1L+Yyer9kzI3sp-pb0CG1j2bhflZGFUZOoIf1YOBAm37kEUOKR41ieUZm7ZJ/ugc-photo-ap-southeast-1-581603780057-acd24e232f75f09e/REVIEW/REVIEW_1768754170037_f77dd7ae0c8d0ad1?_src=imagekit&tr=c-at_max,h-80,q-40,w-80","https://ik.imagekit.io/tvlk/ugc-review/guys1L+Yyer9kzI3sp-pb0CG1j2bhflZGFUZOoIf1YOBAm37kEUOKR41ieUZm7ZJ/ugc-photo-ap-southeast-1-581603780057-acd24e232f75f09e/REVIEW/REVIEW_1768754170037_fb29137d9b1ea081?_src=imagekit&tr=c-at_max,h-80,q-40,w-80","https://ik.imagekit.io/tvlk/ugc-review/guys1L+Yyer9kzI3sp-pb0CG1j2bhflZGFUZOoIf1YOBAm37kEUOKR41ieUZm7ZJ/ugc-photo-ap-southeast-1-581603780057-acd24e232f75f09e/REVIEW/REVIEW_1768754170037_988d668b0df49e8c?_src=imagekit&tr=c-at_max,h-80,q-40,w-80","https://ik.imagekit.io/tvlk/ugc-review/guys1L+Yyer9kzI3sp-pb0CG1j2bhflZGFUZOoIf1YOBAm37kEUOKR41ieUZm7ZJ/ugc-photo-ap-southeast-1-581603780057-acd24e232f75f09e/REVIEW/REVIEW_1768754170036_45cd9f629bd34b2f?_src=imagekit&tr=c-at_max,h-80,q-40,w-80",https://d24fi85k5ai89e.cloudfront.net/REVIEW_VIDEO/THUMBNAIL/bdd0c417-a402-42d0-a817-2e90c3b77907.0000001.jpg,"https://ik.imagekit.io/tvlk/ugc-review/guys1L+Yyer9kzI3sp-pb0CG1j2bhflZGFUZOoIf1YOBAm37kEUOKR41ieUZm7ZJ/ugc-photo-ap-southeast-1-581603780057-acd24e232f75f09e/REVIEW/REVIEW_1768754225572_2d1299f01cf79420?_src=imagekit&tr=c-at_max,h-80,q-40,w-80","https://ik.imagekit.io/tvlk/ugc-review/guys1L+Yyer9kzI3sp-pb0CG1j2bhflZGFUZOoIf1YOBAm37kEUOKR41ieUZm7ZJ/ugc-photo-ap-southeast-1-581603780057-acd24e232f75f09e/REVIEW/REVIEW_1768754225572_d64712d91ec2d4b5?_src=imagekit&tr=c-at_max,h-80,q-40,w-80","https://ik.imagekit.io/tvlk/ugc-review/guys1L+Yyer9kzI3sp-pb0CG1j2bhflZGFUZOoIf1YOBAm37kEUOKR41ieUZm7ZJ/ugc-photo-ap-southeast-1-581603780057-acd24e232f75f09e/REVIEW/REVIEW_1768754225572_b6ac6b4ff886b943?_src=imagekit&tr=c-at_max,h-80,q-40,w-80","https://ik.imagekit.io/tvlk/ugc-review/guys1L+Yyer9kzI3sp-pb0CG1j2bhflZGFUZOoIf1YOBAm37kEUOKR41ieUZm7ZJ/ugc-photo-ap-southeast-1-581603780057-acd24e232f75f09e/REVIEW/REVIEW_1768754225571_2cecb791746a502c?_src=imagekit&tr=c-at_max,h-80,q-40,w-80",,,,,,,,,,,
https://www.traveloka.com/id-id/user/review/consumption/HOTEL/GENERAL/3000010015281,1,14,"Lokasi dan pemandangan dari hotel sangat baik..
Lainnya biasa saja sebagaimana hotel pada umumnya.. tidak ada hair dryer.. makanan hotel kurang variatif tp cukup saja.. wifi sering eror",Diulas 16 minggu lalu,"https://ik.imagekit.io/tvlk/ugc-review/guys1L+Yyer9kzI3sp-pb0CG1j2bhflZGFUZOoIf1YOBAm37kEUOKR41ieUZm7ZJ/ugc-photo-ap-southeast-1-581603780057-acd24e232f75f09e/REVIEW/REVIEW_1768527575505_aad6fcfa0cee0b12?_src=imagekit&tr=c-at_max,h-100,q-40,w-100",,,,,,,,,,,,,,,,,,,
https://www.traveloka.com/id-id/user/review/consumption/HOTEL/GENERAL/3000010015281,1,15,staff hotel ramah sangat membantu,Diulas 16 minggu lalu,https://d24fi85k5ai89e.cloudfront.net/REVIEW_VIDEO/THUMBNAIL/3aeecede-73d0-4739-86e0-52b44d7e64e8.0000001.jpg,,,,,,,,,,,,,,,,,,,
https://www.traveloka.com/id-id/user/review/consumption/HOTEL/GENERAL/3000010015281,1,16,Pokonya harus balik lagi nginep disini,Diulas 17 minggu lalu,"https://ik.imagekit.io/tvlk/ugc-review/guys1L+Yyer9kzI3sp-pb0CG1j2bhflZGFUZOoIf1YOBAm37kEUOKR41ieUZm7ZJ/ugc-photo-ap-southeast-1-581603780057-acd24e232f75f09e/REVIEW/REVIEW_1768312397247_6571756d9141105f?_src=imagekit&tr=c-at_max,h-100,q-40,w-100",,,,,,,,,,,,,,,,,,,
https://www.traveloka.com/id-id/user/review/consumption/HOTEL/GENERAL/3000010015281,1,17,semuanya ok..cuman guci air minum g ada pijitannya,Diulas 17 minggu lalu,"https://ik.imagekit.io/tvlk/ugc-review/guys1L+Yyer9kzI3sp-pb0CG1j2bhflZGFUZOoIf1YOBAm37kEUOKR41ieUZm7ZJ/ugc-photo-ap-southeast-1-581603780057-acd24e232f75f09e/REVIEW/REVIEW_1768145084369_f9a18377c3ce7141?_src=imagekit&tr=c-at_max,h-100,q-40,w-100","https://ik.imagekit.io/tvlk/ugc-review/guys1L+Yyer9kzI3sp-pb0CG1j2bhflZGFUZOoIf1YOBAm37kEUOKR41ieUZm7ZJ/ugc-photo-ap-southeast-1-581603780057-acd24e232f75f09e/REVIEW/REVIEW_1768145084369_af599c5dbcfbdd3f?_src=imagekit&tr=c-at_max,h-100,q-40,w-100",,,,,,,,,,,,,,,,,,
https://www.traveloka.com/id-id/user/review/consumption/HOTEL/GENERAL/3000010015281,1,18,"cukup nyaman dan tenang.
dekat dengan pantai..

Suasana/Fasilitas: cukup nyaman buat anak-anak       
Makanan: menu variatif banyak pilihan 
Bantuan Staf: baik
Highlights: pemandangan kurang karena terhalang pepohonan 
Harga: numayan karena masa liburan 
Lokasi: lokasi hotel strategis dekat dengan pantai",Diulas 17 minggu lalu,"https://ik.imagekit.io/tvlk/ugc-review/guys1L+Yyer9kzI3sp-pb0CG1j2bhflZGFUZOoIf1YOBAm37kEUOKR41ieUZm7ZJ/ugc-photo-ap-southeast-1-581603780057-acd24e232f75f09e/REVIEW/REVIEW_1768123258086_b781cbf7171650a0?_src=imagekit&tr=c-at_max,h-100,q-40,w-100",,,,,,,,,,,,,,,,,,,
https://www.traveloka.com/id-id/user/review/consumption/HOTEL/GENERAL/3000010015281,1,19,"letaknya strategis, deket kemana-mana jadi gak usah sewa² kendaraan buat sekedar jajan sore/malam, pelayanan gercep dan ramah, tempatnya aman dan nyaman, ramah anak dan disabilitas juga . Anak² betah karena waterboom nya bersih, seru (banyak varian permainannya) dan aman banget (ada lifeguard di perosotan yg paling tinggi),  tempatnya bersih, musholanya nyaman, parkir mobilnya gak keujanan mantappp🫶",Diulas 17 minggu lalu,https://d24fi85k5ai89e.cloudfront.net/REVIEW_VIDEO/THUMBNAIL/1553db89-6809-4931-93f3-11dd62154fc9.0000001.jpg,https://d24fi85k5ai89e.cloudfront.net/REVIEW_VIDEO/THUMBNAIL/da6eb0a7-de5f-4ff3-9c61-1a0e08581ce8.0000001.jpg,"https://ik.imagekit.io/tvlk/ugc-review/guys1L+Yyer9kzI3sp-pb0CG1j2bhflZGFUZOoIf1YOBAm37kEUOKR41ieUZm7ZJ/ugc-photo-ap-southeast-1-581603780057-acd24e232f75f09e/REVIEW/REVIEW_1768057209860_9b973e048a4bff82?_src=imagekit&tr=c-at_max,h-100,q-40,w-100",,,,,,,,,,,,,,,,,
https://www.traveloka.com/id-id/user/review/consumption/HOTEL/GENERAL/3000010015281,1,20,Alhamdulillah anak2 senang menginap disini,Diulas 18 minggu lalu,"https://ik.imagekit.io/tvlk/ugc-review/guys1L+Yyer9kzI3sp-pb0CG1j2bhflZGFUZOoIf1YOBAm37kEUOKR41ieUZm7ZJ/ugc-photo-ap-southeast-1-581603780057-acd24e232f75f09e/REVIEW/REVIEW_1767668626414_559fa18846316593?_src=imagekit&tr=c-at_max,h-100,q-40,w-100","https://ik.imagekit.io/tvlk/ugc-review/guys1L+Yyer9kzI3sp-pb0CG1j2bhflZGFUZOoIf1YOBAm37kEUOKR41ieUZm7ZJ/ugc-photo-ap-southeast-1-581603780057-acd24e232f75f09e/REVIEW/REVIEW_1767668626414_b36d45a514a785d5?_src=imagekit&tr=c-at_max,h-100,q-40,w-100",,,,,,,,,,,,,,,,,,
https://www.traveloka.com/id-id/user/review/consumption/HOTEL/GENERAL/3000010015281,1,21,Hotel dekat dengan pantai barat dan pantai timur,Diulas 18 minggu lalu,https://d24fi85k5ai89e.cloudfront.net/REVIEW_VIDEO/THUMBNAIL/a053287a-f096-4d6c-ad69-d8b1604c17a9.0000001.jpg,,,,,,,,,,,,,,,,,,,
https://www.traveloka.com/id-id/user/review/consumption/HOTEL/GENERAL/3000010015281,1,22,"staf hotel nya ramah sekali, di kamar tv nya rusak langsung di ganti hari itu juga",Diulas 18 minggu lalu,"https://ik.imagekit.io/tvlk/ugc-review/guys1L+Yyer9kzI3sp-pb0CG1j2bhflZGFUZOoIf1YOBAm37kEUOKR41ieUZm7ZJ/ugc-photo-ap-southeast-1-581603780057-acd24e232f75f09e/REVIEW/REVIEW_1767303925982_c100115295e99e87?_src=imagekit&tr=c-at_max,h-100,q-40,w-100",,,,,,,,,,,,,,,,,,,
https://www.traveloka.com/id-id/user/review/consumption/HOTEL/GENERAL/3000010015281,1,23,"staff nya satset banget, keran rusak lgsg beres, tapi sayang makanannya kek hotel melati",Diulas 19 minggu lalu,"https://ik.imagekit.io/tvlk/ugc-review/guys1L+Yyer9kzI3sp-pb0CG1j2bhflZGFUZOoIf1YOBAm37kEUOKR41ieUZm7ZJ/ugc-photo-ap-southeast-1-581603780057-acd24e232f75f09e/REVIEW/REVIEW_1766996661474_d522c721f1815a79?_src=imagekit&tr=c-at_max,h-100,q-40,w-100",,,,,,,,,,,,,,,,,,,
https://www.traveloka.com/id-id/user/review/consumption/HOTEL/GENERAL/3000010015281,1,24,"kamarnya enak, wifi kenceng. jarak ke pantai Deket, sekitar hotel juga ramai. cuma kurang di sarapan aja
 ga terlalu beragam dan kurang enak rasanya",Diulas 19 minggu lalu,"https://ik.imagekit.io/tvlk/ugc-review/guys1L+Yyer9kzI3sp-pb0CG1j2bhflZGFUZOoIf1YOBAm37kEUOKR41ieUZm7ZJ/ugc-photo-ap-southeast-1-581603780057-acd24e232f75f09e/REVIEW/REVIEW_1766908680852_4a48dda9701ab010?_src=imagekit&tr=c-at_max,h-80,q-40,w-80","https://ik.imagekit.io/tvlk/ugc-review/guys1L+Yyer9kzI3sp-pb0CG1j2bhflZGFUZOoIf1YOBAm37kEUOKR41ieUZm7ZJ/ugc-photo-ap-southeast-1-581603780057-acd24e232f75f09e/REVIEW/REVIEW_1766908680852_7286ab8836c312b8?_src=imagekit&tr=c-at_max,h-80,q-40,w-80","https://ik.imagekit.io/tvlk/ugc-review/guys1L+Yyer9kzI3sp-pb0CG1j2bhflZGFUZOoIf1YOBAm37kEUOKR41ieUZm7ZJ/ugc-photo-ap-southeast-1-581603780057-acd24e232f75f09e/REVIEW/REVIEW_1766908680851_26f9d54a4359a212?_src=imagekit&tr=c-at_max,h-80,q-40,w-80","https://ik.imagekit.io/tvlk/ugc-review/guys1L+Yyer9kzI3sp-pb0CG1j2bhflZGFUZOoIf1YOBAm37kEUOKR41ieUZm7ZJ/ugc-photo-ap-southeast-1-581603780057-acd24e232f75f09e/REVIEW/REVIEW_1766908680851_c3b0e6dc3db535cc?_src=imagekit&tr=c-at_max,h-80,q-40,w-80","https://ik.imagekit.io/tvlk/ugc-review/guys1L+Yyer9kzI3sp-pb0CG1j2bhflZGFUZOoIf1YOBAm37kEUOKR41ieUZm7ZJ/ugc-photo-ap-southeast-1-581603780057-acd24e232f75f09e/REVIEW/REVIEW_1766908680829_f0252ae75a5acc95?_src=imagekit&tr=c-at_max,h-80,q-40,w-80","https://ik.imagekit.io/tvlk/ugc-review/guys1L+Yyer9kzI3sp-pb0CG1j2bhflZGFUZOoIf1YOBAm37kEUOKR41ieUZm7ZJ/ugc-photo-ap-southeast-1-581603780057-acd24e232f75f09e/REVIEW/REVIEW_1766908680829_41f899202514c07f?_src=imagekit&tr=c-at_max,h-80,q-40,w-80","https://ik.imagekit.io/tvlk/ugc-review/guys1L+Yyer9kzI3sp-pb0CG1j2bhflZGFUZOoIf1YOBAm37kEUOKR41ieUZm7ZJ/ugc-photo-ap-southeast-1-581603780057-acd24e232f75f09e/REVIEW/REVIEW_1766908680828_2c73edb811f6d484?_src=imagekit&tr=c-at_max,h-80,q-40,w-80","https://ik.imagekit.io/tvlk/ugc-review/guys1L+Yyer9kzI3sp-pb0CG1j2bhflZGFUZOoIf1YOBAm37kEUOKR41ieUZm7ZJ/ugc-photo-ap-southeast-1-581603780057-acd24e232f75f09e/REVIEW/REVIEW_1766908680753_ada3d40dae09da07?_src=imagekit&tr=c-at_max,h-80,q-40,w-80","https://ik.imagekit.io/tvlk/ugc-review/guys1L+Yyer9kzI3sp-pb0CG1j2bhflZGFUZOoIf1YOBAm37kEUOKR41ieUZm7ZJ/ugc-photo-ap-southeast-1-581603780057-acd24e232f75f09e/REVIEW/REVIEW_1766908680679_d892ed1be2fc7355?_src=imagekit&tr=c-at_max,h-80,q-40,w-80","https://ik.imagekit.io/tvlk/ugc-review/guys1L+Yyer9kzI3sp-pb0CG1j2bhflZGFUZOoIf1YOBAm37kEUOKR41ieUZm7ZJ/ugc-photo-ap-southeast-1-581603780057-acd24e232f75f09e/REVIEW/REVIEW_1766908680605_33e53cbdbde6eb3e?_src=imagekit&tr=c-at_max,h-80,q-40,w-80",,,,,,,,,,
https://www.traveloka.com/id-id/user/review/consumption/HOTEL/GENERAL/3000010015281,1,25,"staff ramah bs early check in
makanan B aja
trs rame banget berasa kyk kondangan
pilihan menu sedikit
sy menginap di B888 duh itu naek tangga pas sdh masuk roomnya kebyang kan bw koper gede sm tas gede
akses kepantainy dkt bgt dan byk tmpt oleh2 serta jajan jg",Diulas 19 minggu lalu,"https://ik.imagekit.io/tvlk/ugc-review/guys1L+Yyer9kzI3sp-pb0CG1j2bhflZGFUZOoIf1YOBAm37kEUOKR41ieUZm7ZJ/ugc-photo-ap-southeast-1-581603780057-acd24e232f75f09e/REVIEW/REVIEW_1766838080951_bd49b2ea69b9713e?_src=imagekit&tr=c-at_max,h-100,q-40,w-100","https://ik.imagekit.io/tvlk/ugc-review/guys1L+Yyer9kzI3sp-pb0CG1j2bhflZGFUZOoIf1YOBAm37kEUOKR41ieUZm7ZJ/ugc-photo-ap-southeast-1-581603780057-acd24e232f75f09e/REVIEW/REVIEW_1766838080951_51d359a5f41c09a3?_src=imagekit&tr=c-at_max,h-100,q-40,w-100",,,,,,,,,,,,,,,,,,
https://www.traveloka.com/id-id/user/review/consumption/HOTEL/GENERAL/3000010015281,1,26,"pelayanan baik, parkiran luas, tapi kalau pagi-siang slot parkir kosong langsung diisi pedagang. banyak sekali yang menginap di sini, menandakan hotel ini salah satu yang difavoritkan. letaknya dekat pantai barat, tinggal jalan kaki. rasa breakfast oke, tidak terlalu variatif pilihannya. ada mini waterpark yang bikin anak-anak makin senang.",Diulas 20 minggu lalu,"https://ik.imagekit.io/tvlk/ugc-review/guys1L+Yyer9kzI3sp-pb0CG1j2bhflZGFUZOoIf1YOBAm37kEUOKR41ieUZm7ZJ/ugc-photo-ap-southeast-1-581603780057-acd24e232f75f09e/REVIEW/REVIEW_1766064299582_4b85f17a4d15ee2e?_src=imagekit&tr=c-at_max,h-100,q-40,w-100",,,,,,,,,,,,,,,,,,,
https://www.traveloka.com/id-id/user/review/consumption/HOTEL/GENERAL/3000010015281,1,27,"Kali ke 2 nginap disini, lokasi strategis, layanan staf hotel mantap dan ramah, pokonya pilihan pertama kalo jalan2 k Pangandaran…",Diulas 22 minggu lalu,"https://ik.imagekit.io/tvlk/ugc-review/guys1L+Yyer9kzI3sp-pb0CG1j2bhflZGFUZOoIf1YOBAm37kEUOKR41ieUZm7ZJ/ugc-photo-ap-southeast-1-581603780057-acd24e232f75f09e/REVIEW/REVIEW_1765097177985_62ac08088b6135fc?_src=imagekit&tr=c-at_max,h-100,q-40,w-100",,,,,,,,,,,,,,,,,,,
https://www.traveloka.com/id-id/user/review/consumption/HOTEL/GENERAL/3000010015281,1,28,book kamar yang ada balkonnya viewnya kolam renang. nyaman bagus banget kalo ada rejeki lagi mau liburan ke pangandaran dan nginep lagi disini hehe.,Diulas 25 minggu lalu,"https://ik.imagekit.io/tvlk/ugc-review/guys1L+Yyer9kzI3sp-pb0CG1j2bhflZGFUZOoIf1YOBAm37kEUOKR41ieUZm7ZJ/ugc-photo-ap-southeast-1-581603780057-acd24e232f75f09e/REVIEW/REVIEW_1763278414073_7dfbca3994dc94c4?_src=imagekit&tr=c-at_max,h-100,q-40,w-100","https://ik.imagekit.io/tvlk/ugc-review/guys1L+Yyer9kzI3sp-pb0CG1j2bhflZGFUZOoIf1YOBAm37kEUOKR41ieUZm7ZJ/ugc-photo-ap-southeast-1-581603780057-acd24e232f75f09e/REVIEW/REVIEW_1763278482474_322dabfbf46fa85e?_src=imagekit&tr=c-at_max,h-100,q-40,w-100",,,,,,,,,,,,,,,,,,
https://www.traveloka.com/id-id/user/review/consumption/HOTEL/GENERAL/3000010015281,1,29,"Nyaman banget hotel nya 
Ke pantai barat tinggal nyebrang 
Ke pantai timur tinggal jalan ke belakang 
Sangat setrategis banget tempat nya",Diulas 25 minggu lalu,"https://ik.imagekit.io/tvlk/ugc-review/guys1L+Yyer9kzI3sp-pb0CG1j2bhflZGFUZOoIf1YOBAm37kEUOKR41ieUZm7ZJ/ugc-photo-ap-southeast-1-581603780057-acd24e232f75f09e/REVIEW/REVIEW_1762992196152_22ccbebe79f6e728?_src=imagekit&tr=c-at_max,h-100,q-40,w-100","https://ik.imagekit.io/tvlk/ugc-review/guys1L+Yyer9kzI3sp-pb0CG1j2bhflZGFUZOoIf1YOBAm37kEUOKR41ieUZm7ZJ/ugc-photo-ap-southeast-1-581603780057-acd24e232f75f09e/REVIEW/REVIEW_1762992196152_cc593fd793b6c45f?_src=imagekit&tr=c-at_max,h-100,q-40,w-100","https://ik.imagekit.io/tvlk/ugc-review/guys1L+Yyer9kzI3sp-pb0CG1j2bhflZGFUZOoIf1YOBAm37kEUOKR41ieUZm7ZJ/ugc-photo-ap-southeast-1-581603780057-acd24e232f75f09e/REVIEW/REVIEW_1762992196152_579718b265e5d933?_src=imagekit&tr=c-at_max,h-100,q-40,w-100","https://ik.imagekit.io/tvlk/ugc-review/guys1L+Yyer9kzI3sp-pb0CG1j2bhflZGFUZOoIf1YOBAm37kEUOKR41ieUZm7ZJ/ugc-photo-ap-southeast-1-581603780057-acd24e232f75f09e/REVIEW/REVIEW_1762992196150_f5667f52b9251d2d?_src=imagekit&tr=c-at_max,h-100,q-40,w-100",,,,,,,,,,,,,,,,
https://www.traveloka.com/id-id/user/review/consumption/HOTEL/GENERAL/3000010015281,1,30,"dekat ke pantai, bersih, makanan enakk, langganan klo ke pangandaran nginep disini..",Diulas 26 minggu lalu,"https://ik.imagekit.io/tvlk/ugc-review/guys1L+Yyer9kzI3sp-pb0CG1j2bhflZGFUZOoIf1YOBAm37kEUOKR41ieUZm7ZJ/ugc-photo-ap-southeast-1-581603780057-acd24e232f75f09e/REVIEW/REVIEW_1762506212716_906617e50d80061b?_src=imagekit&tr=c-at_max,h-100,q-40,w-100",,,,,,,,,,,,,,,,,,,
https://www.traveloka.com/id-id/user/review/consumption/HOTEL/GENERAL/3000010015281,1,31,"staff nya ramah dan baik2, lingkungan sekitar juga baik dan makanannya enak2",Diulas 27 minggu lalu,"https://ik.imagekit.io/tvlk/ugc-review/guys1L+Yyer9kzI3sp-pb0CG1j2bhflZGFUZOoIf1YOBAm37kEUOKR41ieUZm7ZJ/ugc-photo-ap-southeast-1-581603780057-acd24e232f75f09e/REVIEW/REVIEW_1762224847588_8b07a51345e51f27?_src=imagekit&tr=c-at_max,h-100,q-40,w-100",,,,,,,,,,,,,,,,,,,
https://www.traveloka.com/id-id/user/review/consumption/HOTEL/GENERAL/3000010015281,1,32,selalu meyenangkan liburan Pangandaran dg menginap di Laut Biru Resort,Diulas 28 minggu lalu,"https://ik.imagekit.io/tvlk/ugc-review/guys1L+Yyer9kzI3sp-pb0CG1j2bhflZGFUZOoIf1YOBAm37kEUOKR41ieUZm7ZJ/ugc-photo-ap-southeast-1-581603780057-acd24e232f75f09e/REVIEW/REVIEW_1761548755538_c5b5f38d1ce0b3dc?_src=imagekit&tr=c-at_max,h-100,q-40,w-100","https://ik.imagekit.io/tvlk/ugc-review/guys1L+Yyer9kzI3sp-pb0CG1j2bhflZGFUZOoIf1YOBAm37kEUOKR41ieUZm7ZJ/ugc-photo-ap-southeast-1-581603780057-acd24e232f75f09e/REVIEW/REVIEW_1761548755538_a82862324ccf8be4?_src=imagekit&tr=c-at_max,h-100,q-40,w-100",,,,,,,,,,,,,,,,,,
https://www.traveloka.com/id-id/user/review/consumption/HOTEL/GENERAL/3000010015281,1,33,"Kamar nyaman, akses mudah, pelayanan ramah
Kritik: wifi susah connect, rasa makanan breakfast cenderung hambar, lift tidak ada ACnya.",Diulas 28 minggu lalu,"https://ik.imagekit.io/tvlk/ugc-review/guys1L+Yyer9kzI3sp-pb0CG1j2bhflZGFUZOoIf1YOBAm37kEUOKR41ieUZm7ZJ/ugc-photo-ap-southeast-1-581603780057-acd24e232f75f09e/REVIEW/REVIEW_1761233604550_5d215b67fbc09dd2?_src=imagekit&tr=c-at_max,h-100,q-40,w-100","https://ik.imagekit.io/tvlk/ugc-review/guys1L+Yyer9kzI3sp-pb0CG1j2bhflZGFUZOoIf1YOBAm37kEUOKR41ieUZm7ZJ/ugc-photo-ap-southeast-1-581603780057-acd24e232f75f09e/REVIEW/REVIEW_1761233604549_3e31bb6d7a493e67?_src=imagekit&tr=c-at_max,h-100,q-40,w-100",,,,,,,,,,,,,,,,,,
https://www.traveloka.com/id-id/user/review/consumption/HOTEL/GENERAL/3000010015281,1,34,"staff hotel ramah ramah, fasilitas hotel nyaman banget",Diulas 28 minggu lalu,"https://ik.imagekit.io/tvlk/ugc-review/guys1L+Yyer9kzI3sp-pb0CG1j2bhflZGFUZOoIf1YOBAm37kEUOKR41ieUZm7ZJ/ugc-photo-ap-southeast-1-581603780057-acd24e232f75f09e/REVIEW/REVIEW_1761184229882_9cce5bbe362ee7f2?_src=imagekit&tr=c-at_max,h-100,q-40,w-100","https://ik.imagekit.io/tvlk/ugc-review/guys1L+Yyer9kzI3sp-pb0CG1j2bhflZGFUZOoIf1YOBAm37kEUOKR41ieUZm7ZJ/ugc-photo-ap-southeast-1-581603780057-acd24e232f75f09e/REVIEW/REVIEW_1761184247493_faaee9c2f2bb4c1a?_src=imagekit&tr=c-at_max,h-100,q-40,w-100",,,,,,,,,,,,,,,,,,
https://www.traveloka.com/id-id/user/review/consumption/HOTEL/GENERAL/3000010015281,1,35,"staff ramah saat check in,untuk area kolam renang bersih",Diulas 30 minggu lalu,"https://ik.imagekit.io/tvlk/ugc-review/guys1L+Yyer9kzI3sp-pb0CG1j2bhflZGFUZOoIf1YOBAm37kEUOKR41ieUZm7ZJ/ugc-photo-ap-southeast-1-581603780057-acd24e232f75f09e/REVIEW/REVIEW_1760447770708_7714a365b0755496?_src=imagekit&tr=c-at_max,h-100,q-40,w-100",,,,,,,,,,,,,,,,,,,
https://www.traveloka.com/id-id/user/review/consumption/HOTEL/GENERAL/3000010015281,1,36,"Sangat menyenangkan dan bikin nyaman, semuanya cocok banget hotel dan kamarnya buat keluarga.",Diulas 32 minggu lalu,"https://ik.imagekit.io/tvlk/ugc-review/guys1L+Yyer9kzI3sp-pb0CG1j2bhflZGFUZOoIf1YOBAm37kEUOKR41ieUZm7ZJ/ugc-photo-ap-southeast-1-581603780057-acd24e232f75f09e/REVIEW/REVIEW_1759159142315_d4832aec61f6c571?_src=imagekit&tr=c-at_max,h-100,q-40,w-100","https://ik.imagekit.io/tvlk/ugc-review/guys1L+Yyer9kzI3sp-pb0CG1j2bhflZGFUZOoIf1YOBAm37kEUOKR41ieUZm7ZJ/ugc-photo-ap-southeast-1-581603780057-acd24e232f75f09e/REVIEW/REVIEW_1759159142315_e397cedd85d16aee?_src=imagekit&tr=c-at_max,h-100,q-40,w-100","https://ik.imagekit.io/tvlk/ugc-review/guys1L+Yyer9kzI3sp-pb0CG1j2bhflZGFUZOoIf1YOBAm37kEUOKR41ieUZm7ZJ/ugc-photo-ap-southeast-1-581603780057-acd24e232f75f09e/REVIEW/REVIEW_1759159142315_a9b849cdf0faa559?_src=imagekit&tr=c-at_max,h-100,q-40,w-100","https://ik.imagekit.io/tvlk/ugc-review/guys1L+Yyer9kzI3sp-pb0CG1j2bhflZGFUZOoIf1YOBAm37kEUOKR41ieUZm7ZJ/ugc-photo-ap-southeast-1-581603780057-acd24e232f75f09e/REVIEW/REVIEW_1759159142315_c8e5aa269e4983cc?_src=imagekit&tr=c-at_max,h-100,q-40,w-100",,,,,,,,,,,,,,,,
https://www.traveloka.com/id-id/user/review/consumption/HOTEL/GENERAL/3000010015281,1,37,"Kamar luas dan lokasi strategis, hanya sarapan saja yg mungkin terasa biasa saja, sisanya mantap",Diulas 32 minggu lalu,"https://ik.imagekit.io/tvlk/ugc-review/guys1L+Yyer9kzI3sp-pb0CG1j2bhflZGFUZOoIf1YOBAm37kEUOKR41ieUZm7ZJ/ugc-photo-ap-southeast-1-581603780057-acd24e232f75f09e/REVIEW/REVIEW_1759041730153_46dded852c72c250?_src=imagekit&tr=c-at_max,h-100,q-40,w-100","https://ik.imagekit.io/tvlk/ugc-review/guys1L+Yyer9kzI3sp-pb0CG1j2bhflZGFUZOoIf1YOBAm37kEUOKR41ieUZm7ZJ/ugc-photo-ap-southeast-1-581603780057-acd24e232f75f09e/REVIEW/REVIEW_1759041730153_2f0cdbb9dd9d9d34?_src=imagekit&tr=c-at_max,h-100,q-40,w-100",,,,,,,,,,,,,,,,,,
https://www.traveloka.com/id-id/user/review/consumption/HOTEL/GENERAL/3000010015281,1,38,"Puas banget menginap di Laut Biru, saya ambil tipe new family, kamar luas, AC dingin, kamar mandi bersih, air hangat lancar, kulkas berfungsi dengan baik, staff ramah semua. Kalau ke Pangandaran lagi, pengen menginap lagi di sini 🤗",Diulas 34 minggu lalu,"https://ik.imagekit.io/tvlk/ugc-review/guys1L+Yyer9kzI3sp-pb0CG1j2bhflZGFUZOoIf1YOBAm37kEUOKR41ieUZm7ZJ/ugc-photo-ap-southeast-1-581603780057-acd24e232f75f09e/REVIEW/REVIEW_1757463325497_3200c681e2783b91?_src=imagekit&tr=c-at_max,h-100,q-40,w-100",,,,,,,,,,,,,,,,,,,
https://www.traveloka.com/id-id/user/review/consumption/HOTEL/GENERAL/3000010015281,1,39,Lokasi dekat pantai timur dan barat... Strategis,Diulas 35 minggu lalu,"https://ik.imagekit.io/tvlk/ugc-review/guys1L+Yyer9kzI3sp-pb0CG1j2bhflZGFUZOoIf1YOBAm37kEUOKR41ieUZm7ZJ/ugc-photo-ap-southeast-1-581603780057-acd24e232f75f09e/REVIEW/REVIEW_1757389147283_75f8f2717a171a0b?_src=imagekit&tr=c-at_max,h-100,q-40,w-100",,,,,,,,,,,,,,,,,,,
https://www.traveloka.com/id-id/user/review/consumption/HOTEL/GENERAL/3000010015281,1,40,"Semuanya mantap, ke pantai barat tinggal nyebrang.",Diulas 35 minggu lalu,"https://ik.imagekit.io/tvlk/ugc-review/guys1L+Yyer9kzI3sp-pb0CG1j2bhflZGFUZOoIf1YOBAm37kEUOKR41ieUZm7ZJ/ugc-photo-ap-southeast-1-581603780057-acd24e232f75f09e/REVIEW/REVIEW_1757310420676_de41e3a7e9105599?_src=imagekit&tr=c-at_max,h-100,q-40,w-100",,,,,,,,,,,,,,,,,,,
https://www.traveloka.com/id-id/user/review/consumption/HOTEL/GENERAL/3000010015281,2,1,"pemandangan dlm kmr C501 cukup bagus, pantai timur dan sunrise bisa lihat langsung dari jendela kamar.
untuk yg membawa org tua/lansia baiknya request untuk menginap di gedung A (dekat loby hotel) karena saya kebagian gedung C lokasi cukup jauh untuk jalan kaki (lansia), fasilitas hair dryer harus minta dulu tapi free, cukup menyenangkan tinggal di hotel ini",Diulas 35 minggu lalu,"https://ik.imagekit.io/tvlk/ugc-review/guys1L+Yyer9kzI3sp-pb0CG1j2bhflZGFUZOoIf1YOBAm37kEUOKR41ieUZm7ZJ/ugc-photo-ap-southeast-1-581603780057-acd24e232f75f09e/REVIEW/REVIEW_1757295179975_6f829915d4b4fc78?_src=imagekit&tr=c-at_max,h-100,q-40,w-100","https://ik.imagekit.io/tvlk/ugc-review/guys1L+Yyer9kzI3sp-pb0CG1j2bhflZGFUZOoIf1YOBAm37kEUOKR41ieUZm7ZJ/ugc-photo-ap-southeast-1-581603780057-acd24e232f75f09e/REVIEW/REVIEW_1757295179976_263f36e731455a67?_src=imagekit&tr=c-at_max,h-100,q-40,w-100","https://ik.imagekit.io/tvlk/ugc-review/guys1L+Yyer9kzI3sp-pb0CG1j2bhflZGFUZOoIf1YOBAm37kEUOKR41ieUZm7ZJ/ugc-photo-ap-southeast-1-581603780057-acd24e232f75f09e/REVIEW/REVIEW_1757295179976_95b6069128463188?_src=imagekit&tr=c-at_max,h-100,q-40,w-100","https://ik.imagekit.io/tvlk/ugc-review/guys1L+Yyer9kzI3sp-pb0CG1j2bhflZGFUZOoIf1YOBAm37kEUOKR41ieUZm7ZJ/ugc-photo-ap-southeast-1-581603780057-acd24e232f75f09e/REVIEW/REVIEW_1757295179976_2495b9cef9549149?_src=imagekit&tr=c-at_max,h-100,q-40,w-100",,,,,,,,,,,,,,,,
https://www.traveloka.com/id-id/user/review/consumption/HOTEL/GENERAL/3000010015281,2,2,"View hotel-nya cantik sekali, dekat sekali dengan pantai.",Diulas 36 minggu lalu,"https://ik.imagekit.io/tvlk/ugc-review/guys1L+Yyer9kzI3sp-pb0CG1j2bhflZGFUZOoIf1YOBAm37kEUOKR41ieUZm7ZJ/ugc-photo-ap-southeast-1-581603780057-acd24e232f75f09e/REVIEW/REVIEW_1756691319830_87b1a9bd18210cd8?_src=imagekit&tr=c-at_max,h-100,q-40,w-100",,,,,,,,,,,,,,,,,,,
https://www.traveloka.com/id-id/user/review/consumption/HOTEL/GENERAL/3000010015281,2,3,"staf hotel ramah, hotel sangat bersih, nyaman sekali semuanya",Diulas 37 minggu lalu,"https://ik.imagekit.io/tvlk/ugc-review/guys1L+Yyer9kzI3sp-pb0CG1j2bhflZGFUZOoIf1YOBAm37kEUOKR41ieUZm7ZJ/ugc-photo-ap-southeast-1-581603780057-acd24e232f75f09e/REVIEW/REVIEW_1756084050163_eae95594e72b87e5?_src=imagekit&tr=c-at_max,h-100,q-40,w-100","https://ik.imagekit.io/tvlk/ugc-review/guys1L+Yyer9kzI3sp-pb0CG1j2bhflZGFUZOoIf1YOBAm37kEUOKR41ieUZm7ZJ/ugc-photo-ap-southeast-1-581603780057-acd24e232f75f09e/REVIEW/REVIEW_1756084050163_20630cea26db240d?_src=imagekit&tr=c-at_max,h-100,q-40,w-100","https://ik.imagekit.io/tvlk/ugc-review/guys1L+Yyer9kzI3sp-pb0CG1j2bhflZGFUZOoIf1YOBAm37kEUOKR41ieUZm7ZJ/ugc-photo-ap-southeast-1-581603780057-acd24e232f75f09e/REVIEW/REVIEW_1756084050163_ea09bfc14b6d8414?_src=imagekit&tr=c-at_max,h-100,q-40,w-100",,,,,,,,,,,,,,,,,
https://www.traveloka.com/id-id/user/review/consumption/HOTEL/GENERAL/3000010015281,2,4,Okee banget untuk menginap di area pantai,Diulas 37 minggu lalu,"https://ik.imagekit.io/tvlk/ugc-review/guys1L+Yyer9kzI3sp-pb0CG1j2bhflZGFUZOoIf1YOBAm37kEUOKR41ieUZm7ZJ/ugc-photo-ap-southeast-1-581603780057-acd24e232f75f09e/REVIEW/REVIEW_1756002504801_3e4033578869a55e?_src=imagekit&tr=c-at_max,h-100,q-40,w-100",,,,,,,,,,,,,,,,,,,
https://www.traveloka.com/id-id/user/review/consumption/HOTEL/GENERAL/3000010015281,2,5,Deluxe balcony... Parkir luas... Family friendly... Recommended banget deh... Thanks,Diulas 38 minggu lalu,"https://ik.imagekit.io/tvlk/ugc-review/guys1L+Yyer9kzI3sp-pb0CG1j2bhflZGFUZOoIf1YOBAm37kEUOKR41ieUZm7ZJ/ugc-photo-ap-southeast-1-581603780057-acd24e232f75f09e/REVIEW/REVIEW_1755521431075_bbc538c5d4304b7f?_src=imagekit&tr=c-at_max,h-100,q-40,w-100","https://ik.imagekit.io/tvlk/ugc-review/guys1L+Yyer9kzI3sp-pb0CG1j2bhflZGFUZOoIf1YOBAm37kEUOKR41ieUZm7ZJ/ugc-photo-ap-southeast-1-581603780057-acd24e232f75f09e/REVIEW/REVIEW_1755521431075_55a898a760464b7a?_src=imagekit&tr=c-at_max,h-100,q-40,w-100","https://ik.imagekit.io/tvlk/ugc-review/guys1L+Yyer9kzI3sp-pb0CG1j2bhflZGFUZOoIf1YOBAm37kEUOKR41ieUZm7ZJ/ugc-photo-ap-southeast-1-581603780057-acd24e232f75f09e/REVIEW/REVIEW_1755521431076_0fb2e8f5cb95aac9?_src=imagekit&tr=c-at_max,h-100,q-40,w-100","https://ik.imagekit.io/tvlk/ugc-review/guys1L+Yyer9kzI3sp-pb0CG1j2bhflZGFUZOoIf1YOBAm37kEUOKR41ieUZm7ZJ/ugc-photo-ap-southeast-1-581603780057-acd24e232f75f09e/REVIEW/REVIEW_1755521431076_884179663526c11f?_src=imagekit&tr=c-at_max,h-100,q-40,w-100","https://ik.imagekit.io/tvlk/ugc-review/guys1L+Yyer9kzI3sp-pb0CG1j2bhflZGFUZOoIf1YOBAm37kEUOKR41ieUZm7ZJ/ugc-photo-ap-southeast-1-581603780057-acd24e232f75f09e/REVIEW/REVIEW_1755521431076_d0ec73c7e0ffa3e2?_src=imagekit&tr=c-at_max,h-100,q-40,w-100",,,,,,,,,,,,,,,
https://www.traveloka.com/id-id/user/review/consumption/HOTEL/GENERAL/3000010015281,2,6,"staf hotel ramah2. plyanan oke. ac kamar panas bgt, sma jet shower gda airnya..di kamar famaly room. blang k staff dteng 3 org buat prbaikan.",Diulas 38 minggu lalu,"https://ik.imagekit.io/tvlk/ugc-review/guys1L+Yyer9kzI3sp-pb0CG1j2bhflZGFUZOoIf1YOBAm37kEUOKR41ieUZm7ZJ/ugc-photo-ap-southeast-1-581603780057-acd24e232f75f09e/REVIEW/REVIEW_1755394629478_4094b46aaadb2146?_src=imagekit&tr=c-at_max,h-100,q-40,w-100",,,,,,,,,,,,,,,,,,,
https://www.traveloka.com/id-id/user/review/consumption/HOTEL/GENERAL/3000010015281,2,7,"Hotel paling strategis, mau ke pantai dekat, mau belanja dekat, hotel favorit anak-anak kalau ke Pangandaran.",Diulas 39 minggu lalu,"https://ik.imagekit.io/tvlk/ugc-review/guys1L+Yyer9kzI3sp-pb0CG1j2bhflZGFUZOoIf1YOBAm37kEUOKR41ieUZm7ZJ/ugc-photo-ap-southeast-1-581603780057-acd24e232f75f09e/REVIEW/REVIEW_1754981420032_4ad35c38905924b2?_src=imagekit&tr=c-at_max,h-100,q-40,w-100",,,,,,,,,,,,,,,,,,,
https://www.traveloka.com/id-id/user/review/consumption/HOTEL/GENERAL/3000010015281,2,8,staf hotel ramah. tempatnya dekat ke pantai dan ke area tempat belanja oleh2.. nyaman selama menginap di hotel ini.. cuma akses ke kolam harus muter jalannya hihihi,Diulas 39 minggu lalu,"https://ik.imagekit.io/tvlk/ugc-review/guys1L+Yyer9kzI3sp-pb0CG1j2bhflZGFUZOoIf1YOBAm37kEUOKR41ieUZm7ZJ/ugc-photo-ap-southeast-1-581603780057-acd24e232f75f09e/REVIEW/REVIEW_1754879218769_b58ed1dbb94fe7e4?_src=imagekit&tr=c-at_max,h-100,q-40,w-100","https://ik.imagekit.io/tvlk/ugc-review/guys1L+Yyer9kzI3sp-pb0CG1j2bhflZGFUZOoIf1YOBAm37kEUOKR41ieUZm7ZJ/ugc-photo-ap-southeast-1-581603780057-acd24e232f75f09e/REVIEW/REVIEW_1754879218769_4a8c11e3298ad783?_src=imagekit&tr=c-at_max,h-100,q-40,w-100","https://ik.imagekit.io/tvlk/ugc-review/guys1L+Yyer9kzI3sp-pb0CG1j2bhflZGFUZOoIf1YOBAm37kEUOKR41ieUZm7ZJ/ugc-photo-ap-southeast-1-581603780057-acd24e232f75f09e/REVIEW/REVIEW_1754879218770_c44c83748dd52ac6?_src=imagekit&tr=c-at_max,h-100,q-40,w-100","https://ik.imagekit.io/tvlk/ugc-review/guys1L+Yyer9kzI3sp-pb0CG1j2bhflZGFUZOoIf1YOBAm37kEUOKR41ieUZm7ZJ/ugc-photo-ap-southeast-1-581603780057-acd24e232f75f09e/REVIEW/REVIEW_1754879476914_075a21ce1a138be4?_src=imagekit&tr=c-at_max,h-100,q-40,w-100",,,,,,,,,,,,,,,,
https://www.traveloka.com/id-id/user/review/consumption/HOTEL/GENERAL/3000010015281,2,9,"Ke Pangandaran selalu menginap di sini, anak-anak pada senang",Diulas 43 minggu lalu,"https://ik.imagekit.io/tvlk/ugc-review/guys1L+Yyer9kzI3sp-pb0CG1j2bhflZGFUZOoIf1YOBAm37kEUOKR41ieUZm7ZJ/ugc-photo-ap-southeast-1-581603780057-acd24e232f75f09e/REVIEW/REVIEW_1752039320415_bfb3bdec6a987a73?_src=imagekit&tr=c-at_max,h-100,q-40,w-100",,,,,,,,,,,,,,,,,,,
https://www.traveloka.com/id-id/user/review/consumption/HOTEL/GENERAL/3000010015281,2,10,"Bersih, cukup nyaman dan akses yang dekat dengan pantai barat.",Diulas 44 minggu lalu,"https://ik.imagekit.io/tvlk/ugc-review/guys1L+Yyer9kzI3sp-pb0CG1j2bhflZGFUZOoIf1YOBAm37kEUOKR41ieUZm7ZJ/ugc-photo-ap-southeast-1-581603780057-acd24e232f75f09e/REVIEW/368009022_REVIEW_1751546348289_cd1d007480a45547?_src=imagekit&tr=c-at_max,h-100,q-40,w-100",,,,,,,,,,,,,,,,,,,
https://www.traveloka.com/id-id/user/review/consumption/HOTEL/GENERAL/3000010015281,2,11,"Parkiran luas, ada petugas yang ramah dan sigap membantu.
Lokasi enak banget, pantai ada di depan hotel, mau belanja oleh-oleh tinggal jalan ke belakang hotel.
Makanan oke, kebersihan oke, fasilitas oke.",Diulas 45 minggu lalu,"https://ik.imagekit.io/tvlk/ugc-review/guys1L+Yyer9kzI3sp-pb0CG1j2bhflZGFUZOoIf1YOBAm37kEUOKR41ieUZm7ZJ/ugc-photo-ap-southeast-1-581603780057-acd24e232f75f09e/REVIEW/350293562_REVIEW_1751377788295_e37b30762a457241?_src=imagekit&tr=c-at_max,h-100,q-40,w-100",,,,,,,,,,,,,,,,,,,
https://www.traveloka.com/id-id/user/review/consumption/HOTEL/GENERAL/3000010015281,2,12,"menyenangan sekali bisa menginap disini, fasilitas.a juga bgus, tmpt.a strategis bgt k pntai barat dn timur ckp jln kaki karna sngat dekat. 
stap.a ramah dan baik, kmar.a bersih rapih dan nyaman bgt. 
karna sya bwa ank pasilitas untuk anak jg bgus ad kolam yg bisa d gunkan oleh anak, selain itu juga ada permainan yg bisa d mainkan oleh anak. 
sarpan.a enk, bnyak macam.a selain itu tpmt.a juga bersih tdk tkut untuk k habisan mknan.",Diulas 46 minggu lalu,"https://ik.imagekit.io/tvlk/ugc-review/guys1L+Yyer9kzI3sp-pb0CG1j2bhflZGFUZOoIf1YOBAm37kEUOKR41ieUZm7ZJ/ugc-photo-ap-southeast-1-581603780057-acd24e232f75f09e/REVIEW/163767146_REVIEW_1750791496020_b6d155a4d31d68c8?_src=imagekit&tr=c-at_max,h-100,q-40,w-100","https://ik.imagekit.io/tvlk/ugc-review/guys1L+Yyer9kzI3sp-pb0CG1j2bhflZGFUZOoIf1YOBAm37kEUOKR41ieUZm7ZJ/ugc-photo-ap-southeast-1-581603780057-acd24e232f75f09e/REVIEW/163767146_REVIEW_1750791496020_0e365c6b857d7cea?_src=imagekit&tr=c-at_max,h-100,q-40,w-100","https://ik.imagekit.io/tvlk/ugc-review/guys1L+Yyer9kzI3sp-pb0CG1j2bhflZGFUZOoIf1YOBAm37kEUOKR41ieUZm7ZJ/ugc-photo-ap-southeast-1-581603780057-acd24e232f75f09e/REVIEW/163767146_REVIEW_1750791496020_5557eb40db799bf5?_src=imagekit&tr=c-at_max,h-100,q-40,w-100","https://ik.imagekit.io/tvlk/ugc-review/guys1L+Yyer9kzI3sp-pb0CG1j2bhflZGFUZOoIf1YOBAm37kEUOKR41ieUZm7ZJ/ugc-photo-ap-southeast-1-581603780057-acd24e232f75f09e/REVIEW/163767146_REVIEW_1750791496020_d4b82aef6e71fee0?_src=imagekit&tr=c-at_max,h-100,q-40,w-100","https://ik.imagekit.io/tvlk/ugc-review/guys1L+Yyer9kzI3sp-pb0CG1j2bhflZGFUZOoIf1YOBAm37kEUOKR41ieUZm7ZJ/ugc-photo-ap-southeast-1-581603780057-acd24e232f75f09e/REVIEW/163767146_REVIEW_1750791496021_b08783a6b7492fd9?_src=imagekit&tr=c-at_max,h-100,q-40,w-100","https://ik.imagekit.io/tvlk/ugc-review/guys1L+Yyer9kzI3sp-pb0CG1j2bhflZGFUZOoIf1YOBAm37kEUOKR41ieUZm7ZJ/ugc-photo-ap-southeast-1-581603780057-acd24e232f75f09e/REVIEW/163767146_REVIEW_1750791496019_a2314b4d069d6b08?_src=imagekit&tr=c-at_max,h-100,q-40,w-100",,,,,,,,,,,,,,
https://www.traveloka.com/id-id/user/review/consumption/HOTEL/GENERAL/3000010015281,2,13,Kamar nya bersih dan nyaman dan kolam renang nya bersih,Diulas 48 minggu lalu,"https://ik.imagekit.io/tvlk/ugc-review/guys1L+Yyer9kzI3sp-pb0CG1j2bhflZGFUZOoIf1YOBAm37kEUOKR41ieUZm7ZJ/ugc-photo-ap-southeast-1-581603780057-acd24e232f75f09e/REVIEW/107178751_REVIEW_1749289771932_4e22fde75c9ef019?_src=imagekit&tr=c-at_max,h-100,q-40,w-100",,,,,,,,,,,,,,,,,,,
https://www.traveloka.com/id-id/user/review/consumption/HOTEL/GENERAL/3000010015281,2,14,"hotelnya cukup nyaman, fasilitas jg lengkap, staff cukup ramah, mungkin kualitas makanannya sj yg perlu ditingkatkan lagi..
tapi overall semua aspek sudah jauh lebih baik dibanding pertama kali menginap disini 2 tahun lalu.. good job 👍🏽",Diulas 48 minggu lalu,"https://ik.imagekit.io/tvlk/ugc-review/guys1L+Yyer9kzI3sp-pb0CG1j2bhflZGFUZOoIf1YOBAm37kEUOKR41ieUZm7ZJ/ugc-photo-ap-southeast-1-581603780057-acd24e232f75f09e/REVIEW/4310309_REVIEW_1749285382349_bb7e746bc06b6010?_src=imagekit&tr=c-at_max,h-100,q-40,w-100","https://ik.imagekit.io/tvlk/ugc-review/guys1L+Yyer9kzI3sp-pb0CG1j2bhflZGFUZOoIf1YOBAm37kEUOKR41ieUZm7ZJ/ugc-photo-ap-southeast-1-581603780057-acd24e232f75f09e/REVIEW/4310309_REVIEW_1749285382349_5aa1627664c7aa3b?_src=imagekit&tr=c-at_max,h-100,q-40,w-100",,,,,,,,,,,,,,,,,,
https://www.traveloka.com/id-id/user/review/consumption/HOTEL/GENERAL/3000010015281,2,15,"staff hotel yg saya temui sangat ramah semua apalagi pas chekin sangat membantu sekali...dan yg paling senang adalah waktu check in yg lebih cepat dari 1 jam dari yang seharusnya..harusnya jam 14.00, jam 13.00 sudah di telpon dan sudah bisa masuk kamarnya.. masyaalloh banget jadi kami bisa cepat beristirahat setelah perjalanan jauh",Diulas 49 minggu lalu,"https://ik.imagekit.io/tvlk/ugc-review/guys1L+Yyer9kzI3sp-pb0CG1j2bhflZGFUZOoIf1YOBAm37kEUOKR41ieUZm7ZJ/ugc-photo-ap-southeast-1-581603780057-acd24e232f75f09e/REVIEW/366350578_REVIEW_1748839303303_891fd63e984d0472?_src=imagekit&tr=c-at_max,h-100,q-40,w-100","https://ik.imagekit.io/tvlk/ugc-review/guys1L+Yyer9kzI3sp-pb0CG1j2bhflZGFUZOoIf1YOBAm37kEUOKR41ieUZm7ZJ/ugc-photo-ap-southeast-1-581603780057-acd24e232f75f09e/REVIEW/366350578_REVIEW_1748839317352_1e25f38877059438?_src=imagekit&tr=c-at_max,h-100,q-40,w-100","https://ik.imagekit.io/tvlk/ugc-review/guys1L+Yyer9kzI3sp-pb0CG1j2bhflZGFUZOoIf1YOBAm37kEUOKR41ieUZm7ZJ/ugc-photo-ap-southeast-1-581603780057-acd24e232f75f09e/REVIEW/366350578_REVIEW_1748839317353_4d3733cf421bca08?_src=imagekit&tr=c-at_max,h-100,q-40,w-100",,,,,,,,,,,,,,,,,
https://www.traveloka.com/id-id/user/review/consumption/HOTEL/GENERAL/3000010015281,2,16,"fasilitas lengkap, kamar bersih, pemandangan kamar mantap",Diulas 49 minggu lalu,"https://ik.imagekit.io/tvlk/ugc-review/guys1L+Yyer9kzI3sp-pb0CG1j2bhflZGFUZOoIf1YOBAm37kEUOKR41ieUZm7ZJ/ugc-photo-ap-southeast-1-581603780057-acd24e232f75f09e/REVIEW/168222174_REVIEW_1748772030760_920d8c3f192dd7d6?_src=imagekit&tr=c-at_max,h-100,q-40,w-100",,,,,,,,,,,,,,,,,,,
https://www.traveloka.com/id-id/user/review/consumption/HOTEL/GENERAL/3000010015281,2,17,"best room,best pool,best view, untuk yg lainnya B ajaa.. sekian",Diulas 49 minggu lalu,"https://ik.imagekit.io/tvlk/ugc-review/guys1L+Yyer9kzI3sp-pb0CG1j2bhflZGFUZOoIf1YOBAm37kEUOKR41ieUZm7ZJ/ugc-photo-ap-southeast-1-581603780057-acd24e232f75f09e/REVIEW/271073545_REVIEW_1748387484651_5af8e432284838d0?_src=imagekit&tr=c-at_max,h-100,q-40,w-100","https://ik.imagekit.io/tvlk/ugc-review/guys1L+Yyer9kzI3sp-pb0CG1j2bhflZGFUZOoIf1YOBAm37kEUOKR41ieUZm7ZJ/ugc-photo-ap-southeast-1-581603780057-acd24e232f75f09e/REVIEW/271073545_REVIEW_1748387484652_e7063d4c36994f98?_src=imagekit&tr=c-at_max,h-100,q-40,w-100",,,,,,,,,,,,,,,,,,
https://www.traveloka.com/id-id/user/review/consumption/HOTEL/GENERAL/3000010015281,2,18,"hotel dengan view yang menakjubkan, deoan bekakang pemandangannya indah, sayang blm ada fasilitas restauran yg bisa diorder selain jam sarapan",Diulas 50 minggu lalu,"https://ik.imagekit.io/tvlk/ugc-review/guys1L+Yyer9kzI3sp-pb0CG1j2bhflZGFUZOoIf1YOBAm37kEUOKR41ieUZm7ZJ/ugc-photo-ap-southeast-1-581603780057-acd24e232f75f09e/REVIEW/209347063_REVIEW_1747792118402_eef313dcaa920357?_src=imagekit&tr=c-at_max,h-100,q-40,w-100","https://ik.imagekit.io/tvlk/ugc-review/guys1L+Yyer9kzI3sp-pb0CG1j2bhflZGFUZOoIf1YOBAm37kEUOKR41ieUZm7ZJ/ugc-photo-ap-southeast-1-581603780057-acd24e232f75f09e/REVIEW/209347063_REVIEW_1747792118402_8e92fe928154cfad?_src=imagekit&tr=c-at_max,h-100,q-40,w-100","https://ik.imagekit.io/tvlk/ugc-review/guys1L+Yyer9kzI3sp-pb0CG1j2bhflZGFUZOoIf1YOBAm37kEUOKR41ieUZm7ZJ/ugc-photo-ap-southeast-1-581603780057-acd24e232f75f09e/REVIEW/209347063_REVIEW_1747792118403_3f37c5264df8c180?_src=imagekit&tr=c-at_max,h-100,q-40,w-100","https://ik.imagekit.io/tvlk/ugc-review/guys1L+Yyer9kzI3sp-pb0CG1j2bhflZGFUZOoIf1YOBAm37kEUOKR41ieUZm7ZJ/ugc-photo-ap-southeast-1-581603780057-acd24e232f75f09e/REVIEW/209347063_REVIEW_1747792118403_fed5b6ef7a75af9d?_src=imagekit&tr=c-at_max,h-100,q-40,w-100","https://ik.imagekit.io/tvlk/ugc-review/guys1L+Yyer9kzI3sp-pb0CG1j2bhflZGFUZOoIf1YOBAm37kEUOKR41ieUZm7ZJ/ugc-photo-ap-southeast-1-581603780057-acd24e232f75f09e/REVIEW/209347063_REVIEW_1747792118403_99e30a08050687eb?_src=imagekit&tr=c-at_max,h-100,q-40,w-100","https://ik.imagekit.io/tvlk/ugc-review/guys1L+Yyer9kzI3sp-pb0CG1j2bhflZGFUZOoIf1YOBAm37kEUOKR41ieUZm7ZJ/ugc-photo-ap-southeast-1-581603780057-acd24e232f75f09e/REVIEW/209347063_REVIEW_1747792118404_b882a2d9229ec760?_src=imagekit&tr=c-at_max,h-100,q-40,w-100",,,,,,,,,,,,,,
https://www.traveloka.com/id-id/user/review/consumption/HOTEL/GENERAL/3000010015281,2,19,ini pengalaman ke2 menginap di laut biru tapi masih aja di kolam renang itu tidak di sediakan handuk bilas,Diulas 51 minggu lalu,"https://ik.imagekit.io/tvlk/ugc-review/guys1L+Yyer9kzI3sp-pb0CG1j2bhflZGFUZOoIf1YOBAm37kEUOKR41ieUZm7ZJ/ugc-photo-ap-southeast-1-581603780057-acd24e232f75f09e/REVIEW/37762531_REVIEW_1747367971728_2732c4764a1c8618?_src=imagekit&tr=c-at_max,h-100,q-40,w-100",,,,,,,,,,,,,,,,,,,
https://www.traveloka.com/id-id/user/review/consumption/HOTEL/GENERAL/3000010015281,2,20,"Jarak ke pantai deket banget, ada tempat khusus bilas. Makanan ok, cuma memang kurang bervariasi, pengennya ada pilihan western/nasional dll. Kamar luas yang new family room dan dilengkapi balkon, catatan AC-nya tolong diservis atau dicek karena sepertinya sudah di suhu paling dingin tapi masih belum maksimal. Dan kemarin kita check in agak lama, padahal tamu lain sudah bisa check in jadi saran perbaikan ke depannya agar diperhatikan lagi masalah check in-nya. Overall ngga kapok sih kalau harus ke Pangandaran, saya pilih Laut Biru lagi",Diulas 51 minggu lalu,"https://ik.imagekit.io/tvlk/ugc-review/guys1L+Yyer9kzI3sp-pb0CG1j2bhflZGFUZOoIf1YOBAm37kEUOKR41ieUZm7ZJ/ugc-photo-ap-southeast-1-581603780057-acd24e232f75f09e/REVIEW/23769600_REVIEW_1747190566249_6beb753ea905bf9a?_src=imagekit&tr=c-at_max,h-100,q-40,w-100","https://ik.imagekit.io/tvlk/ugc-review/guys1L+Yyer9kzI3sp-pb0CG1j2bhflZGFUZOoIf1YOBAm37kEUOKR41ieUZm7ZJ/ugc-photo-ap-southeast-1-581603780057-acd24e232f75f09e/REVIEW/23769600_REVIEW_1747190575904_469de4b433f31808?_src=imagekit&tr=c-at_max,h-100,q-40,w-100",,,,,,,,,,,,,,,,,,
https://www.traveloka.com/id-id/user/review/consumption/HOTEL/GENERAL/3000010015281,2,21,"Sangat keren, saya foto sama istri saya di lantai atas, view-nya ga ada obat.😆",Diulas 52 minggu lalu,"https://ik.imagekit.io/tvlk/ugc-review/guys1L+Yyer9kzI3sp-pb0CG1j2bhflZGFUZOoIf1YOBAm37kEUOKR41ieUZm7ZJ/ugc-photo-ap-southeast-1-581603780057-acd24e232f75f09e/REVIEW/334694040_REVIEW_1747025218179_e73609695b3b8783?_src=imagekit&tr=c-at_max,h-100,q-40,w-100",,,,,,,,,,,,,,,,,,,
https://www.traveloka.com/id-id/user/review/consumption/HOTEL/GENERAL/3000010015281,2,22,"Saya ambil family room, cukup luas kasur besar 2 buah, cuma enggak ambil foto pas di family room, kemudian pindah ke mezzanine room yang lebih besar, kalau ke Pangandaran pasti stay di sini, paling enak sih!",Diulas 52 minggu lalu,"https://ik.imagekit.io/tvlk/ugc-review/guys1L+Yyer9kzI3sp-pb0CG1j2bhflZGFUZOoIf1YOBAm37kEUOKR41ieUZm7ZJ/ugc-photo-ap-southeast-1-581603780057-acd24e232f75f09e/REVIEW/8717346_REVIEW_1746752788229_31d86e1ef634e13c?_src=imagekit&tr=c-at_max,h-100,q-40,w-100","https://ik.imagekit.io/tvlk/ugc-review/guys1L+Yyer9kzI3sp-pb0CG1j2bhflZGFUZOoIf1YOBAm37kEUOKR41ieUZm7ZJ/ugc-photo-ap-southeast-1-581603780057-acd24e232f75f09e/REVIEW/8717346_REVIEW_1746752788229_fc29b96bf021a9ec?_src=imagekit&tr=c-at_max,h-100,q-40,w-100",,,,,,,,,,,,,,,,,,
https://www.traveloka.com/id-id/user/review/consumption/HOTEL/GENERAL/3000010015281,2,23,"sangat berkesan, dpt kamar c704 view panatai timur",Diulas 53 minggu lalu,"https://ik.imagekit.io/tvlk/ugc-review/guys1L+Yyer9kzI3sp-pb0CG1j2bhflZGFUZOoIf1YOBAm37kEUOKR41ieUZm7ZJ/ugc-photo-ap-southeast-1-581603780057-acd24e232f75f09e/REVIEW/201514969_REVIEW_1746000090739_dc61d856b87f81c7?_src=imagekit&tr=c-at_max,h-100,q-40,w-100","https://ik.imagekit.io/tvlk/ugc-review/guys1L+Yyer9kzI3sp-pb0CG1j2bhflZGFUZOoIf1YOBAm37kEUOKR41ieUZm7ZJ/ugc-photo-ap-southeast-1-581603780057-acd24e232f75f09e/REVIEW/201514969_REVIEW_1746000090739_f7895b421a412e20?_src=imagekit&tr=c-at_max,h-100,q-40,w-100",,,,,,,,,,,,,,,,,,
https://www.traveloka.com/id-id/user/review/consumption/HOTEL/GENERAL/3000010015281,2,24,"Hotel bagus dan bersih, punya lokasi bagus. Ke pantai tinggal jalan ke depan hotel karena ada di seberang hotel. Dekat CFC juga ATM. Cleaning-nya fast respon, pas balik dari pantai sudah bersih kamarnya. Terima kasih. Dekat sama resto-resto seafood dan toko... Nice hotel ya.. Saya rekomendasikan kalau ke sini pesannya Laut Biru ya... Trims",Diulas 54 minggu lalu,"https://ik.imagekit.io/tvlk/ugc-review/guys1L+Yyer9kzI3sp-pb0CG1j2bhflZGFUZOoIf1YOBAm37kEUOKR41ieUZm7ZJ/ugc-photo-ap-southeast-1-581603780057-acd24e232f75f09e/REVIEW/51178356_REVIEW_1745814712110_235ea14e5cd1753c?_src=imagekit&tr=c-at_max,h-100,q-40,w-100","https://ik.imagekit.io/tvlk/ugc-review/guys1L+Yyer9kzI3sp-pb0CG1j2bhflZGFUZOoIf1YOBAm37kEUOKR41ieUZm7ZJ/ugc-photo-ap-southeast-1-581603780057-acd24e232f75f09e/REVIEW/51178356_REVIEW_1745814712110_80dec57220e01c13?_src=imagekit&tr=c-at_max,h-100,q-40,w-100","https://ik.imagekit.io/tvlk/ugc-review/guys1L+Yyer9kzI3sp-pb0CG1j2bhflZGFUZOoIf1YOBAm37kEUOKR41ieUZm7ZJ/ugc-photo-ap-southeast-1-581603780057-acd24e232f75f09e/REVIEW/51178356_REVIEW_1745814712111_9de5d450982ea650?_src=imagekit&tr=c-at_max,h-100,q-40,w-100","https://ik.imagekit.io/tvlk/ugc-review/guys1L+Yyer9kzI3sp-pb0CG1j2bhflZGFUZOoIf1YOBAm37kEUOKR41ieUZm7ZJ/ugc-photo-ap-southeast-1-581603780057-acd24e232f75f09e/REVIEW/51178356_REVIEW_1745814712111_4ccfa2a7a551fd9f?_src=imagekit&tr=c-at_max,h-100,q-40,w-100","https://ik.imagekit.io/tvlk/ugc-review/guys1L+Yyer9kzI3sp-pb0CG1j2bhflZGFUZOoIf1YOBAm37kEUOKR41ieUZm7ZJ/ugc-photo-ap-southeast-1-581603780057-acd24e232f75f09e/REVIEW/51178356_REVIEW_1745815156664_d66451bdb9e7e51d?_src=imagekit&tr=c-at_max,h-100,q-40,w-100","https://ik.imagekit.io/tvlk/ugc-review/guys1L+Yyer9kzI3sp-pb0CG1j2bhflZGFUZOoIf1YOBAm37kEUOKR41ieUZm7ZJ/ugc-photo-ap-southeast-1-581603780057-acd24e232f75f09e/REVIEW/51178356_REVIEW_1745815175519_809ea614199e6335?_src=imagekit&tr=c-at_max,h-100,q-40,w-100",,,,,,,,,,,,,,
https://www.traveloka.com/id-id/user/review/consumption/HOTEL/GENERAL/3000010015281,2,25,"Over all semua bagus, cuma untuk seprai dan selimut kayaknya enggak diganti deh, soalnya gatal-gatal dan agak bau.",Diulas 54 minggu lalu,"https://ik.imagekit.io/tvlk/ugc-review/guys1L+Yyer9kzI3sp-pb0CG1j2bhflZGFUZOoIf1YOBAm37kEUOKR41ieUZm7ZJ/ugc-photo-ap-southeast-1-581603780057-acd24e232f75f09e/REVIEW/350234672_REVIEW_1745550640313_007dba382c45f08b?_src=imagekit&tr=c-at_max,h-100,q-40,w-100","https://ik.imagekit.io/tvlk/ugc-review/guys1L+Yyer9kzI3sp-pb0CG1j2bhflZGFUZOoIf1YOBAm37kEUOKR41ieUZm7ZJ/ugc-photo-ap-southeast-1-581603780057-acd24e232f75f09e/REVIEW/350234672_REVIEW_1745550640314_c79191336bd64940?_src=imagekit&tr=c-at_max,h-100,q-40,w-100",,,,,,,,,,,,,,,,,,
https://www.traveloka.com/id-id/user/review/consumption/HOTEL/GENERAL/3000010015281,2,26,kamar nya nyaman luas...tolong tingkatkan menu breakpast,Diulas 55 minggu lalu,"https://ik.imagekit.io/tvlk/ugc-review/guys1L+Yyer9kzI3sp-pb0CG1j2bhflZGFUZOoIf1YOBAm37kEUOKR41ieUZm7ZJ/ugc-photo-ap-southeast-1-581603780057-acd24e232f75f09e/REVIEW/311907524_REVIEW_1745199626721_3857e7251af3f78f?_src=imagekit&tr=c-at_max,h-100,q-40,w-100",,,,,,,,,,,,,,,,,,,
https://www.traveloka.com/id-id/user/review/consumption/HOTEL/GENERAL/3000010015281,2,27,"mantap pokoknya cuma pas sebelum cek out agar kamar jangan di masuki petugas kebersihan, kaget soal nya beres sarapan pintu kamar kebuka di perbaiki lagi pelayanan kamar nya makasih",Diulas 55 minggu lalu,"https://ik.imagekit.io/tvlk/ugc-review/guys1L+Yyer9kzI3sp-pb0CG1j2bhflZGFUZOoIf1YOBAm37kEUOKR41ieUZm7ZJ/ugc-photo-ap-southeast-1-581603780057-acd24e232f75f09e/REVIEW/107222362_REVIEW_1745153437831_a4a261929ea08326?_src=imagekit&tr=c-at_max,h-100,q-40,w-100",,,,,,,,,,,,,,,,,,,
https://www.traveloka.com/id-id/user/review/consumption/HOTEL/GENERAL/3000010015281,2,28,"Hotelnya enak, nyaman. Kalau mau lihat sunset dan sunrise ga usah turun ke pantai, cukup naik ke roof top bisa langsung lihat dan foto-foto di sana. Aku dapat connecting room, jadinya enak buat keluarga, AC-nya kurang dingin. Dapat air galon juga. Parkir aman tentram. Sarapan lumayan, meski ga terlalu beragam. Staff hotel ramah-ramah. Agak kecewa di check in aja, nunggu sampai jam 2. Totally oke menurut aku, lain kali kalau ke Pangandaran aku bakal nginep di sini lagi ^_^",Diulas 55 minggu lalu,"https://ik.imagekit.io/tvlk/ugc-review/guys1L+Yyer9kzI3sp-pb0CG1j2bhflZGFUZOoIf1YOBAm37kEUOKR41ieUZm7ZJ/ugc-photo-ap-southeast-1-581603780057-acd24e232f75f09e/REVIEW/360684054_REVIEW_1745066732296_3d362df2e75367db?_src=imagekit&tr=c-at_max,h-100,q-40,w-100","https://ik.imagekit.io/tvlk/ugc-review/guys1L+Yyer9kzI3sp-pb0CG1j2bhflZGFUZOoIf1YOBAm37kEUOKR41ieUZm7ZJ/ugc-photo-ap-southeast-1-581603780057-acd24e232f75f09e/REVIEW/360684054_REVIEW_1745066732297_d072da865ffe126e?_src=imagekit&tr=c-at_max,h-100,q-40,w-100","https://ik.imagekit.io/tvlk/ugc-review/guys1L+Yyer9kzI3sp-pb0CG1j2bhflZGFUZOoIf1YOBAm37kEUOKR41ieUZm7ZJ/ugc-photo-ap-southeast-1-581603780057-acd24e232f75f09e/REVIEW/360684054_REVIEW_1745066732297_7e8ee8bd630c0f11?_src=imagekit&tr=c-at_max,h-100,q-40,w-100","https://ik.imagekit.io/tvlk/ugc-review/guys1L+Yyer9kzI3sp-pb0CG1j2bhflZGFUZOoIf1YOBAm37kEUOKR41ieUZm7ZJ/ugc-photo-ap-southeast-1-581603780057-acd24e232f75f09e/REVIEW/360684054_REVIEW_1745066732297_f6054de1fb8520b8?_src=imagekit&tr=c-at_max,h-100,q-40,w-100","https://ik.imagekit.io/tvlk/ugc-review/guys1L+Yyer9kzI3sp-pb0CG1j2bhflZGFUZOoIf1YOBAm37kEUOKR41ieUZm7ZJ/ugc-photo-ap-southeast-1-581603780057-acd24e232f75f09e/REVIEW/360684054_REVIEW_1745066732297_596e534f75a802d9?_src=imagekit&tr=c-at_max,h-100,q-40,w-100","https://ik.imagekit.io/tvlk/ugc-review/guys1L+Yyer9kzI3sp-pb0CG1j2bhflZGFUZOoIf1YOBAm37kEUOKR41ieUZm7ZJ/ugc-photo-ap-southeast-1-581603780057-acd24e232f75f09e/REVIEW/360684054_REVIEW_1745066732298_d796be5891a6e2fa?_src=imagekit&tr=c-at_max,h-100,q-40,w-100",,,,,,,,,,,,,,
https://www.traveloka.com/id-id/user/review/consumption/HOTEL/GENERAL/3000010015281,2,29,indah pas bangun pagi saat matahari terbit,Diulas 56 minggu lalu,"https://ik.imagekit.io/tvlk/ugc-review/guys1L+Yyer9kzI3sp-pb0CG1j2bhflZGFUZOoIf1YOBAm37kEUOKR41ieUZm7ZJ/ugc-photo-ap-southeast-1-581603780057-acd24e232f75f09e/REVIEW/250493266_REVIEW_1744407342443_2ecdef0361a853aa?_src=imagekit&tr=c-at_max,h-100,q-40,w-100",,,,,,,,,,,,,,,,,,,
https://www.traveloka.com/id-id/user/review/consumption/HOTEL/GENERAL/3000010015281,2,30,"staf hotel sangat ramah,suasana hotel rame bgt karna pas high season",Diulas 56 minggu lalu,"https://ik.imagekit.io/tvlk/ugc-review/guys1L+Yyer9kzI3sp-pb0CG1j2bhflZGFUZOoIf1YOBAm37kEUOKR41ieUZm7ZJ/ugc-photo-ap-southeast-1-581603780057-acd24e232f75f09e/REVIEW/276610387_REVIEW_1744296016837_47c28216df26ee49?_src=imagekit&tr=c-at_max,h-100,q-40,w-100",,,,,,,,,,,,,,,,,,,
https://www.traveloka.com/id-id/user/review/consumption/HOTEL/GENERAL/3000010015281,2,31,penjaga parkir sigap meskipun suasana setelah lebaran parkiran penuh bisa melayani dengan baik,Diulas 57 minggu lalu,"https://ik.imagekit.io/tvlk/ugc-review/guys1L+Yyer9kzI3sp-pb0CG1j2bhflZGFUZOoIf1YOBAm37kEUOKR41ieUZm7ZJ/ugc-photo-ap-southeast-1-581603780057-acd24e232f75f09e/REVIEW/93349331_REVIEW_1744011894421_40ba21f31c36e219?_src=imagekit&tr=c-at_max,h-100,q-40,w-100",,,,,,,,,,,,,,,,,,,
https://www.traveloka.com/id-id/user/review/consumption/HOTEL/GENERAL/3000010015281,2,32,semuanya baik bagus dan menyenangkan,Diulas 57 minggu lalu,"https://ik.imagekit.io/tvlk/ugc-review/guys1L+Yyer9kzI3sp-pb0CG1j2bhflZGFUZOoIf1YOBAm37kEUOKR41ieUZm7ZJ/ugc-photo-ap-southeast-1-581603780057-acd24e232f75f09e/REVIEW/126413270_REVIEW_1744007998558_358d2fc9fe904555?_src=imagekit&tr=c-at_max,h-80,q-40,w-80","https://ik.imagekit.io/tvlk/ugc-review/guys1L+Yyer9kzI3sp-pb0CG1j2bhflZGFUZOoIf1YOBAm37kEUOKR41ieUZm7ZJ/ugc-photo-ap-southeast-1-581603780057-acd24e232f75f09e/REVIEW/126413270_REVIEW_1744007998559_655ac169ad9ce574?_src=imagekit&tr=c-at_max,h-80,q-40,w-80","https://ik.imagekit.io/tvlk/ugc-review/guys1L+Yyer9kzI3sp-pb0CG1j2bhflZGFUZOoIf1YOBAm37kEUOKR41ieUZm7ZJ/ugc-photo-ap-southeast-1-581603780057-acd24e232f75f09e/REVIEW/126413270_REVIEW_1744007998559_46c58e0cc5ecdebf?_src=imagekit&tr=c-at_max,h-80,q-40,w-80","https://ik.imagekit.io/tvlk/ugc-review/guys1L+Yyer9kzI3sp-pb0CG1j2bhflZGFUZOoIf1YOBAm37kEUOKR41ieUZm7ZJ/ugc-photo-ap-southeast-1-581603780057-acd24e232f75f09e/REVIEW/126413270_REVIEW_1744007998559_6665a7d6903c429b?_src=imagekit&tr=c-at_max,h-80,q-40,w-80","https://ik.imagekit.io/tvlk/ugc-review/guys1L+Yyer9kzI3sp-pb0CG1j2bhflZGFUZOoIf1YOBAm37kEUOKR41ieUZm7ZJ/ugc-photo-ap-southeast-1-581603780057-acd24e232f75f09e/REVIEW/126413270_REVIEW_1744007998559_109b558493c9ae0f?_src=imagekit&tr=c-at_max,h-80,q-40,w-80","https://ik.imagekit.io/tvlk/ugc-review/guys1L+Yyer9kzI3sp-pb0CG1j2bhflZGFUZOoIf1YOBAm37kEUOKR41ieUZm7ZJ/ugc-photo-ap-southeast-1-581603780057-acd24e232f75f09e/REVIEW/126413270_REVIEW_1744007998560_651e42ade08701cf?_src=imagekit&tr=c-at_max,h-80,q-40,w-80","https://ik.imagekit.io/tvlk/ugc-review/guys1L+Yyer9kzI3sp-pb0CG1j2bhflZGFUZOoIf1YOBAm37kEUOKR41ieUZm7ZJ/ugc-photo-ap-southeast-1-581603780057-acd24e232f75f09e/REVIEW/126413270_REVIEW_1744007998560_e141673d44d0b3f2?_src=imagekit&tr=c-at_max,h-80,q-40,w-80","https://ik.imagekit.io/tvlk/ugc-review/guys1L+Yyer9kzI3sp-pb0CG1j2bhflZGFUZOoIf1YOBAm37kEUOKR41ieUZm7ZJ/ugc-photo-ap-southeast-1-581603780057-acd24e232f75f09e/REVIEW/126413270_REVIEW_1744007998560_0647f0af92b674ea?_src=imagekit&tr=c-at_max,h-80,q-40,w-80","https://ik.imagekit.io/tvlk/ugc-review/guys1L+Yyer9kzI3sp-pb0CG1j2bhflZGFUZOoIf1YOBAm37kEUOKR41ieUZm7ZJ/ugc-photo-ap-southeast-1-581603780057-acd24e232f75f09e/REVIEW/126413270_REVIEW_1744007998560_4346219406754209?_src=imagekit&tr=c-at_max,h-80,q-40,w-80","https://ik.imagekit.io/tvlk/ugc-review/guys1L+Yyer9kzI3sp-pb0CG1j2bhflZGFUZOoIf1YOBAm37kEUOKR41ieUZm7ZJ/ugc-photo-ap-southeast-1-581603780057-acd24e232f75f09e/REVIEW/126413270_REVIEW_1744007998561_84e68b4181e8d7f7?_src=imagekit&tr=c-at_max,h-80,q-40,w-80",,,,,,,,,,
https://www.traveloka.com/id-id/user/review/consumption/HOTEL/GENERAL/3000010015281,2,33,"kamar bersih, fasilitas kolam renang dan tempat bermain anak, lokasi dekat pantai, tambahan saran variasi makanan bisa diperbanyak lagi,",Diulas 57 minggu lalu,"https://ik.imagekit.io/tvlk/ugc-review/guys1L+Yyer9kzI3sp-pb0CG1j2bhflZGFUZOoIf1YOBAm37kEUOKR41ieUZm7ZJ/ugc-photo-ap-southeast-1-581603780057-acd24e232f75f09e/REVIEW/249654805_REVIEW_1743903587702_22c966774e18566d?_src=imagekit&tr=c-at_max,h-100,q-40,w-100",,,,,,,,,,,,,,,,,,,
https://www.traveloka.com/id-id/user/review/consumption/HOTEL/GENERAL/3000010015281,2,34,"Ada cicak di kamar, sangat tidak nyaman untuk seorang herpetophobia. Semoga jadi perhatian.",Diulas 59 minggu lalu,"https://ik.imagekit.io/tvlk/ugc-review/guys1L+Yyer9kzI3sp-pb0CG1j2bhflZGFUZOoIf1YOBAm37kEUOKR41ieUZm7ZJ/ugc-photo-ap-southeast-1-581603780057-acd24e232f75f09e/REVIEW/125438584_REVIEW_1742780539444_ff51e98daf025772?_src=imagekit&tr=c-at_max,h-100,q-40,w-100",,,,,,,,,,,,,,,,,,,
https://www.traveloka.com/id-id/user/review/consumption/HOTEL/GENERAL/3000010015281,2,35,Semua nya ok cuman untuk sarapan nya tolong perbaiki🙏🥹,Diulas 63 minggu lalu,"https://ik.imagekit.io/tvlk/ugc-review/guys1L+Yyer9kzI3sp-pb0CG1j2bhflZGFUZOoIf1YOBAm37kEUOKR41ieUZm7ZJ/ugc-photo-ap-southeast-1-581603780057-acd24e232f75f09e/REVIEW/325852520_REVIEW_1740391417948_2517d8c832aab215?_src=imagekit&tr=c-at_max,h-100,q-40,w-100","https://ik.imagekit.io/tvlk/ugc-review/guys1L+Yyer9kzI3sp-pb0CG1j2bhflZGFUZOoIf1YOBAm37kEUOKR41ieUZm7ZJ/ugc-photo-ap-southeast-1-581603780057-acd24e232f75f09e/REVIEW/325852520_REVIEW_1740391451947_fe070af38de6880f?_src=imagekit&tr=c-at_max,h-100,q-40,w-100",,,,,,,,,,,,,,,,,,
https://www.traveloka.com/id-id/user/review/consumption/HOTEL/GENERAL/3000010015281,2,36,"staff hotel sangat ramah, ruangan bersih dan terawat.",Diulas 63 minggu lalu,"https://ik.imagekit.io/tvlk/ugc-review/guys1L+Yyer9kzI3sp-pb0CG1j2bhflZGFUZOoIf1YOBAm37kEUOKR41ieUZm7ZJ/ugc-photo-ap-southeast-1-581603780057-acd24e232f75f09e/REVIEW/12413270_REVIEW_1740212947577_7781b86353c2f8f0?_src=imagekit&tr=c-at_max,h-100,q-40,w-100",,,,,,,,,,,,,,,,,,,
https://www.traveloka.com/id-id/user/review/consumption/HOTEL/GENERAL/3000010015281,2,37,Sangat efektif syekalii estetika🫶🏻,Diulas 65 minggu lalu,"https://ik.imagekit.io/tvlk/ugc-review/guys1L+Yyer9kzI3sp-pb0CG1j2bhflZGFUZOoIf1YOBAm37kEUOKR41ieUZm7ZJ/ugc-photo-ap-southeast-1-581603780057-acd24e232f75f09e/REVIEW/252538855_REVIEW_1738936277750_1b2c18c39eb254d3?_src=imagekit&tr=c-at_max,h-100,q-40,w-100","https://ik.imagekit.io/tvlk/ugc-review/guys1L+Yyer9kzI3sp-pb0CG1j2bhflZGFUZOoIf1YOBAm37kEUOKR41ieUZm7ZJ/ugc-photo-ap-southeast-1-581603780057-acd24e232f75f09e/REVIEW/252538855_REVIEW_1738936297701_9bb010e4f4bb18fb?_src=imagekit&tr=c-at_max,h-100,q-40,w-100",,,,,,,,,,,,,,,,,,
https://www.traveloka.com/id-id/user/review/consumption/HOTEL/GENERAL/3000010015281,2,38,"Lokasinya sangat strategis, dekat ke mana-mana. Room-nya juga luas dan nyaman, hanya breakfast-nya lebih variasi lagi, menu makanan lebih menarik lagi, dan penempatan area makan ditata lagi.",Diulas 66 minggu lalu,"https://ik.imagekit.io/tvlk/ugc-review/guys1L+Yyer9kzI3sp-pb0CG1j2bhflZGFUZOoIf1YOBAm37kEUOKR41ieUZm7ZJ/ugc-photo-ap-southeast-1-581603780057-acd24e232f75f09e/REVIEW/7034955_REVIEW_1738198119087_186ea8fbeb22bbe0?_src=imagekit&tr=c-at_max,h-100,q-40,w-100","https://ik.imagekit.io/tvlk/ugc-review/guys1L+Yyer9kzI3sp-pb0CG1j2bhflZGFUZOoIf1YOBAm37kEUOKR41ieUZm7ZJ/ugc-photo-ap-southeast-1-581603780057-acd24e232f75f09e/REVIEW/7034955_REVIEW_1738198119087_7d1e30f5eb93782f?_src=imagekit&tr=c-at_max,h-100,q-40,w-100",,,,,,,,,,,,,,,,,,
https://www.traveloka.com/id-id/user/review/consumption/HOTEL/GENERAL/3000010015281,2,39,"sering ke pangandaran tp baru skg nyoba nginep disini,dengan harga hampir 1 sedikit kecewa
-tidak ada haidryer
-aminitis kurang lengkap
-sarapan tidak banyak menu (yg enak cuma omelet doang, sisanya sedikit hambar apalagi ayam kecap berminyak bangeeet) 
-resepsionis terkesan meremehkan karna aku nanya apakah bisa cek in sebelum jam. 2,hanya nanya bukan minta maksa yah
-harga hampir 1 tidak ada fasilitas gym (banyak hotel lain under 1 tp minimal mereka punya gym mini) 

-kelebihan lokasi enak cuma tinggal nyebrang jalan langsung pantai
-ac dingin 
-lobi ke dua besar (enak buat tunggu sebelum cek in
-balkon lumayan luas
-mini waterbom anak2 suka dan betah",Diulas 68 minggu lalu,"https://ik.imagekit.io/tvlk/ugc-review/guys1L+Yyer9kzI3sp-pb0CG1j2bhflZGFUZOoIf1YOBAm37kEUOKR41ieUZm7ZJ/ugc-photo-ap-southeast-1-581603780057-acd24e232f75f09e/REVIEW/96243606_REVIEW_1737420337252_c3a3f0ffb03f1514?_src=imagekit&tr=c-at_max,h-100,q-40,w-100","https://ik.imagekit.io/tvlk/ugc-review/guys1L+Yyer9kzI3sp-pb0CG1j2bhflZGFUZOoIf1YOBAm37kEUOKR41ieUZm7ZJ/ugc-photo-ap-southeast-1-581603780057-acd24e232f75f09e/REVIEW/96243606_REVIEW_1737420337252_0fcc800cba28748f?_src=imagekit&tr=c-at_max,h-100,q-40,w-100","https://ik.imagekit.io/tvlk/ugc-review/guys1L+Yyer9kzI3sp-pb0CG1j2bhflZGFUZOoIf1YOBAm37kEUOKR41ieUZm7ZJ/ugc-photo-ap-southeast-1-581603780057-acd24e232f75f09e/REVIEW/96243606_REVIEW_1737420337252_7407bf1e9ca014e3?_src=imagekit&tr=c-at_max,h-100,q-40,w-100","https://ik.imagekit.io/tvlk/ugc-review/guys1L+Yyer9kzI3sp-pb0CG1j2bhflZGFUZOoIf1YOBAm37kEUOKR41ieUZm7ZJ/ugc-photo-ap-southeast-1-581603780057-acd24e232f75f09e/REVIEW/96243606_REVIEW_1737420337252_e3c3f5294a510b7b?_src=imagekit&tr=c-at_max,h-100,q-40,w-100","https://ik.imagekit.io/tvlk/ugc-review/guys1L+Yyer9kzI3sp-pb0CG1j2bhflZGFUZOoIf1YOBAm37kEUOKR41ieUZm7ZJ/ugc-photo-ap-southeast-1-581603780057-acd24e232f75f09e/REVIEW/96243606_REVIEW_1737420337253_2d0283bbe9a3d522?_src=imagekit&tr=c-at_max,h-100,q-40,w-100",,,,,,,,,,,,,,,
https://www.traveloka.com/id-id/user/review/consumption/HOTEL/GENERAL/3000010015281,2,40,"Pelayanan  baik, fasilitas bagus",Diulas 68 minggu lalu,"https://ik.imagekit.io/tvlk/ugc-review/guys1L+Yyer9kzI3sp-pb0CG1j2bhflZGFUZOoIf1YOBAm37kEUOKR41ieUZm7ZJ/ugc-photo-ap-southeast-1-581603780057-acd24e232f75f09e/REVIEW/20783763_REVIEW_1737170887146_7904dae87cc1942b?_src=imagekit&tr=c-at_max,h-100,q-40,w-100",,,,,,,,,,,,,,,,,,,
https://www.traveloka.com/id-id/user/review/consumption/HOTEL/GENERAL/3000010015281,3,1,Setiap ke Pangandaran pasti selalu menginap di hotel ini. Recommended pokoknya 👍,Diulas 69 minggu lalu,"https://ik.imagekit.io/tvlk/ugc-review/guys1L+Yyer9kzI3sp-pb0CG1j2bhflZGFUZOoIf1YOBAm37kEUOKR41ieUZm7ZJ/ugc-photo-ap-southeast-1-581603780057-acd24e232f75f09e/REVIEW/322960306_REVIEW_1736340207381_cc62589d7ae50ae2?_src=imagekit&tr=c-at_max,h-100,q-40,w-100","https://ik.imagekit.io/tvlk/ugc-review/guys1L+Yyer9kzI3sp-pb0CG1j2bhflZGFUZOoIf1YOBAm37kEUOKR41ieUZm7ZJ/ugc-photo-ap-southeast-1-581603780057-acd24e232f75f09e/REVIEW/322960306_REVIEW_1736340207380_33b140b924a30b10?_src=imagekit&tr=c-at_max,h-100,q-40,w-100",,,,,,,,,,,,,,,,,,
https://www.traveloka.com/id-id/user/review/consumption/HOTEL/GENERAL/3000010015281,3,2,"hotel ini memiliki kamar hotel yang luas untuk keluarga, aktivitas air untuk anak-anak dan yang terbaik adalah lokasinya... tepat di seberang pantai barat untuk berenang dan menikmati matahari terbenam dan 5 menit berjalan kaki dari pantai timur untuk menyaksikan matahari terbit...",Diulas 69 minggu lalu,"https://ik.imagekit.io/tvlk/ugc-review/guys1L+Yyer9kzI3sp-pb0CG1j2bhflZGFUZOoIf1YOBAm37kEUOKR41ieUZm7ZJ/ugc-photo-ap-southeast-1-581603780057-acd24e232f75f09e/REVIEW/54966072_REVIEW_1736288990979_0d015a36c4a4e760?_src=imagekit&tr=c-at_max,h-100,q-40,w-100","https://ik.imagekit.io/tvlk/ugc-review/guys1L+Yyer9kzI3sp-pb0CG1j2bhflZGFUZOoIf1YOBAm37kEUOKR41ieUZm7ZJ/ugc-photo-ap-southeast-1-581603780057-acd24e232f75f09e/REVIEW/54966072_REVIEW_1736288990979_05b5985157016716?_src=imagekit&tr=c-at_max,h-100,q-40,w-100","https://ik.imagekit.io/tvlk/ugc-review/guys1L+Yyer9kzI3sp-pb0CG1j2bhflZGFUZOoIf1YOBAm37kEUOKR41ieUZm7ZJ/ugc-photo-ap-southeast-1-581603780057-acd24e232f75f09e/REVIEW/54966072_REVIEW_1736289156976_a8573c908db5cfd3?_src=imagekit&tr=c-at_max,h-100,q-40,w-100",,,,,,,,,,,,,,,,,
https://www.traveloka.com/id-id/user/review/consumption/HOTEL/GENERAL/3000010015281,3,3,Saya selalu puas saat menginap di hotel laut biru.. tidak kurang,Diulas 70 minggu lalu,"https://ik.imagekit.io/tvlk/ugc-review/guys1L+Yyer9kzI3sp-pb0CG1j2bhflZGFUZOoIf1YOBAm37kEUOKR41ieUZm7ZJ/ugc-photo-ap-southeast-1-581603780057-acd24e232f75f09e/REVIEW/158898058_REVIEW_1736051007557_139b9bfa57c9aa88?_src=imagekit&tr=c-at_max,h-100,q-40,w-100","https://ik.imagekit.io/tvlk/ugc-review/guys1L+Yyer9kzI3sp-pb0CG1j2bhflZGFUZOoIf1YOBAm37kEUOKR41ieUZm7ZJ/ugc-photo-ap-southeast-1-581603780057-acd24e232f75f09e/REVIEW/158898058_REVIEW_1736051007557_6a5a505a318887ac?_src=imagekit&tr=c-at_max,h-100,q-40,w-100","https://ik.imagekit.io/tvlk/ugc-review/guys1L+Yyer9kzI3sp-pb0CG1j2bhflZGFUZOoIf1YOBAm37kEUOKR41ieUZm7ZJ/ugc-photo-ap-southeast-1-581603780057-acd24e232f75f09e/REVIEW/158898058_REVIEW_1736051007557_c55f81bf7e4dd849?_src=imagekit&tr=c-at_max,h-100,q-40,w-100",,,,,,,,,,,,,,,,,
https://www.traveloka.com/id-id/user/review/consumption/HOTEL/GENERAL/3000010015281,3,4,Ada harga ada kualitas pokonya nyaman nginap disini  deh,Diulas 71 minggu lalu,"https://ik.imagekit.io/tvlk/ugc-review/guys1L+Yyer9kzI3sp-pb0CG1j2bhflZGFUZOoIf1YOBAm37kEUOKR41ieUZm7ZJ/ugc-photo-ap-southeast-1-581603780057-acd24e232f75f09e/REVIEW/233584490_REVIEW_1735451659481_99b61402f21e22d4?_src=imagekit&tr=c-at_max,h-100,q-40,w-100","https://ik.imagekit.io/tvlk/ugc-review/guys1L+Yyer9kzI3sp-pb0CG1j2bhflZGFUZOoIf1YOBAm37kEUOKR41ieUZm7ZJ/ugc-photo-ap-southeast-1-581603780057-acd24e232f75f09e/REVIEW/233584490_REVIEW_1735451659482_08d939c5569c8ded?_src=imagekit&tr=c-at_max,h-100,q-40,w-100","https://ik.imagekit.io/tvlk/ugc-review/guys1L+Yyer9kzI3sp-pb0CG1j2bhflZGFUZOoIf1YOBAm37kEUOKR41ieUZm7ZJ/ugc-photo-ap-southeast-1-581603780057-acd24e232f75f09e/REVIEW/233584490_REVIEW_1735451659483_72c3a5fd19661b27?_src=imagekit&tr=c-at_max,h-100,q-40,w-100","https://ik.imagekit.io/tvlk/ugc-review/guys1L+Yyer9kzI3sp-pb0CG1j2bhflZGFUZOoIf1YOBAm37kEUOKR41ieUZm7ZJ/ugc-photo-ap-southeast-1-581603780057-acd24e232f75f09e/REVIEW/233584490_REVIEW_1735451659482_a5277e2b1ba21aa9?_src=imagekit&tr=c-at_max,h-100,q-40,w-100","https://ik.imagekit.io/tvlk/ugc-review/guys1L+Yyer9kzI3sp-pb0CG1j2bhflZGFUZOoIf1YOBAm37kEUOKR41ieUZm7ZJ/ugc-photo-ap-southeast-1-581603780057-acd24e232f75f09e/REVIEW/233584490_REVIEW_1735451659482_b85b6875a2b500bd?_src=imagekit&tr=c-at_max,h-100,q-40,w-100",,,,,,,,,,,,,,,
https://www.traveloka.com/id-id/user/review/consumption/HOTEL/GENERAL/3000010015281,3,5,"Awalnya agak ragu karena melihat review sebelumnya, tetapi ternyata menginap di Laut Biru sangat menyenangkan. Semua staff-nya ramah, mulai dari security, front office, dan semua yang berpapasan sangat ramah dan membantu. Kamar luas, sarapan lumayan lah, untuk hotel bintang 3 sepertinya harus lebih ditingkatkan lagi. Lantai dipel terus petugasnya sigap karena banyak yang lalu lalang setelah berenang di laut. Di kamar disediakan galon, sehingga bisa menghemat untuk beli lagi air minum. Lokasi juga strategis. Overall mantaap.",Diulas 71 minggu lalu,"https://ik.imagekit.io/tvlk/ugc-review/guys1L+Yyer9kzI3sp-pb0CG1j2bhflZGFUZOoIf1YOBAm37kEUOKR41ieUZm7ZJ/ugc-photo-ap-southeast-1-581603780057-acd24e232f75f09e/REVIEW/6903493_REVIEW_1735355221959_64a95d618f468026?_src=imagekit&tr=c-at_max,h-100,q-40,w-100","https://ik.imagekit.io/tvlk/ugc-review/guys1L+Yyer9kzI3sp-pb0CG1j2bhflZGFUZOoIf1YOBAm37kEUOKR41ieUZm7ZJ/ugc-photo-ap-southeast-1-581603780057-acd24e232f75f09e/REVIEW/6903493_REVIEW_1735355221960_8a3bcc4b1148633e?_src=imagekit&tr=c-at_max,h-100,q-40,w-100","https://ik.imagekit.io/tvlk/ugc-review/guys1L+Yyer9kzI3sp-pb0CG1j2bhflZGFUZOoIf1YOBAm37kEUOKR41ieUZm7ZJ/ugc-photo-ap-southeast-1-581603780057-acd24e232f75f09e/REVIEW/6903493_REVIEW_1735355221960_f373a07e47f0702a?_src=imagekit&tr=c-at_max,h-100,q-40,w-100","https://ik.imagekit.io/tvlk/ugc-review/guys1L+Yyer9kzI3sp-pb0CG1j2bhflZGFUZOoIf1YOBAm37kEUOKR41ieUZm7ZJ/ugc-photo-ap-southeast-1-581603780057-acd24e232f75f09e/REVIEW/6903493_REVIEW_1735355221960_43f23840bdd358f8?_src=imagekit&tr=c-at_max,h-100,q-40,w-100",,,,,,,,,,,,,,,,
https://www.traveloka.com/id-id/user/review/consumption/HOTEL/GENERAL/3000010015281,3,6,"Terima kasih, pelayanan sangat ramah, kamar luas nan bersih, ada fasilitas kolam renang anak-nya juga. Makasih",Diulas 72 minggu lalu,"https://ik.imagekit.io/tvlk/ugc-review/guys1L+Yyer9kzI3sp-pb0CG1j2bhflZGFUZOoIf1YOBAm37kEUOKR41ieUZm7ZJ/ugc-photo-ap-southeast-1-581603780057-acd24e232f75f09e/REVIEW/190791638_REVIEW_1734505639485_8737752ca3fdad83?_src=imagekit&tr=c-at_max,h-100,q-40,w-100",,,,,,,,,,,,,,,,,,,
https://www.traveloka.com/id-id/user/review/consumption/HOTEL/GENERAL/3000010015281,3,7,"Pemandangan dari hotel sangat bagus, lokasi ke pantai dekat sekali tinggal menyeberang. Untuk makanan standar, nilai plus ada kolam renang juga cocok untuk anak.",Diulas 74 minggu lalu,"https://ik.imagekit.io/tvlk/ugc-review/guys1L+Yyer9kzI3sp-pb0CG1j2bhflZGFUZOoIf1YOBAm37kEUOKR41ieUZm7ZJ/ugc-photo-ap-southeast-1-581603780057-acd24e232f75f09e/REVIEW/20558545_REVIEW_1733804327728_b0f1e4f49495d102?_src=imagekit&tr=c-at_max,h-100,q-40,w-100","https://ik.imagekit.io/tvlk/ugc-review/guys1L+Yyer9kzI3sp-pb0CG1j2bhflZGFUZOoIf1YOBAm37kEUOKR41ieUZm7ZJ/ugc-photo-ap-southeast-1-581603780057-acd24e232f75f09e/REVIEW/20558545_REVIEW_1733804327728_0f010af66a338e50?_src=imagekit&tr=c-at_max,h-100,q-40,w-100","https://ik.imagekit.io/tvlk/ugc-review/guys1L+Yyer9kzI3sp-pb0CG1j2bhflZGFUZOoIf1YOBAm37kEUOKR41ieUZm7ZJ/ugc-photo-ap-southeast-1-581603780057-acd24e232f75f09e/REVIEW/20558545_REVIEW_1733804327727_07283c85e224072b?_src=imagekit&tr=c-at_max,h-100,q-40,w-100",,,,,,,,,,,,,,,,,
https://www.traveloka.com/id-id/user/review/consumption/HOTEL/GENERAL/3000010015281,3,8,"All good, tingkatkan rasa sarapannya untuk harga 1 jutaan, kebersihan ditingkatkan lagi",Diulas 76 minggu lalu,"https://ik.imagekit.io/tvlk/ugc-review/guys1L+Yyer9kzI3sp-pb0CG1j2bhflZGFUZOoIf1YOBAm37kEUOKR41ieUZm7ZJ/ugc-photo-ap-southeast-1-581603780057-acd24e232f75f09e/REVIEW/11388503_REVIEW_1732430082074_f3cf5049fbae1397?_src=imagekit&tr=c-at_max,h-100,q-40,w-100",,,,,,,,,,,,,,,,,,,
https://www.traveloka.com/id-id/user/review/consumption/HOTEL/GENERAL/3000010015281,3,9,"Overall oke, nyaman hanya ada sedikit kesalahan teknis ac nya bocor.",Diulas 81 minggu lalu,"https://ik.imagekit.io/tvlk/ugc-review/guys1L+Yyer9kzI3sp-pb0CG1j2bhflZGFUZOoIf1YOBAm37kEUOKR41ieUZm7ZJ/ugc-photo-ap-southeast-1-581603780057-acd24e232f75f09e/REVIEW/169090880_REVIEW_1729515033504_3ed6ad3ab30f5623?_src=imagekit&tr=c-at_max,h-100,q-40,w-100",,,,,,,,,,,,,,,,,,,
https://www.traveloka.com/id-id/user/review/consumption/HOTEL/GENERAL/3000010015281,3,10,"Dekat ke Pantai Barat Pangandaran, view keren, ada fasilitas olah raga juga",Diulas 82 minggu lalu,"https://ik.imagekit.io/tvlk/ugc-review/guys1L+Yyer9kzI3sp-pb0CG1j2bhflZGFUZOoIf1YOBAm37kEUOKR41ieUZm7ZJ/ugc-photo-ap-southeast-1-581603780057-acd24e232f75f09e/REVIEW/16901499_REVIEW_1728873512414_5532e10fe5bd9c5f?_src=imagekit&tr=c-at_max,h-100,q-40,w-100","https://ik.imagekit.io/tvlk/ugc-review/guys1L+Yyer9kzI3sp-pb0CG1j2bhflZGFUZOoIf1YOBAm37kEUOKR41ieUZm7ZJ/ugc-photo-ap-southeast-1-581603780057-acd24e232f75f09e/REVIEW/16901499_REVIEW_1728873512414_fb0570412742bf1b?_src=imagekit&tr=c-at_max,h-100,q-40,w-100","https://ik.imagekit.io/tvlk/ugc-review/guys1L+Yyer9kzI3sp-pb0CG1j2bhflZGFUZOoIf1YOBAm37kEUOKR41ieUZm7ZJ/ugc-photo-ap-southeast-1-581603780057-acd24e232f75f09e/REVIEW/16901499_REVIEW_1728873552376_af6f0701632ea731?_src=imagekit&tr=c-at_max,h-100,q-40,w-100",,,,,,,,,,,,,,,,,
https://www.traveloka.com/id-id/user/review/consumption/HOTEL/GENERAL/3000010015281,3,11,Hotel bagus nyaman dan dekat dengan pantai.,Diulas 82 minggu lalu,"https://ik.imagekit.io/tvlk/ugc-review/guys1L+Yyer9kzI3sp-pb0CG1j2bhflZGFUZOoIf1YOBAm37kEUOKR41ieUZm7ZJ/ugc-photo-ap-southeast-1-581603780057-acd24e232f75f09e/REVIEW/17082852_REVIEW_1728440312290_e14911fd4936aea9?_src=imagekit&tr=c-at_max,h-100,q-40,w-100","https://ik.imagekit.io/tvlk/ugc-review/guys1L+Yyer9kzI3sp-pb0CG1j2bhflZGFUZOoIf1YOBAm37kEUOKR41ieUZm7ZJ/ugc-photo-ap-southeast-1-581603780057-acd24e232f75f09e/REVIEW/17082852_REVIEW_1728440312290_af38589a8dc8ce6f?_src=imagekit&tr=c-at_max,h-100,q-40,w-100",,,,,,,,,,,,,,,,,,
https://www.traveloka.com/id-id/user/review/consumption/HOTEL/GENERAL/3000010015281,3,12,Keren mantap,Diulas 86 minggu lalu,"https://ik.imagekit.io/tvlk/ugc-review/guys1L+Yyer9kzI3sp-pb0CG1j2bhflZGFUZOoIf1YOBAm37kEUOKR41ieUZm7ZJ/ugc-photo-ap-southeast-1-581603780057-acd24e232f75f09e/REVIEW/7974210_REVIEW_1726467090535_3162a3cc580dd846?_src=imagekit&tr=c-at_max,h-100,q-40,w-100","https://ik.imagekit.io/tvlk/ugc-review/guys1L+Yyer9kzI3sp-pb0CG1j2bhflZGFUZOoIf1YOBAm37kEUOKR41ieUZm7ZJ/ugc-photo-ap-southeast-1-581603780057-acd24e232f75f09e/REVIEW/7974210_REVIEW_1726467090534_d11013f0c9724463?_src=imagekit&tr=c-at_max,h-100,q-40,w-100",,,,,,,,,,,,,,,,,,
https://www.traveloka.com/id-id/user/review/consumption/HOTEL/GENERAL/3000010015281,3,13,"Rekomendasi banget, ramah dan bersih",Diulas 89 minggu lalu,"https://ik.imagekit.io/tvlk/ugc-review/guys1L+Yyer9kzI3sp-pb0CG1j2bhflZGFUZOoIf1YOBAm37kEUOKR41ieUZm7ZJ/ugc-photo-ap-southeast-1-581603780057-acd24e232f75f09e/REVIEW/304499695_REVIEW_1724425942584_c6d931e54b9d83ed?_src=imagekit&tr=c-at_max,h-100,q-40,w-100","https://ik.imagekit.io/tvlk/ugc-review/guys1L+Yyer9kzI3sp-pb0CG1j2bhflZGFUZOoIf1YOBAm37kEUOKR41ieUZm7ZJ/ugc-photo-ap-southeast-1-581603780057-acd24e232f75f09e/REVIEW/304499695_REVIEW_1724425942584_e0df1ef28781e8fe?_src=imagekit&tr=c-at_max,h-100,q-40,w-100",,,,,,,,,,,,,,,,,,
https://www.traveloka.com/id-id/user/review/consumption/HOTEL/GENERAL/3000010015281,3,14,Tempat yang strategis buat menginap dan staf nya ramah-ramah.,Diulas 93 minggu lalu,"https://ik.imagekit.io/tvlk/ugc-review/guys1L+Yyer9kzI3sp-pb0CG1j2bhflZGFUZOoIf1YOBAm37kEUOKR41ieUZm7ZJ/ugc-photo-ap-southeast-1-581603780057-acd24e232f75f09e/REVIEW/66572570_REVIEW_1721791865250_e9d8a60f2511dc06?_src=imagekit&tr=c-at_max,h-100,q-40,w-100","https://ik.imagekit.io/tvlk/ugc-review/guys1L+Yyer9kzI3sp-pb0CG1j2bhflZGFUZOoIf1YOBAm37kEUOKR41ieUZm7ZJ/ugc-photo-ap-southeast-1-581603780057-acd24e232f75f09e/REVIEW/66572570_REVIEW_1721791865250_64c248a65f5d57e4?_src=imagekit&tr=c-at_max,h-100,q-40,w-100","https://ik.imagekit.io/tvlk/ugc-review/guys1L+Yyer9kzI3sp-pb0CG1j2bhflZGFUZOoIf1YOBAm37kEUOKR41ieUZm7ZJ/ugc-photo-ap-southeast-1-581603780057-acd24e232f75f09e/REVIEW/66572570_REVIEW_1721791865251_483c3e9c981a0441?_src=imagekit&tr=c-at_max,h-100,q-40,w-100",,,,,,,,,,,,,,,,,
https://www.traveloka.com/id-id/user/review/consumption/HOTEL/GENERAL/3000010015281,3,15,"Mantap sangat d rekomendasi kan, saran pesen hotel duluxe.",Diulas 94 minggu lalu,"https://ik.imagekit.io/tvlk/ugc-review/guys1L+Yyer9kzI3sp-pb0CG1j2bhflZGFUZOoIf1YOBAm37kEUOKR41ieUZm7ZJ/ugc-photo-ap-southeast-1-581603780057-acd24e232f75f09e/REVIEW/5052889_REVIEW_1721307525115_b7d1a75cf86c95a4?_src=imagekit&tr=c-at_max,h-100,q-40,w-100",,,,,,,,,,,,,,,,,,,
https://www.traveloka.com/id-id/user/review/consumption/HOTEL/GENERAL/3000010015281,3,16,Staf hotel bertanggung jawab. Hotelnya sangat bersih dan harum. Staf yang ramah,Diulas 95 minggu lalu,"https://ik.imagekit.io/tvlk/ugc-review/guys1L+Yyer9kzI3sp-pb0CG1j2bhflZGFUZOoIf1YOBAm37kEUOKR41ieUZm7ZJ/ugc-photo-ap-southeast-1-581603780057-acd24e232f75f09e/REVIEW/217681635_REVIEW_1720900217425_f4c6072b0a7f1b48?_src=imagekit&tr=c-at_max,h-100,q-40,w-100","https://ik.imagekit.io/tvlk/ugc-review/guys1L+Yyer9kzI3sp-pb0CG1j2bhflZGFUZOoIf1YOBAm37kEUOKR41ieUZm7ZJ/ugc-photo-ap-southeast-1-581603780057-acd24e232f75f09e/REVIEW/217681635_REVIEW_1720900217425_257cecbb123d9fdd?_src=imagekit&tr=c-at_max,h-100,q-40,w-100",,,,,,,,,,,,,,,,,,
https://www.traveloka.com/id-id/user/review/consumption/HOTEL/GENERAL/3000010015281,3,17,"Lokasi strategis di Pesisir Barat, tinggal jalan kaki langsung ke pantai dan juga banyak pilihan kuliner & jajanan dengan berjalan kaki",Diulas 95 minggu lalu,"https://ik.imagekit.io/tvlk/ugc-review/guys1L+Yyer9kzI3sp-pb0CG1j2bhflZGFUZOoIf1YOBAm37kEUOKR41ieUZm7ZJ/ugc-photo-ap-southeast-1-581603780057-acd24e232f75f09e/REVIEW/15643689_REVIEW_1720861451238_0bcc666935ed57f9?_src=imagekit&tr=c-at_max,h-100,q-40,w-100",,,,,,,,,,,,,,,,,,,
https://www.traveloka.com/id-id/user/review/consumption/HOTEL/GENERAL/3000010015281,3,18,"Overall baik, namun harus menunggu proses check-in karena kamar masih dibersihkan. Setelah ready, lantai kamar masih basah, dan belum tersedia handuk. Breakfast kurang banyak jadi siang dikit sudah habis. Pelayanan staff ramah, fasilitas hotel dan view asik, bisa akses pantai barat dan timur.",Diulas 95 minggu lalu,"https://ik.imagekit.io/tvlk/ugc-review/guys1L+Yyer9kzI3sp-pb0CG1j2bhflZGFUZOoIf1YOBAm37kEUOKR41ieUZm7ZJ/ugc-photo-ap-southeast-1-581603780057-acd24e232f75f09e/REVIEW/96493732_REVIEW_1720678226200_e6625d809b861350?_src=imagekit&tr=c-at_max,h-100,q-40,w-100","https://ik.imagekit.io/tvlk/ugc-review/guys1L+Yyer9kzI3sp-pb0CG1j2bhflZGFUZOoIf1YOBAm37kEUOKR41ieUZm7ZJ/ugc-photo-ap-southeast-1-581603780057-acd24e232f75f09e/REVIEW/96493732_REVIEW_1720678226201_0349061ec7fcfdb5?_src=imagekit&tr=c-at_max,h-100,q-40,w-100","https://ik.imagekit.io/tvlk/ugc-review/guys1L+Yyer9kzI3sp-pb0CG1j2bhflZGFUZOoIf1YOBAm37kEUOKR41ieUZm7ZJ/ugc-photo-ap-southeast-1-581603780057-acd24e232f75f09e/REVIEW/96493732_REVIEW_1720678226201_a2104f5d5921a5ca?_src=imagekit&tr=c-at_max,h-100,q-40,w-100",,,,,,,,,,,,,,,,,
https://www.traveloka.com/id-id/user/review/consumption/HOTEL/GENERAL/3000010015281,3,19,"Waktu check-in lambat, dapat handuknya sampai sore. Kamar bersih dapet view menghadap Laut. Akses kemana-mana mudah, dkt atm. Cfc n pedagang makanan. Overall bagus hanya untuk makanan kurang variasi, tidak ada kue2, puding, pecel/rebus-rebusan, stok buah sedikit banget. Nasinya keras, rasa untuk semuanya biasa saja",Diulas 96 minggu lalu,"https://ik.imagekit.io/tvlk/ugc-review/guys1L+Yyer9kzI3sp-pb0CG1j2bhflZGFUZOoIf1YOBAm37kEUOKR41ieUZm7ZJ/ugc-photo-ap-southeast-1-581603780057-acd24e232f75f09e/REVIEW/216482029_REVIEW_1720305363615_c3e9ab9c85058386?_src=imagekit&tr=c-at_max,h-100,q-40,w-100",,,,,,,,,,,,,,,,,,,
https://www.traveloka.com/id-id/user/review/consumption/HOTEL/GENERAL/3000010015281,3,20,"Hotelnya berasa kos-kosan. Jarak antar tempat tidur sangat kecil. Kamar mandi kecil. area shower hanya 90x90cm. duduk di toilet, ruang kaki hanya ada sedikit. Air hujan masuk ke dalam ruangan melalui celah pintu balkon. Pukul 06.10 sarapan belum siap. Dapat bonus cicak di kasur.",Diulas 96 minggu lalu,"https://ik.imagekit.io/tvlk/ugc-review/guys1L+Yyer9kzI3sp-pb0CG1j2bhflZGFUZOoIf1YOBAm37kEUOKR41ieUZm7ZJ/ugc-photo-ap-southeast-1-581603780057-acd24e232f75f09e/REVIEW/102588_REVIEW_1720266033413_0adee8a81b60f6a5?_src=imagekit&tr=c-at_max,h-100,q-40,w-100","https://ik.imagekit.io/tvlk/ugc-review/guys1L+Yyer9kzI3sp-pb0CG1j2bhflZGFUZOoIf1YOBAm37kEUOKR41ieUZm7ZJ/ugc-photo-ap-southeast-1-581603780057-acd24e232f75f09e/REVIEW/102588_REVIEW_1720266033413_7368aa7d73d33d0c?_src=imagekit&tr=c-at_max,h-100,q-40,w-100",,,,,,,,,,,,,,,,,,
https://www.traveloka.com/id-id/user/review/consumption/HOTEL/GENERAL/3000010015281,3,21,"Pemandangan bagus, udara sejuk, nyaman, liburan menyenangkan.",Diulas 96 minggu lalu,"https://ik.imagekit.io/tvlk/ugc-review/guys1L+Yyer9kzI3sp-pb0CG1j2bhflZGFUZOoIf1YOBAm37kEUOKR41ieUZm7ZJ/ugc-photo-ap-southeast-1-581603780057-acd24e232f75f09e/REVIEW/126352408_REVIEW_1720105405061_39809d6c64d8292b?_src=imagekit&tr=c-at_max,h-100,q-40,w-100","https://ik.imagekit.io/tvlk/ugc-review/guys1L+Yyer9kzI3sp-pb0CG1j2bhflZGFUZOoIf1YOBAm37kEUOKR41ieUZm7ZJ/ugc-photo-ap-southeast-1-581603780057-acd24e232f75f09e/REVIEW/126352408_REVIEW_1720105405061_3ebccaf60fe5430b?_src=imagekit&tr=c-at_max,h-100,q-40,w-100","https://ik.imagekit.io/tvlk/ugc-review/guys1L+Yyer9kzI3sp-pb0CG1j2bhflZGFUZOoIf1YOBAm37kEUOKR41ieUZm7ZJ/ugc-photo-ap-southeast-1-581603780057-acd24e232f75f09e/REVIEW/126352408_REVIEW_1720105405062_c38fe54d9e87233b?_src=imagekit&tr=c-at_max,h-100,q-40,w-100","https://ik.imagekit.io/tvlk/ugc-review/guys1L+Yyer9kzI3sp-pb0CG1j2bhflZGFUZOoIf1YOBAm37kEUOKR41ieUZm7ZJ/ugc-photo-ap-southeast-1-581603780057-acd24e232f75f09e/REVIEW/126352408_REVIEW_1720105326810_7a264c2d9d7d997f?_src=imagekit&tr=c-at_max,h-100,q-40,w-100","https://ik.imagekit.io/tvlk/ugc-review/guys1L+Yyer9kzI3sp-pb0CG1j2bhflZGFUZOoIf1YOBAm37kEUOKR41ieUZm7ZJ/ugc-photo-ap-southeast-1-581603780057-acd24e232f75f09e/REVIEW/126352408_REVIEW_1720105405061_d7703cce038c0077?_src=imagekit&tr=c-at_max,h-100,q-40,w-100","https://ik.imagekit.io/tvlk/ugc-review/guys1L+Yyer9kzI3sp-pb0CG1j2bhflZGFUZOoIf1YOBAm37kEUOKR41ieUZm7ZJ/ugc-photo-ap-southeast-1-581603780057-acd24e232f75f09e/REVIEW/126352408_REVIEW_1720105405061_dce99d694112e240?_src=imagekit&tr=c-at_max,h-100,q-40,w-100",,,,,,,,,,,,,,
https://www.traveloka.com/id-id/user/review/consumption/HOTEL/GENERAL/3000010015281,3,22,Hotel sangat nyaman dan banyak dikelilingi tempat makan dan belanja. Hotel juga dekat dari pantai baik pantai barat atau pantai timur Pangandaran. Tapi sayang di kamar tidak disediakan fasilitas kran untuk wudu. Tapi secara umum oke untuk keluarga.,Diulas 98 minggu lalu,"https://ik.imagekit.io/tvlk/ugc-review/guys1L+Yyer9kzI3sp-pb0CG1j2bhflZGFUZOoIf1YOBAm37kEUOKR41ieUZm7ZJ/ugc-photo-ap-southeast-1-581603780057-acd24e232f75f09e/REVIEW/3704622_REVIEW_1719284115950_e1fba01387d3a310?_src=imagekit&tr=c-at_max,h-100,q-40,w-100","https://ik.imagekit.io/tvlk/ugc-review/guys1L+Yyer9kzI3sp-pb0CG1j2bhflZGFUZOoIf1YOBAm37kEUOKR41ieUZm7ZJ/ugc-photo-ap-southeast-1-581603780057-acd24e232f75f09e/REVIEW/3704622_REVIEW_1719284115950_8c7298cb891164d5?_src=imagekit&tr=c-at_max,h-100,q-40,w-100",,,,,,,,,,,,,,,,,,
https://www.traveloka.com/id-id/user/review/consumption/HOTEL/GENERAL/3000010015281,3,23,"Terima kasih buat staff di bagian front desk yang sudah membantu early check in, karena saya pindahan dari hotel lain, jadi sudah check out dari jam 12 tadinya saya pikir harus putar-putar dulu sambil nunggu waktu. Ternyata tanpa diminta setelah dicek kamar ready kami boleh langsung masuk kamar, ini nilai plus buat Laut Biru👍. Staff-nya semua ramah-ramah, selalu tersenyum & menyapa. Untuk kamar kami ada di lantai 7 dengan sea view jadi puas banget nikmatin pemandangan pantainya, bisa lihat pantai timur dan barat. Kebersihan kamarnya sangat baik, fasilitas kamar, AC, Kulkas, Water Heater-nya sangat baik lancar. Cuma amenities kamar yang agak kurang, kami di family room cuma dapat slipper & sikat gigi 2. Satu lagi yang kurang buat kami adalah breakfast, untuk hotel bintang 3, dari taste & variasi makanan sangat kurang. Jam 8 sarapan beberapa menu sudah habis dan tidak direfill, bubur juga pelengkapnya seperti cakwe dll-nya sudah habis. Selebihnya kami puas dengan lokasi yang strategis.",Diulas 98 minggu lalu,"https://ik.imagekit.io/tvlk/ugc-review/guys1L+Yyer9kzI3sp-pb0CG1j2bhflZGFUZOoIf1YOBAm37kEUOKR41ieUZm7ZJ/ugc-photo-ap-southeast-1-581603780057-acd24e232f75f09e/REVIEW/17974192_REVIEW_1718843746879_6816219329c22831?_src=imagekit&tr=c-at_max,h-100,q-40,w-100","https://ik.imagekit.io/tvlk/ugc-review/guys1L+Yyer9kzI3sp-pb0CG1j2bhflZGFUZOoIf1YOBAm37kEUOKR41ieUZm7ZJ/ugc-photo-ap-southeast-1-581603780057-acd24e232f75f09e/REVIEW/17974192_REVIEW_1718843746880_1b6d76dd03f409f8?_src=imagekit&tr=c-at_max,h-100,q-40,w-100","https://ik.imagekit.io/tvlk/ugc-review/guys1L+Yyer9kzI3sp-pb0CG1j2bhflZGFUZOoIf1YOBAm37kEUOKR41ieUZm7ZJ/ugc-photo-ap-southeast-1-581603780057-acd24e232f75f09e/REVIEW/17974192_REVIEW_1718843746880_84885292ed8d6944?_src=imagekit&tr=c-at_max,h-100,q-40,w-100","https://ik.imagekit.io/tvlk/ugc-review/guys1L+Yyer9kzI3sp-pb0CG1j2bhflZGFUZOoIf1YOBAm37kEUOKR41ieUZm7ZJ/ugc-photo-ap-southeast-1-581603780057-acd24e232f75f09e/REVIEW/17974192_REVIEW_1718843746880_24c3852e6ab389ad?_src=imagekit&tr=c-at_max,h-100,q-40,w-100",,,,,,,,,,,,,,,,
https://www.traveloka.com/id-id/user/review/consumption/HOTEL/GENERAL/3000010015281,3,24,Staff hotel sngat ramah dari semua segi pelayanan😍,Diulas 99 minggu lalu,"https://ik.imagekit.io/tvlk/ugc-review/guys1L+Yyer9kzI3sp-pb0CG1j2bhflZGFUZOoIf1YOBAm37kEUOKR41ieUZm7ZJ/ugc-photo-ap-southeast-1-581603780057-acd24e232f75f09e/REVIEW/201493186_REVIEW_1718632915108_84e87414b5ab6d8d?_src=imagekit&tr=c-at_max,h-100,q-40,w-100",,,,,,,,,,,,,,,,,,,
https://www.traveloka.com/id-id/user/review/consumption/HOTEL/GENERAL/3000010015281,3,25,"Staff ramah. Lokasi oke. Makanan enak. Cuman sayang buah cuman ada semangka aja. Amenities enggak lengkap. Enggak ada pasta dan sikat gigi, air di kamar ngalirnya kecil banget jadi enggak nyaman buat mandi. Harus butuh ekstra waktu.",Diulas 102 minggu lalu,"https://ik.imagekit.io/tvlk/ugc-review/guys1L+Yyer9kzI3sp-pb0CG1j2bhflZGFUZOoIf1YOBAm37kEUOKR41ieUZm7ZJ/ugc-photo-ap-southeast-1-581603780057-acd24e232f75f09e/REVIEW/138926677_REVIEW_1716556884821_e1359fc1615c371a?_src=imagekit&tr=c-at_max,h-100,q-40,w-100","https://ik.imagekit.io/tvlk/ugc-review/guys1L+Yyer9kzI3sp-pb0CG1j2bhflZGFUZOoIf1YOBAm37kEUOKR41ieUZm7ZJ/ugc-photo-ap-southeast-1-581603780057-acd24e232f75f09e/REVIEW/138926677_REVIEW_1716556884821_1ed92f8a12fea485?_src=imagekit&tr=c-at_max,h-100,q-40,w-100",,,,,,,,,,,,,,,,,,
https://www.traveloka.com/id-id/user/review/consumption/HOTEL/GENERAL/3000010015281,3,26,"Nyaman, bersih, luas. Akses kepantai dekat.",Diulas 103 minggu lalu,"https://ik.imagekit.io/tvlk/ugc-review/guys1L+Yyer9kzI3sp-pb0CG1j2bhflZGFUZOoIf1YOBAm37kEUOKR41ieUZm7ZJ/ugc-photo-ap-southeast-1-581603780057-acd24e232f75f09e/REVIEW/288718609_REVIEW_1716033067374_2005b832cb5cbdd9?_src=imagekit&tr=c-at_max,h-100,q-40,w-100","https://ik.imagekit.io/tvlk/ugc-review/guys1L+Yyer9kzI3sp-pb0CG1j2bhflZGFUZOoIf1YOBAm37kEUOKR41ieUZm7ZJ/ugc-photo-ap-southeast-1-581603780057-acd24e232f75f09e/REVIEW/288718609_REVIEW_1716033122254_d3781e47dab91cac?_src=imagekit&tr=c-at_max,h-100,q-40,w-100",,,,,,,,,,,,,,,,,,
https://www.traveloka.com/id-id/user/review/consumption/HOTEL/GENERAL/3000010015281,3,27,"Staf hotel ramah-ramah dan sangat membantu saat check in dan check out. Fasilitas oke, nyaman dan bersih. Pokoknya memuaskan, Hotel Laut Biru Pangandaran 🥰🙏🏻",Diulas 104 minggu lalu,"https://ik.imagekit.io/tvlk/ugc-review/guys1L+Yyer9kzI3sp-pb0CG1j2bhflZGFUZOoIf1YOBAm37kEUOKR41ieUZm7ZJ/ugc-photo-ap-southeast-1-581603780057-acd24e232f75f09e/REVIEW/198580324_REVIEW_1715126278854_d9dca79764c6675a?_src=imagekit&tr=c-at_max,h-100,q-40,w-100","https://ik.imagekit.io/tvlk/ugc-review/guys1L+Yyer9kzI3sp-pb0CG1j2bhflZGFUZOoIf1YOBAm37kEUOKR41ieUZm7ZJ/ugc-photo-ap-southeast-1-581603780057-acd24e232f75f09e/REVIEW/198580324_REVIEW_1715126278854_7d35b07077e1516e?_src=imagekit&tr=c-at_max,h-100,q-40,w-100","https://ik.imagekit.io/tvlk/ugc-review/guys1L+Yyer9kzI3sp-pb0CG1j2bhflZGFUZOoIf1YOBAm37kEUOKR41ieUZm7ZJ/ugc-photo-ap-southeast-1-581603780057-acd24e232f75f09e/REVIEW/198580324_REVIEW_1715126278854_9e15be2e627c1395?_src=imagekit&tr=c-at_max,h-100,q-40,w-100",,,,,,,,,,,,,,,,,
https://www.traveloka.com/id-id/user/review/consumption/HOTEL/GENERAL/3000010015281,3,28,"Staff hotel ramah, kebersihan dan kenyamanan hotel terbaik, family recommend 👍.",Diulas 105 minggu lalu,"https://ik.imagekit.io/tvlk/ugc-review/guys1L+Yyer9kzI3sp-pb0CG1j2bhflZGFUZOoIf1YOBAm37kEUOKR41ieUZm7ZJ/ugc-photo-ap-southeast-1-581603780057-acd24e232f75f09e/REVIEW/96778308_REVIEW_1714715989209_a4a07b985a5a6528?_src=imagekit&tr=c-at_max,h-100,q-40,w-100",,,,,,,,,,,,,,,,,,,
https://www.traveloka.com/id-id/user/review/consumption/HOTEL/GENERAL/3000010015281,3,29,"Overall ok. Lokasi strategis, pantai barat depan hotel, pantai timur belakang hotel, strategis buat belanja tinggal jalan kaki ke belakang. Cuma untuk breakfast tidak banyak variasi, tapi enak kok.",Diulas 105 minggu lalu,"https://ik.imagekit.io/tvlk/ugc-review/guys1L+Yyer9kzI3sp-pb0CG1j2bhflZGFUZOoIf1YOBAm37kEUOKR41ieUZm7ZJ/ugc-photo-ap-southeast-1-581603780057-acd24e232f75f09e/REVIEW/242236492_REVIEW_1714535047841_0de2b43fef388880?_src=imagekit&tr=c-at_max,h-100,q-40,w-100",,,,,,,,,,,,,,,,,,,
https://www.traveloka.com/id-id/user/review/consumption/HOTEL/GENERAL/3000010015281,3,30,"Pertama kali nginep di laut biru. Kbetulan dapet kamar di lantai 3, aga cape ya karena bawa  lansia, fasilitas kamar OK, bersih, ac dingin g bmasalah, tp wifi ga connect trus, kolam renang luas, anak senang berenang di sini👍👍👍, pas breakfast menu lumayan lengkap, cukup enak, saran anak 5thn d hotel lain biasany gratis, ini gak, tp ga mslh. Dari semua nya cukup menyenangkan. Terima kasih",Diulas 106 minggu lalu,"https://ik.imagekit.io/tvlk/ugc-review/guys1L+Yyer9kzI3sp-pb0CG1j2bhflZGFUZOoIf1YOBAm37kEUOKR41ieUZm7ZJ/ugc-photo-ap-southeast-1-581603780057-acd24e232f75f09e/REVIEW/209288861_REVIEW_1714008163804_a8f62ee4f90062f7?_src=imagekit&tr=c-at_max,h-100,q-40,w-100","https://ik.imagekit.io/tvlk/ugc-review/guys1L+Yyer9kzI3sp-pb0CG1j2bhflZGFUZOoIf1YOBAm37kEUOKR41ieUZm7ZJ/ugc-photo-ap-southeast-1-581603780057-acd24e232f75f09e/REVIEW/209288861_REVIEW_1714008163805_e75c4ee78908e6aa?_src=imagekit&tr=c-at_max,h-100,q-40,w-100",,,,,,,,,,,,,,,,,,
https://www.traveloka.com/id-id/user/review/consumption/HOTEL/GENERAL/3000010015281,3,31,"Hotel ter-the best di Pangandaran yang paling suka bersih dan fasilitasnya, akses ke pantai dekat. Hanya saja kalau dapat kamar lantai atas, capek kalau turun naik saja hehe.",Diulas 107 minggu lalu,"https://ik.imagekit.io/tvlk/ugc-review/guys1L+Yyer9kzI3sp-pb0CG1j2bhflZGFUZOoIf1YOBAm37kEUOKR41ieUZm7ZJ/ugc-photo-ap-southeast-1-581603780057-acd24e232f75f09e/REVIEW/19587302_REVIEW_1713858903508_5c039465d18eb000?_src=imagekit&tr=c-at_max,h-100,q-40,w-100","https://ik.imagekit.io/tvlk/ugc-review/guys1L+Yyer9kzI3sp-pb0CG1j2bhflZGFUZOoIf1YOBAm37kEUOKR41ieUZm7ZJ/ugc-photo-ap-southeast-1-581603780057-acd24e232f75f09e/REVIEW/19587302_REVIEW_1713858903508_8878c93ed80a7d57?_src=imagekit&tr=c-at_max,h-100,q-40,w-100",,,,,,,,,,,,,,,,,,
https://www.traveloka.com/id-id/user/review/consumption/HOTEL/GENERAL/3000010015281,3,32,"Staff hotel baik dan ramah lingkungan, kamar yang nyaman, dingin menggigil walaupun cuaca sangat hot di luar, mungkin karena AC nya pake merek sodikin. Di depannya bagus, kaya ada laut nya 😂. Bikin pengen balik lagi ke sini, gak ngebosenin.",Diulas 108 minggu lalu,"https://ik.imagekit.io/tvlk/ugc-review/guys1L+Yyer9kzI3sp-pb0CG1j2bhflZGFUZOoIf1YOBAm37kEUOKR41ieUZm7ZJ/ugc-photo-ap-southeast-1-581603780057-acd24e232f75f09e/REVIEW/125956393_REVIEW_1713261934038_417b36d18a05b036?_src=imagekit&tr=c-at_max,h-100,q-40,w-100","https://ik.imagekit.io/tvlk/ugc-review/guys1L+Yyer9kzI3sp-pb0CG1j2bhflZGFUZOoIf1YOBAm37kEUOKR41ieUZm7ZJ/ugc-photo-ap-southeast-1-581603780057-acd24e232f75f09e/REVIEW/125956393_REVIEW_1713261934039_b821b2887fb9c391?_src=imagekit&tr=c-at_max,h-100,q-40,w-100","https://ik.imagekit.io/tvlk/ugc-review/guys1L+Yyer9kzI3sp-pb0CG1j2bhflZGFUZOoIf1YOBAm37kEUOKR41ieUZm7ZJ/ugc-photo-ap-southeast-1-581603780057-acd24e232f75f09e/REVIEW/125956393_REVIEW_1713261934039_29c470c4997761be?_src=imagekit&tr=c-at_max,h-100,q-40,w-100","https://ik.imagekit.io/tvlk/ugc-review/guys1L+Yyer9kzI3sp-pb0CG1j2bhflZGFUZOoIf1YOBAm37kEUOKR41ieUZm7ZJ/ugc-photo-ap-southeast-1-581603780057-acd24e232f75f09e/REVIEW/125956393_REVIEW_1713261934039_3ab7b4470ef4d53c?_src=imagekit&tr=c-at_max,h-100,q-40,w-100","https://ik.imagekit.io/tvlk/ugc-review/guys1L+Yyer9kzI3sp-pb0CG1j2bhflZGFUZOoIf1YOBAm37kEUOKR41ieUZm7ZJ/ugc-photo-ap-southeast-1-581603780057-acd24e232f75f09e/REVIEW/125956393_REVIEW_1713261934038_b4c00cc599e682e0?_src=imagekit&tr=c-at_max,h-100,q-40,w-100",,,,,,,,,,,,,,,
https://www.traveloka.com/id-id/user/review/consumption/HOTEL/GENERAL/3000010015281,3,33,"Makanan nya enak, kamar bersih, toilet bersih, akses kemana-kemana mudah",Diulas 108 minggu lalu,"https://ik.imagekit.io/tvlk/ugc-review/guys1L+Yyer9kzI3sp-pb0CG1j2bhflZGFUZOoIf1YOBAm37kEUOKR41ieUZm7ZJ/ugc-photo-ap-southeast-1-581603780057-acd24e232f75f09e/REVIEW/177752660_REVIEW_1713237728923_287725fd7a0532d7?_src=imagekit&tr=c-at_max,h-100,q-40,w-100","https://ik.imagekit.io/tvlk/ugc-review/guys1L+Yyer9kzI3sp-pb0CG1j2bhflZGFUZOoIf1YOBAm37kEUOKR41ieUZm7ZJ/ugc-photo-ap-southeast-1-581603780057-acd24e232f75f09e/REVIEW/177752660_REVIEW_1713237769218_0a6e5b9ee65c4f5c?_src=imagekit&tr=c-at_max,h-100,q-40,w-100",,,,,,,,,,,,,,,,,,
https://www.traveloka.com/id-id/user/review/consumption/HOTEL/GENERAL/3000010015281,3,34,"Air mati saat mau mandi beberapa kali, makanan tidak terlalu banyak menu pilihan, dan rasa sangat biasa sekali.",Diulas 108 minggu lalu,"https://ik.imagekit.io/tvlk/ugc-review/guys1L+Yyer9kzI3sp-pb0CG1j2bhflZGFUZOoIf1YOBAm37kEUOKR41ieUZm7ZJ/ugc-photo-ap-southeast-1-581603780057-acd24e232f75f09e/ACCOMMODATION/308613580_ACCOMMODATION_1713098957173_9047c1e4f4969c87?_src=imagekit&tr=c-at_max,h-100,q-40,w-100",,,,,,,,,,,,,,,,,,,
https://www.traveloka.com/id-id/user/review/consumption/HOTEL/GENERAL/3000010015281,3,35,"Lokasinya tepat di tengah-tengah wisata Pangandaran. Sangat strategis, bisa akses ke pantai, ATV, perahu, dan juga restaurant favorite, yaitu Rasa Sayang. Tinggal di kamar VIP 2 malam dengan keluarga jadi seru. Boleh early check-in jam 10. Terima kasih front desk dan terima kasih Laut Biru.",Diulas 108 minggu lalu,"https://ik.imagekit.io/tvlk/ugc-review/guys1L+Yyer9kzI3sp-pb0CG1j2bhflZGFUZOoIf1YOBAm37kEUOKR41ieUZm7ZJ/ugc-photo-ap-southeast-1-581603780057-acd24e232f75f09e/ACCOMMODATION/9377877_ACCOMMODATION_1713088072751_4aa7932c604e916b?_src=imagekit&tr=c-at_max,h-100,q-40,w-100","https://ik.imagekit.io/tvlk/ugc-review/guys1L+Yyer9kzI3sp-pb0CG1j2bhflZGFUZOoIf1YOBAm37kEUOKR41ieUZm7ZJ/ugc-photo-ap-southeast-1-581603780057-acd24e232f75f09e/ACCOMMODATION/9377877_ACCOMMODATION_1713088072751_4db0ded2886fe2dd?_src=imagekit&tr=c-at_max,h-100,q-40,w-100","https://ik.imagekit.io/tvlk/ugc-review/guys1L+Yyer9kzI3sp-pb0CG1j2bhflZGFUZOoIf1YOBAm37kEUOKR41ieUZm7ZJ/ugc-photo-ap-southeast-1-581603780057-acd24e232f75f09e/ACCOMMODATION/9377877_ACCOMMODATION_1713088072752_6d0fd2566fea933c?_src=imagekit&tr=c-at_max,h-100,q-40,w-100",,,,,,,,,,,,,,,,,
https://www.traveloka.com/id-id/user/review/consumption/HOTEL/GENERAL/3000010015281,3,36,"Sangat puas, modern, tidak jadul, petugas ramah & helpful, harga affordable, sea view, hotel yang sangat strategis karena pas depan pantai barat. Kemana-mana tinggal jalan kaki, ada CFC depan hotel, ada starbucks juga, jajanan & pedagang oleh-oleh dekat tinggal jalan. Di belakang ada RM rasa sayang seafood yang rekomen. Best choice menginap disink",Diulas 109 minggu lalu,"https://ik.imagekit.io/tvlk/ugc-review/guys1L+Yyer9kzI3sp-pb0CG1j2bhflZGFUZOoIf1YOBAm37kEUOKR41ieUZm7ZJ/ugc-photo-ap-southeast-1-581603780057-acd24e232f75f09e/ACCOMMODATION/182235473_ACCOMMODATION_1712601607241_532a6ad620dd098b?_src=imagekit&tr=c-at_max,h-100,q-40,w-100",,,,,,,,,,,,,,,,,,,
https://www.traveloka.com/id-id/user/review/consumption/HOTEL/GENERAL/3000010015281,3,37,"Spot foto di lantai 7 nya kren banget, kamarnya juga bersih",Diulas 114 minggu lalu,"https://ik.imagekit.io/tvlk/ugc-review/guys1L+Yyer9kzI3sp-pb0CG1j2bhflZGFUZOoIf1YOBAm37kEUOKR41ieUZm7ZJ/ugc-photo-ap-southeast-1-581603780057-acd24e232f75f09e/ACCOMMODATION/121425934_ACCOMMODATION_1709106160736_5223538bdee44623?_src=imagekit&tr=c-at_max,h-100,q-40,w-100",,,,,,,,,,,,,,,,,,,
https://www.traveloka.com/id-id/user/review/consumption/HOTEL/GENERAL/3000010015281,3,38,"Ok mantap, next pangandaran d sini lagi",Diulas 115 minggu lalu,"https://ik.imagekit.io/tvlk/ugc-review/guys1L+Yyer9kzI3sp-pb0CG1j2bhflZGFUZOoIf1YOBAm37kEUOKR41ieUZm7ZJ/ugc-photo-ap-southeast-1-581603780057-acd24e232f75f09e/ACCOMMODATION/315958864_ACCOMMODATION_1709005630078_d572e50913838869?_src=imagekit&tr=c-at_max,h-100,q-40,w-100",,,,,,,,,,,,,,,,,,,
https://www.traveloka.com/id-id/user/review/consumption/HOTEL/GENERAL/3000010015281,3,39,"Bersih dan memuaskan, bisa early check in",Diulas 116 minggu lalu,"https://ik.imagekit.io/tvlk/ugc-review/guys1L+Yyer9kzI3sp-pb0CG1j2bhflZGFUZOoIf1YOBAm37kEUOKR41ieUZm7ZJ/ugc-photo-ap-southeast-1-581603780057-acd24e232f75f09e/ACCOMMODATION/21938434_ACCOMMODATION_1708238578445_99630ff9a380abdf?_src=imagekit&tr=c-at_max,h-100,q-40,w-100",,,,,,,,,,,,,,,,,,,
https://www.traveloka.com/id-id/user/review/consumption/HOTEL/GENERAL/3000010015281,3,40,"Nice hotel, hanya kamar kita tv nya jelek sekali gambarnya.",Diulas 117 minggu lalu,"https://ik.imagekit.io/tvlk/ugc-review/guys1L+Yyer9kzI3sp-pb0CG1j2bhflZGFUZOoIf1YOBAm37kEUOKR41ieUZm7ZJ/ugc-photo-ap-southeast-1-581603780057-acd24e232f75f09e/ACCOMMODATION/202934073_ACCOMMODATION_1707776079928_0b7daf40ec0d79c4?_src=imagekit&tr=c-at_max,h-100,q-40,w-100",,,,,,,,,,,,,,,,,,,
https://www.traveloka.com/id-id/user/review/consumption/HOTEL/GENERAL/3000010015281,4,1,"Pengalaman pertama menginap di hotel laut biru, dengan kamar 2 x Mezanin room, kita d sambut dengan sangat baik dan ramah, klu boleh kasih saran untuk ruang atas, di sediakan tempat sampah cermin dan tempat baju, agak sedikit kecewa ketika sarapan anak harus beli lagi kupon,(sampe nambah 4 kupon dengan harga 75 rbu / kupon) d mna usia anak nya pun gak lebih dari 6 th",Diulas 117 minggu lalu,"https://ik.imagekit.io/tvlk/ugc-review/guys1L+Yyer9kzI3sp-pb0CG1j2bhflZGFUZOoIf1YOBAm37kEUOKR41ieUZm7ZJ/ugc-photo-ap-southeast-1-581603780057-acd24e232f75f09e/ACCOMMODATION/248144134_ACCOMMODATION_1707741158799_71e9a0bc921e7d56?_src=imagekit&tr=c-at_max,h-100,q-40,w-100",,,,,,,,,,,,,,,,,,,
https://www.traveloka.com/id-id/user/review/consumption/HOTEL/GENERAL/3000010015281,4,2,"Kondisi kamar saat check in kotor. Berbeda dengan dulu. Sekarang kamarnya ada bau, kurang bersih. Baru check in ada rambut di lantai & bed cover. Wc juga tidak sebersih dulu",Diulas 117 minggu lalu,"https://ik.imagekit.io/tvlk/ugc-review/guys1L+Yyer9kzI3sp-pb0CG1j2bhflZGFUZOoIf1YOBAm37kEUOKR41ieUZm7ZJ/ugc-photo-ap-southeast-1-581603780057-acd24e232f75f09e/ACCOMMODATION/36501938_ACCOMMODATION_1707644741520_b3b58c619834fad6?_src=imagekit&tr=c-at_max,h-100,q-40,w-100","https://ik.imagekit.io/tvlk/ugc-review/guys1L+Yyer9kzI3sp-pb0CG1j2bhflZGFUZOoIf1YOBAm37kEUOKR41ieUZm7ZJ/ugc-photo-ap-southeast-1-581603780057-acd24e232f75f09e/ACCOMMODATION/36501938_ACCOMMODATION_1707644905974_4dab97546f97815d?_src=imagekit&tr=c-at_max,h-100,q-40,w-100",,,,,,,,,,,,,,,,,,
https://www.traveloka.com/id-id/user/review/consumption/HOTEL/GENERAL/3000010015281,4,3,"Menginap di sini 1 malam. Kamar luas. Cocok untuk keluarga rombongan. Terdapat 3 kamar tidur dan 1 ruang keluarga. Pemandangan menghadap view ke pantai, hanya saja pohon depan kamar tinggi tinggi, sehingga agak menutupi pemandangan nya, tetapi tetap oke. Hotel menyediakan makan pagi juga, makanan lumayan enak.",Diulas 117 minggu lalu,"https://ik.imagekit.io/tvlk/ugc-review/guys1L+Yyer9kzI3sp-pb0CG1j2bhflZGFUZOoIf1YOBAm37kEUOKR41ieUZm7ZJ/ugc-photo-ap-southeast-1-581603780057-acd24e232f75f09e/ACCOMMODATION/20719760_ACCOMMODATION_1707614105853_0da511e65a9e081f?_src=imagekit&tr=c-at_max,h-100,q-40,w-100","https://ik.imagekit.io/tvlk/ugc-review/guys1L+Yyer9kzI3sp-pb0CG1j2bhflZGFUZOoIf1YOBAm37kEUOKR41ieUZm7ZJ/ugc-photo-ap-southeast-1-581603780057-acd24e232f75f09e/ACCOMMODATION/20719760_ACCOMMODATION_1707614105852_d3203cbb9169f33b?_src=imagekit&tr=c-at_max,h-100,q-40,w-100","https://ik.imagekit.io/tvlk/ugc-review/guys1L+Yyer9kzI3sp-pb0CG1j2bhflZGFUZOoIf1YOBAm37kEUOKR41ieUZm7ZJ/ugc-photo-ap-southeast-1-581603780057-acd24e232f75f09e/ACCOMMODATION/20719760_ACCOMMODATION_1707614105853_f7eca7e815f5da58?_src=imagekit&tr=c-at_max,h-100,q-40,w-100","https://ik.imagekit.io/tvlk/ugc-review/guys1L+Yyer9kzI3sp-pb0CG1j2bhflZGFUZOoIf1YOBAm37kEUOKR41ieUZm7ZJ/ugc-photo-ap-southeast-1-581603780057-acd24e232f75f09e/ACCOMMODATION/20719760_ACCOMMODATION_1707614105853_de44c15da4e3642e?_src=imagekit&tr=c-at_max,h-100,q-40,w-100",,,,,,,,,,,,,,,,
https://www.traveloka.com/id-id/user/review/consumption/HOTEL/GENERAL/3000010015281,4,4,"Dari kamar bisa langsung melihat laut, dan sangat strategis bisa ke pantai Timur dan pantai Barat",Diulas 117 minggu lalu,"https://ik.imagekit.io/tvlk/ugc-review/guys1L+Yyer9kzI3sp-pb0CG1j2bhflZGFUZOoIf1YOBAm37kEUOKR41ieUZm7ZJ/ugc-photo-ap-southeast-1-581603780057-acd24e232f75f09e/ACCOMMODATION/10919735_ACCOMMODATION_1707439629833_29c0c7161e66e39e?_src=imagekit&tr=c-at_max,h-100,q-40,w-100","https://ik.imagekit.io/tvlk/ugc-review/guys1L+Yyer9kzI3sp-pb0CG1j2bhflZGFUZOoIf1YOBAm37kEUOKR41ieUZm7ZJ/ugc-photo-ap-southeast-1-581603780057-acd24e232f75f09e/ACCOMMODATION/10919735_ACCOMMODATION_1707439629833_24e49caf1e4ef91c?_src=imagekit&tr=c-at_max,h-100,q-40,w-100","https://ik.imagekit.io/tvlk/ugc-review/guys1L+Yyer9kzI3sp-pb0CG1j2bhflZGFUZOoIf1YOBAm37kEUOKR41ieUZm7ZJ/ugc-photo-ap-southeast-1-581603780057-acd24e232f75f09e/ACCOMMODATION/10919735_ACCOMMODATION_1707439629833_24f4da60d14693dd?_src=imagekit&tr=c-at_max,h-100,q-40,w-100",,,,,,,,,,,,,,,,,
https://www.traveloka.com/id-id/user/review/consumption/HOTEL/GENERAL/3000010015281,4,5,"Akomodasi cocok untuk liburan bersama keluarga tercinta, dan keluarga besar, dekat dengan pantai yang aman berenang untuk anak, hotel yang strategis, breakfast yang cukup enak terutama pisang goreng yang selalu rebutan, juga bisa menyediakan acara area hiburan dan dinner bersama keluarga, setiap ke Pangandaran selalu ke nginap di sini, kamar bersih, pelayanan juga gercep pas waktu AC kamar kurang dingin langsung diperbaiki, and spot foto rooftop-nya yang menjadi icon. Sukses selalu Laut Biru, tingkatkan lagi fasilitasnya dan pelayanannya",Diulas 119 minggu lalu,"https://ik.imagekit.io/tvlk/ugc-review/guys1L+Yyer9kzI3sp-pb0CG1j2bhflZGFUZOoIf1YOBAm37kEUOKR41ieUZm7ZJ/ugc-photo-ap-southeast-1-581603780057-acd24e232f75f09e/ACCOMMODATION/205462474_ACCOMMODATION_1706102285497_08b321cd74efbc88?_src=imagekit&tr=c-at_max,h-80,q-40,w-80","https://ik.imagekit.io/tvlk/ugc-review/guys1L+Yyer9kzI3sp-pb0CG1j2bhflZGFUZOoIf1YOBAm37kEUOKR41ieUZm7ZJ/ugc-photo-ap-southeast-1-581603780057-acd24e232f75f09e/ACCOMMODATION/205462474_ACCOMMODATION_1706102285497_1fc8351fac59c77e?_src=imagekit&tr=c-at_max,h-80,q-40,w-80","https://ik.imagekit.io/tvlk/ugc-review/guys1L+Yyer9kzI3sp-pb0CG1j2bhflZGFUZOoIf1YOBAm37kEUOKR41ieUZm7ZJ/ugc-photo-ap-southeast-1-581603780057-acd24e232f75f09e/ACCOMMODATION/205462474_ACCOMMODATION_1706102285496_f03eccddcd956cad?_src=imagekit&tr=c-at_max,h-80,q-40,w-80","https://ik.imagekit.io/tvlk/ugc-review/guys1L+Yyer9kzI3sp-pb0CG1j2bhflZGFUZOoIf1YOBAm37kEUOKR41ieUZm7ZJ/ugc-photo-ap-southeast-1-581603780057-acd24e232f75f09e/ACCOMMODATION/205462474_ACCOMMODATION_1706102285495_ed5e748f7d5beb9f?_src=imagekit&tr=c-at_max,h-80,q-40,w-80","https://ik.imagekit.io/tvlk/ugc-review/guys1L+Yyer9kzI3sp-pb0CG1j2bhflZGFUZOoIf1YOBAm37kEUOKR41ieUZm7ZJ/ugc-photo-ap-southeast-1-581603780057-acd24e232f75f09e/ACCOMMODATION/205462474_ACCOMMODATION_1706102285496_190f55b607c30191?_src=imagekit&tr=c-at_max,h-80,q-40,w-80","https://ik.imagekit.io/tvlk/ugc-review/guys1L+Yyer9kzI3sp-pb0CG1j2bhflZGFUZOoIf1YOBAm37kEUOKR41ieUZm7ZJ/ugc-photo-ap-southeast-1-581603780057-acd24e232f75f09e/ACCOMMODATION/205462474_ACCOMMODATION_1706102285496_d508fa7994e88479?_src=imagekit&tr=c-at_max,h-80,q-40,w-80","https://ik.imagekit.io/tvlk/ugc-review/guys1L+Yyer9kzI3sp-pb0CG1j2bhflZGFUZOoIf1YOBAm37kEUOKR41ieUZm7ZJ/ugc-photo-ap-southeast-1-581603780057-acd24e232f75f09e/ACCOMMODATION/205462474_ACCOMMODATION_1706102285497_0c9eb8bf71a8ff73?_src=imagekit&tr=c-at_max,h-80,q-40,w-80",,,,,,,,,,,,,
https://www.traveloka.com/id-id/user/review/consumption/HOTEL/GENERAL/3000010015281,4,6,"Dari awal datang alhamdulillah engga ada kendala, semua normal-normal aja pelayananannya. Frontline ramah ya standar lah, staff-staff hotel yang lain juga membantu dan ramah. Sarapan di jam awal, sudah hampir tersedia semua, buat kami sih oke ya untuk rasanya. Dapat kamar juga sesuai pesanan. Depan-depanan sama Pantai Barat jadi bisa lihat kapan di jam tidak terlalu ramai untuk main di pantainya. Fasilitas hotel juga tersedia, sendal hotel, AC dingin, air panas nyala, kulkas dingin tinggal dinyalakan suhunya, handuk dan perlengkapan mandi lainnya ada. Kolam renang bagus buat anak-anak dan dewasa. Semoga ke depannya semakin baik ya buat Laut Biru Resort Hotel.",Diulas 121 minggu lalu,"https://ik.imagekit.io/tvlk/ugc-review/guys1L+Yyer9kzI3sp-pb0CG1j2bhflZGFUZOoIf1YOBAm37kEUOKR41ieUZm7ZJ/ugc-photo-ap-southeast-1-581603780057-acd24e232f75f09e/ACCOMMODATION/310785443_ACCOMMODATION_1705269876540_5912487885d0cdfc?_src=imagekit&tr=c-at_max,h-100,q-40,w-100","https://ik.imagekit.io/tvlk/ugc-review/guys1L+Yyer9kzI3sp-pb0CG1j2bhflZGFUZOoIf1YOBAm37kEUOKR41ieUZm7ZJ/ugc-photo-ap-southeast-1-581603780057-acd24e232f75f09e/ACCOMMODATION/310785443_ACCOMMODATION_1705269876540_ba261185dfd609e8?_src=imagekit&tr=c-at_max,h-100,q-40,w-100","https://ik.imagekit.io/tvlk/ugc-review/guys1L+Yyer9kzI3sp-pb0CG1j2bhflZGFUZOoIf1YOBAm37kEUOKR41ieUZm7ZJ/ugc-photo-ap-southeast-1-581603780057-acd24e232f75f09e/ACCOMMODATION/310785443_ACCOMMODATION_1705269876541_d55b35188040ced6?_src=imagekit&tr=c-at_max,h-100,q-40,w-100","https://ik.imagekit.io/tvlk/ugc-review/guys1L+Yyer9kzI3sp-pb0CG1j2bhflZGFUZOoIf1YOBAm37kEUOKR41ieUZm7ZJ/ugc-photo-ap-southeast-1-581603780057-acd24e232f75f09e/ACCOMMODATION/310785443_ACCOMMODATION_1705269876541_a3968ab75364339a?_src=imagekit&tr=c-at_max,h-100,q-40,w-100","https://ik.imagekit.io/tvlk/ugc-review/guys1L+Yyer9kzI3sp-pb0CG1j2bhflZGFUZOoIf1YOBAm37kEUOKR41ieUZm7ZJ/ugc-photo-ap-southeast-1-581603780057-acd24e232f75f09e/ACCOMMODATION/310785443_ACCOMMODATION_1705269876540_cad091906092c1f3?_src=imagekit&tr=c-at_max,h-100,q-40,w-100",,,,,,,,,,,,,,,
https://www.traveloka.com/id-id/user/review/consumption/HOTEL/GENERAL/3000010015281,4,7,"Fasilitas oke, pelayanan ramah juga.",Diulas 122 minggu lalu,"https://ik.imagekit.io/tvlk/ugc-review/guys1L+Yyer9kzI3sp-pb0CG1j2bhflZGFUZOoIf1YOBAm37kEUOKR41ieUZm7ZJ/ugc-photo-ap-southeast-1-581603780057-acd24e232f75f09e/ACCOMMODATION/15797209_ACCOMMODATION_1704622229001_aca386a2b65d7c55?_src=imagekit&tr=c-at_max,h-100,q-40,w-100",,,,,,,,,,,,,,,,,,,
https://www.traveloka.com/id-id/user/review/consumption/HOTEL/GENERAL/3000010015281,4,8,Hotelnya enak bersih. Luas. Pelayanannya juga oke👌🏻.,Diulas 122 minggu lalu,"https://ik.imagekit.io/tvlk/ugc-review/guys1L+Yyer9kzI3sp-pb0CG1j2bhflZGFUZOoIf1YOBAm37kEUOKR41ieUZm7ZJ/ugc-photo-ap-southeast-1-581603780057-acd24e232f75f09e/ACCOMMODATION/268188758_ACCOMMODATION_1704543031272_c6e33ba0fe0b8163?_src=imagekit&tr=c-at_max,h-100,q-40,w-100","https://ik.imagekit.io/tvlk/ugc-review/guys1L+Yyer9kzI3sp-pb0CG1j2bhflZGFUZOoIf1YOBAm37kEUOKR41ieUZm7ZJ/ugc-photo-ap-southeast-1-581603780057-acd24e232f75f09e/ACCOMMODATION/268188758_ACCOMMODATION_1704543031272_8f1f7c3e476d5ea6?_src=imagekit&tr=c-at_max,h-100,q-40,w-100",,,,,,,,,,,,,,,,,,
https://www.traveloka.com/id-id/user/review/consumption/HOTEL/GENERAL/3000010015281,4,9,"Yeay akhirnya. Pasca pandemic kembali lagi ke Pangandaran. Dan untuk ke 2 kalinya menginap lagi di Laut Biru Hotel, tempat yang strategis karena akses depan langsung pantai. Area hotel juga luas, ada playground anak anak, kolam renang anak besar dan dilengkapi dengan waterboom, ada juga kolam renang dewasa di bangunan hotel sebelah (gedung lama) jadi ada beberapa pilihan, staff ramah, security juga informatif ramah dan mengarahkan. Kamar bersih, rapi, luas. AC dingin, untuk menu breakfast cukuplah, hanya saja kurang banyak variatifnya. Overall puass banget. Karena sudah familiar. Next kesana lagi kalo lagi liburan",Diulas 130 minggu lalu,"https://ik.imagekit.io/tvlk/ugc-review/guys1L+Yyer9kzI3sp-pb0CG1j2bhflZGFUZOoIf1YOBAm37kEUOKR41ieUZm7ZJ/ugc-photo-ap-southeast-1-581603780057-acd24e232f75f09e/ACCOMMODATION/10079001_ACCOMMODATION_1699407098867_3718845be1c8bbed?_src=imagekit&tr=c-at_max,h-100,q-40,w-100","https://ik.imagekit.io/tvlk/ugc-review/guys1L+Yyer9kzI3sp-pb0CG1j2bhflZGFUZOoIf1YOBAm37kEUOKR41ieUZm7ZJ/ugc-photo-ap-southeast-1-581603780057-acd24e232f75f09e/ACCOMMODATION/10079001_ACCOMMODATION_1699407098867_a7d449dda3204a84?_src=imagekit&tr=c-at_max,h-100,q-40,w-100",,,,,,,,,,,,,,,,,,
https://www.traveloka.com/id-id/user/review/consumption/HOTEL/GENERAL/3000010015281,4,10,Deket ke pantai barat. Yuhu.,Diulas 132 minggu lalu,"https://ik.imagekit.io/tvlk/ugc-review/guys1L+Yyer9kzI3sp-pb0CG1j2bhflZGFUZOoIf1YOBAm37kEUOKR41ieUZm7ZJ/ugc-photo-ap-southeast-1-581603780057-acd24e232f75f09e/ACCOMMODATION/16776545_ACCOMMODATION_1698393842285_6312f570798da881?_src=imagekit&tr=c-at_max,h-100,q-40,w-100",,,,,,,,,,,,,,,,,,,
https://www.traveloka.com/id-id/user/review/consumption/HOTEL/GENERAL/3000010015281,4,11,"Hotel nyaman, staf ramah, makanan enak & variatif, brhadapan dengan pantai barat & timur langsung, recommended pokoknya 🤗👍.",Diulas 133 minggu lalu,"https://ik.imagekit.io/tvlk/ugc-review/guys1L+Yyer9kzI3sp-pb0CG1j2bhflZGFUZOoIf1YOBAm37kEUOKR41ieUZm7ZJ/ugc-photo-ap-southeast-1-581603780057-acd24e232f75f09e/ACCOMMODATION/4382822_ACCOMMODATION_1697848807520_68584301485b1729?_src=imagekit&tr=c-at_max,h-100,q-40,w-100",,,,,,,,,,,,,,,,,,,
https://www.traveloka.com/id-id/user/review/consumption/HOTEL/GENERAL/3000010015281,4,12,"Untuk kenyamanan dan kebersihan juara ya, Laut Biru sekarang ada playgroundnya, cocok untuk yang punya anak anak. Kolam renangnya full dingin, ga ada air hangat, anakku kurang suka, kemudian breakfastnya kurang enak, dan kurang banyak dengan harga kamar hotel seperti bintang 4, kurang worth it ☺️",Diulas 138 minggu lalu,"https://ik.imagekit.io/tvlk/ugc-review/guys1L+Yyer9kzI3sp-pb0CG1j2bhflZGFUZOoIf1YOBAm37kEUOKR41ieUZm7ZJ/ugc-photo-ap-southeast-1-581603780057-acd24e232f75f09e/ACCOMMODATION/118025866_ACCOMMODATION_1694555413212_7e888d4985b1c3f1?_src=imagekit&tr=c-at_max,h-100,q-40,w-100","https://ik.imagekit.io/tvlk/ugc-review/guys1L+Yyer9kzI3sp-pb0CG1j2bhflZGFUZOoIf1YOBAm37kEUOKR41ieUZm7ZJ/ugc-photo-ap-southeast-1-581603780057-acd24e232f75f09e/ACCOMMODATION/118025866_ACCOMMODATION_1694555413213_8e03510d88b2a264?_src=imagekit&tr=c-at_max,h-100,q-40,w-100","https://ik.imagekit.io/tvlk/ugc-review/guys1L+Yyer9kzI3sp-pb0CG1j2bhflZGFUZOoIf1YOBAm37kEUOKR41ieUZm7ZJ/ugc-photo-ap-southeast-1-581603780057-acd24e232f75f09e/ACCOMMODATION/118025866_ACCOMMODATION_1694555413213_f95c35e80b99ccd8?_src=imagekit&tr=c-at_max,h-100,q-40,w-100","https://ik.imagekit.io/tvlk/ugc-review/guys1L+Yyer9kzI3sp-pb0CG1j2bhflZGFUZOoIf1YOBAm37kEUOKR41ieUZm7ZJ/ugc-photo-ap-southeast-1-581603780057-acd24e232f75f09e/ACCOMMODATION/118025866_ACCOMMODATION_1694555413213_78e8247b4fcd707f?_src=imagekit&tr=c-at_max,h-100,q-40,w-100",,,,,,,,,,,,,,,,
https://www.traveloka.com/id-id/user/review/consumption/HOTEL/GENERAL/3000010015281,4,13,"Tempatnya bersih, air panas nyala, kamar luas yang deluxe, ada balkon, tempat foto kece, depan langsung pantai barat, akses kemana-mana gampang, ke pantai timur juga deket.",Diulas 140 minggu lalu,"https://ik.imagekit.io/tvlk/ugc-review/guys1L+Yyer9kzI3sp-pb0CG1j2bhflZGFUZOoIf1YOBAm37kEUOKR41ieUZm7ZJ/ugc-photo-ap-southeast-1-581603780057-acd24e232f75f09e/ACCOMMODATION/5599877_ACCOMMODATION_1693809368797_4a09fc7ca2d884c0?_src=imagekit&tr=c-at_max,h-100,q-40,w-100","https://ik.imagekit.io/tvlk/ugc-review/guys1L+Yyer9kzI3sp-pb0CG1j2bhflZGFUZOoIf1YOBAm37kEUOKR41ieUZm7ZJ/ugc-photo-ap-southeast-1-581603780057-acd24e232f75f09e/ACCOMMODATION/5599877_ACCOMMODATION_1693809368797_3b8f9048a69ec78c?_src=imagekit&tr=c-at_max,h-100,q-40,w-100",,,,,,,,,,,,,,,,,,
https://www.traveloka.com/id-id/user/review/consumption/HOTEL/GENERAL/3000010015281,4,14,"Fasilitas sesuai dengan harga. Kolam renang bersih, penjaga ready di tempat. Kedua kalinya nginap di sini.",Diulas 141 minggu lalu,"https://ik.imagekit.io/tvlk/ugc-review/guys1L+Yyer9kzI3sp-pb0CG1j2bhflZGFUZOoIf1YOBAm37kEUOKR41ieUZm7ZJ/ugc-photo-ap-southeast-1-581603780057-acd24e232f75f09e/ACCOMMODATION/4880172_ACCOMMODATION_1693280574144_b8404759ff0265e9?_src=imagekit&tr=c-at_max,h-100,q-40,w-100","https://ik.imagekit.io/tvlk/ugc-review/guys1L+Yyer9kzI3sp-pb0CG1j2bhflZGFUZOoIf1YOBAm37kEUOKR41ieUZm7ZJ/ugc-photo-ap-southeast-1-581603780057-acd24e232f75f09e/ACCOMMODATION/4880172_ACCOMMODATION_1693280574144_d81261503412f8f9?_src=imagekit&tr=c-at_max,h-100,q-40,w-100","https://ik.imagekit.io/tvlk/ugc-review/guys1L+Yyer9kzI3sp-pb0CG1j2bhflZGFUZOoIf1YOBAm37kEUOKR41ieUZm7ZJ/ugc-photo-ap-southeast-1-581603780057-acd24e232f75f09e/ACCOMMODATION/4880172_ACCOMMODATION_1693280574144_5c82d294135de9f2?_src=imagekit&tr=c-at_max,h-100,q-40,w-100","https://ik.imagekit.io/tvlk/ugc-review/guys1L+Yyer9kzI3sp-pb0CG1j2bhflZGFUZOoIf1YOBAm37kEUOKR41ieUZm7ZJ/ugc-photo-ap-southeast-1-581603780057-acd24e232f75f09e/ACCOMMODATION/4880172_ACCOMMODATION_1693280574145_cabad3eea20b403e?_src=imagekit&tr=c-at_max,h-100,q-40,w-100",,,,,,,,,,,,,,,,
https://www.traveloka.com/id-id/user/review/consumption/HOTEL/GENERAL/3000010015281,4,15,"Saya menghabiskan liburan saya dengan anak-anak saya di liburan sekolah, hotel ini sangat ramai karena liburan panjang karena Idul Adha, saya merasa tinggal di sini seperti di apartemen bukan hotel, mengambil sarapan dalam antrian panjang seperti di pesta pernikahan, kebutuhan makanan untuk ditingkatkan karena dengan uang yang saya habiskan di sini saya berhak mendapatkan makanan yang lebih baik maka hotel yang paling menyebalkan adalah tidak ada sendok tidak yakin mengapa hotel tidak bisa mengelola restoran, saya harus menunggu lebih lama untuk sendok. Kamar bersih seperti studio di apartemen, pemandangan bagus ke pantai tapi masih di luar ekspektasi saya. Mungkin saya akan memilih hotel lain untuk kunjungan saya selanjutnya.",Diulas 149 minggu lalu,"https://ik.imagekit.io/tvlk/ugc-review/guys1L+Yyer9kzI3sp-pb0CG1j2bhflZGFUZOoIf1YOBAm37kEUOKR41ieUZm7ZJ/ugc-photo-ap-southeast-1-581603780057-acd24e232f75f09e/ACCOMMODATION/11092150_ACCOMMODATION_1688269101136_f848d77b5678acba?_src=imagekit&tr=c-at_max,h-80,q-40,w-80","https://ik.imagekit.io/tvlk/ugc-review/guys1L+Yyer9kzI3sp-pb0CG1j2bhflZGFUZOoIf1YOBAm37kEUOKR41ieUZm7ZJ/ugc-photo-ap-southeast-1-581603780057-acd24e232f75f09e/ACCOMMODATION/11092150_ACCOMMODATION_1688269101136_e80e81e3c3e57a27?_src=imagekit&tr=c-at_max,h-80,q-40,w-80","https://ik.imagekit.io/tvlk/ugc-review/guys1L+Yyer9kzI3sp-pb0CG1j2bhflZGFUZOoIf1YOBAm37kEUOKR41ieUZm7ZJ/ugc-photo-ap-southeast-1-581603780057-acd24e232f75f09e/ACCOMMODATION/11092150_ACCOMMODATION_1688269101136_fd1dddd5cf6c2a03?_src=imagekit&tr=c-at_max,h-80,q-40,w-80","https://ik.imagekit.io/tvlk/ugc-review/guys1L+Yyer9kzI3sp-pb0CG1j2bhflZGFUZOoIf1YOBAm37kEUOKR41ieUZm7ZJ/ugc-photo-ap-southeast-1-581603780057-acd24e232f75f09e/ACCOMMODATION/11092150_ACCOMMODATION_1688269101137_7872b3f32fd3aa39?_src=imagekit&tr=c-at_max,h-80,q-40,w-80","https://ik.imagekit.io/tvlk/ugc-review/guys1L+Yyer9kzI3sp-pb0CG1j2bhflZGFUZOoIf1YOBAm37kEUOKR41ieUZm7ZJ/ugc-photo-ap-southeast-1-581603780057-acd24e232f75f09e/ACCOMMODATION/11092150_ACCOMMODATION_1688269101137_67a0dba37d6b8b4d?_src=imagekit&tr=c-at_max,h-80,q-40,w-80","https://ik.imagekit.io/tvlk/ugc-review/guys1L+Yyer9kzI3sp-pb0CG1j2bhflZGFUZOoIf1YOBAm37kEUOKR41ieUZm7ZJ/ugc-photo-ap-southeast-1-581603780057-acd24e232f75f09e/ACCOMMODATION/11092150_ACCOMMODATION_1688269101137_c1f728ba676636b9?_src=imagekit&tr=c-at_max,h-80,q-40,w-80","https://ik.imagekit.io/tvlk/ugc-review/guys1L+Yyer9kzI3sp-pb0CG1j2bhflZGFUZOoIf1YOBAm37kEUOKR41ieUZm7ZJ/ugc-photo-ap-southeast-1-581603780057-acd24e232f75f09e/ACCOMMODATION/11092150_ACCOMMODATION_1688269101137_d5ce7c5722e70e5e?_src=imagekit&tr=c-at_max,h-80,q-40,w-80","https://ik.imagekit.io/tvlk/ugc-review/guys1L+Yyer9kzI3sp-pb0CG1j2bhflZGFUZOoIf1YOBAm37kEUOKR41ieUZm7ZJ/ugc-photo-ap-southeast-1-581603780057-acd24e232f75f09e/ACCOMMODATION/11092150_ACCOMMODATION_1688269101138_4334496b6ec8a4c0?_src=imagekit&tr=c-at_max,h-80,q-40,w-80","https://ik.imagekit.io/tvlk/ugc-review/guys1L+Yyer9kzI3sp-pb0CG1j2bhflZGFUZOoIf1YOBAm37kEUOKR41ieUZm7ZJ/ugc-photo-ap-southeast-1-581603780057-acd24e232f75f09e/ACCOMMODATION/11092150_ACCOMMODATION_1688269101138_f0e5b67b0cbc5591?_src=imagekit&tr=c-at_max,h-80,q-40,w-80","https://ik.imagekit.io/tvlk/ugc-review/guys1L+Yyer9kzI3sp-pb0CG1j2bhflZGFUZOoIf1YOBAm37kEUOKR41ieUZm7ZJ/ugc-photo-ap-southeast-1-581603780057-acd24e232f75f09e/ACCOMMODATION/11092150_ACCOMMODATION_1688269101138_051bbc22cb42ff5a?_src=imagekit&tr=c-at_max,h-80,q-40,w-80",,,,,,,,,,
https://www.traveloka.com/id-id/user/review/consumption/HOTEL/GENERAL/3000010015281,4,16,"(+) 1. Kami menginap di lantai 7 dengan tipe kamar family room, 4 tamu. Double bed yang ukurannya besar. Karena kamu ber-5, kami menambah ekstra bed. Masih cukup luas juga kamarnya. 2. Saat kami datang kamarnya bersih. 3. Paling suka karena pemandangan dari kamar pantai timur. Bagus. 4. Hotel ini juga mudah di temukan, lokasinya oke banget buat liburan. 5. Parkirannya luas dan alhamdulillah selalu dapat tempat parkir yang mudah keluar dan mudah masuk. 6. Para staff di tempat parkir ini sangat sigap. Terima kasih.(-) 1. Banyak banget sendal di depan pintu kamar. Kayak di kosan atau rusun aja rasanya. Mungkin kalau bisa dibuat aturan jangan di taruh di luar. Ga nyaman liatnya. 2. Ga ada restoran di hotel jadi kalau mau makan harus keluar 🥲. 3. Hotel hanya menyediakan sarapan saja. Pilihannya yah yang seperti di foto. Jam sarapan dari 06. 30-09. 30. Tapi lebih baik datang jam 07.00-an soalnya kalau jam 06. 30-06. 45 menunya belum lengkap. 4. Oh ya staffnya mungkin bisa sedikit lebih sigap. Kami dan tamu lain harus menunggu cukup lama (hampir 15 menitan) hanya untuk mendapatkan sendok dan garpu 😕. 5. Receptionist ada 2, laki-laki dan perempuan. Kebetulan dapat yang perempuan, hiks, sedih, ga ramah. Beda banget sama yang cowok. Mbak, semoga harimu selalu menyenangkan supaya bisa lebih ramah 🥲",Diulas 149 minggu lalu,"https://ik.imagekit.io/tvlk/ugc-review/guys1L+Yyer9kzI3sp-pb0CG1j2bhflZGFUZOoIf1YOBAm37kEUOKR41ieUZm7ZJ/ugc-photo-ap-southeast-1-581603780057-acd24e232f75f09e/ACCOMMODATION/53859199_ACCOMMODATION_1688261676051_8f83a91d38b1ac51?_src=imagekit&tr=c-at_max,h-80,q-40,w-80","https://ik.imagekit.io/tvlk/ugc-review/guys1L+Yyer9kzI3sp-pb0CG1j2bhflZGFUZOoIf1YOBAm37kEUOKR41ieUZm7ZJ/ugc-photo-ap-southeast-1-581603780057-acd24e232f75f09e/ACCOMMODATION/53859199_ACCOMMODATION_1688261676051_dc6923fa2b10fb51?_src=imagekit&tr=c-at_max,h-80,q-40,w-80","https://ik.imagekit.io/tvlk/ugc-review/guys1L+Yyer9kzI3sp-pb0CG1j2bhflZGFUZOoIf1YOBAm37kEUOKR41ieUZm7ZJ/ugc-photo-ap-southeast-1-581603780057-acd24e232f75f09e/ACCOMMODATION/53859199_ACCOMMODATION_1688261676052_f81b7758f23d36f1?_src=imagekit&tr=c-at_max,h-80,q-40,w-80","https://ik.imagekit.io/tvlk/ugc-review/guys1L+Yyer9kzI3sp-pb0CG1j2bhflZGFUZOoIf1YOBAm37kEUOKR41ieUZm7ZJ/ugc-photo-ap-southeast-1-581603780057-acd24e232f75f09e/ACCOMMODATION/53859199_ACCOMMODATION_1688261676052_acdf12e4e4108a32?_src=imagekit&tr=c-at_max,h-80,q-40,w-80","https://ik.imagekit.io/tvlk/ugc-review/guys1L+Yyer9kzI3sp-pb0CG1j2bhflZGFUZOoIf1YOBAm37kEUOKR41ieUZm7ZJ/ugc-photo-ap-southeast-1-581603780057-acd24e232f75f09e/ACCOMMODATION/53859199_ACCOMMODATION_1688261676052_aa5139576cf28c68?_src=imagekit&tr=c-at_max,h-80,q-40,w-80","https://ik.imagekit.io/tvlk/ugc-review/guys1L+Yyer9kzI3sp-pb0CG1j2bhflZGFUZOoIf1YOBAm37kEUOKR41ieUZm7ZJ/ugc-photo-ap-southeast-1-581603780057-acd24e232f75f09e/ACCOMMODATION/53859199_ACCOMMODATION_1688261676052_4adaefd7f0a92c7e?_src=imagekit&tr=c-at_max,h-80,q-40,w-80","https://ik.imagekit.io/tvlk/ugc-review/guys1L+Yyer9kzI3sp-pb0CG1j2bhflZGFUZOoIf1YOBAm37kEUOKR41ieUZm7ZJ/ugc-photo-ap-southeast-1-581603780057-acd24e232f75f09e/ACCOMMODATION/53859199_ACCOMMODATION_1688261676053_4ec9f6623adc7186?_src=imagekit&tr=c-at_max,h-80,q-40,w-80",,,,,,,,,,,,,
https://www.traveloka.com/id-id/user/review/consumption/HOTEL/GENERAL/3000010015281,4,17,"Kali ini sangat menyenangkan dari beberapa kali berkunjung ke Laut Biru Resort, pelayanan jauh lebih baik, makanan jauh lebih bervariasi, puasa sekali menginap selama 2 malam di sini 😍",Diulas 150 minggu lalu,"https://ik.imagekit.io/tvlk/ugc-review/guys1L+Yyer9kzI3sp-pb0CG1j2bhflZGFUZOoIf1YOBAm37kEUOKR41ieUZm7ZJ/ugc-photo-ap-southeast-1-581603780057-acd24e232f75f09e/ACCOMMODATION/286878740_ACCOMMODATION_1687497602912_447e0524eb7cb0d8?_src=imagekit&tr=c-at_max,h-100,q-40,w-100","https://ik.imagekit.io/tvlk/ugc-review/guys1L+Yyer9kzI3sp-pb0CG1j2bhflZGFUZOoIf1YOBAm37kEUOKR41ieUZm7ZJ/ugc-photo-ap-southeast-1-581603780057-acd24e232f75f09e/ACCOMMODATION/286878740_ACCOMMODATION_1687497602912_31c716debe95c8b4?_src=imagekit&tr=c-at_max,h-100,q-40,w-100","https://ik.imagekit.io/tvlk/ugc-review/guys1L+Yyer9kzI3sp-pb0CG1j2bhflZGFUZOoIf1YOBAm37kEUOKR41ieUZm7ZJ/ugc-photo-ap-southeast-1-581603780057-acd24e232f75f09e/ACCOMMODATION/286878740_ACCOMMODATION_1687497602912_5cede1cd98e5affa?_src=imagekit&tr=c-at_max,h-100,q-40,w-100",,,,,,,,,,,,,,,,,
https://www.traveloka.com/id-id/user/review/consumption/HOTEL/GENERAL/3000010015281,4,18,Mantap pokoknya enak nginep di Laut Biru Resort Hotel.,Diulas 155 minggu lalu,"https://ik.imagekit.io/tvlk/ugc-review/guys1L+Yyer9kzI3sp-pb0CG1j2bhflZGFUZOoIf1YOBAm37kEUOKR41ieUZm7ZJ/ugc-photo-ap-southeast-1-581603780057-acd24e232f75f09e/ACCOMMODATION/233010331_ACCOMMODATION_1684489315554_cdd6111122c89b04?_src=imagekit&tr=c-at_max,h-100,q-40,w-100",,,,,,,,,,,,,,,,,,,
https://www.traveloka.com/id-id/user/review/consumption/HOTEL/GENERAL/3000010015281,4,19,"Kamar baik, pemandangan dari rooftop hotel luar biasa. Hanya saya sarapannya kurang variatif, hanya sarapan saja kelemahan di hotel ini, seperti tidak ada sereal kesukaan anak-anak sampe anak saya agak protes.",Diulas 157 minggu lalu,"https://ik.imagekit.io/tvlk/ugc-review/guys1L+Yyer9kzI3sp-pb0CG1j2bhflZGFUZOoIf1YOBAm37kEUOKR41ieUZm7ZJ/ugc-photo-ap-southeast-1-581603780057-acd24e232f75f09e/ACCOMMODATION/74375184_ACCOMMODATION_1683618952494_b95acb59e2e3f3e2?_src=imagekit&tr=c-at_max,h-100,q-40,w-100","https://ik.imagekit.io/tvlk/ugc-review/guys1L+Yyer9kzI3sp-pb0CG1j2bhflZGFUZOoIf1YOBAm37kEUOKR41ieUZm7ZJ/ugc-photo-ap-southeast-1-581603780057-acd24e232f75f09e/ACCOMMODATION/74375184_ACCOMMODATION_1683618952495_f22e322f862c6e48?_src=imagekit&tr=c-at_max,h-100,q-40,w-100","https://ik.imagekit.io/tvlk/ugc-review/guys1L+Yyer9kzI3sp-pb0CG1j2bhflZGFUZOoIf1YOBAm37kEUOKR41ieUZm7ZJ/ugc-photo-ap-southeast-1-581603780057-acd24e232f75f09e/ACCOMMODATION/74375184_ACCOMMODATION_1683618952495_30384cd5baa405c8?_src=imagekit&tr=c-at_max,h-100,q-40,w-100","https://ik.imagekit.io/tvlk/ugc-review/guys1L+Yyer9kzI3sp-pb0CG1j2bhflZGFUZOoIf1YOBAm37kEUOKR41ieUZm7ZJ/ugc-photo-ap-southeast-1-581603780057-acd24e232f75f09e/ACCOMMODATION/74375184_ACCOMMODATION_1683618952496_536133e501edc2c1?_src=imagekit&tr=c-at_max,h-100,q-40,w-100",,,,,,,,,,,,,,,,
https://www.traveloka.com/id-id/user/review/consumption/HOTEL/GENERAL/3000010015281,4,20,Ya begitu deh. Kamarnya bersih wangi. Lumayanlah.,Diulas 157 minggu lalu,"https://ik.imagekit.io/tvlk/ugc-review/guys1L+Yyer9kzI3sp-pb0CG1j2bhflZGFUZOoIf1YOBAm37kEUOKR41ieUZm7ZJ/ugc-photo-ap-southeast-1-581603780057-acd24e232f75f09e/ACCOMMODATION/213820254_ACCOMMODATION_1683387271080_a1266b2a2905cb04?_src=imagekit&tr=c-at_max,h-100,q-40,w-100","https://ik.imagekit.io/tvlk/ugc-review/guys1L+Yyer9kzI3sp-pb0CG1j2bhflZGFUZOoIf1YOBAm37kEUOKR41ieUZm7ZJ/ugc-photo-ap-southeast-1-581603780057-acd24e232f75f09e/ACCOMMODATION/213820254_ACCOMMODATION_1683387271081_20e3e5557d1a04be?_src=imagekit&tr=c-at_max,h-100,q-40,w-100",,,,,,,,,,,,,,,,,,
https://www.traveloka.com/id-id/user/review/consumption/HOTEL/GENERAL/3000010015281,4,21,"Akomodasi ini sangat cocok untuk liburan keluarga, dimana sangat dekat dengan pantai.",Diulas 157 minggu lalu,"https://ik.imagekit.io/tvlk/ugc-review/guys1L+Yyer9kzI3sp-pb0CG1j2bhflZGFUZOoIf1YOBAm37kEUOKR41ieUZm7ZJ/ugc-photo-ap-southeast-1-581603780057-acd24e232f75f09e/ACCOMMODATION/244508195_ACCOMMODATION_1683123114273_7dc8a9c3a4ea050e?_src=imagekit&tr=c-at_max,h-100,q-40,w-100",,,,,,,,,,,,,,,,,,,
https://www.traveloka.com/id-id/user/review/consumption/HOTEL/GENERAL/3000010015281,4,22,"Staff semua ramah, sarapan oke, kamar luas bersih nyaman, ke pantai timur/barat deket, staff parkir juga thebest!",Diulas 158 minggu lalu,"https://ik.imagekit.io/tvlk/ugc-review/guys1L+Yyer9kzI3sp-pb0CG1j2bhflZGFUZOoIf1YOBAm37kEUOKR41ieUZm7ZJ/ugc-photo-ap-southeast-1-581603780057-acd24e232f75f09e/ACCOMMODATION/27759092_ACCOMMODATION_1682989952797_ebd5ca916d57bea0?_src=imagekit&tr=c-at_max,h-100,q-40,w-100",,,,,,,,,,,,,,,,,,,
https://www.traveloka.com/id-id/user/review/consumption/HOTEL/GENERAL/3000010015281,4,23,"Hotel ternyaman, pelayanan terbaik.",Diulas 158 minggu lalu,"https://ik.imagekit.io/tvlk/ugc-review/guys1L+Yyer9kzI3sp-pb0CG1j2bhflZGFUZOoIf1YOBAm37kEUOKR41ieUZm7ZJ/ugc-photo-ap-southeast-1-581603780057-acd24e232f75f09e/ACCOMMODATION/280437130_ACCOMMODATION_1682850206631_13b784286b34be45?_src=imagekit&tr=c-at_max,h-100,q-40,w-100",,,,,,,,,,,,,,,,,,,
https://www.traveloka.com/id-id/user/review/consumption/HOTEL/GENERAL/3000010015281,4,24,"So far so good, cuma gak disediain asbak.",Diulas 158 minggu lalu,"https://ik.imagekit.io/tvlk/ugc-review/guys1L+Yyer9kzI3sp-pb0CG1j2bhflZGFUZOoIf1YOBAm37kEUOKR41ieUZm7ZJ/ugc-photo-ap-southeast-1-581603780057-acd24e232f75f09e/ACCOMMODATION/23284460_ACCOMMODATION_1682660207442_a169cb7f72264bc2?_src=imagekit&tr=c-at_max,h-100,q-40,w-100","https://ik.imagekit.io/tvlk/ugc-review/guys1L+Yyer9kzI3sp-pb0CG1j2bhflZGFUZOoIf1YOBAm37kEUOKR41ieUZm7ZJ/ugc-photo-ap-southeast-1-581603780057-acd24e232f75f09e/ACCOMMODATION/23284460_ACCOMMODATION_1682660207442_5960455628922eef?_src=imagekit&tr=c-at_max,h-100,q-40,w-100","https://ik.imagekit.io/tvlk/ugc-review/guys1L+Yyer9kzI3sp-pb0CG1j2bhflZGFUZOoIf1YOBAm37kEUOKR41ieUZm7ZJ/ugc-photo-ap-southeast-1-581603780057-acd24e232f75f09e/ACCOMMODATION/23284460_ACCOMMODATION_1682660207443_5e9d0a2eea21bd1a?_src=imagekit&tr=c-at_max,h-100,q-40,w-100","https://ik.imagekit.io/tvlk/ugc-review/guys1L+Yyer9kzI3sp-pb0CG1j2bhflZGFUZOoIf1YOBAm37kEUOKR41ieUZm7ZJ/ugc-photo-ap-southeast-1-581603780057-acd24e232f75f09e/ACCOMMODATION/23284460_ACCOMMODATION_1682660207443_3ebff99bb96094fb?_src=imagekit&tr=c-at_max,h-100,q-40,w-100",,,,,,,,,,,,,,,,
https://www.traveloka.com/id-id/user/review/consumption/HOTEL/GENERAL/3000010015281,4,25,"View ke pantainya bagus banget, dan hotelnya nyaman dan bersih",Diulas 159 minggu lalu,"https://ik.imagekit.io/tvlk/ugc-review/guys1L+Yyer9kzI3sp-pb0CG1j2bhflZGFUZOoIf1YOBAm37kEUOKR41ieUZm7ZJ/ugc-photo-ap-southeast-1-581603780057-acd24e232f75f09e/ACCOMMODATION/118761634_ACCOMMODATION_1682248576419_28d3aa35893a70fb?_src=imagekit&tr=c-at_max,h-100,q-40,w-100",,,,,,,,,,,,,,,,,,,
https://www.traveloka.com/id-id/user/review/consumption/HOTEL/GENERAL/3000010015281,4,26,"Kamar nyaman dan cukup luas, kebersihannya baik, hotel dekat dengan pantai barat dan terdapat ruang bilas kalo dari pantainya. So far is good.",Diulas 161 minggu lalu,"https://ik.imagekit.io/tvlk/ugc-review/guys1L+Yyer9kzI3sp-pb0CG1j2bhflZGFUZOoIf1YOBAm37kEUOKR41ieUZm7ZJ/ugc-photo-ap-southeast-1-581603780057-acd24e232f75f09e/ACCOMMODATION/103876324_ACCOMMODATION_1680946714628_16b2ebe302f69dee?_src=imagekit&tr=c-at_max,h-100,q-40,w-100",,,,,,,,,,,,,,,,,,,
https://www.traveloka.com/id-id/user/review/consumption/HOTEL/GENERAL/3000010015281,4,27,Recommended untuk liburan bersama keluarga. 😍.,Diulas 166 minggu lalu,"https://ik.imagekit.io/tvlk/ugc-review/guys1L+Yyer9kzI3sp-pb0CG1j2bhflZGFUZOoIf1YOBAm37kEUOKR41ieUZm7ZJ/ugc-photo-ap-southeast-1-581603780057-acd24e232f75f09e/ACCOMMODATION/78881273_ACCOMMODATION_1678008227960_117fd606f39d3510?_src=imagekit&tr=c-at_max,h-100,q-40,w-100",,,,,,,,,,,,,,,,,,,
https://www.traveloka.com/id-id/user/review/consumption/HOTEL/GENERAL/3000010015281,4,28,"Keren, lihat sunrise cukup buka gorden di dalam kamar, AC dingin, air panas berfungsi dengan baik, cuma breakfast nya aja untuk sekarang minimalis banget, tidak seperti bulan-bulan sebelumnya",Diulas 172 minggu lalu,"https://ik.imagekit.io/tvlk/ugc-review/guys1L+Yyer9kzI3sp-pb0CG1j2bhflZGFUZOoIf1YOBAm37kEUOKR41ieUZm7ZJ/ugc-photo-ap-southeast-1-581603780057-acd24e232f75f09e/ACCOMMODATION/4357062_ACCOMMODATION_1674438642310_4e8dbeb3e3a8d68b?_src=imagekit&tr=c-at_max,h-100,q-40,w-100","https://ik.imagekit.io/tvlk/ugc-review/guys1L+Yyer9kzI3sp-pb0CG1j2bhflZGFUZOoIf1YOBAm37kEUOKR41ieUZm7ZJ/ugc-photo-ap-southeast-1-581603780057-acd24e232f75f09e/ACCOMMODATION/4357062_ACCOMMODATION_1674438739966_e7e1218255f20eaa?_src=imagekit&tr=c-at_max,h-100,q-40,w-100",,,,,,,,,,,,,,,,,,
https://www.traveloka.com/id-id/user/review/consumption/HOTEL/GENERAL/3000010015281,4,29,"Hotel laut biru ternyaman di Pangandaran, sangat wroth it, breakfast nya enak sepuasnya. Kamarnya nyaman bersih, kamar mandi, semuanya nyaman.",Diulas 173 minggu lalu,"https://ik.imagekit.io/tvlk/ugc-review/guys1L+Yyer9kzI3sp-pb0CG1j2bhflZGFUZOoIf1YOBAm37kEUOKR41ieUZm7ZJ/ugc-photo-ap-southeast-1-581603780057-acd24e232f75f09e/ACCOMMODATION/155311127_ACCOMMODATION_1673491339239_3e2b85bc59055175?_src=imagekit&tr=c-at_max,h-100,q-40,w-100","https://ik.imagekit.io/tvlk/ugc-review/guys1L+Yyer9kzI3sp-pb0CG1j2bhflZGFUZOoIf1YOBAm37kEUOKR41ieUZm7ZJ/ugc-photo-ap-southeast-1-581603780057-acd24e232f75f09e/ACCOMMODATION/155311127_ACCOMMODATION_1673491339239_144e8c2c0b6788c7?_src=imagekit&tr=c-at_max,h-100,q-40,w-100","https://ik.imagekit.io/tvlk/ugc-review/guys1L+Yyer9kzI3sp-pb0CG1j2bhflZGFUZOoIf1YOBAm37kEUOKR41ieUZm7ZJ/ugc-photo-ap-southeast-1-581603780057-acd24e232f75f09e/ACCOMMODATION/155311127_ACCOMMODATION_1673491339239_b6347a9f74ee7291?_src=imagekit&tr=c-at_max,h-100,q-40,w-100",,,,,,,,,,,,,,,,,
https://www.traveloka.com/id-id/user/review/consumption/HOTEL/GENERAL/3000010015281,4,30,"Dapat kamar sea view. Bisa menikmati sunrise dari kamar hotel, lokasi hotel strategis depan pantai barat, belakang pantai timur. Kamar bersih, anak-anak happy di kolam renangnya, sarapan lumayan, ada beberapa pilihan menu.",Diulas 174 minggu lalu,"https://ik.imagekit.io/tvlk/ugc-review/guys1L+Yyer9kzI3sp-pb0CG1j2bhflZGFUZOoIf1YOBAm37kEUOKR41ieUZm7ZJ/ugc-photo-ap-southeast-1-581603780057-acd24e232f75f09e/ACCOMMODATION/20215911_ACCOMMODATION_1672914759101_ce4c2a2f90f774ec?_src=imagekit&tr=c-at_max,h-100,q-40,w-100","https://ik.imagekit.io/tvlk/ugc-review/guys1L+Yyer9kzI3sp-pb0CG1j2bhflZGFUZOoIf1YOBAm37kEUOKR41ieUZm7ZJ/ugc-photo-ap-southeast-1-581603780057-acd24e232f75f09e/ACCOMMODATION/20215911_ACCOMMODATION_1672914759102_893120344dbdecbe?_src=imagekit&tr=c-at_max,h-100,q-40,w-100",,,,,,,,,,,,,,,,,,
https://www.traveloka.com/id-id/user/review/consumption/HOTEL/GENERAL/3000010015281,4,31,"Lokasi paling strategis, dekat ke pantai barat, timur, pasar. Fasilitas juga lengkap. Hanya service saja lebih ditingkatkan lagi dan menu sarapan lebih variatif lagi, karena untuk harga yang cukup tinggi tapi menu sarapan masih kalah variatif sama hotel lainnya dengan penawaran harga di bawahnya.",Diulas 175 minggu lalu,"https://ik.imagekit.io/tvlk/ugc-review/guys1L+Yyer9kzI3sp-pb0CG1j2bhflZGFUZOoIf1YOBAm37kEUOKR41ieUZm7ZJ/ugc-photo-ap-southeast-1-581603780057-acd24e232f75f09e/ACCOMMODATION/204659596_ACCOMMODATION_1672392111572_4a2dc5b089637f6f?_src=imagekit&tr=c-at_max,h-100,q-40,w-100","https://ik.imagekit.io/tvlk/ugc-review/guys1L+Yyer9kzI3sp-pb0CG1j2bhflZGFUZOoIf1YOBAm37kEUOKR41ieUZm7ZJ/ugc-photo-ap-southeast-1-581603780057-acd24e232f75f09e/ACCOMMODATION/204659596_ACCOMMODATION_1672392111572_9441feed3c036d11?_src=imagekit&tr=c-at_max,h-100,q-40,w-100",,,,,,,,,,,,,,,,,,
https://www.traveloka.com/id-id/user/review/consumption/HOTEL/GENERAL/3000010015281,4,32,"Kamar bersih, cukup luas dan nyaman cuma sayang keran kamar mandi ada yang mau lepas 😅, tempat strategis depan pantai, staff hotel ramah, fasilitas lengkap, kolam renang bagus, banyak mainan, ada playground anak juga sebelahnya, hotelnya kids friendly pokoknya 👍. Check in check out mudah, ada air galon di dalam kamar jadi ga usah beli-beli minum lagi 👌. Kurangnya cuma 1 breakfast nya itu-itu aja menunya sama, sampe bosen makanya 🥲 pas hari pertama nasi gorengnya keras banget, hari ke 3 kayak mau basi 😔 selebihnya oke.",Diulas 177 minggu lalu,"https://ik.imagekit.io/tvlk/ugc-review/guys1L+Yyer9kzI3sp-pb0CG1j2bhflZGFUZOoIf1YOBAm37kEUOKR41ieUZm7ZJ/ugc-photo-ap-southeast-1-581603780057-acd24e232f75f09e/ACCOMMODATION/6161201_ACCOMMODATION_1671430347946_a8e28a0d3430cd06?_src=imagekit&tr=c-at_max,h-100,q-40,w-100","https://ik.imagekit.io/tvlk/ugc-review/guys1L+Yyer9kzI3sp-pb0CG1j2bhflZGFUZOoIf1YOBAm37kEUOKR41ieUZm7ZJ/ugc-photo-ap-southeast-1-581603780057-acd24e232f75f09e/ACCOMMODATION/6161201_ACCOMMODATION_1671431230368_03817e5845b2f5ab?_src=imagekit&tr=c-at_max,h-100,q-40,w-100","https://ik.imagekit.io/tvlk/ugc-review/guys1L+Yyer9kzI3sp-pb0CG1j2bhflZGFUZOoIf1YOBAm37kEUOKR41ieUZm7ZJ/ugc-photo-ap-southeast-1-581603780057-acd24e232f75f09e/ACCOMMODATION/6161201_ACCOMMODATION_1671431230368_bbb442eef3ae4572?_src=imagekit&tr=c-at_max,h-100,q-40,w-100",,,,,,,,,,,,,,,,,
https://www.traveloka.com/id-id/user/review/consumption/HOTEL/GENERAL/3000010015281,4,33,"Pertama kali nginep di sini karena tertarik selalu rame, terus diliat-liat bangunannya bagus juga dilabelin hotel bintang 3. Tapi ternyata ga se worth it itu, pesen kamar yang sea view harga 1,2 juta emang bagus view nya tetapi perlengkapan hotelnya ga banget. AC ga terlalu dingin, cuman dikasih air galonan, ga dikasih creamer, sendal hotel harus minta, kopi harus minta. Dan yang bikin saya kecewa adalah breakfast nya sangat sangat tidak worth it untuk sekelas hotel bintang 3 dan hotel terkenal di Pangandaran. Selama dua hari menginap di sana makanannya sama. Cuma disediain nasi goreng, mie goreng, lalapan dan juga kerupuk. Mau telur? Harus minta say. Gak dipajang. Ada ayam goreng tapi dibagiinnya pas jam 9an + ayamnya hancur. Ga ada tuh sosis atau hal-hal yang biasanya ada di hotel-hotel lainnya, gak variatif. Ada dessert cuma puding. Buah-buahan cuman semangka aja. Sumpah kecewa banget. Oiya banyak pegawai hotel yang sangat tidak ramah. Jawaban ketus. Hanya beberapa saja yang kalo berpapasan senyum sisanya nggak. Cukup sekali dan ga akan lagi. Tolong perbaiki ya kalau baca.",Diulas 177 minggu lalu,"https://ik.imagekit.io/tvlk/ugc-review/guys1L+Yyer9kzI3sp-pb0CG1j2bhflZGFUZOoIf1YOBAm37kEUOKR41ieUZm7ZJ/ugc-photo-ap-southeast-1-581603780057-acd24e232f75f09e/ACCOMMODATION/160828750_ACCOMMODATION_1671410514229_b8b5ec99808641ff?_src=imagekit&tr=c-at_max,h-100,q-40,w-100",,,,,,,,,,,,,,,,,,,
https://www.traveloka.com/id-id/user/review/consumption/HOTEL/GENERAL/3000010015281,4,34,Kamarnya bau rokok. Padahal milih yang no smoking tapi setelah laporan langsung bisa ganti kamar. Kamar mandi standar banget ga ada meja buat naro-naro alat cuci muka atau kosmetik. Gelas-gelas untuk menyajikan minum teh atau kopi biasa banget. Luas kamar oke. Masih ada space untuk sholat,Diulas 182 minggu lalu,"https://ik.imagekit.io/tvlk/ugc-review/guys1L+Yyer9kzI3sp-pb0CG1j2bhflZGFUZOoIf1YOBAm37kEUOKR41ieUZm7ZJ/ugc-photo-ap-southeast-1-581603780057-acd24e232f75f09e/ACCOMMODATION/14389040_ACCOMMODATION_1668339142640_3d7f3d3ca28a4413?_src=imagekit&tr=c-at_max,h-100,q-40,w-100",,,,,,,,,,,,,,,,,,,
https://www.traveloka.com/id-id/user/review/consumption/HOTEL/GENERAL/3000010015281,4,35,"Staff ramah, tempat bersih dan nyaman. Sarapan tidak terlalu banyak variasi tapi oke. Banyak spot foto, ada 2 kolam renang dan playground kecil, jadi anak-anak gak bosen selama di hotel.",Diulas 183 minggu lalu,"https://ik.imagekit.io/tvlk/ugc-review/guys1L+Yyer9kzI3sp-pb0CG1j2bhflZGFUZOoIf1YOBAm37kEUOKR41ieUZm7ZJ/ugc-photo-ap-southeast-1-581603780057-acd24e232f75f09e/ACCOMMODATION/135283639_ACCOMMODATION_1667898949690_4c61906759cb2554?_src=imagekit&tr=c-at_max,h-100,q-40,w-100","https://ik.imagekit.io/tvlk/ugc-review/guys1L+Yyer9kzI3sp-pb0CG1j2bhflZGFUZOoIf1YOBAm37kEUOKR41ieUZm7ZJ/ugc-photo-ap-southeast-1-581603780057-acd24e232f75f09e/ACCOMMODATION/135283639_ACCOMMODATION_1667898949690_b87b56364a41f7cd?_src=imagekit&tr=c-at_max,h-100,q-40,w-100","https://ik.imagekit.io/tvlk/ugc-review/guys1L+Yyer9kzI3sp-pb0CG1j2bhflZGFUZOoIf1YOBAm37kEUOKR41ieUZm7ZJ/ugc-photo-ap-southeast-1-581603780057-acd24e232f75f09e/ACCOMMODATION/135283639_ACCOMMODATION_1667898949691_c7261d75cc202fa7?_src=imagekit&tr=c-at_max,h-100,q-40,w-100",,,,,,,,,,,,,,,,,
https://www.traveloka.com/id-id/user/review/consumption/HOTEL/GENERAL/3000010015281,4,36,Deket pantai. Dekat buat beli oleh oleh. Sewa selis buat putar-putar area pantai dan beli oleh-oleh. Kamar bersih. Air lancar. Kasur empuk. AC dingin. Sarapan sederhana tapi enak. Hotel besar banget. Cocok buat acara keluarga.,Diulas 185 minggu lalu,"https://ik.imagekit.io/tvlk/ugc-review/guys1L+Yyer9kzI3sp-pb0CG1j2bhflZGFUZOoIf1YOBAm37kEUOKR41ieUZm7ZJ/ugc-photo-ap-southeast-1-581603780057-acd24e232f75f09e/ACCOMMODATION/187474077_ACCOMMODATION_1666673437019_a5ad50d95a505f87?_src=imagekit&tr=c-at_max,h-100,q-40,w-100","https://ik.imagekit.io/tvlk/ugc-review/guys1L+Yyer9kzI3sp-pb0CG1j2bhflZGFUZOoIf1YOBAm37kEUOKR41ieUZm7ZJ/ugc-photo-ap-southeast-1-581603780057-acd24e232f75f09e/ACCOMMODATION/187474077_ACCOMMODATION_1666673484708_a0a47a7c38bfb1be?_src=imagekit&tr=c-at_max,h-100,q-40,w-100",,,,,,,,,,,,,,,,,,
https://www.traveloka.com/id-id/user/review/consumption/HOTEL/GENERAL/3000010015281,4,37,"Nyaman kamarnya bersih, sarapan enak pelayannya ramah cuma saran aja kamar mandinya pake pewangi.",Diulas 188 minggu lalu,"https://ik.imagekit.io/tvlk/ugc-review/guys1L+Yyer9kzI3sp-pb0CG1j2bhflZGFUZOoIf1YOBAm37kEUOKR41ieUZm7ZJ/ugc-photo-ap-southeast-1-581603780057-acd24e232f75f09e/ACCOMMODATION/247314038_ACCOMMODATION_1664788784700_635f0be7385fd4c1?_src=imagekit&tr=c-at_max,h-100,q-40,w-100","https://ik.imagekit.io/tvlk/ugc-review/guys1L+Yyer9kzI3sp-pb0CG1j2bhflZGFUZOoIf1YOBAm37kEUOKR41ieUZm7ZJ/ugc-photo-ap-southeast-1-581603780057-acd24e232f75f09e/ACCOMMODATION/247314038_ACCOMMODATION_1664788784700_8f97fe17eeb9492c?_src=imagekit&tr=c-at_max,h-100,q-40,w-100","https://ik.imagekit.io/tvlk/ugc-review/guys1L+Yyer9kzI3sp-pb0CG1j2bhflZGFUZOoIf1YOBAm37kEUOKR41ieUZm7ZJ/ugc-photo-ap-southeast-1-581603780057-acd24e232f75f09e/ACCOMMODATION/247314038_ACCOMMODATION_1664788784700_e00c5150bbebeb5a?_src=imagekit&tr=c-at_max,h-100,q-40,w-100",,,,,,,,,,,,,,,,,
https://www.traveloka.com/id-id/user/review/consumption/HOTEL/GENERAL/3000010015281,4,38,"Kekurangan: 1. Kasur, sprei, sarung bantal & selimut ada noda. Mohon ditingkatkan lagi kebersihan ditempat tidur. 2. Air galon lebih baik diganti dengan air kemasan berbotol dan ditambahkan kopi, teh dan gula. Kebersihan kulkas perlu ditingkatkan karena ada bekas minuman tumpah dan masih belum dibersihkan. 3. Di kamar yang saya tempati tidak mendapatkan sendal hotel ya? Padahal di kamar lain ada. 4. Di kamar mandi tidak mendapatkan sikat gigi dan odol. Kelebihan: Kamar besar, ada balkon, toilet bersih + air hangat berfungsi dengan baik, parkiran memadai, staff ramah, pemandangan bagus. Tempat sangat rekomendasi untuk penginapan bersama keluarga. Semoga dapat ditingkatkan lagi kualitas yang diberikan kepada pelanggan, terima kasih.",Diulas 188 minggu lalu,"https://ik.imagekit.io/tvlk/ugc-review/guys1L+Yyer9kzI3sp-pb0CG1j2bhflZGFUZOoIf1YOBAm37kEUOKR41ieUZm7ZJ/ugc-photo-ap-southeast-1-581603780057-acd24e232f75f09e/ACCOMMODATION/17378865_ACCOMMODATION_1664345335541_a392c6188a91ecc2?_src=imagekit&tr=c-at_max,h-100,q-40,w-100","https://ik.imagekit.io/tvlk/ugc-review/guys1L+Yyer9kzI3sp-pb0CG1j2bhflZGFUZOoIf1YOBAm37kEUOKR41ieUZm7ZJ/ugc-photo-ap-southeast-1-581603780057-acd24e232f75f09e/ACCOMMODATION/17378865_ACCOMMODATION_1664345335541_b4a98be93a1f7add?_src=imagekit&tr=c-at_max,h-100,q-40,w-100",,,,,,,,,,,,,,,,,,
https://www.traveloka.com/id-id/user/review/consumption/HOTEL/GENERAL/3000010015281,4,39,Pengalaman memyenangkan menginap di sana cuma sayang bagian FO nya kurang ramah.,Diulas 190 minggu lalu,"https://ik.imagekit.io/tvlk/ugc-review/guys1L+Yyer9kzI3sp-pb0CG1j2bhflZGFUZOoIf1YOBAm37kEUOKR41ieUZm7ZJ/ugc-photo-ap-southeast-1-581603780057-acd24e232f75f09e/ACCOMMODATION/193783454_ACCOMMODATION_1663295009559_5e74a1705b429ffe?_src=imagekit&tr=c-at_max,h-100,q-40,w-100","https://ik.imagekit.io/tvlk/ugc-review/guys1L+Yyer9kzI3sp-pb0CG1j2bhflZGFUZOoIf1YOBAm37kEUOKR41ieUZm7ZJ/ugc-photo-ap-southeast-1-581603780057-acd24e232f75f09e/ACCOMMODATION/193783454_ACCOMMODATION_1663295009560_4c1ab870f648a33c?_src=imagekit&tr=c-at_max,h-100,q-40,w-100","https://ik.imagekit.io/tvlk/ugc-review/guys1L+Yyer9kzI3sp-pb0CG1j2bhflZGFUZOoIf1YOBAm37kEUOKR41ieUZm7ZJ/ugc-photo-ap-southeast-1-581603780057-acd24e232f75f09e/ACCOMMODATION/193783454_ACCOMMODATION_1663295009560_ae593b68ee8de51c?_src=imagekit&tr=c-at_max,h-100,q-40,w-100","https://ik.imagekit.io/tvlk/ugc-review/guys1L+Yyer9kzI3sp-pb0CG1j2bhflZGFUZOoIf1YOBAm37kEUOKR41ieUZm7ZJ/ugc-photo-ap-southeast-1-581603780057-acd24e232f75f09e/ACCOMMODATION/193783454_ACCOMMODATION_1663295009563_aff5a677eb8d7daa?_src=imagekit&tr=c-at_max,h-100,q-40,w-100",,,,,,,,,,,,,,,,
https://www.traveloka.com/id-id/user/review/consumption/HOTEL/GENERAL/3000010015281,4,40,"Menyenangkan sekali tapi ada beberapa hal mengenai perlengkapan di kamar seperti toilet amenities yang belum tersedia sehingga kita harus minta ulang. Sarapan enak walaupun menunya gak terlalu banyak. Yang paling bikin betah adalah kolam Waterboom nya, anak-anak happy.",Diulas 194 minggu lalu,"https://ik.imagekit.io/tvlk/ugc-review/guys1L+Yyer9kzI3sp-pb0CG1j2bhflZGFUZOoIf1YOBAm37kEUOKR41ieUZm7ZJ/ugc-photo-ap-southeast-1-581603780057-acd24e232f75f09e/ACCOMMODATION/39046005_ACCOMMODATION_1660903735855_fbe28c32170651cf?_src=imagekit&tr=c-at_max,h-100,q-40,w-100","https://ik.imagekit.io/tvlk/ugc-review/guys1L+Yyer9kzI3sp-pb0CG1j2bhflZGFUZOoIf1YOBAm37kEUOKR41ieUZm7ZJ/ugc-photo-ap-southeast-1-581603780057-acd24e232f75f09e/ACCOMMODATION/39046005_ACCOMMODATION_1660903735855_ffc5a3dbf360332b?_src=imagekit&tr=c-at_max,h-100,q-40,w-100",,,,,,,,,,,,,,,,,,
https://www.traveloka.com/id-id/user/review/consumption/HOTEL/GENERAL/3000010015281,5,1,Keluarga kuu sangat senang di sini pelayanan dan semuanya memuaskan.,Diulas 196 minggu lalu,"https://ik.imagekit.io/tvlk/ugc-review/guys1L+Yyer9kzI3sp-pb0CG1j2bhflZGFUZOoIf1YOBAm37kEUOKR41ieUZm7ZJ/ugc-photo-ap-southeast-1-581603780057-acd24e232f75f09e/ACCOMMODATION/200780032_ACCOMMODATION_1659921856410_221935872822ff1a?_src=imagekit&tr=c-at_max,h-100,q-40,w-100",,,,,,,,,,,,,,,,,,,
https://www.traveloka.com/id-id/user/review/consumption/HOTEL/GENERAL/3000010015281,5,2,"Kamar tidur oke, luas - bersih - pool view. Kamar mandi bersih, amenities memadai. Sayang coffee tea tidak langsung disediakan, by request. Fasilitas hotel memadai.",Diulas 198 minggu lalu,"https://ik.imagekit.io/tvlk/ugc-review/guys1L+Yyer9kzI3sp-pb0CG1j2bhflZGFUZOoIf1YOBAm37kEUOKR41ieUZm7ZJ/ugc-photo-ap-southeast-1-581603780057-acd24e232f75f09e/ACCOMMODATION/15851150_ACCOMMODATION_1658559104087_055d1f7ffc836632?_src=imagekit&tr=c-at_max,h-100,q-40,w-100","https://ik.imagekit.io/tvlk/ugc-review/guys1L+Yyer9kzI3sp-pb0CG1j2bhflZGFUZOoIf1YOBAm37kEUOKR41ieUZm7ZJ/ugc-photo-ap-southeast-1-581603780057-acd24e232f75f09e/ACCOMMODATION/15851150_ACCOMMODATION_1658559104088_5c56f59226146326?_src=imagekit&tr=c-at_max,h-100,q-40,w-100",,,,,,,,,,,,,,,,,,
https://www.traveloka.com/id-id/user/review/consumption/HOTEL/GENERAL/3000010015281,5,3,"View dari hotelnya bagus sih deket banget sama pantai, dan aksesnya juga deket kemana-mana, tapi cukup kaget karena dispenser minumnya tuh kaya dispenser di rumah nenek jaman dulu gitu karyawannya ramah, tempatnya cukup bersih tapi gak ada yang spesial dari breakfastnya, tapi hotel ini bakalan aku rekomendasiin ke kerabat kalo mereka mau nginep di Pangandaran karena tempatnya pw banget.",Diulas 198 minggu lalu,"https://ik.imagekit.io/tvlk/ugc-review/guys1L+Yyer9kzI3sp-pb0CG1j2bhflZGFUZOoIf1YOBAm37kEUOKR41ieUZm7ZJ/ugc-photo-ap-southeast-1-581603780057-acd24e232f75f09e/ACCOMMODATION/104272938_ACCOMMODATION_1658543933298_7a1e1d2e38dc3811?_src=imagekit&tr=c-at_max,h-100,q-40,w-100","https://ik.imagekit.io/tvlk/ugc-review/guys1L+Yyer9kzI3sp-pb0CG1j2bhflZGFUZOoIf1YOBAm37kEUOKR41ieUZm7ZJ/ugc-photo-ap-southeast-1-581603780057-acd24e232f75f09e/ACCOMMODATION/104272938_ACCOMMODATION_1658543933298_31759767b5a0b538?_src=imagekit&tr=c-at_max,h-100,q-40,w-100","https://ik.imagekit.io/tvlk/ugc-review/guys1L+Yyer9kzI3sp-pb0CG1j2bhflZGFUZOoIf1YOBAm37kEUOKR41ieUZm7ZJ/ugc-photo-ap-southeast-1-581603780057-acd24e232f75f09e/ACCOMMODATION/104272938_ACCOMMODATION_1658543933299_6f167111ec484261?_src=imagekit&tr=c-at_max,h-100,q-40,w-100",,,,,,,,,,,,,,,,,
https://www.traveloka.com/id-id/user/review/consumption/HOTEL/GENERAL/3000010015281,5,4,"Hotel yang sangat menyenangkan. Pemandangan yang bagus dan kamar yang bagus. Pasti, saya akan menginap di hotel ini lagi.",Diulas 200 minggu lalu,"https://ik.imagekit.io/tvlk/ugc-review/guys1L+Yyer9kzI3sp-pb0CG1j2bhflZGFUZOoIf1YOBAm37kEUOKR41ieUZm7ZJ/ugc-photo-ap-southeast-1-581603780057-acd24e232f75f09e/ACCOMMODATION/35037889_ACCOMMODATION_1657374500581_c358f9b5548eb668?_src=imagekit&tr=c-at_max,h-100,q-40,w-100","https://ik.imagekit.io/tvlk/ugc-review/guys1L+Yyer9kzI3sp-pb0CG1j2bhflZGFUZOoIf1YOBAm37kEUOKR41ieUZm7ZJ/ugc-photo-ap-southeast-1-581603780057-acd24e232f75f09e/ACCOMMODATION/35037889_ACCOMMODATION_1657374500582_5febe7373c77f07a?_src=imagekit&tr=c-at_max,h-100,q-40,w-100","https://ik.imagekit.io/tvlk/ugc-review/guys1L+Yyer9kzI3sp-pb0CG1j2bhflZGFUZOoIf1YOBAm37kEUOKR41ieUZm7ZJ/ugc-photo-ap-southeast-1-581603780057-acd24e232f75f09e/ACCOMMODATION/35037889_ACCOMMODATION_1657374500582_70bc388aac44840c?_src=imagekit&tr=c-at_max,h-100,q-40,w-100",,,,,,,,,,,,,,,,,
https://www.traveloka.com/id-id/user/review/consumption/HOTEL/GENERAL/3000010015281,5,5,"Check in jam 2 belum ready room nya. Baru bisa masuk jam 14.20 itu pun masih basah lantainya. Handuk, sandal, toiletries belum ada. Bantalnya udah lepek. Bangun-bangun kepala pusing pundak juga sakit. Sarapan nasi goreng/nasi kuning, bubur cina, teh kopi jus roti bakar pancake. Untuk harga 1,100 tidak worth it ya. Ini udah nginep ke 5x di sini. Tiap setahun sekali. Tapi kali ini kecewa. Spot foto yang segitiga ada kawinan. Apes dah tanggal 1. Udah harganya lagi tinggi. Kecewa kali ini. Sorry.",Diulas 201 minggu lalu,"https://ik.imagekit.io/tvlk/ugc-review/guys1L+Yyer9kzI3sp-pb0CG1j2bhflZGFUZOoIf1YOBAm37kEUOKR41ieUZm7ZJ/ugc-photo-ap-southeast-1-581603780057-acd24e232f75f09e/ACCOMMODATION/207458636_ACCOMMODATION_1657029160487_36d6c90e69cf08d5?_src=imagekit&tr=c-at_max,h-100,q-40,w-100",,,,,,,,,,,,,,,,,,,
https://www.traveloka.com/id-id/user/review/consumption/HOTEL/GENERAL/3000010015281,5,6,"Kebersihan kurang, banyak debu, banyak nyamuk saat memasuki kamar 119, meminta ganti kamar ke resepsionis lalu mendapat kamar yang lebih baik tetapi dikenakan biaya tambahan Rp 150.000 karena ""bangunan baru"", menu sarapan monoton seperti biasa.",Diulas 201 minggu lalu,"https://ik.imagekit.io/tvlk/ugc-review/guys1L+Yyer9kzI3sp-pb0CG1j2bhflZGFUZOoIf1YOBAm37kEUOKR41ieUZm7ZJ/ugc-photo-ap-southeast-1-581603780057-acd24e232f75f09e/ACCOMMODATION/3178265_ACCOMMODATION_1656551068344_ddfa2fcf3be7b26c?_src=imagekit&tr=c-at_max,h-100,q-40,w-100",,,,,,,,,,,,,,,,,,,
https://www.traveloka.com/id-id/user/review/consumption/HOTEL/GENERAL/3000010015281,5,7,Memuaskan. Dekat ke pantai barat / pantai timur. Semuanya oke. Alhamdulillah kami puas.,Diulas 202 minggu lalu,"https://ik.imagekit.io/tvlk/ugc-review/guys1L+Yyer9kzI3sp-pb0CG1j2bhflZGFUZOoIf1YOBAm37kEUOKR41ieUZm7ZJ/ugc-photo-ap-southeast-1-581603780057-acd24e232f75f09e/ACCOMMODATION/89229590_ACCOMMODATION_1656216586685_e91d577d05baca64?_src=imagekit&tr=c-at_max,h-100,q-40,w-100","https://ik.imagekit.io/tvlk/ugc-review/guys1L+Yyer9kzI3sp-pb0CG1j2bhflZGFUZOoIf1YOBAm37kEUOKR41ieUZm7ZJ/ugc-photo-ap-southeast-1-581603780057-acd24e232f75f09e/ACCOMMODATION/89229590_ACCOMMODATION_1656216586687_760cc0e2c68d9cae?_src=imagekit&tr=c-at_max,h-100,q-40,w-100",,,,,,,,,,,,,,,,,,
https://www.traveloka.com/id-id/user/review/consumption/HOTEL/GENERAL/3000010015281,5,8,"Hotelnya bagus, pelayanan prima, mantap",Diulas 202 minggu lalu,"https://ik.imagekit.io/tvlk/ugc-review/guys1L+Yyer9kzI3sp-pb0CG1j2bhflZGFUZOoIf1YOBAm37kEUOKR41ieUZm7ZJ/ugc-photo-ap-southeast-1-581603780057-acd24e232f75f09e/ACCOMMODATION/180848117_ACCOMMODATION_1655967554031_7f75cc4d97c5b96e?_src=imagekit&tr=c-at_max,h-100,q-40,w-100",,,,,,,,,,,,,,,,,,,
https://www.traveloka.com/id-id/user/review/consumption/HOTEL/GENERAL/3000010015281,5,9,"Hotelnya keren sebenernya, amat sangat strategis. Tapi sayang banget pelayanannya banyak minusnya. Check in baru bisa masuk jam 3. Gak ada bellboy yang bantu angkat barang. Mau upgrade kamar tapi harus nambah 300rb. Padahal bedanya 150rb kalo dari aplikasi. Pas masuk kamar lantai masih basah. Gak ada kopi teh dan lain-lainnya. Toiletries gak ada sama sekali. Sabun bulat kemasannya kebuka. Mungkin bekas orang lain. Gak ada keset lantai. Handuk dekil kumal. Sarung bantal gak wangi, kayak bekas dipakai orang tapi gak di ganti. Sayang banget ya ampun padahal ini hotel yang paling strategis. Semoga ke depannya bisa lebih baik lagi.",Diulas 203 minggu lalu,"https://ik.imagekit.io/tvlk/ugc-review/guys1L+Yyer9kzI3sp-pb0CG1j2bhflZGFUZOoIf1YOBAm37kEUOKR41ieUZm7ZJ/ugc-photo-ap-southeast-1-581603780057-acd24e232f75f09e/ACCOMMODATION/23360195_ACCOMMODATION_1655644568267_79079a75216bfafe?_src=imagekit&tr=c-at_max,h-100,q-40,w-100","https://ik.imagekit.io/tvlk/ugc-review/guys1L+Yyer9kzI3sp-pb0CG1j2bhflZGFUZOoIf1YOBAm37kEUOKR41ieUZm7ZJ/ugc-photo-ap-southeast-1-581603780057-acd24e232f75f09e/ACCOMMODATION/23360195_ACCOMMODATION_1655644568268_19460bcaba05e935?_src=imagekit&tr=c-at_max,h-100,q-40,w-100","https://ik.imagekit.io/tvlk/ugc-review/guys1L+Yyer9kzI3sp-pb0CG1j2bhflZGFUZOoIf1YOBAm37kEUOKR41ieUZm7ZJ/ugc-photo-ap-southeast-1-581603780057-acd24e232f75f09e/ACCOMMODATION/23360195_ACCOMMODATION_1655644568268_7cc59b68a70b0d10?_src=imagekit&tr=c-at_max,h-100,q-40,w-100","https://ik.imagekit.io/tvlk/ugc-review/guys1L+Yyer9kzI3sp-pb0CG1j2bhflZGFUZOoIf1YOBAm37kEUOKR41ieUZm7ZJ/ugc-photo-ap-southeast-1-581603780057-acd24e232f75f09e/ACCOMMODATION/23360195_ACCOMMODATION_1655644568268_1af959d511cf5c58?_src=imagekit&tr=c-at_max,h-100,q-40,w-100",,,,,,,,,,,,,,,,
https://www.traveloka.com/id-id/user/review/consumption/HOTEL/GENERAL/3000010015281,5,10,"Lokasi bagus, tempat sempurna jika Anda ingin tinggal sedekat mungkin dengan pantai. Kamarnya besar dan nyaman, dan Anda bisa menikmati pemandangan indah dari rooftop. Sangat menyenangkan untuk menghabiskan waktu bersama keluarga.",Diulas 203 minggu lalu,"https://ik.imagekit.io/tvlk/ugc-review/guys1L+Yyer9kzI3sp-pb0CG1j2bhflZGFUZOoIf1YOBAm37kEUOKR41ieUZm7ZJ/ugc-photo-ap-southeast-1-581603780057-acd24e232f75f09e/ACCOMMODATION/4969229_ACCOMMODATION_1655461223925_1bebdc5fdb4d9995?_src=imagekit&tr=c-at_max,h-100,q-40,w-100","https://ik.imagekit.io/tvlk/ugc-review/guys1L+Yyer9kzI3sp-pb0CG1j2bhflZGFUZOoIf1YOBAm37kEUOKR41ieUZm7ZJ/ugc-photo-ap-southeast-1-581603780057-acd24e232f75f09e/ACCOMMODATION/4969229_ACCOMMODATION_1655461223925_d27fa9992fe003df?_src=imagekit&tr=c-at_max,h-100,q-40,w-100",,,,,,,,,,,,,,,,,,
https://www.traveloka.com/id-id/user/review/consumption/HOTEL/GENERAL/3000010015281,5,11,"Nyaman, sangat enak cocok juga untuk family.",Diulas 204 minggu lalu,"https://ik.imagekit.io/tvlk/ugc-review/guys1L+Yyer9kzI3sp-pb0CG1j2bhflZGFUZOoIf1YOBAm37kEUOKR41ieUZm7ZJ/ugc-photo-ap-southeast-1-581603780057-acd24e232f75f09e/ACCOMMODATION/14484793_ACCOMMODATION_1655059433612_b470dca06e1e66a0?_src=imagekit&tr=c-at_max,h-80,q-40,w-80","https://ik.imagekit.io/tvlk/ugc-review/guys1L+Yyer9kzI3sp-pb0CG1j2bhflZGFUZOoIf1YOBAm37kEUOKR41ieUZm7ZJ/ugc-photo-ap-southeast-1-581603780057-acd24e232f75f09e/ACCOMMODATION/14484793_ACCOMMODATION_1655059433612_b63fdd952da9b31f?_src=imagekit&tr=c-at_max,h-80,q-40,w-80","https://ik.imagekit.io/tvlk/ugc-review/guys1L+Yyer9kzI3sp-pb0CG1j2bhflZGFUZOoIf1YOBAm37kEUOKR41ieUZm7ZJ/ugc-photo-ap-southeast-1-581603780057-acd24e232f75f09e/ACCOMMODATION/14484793_ACCOMMODATION_1655059433613_67337bb03f7dee7a?_src=imagekit&tr=c-at_max,h-80,q-40,w-80","https://ik.imagekit.io/tvlk/ugc-review/guys1L+Yyer9kzI3sp-pb0CG1j2bhflZGFUZOoIf1YOBAm37kEUOKR41ieUZm7ZJ/ugc-photo-ap-southeast-1-581603780057-acd24e232f75f09e/ACCOMMODATION/14484793_ACCOMMODATION_1655059433613_15c6b948a4a7edce?_src=imagekit&tr=c-at_max,h-80,q-40,w-80","https://ik.imagekit.io/tvlk/ugc-review/guys1L+Yyer9kzI3sp-pb0CG1j2bhflZGFUZOoIf1YOBAm37kEUOKR41ieUZm7ZJ/ugc-photo-ap-southeast-1-581603780057-acd24e232f75f09e/ACCOMMODATION/14484793_ACCOMMODATION_1655059433613_dd41a9acd869e64b?_src=imagekit&tr=c-at_max,h-80,q-40,w-80","https://ik.imagekit.io/tvlk/ugc-review/guys1L+Yyer9kzI3sp-pb0CG1j2bhflZGFUZOoIf1YOBAm37kEUOKR41ieUZm7ZJ/ugc-photo-ap-southeast-1-581603780057-acd24e232f75f09e/ACCOMMODATION/14484793_ACCOMMODATION_1655059433614_cb70b27b6bd74523?_src=imagekit&tr=c-at_max,h-80,q-40,w-80","https://ik.imagekit.io/tvlk/ugc-review/guys1L+Yyer9kzI3sp-pb0CG1j2bhflZGFUZOoIf1YOBAm37kEUOKR41ieUZm7ZJ/ugc-photo-ap-southeast-1-581603780057-acd24e232f75f09e/ACCOMMODATION/14484793_ACCOMMODATION_1655059433614_29c70e3ba9313c94?_src=imagekit&tr=c-at_max,h-80,q-40,w-80","https://ik.imagekit.io/tvlk/ugc-review/guys1L+Yyer9kzI3sp-pb0CG1j2bhflZGFUZOoIf1YOBAm37kEUOKR41ieUZm7ZJ/ugc-photo-ap-southeast-1-581603780057-acd24e232f75f09e/ACCOMMODATION/14484793_ACCOMMODATION_1655059433614_0298ec034ae8c16e?_src=imagekit&tr=c-at_max,h-80,q-40,w-80","https://ik.imagekit.io/tvlk/ugc-review/guys1L+Yyer9kzI3sp-pb0CG1j2bhflZGFUZOoIf1YOBAm37kEUOKR41ieUZm7ZJ/ugc-photo-ap-southeast-1-581603780057-acd24e232f75f09e/ACCOMMODATION/14484793_ACCOMMODATION_1655059433615_3bb92494bafb6ce8?_src=imagekit&tr=c-at_max,h-80,q-40,w-80",,,,,,,,,,,
https://www.traveloka.com/id-id/user/review/consumption/HOTEL/GENERAL/3000010015281,5,12,"It was really amazing, varian makanannya ditingkatkan yaa.",Diulas 205 minggu lalu,"https://ik.imagekit.io/tvlk/ugc-review/guys1L+Yyer9kzI3sp-pb0CG1j2bhflZGFUZOoIf1YOBAm37kEUOKR41ieUZm7ZJ/ugc-photo-ap-southeast-1-581603780057-acd24e232f75f09e/ACCOMMODATION/142834504_ACCOMMODATION_1654577706099_449c58db965f8b02?_src=imagekit&tr=c-at_max,h-100,q-40,w-100",,,,,,,,,,,,,,,,,,,
https://www.traveloka.com/id-id/user/review/consumption/HOTEL/GENERAL/3000010015281,5,13,"Laut biru hotel paling strategis di pangandaran, fasilitas juga oke untuk keluarga. Untuk menikmati sunrise naik aja ke rooftop belakang langsung nongol pantai timur.",Diulas 205 minggu lalu,"https://ik.imagekit.io/tvlk/ugc-review/guys1L+Yyer9kzI3sp-pb0CG1j2bhflZGFUZOoIf1YOBAm37kEUOKR41ieUZm7ZJ/ugc-photo-ap-southeast-1-581603780057-acd24e232f75f09e/ACCOMMODATION/6553178_ACCOMMODATION_1654225733081_babb71264212ce88?_src=imagekit&tr=c-at_max,h-100,q-40,w-100",,,,,,,,,,,,,,,,,,,
https://www.traveloka.com/id-id/user/review/consumption/HOTEL/GENERAL/3000010015281,5,14,"Sangat strategis, depan Pantai Barat belakang Pantai Timur. Fasilitas lengkap, kolam renang ada yang dalam, ada yang untuk anak-anak, ada waterboom ada playground juga. Breakfast lumayan, tapi sering dipakai menginap rombongan, jadi kadang sangat penuh, tapi masih sangat nyaman untuk liburan keluarga.",Diulas 206 minggu lalu,"https://ik.imagekit.io/tvlk/ugc-review/guys1L+Yyer9kzI3sp-pb0CG1j2bhflZGFUZOoIf1YOBAm37kEUOKR41ieUZm7ZJ/ugc-photo-ap-southeast-1-581603780057-acd24e232f75f09e/ACCOMMODATION/20068693_ACCOMMODATION_1653614973594_e4211c49b9d1c142?_src=imagekit&tr=c-at_max,h-100,q-40,w-100",,,,,,,,,,,,,,,,,,,
https://www.traveloka.com/id-id/user/review/consumption/HOTEL/GENERAL/3000010015281,5,15,"Kamar yang deluxe sea view lumayan nyaman bisa liat pemandangan laut langsung dari kamar,tapi untuk pasta gigi sama sandalnya kenapa mesti harus diminta dulu tidak langsung disedian. Semoga kedepannya pelayanan dan sarapannya lebih ditingkatkan lagi. Overall suka menginap di sana.",Diulas 207 minggu lalu,"https://ik.imagekit.io/tvlk/ugc-review/guys1L+Yyer9kzI3sp-pb0CG1j2bhflZGFUZOoIf1YOBAm37kEUOKR41ieUZm7ZJ/ugc-photo-ap-southeast-1-581603780057-acd24e232f75f09e/ACCOMMODATION/229356121_ACCOMMODATION_1653144546603_0ca546670ba9c923?_src=imagekit&tr=c-at_max,h-100,q-40,w-100",,,,,,,,,,,,,,,,,,,
https://www.traveloka.com/id-id/user/review/consumption/HOTEL/GENERAL/3000010015281,5,16,"Yaa oke lah untuk sekelas hotel di pangandaran, dengan harga 1 juta / kamar, rasanya kurang gimana gitu. Tapi overall mayan lah, cuman ada spot foto aja di lantai 7 oke banget!",Diulas 208 minggu lalu,"https://ik.imagekit.io/tvlk/ugc-review/guys1L+Yyer9kzI3sp-pb0CG1j2bhflZGFUZOoIf1YOBAm37kEUOKR41ieUZm7ZJ/ugc-photo-ap-southeast-1-581603780057-acd24e232f75f09e/ACCOMMODATION/9782194_ACCOMMODATION_1652410467959_d6fb71c5d0438c6d?_src=imagekit&tr=c-at_max,h-100,q-40,w-100",,,,,,,,,,,,,,,,,,,
https://www.traveloka.com/id-id/user/review/consumption/HOTEL/GENERAL/3000010015281,5,17,Cocok buat keluarga besar dan space ruangan yang memadai sehingga membuat keluarga anda nyaman,Diulas 208 minggu lalu,"https://ik.imagekit.io/tvlk/ugc-review/guys1L+Yyer9kzI3sp-pb0CG1j2bhflZGFUZOoIf1YOBAm37kEUOKR41ieUZm7ZJ/ugc-photo-ap-southeast-1-581603780057-acd24e232f75f09e/ACCOMMODATION/203704862_ACCOMMODATION_1652246739034_642a13d283ab6b00?_src=imagekit&tr=c-at_max,h-100,q-40,w-100","https://ik.imagekit.io/tvlk/ugc-review/guys1L+Yyer9kzI3sp-pb0CG1j2bhflZGFUZOoIf1YOBAm37kEUOKR41ieUZm7ZJ/ugc-photo-ap-southeast-1-581603780057-acd24e232f75f09e/ACCOMMODATION/203704862_ACCOMMODATION_1652246739034_fab5063b0da08c23?_src=imagekit&tr=c-at_max,h-100,q-40,w-100","https://ik.imagekit.io/tvlk/ugc-review/guys1L+Yyer9kzI3sp-pb0CG1j2bhflZGFUZOoIf1YOBAm37kEUOKR41ieUZm7ZJ/ugc-photo-ap-southeast-1-581603780057-acd24e232f75f09e/ACCOMMODATION/203704862_ACCOMMODATION_1652246739034_cbf1c136491cb643?_src=imagekit&tr=c-at_max,h-100,q-40,w-100","https://ik.imagekit.io/tvlk/ugc-review/guys1L+Yyer9kzI3sp-pb0CG1j2bhflZGFUZOoIf1YOBAm37kEUOKR41ieUZm7ZJ/ugc-photo-ap-southeast-1-581603780057-acd24e232f75f09e/ACCOMMODATION/203704862_ACCOMMODATION_1652246739034_d60ea8b1d3a2cf5c?_src=imagekit&tr=c-at_max,h-100,q-40,w-100","https://ik.imagekit.io/tvlk/ugc-review/guys1L+Yyer9kzI3sp-pb0CG1j2bhflZGFUZOoIf1YOBAm37kEUOKR41ieUZm7ZJ/ugc-photo-ap-southeast-1-581603780057-acd24e232f75f09e/ACCOMMODATION/203704862_ACCOMMODATION_1652246739034_42e907ca31568a7f?_src=imagekit&tr=c-at_max,h-100,q-40,w-100",,,,,,,,,,,,,,,
https://www.traveloka.com/id-id/user/review/consumption/HOTEL/GENERAL/3000010015281,5,18,"Alhamdulillah udah nginep 2x di hotel ini ga bikin nyesel, nyaman, bersih, sehat dan anak-anak sangat betah. Mau belanja dekat, mau ke pantai dekat semua. Thanks Laut Biru next trip pasti nginepnya di sini lagi dong.",Diulas 209 minggu lalu,"https://ik.imagekit.io/tvlk/ugc-review/guys1L+Yyer9kzI3sp-pb0CG1j2bhflZGFUZOoIf1YOBAm37kEUOKR41ieUZm7ZJ/ugc-photo-ap-southeast-1-581603780057-acd24e232f75f09e/ACCOMMODATION/114432337_ACCOMMODATION_1651806656441_c8b42ffc5feeb1e4?_src=imagekit&tr=c-at_max,h-100,q-40,w-100","https://ik.imagekit.io/tvlk/ugc-review/guys1L+Yyer9kzI3sp-pb0CG1j2bhflZGFUZOoIf1YOBAm37kEUOKR41ieUZm7ZJ/ugc-photo-ap-southeast-1-581603780057-acd24e232f75f09e/ACCOMMODATION/114432337_ACCOMMODATION_1651806656441_d39c27efe6dcce98?_src=imagekit&tr=c-at_max,h-100,q-40,w-100","https://ik.imagekit.io/tvlk/ugc-review/guys1L+Yyer9kzI3sp-pb0CG1j2bhflZGFUZOoIf1YOBAm37kEUOKR41ieUZm7ZJ/ugc-photo-ap-southeast-1-581603780057-acd24e232f75f09e/ACCOMMODATION/114432337_ACCOMMODATION_1651806656442_069e9281955cc263?_src=imagekit&tr=c-at_max,h-100,q-40,w-100","https://ik.imagekit.io/tvlk/ugc-review/guys1L+Yyer9kzI3sp-pb0CG1j2bhflZGFUZOoIf1YOBAm37kEUOKR41ieUZm7ZJ/ugc-photo-ap-southeast-1-581603780057-acd24e232f75f09e/ACCOMMODATION/114432337_ACCOMMODATION_1651806656442_572f6b7f34470afc?_src=imagekit&tr=c-at_max,h-100,q-40,w-100",,,,,,,,,,,,,,,,
https://www.traveloka.com/id-id/user/review/consumption/HOTEL/GENERAL/3000010015281,5,19,"Kenapa kalau order di aplikasi sering dapat kamar yang paling pojok atau belakang. Kalau gak deket cleaning service room ya deket gudang. Diskriminatif banget, mentang² murah mungkin ya?",Diulas 214 minggu lalu,"https://ik.imagekit.io/tvlk/ugc-review/guys1L+Yyer9kzI3sp-pb0CG1j2bhflZGFUZOoIf1YOBAm37kEUOKR41ieUZm7ZJ/ugc-photo-ap-southeast-1-581603780057-acd24e232f75f09e/ACCOMMODATION/74416118_ACCOMMODATION_1649135204607_d027c6258f728895?_src=imagekit&tr=c-at_max,h-100,q-40,w-100","https://ik.imagekit.io/tvlk/ugc-review/guys1L+Yyer9kzI3sp-pb0CG1j2bhflZGFUZOoIf1YOBAm37kEUOKR41ieUZm7ZJ/ugc-photo-ap-southeast-1-581603780057-acd24e232f75f09e/ACCOMMODATION/74416118_ACCOMMODATION_1649135204608_6b58f71583122d07?_src=imagekit&tr=c-at_max,h-100,q-40,w-100","https://ik.imagekit.io/tvlk/ugc-review/guys1L+Yyer9kzI3sp-pb0CG1j2bhflZGFUZOoIf1YOBAm37kEUOKR41ieUZm7ZJ/ugc-photo-ap-southeast-1-581603780057-acd24e232f75f09e/ACCOMMODATION/74416118_ACCOMMODATION_1649135204608_50c2e9c7a37ed69c?_src=imagekit&tr=c-at_max,h-100,q-40,w-100",,,,,,,,,,,,,,,,,
https://www.traveloka.com/id-id/user/review/consumption/HOTEL/GENERAL/3000010015281,5,20,"Overall good untuk rate sgitu. Minusnya cuma di human error, yaitu bag cleaning service dan petugas parkir kurang ramah.",Diulas 214 minggu lalu,"https://ik.imagekit.io/tvlk/ugc-review/guys1L+Yyer9kzI3sp-pb0CG1j2bhflZGFUZOoIf1YOBAm37kEUOKR41ieUZm7ZJ/ugc-photo-ap-southeast-1-581603780057-acd24e232f75f09e/ACCOMMODATION/171395449_ACCOMMODATION_1648742826623_fc91f35add31593f?_src=imagekit&tr=c-at_max,h-100,q-40,w-100",,,,,,,,,,,,,,,,,,,
https://www.traveloka.com/id-id/user/review/consumption/HOTEL/GENERAL/3000010015281,5,21,"Sebesar hotel gini, tapi kamar tidak ready harus nunggu, kaya hotel gak sesuia tingkat gedung. Pelayanan kurang nih mana manager nya, mau check in harus nunggu padahal tamu kosong.",Diulas 214 minggu lalu,"https://ik.imagekit.io/tvlk/ugc-review/guys1L+Yyer9kzI3sp-pb0CG1j2bhflZGFUZOoIf1YOBAm37kEUOKR41ieUZm7ZJ/ugc-photo-ap-southeast-1-581603780057-acd24e232f75f09e/ACCOMMODATION/17229971_ACCOMMODATION_1648619662084_10677ff29815cd3f?_src=imagekit&tr=c-at_max,h-100,q-40,w-100",,,,,,,,,,,,,,,,,,,
https://www.traveloka.com/id-id/user/review/consumption/HOTEL/GENERAL/3000010015281,5,22,Early check out jam 6.15am udah boleh sarapan.,Diulas 215 minggu lalu,"https://ik.imagekit.io/tvlk/ugc-review/guys1L+Yyer9kzI3sp-pb0CG1j2bhflZGFUZOoIf1YOBAm37kEUOKR41ieUZm7ZJ/ugc-photo-ap-southeast-1-581603780057-acd24e232f75f09e/ACCOMMODATION/3659003_ACCOMMODATION_1648534014080_022e8271661c87cd?_src=imagekit&tr=c-at_max,h-100,q-40,w-100",,,,,,,,,,,,,,,,,,,
https://www.traveloka.com/id-id/user/review/consumption/HOTEL/GENERAL/3000010015281,5,23,"Dapat kamar di lantai 6, terima kasih semua staff hotel, telah membantu semua yang saya inginkan dan tanyakan, insyaAllah jika ada kesempatan bisa ke sini lagi menginapnya.",Diulas 215 minggu lalu,"https://ik.imagekit.io/tvlk/ugc-review/guys1L+Yyer9kzI3sp-pb0CG1j2bhflZGFUZOoIf1YOBAm37kEUOKR41ieUZm7ZJ/ugc-photo-ap-southeast-1-581603780057-acd24e232f75f09e/ACCOMMODATION/17684518_ACCOMMODATION_1648362207714_8079c9e4e893d142?_src=imagekit&tr=c-at_max,h-100,q-40,w-100",,,,,,,,,,,,,,,,,,,
https://www.traveloka.com/id-id/user/review/consumption/HOTEL/GENERAL/3000010015281,5,24,"Sangat menyenangkan, kamar bersih, deket pantai, sarapan enak, staff ramah, mantap.",Diulas 215 minggu lalu,"https://ik.imagekit.io/tvlk/ugc-review/guys1L+Yyer9kzI3sp-pb0CG1j2bhflZGFUZOoIf1YOBAm37kEUOKR41ieUZm7ZJ/ugc-photo-ap-southeast-1-581603780057-acd24e232f75f09e/ACCOMMODATION/100588640_ACCOMMODATION_1648255242479_567698643d9d2637?_src=imagekit&tr=c-at_max,h-100,q-40,w-100",,,,,,,,,,,,,,,,,,,
https://www.traveloka.com/id-id/user/review/consumption/HOTEL/GENERAL/3000010015281,5,25,"Saya kemaren booking family room, ruangan bersih, luas, dari depan kamar view nya kolam renang, anak-anak suka, ke pantai juga dekat tingal nyebrang. Hehe. Mungkin untuk fasilitas lainnya bisa di tingkatkan, seperti variasi menu sarapan, sandal hotel, mungkin karena lagi penuh jadi gak ada sendal hotel, sikat gigi, tapi overall semuanya menyenangkan, semoga bisa nginep lagi laut biru.",Diulas 215 minggu lalu,"https://ik.imagekit.io/tvlk/ugc-review/guys1L+Yyer9kzI3sp-pb0CG1j2bhflZGFUZOoIf1YOBAm37kEUOKR41ieUZm7ZJ/ugc-photo-ap-southeast-1-581603780057-acd24e232f75f09e/ACCOMMODATION/22093979_ACCOMMODATION_1648046022022_ca4a205ab7cfc786?_src=imagekit&tr=c-at_max,h-100,q-40,w-100","https://ik.imagekit.io/tvlk/ugc-review/guys1L+Yyer9kzI3sp-pb0CG1j2bhflZGFUZOoIf1YOBAm37kEUOKR41ieUZm7ZJ/ugc-photo-ap-southeast-1-581603780057-acd24e232f75f09e/ACCOMMODATION/22093979_ACCOMMODATION_1648046022022_b1e25c9329eb9447?_src=imagekit&tr=c-at_max,h-100,q-40,w-100","https://ik.imagekit.io/tvlk/ugc-review/guys1L+Yyer9kzI3sp-pb0CG1j2bhflZGFUZOoIf1YOBAm37kEUOKR41ieUZm7ZJ/ugc-photo-ap-southeast-1-581603780057-acd24e232f75f09e/ACCOMMODATION/22093979_ACCOMMODATION_1648046022022_5f48ec637b198a8b?_src=imagekit&tr=c-at_max,h-100,q-40,w-100",,,,,,,,,,,,,,,,,
https://www.traveloka.com/id-id/user/review/consumption/HOTEL/GENERAL/3000010015281,5,26,"Landmark unggulan yang menjadi spot foto, bangunan segitiga dengan view Pantai Pangandaran.",Diulas 215 minggu lalu,"https://ik.imagekit.io/tvlk/ugc-review/guys1L+Yyer9kzI3sp-pb0CG1j2bhflZGFUZOoIf1YOBAm37kEUOKR41ieUZm7ZJ/ugc-photo-ap-southeast-1-581603780057-acd24e232f75f09e/ACCOMMODATION/7209677_ACCOMMODATION_1648039924780_191284e30222aced?_src=imagekit&tr=c-at_max,h-100,q-40,w-100",,,,,,,,,,,,,,,,,,,
https://www.traveloka.com/id-id/user/review/consumption/HOTEL/GENERAL/3000010015281,5,27,"AC tidak dingin, trus pas saya sudah  check-in ternyata handuk belum ada. Udah komplain dan minta ternyata di antaranya lama juga tidak dapat sikat gigi pula untung saya bawa.",Diulas 216 minggu lalu,"https://ik.imagekit.io/tvlk/ugc-review/guys1L+Yyer9kzI3sp-pb0CG1j2bhflZGFUZOoIf1YOBAm37kEUOKR41ieUZm7ZJ/ugc-photo-ap-southeast-1-581603780057-acd24e232f75f09e/ACCOMMODATION/219717760_ACCOMMODATION_1647917233636_2069766333d87c50?_src=imagekit&tr=c-at_max,h-100,q-40,w-100",,,,,,,,,,,,,,,,,,,
https://www.traveloka.com/id-id/user/review/consumption/HOTEL/GENERAL/3000010015281,5,28,"Sangat nyaman, kamar luas dan bersih, kamar yang kami tempati di nomor 509, hanya 1 kendalanya menurut kami yaitu AC kurang dingin (atau mungkin kalah sama udara di luar yang panas) overall sangat-sangat baik dan tidak lupa juga kami berterima kasih banyak sama yang namanya om aji (housekeeping) yang sangat ramah dan baik hati, tidak segan-segan membantu kami.",Diulas 216 minggu lalu,"https://ik.imagekit.io/tvlk/ugc-review/guys1L+Yyer9kzI3sp-pb0CG1j2bhflZGFUZOoIf1YOBAm37kEUOKR41ieUZm7ZJ/ugc-photo-ap-southeast-1-581603780057-acd24e232f75f09e/ACCOMMODATION/121317223_ACCOMMODATION_1647704877291_86b7e3c5d7140d1d?_src=imagekit&tr=c-at_max,h-100,q-40,w-100","https://ik.imagekit.io/tvlk/ugc-review/guys1L+Yyer9kzI3sp-pb0CG1j2bhflZGFUZOoIf1YOBAm37kEUOKR41ieUZm7ZJ/ugc-photo-ap-southeast-1-581603780057-acd24e232f75f09e/ACCOMMODATION/121317223_ACCOMMODATION_1647704877291_d3171b40512d369a?_src=imagekit&tr=c-at_max,h-100,q-40,w-100",,,,,,,,,,,,,,,,,,
https://www.traveloka.com/id-id/user/review/consumption/HOTEL/GENERAL/3000010015281,5,29,Overall sangat baik. Makanan variatif hotel yang sangat luas hingga kalo maunke lift cukup capek. Parkiran luas.,Diulas 217 minggu lalu,"https://ik.imagekit.io/tvlk/ugc-review/guys1L+Yyer9kzI3sp-pb0CG1j2bhflZGFUZOoIf1YOBAm37kEUOKR41ieUZm7ZJ/ugc-photo-ap-southeast-1-581603780057-acd24e232f75f09e/ACCOMMODATION/15951543_ACCOMMODATION_1647260843115_8ae232548b382eb7?_src=imagekit&tr=c-at_max,h-100,q-40,w-100","https://ik.imagekit.io/tvlk/ugc-review/guys1L+Yyer9kzI3sp-pb0CG1j2bhflZGFUZOoIf1YOBAm37kEUOKR41ieUZm7ZJ/ugc-photo-ap-southeast-1-581603780057-acd24e232f75f09e/ACCOMMODATION/15951543_ACCOMMODATION_1647260843115_c4dde2f05d0826e3?_src=imagekit&tr=c-at_max,h-100,q-40,w-100",,,,,,,,,,,,,,,,,,
https://www.traveloka.com/id-id/user/review/consumption/HOTEL/GENERAL/3000010015281,5,30,"Pelayananan kurang memuaskan untuk harga kamar yang cukup mahal, sea view dari kamar oke, lokasi hotel sangat stratrgis. Tolong tingkatkan lagi pelayanannya, air minum harus minta sendiri, kamar dalam keadaan berdebu, gelas yang tersedia bau anyir, WC nya bau. Untuk sarapan lumayan enak.",Diulas 217 minggu lalu,"https://ik.imagekit.io/tvlk/ugc-review/guys1L+Yyer9kzI3sp-pb0CG1j2bhflZGFUZOoIf1YOBAm37kEUOKR41ieUZm7ZJ/ugc-photo-ap-southeast-1-581603780057-acd24e232f75f09e/ACCOMMODATION/129150461_ACCOMMODATION_1647047989021_e06422241f34d57e?_src=imagekit&tr=c-at_max,h-100,q-40,w-100",,,,,,,,,,,,,,,,,,,
https://www.traveloka.com/id-id/user/review/consumption/HOTEL/GENERAL/3000010015281,5,31,"Recommended lah. Cuman ga ada sandal hotel, sikat gigi, lupa apa ya.",Diulas 218 minggu lalu,"https://ik.imagekit.io/tvlk/ugc-review/guys1L+Yyer9kzI3sp-pb0CG1j2bhflZGFUZOoIf1YOBAm37kEUOKR41ieUZm7ZJ/ugc-photo-ap-southeast-1-581603780057-acd24e232f75f09e/ACCOMMODATION/20290544_ACCOMMODATION_1646484004749_97bf854f592eb4b1?_src=imagekit&tr=c-at_max,h-100,q-40,w-100",,,,,,,,,,,,,,,,,,,
https://www.traveloka.com/id-id/user/review/consumption/HOTEL/GENERAL/3000010015281,5,32,"Liburan bersama keluarga di pantai pangandaran dengan pilihan hotelnya laut biru, membuat liburan menjadi nyaman dan senang.",Diulas 218 minggu lalu,"https://ik.imagekit.io/tvlk/ugc-review/guys1L+Yyer9kzI3sp-pb0CG1j2bhflZGFUZOoIf1YOBAm37kEUOKR41ieUZm7ZJ/ugc-photo-ap-southeast-1-581603780057-acd24e232f75f09e/ACCOMMODATION/13557006_ACCOMMODATION_1646454364159_bf5aeec780b8962c?_src=imagekit&tr=c-at_max,h-100,q-40,w-100","https://ik.imagekit.io/tvlk/ugc-review/guys1L+Yyer9kzI3sp-pb0CG1j2bhflZGFUZOoIf1YOBAm37kEUOKR41ieUZm7ZJ/ugc-photo-ap-southeast-1-581603780057-acd24e232f75f09e/ACCOMMODATION/13557006_ACCOMMODATION_1646454364159_e726570c9a8eab79?_src=imagekit&tr=c-at_max,h-100,q-40,w-100","https://ik.imagekit.io/tvlk/ugc-review/guys1L+Yyer9kzI3sp-pb0CG1j2bhflZGFUZOoIf1YOBAm37kEUOKR41ieUZm7ZJ/ugc-photo-ap-southeast-1-581603780057-acd24e232f75f09e/ACCOMMODATION/13557006_ACCOMMODATION_1646454364159_c39eac01dc214eec?_src=imagekit&tr=c-at_max,h-100,q-40,w-100","https://ik.imagekit.io/tvlk/ugc-review/guys1L+Yyer9kzI3sp-pb0CG1j2bhflZGFUZOoIf1YOBAm37kEUOKR41ieUZm7ZJ/ugc-photo-ap-southeast-1-581603780057-acd24e232f75f09e/ACCOMMODATION/13557006_ACCOMMODATION_1646454364160_2a9afb5a1a5d99c0?_src=imagekit&tr=c-at_max,h-100,q-40,w-100",,,,,,,,,,,,,,,,
https://www.traveloka.com/id-id/user/review/consumption/HOTEL/GENERAL/3000010015281,5,33,"Salah satu hotel yang nyaman untuk menginap dipangandaran, dekat dengan pantainya, kamar nyaman, sarapan pagi enak, mungkin variasi makanannya aja yang perlu ditambah lagi.",Diulas 218 minggu lalu,"https://ik.imagekit.io/tvlk/ugc-review/guys1L+Yyer9kzI3sp-pb0CG1j2bhflZGFUZOoIf1YOBAm37kEUOKR41ieUZm7ZJ/ugc-photo-ap-southeast-1-581603780057-acd24e232f75f09e/ACCOMMODATION/5504248_ACCOMMODATION_1646294113460_554e7aa0542690da?_src=imagekit&tr=c-at_max,h-100,q-40,w-100","https://ik.imagekit.io/tvlk/ugc-review/guys1L+Yyer9kzI3sp-pb0CG1j2bhflZGFUZOoIf1YOBAm37kEUOKR41ieUZm7ZJ/ugc-photo-ap-southeast-1-581603780057-acd24e232f75f09e/ACCOMMODATION/5504248_ACCOMMODATION_1646294113461_ee434ec2f58d7a19?_src=imagekit&tr=c-at_max,h-100,q-40,w-100","https://ik.imagekit.io/tvlk/ugc-review/guys1L+Yyer9kzI3sp-pb0CG1j2bhflZGFUZOoIf1YOBAm37kEUOKR41ieUZm7ZJ/ugc-photo-ap-southeast-1-581603780057-acd24e232f75f09e/ACCOMMODATION/5504248_ACCOMMODATION_1646294113461_59adb049f34889a4?_src=imagekit&tr=c-at_max,h-100,q-40,w-100","https://ik.imagekit.io/tvlk/ugc-review/guys1L+Yyer9kzI3sp-pb0CG1j2bhflZGFUZOoIf1YOBAm37kEUOKR41ieUZm7ZJ/ugc-photo-ap-southeast-1-581603780057-acd24e232f75f09e/ACCOMMODATION/5504248_ACCOMMODATION_1646294113461_e51855f147247cf3?_src=imagekit&tr=c-at_max,h-100,q-40,w-100",,,,,,,,,,,,,,,,
https://www.traveloka.com/id-id/user/review/consumption/HOTEL/GENERAL/3000010015281,5,34,"Kebagian di gedung lama, ke lantai 3 pake tangga lumayan juga bikin ngos-ngosan.",Diulas 219 minggu lalu,"https://ik.imagekit.io/tvlk/ugc-review/guys1L+Yyer9kzI3sp-pb0CG1j2bhflZGFUZOoIf1YOBAm37kEUOKR41ieUZm7ZJ/ugc-photo-ap-southeast-1-581603780057-acd24e232f75f09e/ACCOMMODATION/12719313_ACCOMMODATION_1646045523092_4dfe03ada9c9988a?_src=imagekit&tr=c-at_max,h-100,q-40,w-100","https://ik.imagekit.io/tvlk/ugc-review/guys1L+Yyer9kzI3sp-pb0CG1j2bhflZGFUZOoIf1YOBAm37kEUOKR41ieUZm7ZJ/ugc-photo-ap-southeast-1-581603780057-acd24e232f75f09e/ACCOMMODATION/12719313_ACCOMMODATION_1646045523092_54d9d9c5fd1f216b?_src=imagekit&tr=c-at_max,h-100,q-40,w-100","https://ik.imagekit.io/tvlk/ugc-review/guys1L+Yyer9kzI3sp-pb0CG1j2bhflZGFUZOoIf1YOBAm37kEUOKR41ieUZm7ZJ/ugc-photo-ap-southeast-1-581603780057-acd24e232f75f09e/ACCOMMODATION/12719313_ACCOMMODATION_1646045523093_11c8d6c4c302c894?_src=imagekit&tr=c-at_max,h-100,q-40,w-100","https://ik.imagekit.io/tvlk/ugc-review/guys1L+Yyer9kzI3sp-pb0CG1j2bhflZGFUZOoIf1YOBAm37kEUOKR41ieUZm7ZJ/ugc-photo-ap-southeast-1-581603780057-acd24e232f75f09e/ACCOMMODATION/12719313_ACCOMMODATION_1646045523093_f89ce012a270aef2?_src=imagekit&tr=c-at_max,h-100,q-40,w-100","https://ik.imagekit.io/tvlk/ugc-review/guys1L+Yyer9kzI3sp-pb0CG1j2bhflZGFUZOoIf1YOBAm37kEUOKR41ieUZm7ZJ/ugc-photo-ap-southeast-1-581603780057-acd24e232f75f09e/ACCOMMODATION/12719313_ACCOMMODATION_1646045523093_2f0936ba63ecda37?_src=imagekit&tr=c-at_max,h-100,q-40,w-100","https://ik.imagekit.io/tvlk/ugc-review/guys1L+Yyer9kzI3sp-pb0CG1j2bhflZGFUZOoIf1YOBAm37kEUOKR41ieUZm7ZJ/ugc-photo-ap-southeast-1-581603780057-acd24e232f75f09e/ACCOMMODATION/12719313_ACCOMMODATION_1646045523093_201620712d2db80d?_src=imagekit&tr=c-at_max,h-100,q-40,w-100",,,,,,,,,,,,,,
https://www.traveloka.com/id-id/user/review/consumption/HOTEL/GENERAL/3000010015281,5,35,Kamar hotel cukup bersih hanya saja breakfast nya kurang variatif pelayanan ramah dan bisa check in di bawah jam12 juga untuk kolam renang depan kamar family air nya asin jadi perih kena mata bersih sih air nya. Makanan nya perlu ditingkatkan lagi ya.,Diulas 219 minggu lalu,"https://ik.imagekit.io/tvlk/ugc-review/guys1L+Yyer9kzI3sp-pb0CG1j2bhflZGFUZOoIf1YOBAm37kEUOKR41ieUZm7ZJ/ugc-photo-ap-southeast-1-581603780057-acd24e232f75f09e/ACCOMMODATION/174826764_ACCOMMODATION_1646033001380_e787b6c1f4c00576?_src=imagekit&tr=c-at_max,h-100,q-40,w-100","https://ik.imagekit.io/tvlk/ugc-review/guys1L+Yyer9kzI3sp-pb0CG1j2bhflZGFUZOoIf1YOBAm37kEUOKR41ieUZm7ZJ/ugc-photo-ap-southeast-1-581603780057-acd24e232f75f09e/ACCOMMODATION/174826764_ACCOMMODATION_1646033001381_0e77445e355faf19?_src=imagekit&tr=c-at_max,h-100,q-40,w-100","https://ik.imagekit.io/tvlk/ugc-review/guys1L+Yyer9kzI3sp-pb0CG1j2bhflZGFUZOoIf1YOBAm37kEUOKR41ieUZm7ZJ/ugc-photo-ap-southeast-1-581603780057-acd24e232f75f09e/ACCOMMODATION/174826764_ACCOMMODATION_1646033001381_501fec1364dab64e?_src=imagekit&tr=c-at_max,h-100,q-40,w-100","https://ik.imagekit.io/tvlk/ugc-review/guys1L+Yyer9kzI3sp-pb0CG1j2bhflZGFUZOoIf1YOBAm37kEUOKR41ieUZm7ZJ/ugc-photo-ap-southeast-1-581603780057-acd24e232f75f09e/ACCOMMODATION/174826764_ACCOMMODATION_1646033001381_301e0e3018042670?_src=imagekit&tr=c-at_max,h-100,q-40,w-100","https://ik.imagekit.io/tvlk/ugc-review/guys1L+Yyer9kzI3sp-pb0CG1j2bhflZGFUZOoIf1YOBAm37kEUOKR41ieUZm7ZJ/ugc-photo-ap-southeast-1-581603780057-acd24e232f75f09e/ACCOMMODATION/174826764_ACCOMMODATION_1646033001381_bb1fa6ef5bc21b83?_src=imagekit&tr=c-at_max,h-100,q-40,w-100",,,,,,,,,,,,,,,
https://www.traveloka.com/id-id/user/review/consumption/HOTEL/GENERAL/3000010015281,5,36,"Kamar rapih, sesuai harga, tapi makanannya kurang enak. Nasinya kaya belum mateng hehe, terimakasih promonya traveloka dan laut biru.",Diulas 220 minggu lalu,"https://ik.imagekit.io/tvlk/ugc-review/guys1L+Yyer9kzI3sp-pb0CG1j2bhflZGFUZOoIf1YOBAm37kEUOKR41ieUZm7ZJ/ugc-photo-ap-southeast-1-581603780057-acd24e232f75f09e/ACCOMMODATION/20369344_ACCOMMODATION_1645408114127_346e1b81bd95100b?_src=imagekit&tr=c-at_max,h-100,q-40,w-100",,,,,,,,,,,,,,,,,,,
https://www.traveloka.com/id-id/user/review/consumption/HOTEL/GENERAL/3000010015281,5,37,"Tempatnya nyaman banget, menyenangkan, puas, cuma kurang bervariasi untuk sarapannya.",Diulas 220 minggu lalu,"https://ik.imagekit.io/tvlk/ugc-review/guys1L+Yyer9kzI3sp-pb0CG1j2bhflZGFUZOoIf1YOBAm37kEUOKR41ieUZm7ZJ/ugc-photo-ap-southeast-1-581603780057-acd24e232f75f09e/ACCOMMODATION/22151795_ACCOMMODATION_1645022616125_f0a55588a3b7166c?_src=imagekit&tr=c-at_max,h-100,q-40,w-100",,,,,,,,,,,,,,,,,,,
https://www.traveloka.com/id-id/user/review/consumption/HOTEL/GENERAL/3000010015281,5,38,Selalu puas nginep di sini selalu ingin kembali lagi buat liburan apa lagi anak-anak seneng sekali. Thank you laut biru.,Diulas 221 minggu lalu,"https://ik.imagekit.io/tvlk/ugc-review/guys1L+Yyer9kzI3sp-pb0CG1j2bhflZGFUZOoIf1YOBAm37kEUOKR41ieUZm7ZJ/ugc-photo-ap-southeast-1-581603780057-acd24e232f75f09e/ACCOMMODATION/201309005_ACCOMMODATION_1644823696893_f1c15b8d5024bdda?_src=imagekit&tr=c-at_max,h-100,q-40,w-100",,,,,,,,,,,,,,,,,,,
https://www.traveloka.com/id-id/user/review/consumption/HOTEL/GENERAL/3000010015281,5,39,"Kondisi hotel penuh sekali, saya dapet kamar yang sangat jauh dan pojok. AC tidak begitu dingin dan tidak ada wifi.",Diulas 221 minggu lalu,"https://ik.imagekit.io/tvlk/ugc-review/guys1L+Yyer9kzI3sp-pb0CG1j2bhflZGFUZOoIf1YOBAm37kEUOKR41ieUZm7ZJ/ugc-photo-ap-southeast-1-581603780057-acd24e232f75f09e/ACCOMMODATION/79779698_ACCOMMODATION_1644706010619_61c38413f2e252ad?_src=imagekit&tr=c-at_max,h-100,q-40,w-100",,,,,,,,,,,,,,,,,,,
https://www.traveloka.com/id-id/user/review/consumption/HOTEL/GENERAL/3000010015281,5,40,"Dapat di gedung lama, bawa orang tua dan anak jadi harus jalan jauh lewat jembatan penghubung dan naik tanggal lagi, lift cuma sampai lantai 2 untuk gedung lama. Kamar orang tua kulkasnya ada ikan jadi bau busuk, galon tidak ada, sendal dan alat mandi harus diminta baru dkasihkan, makan paginya biasanya aja tidak banyak varian tapi jumlahnya banyak, akses ke kolam renangnya rada jauh dan muter-muter kalo mau balik ke kamar. Tapi oke lah karena di depan pantai banget, untuk harga termasuk mahal sih untuk fasilitas segitu, cukup puas untuk pelayanan karena direspon cepat dan baik, ooh iya pas nginap lagi ada acara sepertinya sampai malam, sangat mengganggu suara orang yang menyanyinya sampai malam sekali jadi susah untuk istirahat.",Diulas 222 minggu lalu,"https://ik.imagekit.io/tvlk/ugc-review/guys1L+Yyer9kzI3sp-pb0CG1j2bhflZGFUZOoIf1YOBAm37kEUOKR41ieUZm7ZJ/ugc-photo-ap-southeast-1-581603780057-acd24e232f75f09e/ACCOMMODATION/79943917_ACCOMMODATION_1644052607338_d5f1862a4dc787f7?_src=imagekit&tr=c-at_max,h-100,q-40,w-100",,,,,,,,,,,,,,,,,,,
https://www.traveloka.com/id-id/user/review/consumption/HOTEL/GENERAL/3000010015281,6,1,Tempatnya oke nyaman bersih. Pelayanan juga ramah. Makanan aja yang perlu diperbaiki lagi dari segi menu dan rasa. Yang lain oke.,Diulas 222 minggu lalu,"https://ik.imagekit.io/tvlk/ugc-review/guys1L+Yyer9kzI3sp-pb0CG1j2bhflZGFUZOoIf1YOBAm37kEUOKR41ieUZm7ZJ/ugc-photo-ap-southeast-1-581603780057-acd24e232f75f09e/ACCOMMODATION/111742932_ACCOMMODATION_1643814078096_356093f06cf6589d?_src=imagekit&tr=c-at_max,h-100,q-40,w-100",,,,,,,,,,,,,,,,,,,
https://www.traveloka.com/id-id/user/review/consumption/HOTEL/GENERAL/3000010015281,6,2,Kamar hotel dengan harga 900.000 kayanya kurang sesuai sama hotel ini apalagi pesan lewat aplikasi ga bisa request kamar jadi dapet kamar seadanya yang berlokasi di gedung A dapet lantai 3 tanpa ada lift cape banget harus ngangkat barang. Mana licin banget tangganya ga pake antinslip padahal banyak orang keluar masuk dari pantai. Pas masuk perlengkapan hotel tidak tersedia harus telepon dulu menu sarapan ga variatif dan rasanya kurang enak. Mungkin lagi hits karena punya ikon laut biru yang bisa foto pemandangan laut dan lokasi strategis.,Diulas 222 minggu lalu,"https://ik.imagekit.io/tvlk/ugc-review/guys1L+Yyer9kzI3sp-pb0CG1j2bhflZGFUZOoIf1YOBAm37kEUOKR41ieUZm7ZJ/ugc-photo-ap-southeast-1-581603780057-acd24e232f75f09e/ACCOMMODATION/4946020_ACCOMMODATION_1643795911005_a1a0cdc18be6cfb5?_src=imagekit&tr=c-at_max,h-100,q-40,w-100","https://ik.imagekit.io/tvlk/ugc-review/guys1L+Yyer9kzI3sp-pb0CG1j2bhflZGFUZOoIf1YOBAm37kEUOKR41ieUZm7ZJ/ugc-photo-ap-southeast-1-581603780057-acd24e232f75f09e/ACCOMMODATION/4946020_ACCOMMODATION_1643795911005_85cd7f02d59b4352?_src=imagekit&tr=c-at_max,h-100,q-40,w-100",,,,,,,,,,,,,,,,,,
https://www.traveloka.com/id-id/user/review/consumption/HOTEL/GENERAL/3000010015281,6,3,"Kecewa sekali dengan hotel ini. Saya kira beneran bintang 4, ternyata tidak seperti bintang 4. Dari mulai penerima tamu saja sudah tidak profesional selama bekerja, tamu lalu lalang malah berdiri sambil bercanda tertawa dengan sesama pekerja. Lift tamu dipakai untuk loading barang dan makanan acara pernikahan sementara traffic naik turun tamu saat itu lagi ramai ramainua, jadi untuk turun saja bisa 15 menit nunggu lift. Pegawai kurang ramah, kamar juga dinding-dindingnya sangat kotor. Air panas juga tidak lancar, bisa tiba tiba panas sekali, tiba tiba dingin. Sarapannya juga tidak enak, tidak selayaknya seperti hotel  bintang 4. Pancake pun lebih kecil dan tipis dari kue ape. Sampe kerupuk aja uda melempem! Untuk proses check out pun harus menunggu lumayan lama sambil resepsionis bercanda dengan temannya melalui HT. Sangat kecewa, karena sama sekali tidak sesuai ekspektasi. Hanya 1 yang lumayan, spot foto di lantai 7. Sisanya zonk",Diulas 223 minggu lalu,"https://ik.imagekit.io/tvlk/ugc-review/guys1L+Yyer9kzI3sp-pb0CG1j2bhflZGFUZOoIf1YOBAm37kEUOKR41ieUZm7ZJ/ugc-photo-ap-southeast-1-581603780057-acd24e232f75f09e/ACCOMMODATION/10691434_ACCOMMODATION_1643447283015_16389171566e89e0?_src=imagekit&tr=c-at_max,h-80,q-40,w-80","https://ik.imagekit.io/tvlk/ugc-review/guys1L+Yyer9kzI3sp-pb0CG1j2bhflZGFUZOoIf1YOBAm37kEUOKR41ieUZm7ZJ/ugc-photo-ap-southeast-1-581603780057-acd24e232f75f09e/ACCOMMODATION/10691434_ACCOMMODATION_1643447283015_b15a1d2a47e7ff62?_src=imagekit&tr=c-at_max,h-80,q-40,w-80","https://ik.imagekit.io/tvlk/ugc-review/guys1L+Yyer9kzI3sp-pb0CG1j2bhflZGFUZOoIf1YOBAm37kEUOKR41ieUZm7ZJ/ugc-photo-ap-southeast-1-581603780057-acd24e232f75f09e/ACCOMMODATION/10691434_ACCOMMODATION_1643447283015_250efa9a4adb40aa?_src=imagekit&tr=c-at_max,h-80,q-40,w-80","https://ik.imagekit.io/tvlk/ugc-review/guys1L+Yyer9kzI3sp-pb0CG1j2bhflZGFUZOoIf1YOBAm37kEUOKR41ieUZm7ZJ/ugc-photo-ap-southeast-1-581603780057-acd24e232f75f09e/ACCOMMODATION/10691434_ACCOMMODATION_1643447283015_db4d752a023fabb3?_src=imagekit&tr=c-at_max,h-80,q-40,w-80","https://ik.imagekit.io/tvlk/ugc-review/guys1L+Yyer9kzI3sp-pb0CG1j2bhflZGFUZOoIf1YOBAm37kEUOKR41ieUZm7ZJ/ugc-photo-ap-southeast-1-581603780057-acd24e232f75f09e/ACCOMMODATION/10691434_ACCOMMODATION_1643447283015_6df6b6ad2b993a4b?_src=imagekit&tr=c-at_max,h-80,q-40,w-80","https://ik.imagekit.io/tvlk/ugc-review/guys1L+Yyer9kzI3sp-pb0CG1j2bhflZGFUZOoIf1YOBAm37kEUOKR41ieUZm7ZJ/ugc-photo-ap-southeast-1-581603780057-acd24e232f75f09e/ACCOMMODATION/10691434_ACCOMMODATION_1643447283016_186cacb95c579ada?_src=imagekit&tr=c-at_max,h-80,q-40,w-80","https://ik.imagekit.io/tvlk/ugc-review/guys1L+Yyer9kzI3sp-pb0CG1j2bhflZGFUZOoIf1YOBAm37kEUOKR41ieUZm7ZJ/ugc-photo-ap-southeast-1-581603780057-acd24e232f75f09e/ACCOMMODATION/10691434_ACCOMMODATION_1643447324265_0a817abd1cb675a9?_src=imagekit&tr=c-at_max,h-80,q-40,w-80","https://ik.imagekit.io/tvlk/ugc-review/guys1L+Yyer9kzI3sp-pb0CG1j2bhflZGFUZOoIf1YOBAm37kEUOKR41ieUZm7ZJ/ugc-photo-ap-southeast-1-581603780057-acd24e232f75f09e/ACCOMMODATION/10691434_ACCOMMODATION_1643447812058_3c5c0dcd00e6cd31?_src=imagekit&tr=c-at_max,h-80,q-40,w-80",,,,,,,,,,,,
https://www.traveloka.com/id-id/user/review/consumption/HOTEL/GENERAL/3000010015281,6,4,"Menginap seminggu di sini untuk kepentingan bisnis sangat menyenangkan & keluarga juga menikmati hotel cocok untuk work vacation. Staff nya ramah, security selalu memandu Saat kendaraan akan diparkir. Makan lumayan enak overall good.",Diulas 223 minggu lalu,"https://ik.imagekit.io/tvlk/ugc-review/guys1L+Yyer9kzI3sp-pb0CG1j2bhflZGFUZOoIf1YOBAm37kEUOKR41ieUZm7ZJ/ugc-photo-ap-southeast-1-581603780057-acd24e232f75f09e/ACCOMMODATION/73334990_ACCOMMODATION_1643469882152_375471e3d6921185?_src=imagekit&tr=c-at_max,h-100,q-40,w-100",,,,,,,,,,,,,,,,,,,
https://www.traveloka.com/id-id/user/review/consumption/HOTEL/GENERAL/3000010015281,6,5,"Hotelnya nyaman banget, view nya indah dari segala arah. Pantai barat & timur pangandaran. Pelayanannya oke banget.",Diulas 224 minggu lalu,"https://ik.imagekit.io/tvlk/ugc-review/guys1L+Yyer9kzI3sp-pb0CG1j2bhflZGFUZOoIf1YOBAm37kEUOKR41ieUZm7ZJ/ugc-photo-ap-southeast-1-581603780057-acd24e232f75f09e/ACCOMMODATION/209477738_ACCOMMODATION_1643008602880_49877d35f7a5449b?_src=imagekit&tr=c-at_max,h-100,q-40,w-100","https://ik.imagekit.io/tvlk/ugc-review/guys1L+Yyer9kzI3sp-pb0CG1j2bhflZGFUZOoIf1YOBAm37kEUOKR41ieUZm7ZJ/ugc-photo-ap-southeast-1-581603780057-acd24e232f75f09e/ACCOMMODATION/209477738_ACCOMMODATION_1643008602883_c31bc0a491bb5704?_src=imagekit&tr=c-at_max,h-100,q-40,w-100",,,,,,,,,,,,,,,,,,
https://www.traveloka.com/id-id/user/review/consumption/HOTEL/GENERAL/3000010015281,6,6,"Hotelnya bagus, bersih dan ramah untuk keluarga.",Diulas 224 minggu lalu,"https://ik.imagekit.io/tvlk/ugc-review/guys1L+Yyer9kzI3sp-pb0CG1j2bhflZGFUZOoIf1YOBAm37kEUOKR41ieUZm7ZJ/ugc-photo-ap-southeast-1-581603780057-acd24e232f75f09e/ACCOMMODATION/16602499_ACCOMMODATION_1642946782125_c63c718a9454452e?_src=imagekit&tr=c-at_max,h-100,q-40,w-100",,,,,,,,,,,,,,,,,,,
https://www.traveloka.com/id-id/user/review/consumption/HOTEL/GENERAL/3000010015281,6,7,"WC engga bersih, banyak pasir pantai & temboknya berlumut kuning. Sarapan kurang variasi. Pool kotor. Positifnya para staff ramah. View hotel bagus. Hotel sangat strategis. Oya dapet diskon. Thanks.",Diulas 225 minggu lalu,"https://ik.imagekit.io/tvlk/ugc-review/guys1L+Yyer9kzI3sp-pb0CG1j2bhflZGFUZOoIf1YOBAm37kEUOKR41ieUZm7ZJ/ugc-photo-ap-southeast-1-581603780057-acd24e232f75f09e/ACCOMMODATION/15852492_ACCOMMODATION_1642168847070_8916bb8eac0068a0?_src=imagekit&tr=c-at_max,h-100,q-40,w-100","https://ik.imagekit.io/tvlk/ugc-review/guys1L+Yyer9kzI3sp-pb0CG1j2bhflZGFUZOoIf1YOBAm37kEUOKR41ieUZm7ZJ/ugc-photo-ap-southeast-1-581603780057-acd24e232f75f09e/ACCOMMODATION/15852492_ACCOMMODATION_1642168847070_9a851ec508415900?_src=imagekit&tr=c-at_max,h-100,q-40,w-100","https://ik.imagekit.io/tvlk/ugc-review/guys1L+Yyer9kzI3sp-pb0CG1j2bhflZGFUZOoIf1YOBAm37kEUOKR41ieUZm7ZJ/ugc-photo-ap-southeast-1-581603780057-acd24e232f75f09e/ACCOMMODATION/15852492_ACCOMMODATION_1642168869737_3e671bc33982bb74?_src=imagekit&tr=c-at_max,h-100,q-40,w-100",,,,,,,,,,,,,,,,,
https://www.traveloka.com/id-id/user/review/consumption/HOTEL/GENERAL/3000010015281,6,8,"Waktu menginap kemarin pakenya kamar magazine cocok banget buat keluarga, buka pintu belakang langsung ke kolam renang, luas dan nyaman, banyak banget spot buat fotonya, dirooftop nya juga bisa liat pemandangan langsung ke laut, indah banget pokoknya ❤️.",Diulas 226 minggu lalu,"https://ik.imagekit.io/tvlk/ugc-review/guys1L+Yyer9kzI3sp-pb0CG1j2bhflZGFUZOoIf1YOBAm37kEUOKR41ieUZm7ZJ/ugc-photo-ap-southeast-1-581603780057-acd24e232f75f09e/ACCOMMODATION/153588956_ACCOMMODATION_1641569332867_e6819eb8f31ce86c?_src=imagekit&tr=c-at_max,h-100,q-40,w-100","https://ik.imagekit.io/tvlk/ugc-review/guys1L+Yyer9kzI3sp-pb0CG1j2bhflZGFUZOoIf1YOBAm37kEUOKR41ieUZm7ZJ/ugc-photo-ap-southeast-1-581603780057-acd24e232f75f09e/ACCOMMODATION/153588956_ACCOMMODATION_1641569332868_1d19eb5631bf2887?_src=imagekit&tr=c-at_max,h-100,q-40,w-100","https://ik.imagekit.io/tvlk/ugc-review/guys1L+Yyer9kzI3sp-pb0CG1j2bhflZGFUZOoIf1YOBAm37kEUOKR41ieUZm7ZJ/ugc-photo-ap-southeast-1-581603780057-acd24e232f75f09e/ACCOMMODATION/153588956_ACCOMMODATION_1641569332868_df54e43055feadf8?_src=imagekit&tr=c-at_max,h-100,q-40,w-100","https://ik.imagekit.io/tvlk/ugc-review/guys1L+Yyer9kzI3sp-pb0CG1j2bhflZGFUZOoIf1YOBAm37kEUOKR41ieUZm7ZJ/ugc-photo-ap-southeast-1-581603780057-acd24e232f75f09e/ACCOMMODATION/153588956_ACCOMMODATION_1641569332868_7e3301a63117e925?_src=imagekit&tr=c-at_max,h-100,q-40,w-100",,,,,,,,,,,,,,,,
https://www.traveloka.com/id-id/user/review/consumption/HOTEL/GENERAL/3000010015281,6,9,"Mantap, kamar hotel besar untuk tipe deluxe dan family, disediakan ranjang ukuran besar/queen 2 buah, makanan standard nothing special tapi lumayan deh, ke pantai deket cuma ya terganggu sama banyaknya perahu dipantai yang cari pengunjung. Fasilitas hotel untuk anak cukup baik dan pelayanan hotel juga baik.",Diulas 226 minggu lalu,"https://ik.imagekit.io/tvlk/ugc-review/guys1L+Yyer9kzI3sp-pb0CG1j2bhflZGFUZOoIf1YOBAm37kEUOKR41ieUZm7ZJ/ugc-photo-ap-southeast-1-581603780057-acd24e232f75f09e/ACCOMMODATION/8717346_ACCOMMODATION_1641523436449_fb93b0b2d13706de?_src=imagekit&tr=c-at_max,h-100,q-40,w-100","https://ik.imagekit.io/tvlk/ugc-review/guys1L+Yyer9kzI3sp-pb0CG1j2bhflZGFUZOoIf1YOBAm37kEUOKR41ieUZm7ZJ/ugc-photo-ap-southeast-1-581603780057-acd24e232f75f09e/ACCOMMODATION/8717346_ACCOMMODATION_1641523436449_e19bd3ef2989cdd2?_src=imagekit&tr=c-at_max,h-100,q-40,w-100",,,,,,,,,,,,,,,,,,
https://www.traveloka.com/id-id/user/review/consumption/HOTEL/GENERAL/3000010015281,6,10,"Hotel ini enaknya untuk befoto, view nya mantap.Keren deh",Diulas 227 minggu lalu,"https://ik.imagekit.io/tvlk/ugc-review/guys1L+Yyer9kzI3sp-pb0CG1j2bhflZGFUZOoIf1YOBAm37kEUOKR41ieUZm7ZJ/ugc-photo-ap-southeast-1-581603780057-acd24e232f75f09e/ACCOMMODATION/117958658_ACCOMMODATION_1641263979364_2ebaae239fd205db?_src=imagekit&tr=c-at_max,h-100,q-40,w-100","https://ik.imagekit.io/tvlk/ugc-review/guys1L+Yyer9kzI3sp-pb0CG1j2bhflZGFUZOoIf1YOBAm37kEUOKR41ieUZm7ZJ/ugc-photo-ap-southeast-1-581603780057-acd24e232f75f09e/ACCOMMODATION/117958658_ACCOMMODATION_1641263979364_c3fce11933270292?_src=imagekit&tr=c-at_max,h-100,q-40,w-100","https://ik.imagekit.io/tvlk/ugc-review/guys1L+Yyer9kzI3sp-pb0CG1j2bhflZGFUZOoIf1YOBAm37kEUOKR41ieUZm7ZJ/ugc-photo-ap-southeast-1-581603780057-acd24e232f75f09e/ACCOMMODATION/117958658_ACCOMMODATION_1641263979364_3ae13a83da3099c5?_src=imagekit&tr=c-at_max,h-100,q-40,w-100",,,,,,,,,,,,,,,,,
https://www.traveloka.com/id-id/user/review/consumption/HOTEL/GENERAL/3000010015281,6,11,Terima kasih laut biru resort hotel sudah menemani liburan kami.. Nyaman.,Diulas 227 minggu lalu,"https://ik.imagekit.io/tvlk/ugc-review/guys1L+Yyer9kzI3sp-pb0CG1j2bhflZGFUZOoIf1YOBAm37kEUOKR41ieUZm7ZJ/ugc-photo-ap-southeast-1-581603780057-acd24e232f75f09e/ACCOMMODATION/149196155_ACCOMMODATION_1641115166200_25681f8052c8e6d6?_src=imagekit&tr=c-at_max,h-100,q-40,w-100",,,,,,,,,,,,,,,,,,,
https://www.traveloka.com/id-id/user/review/consumption/HOTEL/GENERAL/3000010015281,6,12,"Sebenarnya kesini penasaran sama 7th floor nya tp kl disuruh balik lg nggak mau. Bed tidak layaknya 4 star hotel, kusut, noda sana sini. Toiletries hrs telepon dl minta, galon ditaronya di guci wkwk, breakfast option cuma bihun, nasgor, capcay, ayam lengkuas, bubur, omelet dan aneka teh, kopi, jus. Yang paling bikin tidak betah rame nya sudah kaya pasar, depan hotel juga banyak yang jualan. Kl untuk staycation tidak bisa deh. Btw aku pesan yang 2 bed besar tp kamarnya tidak gitu besar, utk cek in cek out lancar. Tapi memang crowded pol",Diulas 228 minggu lalu,"https://ik.imagekit.io/tvlk/ugc-review/guys1L+Yyer9kzI3sp-pb0CG1j2bhflZGFUZOoIf1YOBAm37kEUOKR41ieUZm7ZJ/ugc-photo-ap-southeast-1-581603780057-acd24e232f75f09e/ACCOMMODATION/4344409_ACCOMMODATION_1640149235292_2168c1a8259d2634?_src=imagekit&tr=c-at_max,h-100,q-40,w-100","https://ik.imagekit.io/tvlk/ugc-review/guys1L+Yyer9kzI3sp-pb0CG1j2bhflZGFUZOoIf1YOBAm37kEUOKR41ieUZm7ZJ/ugc-photo-ap-southeast-1-581603780057-acd24e232f75f09e/ACCOMMODATION/4344409_ACCOMMODATION_1640149235292_3e73068ff95d998b?_src=imagekit&tr=c-at_max,h-100,q-40,w-100","https://ik.imagekit.io/tvlk/ugc-review/guys1L+Yyer9kzI3sp-pb0CG1j2bhflZGFUZOoIf1YOBAm37kEUOKR41ieUZm7ZJ/ugc-photo-ap-southeast-1-581603780057-acd24e232f75f09e/ACCOMMODATION/4344409_ACCOMMODATION_1640149235293_b7ef83eca80e3d55?_src=imagekit&tr=c-at_max,h-100,q-40,w-100","https://ik.imagekit.io/tvlk/ugc-review/guys1L+Yyer9kzI3sp-pb0CG1j2bhflZGFUZOoIf1YOBAm37kEUOKR41ieUZm7ZJ/ugc-photo-ap-southeast-1-581603780057-acd24e232f75f09e/ACCOMMODATION/4344409_ACCOMMODATION_1640149235293_12669f2ddda14fec?_src=imagekit&tr=c-at_max,h-100,q-40,w-100","https://ik.imagekit.io/tvlk/ugc-review/guys1L+Yyer9kzI3sp-pb0CG1j2bhflZGFUZOoIf1YOBAm37kEUOKR41ieUZm7ZJ/ugc-photo-ap-southeast-1-581603780057-acd24e232f75f09e/ACCOMMODATION/4344409_ACCOMMODATION_1640149235293_b8823b08d95e95a9?_src=imagekit&tr=c-at_max,h-100,q-40,w-100",,,,,,,,,,,,,,,
https://www.traveloka.com/id-id/user/review/consumption/HOTEL/GENERAL/3000010015281,6,13,"Pertama kali nya saya seperti ini, Pelayanan buruk, kanar rusak, kamar mandi mampe sampai keluar cacing, minta diperbaiki tidak di respon sama sekali terhitung 5 komplain, diperbaiki jam 11 siang sebelum check out karena udah marah marah, pegawai office tidak sopan belum selesai bicara langsung ditutup tanpa makasih atau maaf, dan fasilitas seperti alat mandi diberikan jam 11 siang sebelum check out bukan pas check in hari pertama",Diulas 229 minggu lalu,"https://ik.imagekit.io/tvlk/ugc-review/guys1L+Yyer9kzI3sp-pb0CG1j2bhflZGFUZOoIf1YOBAm37kEUOKR41ieUZm7ZJ/ugc-photo-ap-southeast-1-581603780057-acd24e232f75f09e/ACCOMMODATION/188926716_ACCOMMODATION_1639979357325_8f3523befa2e4dd7?_src=imagekit&tr=c-at_max,h-100,q-40,w-100","https://ik.imagekit.io/tvlk/ugc-review/guys1L+Yyer9kzI3sp-pb0CG1j2bhflZGFUZOoIf1YOBAm37kEUOKR41ieUZm7ZJ/ugc-photo-ap-southeast-1-581603780057-acd24e232f75f09e/ACCOMMODATION/188926716_ACCOMMODATION_1639979357325_9f06dfb67e5525c2?_src=imagekit&tr=c-at_max,h-100,q-40,w-100",,,,,,,,,,,,,,,,,,
https://www.traveloka.com/id-id/user/review/consumption/HOTEL/GENERAL/3000010015281,6,14,"Hotel dengan view paling wow dan bisa foto-foto dengan 2 sisi pantai yang berbeda, selain itu ada 2 bed dalam kamar jadi bisa memboyong keluarga besar, hanya mungkin buat ke depannya koordinasi lebih ditingkatkan lagi ya, permintaan tamu jangan sampai di abaikan, lebih bagus lagi bila standar pelayanan seperti di kota-kota besar, menyediakan coffee, teh, sandal dan sikat gigi pasti lebih top banget.",Diulas 230 minggu lalu,"https://ik.imagekit.io/tvlk/ugc-review/guys1L+Yyer9kzI3sp-pb0CG1j2bhflZGFUZOoIf1YOBAm37kEUOKR41ieUZm7ZJ/ugc-photo-ap-southeast-1-581603780057-acd24e232f75f09e/ACCOMMODATION/28224937_ACCOMMODATION_1639321649386_3b11ca97d043a9be?_src=imagekit&tr=c-at_max,h-100,q-40,w-100",,,,,,,,,,,,,,,,,,,
https://www.traveloka.com/id-id/user/review/consumption/HOTEL/GENERAL/3000010015281,6,15,"Overall nyaman, worth it banget, kurang nya di sarapan nya aja si itu aja yang lain 👍 staf-staf nya juga ramah-ramah itu yang paling penting si☺️",Diulas 230 minggu lalu,"https://ik.imagekit.io/tvlk/ugc-review/guys1L+Yyer9kzI3sp-pb0CG1j2bhflZGFUZOoIf1YOBAm37kEUOKR41ieUZm7ZJ/ugc-photo-ap-southeast-1-581603780057-acd24e232f75f09e/ACCOMMODATION/135589963_ACCOMMODATION_1639140118682_db00c1bbfab3f032?_src=imagekit&tr=c-at_max,h-100,q-40,w-100","https://ik.imagekit.io/tvlk/ugc-review/guys1L+Yyer9kzI3sp-pb0CG1j2bhflZGFUZOoIf1YOBAm37kEUOKR41ieUZm7ZJ/ugc-photo-ap-southeast-1-581603780057-acd24e232f75f09e/ACCOMMODATION/135589963_ACCOMMODATION_1639140118683_05ccc38726e2f1ce?_src=imagekit&tr=c-at_max,h-100,q-40,w-100",,,,,,,,,,,,,,,,,,
https://www.traveloka.com/id-id/user/review/consumption/HOTEL/GENERAL/3000010015281,6,16,Pengalaman menginap yang menyenangkan. Terima kasih laut biru.,Diulas 230 minggu lalu,"https://ik.imagekit.io/tvlk/ugc-review/guys1L+Yyer9kzI3sp-pb0CG1j2bhflZGFUZOoIf1YOBAm37kEUOKR41ieUZm7ZJ/ugc-photo-ap-southeast-1-581603780057-acd24e232f75f09e/ACCOMMODATION/16705157_ACCOMMODATION_1639040479835_f9b7d395c1c3aac7?_src=imagekit&tr=c-at_max,h-100,q-40,w-100",,,,,,,,,,,,,,,,,,,
https://www.traveloka.com/id-id/user/review/consumption/HOTEL/GENERAL/3000010015281,6,17,"Great location di pantai barat Pangandaran. Breakfast banyak menu pilihannya, dan swimming pool nya the best banget! Tapi gak di kasih towel, so harus bawa towel sendiri dari kamar kalo mau berenang. Room oke oke saja sesuai ekspetasi",Diulas 231 minggu lalu,"https://ik.imagekit.io/tvlk/ugc-review/guys1L+Yyer9kzI3sp-pb0CG1j2bhflZGFUZOoIf1YOBAm37kEUOKR41ieUZm7ZJ/ugc-photo-ap-southeast-1-581603780057-acd24e232f75f09e/ACCOMMODATION/4649807_ACCOMMODATION_1638363512780_f0d0e9c6f950ae73?_src=imagekit&tr=c-at_max,h-100,q-40,w-100","https://ik.imagekit.io/tvlk/ugc-review/guys1L+Yyer9kzI3sp-pb0CG1j2bhflZGFUZOoIf1YOBAm37kEUOKR41ieUZm7ZJ/ugc-photo-ap-southeast-1-581603780057-acd24e232f75f09e/ACCOMMODATION/4649807_ACCOMMODATION_1638363512780_7674e129acb3c711?_src=imagekit&tr=c-at_max,h-100,q-40,w-100",,,,,,,,,,,,,,,,,,
https://www.traveloka.com/id-id/user/review/consumption/HOTEL/GENERAL/3000010015281,6,18,"Tempat yang nyaman, bersih dan juga sangat cocok untuk keluarga. Terima kasih laut biru yang telah memberikan pemgalaman menyenangkan bagi kami.",Diulas 231 minggu lalu,"https://ik.imagekit.io/tvlk/ugc-review/guys1L+Yyer9kzI3sp-pb0CG1j2bhflZGFUZOoIf1YOBAm37kEUOKR41ieUZm7ZJ/ugc-photo-ap-southeast-1-581603780057-acd24e232f75f09e/ACCOMMODATION/100603868_ACCOMMODATION_1638346288124_f123c54c2048042b?_src=imagekit&tr=c-at_max,h-100,q-40,w-100","https://ik.imagekit.io/tvlk/ugc-review/guys1L+Yyer9kzI3sp-pb0CG1j2bhflZGFUZOoIf1YOBAm37kEUOKR41ieUZm7ZJ/ugc-photo-ap-southeast-1-581603780057-acd24e232f75f09e/ACCOMMODATION/100603868_ACCOMMODATION_1638346288124_fecddf03410b2097?_src=imagekit&tr=c-at_max,h-100,q-40,w-100",,,,,,,,,,,,,,,,,,
https://www.traveloka.com/id-id/user/review/consumption/HOTEL/GENERAL/3000010015281,6,19,"Menginap di sini sangat strategis, ke pantai barat dekat, ke pantai timur dekat, dekat juga ke cagar alam, ke tempat belanja oleh-oleh pun dekat. Tinggal jalan kaki. Pokonya serba dekat. Oia untuk yang menginap di sini jk di kamar tidak tersedia peralatan kamar mandi, handuk, hair dryer, kopi dan gula tinggal minta aja pasti langsung dkirim kok. Saya menginap di sini 2 hari berturut-turut handuk tetap mereka ganti yang baru keesokan harinya. Jadi jangan khawatir handuk basah karena aktivitas main air ya. Kolam renang untuk anaknya enak. Kolam renang didepan kamar, ada balkon juga. Untuk variasi sarapan standar, tapi masih oke kok. Pangandaran selalu jadi destinasi favorit bagi keluarga kami. Maaf fotonya sedikit karena kami asik menikmati liburannya.",Diulas 232 minggu lalu,"https://ik.imagekit.io/tvlk/ugc-review/guys1L+Yyer9kzI3sp-pb0CG1j2bhflZGFUZOoIf1YOBAm37kEUOKR41ieUZm7ZJ/ugc-photo-ap-southeast-1-581603780057-acd24e232f75f09e/ACCOMMODATION/191292303_ACCOMMODATION_1638274908104_00044179a6138f39?_src=imagekit&tr=c-at_max,h-100,q-40,w-100",,,,,,,,,,,,,,,,,,,
https://www.traveloka.com/id-id/user/review/consumption/HOTEL/GENERAL/3000010015281,6,20,"Lokasi sangat strategis, dekat ke pantai barat dan timur. Hotel nyaman view bagus. Tapi untuk sandal, pasta gigi, kopi, air harus minta agr dikirim ke kamar.",Diulas 232 minggu lalu,"https://ik.imagekit.io/tvlk/ugc-review/guys1L+Yyer9kzI3sp-pb0CG1j2bhflZGFUZOoIf1YOBAm37kEUOKR41ieUZm7ZJ/ugc-photo-ap-southeast-1-581603780057-acd24e232f75f09e/ACCOMMODATION/206150270_ACCOMMODATION_1638228397774_2dc571a9f54aae2d?_src=imagekit&tr=c-at_max,h-100,q-40,w-100",,,,,,,,,,,,,,,,,,,
https://www.traveloka.com/id-id/user/review/consumption/HOTEL/GENERAL/3000010015281,6,21,"Tempat bersih dan strategis hanya untuk welcome drink tidak ada, sendal hotel tidak ada. Untuk telpon reseptionis tidak bisa karena di kamar tidak ada informasi layanan. Air panas kamar mandi tidak ada.",Diulas 232 minggu lalu,"https://ik.imagekit.io/tvlk/ugc-review/guys1L+Yyer9kzI3sp-pb0CG1j2bhflZGFUZOoIf1YOBAm37kEUOKR41ieUZm7ZJ/ugc-photo-ap-southeast-1-581603780057-acd24e232f75f09e/ACCOMMODATION/0_ACCOMMODATION_1638178063470_11806f77762c4fec?_src=imagekit&tr=c-at_max,h-100,q-40,w-100","https://ik.imagekit.io/tvlk/ugc-review/guys1L+Yyer9kzI3sp-pb0CG1j2bhflZGFUZOoIf1YOBAm37kEUOKR41ieUZm7ZJ/ugc-photo-ap-southeast-1-581603780057-acd24e232f75f09e/ACCOMMODATION/0_ACCOMMODATION_1638178174991_d6960c8d11527bfa?_src=imagekit&tr=c-at_max,h-100,q-40,w-100","https://ik.imagekit.io/tvlk/ugc-review/guys1L+Yyer9kzI3sp-pb0CG1j2bhflZGFUZOoIf1YOBAm37kEUOKR41ieUZm7ZJ/ugc-photo-ap-southeast-1-581603780057-acd24e232f75f09e/ACCOMMODATION/0_ACCOMMODATION_1638178174991_a772a9c882ce5e4f?_src=imagekit&tr=c-at_max,h-100,q-40,w-100",,,,,,,,,,,,,,,,,
https://www.traveloka.com/id-id/user/review/consumption/HOTEL/GENERAL/3000010015281,6,22,Fasilitasnya oke banget sih bersih. Pelayanan agak lamban ya tolong d tingkatkan. Sama makanan nya agak kurang pas d lidah.,Diulas 233 minggu lalu,"https://ik.imagekit.io/tvlk/ugc-review/guys1L+Yyer9kzI3sp-pb0CG1j2bhflZGFUZOoIf1YOBAm37kEUOKR41ieUZm7ZJ/ugc-photo-ap-southeast-1-581603780057-acd24e232f75f09e/ACCOMMODATION/206683529_ACCOMMODATION_1637644739543_d0bbbb782c96046f?_src=imagekit&tr=c-at_max,h-100,q-40,w-100","https://ik.imagekit.io/tvlk/ugc-review/guys1L+Yyer9kzI3sp-pb0CG1j2bhflZGFUZOoIf1YOBAm37kEUOKR41ieUZm7ZJ/ugc-photo-ap-southeast-1-581603780057-acd24e232f75f09e/ACCOMMODATION/206683529_ACCOMMODATION_1637644739543_f1b77327ddd184fc?_src=imagekit&tr=c-at_max,h-100,q-40,w-100",,,,,,,,,,,,,,,,,,
https://www.traveloka.com/id-id/user/review/consumption/HOTEL/GENERAL/3000010015281,6,23,Kami liburan besama keluarga besar sangat menyenangkan tidur di Laut Biru. Satu saja yang sangat kurang bagi kami sarapannya kaya di hotel melati parah banget dan alat mandi sekelas bintang 4 masa kaga ada. Tolong management dengar keluhan konsumen. Yang lain nya sudah oke.,Diulas 233 minggu lalu,"https://ik.imagekit.io/tvlk/ugc-review/guys1L+Yyer9kzI3sp-pb0CG1j2bhflZGFUZOoIf1YOBAm37kEUOKR41ieUZm7ZJ/ugc-photo-ap-southeast-1-581603780057-acd24e232f75f09e/ACCOMMODATION/16767144_ACCOMMODATION_1637628960206_7a00c1628907ff98?_src=imagekit&tr=c-at_max,h-100,q-40,w-100",,,,,,,,,,,,,,,,,,,
https://www.traveloka.com/id-id/user/review/consumption/HOTEL/GENERAL/3000010015281,6,24,Saya sewa family room dengan harga 1 juta namun ternyata tidak sesuai ekspektasi. Handuk basah dan telpon tidak berfungsi. Kamarnya juga biasa aja. Rugi banyak.,Diulas 233 minggu lalu,"https://ik.imagekit.io/tvlk/ugc-review/guys1L+Yyer9kzI3sp-pb0CG1j2bhflZGFUZOoIf1YOBAm37kEUOKR41ieUZm7ZJ/ugc-photo-ap-southeast-1-581603780057-acd24e232f75f09e/ACCOMMODATION/6685092_ACCOMMODATION_1637557187385_8e296032b79db398?_src=imagekit&tr=c-at_max,h-100,q-40,w-100",,,,,,,,,,,,,,,,,,,
https://www.traveloka.com/id-id/user/review/consumption/HOTEL/GENERAL/3000010015281,6,25,"Suka sih pokonya. Cuma sebelnya sendal, sikat gigi, kopi teh, dan lain-lain harus by request dulu belum otomatis disediain. Itu aja sih kurangnya. Selebihnyaa suka banget sih semuanya.",Diulas 233 minggu lalu,"https://ik.imagekit.io/tvlk/ugc-review/guys1L+Yyer9kzI3sp-pb0CG1j2bhflZGFUZOoIf1YOBAm37kEUOKR41ieUZm7ZJ/ugc-photo-ap-southeast-1-581603780057-acd24e232f75f09e/ACCOMMODATION/8448132_ACCOMMODATION_1637503440648_e4f296a905b4de6a?_src=imagekit&tr=c-at_max,h-100,q-40,w-100","https://ik.imagekit.io/tvlk/ugc-review/guys1L+Yyer9kzI3sp-pb0CG1j2bhflZGFUZOoIf1YOBAm37kEUOKR41ieUZm7ZJ/ugc-photo-ap-southeast-1-581603780057-acd24e232f75f09e/ACCOMMODATION/8448132_ACCOMMODATION_1637503440648_3c18abfad3a98876?_src=imagekit&tr=c-at_max,h-100,q-40,w-100","https://ik.imagekit.io/tvlk/ugc-review/guys1L+Yyer9kzI3sp-pb0CG1j2bhflZGFUZOoIf1YOBAm37kEUOKR41ieUZm7ZJ/ugc-photo-ap-southeast-1-581603780057-acd24e232f75f09e/ACCOMMODATION/8448132_ACCOMMODATION_1637503440648_e27cdefc0b2145a9?_src=imagekit&tr=c-at_max,h-100,q-40,w-100","https://ik.imagekit.io/tvlk/ugc-review/guys1L+Yyer9kzI3sp-pb0CG1j2bhflZGFUZOoIf1YOBAm37kEUOKR41ieUZm7ZJ/ugc-photo-ap-southeast-1-581603780057-acd24e232f75f09e/ACCOMMODATION/8448132_ACCOMMODATION_1637503440649_ad5fda04e938f49c?_src=imagekit&tr=c-at_max,h-100,q-40,w-100",,,,,,,,,,,,,,,,
https://www.traveloka.com/id-id/user/review/consumption/HOTEL/GENERAL/3000010015281,6,26,"Pangandaran i'm back! Saya sangat menikmati menginap di hotel laut biru, ini yang kedua kalinya saya dan keluarga datang dan menginap di sini, first kebagian room yang luas dan bangunan yang lama, karena sabtu minggu full akhirnya booking di minggu senin, untuk kamar bagus, menu sarapan tidak ada perubahan dari tahun lalu, tidak bervariasi, bubur ayam, nasi goreng, dan masukan untuk caisin nya terlalu asin, masukan juga untuk area parkir jika kebagian parkir di luar harap berhati hati dengan kotoran burung yang ikutan bermalam di hotel burung sambil buang kotoran, dan di bawah ada mobil yang di parkir, overall nice. Terima kasih laut biru resort hotel dan traveloka untuk November 2021.",Diulas 233 minggu lalu,"https://ik.imagekit.io/tvlk/ugc-review/guys1L+Yyer9kzI3sp-pb0CG1j2bhflZGFUZOoIf1YOBAm37kEUOKR41ieUZm7ZJ/ugc-photo-ap-southeast-1-581603780057-acd24e232f75f09e/ACCOMMODATION/18932045_ACCOMMODATION_1637219820718_8516ca535ddfe259?_src=imagekit&tr=c-at_max,h-100,q-40,w-100","https://ik.imagekit.io/tvlk/ugc-review/guys1L+Yyer9kzI3sp-pb0CG1j2bhflZGFUZOoIf1YOBAm37kEUOKR41ieUZm7ZJ/ugc-photo-ap-southeast-1-581603780057-acd24e232f75f09e/ACCOMMODATION/18932045_ACCOMMODATION_1637219820719_501335e99391f4a7?_src=imagekit&tr=c-at_max,h-100,q-40,w-100","https://ik.imagekit.io/tvlk/ugc-review/guys1L+Yyer9kzI3sp-pb0CG1j2bhflZGFUZOoIf1YOBAm37kEUOKR41ieUZm7ZJ/ugc-photo-ap-southeast-1-581603780057-acd24e232f75f09e/ACCOMMODATION/18932045_ACCOMMODATION_1637219820719_75e7c7d7849a96b7?_src=imagekit&tr=c-at_max,h-100,q-40,w-100","https://ik.imagekit.io/tvlk/ugc-review/guys1L+Yyer9kzI3sp-pb0CG1j2bhflZGFUZOoIf1YOBAm37kEUOKR41ieUZm7ZJ/ugc-photo-ap-southeast-1-581603780057-acd24e232f75f09e/ACCOMMODATION/18932045_ACCOMMODATION_1637219820719_0292b40bbadf8692?_src=imagekit&tr=c-at_max,h-100,q-40,w-100","https://ik.imagekit.io/tvlk/ugc-review/guys1L+Yyer9kzI3sp-pb0CG1j2bhflZGFUZOoIf1YOBAm37kEUOKR41ieUZm7ZJ/ugc-photo-ap-southeast-1-581603780057-acd24e232f75f09e/ACCOMMODATION/18932045_ACCOMMODATION_1637219870405_bfa613ca2ebe7f5e?_src=imagekit&tr=c-at_max,h-100,q-40,w-100",,,,,,,,,,,,,,,
https://www.traveloka.com/id-id/user/review/consumption/HOTEL/GENERAL/3000010015281,6,27,"Hotel yang nyaman, pelayan cukup baik, recommended hotel for holiday.",Diulas 234 minggu lalu,"https://ik.imagekit.io/tvlk/ugc-review/guys1L+Yyer9kzI3sp-pb0CG1j2bhflZGFUZOoIf1YOBAm37kEUOKR41ieUZm7ZJ/ugc-photo-ap-southeast-1-581603780057-acd24e232f75f09e/ACCOMMODATION/199812763_ACCOMMODATION_1636866354683_bb0ff980351f0e9b?_src=imagekit&tr=c-at_max,h-100,q-40,w-100",,,,,,,,,,,,,,,,,,,
https://www.traveloka.com/id-id/user/review/consumption/HOTEL/GENERAL/3000010015281,6,28,"Hotel ini recommended banget, cocok buat keluarga, kolam renangnya bagus dan menyenangkan buat anak-anak, pasti bakal balik lagi kesini. Love it!",Diulas 234 minggu lalu,"https://ik.imagekit.io/tvlk/ugc-review/guys1L+Yyer9kzI3sp-pb0CG1j2bhflZGFUZOoIf1YOBAm37kEUOKR41ieUZm7ZJ/ugc-photo-ap-southeast-1-581603780057-acd24e232f75f09e/ACCOMMODATION/97782254_ACCOMMODATION_1636801939204_9095a6d3c5e76e8a?_src=imagekit&tr=c-at_max,h-100,q-40,w-100",,,,,,,,,,,,,,,,,,,
https://www.traveloka.com/id-id/user/review/consumption/HOTEL/GENERAL/3000010015281,6,29,"Lokasi hotel strategis dekat dengan pantai barat dan pasar ikan, banyak tempat makan dan oleh-oleh di sekitarnya. Kebersihan dan keramahan staff ok. Hanya menu breakfast kurang variatif dan rasa makanannya biasa saja. Hotelnya ramai pengunjung. Kolam renangnya bagus dan anak-anak suka. Overall oke banget.",Diulas 234 minggu lalu,"https://ik.imagekit.io/tvlk/ugc-review/guys1L+Yyer9kzI3sp-pb0CG1j2bhflZGFUZOoIf1YOBAm37kEUOKR41ieUZm7ZJ/ugc-photo-ap-southeast-1-581603780057-acd24e232f75f09e/ACCOMMODATION/71116913_ACCOMMODATION_1636647314895_55f8f00301d4f4ba?_src=imagekit&tr=c-at_max,h-100,q-40,w-100","https://ik.imagekit.io/tvlk/ugc-review/guys1L+Yyer9kzI3sp-pb0CG1j2bhflZGFUZOoIf1YOBAm37kEUOKR41ieUZm7ZJ/ugc-photo-ap-southeast-1-581603780057-acd24e232f75f09e/ACCOMMODATION/71116913_ACCOMMODATION_1636647314896_6edeb55491b04b3b?_src=imagekit&tr=c-at_max,h-100,q-40,w-100",,,,,,,,,,,,,,,,,,
https://www.traveloka.com/id-id/user/review/consumption/HOTEL/GENERAL/3000010015281,6,30,"Saya terkecoh dengan foto gedung yang terapung di laut. Tidak ada. Itu di atas gedung dan jika diambil dalam sudut tertentu, itu akan terlihat seperti foto itu, tetapi masih perlu diedit. Kamarnya bagus, tempat tidur nyaman, sangat ramai saat sarapan, menu terbatas. Tapi kami diberi 4 kupon. Jadi itu membuat kekurangan menu. Namun matahari terbenam yang terlihat dari pantai di depan hotel luar biasa. Dan Anda mungkin melihat rusa di malam hari.",Diulas 235 minggu lalu,"https://ik.imagekit.io/tvlk/ugc-review/guys1L+Yyer9kzI3sp-pb0CG1j2bhflZGFUZOoIf1YOBAm37kEUOKR41ieUZm7ZJ/ugc-photo-ap-southeast-1-581603780057-acd24e232f75f09e/ACCOMMODATION/185016117_ACCOMMODATION_1636253846169_6b78bd6ed76dc2cd?_src=imagekit&tr=c-at_max,h-100,q-40,w-100",,,,,,,,,,,,,,,,,,,
https://www.traveloka.com/id-id/user/review/consumption/HOTEL/GENERAL/3000010015281,6,31,"Akomodasi mantap lokasi stategis, makasih semua kerja kerasnya bagi staff hotel.",Diulas 236 minggu lalu,"https://ik.imagekit.io/tvlk/ugc-review/guys1L+Yyer9kzI3sp-pb0CG1j2bhflZGFUZOoIf1YOBAm37kEUOKR41ieUZm7ZJ/ugc-photo-ap-southeast-1-581603780057-acd24e232f75f09e/ACCOMMODATION/203588097_ACCOMMODATION_1635821952502_496054ed793eb3e7?_src=imagekit&tr=c-at_max,h-100,q-40,w-100",,,,,,,,,,,,,,,,,,,
https://www.traveloka.com/id-id/user/review/consumption/HOTEL/GENERAL/3000010015281,6,32,Sangat bersahabat untuk anak-anak dan kebersihannya top. Anak-anak aman nyaman dan happy.,Diulas 236 minggu lalu,"https://ik.imagekit.io/tvlk/ugc-review/guys1L+Yyer9kzI3sp-pb0CG1j2bhflZGFUZOoIf1YOBAm37kEUOKR41ieUZm7ZJ/ugc-photo-ap-southeast-1-581603780057-acd24e232f75f09e/ACCOMMODATION/22555091_ACCOMMODATION_1635839874777_4547ee675d6a1ee9?_src=imagekit&tr=c-at_max,h-100,q-40,w-100","https://ik.imagekit.io/tvlk/ugc-review/guys1L+Yyer9kzI3sp-pb0CG1j2bhflZGFUZOoIf1YOBAm37kEUOKR41ieUZm7ZJ/ugc-photo-ap-southeast-1-581603780057-acd24e232f75f09e/ACCOMMODATION/22555091_ACCOMMODATION_1635839874777_9ffa651d9b1b1014?_src=imagekit&tr=c-at_max,h-100,q-40,w-100",,,,,,,,,,,,,,,,,,
https://www.traveloka.com/id-id/user/review/consumption/HOTEL/GENERAL/3000010015281,6,33,"Nyaman banget hotelnya. Sempet hujan besar, tapi ngga masalah stay di hotel doang karena nyaman dan ada mini waterboom dan playground untuk anak. Strategis juga posisinya. Depan Pantai Barat, belakang Pantai Timur. Akan balik lagi kalau ke Pangandaran hehe",Diulas 236 minggu lalu,"https://ik.imagekit.io/tvlk/ugc-review/guys1L+Yyer9kzI3sp-pb0CG1j2bhflZGFUZOoIf1YOBAm37kEUOKR41ieUZm7ZJ/ugc-photo-ap-southeast-1-581603780057-acd24e232f75f09e/ACCOMMODATION/20467292_ACCOMMODATION_1635831407785_62ccec6c9e898f5e?_src=imagekit&tr=c-at_max,h-100,q-40,w-100","https://ik.imagekit.io/tvlk/ugc-review/guys1L+Yyer9kzI3sp-pb0CG1j2bhflZGFUZOoIf1YOBAm37kEUOKR41ieUZm7ZJ/ugc-photo-ap-southeast-1-581603780057-acd24e232f75f09e/ACCOMMODATION/20467292_ACCOMMODATION_1635831407785_5f2eb5c10aee4139?_src=imagekit&tr=c-at_max,h-100,q-40,w-100",,,,,,,,,,,,,,,,,,
https://www.traveloka.com/id-id/user/review/consumption/HOTEL/GENERAL/3000010015281,6,34,"Good place good view dan sangat bersih ♥️. Makanannya juga enak-enak, pertahankan Laut Biru ♥️",Diulas 236 minggu lalu,"https://ik.imagekit.io/tvlk/ugc-review/guys1L+Yyer9kzI3sp-pb0CG1j2bhflZGFUZOoIf1YOBAm37kEUOKR41ieUZm7ZJ/ugc-photo-ap-southeast-1-581603780057-acd24e232f75f09e/ACCOMMODATION/0_ACCOMMODATION_1635829789549_b101f82abe6178f4?_src=imagekit&tr=c-at_max,h-100,q-40,w-100",,,,,,,,,,,,,,,,,,,
https://www.traveloka.com/id-id/user/review/consumption/HOTEL/GENERAL/3000010015281,6,35,Anak² seneng bisa berenang dengan fasilitas ada waterboomnya.,Diulas 236 minggu lalu,"https://ik.imagekit.io/tvlk/ugc-review/guys1L+Yyer9kzI3sp-pb0CG1j2bhflZGFUZOoIf1YOBAm37kEUOKR41ieUZm7ZJ/ugc-photo-ap-southeast-1-581603780057-acd24e232f75f09e/ACCOMMODATION/22254162_ACCOMMODATION_1635806820276_1b3407def1ad7f4a?_src=imagekit&tr=c-at_max,h-100,q-40,w-100",,,,,,,,,,,,,,,,,,,
https://www.traveloka.com/id-id/user/review/consumption/HOTEL/GENERAL/3000010015281,6,36,"Nyaman, bersih, dekat pantai baik timur maupun barat",Diulas 236 minggu lalu,"https://ik.imagekit.io/tvlk/ugc-review/guys1L+Yyer9kzI3sp-pb0CG1j2bhflZGFUZOoIf1YOBAm37kEUOKR41ieUZm7ZJ/ugc-photo-ap-southeast-1-581603780057-acd24e232f75f09e/ACCOMMODATION/0_ACCOMMODATION_1635679352710_9508df3f8d5c58ae?_src=imagekit&tr=c-at_max,h-100,q-40,w-100",,,,,,,,,,,,,,,,,,,
https://www.traveloka.com/id-id/user/review/consumption/HOTEL/GENERAL/3000010015281,6,37,"Hotelnya udah bagus standarnya seperti hotel pada umumnya, saya tinggal 3 malam cuma yang 1 malam awal saya booking langsun on arrival, seperti biasa pada musim liburan sulit dapet kamar dan kebagian kamar yang kurang strategis dengan harga yang cukup mahal, selebihnya sih oke pelayanan baik dan lokasi hotel juga deket pantai.",Diulas 236 minggu lalu,"https://ik.imagekit.io/tvlk/ugc-review/guys1L+Yyer9kzI3sp-pb0CG1j2bhflZGFUZOoIf1YOBAm37kEUOKR41ieUZm7ZJ/ugc-photo-ap-southeast-1-581603780057-acd24e232f75f09e/ACCOMMODATION/8717346_ACCOMMODATION_1635556910625_025319c28ebdc506?_src=imagekit&tr=c-at_max,h-100,q-40,w-100","https://ik.imagekit.io/tvlk/ugc-review/guys1L+Yyer9kzI3sp-pb0CG1j2bhflZGFUZOoIf1YOBAm37kEUOKR41ieUZm7ZJ/ugc-photo-ap-southeast-1-581603780057-acd24e232f75f09e/ACCOMMODATION/8717346_ACCOMMODATION_1635556910626_2f0fec0d2d0a57ba?_src=imagekit&tr=c-at_max,h-100,q-40,w-100",,,,,,,,,,,,,,,,,,
https://www.traveloka.com/id-id/user/review/consumption/HOTEL/GENERAL/3000010015281,6,38,View nya bagus pantai timur dan barat sekaligus. Pelayanan nya 👍.,Diulas 237 minggu lalu,"https://ik.imagekit.io/tvlk/ugc-review/guys1L+Yyer9kzI3sp-pb0CG1j2bhflZGFUZOoIf1YOBAm37kEUOKR41ieUZm7ZJ/ugc-photo-ap-southeast-1-581603780057-acd24e232f75f09e/ACCOMMODATION/29492933_ACCOMMODATION_1634777134007_55270c2512cd06dc?_src=imagekit&tr=c-at_max,h-100,q-40,w-100",,,,,,,,,,,,,,,,,,,
https://www.traveloka.com/id-id/user/review/consumption/HOTEL/GENERAL/3000010015281,6,39,Pelayanan sangat bagus dan staf sangat ramah-ramah,Diulas 237 minggu lalu,"https://ik.imagekit.io/tvlk/ugc-review/guys1L+Yyer9kzI3sp-pb0CG1j2bhflZGFUZOoIf1YOBAm37kEUOKR41ieUZm7ZJ/ugc-photo-ap-southeast-1-581603780057-acd24e232f75f09e/ACCOMMODATION/22105367_ACCOMMODATION_1635029224312_8d8785f8a0f76b01?_src=imagekit&tr=c-at_max,h-100,q-40,w-100",,,,,,,,,,,,,,,,,,,
https://www.traveloka.com/id-id/user/review/consumption/HOTEL/GENERAL/3000010015281,6,40,"Recommended dekat kemana mana pantai barat tingal nyebrang, pantai timur juga deket jalan kaki. Semuanya mantap tiap ke Pangandaran pasti kelaut biru.",Diulas 237 minggu lalu,"https://ik.imagekit.io/tvlk/ugc-review/guys1L+Yyer9kzI3sp-pb0CG1j2bhflZGFUZOoIf1YOBAm37kEUOKR41ieUZm7ZJ/ugc-photo-ap-southeast-1-581603780057-acd24e232f75f09e/ACCOMMODATION/649593_ACCOMMODATION_1635086136047_4fe38c1b8b7de5d3?_src=imagekit&tr=c-at_max,h-100,q-40,w-100","https://ik.imagekit.io/tvlk/ugc-review/guys1L+Yyer9kzI3sp-pb0CG1j2bhflZGFUZOoIf1YOBAm37kEUOKR41ieUZm7ZJ/ugc-photo-ap-southeast-1-581603780057-acd24e232f75f09e/ACCOMMODATION/649593_ACCOMMODATION_1635086136047_93923dd6ce705165?_src=imagekit&tr=c-at_max,h-100,q-40,w-100","https://ik.imagekit.io/tvlk/ugc-review/guys1L+Yyer9kzI3sp-pb0CG1j2bhflZGFUZOoIf1YOBAm37kEUOKR41ieUZm7ZJ/ugc-photo-ap-southeast-1-581603780057-acd24e232f75f09e/ACCOMMODATION/649593_ACCOMMODATION_1635086136047_b1ab9e9bfd786b61?_src=imagekit&tr=c-at_max,h-100,q-40,w-100",,,,,,,,,,,,,,,,,
https://www.traveloka.com/id-id/user/review/consumption/HOTEL/GENERAL/3000010015281,7,1,"Lokasi sangat bagus. Dekat pantai dan pusat keramaian, hotel bagus, kolam renang bagus. Perlu tingkatkan kualitas makanan baik breakfast atau room service. Overall very nice to stay.",Diulas 237 minggu lalu,"https://ik.imagekit.io/tvlk/ugc-review/guys1L+Yyer9kzI3sp-pb0CG1j2bhflZGFUZOoIf1YOBAm37kEUOKR41ieUZm7ZJ/ugc-photo-ap-southeast-1-581603780057-acd24e232f75f09e/ACCOMMODATION/4425030_ACCOMMODATION_1634725746019_7d106841f21e045d?_src=imagekit&tr=c-at_max,h-100,q-40,w-100",,,,,,,,,,,,,,,,,,,
https://www.traveloka.com/id-id/user/review/consumption/HOTEL/GENERAL/3000010015281,7,2,"Ini pertama kalinya saya menginap di sini, kamarnya nyaman, bersih, dan rapi. Kolam renangnya sangat cocok untuk anak-anak. Cocok untuk keluarga. Liburan berikutnya saya ingin menginap di sini lagi.",Diulas 239 minggu lalu,"https://ik.imagekit.io/tvlk/ugc-review/guys1L+Yyer9kzI3sp-pb0CG1j2bhflZGFUZOoIf1YOBAm37kEUOKR41ieUZm7ZJ/ugc-photo-ap-southeast-1-581603780057-acd24e232f75f09e/ACCOMMODATION/190975816_ACCOMMODATION_1634021075813_5a4f01db83dfc979?_src=imagekit&tr=c-at_max,h-100,q-40,w-100",,,,,,,,,,,,,,,,,,,
https://www.traveloka.com/id-id/user/review/consumption/HOTEL/GENERAL/3000010015281,7,3,"Puas liburan keluarga ke pangandaran nginap di laut biru resort, kondisi hotel penuh. Sampe-sampe baru bisa masuk kamar jam 14. Overall memuaskan. Next pasti nginap lagi di sini",Diulas 239 minggu lalu,"https://ik.imagekit.io/tvlk/ugc-review/guys1L+Yyer9kzI3sp-pb0CG1j2bhflZGFUZOoIf1YOBAm37kEUOKR41ieUZm7ZJ/ugc-photo-ap-southeast-1-581603780057-acd24e232f75f09e/ACCOMMODATION/198820482_ACCOMMODATION_1633958613790_4f8cc0347f741ef4?_src=imagekit&tr=c-at_max,h-100,q-40,w-100","https://ik.imagekit.io/tvlk/ugc-review/guys1L+Yyer9kzI3sp-pb0CG1j2bhflZGFUZOoIf1YOBAm37kEUOKR41ieUZm7ZJ/ugc-photo-ap-southeast-1-581603780057-acd24e232f75f09e/ACCOMMODATION/198820482_ACCOMMODATION_1633958613790_6a7696cdf3195c1a?_src=imagekit&tr=c-at_max,h-100,q-40,w-100",,,,,,,,,,,,,,,,,,
https://www.traveloka.com/id-id/user/review/consumption/HOTEL/GENERAL/3000010015281,7,4,"Kami menginap 2 malam, 2 kamar di sini. Berkunjung weekday (rabu-jumat) tapi lumayan rame, karena kapasitas hotel besar sekali. Waktu sarapan beberapa meja diberi tanda silang dan ga dikasih kursi, tp jika pengunjungnya bertambah meja tersebut dikasih kursi oleh pegawainya. Info dari frontdesk nya saat itu kapasitas 50%, ga kebayang kalo weekend penuhnya gimana. 1. Kamar bersih, luas, ada balkon. Ada spot kotor di sprei tp ya sudahlah. Amenities yang didapat saat masuk: gelas, air galon, pemanas air, handuk. Amenities lain harus minta melalui resepsionis; Sandal, kopi, shower cap, sikat gigi. 2. Kamar mandi bersih. Shower dan keran sudah pecah dan selang bocor, tp mah bisa dipakai. 3. Kolam renang dan waterpark bagus, menarik. Ini daya tariknya di sini. Ada playground anak juga. 4. Breakfast not good, biasa aja. Karena udah baca-baca review jadi no expectation soal breakfast. Prasmanan hanya ada nasi goreng, mie goreng dan capcay. Ada booth telur, pancake, roti, bubur ayam/ bubur kacang ijo, buah 1 macam, teh/kopi, sirup. 5. Yang mau work from anywhere atau zoom, wifi hotel ga bisa diandalkan. Siapkan hotspot sendiri. 6. Di pintu depan ada pengecekan suhu, cuci tangan dan petugas hotel yang jaga. Tp di pintu belakang dari parkiran ga dijaga. Hand sanitizer dan tisu ada di depan lift. So far, menyenangkan. Tp masih ada yang perlu diperbaiki lagi, terutama makanan sarapan.",Diulas 239 minggu lalu,"https://ik.imagekit.io/tvlk/ugc-review/guys1L+Yyer9kzI3sp-pb0CG1j2bhflZGFUZOoIf1YOBAm37kEUOKR41ieUZm7ZJ/ugc-photo-ap-southeast-1-581603780057-acd24e232f75f09e/ACCOMMODATION/29659100_ACCOMMODATION_1633753575940_95741dfd14ba886e?_src=imagekit&tr=c-at_max,h-100,q-40,w-100","https://ik.imagekit.io/tvlk/ugc-review/guys1L+Yyer9kzI3sp-pb0CG1j2bhflZGFUZOoIf1YOBAm37kEUOKR41ieUZm7ZJ/ugc-photo-ap-southeast-1-581603780057-acd24e232f75f09e/ACCOMMODATION/29659100_ACCOMMODATION_1633753575940_56ed8fe75d4fad13?_src=imagekit&tr=c-at_max,h-100,q-40,w-100","https://ik.imagekit.io/tvlk/ugc-review/guys1L+Yyer9kzI3sp-pb0CG1j2bhflZGFUZOoIf1YOBAm37kEUOKR41ieUZm7ZJ/ugc-photo-ap-southeast-1-581603780057-acd24e232f75f09e/ACCOMMODATION/29659100_ACCOMMODATION_1633753575941_89428f2936026ece?_src=imagekit&tr=c-at_max,h-100,q-40,w-100","https://ik.imagekit.io/tvlk/ugc-review/guys1L+Yyer9kzI3sp-pb0CG1j2bhflZGFUZOoIf1YOBAm37kEUOKR41ieUZm7ZJ/ugc-photo-ap-southeast-1-581603780057-acd24e232f75f09e/ACCOMMODATION/29659100_ACCOMMODATION_1633753575941_ae630b82bfb06899?_src=imagekit&tr=c-at_max,h-100,q-40,w-100",,,,,,,,,,,,,,,,
https://www.traveloka.com/id-id/user/review/consumption/HOTEL/GENERAL/3000010015281,7,5,"Kamarnya cukup bersih, lokasi sangat strategis, dekat dengan pantai barat, makanan lumayan.",Diulas 239 minggu lalu,"https://ik.imagekit.io/tvlk/ugc-review/guys1L+Yyer9kzI3sp-pb0CG1j2bhflZGFUZOoIf1YOBAm37kEUOKR41ieUZm7ZJ/ugc-photo-ap-southeast-1-581603780057-acd24e232f75f09e/ACCOMMODATION/21294948_ACCOMMODATION_1633596078808_ea081a63af914e6f?_src=imagekit&tr=c-at_max,h-100,q-40,w-100","https://ik.imagekit.io/tvlk/ugc-review/guys1L+Yyer9kzI3sp-pb0CG1j2bhflZGFUZOoIf1YOBAm37kEUOKR41ieUZm7ZJ/ugc-photo-ap-southeast-1-581603780057-acd24e232f75f09e/ACCOMMODATION/21294948_ACCOMMODATION_1633596078812_937020883b3da59b?_src=imagekit&tr=c-at_max,h-100,q-40,w-100","https://ik.imagekit.io/tvlk/ugc-review/guys1L+Yyer9kzI3sp-pb0CG1j2bhflZGFUZOoIf1YOBAm37kEUOKR41ieUZm7ZJ/ugc-photo-ap-southeast-1-581603780057-acd24e232f75f09e/ACCOMMODATION/21294948_ACCOMMODATION_1633596078812_ab58a5900d1317b2?_src=imagekit&tr=c-at_max,h-100,q-40,w-100",,,,,,,,,,,,,,,,,
https://www.traveloka.com/id-id/user/review/consumption/HOTEL/GENERAL/3000010015281,7,6,Nyaman bersih luas fasilitas komplit. Perfecto!,Diulas 240 minggu lalu,"https://ik.imagekit.io/tvlk/ugc-review/guys1L+Yyer9kzI3sp-pb0CG1j2bhflZGFUZOoIf1YOBAm37kEUOKR41ieUZm7ZJ/ugc-photo-ap-southeast-1-581603780057-acd24e232f75f09e/ACCOMMODATION/202047576_ACCOMMODATION_1633049166559_fc51616d791fcf75?_src=imagekit&tr=c-at_max,h-100,q-40,w-100","https://ik.imagekit.io/tvlk/ugc-review/guys1L+Yyer9kzI3sp-pb0CG1j2bhflZGFUZOoIf1YOBAm37kEUOKR41ieUZm7ZJ/ugc-photo-ap-southeast-1-581603780057-acd24e232f75f09e/ACCOMMODATION/202047576_ACCOMMODATION_1633049166561_1dccc54f289dac9d?_src=imagekit&tr=c-at_max,h-100,q-40,w-100","https://ik.imagekit.io/tvlk/ugc-review/guys1L+Yyer9kzI3sp-pb0CG1j2bhflZGFUZOoIf1YOBAm37kEUOKR41ieUZm7ZJ/ugc-photo-ap-southeast-1-581603780057-acd24e232f75f09e/ACCOMMODATION/202047576_ACCOMMODATION_1633049166561_3494f90f26cd1b61?_src=imagekit&tr=c-at_max,h-100,q-40,w-100","https://ik.imagekit.io/tvlk/ugc-review/guys1L+Yyer9kzI3sp-pb0CG1j2bhflZGFUZOoIf1YOBAm37kEUOKR41ieUZm7ZJ/ugc-photo-ap-southeast-1-581603780057-acd24e232f75f09e/ACCOMMODATION/202047576_ACCOMMODATION_1633049166561_1f040113b0987ebd?_src=imagekit&tr=c-at_max,h-100,q-40,w-100","https://ik.imagekit.io/tvlk/ugc-review/guys1L+Yyer9kzI3sp-pb0CG1j2bhflZGFUZOoIf1YOBAm37kEUOKR41ieUZm7ZJ/ugc-photo-ap-southeast-1-581603780057-acd24e232f75f09e/ACCOMMODATION/202047576_ACCOMMODATION_1633049166562_6862036214dce00c?_src=imagekit&tr=c-at_max,h-100,q-40,w-100","https://ik.imagekit.io/tvlk/ugc-review/guys1L+Yyer9kzI3sp-pb0CG1j2bhflZGFUZOoIf1YOBAm37kEUOKR41ieUZm7ZJ/ugc-photo-ap-southeast-1-581603780057-acd24e232f75f09e/ACCOMMODATION/202047576_ACCOMMODATION_1633049166562_ca4f03aee79d31b0?_src=imagekit&tr=c-at_max,h-100,q-40,w-100",,,,,,,,,,,,,,
https://www.traveloka.com/id-id/user/review/consumption/HOTEL/GENERAL/3000010015281,7,7,"Menyenangkan untuk liburan keluarga. Lokasi depan pantai, jadi dekat tinggal nyebrang saja. Didpn hotel banyak jajanan, banyak sewaan sepeda dan atv. Pelayanan oke, tp saat check in harus nunggu kurang lebib 15 menit. Sarapan cukup. Kolam renang seruu. Fasilitas kamar oke, ac dan shower baik semua. Tempat parkir luas ada basement jadi mobil tidak kepanasan. Semoga semakin baik yaa pelayanan dan fasilitasnya ❤️",Diulas 240 minggu lalu,"https://ik.imagekit.io/tvlk/ugc-review/guys1L+Yyer9kzI3sp-pb0CG1j2bhflZGFUZOoIf1YOBAm37kEUOKR41ieUZm7ZJ/ugc-photo-ap-southeast-1-581603780057-acd24e232f75f09e/ACCOMMODATION/7296878_ACCOMMODATION_1632973393369_9d3df816f3fa4d48?_src=imagekit&tr=c-at_max,h-100,q-40,w-100","https://ik.imagekit.io/tvlk/ugc-review/guys1L+Yyer9kzI3sp-pb0CG1j2bhflZGFUZOoIf1YOBAm37kEUOKR41ieUZm7ZJ/ugc-photo-ap-southeast-1-581603780057-acd24e232f75f09e/ACCOMMODATION/7296878_ACCOMMODATION_1632973368940_8b3cee1c807fa44b?_src=imagekit&tr=c-at_max,h-100,q-40,w-100","https://ik.imagekit.io/tvlk/ugc-review/guys1L+Yyer9kzI3sp-pb0CG1j2bhflZGFUZOoIf1YOBAm37kEUOKR41ieUZm7ZJ/ugc-photo-ap-southeast-1-581603780057-acd24e232f75f09e/ACCOMMODATION/7296878_ACCOMMODATION_1632973368940_72a7961dfef88b31?_src=imagekit&tr=c-at_max,h-100,q-40,w-100",,,,,,,,,,,,,,,,,
https://www.traveloka.com/id-id/user/review/consumption/HOTEL/GENERAL/3000010015281,7,8,"+: lokasi strategis, belanja dan makan jalan kaki dekat, ke pantai barat dan timur dekat, swafoto di rooftop bagus, kolam renang bagus dan nyaman, tempat parkir nyaman dan aman, toilet bersih, handuk ok, pelayanan memuaskan, penjaga parkiran ok banget.-: air ac netes bikin lantai licin, tidak ada kran untuk wudhu, tidak ada lemari pakaian, fasilitas room dengan harga segitu terlalu mahal. Secara umum hotel menyenangkan",Diulas 241 minggu lalu,"https://ik.imagekit.io/tvlk/ugc-review/guys1L+Yyer9kzI3sp-pb0CG1j2bhflZGFUZOoIf1YOBAm37kEUOKR41ieUZm7ZJ/ugc-photo-ap-southeast-1-581603780057-acd24e232f75f09e/ACCOMMODATION/0_ACCOMMODATION_1632649580011_06ab6a89ce2d4582?_src=imagekit&tr=c-at_max,h-100,q-40,w-100","https://ik.imagekit.io/tvlk/ugc-review/guys1L+Yyer9kzI3sp-pb0CG1j2bhflZGFUZOoIf1YOBAm37kEUOKR41ieUZm7ZJ/ugc-photo-ap-southeast-1-581603780057-acd24e232f75f09e/ACCOMMODATION/0_ACCOMMODATION_1632649685020_ac0c370da66f819a?_src=imagekit&tr=c-at_max,h-100,q-40,w-100",,,,,,,,,,,,,,,,,,
https://www.traveloka.com/id-id/user/review/consumption/HOTEL/GENERAL/3000010015281,7,9,"Hotel bagus fasilitas oke banget dan bersih, cuma masukan saja untuk staf hotelnya tolong bisa lebih ramah, terkesan nya agak judes-judes. Dan untuk sarapan varian sudah banyak cuma rasa nya biasa saja, tolong di tingkatkan lagi segi rasa makanan nya. Thanks",Diulas 241 minggu lalu,"https://ik.imagekit.io/tvlk/ugc-review/guys1L+Yyer9kzI3sp-pb0CG1j2bhflZGFUZOoIf1YOBAm37kEUOKR41ieUZm7ZJ/ugc-photo-ap-southeast-1-581603780057-acd24e232f75f09e/ACCOMMODATION/8410264_ACCOMMODATION_1632282866692_84ea8fe21cb8c8d9?_src=imagekit&tr=c-at_max,h-100,q-40,w-100",,,,,,,,,,,,,,,,,,,
https://www.traveloka.com/id-id/user/review/consumption/HOTEL/GENERAL/3000010015281,7,10,Kurang puas dengan pelayanannya. Kurang sigap saat ada tamu yang mau check in ato check out dengan bawaan barang tamunya ga ada basa basi kata ada yang bisa dibantu ato gimana. Di dalam kamar hanya ada air saja tanpa dikasih sandal kopi ato teh yang biasa standar hotel suka ada. Lalu tidak ada sikat gigi hanya ada sabun shampo saja. Menu sarapan pagi biasa saja tidak ada pilihan hanya nasi goreng dan mie goreng telor. Viewnya cukup lumayan sih,Diulas 242 minggu lalu,"https://ik.imagekit.io/tvlk/ugc-review/guys1L+Yyer9kzI3sp-pb0CG1j2bhflZGFUZOoIf1YOBAm37kEUOKR41ieUZm7ZJ/ugc-photo-ap-southeast-1-581603780057-acd24e232f75f09e/ACCOMMODATION/75660242_ACCOMMODATION_1632191313266_1d747e822065bfe9?_src=imagekit&tr=c-at_max,h-100,q-40,w-100",,,,,,,,,,,,,,,,,,,
https://www.traveloka.com/id-id/user/review/consumption/HOTEL/GENERAL/3000010015281,7,11,"Warna tv hitam putih kayak tv tabung, ga disediain teh/kopi/welcome snack kayak di hotel sebelah, Air aqua galon nya isi ulang, Ga dapet sendal hotel, ga dapet sikat gigi, waktu check in telat 1 jam karena room belum ready, bed cover berdebu, office ditelepon lama, Password wifi harus ditanyain ke bawah.",Diulas 242 minggu lalu,"https://ik.imagekit.io/tvlk/ugc-review/guys1L+Yyer9kzI3sp-pb0CG1j2bhflZGFUZOoIf1YOBAm37kEUOKR41ieUZm7ZJ/ugc-photo-ap-southeast-1-581603780057-acd24e232f75f09e/ACCOMMODATION/116973723_ACCOMMODATION_1632189159315_a726c33ff0f9bf5b?_src=imagekit&tr=c-at_max,h-100,q-40,w-100",,,,,,,,,,,,,,,,,,,
https://www.traveloka.com/id-id/user/review/consumption/HOTEL/GENERAL/3000010015281,7,12,"Proses check in&check out tidak terlalu lama. Untuk kamar cuku bersih, tp tidak dapat sandal hotel&tidak dapat sikat gigi+odol. Untuk teko listrik nya juga sudah kurang bagus, air galon tinggal dikit banget tp cukup untuk saya berdua suami, gelas nya ada 4 tp yang 2 agak bau kurang enak. Kolam renang bagus untuk anak-anak, bersih juga. Cuma area sekitar kolam nya becek-becek sampe lift juga becek dan kotor dan agak lama di bersihkan nya. Untuk sarapan rasa lumayan enak tp dengan harga hotel segini saya rasa menu nya sangat kurang variatif dan standar banget pilihan memu nya, tidak sesuai harga hotel.",Diulas 243 minggu lalu,"https://ik.imagekit.io/tvlk/ugc-review/guys1L+Yyer9kzI3sp-pb0CG1j2bhflZGFUZOoIf1YOBAm37kEUOKR41ieUZm7ZJ/ugc-photo-ap-southeast-1-581603780057-acd24e232f75f09e/ACCOMMODATION/67299235_ACCOMMODATION_1631572966895_97604019730af405?_src=imagekit&tr=c-at_max,h-100,q-40,w-100",,,,,,,,,,,,,,,,,,,
https://www.traveloka.com/id-id/user/review/consumption/HOTEL/GENERAL/3000010015281,7,13,"Sejauh pengalaman saya nginep di hotel, baru kali ini hotel bintang tp ga ada apa-apa di kamar, ga ada kopi gula teh, ga ada sandal, ga ada sikat odol. Nilai plus laut biru mungkin karena lokasinya aja yang sangat strategis, plus dapet view bagus. Selain itu mungkin biasa aja. Yang bikin tambah kecewa, selesai sarapan saya bawa  sisa makanan 2 potong pisgor, saat mau masuk lift saya dikejar dong, seperti udah maling sesuatu, padahal sarapan itu kita kan bayar ya ga gratis. Lagian cuma pisgor gitu loh bukan bawa  nasi sepiring mentung. Ya sudahlah saya berusaha maklum aja karena Mbak nya cuma menunaikan tugas. Next liburan lagi tentu saya lebih memilih hotel kecil sebelah laut biru yang ownernya luarbiasa ramah dan sarapan bisa bebas sepuasnya, enak-enak pula. Thanks a lot ya for your hospitality.",Diulas 243 minggu lalu,"https://ik.imagekit.io/tvlk/ugc-review/guys1L+Yyer9kzI3sp-pb0CG1j2bhflZGFUZOoIf1YOBAm37kEUOKR41ieUZm7ZJ/ugc-photo-ap-southeast-1-581603780057-acd24e232f75f09e/ACCOMMODATION/17869805_ACCOMMODATION_1631330656603_5819cf14c29d73eb?_src=imagekit&tr=c-at_max,h-100,q-40,w-100",,,,,,,,,,,,,,,,,,,
https://www.traveloka.com/id-id/user/review/consumption/HOTEL/GENERAL/3000010015281,7,14,"Sangat menyenangkan menginap di sini. Kamarnya luas, bersih dan nyaman. Kolam renang dan playgroundnya juga sangat bagus cocok sekali untuk membawa anak-anak kesini. Makanan cukup lengkap. Akses ke pantai juga sangat dekat.",Diulas 243 minggu lalu,"https://ik.imagekit.io/tvlk/ugc-review/guys1L+Yyer9kzI3sp-pb0CG1j2bhflZGFUZOoIf1YOBAm37kEUOKR41ieUZm7ZJ/ugc-photo-ap-southeast-1-581603780057-acd24e232f75f09e/ACCOMMODATION/179860874_ACCOMMODATION_1631079383014_9941c45f179fbfca?_src=imagekit&tr=c-at_max,h-100,q-40,w-100",,,,,,,,,,,,,,,,,,,
https://www.traveloka.com/id-id/user/review/consumption/HOTEL/GENERAL/3000010015281,7,15,Liburan keluarga menyenangkan menginap di laut biru. Dekat ke pantai tinggal jalan. Kebersihan kamar terjaga kolam renang nya juga enak tersedia buat anak-anak.,Diulas 251 minggu lalu,"https://ik.imagekit.io/tvlk/ugc-review/guys1L+Yyer9kzI3sp-pb0CG1j2bhflZGFUZOoIf1YOBAm37kEUOKR41ieUZm7ZJ/ugc-photo-ap-southeast-1-581603780057-acd24e232f75f09e/ACCOMMODATION/14039835_ACCOMMODATION_1626509479938_d800658cfdc16c3a?_src=imagekit&tr=c-at_max,h-100,q-40,w-100","https://ik.imagekit.io/tvlk/ugc-review/guys1L+Yyer9kzI3sp-pb0CG1j2bhflZGFUZOoIf1YOBAm37kEUOKR41ieUZm7ZJ/ugc-photo-ap-southeast-1-581603780057-acd24e232f75f09e/ACCOMMODATION/14039835_ACCOMMODATION_1626509479938_f1de7688d75f3708?_src=imagekit&tr=c-at_max,h-100,q-40,w-100","https://ik.imagekit.io/tvlk/ugc-review/guys1L+Yyer9kzI3sp-pb0CG1j2bhflZGFUZOoIf1YOBAm37kEUOKR41ieUZm7ZJ/ugc-photo-ap-southeast-1-581603780057-acd24e232f75f09e/ACCOMMODATION/14039835_ACCOMMODATION_1626509479939_65390f3a46bfd656?_src=imagekit&tr=c-at_max,h-100,q-40,w-100","https://ik.imagekit.io/tvlk/ugc-review/guys1L+Yyer9kzI3sp-pb0CG1j2bhflZGFUZOoIf1YOBAm37kEUOKR41ieUZm7ZJ/ugc-photo-ap-southeast-1-581603780057-acd24e232f75f09e/ACCOMMODATION/14039835_ACCOMMODATION_1626509479939_bda9e739285f5e7a?_src=imagekit&tr=c-at_max,h-100,q-40,w-100",,,,,,,,,,,,,,,,
https://www.traveloka.com/id-id/user/review/consumption/HOTEL/GENERAL/3000010015281,7,16,"Alhamdulillah. Hotel trbaik di Pangandaran. Pelayanan ramah, sarapan enak, bersih. Tapi ga di kasih sikat gigi & sandal. Sementara yang lain di kasih.But it's ok. Recommended.",Diulas 253 minggu lalu,"https://ik.imagekit.io/tvlk/ugc-review/guys1L+Yyer9kzI3sp-pb0CG1j2bhflZGFUZOoIf1YOBAm37kEUOKR41ieUZm7ZJ/ugc-photo-ap-southeast-1-581603780057-acd24e232f75f09e/ACCOMMODATION/178261418_ACCOMMODATION_1625098007666_bdfc6c326e6da462?_src=imagekit&tr=c-at_max,h-100,q-40,w-100",,,,,,,,,,,,,,,,,,,
https://www.traveloka.com/id-id/user/review/consumption/HOTEL/GENERAL/3000010015281,7,17,"Untuk kedua kalinya menginap di hotel laut biru. Kali ini sama keluarga pesen 3 kamar. 2 superior sama 1 deluxe. Pelayanannya ramah cek in atau cek out juga cepet. Dekat ke pantai tinggal nyebrang. Cuma ada sedikit yang bikin ngga nyaman. Di kamar C304 ac nya bocor netes terus. Udah minta dibenerin tp masih tetap aja. Terus di kamar B300 air shower nya kecil banget. Kalo untuk sarapan lumayan enak banyak pilihan juga. Pancakenya mantul. 😁. Fasilitas kamarnya kali ya harus ditingkatkan lagi. Kaya sandal, kopi, teh, sikat sama pasta gigi ngga usah request dulu harusnya udah disediain.",Diulas 254 minggu lalu,"https://ik.imagekit.io/tvlk/ugc-review/guys1L+Yyer9kzI3sp-pb0CG1j2bhflZGFUZOoIf1YOBAm37kEUOKR41ieUZm7ZJ/ugc-photo-ap-southeast-1-581603780057-acd24e232f75f09e/ACCOMMODATION/14039835_ACCOMMODATION_1624407039067_f80eb97f8cd732f6?_src=imagekit&tr=c-at_max,h-100,q-40,w-100","https://ik.imagekit.io/tvlk/ugc-review/guys1L+Yyer9kzI3sp-pb0CG1j2bhflZGFUZOoIf1YOBAm37kEUOKR41ieUZm7ZJ/ugc-photo-ap-southeast-1-581603780057-acd24e232f75f09e/ACCOMMODATION/14039835_ACCOMMODATION_1624407039067_d0c215b3a29d8c24?_src=imagekit&tr=c-at_max,h-100,q-40,w-100","https://ik.imagekit.io/tvlk/ugc-review/guys1L+Yyer9kzI3sp-pb0CG1j2bhflZGFUZOoIf1YOBAm37kEUOKR41ieUZm7ZJ/ugc-photo-ap-southeast-1-581603780057-acd24e232f75f09e/ACCOMMODATION/14039835_ACCOMMODATION_1624407039067_7c1d77914a021d8b?_src=imagekit&tr=c-at_max,h-100,q-40,w-100","https://ik.imagekit.io/tvlk/ugc-review/guys1L+Yyer9kzI3sp-pb0CG1j2bhflZGFUZOoIf1YOBAm37kEUOKR41ieUZm7ZJ/ugc-photo-ap-southeast-1-581603780057-acd24e232f75f09e/ACCOMMODATION/14039835_ACCOMMODATION_1624407039068_f96f047ef8df47a6?_src=imagekit&tr=c-at_max,h-100,q-40,w-100","https://ik.imagekit.io/tvlk/ugc-review/guys1L+Yyer9kzI3sp-pb0CG1j2bhflZGFUZOoIf1YOBAm37kEUOKR41ieUZm7ZJ/ugc-photo-ap-southeast-1-581603780057-acd24e232f75f09e/ACCOMMODATION/14039835_ACCOMMODATION_1624407039068_f3f664ee1603d378?_src=imagekit&tr=c-at_max,h-100,q-40,w-100","https://ik.imagekit.io/tvlk/ugc-review/guys1L+Yyer9kzI3sp-pb0CG1j2bhflZGFUZOoIf1YOBAm37kEUOKR41ieUZm7ZJ/ugc-photo-ap-southeast-1-581603780057-acd24e232f75f09e/ACCOMMODATION/14039835_ACCOMMODATION_1624407039068_9044536a03b859ae?_src=imagekit&tr=c-at_max,h-100,q-40,w-100",,,,,,,,,,,,,,
https://www.traveloka.com/id-id/user/review/consumption/HOTEL/GENERAL/3000010015281,7,18,"Bagus banget, bersih tempatnya, cuma ga ada WiFi nya, ga dapet sendal dan kopi atau gula. Tapi cukup menyenangkan.",Diulas 255 minggu lalu,"https://ik.imagekit.io/tvlk/ugc-review/guys1L+Yyer9kzI3sp-pb0CG1j2bhflZGFUZOoIf1YOBAm37kEUOKR41ieUZm7ZJ/ugc-photo-ap-southeast-1-581603780057-acd24e232f75f09e/ACCOMMODATION/194856726_ACCOMMODATION_1624328296137_6fcc5327b848c0a1?_src=imagekit&tr=c-at_max,h-100,q-40,w-100",,,,,,,,,,,,,,,,,,,
https://www.traveloka.com/id-id/user/review/consumption/HOTEL/GENERAL/3000010015281,7,19,Selalu jadi pilihan utama kl ke pangandaran. Hotel nya bersih. Kolam renang nya pun bersih. Hanya saja menu sarapan pagi nya terkesan itu-itu aja. Kurang bervariasi.,Diulas 256 minggu lalu,"https://ik.imagekit.io/tvlk/ugc-review/guys1L+Yyer9kzI3sp-pb0CG1j2bhflZGFUZOoIf1YOBAm37kEUOKR41ieUZm7ZJ/ugc-photo-ap-southeast-1-581603780057-acd24e232f75f09e/ACCOMMODATION/19704021_ACCOMMODATION_1623554015586_3a33660ffd7526c7?_src=imagekit&tr=c-at_max,h-100,q-40,w-100","https://ik.imagekit.io/tvlk/ugc-review/guys1L+Yyer9kzI3sp-pb0CG1j2bhflZGFUZOoIf1YOBAm37kEUOKR41ieUZm7ZJ/ugc-photo-ap-southeast-1-581603780057-acd24e232f75f09e/ACCOMMODATION/19704021_ACCOMMODATION_1623554274750_2c93a42e79d7e57f?_src=imagekit&tr=c-at_max,h-100,q-40,w-100",,,,,,,,,,,,,,,,,,
https://www.traveloka.com/id-id/user/review/consumption/HOTEL/GENERAL/3000010015281,7,20,"Rekomendasi bagus untuk penginapan daerah Pangandaran, dekat ke pantai barat dan dekat juga ke pantai timur. Semua fasilitas dan pelayanannya juara. Terima kasih Laut Biru.",Diulas 256 minggu lalu,"https://ik.imagekit.io/tvlk/ugc-review/guys1L+Yyer9kzI3sp-pb0CG1j2bhflZGFUZOoIf1YOBAm37kEUOKR41ieUZm7ZJ/ugc-photo-ap-southeast-1-581603780057-acd24e232f75f09e/ACCOMMODATION/195178511_ACCOMMODATION_1623217653585_9a5d1cb2c538a3a1?_src=imagekit&tr=c-at_max,h-100,q-40,w-100","https://ik.imagekit.io/tvlk/ugc-review/guys1L+Yyer9kzI3sp-pb0CG1j2bhflZGFUZOoIf1YOBAm37kEUOKR41ieUZm7ZJ/ugc-photo-ap-southeast-1-581603780057-acd24e232f75f09e/ACCOMMODATION/195178511_ACCOMMODATION_1623217653585_eb667a8607209476?_src=imagekit&tr=c-at_max,h-100,q-40,w-100","https://ik.imagekit.io/tvlk/ugc-review/guys1L+Yyer9kzI3sp-pb0CG1j2bhflZGFUZOoIf1YOBAm37kEUOKR41ieUZm7ZJ/ugc-photo-ap-southeast-1-581603780057-acd24e232f75f09e/ACCOMMODATION/195178511_ACCOMMODATION_1623217653586_26a1bef7d2807663?_src=imagekit&tr=c-at_max,h-100,q-40,w-100",,,,,,,,,,,,,,,,,
https://www.traveloka.com/id-id/user/review/consumption/HOTEL/GENERAL/3000010015281,7,21,"Hotel ini menyenangkan karena lokasi nya yang strategis, dekat dengan pantai dan langsung dapat penyewaan kapal dan transportasi hiburan",Diulas 257 minggu lalu,"https://ik.imagekit.io/tvlk/ugc-review/guys1L+Yyer9kzI3sp-pb0CG1j2bhflZGFUZOoIf1YOBAm37kEUOKR41ieUZm7ZJ/ugc-photo-ap-southeast-1-581603780057-acd24e232f75f09e/ACCOMMODATION/3880400_ACCOMMODATION_1623062525149_84e634502a3b1914?_src=imagekit&tr=c-at_max,h-100,q-40,w-100","https://ik.imagekit.io/tvlk/ugc-review/guys1L+Yyer9kzI3sp-pb0CG1j2bhflZGFUZOoIf1YOBAm37kEUOKR41ieUZm7ZJ/ugc-photo-ap-southeast-1-581603780057-acd24e232f75f09e/ACCOMMODATION/3880400_ACCOMMODATION_1623062525149_ee1f397522490dde?_src=imagekit&tr=c-at_max,h-100,q-40,w-100",,,,,,,,,,,,,,,,,,
https://www.traveloka.com/id-id/user/review/consumption/HOTEL/GENERAL/3000010015281,7,22,"Pelayanan staffnya ramah, makanan enak recommended pokonya",Diulas 258 minggu lalu,"https://ik.imagekit.io/tvlk/ugc-review/guys1L+Yyer9kzI3sp-pb0CG1j2bhflZGFUZOoIf1YOBAm37kEUOKR41ieUZm7ZJ/ugc-photo-ap-southeast-1-581603780057-acd24e232f75f09e/ACCOMMODATION/16134421_ACCOMMODATION_1622535317993_0be6427429dd3264?_src=imagekit&tr=c-at_max,h-100,q-40,w-100","https://ik.imagekit.io/tvlk/ugc-review/guys1L+Yyer9kzI3sp-pb0CG1j2bhflZGFUZOoIf1YOBAm37kEUOKR41ieUZm7ZJ/ugc-photo-ap-southeast-1-581603780057-acd24e232f75f09e/ACCOMMODATION/16134421_ACCOMMODATION_1622535317993_cd3994723756df2f?_src=imagekit&tr=c-at_max,h-100,q-40,w-100","https://ik.imagekit.io/tvlk/ugc-review/guys1L+Yyer9kzI3sp-pb0CG1j2bhflZGFUZOoIf1YOBAm37kEUOKR41ieUZm7ZJ/ugc-photo-ap-southeast-1-581603780057-acd24e232f75f09e/ACCOMMODATION/16134421_ACCOMMODATION_1622535317994_5b42c3e77ea9c518?_src=imagekit&tr=c-at_max,h-100,q-40,w-100","https://ik.imagekit.io/tvlk/ugc-review/guys1L+Yyer9kzI3sp-pb0CG1j2bhflZGFUZOoIf1YOBAm37kEUOKR41ieUZm7ZJ/ugc-photo-ap-southeast-1-581603780057-acd24e232f75f09e/ACCOMMODATION/16134421_ACCOMMODATION_1622535317994_4cbbf4cec0472a01?_src=imagekit&tr=c-at_max,h-100,q-40,w-100",,,,,,,,,,,,,,,,
https://www.traveloka.com/id-id/user/review/consumption/HOTEL/GENERAL/3000010015281,7,23,"Hotelnya nyaman banget, kolam renangnya sangat ramah anak karena kedalamannya pas buat anak anak, area perosotannya pun aman tidak licin. Pelayanannya ok banget, ketika ada keluhan di kamar dapat ditanggapi dengan cepat. Lokasinya pun sanagat dekat dengan pantai tinggal nyebrang aza, bikin ketagihan pokoknya berlibur dihotel laut biru",Diulas 258 minggu lalu,"https://ik.imagekit.io/tvlk/ugc-review/guys1L+Yyer9kzI3sp-pb0CG1j2bhflZGFUZOoIf1YOBAm37kEUOKR41ieUZm7ZJ/ugc-photo-ap-southeast-1-581603780057-acd24e232f75f09e/ACCOMMODATION/185601241_ACCOMMODATION_1622471952470_1b390470f27d34b6?_src=imagekit&tr=c-at_max,h-100,q-40,w-100","https://ik.imagekit.io/tvlk/ugc-review/guys1L+Yyer9kzI3sp-pb0CG1j2bhflZGFUZOoIf1YOBAm37kEUOKR41ieUZm7ZJ/ugc-photo-ap-southeast-1-581603780057-acd24e232f75f09e/ACCOMMODATION/185601241_ACCOMMODATION_1622471952470_5ae76f3005d4b543?_src=imagekit&tr=c-at_max,h-100,q-40,w-100","https://ik.imagekit.io/tvlk/ugc-review/guys1L+Yyer9kzI3sp-pb0CG1j2bhflZGFUZOoIf1YOBAm37kEUOKR41ieUZm7ZJ/ugc-photo-ap-southeast-1-581603780057-acd24e232f75f09e/ACCOMMODATION/185601241_ACCOMMODATION_1622471952470_e007623887e17268?_src=imagekit&tr=c-at_max,h-100,q-40,w-100",,,,,,,,,,,,,,,,,
https://www.traveloka.com/id-id/user/review/consumption/HOTEL/GENERAL/3000010015281,7,24,"Ini salah satu hotel terbesar dan jumlah k.amar terbanyak di Pangandaran. Konsekuensinya, banyak pengunjung, sarapan ala kadarnya dan prokes kurang ketat. Nilai lebihnya, parkir luas, pegawai banyak jadi sangat membantu. Lalu kamar juga luas banget cocok buat yang bawa keluarga atau rombongan. Lokasi sangat strategis dekat ke pantai barat dan timur, dekat lokasi pasar, cagar alam dan pelelangan ikan. Kekurangannya, water heater anget ga panas. Sarapan kurang variatif karena, water boom juga rentan kecelakaan soalnya water slide tinggi tapi kolamnya sangat dangkal bisa menyebabkan cedera saat mendarat. Kesimpulannya buat keluarga atau rombongan yang cari lokasi strategis dan kamar luas hotel ini sangat cocok. Namun buat pasangan yang mencari tempat yang tenang, hotel ini kurang cocok.",Diulas 258 minggu lalu,"https://ik.imagekit.io/tvlk/ugc-review/guys1L+Yyer9kzI3sp-pb0CG1j2bhflZGFUZOoIf1YOBAm37kEUOKR41ieUZm7ZJ/ugc-photo-ap-southeast-1-581603780057-acd24e232f75f09e/ACCOMMODATION/183357816_ACCOMMODATION_1622358282327_3df8a19ec5c8f9e3?_src=imagekit&tr=c-at_max,h-100,q-40,w-100","https://ik.imagekit.io/tvlk/ugc-review/guys1L+Yyer9kzI3sp-pb0CG1j2bhflZGFUZOoIf1YOBAm37kEUOKR41ieUZm7ZJ/ugc-photo-ap-southeast-1-581603780057-acd24e232f75f09e/ACCOMMODATION/183357816_ACCOMMODATION_1622358282327_249b831562844e26?_src=imagekit&tr=c-at_max,h-100,q-40,w-100","https://ik.imagekit.io/tvlk/ugc-review/guys1L+Yyer9kzI3sp-pb0CG1j2bhflZGFUZOoIf1YOBAm37kEUOKR41ieUZm7ZJ/ugc-photo-ap-southeast-1-581603780057-acd24e232f75f09e/ACCOMMODATION/183357816_ACCOMMODATION_1622358282327_52e9322f8d4cd588?_src=imagekit&tr=c-at_max,h-100,q-40,w-100","https://ik.imagekit.io/tvlk/ugc-review/guys1L+Yyer9kzI3sp-pb0CG1j2bhflZGFUZOoIf1YOBAm37kEUOKR41ieUZm7ZJ/ugc-photo-ap-southeast-1-581603780057-acd24e232f75f09e/ACCOMMODATION/183357816_ACCOMMODATION_1622358282328_22d947a234ce9147?_src=imagekit&tr=c-at_max,h-100,q-40,w-100","https://ik.imagekit.io/tvlk/ugc-review/guys1L+Yyer9kzI3sp-pb0CG1j2bhflZGFUZOoIf1YOBAm37kEUOKR41ieUZm7ZJ/ugc-photo-ap-southeast-1-581603780057-acd24e232f75f09e/ACCOMMODATION/183357816_ACCOMMODATION_1622413168269_ff0747711a08cd84?_src=imagekit&tr=c-at_max,h-100,q-40,w-100",,,,,,,,,,,,,,,
https://www.traveloka.com/id-id/user/review/consumption/HOTEL/GENERAL/3000010015281,7,25,Prosee check in nya cepet banget karena pake check in online. Trus kamarnya buesar dan nyaman. Ada waterboom buat anak-anak dan pantai di depan hotel. Cuman sarapannya nasinya keras 😃. But for sure. I'll be back.,Diulas 258 minggu lalu,"https://ik.imagekit.io/tvlk/ugc-review/guys1L+Yyer9kzI3sp-pb0CG1j2bhflZGFUZOoIf1YOBAm37kEUOKR41ieUZm7ZJ/ugc-photo-ap-southeast-1-581603780057-acd24e232f75f09e/ACCOMMODATION/11308476_ACCOMMODATION_1622364502481_ee3afe0580947799?_src=imagekit&tr=c-at_max,h-100,q-40,w-100","https://ik.imagekit.io/tvlk/ugc-review/guys1L+Yyer9kzI3sp-pb0CG1j2bhflZGFUZOoIf1YOBAm37kEUOKR41ieUZm7ZJ/ugc-photo-ap-southeast-1-581603780057-acd24e232f75f09e/ACCOMMODATION/11308476_ACCOMMODATION_1622364502481_5880064d594bf8d1?_src=imagekit&tr=c-at_max,h-100,q-40,w-100",,,,,,,,,,,,,,,,,,
https://www.traveloka.com/id-id/user/review/consumption/HOTEL/GENERAL/3000010015281,7,26,"Lokasi sangat strategis, pelayanan bagus.",Diulas 258 minggu lalu,"https://ik.imagekit.io/tvlk/ugc-review/guys1L+Yyer9kzI3sp-pb0CG1j2bhflZGFUZOoIf1YOBAm37kEUOKR41ieUZm7ZJ/ugc-photo-ap-southeast-1-581603780057-acd24e232f75f09e/ACCOMMODATION/45132452_ACCOMMODATION_1622263230440_66303e3b6703fd8a?_src=imagekit&tr=c-at_max,h-100,q-40,w-100",,,,,,,,,,,,,,,,,,,
https://www.traveloka.com/id-id/user/review/consumption/HOTEL/GENERAL/3000010015281,7,27,"Anak-anak senang. Ini ke 4 x nya menginap di sini. Sarapan masih tetep, rasanya cenderung asin.",Diulas 259 minggu lalu,"https://ik.imagekit.io/tvlk/ugc-review/guys1L+Yyer9kzI3sp-pb0CG1j2bhflZGFUZOoIf1YOBAm37kEUOKR41ieUZm7ZJ/ugc-photo-ap-southeast-1-581603780057-acd24e232f75f09e/ACCOMMODATION/7114523_ACCOMMODATION_1621915408031_d9dcba8b294c4d5a?_src=imagekit&tr=c-at_max,h-100,q-40,w-100","https://ik.imagekit.io/tvlk/ugc-review/guys1L+Yyer9kzI3sp-pb0CG1j2bhflZGFUZOoIf1YOBAm37kEUOKR41ieUZm7ZJ/ugc-photo-ap-southeast-1-581603780057-acd24e232f75f09e/ACCOMMODATION/7114523_ACCOMMODATION_1621915408031_77fe85378b9ea821?_src=imagekit&tr=c-at_max,h-100,q-40,w-100",,,,,,,,,,,,,,,,,,
https://www.traveloka.com/id-id/user/review/consumption/HOTEL/GENERAL/3000010015281,7,28,Menara laut view nya bagus banget.,Diulas 259 minggu lalu,"https://ik.imagekit.io/tvlk/ugc-review/guys1L+Yyer9kzI3sp-pb0CG1j2bhflZGFUZOoIf1YOBAm37kEUOKR41ieUZm7ZJ/ugc-photo-ap-southeast-1-581603780057-acd24e232f75f09e/ACCOMMODATION/116443501_ACCOMMODATION_1621848075549_52b7bf33b92ea405?_src=imagekit&tr=c-at_max,h-100,q-40,w-100","https://ik.imagekit.io/tvlk/ugc-review/guys1L+Yyer9kzI3sp-pb0CG1j2bhflZGFUZOoIf1YOBAm37kEUOKR41ieUZm7ZJ/ugc-photo-ap-southeast-1-581603780057-acd24e232f75f09e/ACCOMMODATION/116443501_ACCOMMODATION_1621848075550_199b5ab2b6932347?_src=imagekit&tr=c-at_max,h-100,q-40,w-100","https://ik.imagekit.io/tvlk/ugc-review/guys1L+Yyer9kzI3sp-pb0CG1j2bhflZGFUZOoIf1YOBAm37kEUOKR41ieUZm7ZJ/ugc-photo-ap-southeast-1-581603780057-acd24e232f75f09e/ACCOMMODATION/116443501_ACCOMMODATION_1621848075550_f5b1789158725963?_src=imagekit&tr=c-at_max,h-100,q-40,w-100",,,,,,,,,,,,,,,,,
https://www.traveloka.com/id-id/user/review/consumption/HOTEL/GENERAL/3000010015281,7,29,Kamarnya nyaman bersih ukurannya besar fasilitas oke.,Diulas 259 minggu lalu,"https://ik.imagekit.io/tvlk/ugc-review/guys1L+Yyer9kzI3sp-pb0CG1j2bhflZGFUZOoIf1YOBAm37kEUOKR41ieUZm7ZJ/ugc-photo-ap-southeast-1-581603780057-acd24e232f75f09e/ACCOMMODATION/5485401_ACCOMMODATION_1621467128945_7de23c04cb97fcf1?_src=imagekit&tr=c-at_max,h-100,q-40,w-100",,,,,,,,,,,,,,,,,,,
https://www.traveloka.com/id-id/user/review/consumption/HOTEL/GENERAL/3000010015281,7,30,"Lokasi strategis, kamar nyaman dan view balkon kamarnya langsung ke pantai.",Diulas 263 minggu lalu,"https://ik.imagekit.io/tvlk/ugc-review/guys1L+Yyer9kzI3sp-pb0CG1j2bhflZGFUZOoIf1YOBAm37kEUOKR41ieUZm7ZJ/ugc-photo-ap-southeast-1-581603780057-acd24e232f75f09e/ACCOMMODATION/15825932_ACCOMMODATION_1619300286439_6926f09f67a8d226?_src=imagekit&tr=c-at_max,h-100,q-40,w-100",,,,,,,,,,,,,,,,,,,
https://www.traveloka.com/id-id/user/review/consumption/HOTEL/GENERAL/3000010015281,7,31,"Pelayanan memuaskan,kamar bersih,.dapet view pantai pula.,pokoknya puas banget.",Diulas 264 minggu lalu,"https://ik.imagekit.io/tvlk/ugc-review/guys1L+Yyer9kzI3sp-pb0CG1j2bhflZGFUZOoIf1YOBAm37kEUOKR41ieUZm7ZJ/ugc-photo-ap-southeast-1-581603780057-acd24e232f75f09e/ACCOMMODATION/126659706_ACCOMMODATION_1618757800483_507745dd63b9cfca?_src=imagekit&tr=c-at_max,h-100,q-40,w-100",,,,,,,,,,,,,,,,,,,
https://www.traveloka.com/id-id/user/review/consumption/HOTEL/GENERAL/3000010015281,7,32,"Minta sandal tidak ada, sikat gigi dan pasta gigi tidak ada,tidak menyediakan camilan, sekelas Laut Biru.",Diulas 264 minggu lalu,"https://ik.imagekit.io/tvlk/ugc-review/guys1L+Yyer9kzI3sp-pb0CG1j2bhflZGFUZOoIf1YOBAm37kEUOKR41ieUZm7ZJ/ugc-photo-ap-southeast-1-581603780057-acd24e232f75f09e/ACCOMMODATION/15162771_ACCOMMODATION_1618521106867_81abce59e6ea599b?_src=imagekit&tr=c-at_max,h-100,q-40,w-100",,,,,,,,,,,,,,,,,,,
https://www.traveloka.com/id-id/user/review/consumption/HOTEL/GENERAL/3000010015281,7,33,"Menyenangkan menginap di sini, room saya dengan 2 view pantai yang indah. Hanya saja internet dan breakfast yang butuh pengembangan.",Diulas 265 minggu lalu,"https://ik.imagekit.io/tvlk/ugc-review/guys1L+Yyer9kzI3sp-pb0CG1j2bhflZGFUZOoIf1YOBAm37kEUOKR41ieUZm7ZJ/ugc-photo-ap-southeast-1-581603780057-acd24e232f75f09e/ACCOMMODATION/15424002_ACCOMMODATION_1618290058851_fa1bc61275a359a0?_src=imagekit&tr=c-at_max,h-100,q-40,w-100",,,,,,,,,,,,,,,,,,,
https://www.traveloka.com/id-id/user/review/consumption/HOTEL/GENERAL/3000010015281,7,34,"proses check in terbilang cepat wl lobby saat itu ramai penuh menang di view utk spot foto & lokasi yg dibibir pantai doang. sikat gigi odol harus diminta ( belum tersedia saat kami masuk kamar ) saat petugas anter sikat gigi & odol ternyata juga anter 2 sacet nescafe 2 teh & 2 sacet gula pasir ( baru ngeh kalau itu belum tersedia juga ) sarapan prasmanan menunya terbilang standar utk sekelas hotel terpopuler dipangandaran parkir juga rebutan, setelah jalan malam tidak kebagian parkir di basement lg akhir nya mobil parkir digedung belakang kehujanan semaleman kedepannya mungkin kamar bisa dikasih pewangi ruangan biar tidak standar* amet",Diulas 265 minggu lalu,"https://ik.imagekit.io/tvlk/ugc-review/guys1L+Yyer9kzI3sp-pb0CG1j2bhflZGFUZOoIf1YOBAm37kEUOKR41ieUZm7ZJ/ugc-photo-ap-southeast-1-581603780057-acd24e232f75f09e/ACCOMMODATION/79240443_ACCOMMODATION_1618148552043_31b1d22fa39f66bd?_src=imagekit&tr=c-at_max,h-100,q-40,w-100","https://ik.imagekit.io/tvlk/ugc-review/guys1L+Yyer9kzI3sp-pb0CG1j2bhflZGFUZOoIf1YOBAm37kEUOKR41ieUZm7ZJ/ugc-photo-ap-southeast-1-581603780057-acd24e232f75f09e/ACCOMMODATION/79240443_ACCOMMODATION_1618148552043_c3190999cbaa6ead?_src=imagekit&tr=c-at_max,h-100,q-40,w-100",,,,,,,,,,,,,,,,,,
https://www.traveloka.com/id-id/user/review/consumption/HOTEL/GENERAL/3000010015281,7,35,Sangat nyaman dan sangat menyenangkan.,Diulas 265 minggu lalu,"https://ik.imagekit.io/tvlk/ugc-review/guys1L+Yyer9kzI3sp-pb0CG1j2bhflZGFUZOoIf1YOBAm37kEUOKR41ieUZm7ZJ/ugc-photo-ap-southeast-1-581603780057-acd24e232f75f09e/ACCOMMODATION/11317920_ACCOMMODATION_1618023695147_934f6e3a385fa9a0?_src=imagekit&tr=c-at_max,h-100,q-40,w-100",,,,,,,,,,,,,,,,,,,
https://www.traveloka.com/id-id/user/review/consumption/HOTEL/GENERAL/3000010015281,7,36,Cukup memuaskan.wifi koneksi tidak bagus.aminitis gula.kopi/teh kebetulan tidak tersedia.,Diulas 265 minggu lalu,"https://ik.imagekit.io/tvlk/ugc-review/guys1L+Yyer9kzI3sp-pb0CG1j2bhflZGFUZOoIf1YOBAm37kEUOKR41ieUZm7ZJ/ugc-photo-ap-southeast-1-581603780057-acd24e232f75f09e/ACCOMMODATION/191910891_ACCOMMODATION_1617942903567_f7592ed43671b7c8?_src=imagekit&tr=c-at_max,h-100,q-40,w-100",,,,,,,,,,,,,,,,,,,
https://www.traveloka.com/id-id/user/review/consumption/HOTEL/GENERAL/3000010015281,7,37,"Saya pesan 2 Kamar New Family Room, kamarnya luas, 2 Bed per kamar, cocok untuk keluarga, posisi hotel sangat strategis depan pantai barat ke pantai timur juga tinggal jalan, minusnya perlengkapan kamar (seperti sendal) harus di request.",Diulas 266 minggu lalu,"https://ik.imagekit.io/tvlk/ugc-review/guys1L+Yyer9kzI3sp-pb0CG1j2bhflZGFUZOoIf1YOBAm37kEUOKR41ieUZm7ZJ/ugc-photo-ap-southeast-1-581603780057-acd24e232f75f09e/ACCOMMODATION/48688357_ACCOMMODATION_1617410576595_c0c84eb55aeb111b?_src=imagekit&tr=c-at_max,h-100,q-40,w-100",,,,,,,,,,,,,,,,,,,
https://www.traveloka.com/id-id/user/review/consumption/HOTEL/GENERAL/3000010015281,7,38,"Yup... laut biru emng selalu jd pilihan pertama untuk menginap,, fasilitas kamar yg baik,, tp sayang dari tahun ke tahun variasi menu beakfast ny itu-itu aj,, tidak ada ayam/daging.. kl bisa ada menu baru ya biar tambah semangat kl menginap d situ lagi hhee..overall laut biru sudah jd tempat favorit kel kami.",Diulas 267 minggu lalu,"https://ik.imagekit.io/tvlk/ugc-review/guys1L+Yyer9kzI3sp-pb0CG1j2bhflZGFUZOoIf1YOBAm37kEUOKR41ieUZm7ZJ/ugc-photo-ap-southeast-1-581603780057-acd24e232f75f09e/ACCOMMODATION/115114347_ACCOMMODATION_1617012574005_e9d219bb515d191c?_src=imagekit&tr=c-at_max,h-100,q-40,w-100","https://ik.imagekit.io/tvlk/ugc-review/guys1L+Yyer9kzI3sp-pb0CG1j2bhflZGFUZOoIf1YOBAm37kEUOKR41ieUZm7ZJ/ugc-photo-ap-southeast-1-581603780057-acd24e232f75f09e/ACCOMMODATION/115114347_ACCOMMODATION_1617012574006_17df24c2b9e50b50?_src=imagekit&tr=c-at_max,h-100,q-40,w-100","https://ik.imagekit.io/tvlk/ugc-review/guys1L+Yyer9kzI3sp-pb0CG1j2bhflZGFUZOoIf1YOBAm37kEUOKR41ieUZm7ZJ/ugc-photo-ap-southeast-1-581603780057-acd24e232f75f09e/ACCOMMODATION/115114347_ACCOMMODATION_1617012574006_df6f6e753782d1f8?_src=imagekit&tr=c-at_max,h-100,q-40,w-100","https://ik.imagekit.io/tvlk/ugc-review/guys1L+Yyer9kzI3sp-pb0CG1j2bhflZGFUZOoIf1YOBAm37kEUOKR41ieUZm7ZJ/ugc-photo-ap-southeast-1-581603780057-acd24e232f75f09e/ACCOMMODATION/115114347_ACCOMMODATION_1617012574006_3a6b22d6912665f7?_src=imagekit&tr=c-at_max,h-100,q-40,w-100",,,,,,,,,,,,,,,,
https://www.traveloka.com/id-id/user/review/consumption/HOTEL/GENERAL/3000010015281,7,39,"spacious room, good location...dekat ke pantai barat atau timur .",Diulas 268 minggu lalu,"https://ik.imagekit.io/tvlk/ugc-review/guys1L+Yyer9kzI3sp-pb0CG1j2bhflZGFUZOoIf1YOBAm37kEUOKR41ieUZm7ZJ/ugc-photo-ap-southeast-1-581603780057-acd24e232f75f09e/ACCOMMODATION/14084065_ACCOMMODATION_1616487501087_8b6e6b3149f89239?_src=imagekit&tr=c-at_max,h-100,q-40,w-100","https://ik.imagekit.io/tvlk/ugc-review/guys1L+Yyer9kzI3sp-pb0CG1j2bhflZGFUZOoIf1YOBAm37kEUOKR41ieUZm7ZJ/ugc-photo-ap-southeast-1-581603780057-acd24e232f75f09e/ACCOMMODATION/14084065_ACCOMMODATION_1616487501087_ca4099f5c5d00c71?_src=imagekit&tr=c-at_max,h-100,q-40,w-100","https://ik.imagekit.io/tvlk/ugc-review/guys1L+Yyer9kzI3sp-pb0CG1j2bhflZGFUZOoIf1YOBAm37kEUOKR41ieUZm7ZJ/ugc-photo-ap-southeast-1-581603780057-acd24e232f75f09e/ACCOMMODATION/14084065_ACCOMMODATION_1616487501088_a282d4da8f713574?_src=imagekit&tr=c-at_max,h-100,q-40,w-100",,,,,,,,,,,,,,,,,
https://www.traveloka.com/id-id/user/review/consumption/HOTEL/GENERAL/3000010015281,7,40,"kamar tidur sangat bersih, nyaman dan yang bikin betah ada waterboom aman untuk anak2. mau ke pantai tinggal nyebrang aja..next pasti menginap lagi disini",Diulas 268 minggu lalu,"https://ik.imagekit.io/tvlk/ugc-review/guys1L+Yyer9kzI3sp-pb0CG1j2bhflZGFUZOoIf1YOBAm37kEUOKR41ieUZm7ZJ/ugc-photo-ap-southeast-1-581603780057-acd24e232f75f09e/ACCOMMODATION/104260264_ACCOMMODATION_1615946902065_27d7bc13172de04a?_src=imagekit&tr=c-at_max,h-100,q-40,w-100","https://ik.imagekit.io/tvlk/ugc-review/guys1L+Yyer9kzI3sp-pb0CG1j2bhflZGFUZOoIf1YOBAm37kEUOKR41ieUZm7ZJ/ugc-photo-ap-southeast-1-581603780057-acd24e232f75f09e/ACCOMMODATION/104260264_ACCOMMODATION_1616067983712_0f5dfb809e862999?_src=imagekit&tr=c-at_max,h-100,q-40,w-100",,,,,,,,,,,,,,,,,,
https://www.traveloka.com/id-id/user/review/consumption/HOTEL/GENERAL/3000010015281,8,1,"intinya memuaskan,, tinggal penataan di restonya dibuat lbh nyaman... krn ketika weekend full banget,, top dehh,, recomend buat liburan keluarga,, 👌",Diulas 268 minggu lalu,"https://ik.imagekit.io/tvlk/ugc-review/guys1L+Yyer9kzI3sp-pb0CG1j2bhflZGFUZOoIf1YOBAm37kEUOKR41ieUZm7ZJ/ugc-photo-ap-southeast-1-581603780057-acd24e232f75f09e/ACCOMMODATION/185793098_ACCOMMODATION_1615966423684_01eaf709bc585028?_src=imagekit&tr=c-at_max,h-100,q-40,w-100",,,,,,,,,,,,,,,,,,,
https://www.traveloka.com/id-id/user/review/consumption/HOTEL/GENERAL/3000010015281,8,2,"tempat nya menyenangkan dan yg penting kids friendly, cocok utk liburan keluarga",Diulas 270 minggu lalu,"https://ik.imagekit.io/tvlk/ugc-review/guys1L+Yyer9kzI3sp-pb0CG1j2bhflZGFUZOoIf1YOBAm37kEUOKR41ieUZm7ZJ/ugc-photo-ap-southeast-1-581603780057-acd24e232f75f09e/ACCOMMODATION/3507108_ACCOMMODATION_1615210874162_a099009eb6f0fbd5?_src=imagekit&tr=c-at_max,h-100,q-40,w-100","https://ik.imagekit.io/tvlk/ugc-review/guys1L+Yyer9kzI3sp-pb0CG1j2bhflZGFUZOoIf1YOBAm37kEUOKR41ieUZm7ZJ/ugc-photo-ap-southeast-1-581603780057-acd24e232f75f09e/ACCOMMODATION/3507108_ACCOMMODATION_1615210874163_0ff37054848c9a76?_src=imagekit&tr=c-at_max,h-100,q-40,w-100",,,,,,,,,,,,,,,,,,
https://www.traveloka.com/id-id/user/review/consumption/HOTEL/GENERAL/3000010015281,8,3,Saya mendapat layanan paling menyenangkan tinggal di sini. Pasti akan kembali lagi nanti.,Diulas 270 minggu lalu,"https://ik.imagekit.io/tvlk/ugc-review/guys1L+Yyer9kzI3sp-pb0CG1j2bhflZGFUZOoIf1YOBAm37kEUOKR41ieUZm7ZJ/ugc-photo-ap-southeast-1-581603780057-acd24e232f75f09e/ACCOMMODATION/8159567_ACCOMMODATION_1615177932699_1002ea2da7f2d848?_src=imagekit&tr=c-at_max,h-100,q-40,w-100","https://ik.imagekit.io/tvlk/ugc-review/guys1L+Yyer9kzI3sp-pb0CG1j2bhflZGFUZOoIf1YOBAm37kEUOKR41ieUZm7ZJ/ugc-photo-ap-southeast-1-581603780057-acd24e232f75f09e/ACCOMMODATION/8159567_ACCOMMODATION_1615177932701_914e7b5745791551?_src=imagekit&tr=c-at_max,h-100,q-40,w-100","https://ik.imagekit.io/tvlk/ugc-review/guys1L+Yyer9kzI3sp-pb0CG1j2bhflZGFUZOoIf1YOBAm37kEUOKR41ieUZm7ZJ/ugc-photo-ap-southeast-1-581603780057-acd24e232f75f09e/ACCOMMODATION/8159567_ACCOMMODATION_1615177932703_9a61aad805e23782?_src=imagekit&tr=c-at_max,h-100,q-40,w-100",,,,,,,,,,,,,,,,,
https://www.traveloka.com/id-id/user/review/consumption/HOTEL/GENERAL/3000010015281,8,4,semua nya ok kecuali sarapannya tidak banget.....ditingkatkan lagi variasi menu breakfastnya....amenetis kamar mesti di minta dulu tidak ready di kamar...dikasih kamar C311 pengap cahaya tidak ada....,Diulas 272 minggu lalu,"https://ik.imagekit.io/tvlk/ugc-review/guys1L+Yyer9kzI3sp-pb0CG1j2bhflZGFUZOoIf1YOBAm37kEUOKR41ieUZm7ZJ/ugc-photo-ap-southeast-1-581603780057-acd24e232f75f09e/ACCOMMODATION/106352589_ACCOMMODATION_1613714409695_59e8915150a1f4ca?_src=imagekit&tr=c-at_max,h-100,q-40,w-100","https://ik.imagekit.io/tvlk/ugc-review/guys1L+Yyer9kzI3sp-pb0CG1j2bhflZGFUZOoIf1YOBAm37kEUOKR41ieUZm7ZJ/ugc-photo-ap-southeast-1-581603780057-acd24e232f75f09e/ACCOMMODATION/106352589_ACCOMMODATION_1613714409696_d9d2a78d703eabfb?_src=imagekit&tr=c-at_max,h-100,q-40,w-100","https://ik.imagekit.io/tvlk/ugc-review/guys1L+Yyer9kzI3sp-pb0CG1j2bhflZGFUZOoIf1YOBAm37kEUOKR41ieUZm7ZJ/ugc-photo-ap-southeast-1-581603780057-acd24e232f75f09e/ACCOMMODATION/106352589_ACCOMMODATION_1613714409696_2949848ae229cc27?_src=imagekit&tr=c-at_max,h-100,q-40,w-100","https://ik.imagekit.io/tvlk/ugc-review/guys1L+Yyer9kzI3sp-pb0CG1j2bhflZGFUZOoIf1YOBAm37kEUOKR41ieUZm7ZJ/ugc-photo-ap-southeast-1-581603780057-acd24e232f75f09e/ACCOMMODATION/106352589_ACCOMMODATION_1613714409696_45250db05cd36dc4?_src=imagekit&tr=c-at_max,h-100,q-40,w-100",,,,,,,,,,,,,,,,
https://www.traveloka.com/id-id/user/review/consumption/HOTEL/GENERAL/3000010015281,8,5,"harga terjangkau,lokasi strategis. cuma kamar agak sempit",Diulas 272 minggu lalu,"https://ik.imagekit.io/tvlk/ugc-review/guys1L+Yyer9kzI3sp-pb0CG1j2bhflZGFUZOoIf1YOBAm37kEUOKR41ieUZm7ZJ/ugc-photo-ap-southeast-1-581603780057-acd24e232f75f09e/ACCOMMODATION/6885022_ACCOMMODATION_1613707976485_839fe5691cd399bb?_src=imagekit&tr=c-at_max,h-100,q-40,w-100",,,,,,,,,,,,,,,,,,,
https://www.traveloka.com/id-id/user/review/consumption/HOTEL/GENERAL/3000010015281,8,6,"Overall bagus hotelnya.. Ada tempat bermain anak, ada wahana bermain anak dikolam renang.. Pilihan kamarnya sangat bagus.. Ada yg sea view, pool view atau mezanine.. Kasur nya juga double queen bed.. Cuma breakfast nya aja yg tidak banyak pilihan dan menunya standart banget..",Diulas 274 minggu lalu,"https://ik.imagekit.io/tvlk/ugc-review/guys1L+Yyer9kzI3sp-pb0CG1j2bhflZGFUZOoIf1YOBAm37kEUOKR41ieUZm7ZJ/ugc-photo-ap-southeast-1-581603780057-acd24e232f75f09e/ACCOMMODATION/3561084_ACCOMMODATION_1612603375536_f3f9ad8729fc8ec6?_src=imagekit&tr=c-at_max,h-100,q-40,w-100",,,,,,,,,,,,,,,,,,,
https://www.traveloka.com/id-id/user/review/consumption/HOTEL/GENERAL/3000010015281,8,7,"Memuaskan, bersahabat bagi keluarga.",Diulas 274 minggu lalu,"https://ik.imagekit.io/tvlk/ugc-review/guys1L+Yyer9kzI3sp-pb0CG1j2bhflZGFUZOoIf1YOBAm37kEUOKR41ieUZm7ZJ/ugc-photo-ap-southeast-1-581603780057-acd24e232f75f09e/ACCOMMODATION/138170580_ACCOMMODATION_1612413641763_635d2ef768c0ed16?_src=imagekit&tr=c-at_max,h-100,q-40,w-100",,,,,,,,,,,,,,,,,,,
https://www.traveloka.com/id-id/user/review/consumption/HOTEL/GENERAL/3000010015281,8,8,sangat senang menginap disini.. pelayanan kamar juga sangat oke saat pulang dari pantai ada team hotel yg dtg ke kamar untuk bersihin kamar.. breakfast rasanya enak.. strategis ke pantai tinggal nyebrang doang,Diulas 275 minggu lalu,"https://ik.imagekit.io/tvlk/ugc-review/guys1L+Yyer9kzI3sp-pb0CG1j2bhflZGFUZOoIf1YOBAm37kEUOKR41ieUZm7ZJ/ugc-photo-ap-southeast-1-581603780057-acd24e232f75f09e/ACCOMMODATION/51197615_ACCOMMODATION_1612246165351_99e351931e0734f8?_src=imagekit&tr=c-at_max,h-100,q-40,w-100","https://ik.imagekit.io/tvlk/ugc-review/guys1L+Yyer9kzI3sp-pb0CG1j2bhflZGFUZOoIf1YOBAm37kEUOKR41ieUZm7ZJ/ugc-photo-ap-southeast-1-581603780057-acd24e232f75f09e/ACCOMMODATION/51197615_ACCOMMODATION_1612246165351_54acc949bb8009c4?_src=imagekit&tr=c-at_max,h-100,q-40,w-100",,,,,,,,,,,,,,,,,,
https://www.traveloka.com/id-id/user/review/consumption/HOTEL/GENERAL/3000010015281,8,9,Akomodasi sangat cocok untuk yang sedang liburan di pangandaran dengan suguhan icon khas laut biru menghadap ke pantai.,Diulas 278 minggu lalu,"https://ik.imagekit.io/tvlk/ugc-review/guys1L+Yyer9kzI3sp-pb0CG1j2bhflZGFUZOoIf1YOBAm37kEUOKR41ieUZm7ZJ/ugc-photo-ap-southeast-1-581603780057-acd24e232f75f09e/ACCOMMODATION/23525604_ACCOMMODATION_1609985289785_884fa6fb6300c4e6?_src=imagekit&tr=c-at_max,h-100,q-40,w-100",,,,,,,,,,,,,,,,,,,
https://www.traveloka.com/id-id/user/review/consumption/HOTEL/GENERAL/3000010015281,8,10,"Kamarnya luas banget bikin nyaman karna aku milih kamar yg ada balkon menghadap kolam renang jadi suasana selalu hangat dan rame buat nongkrong diluar, dtg jam 11 udh bisa masuk kamar, kolam renang seru ada waterboomnya, sarapan lumayan enak cuma menunya sedikit, lokasi hotel deket kemana"" apalgi ke pantai timur,ke pantai tinggal nyebrang depan hotel,tempat parkir di basement jd ngerasa aman dan tenang, ke atm deket bgt, depan hotel ada cfc pokoknya deket sama keramaian, yg terpenting keren spot foto di guest house lt 7 😍.",Diulas 280 minggu lalu,"https://ik.imagekit.io/tvlk/ugc-review/guys1L+Yyer9kzI3sp-pb0CG1j2bhflZGFUZOoIf1YOBAm37kEUOKR41ieUZm7ZJ/ugc-photo-ap-southeast-1-581603780057-acd24e232f75f09e/ACCOMMODATION/151897072_ACCOMMODATION_1609061551897_0fa7274d9bfbf882?_src=imagekit&tr=c-at_max,h-100,q-40,w-100","https://ik.imagekit.io/tvlk/ugc-review/guys1L+Yyer9kzI3sp-pb0CG1j2bhflZGFUZOoIf1YOBAm37kEUOKR41ieUZm7ZJ/ugc-photo-ap-southeast-1-581603780057-acd24e232f75f09e/ACCOMMODATION/151897072_ACCOMMODATION_1609061551898_36f99e8ee6fe0702?_src=imagekit&tr=c-at_max,h-100,q-40,w-100","https://ik.imagekit.io/tvlk/ugc-review/guys1L+Yyer9kzI3sp-pb0CG1j2bhflZGFUZOoIf1YOBAm37kEUOKR41ieUZm7ZJ/ugc-photo-ap-southeast-1-581603780057-acd24e232f75f09e/ACCOMMODATION/151897072_ACCOMMODATION_1609061551898_685df398bbf7e664?_src=imagekit&tr=c-at_max,h-100,q-40,w-100","https://ik.imagekit.io/tvlk/ugc-review/guys1L+Yyer9kzI3sp-pb0CG1j2bhflZGFUZOoIf1YOBAm37kEUOKR41ieUZm7ZJ/ugc-photo-ap-southeast-1-581603780057-acd24e232f75f09e/ACCOMMODATION/151897072_ACCOMMODATION_1609061551898_b257038e7f9f4ca1?_src=imagekit&tr=c-at_max,h-100,q-40,w-100",,,,,,,,,,,,,,,,
https://www.traveloka.com/id-id/user/review/consumption/HOTEL/GENERAL/3000010015281,8,11,"Fasilitas kamar seperti teh, gula, kopi dan perlengkapan toilet tidak disediakan. Ketika ditanyakan baru diberikan. Seharusnya sediakan saja tidak peru diminta karena itu memang fasilitas buat konsumen. Termasuk sarapan nya sangat-sangat minimalis untuk hotel dengan harga yg lumayan mahal. Buah-buahan juga harus diminta, setelah menunggama karena buahnya sedang di potong. Ternyata setelah sampai buahnya juga kualitas 👎",Diulas 280 minggu lalu,"https://ik.imagekit.io/tvlk/ugc-review/guys1L+Yyer9kzI3sp-pb0CG1j2bhflZGFUZOoIf1YOBAm37kEUOKR41ieUZm7ZJ/ugc-photo-ap-southeast-1-581603780057-acd24e232f75f09e/ACCOMMODATION/10188219_ACCOMMODATION_1608970483304_3d595b6e134f0e92?_src=imagekit&tr=c-at_max,h-100,q-40,w-100",,,,,,,,,,,,,,,,,,,
https://www.traveloka.com/id-id/user/review/consumption/HOTEL/GENERAL/3000010015281,8,12,"Laut Biru Resort adalah hotel tepi pantai, dari lantai tertinggi kita bisa melihat Pantai Barat dan Pantai Timur sehingga Anda bisa menikmati pemandangan matahari terbit dan terbenam yang menakjubkan. Begitu banyak restoran seafood di dekat hotel dan pasar ikan tradisional hanya dengan berjalan kaki. Menurut saya staf hotel juga sangat membantu kami dan hotel menerapkan kebersihan untuk mencegah penularan virus. Kami sangat menikmati aroma udara dan semilir angin laut pantai Pangandaran",Diulas 280 minggu lalu,"https://ik.imagekit.io/tvlk/ugc-review/guys1L+Yyer9kzI3sp-pb0CG1j2bhflZGFUZOoIf1YOBAm37kEUOKR41ieUZm7ZJ/ugc-photo-ap-southeast-1-581603780057-acd24e232f75f09e/ACCOMMODATION/8399039_ACCOMMODATION_1608555022923_671a50d1a49ca5c0?_src=imagekit&tr=c-at_max,h-100,q-40,w-100","https://ik.imagekit.io/tvlk/ugc-review/guys1L+Yyer9kzI3sp-pb0CG1j2bhflZGFUZOoIf1YOBAm37kEUOKR41ieUZm7ZJ/ugc-photo-ap-southeast-1-581603780057-acd24e232f75f09e/ACCOMMODATION/8399039_ACCOMMODATION_1608555022924_90ff644a13fa7c37?_src=imagekit&tr=c-at_max,h-100,q-40,w-100","https://ik.imagekit.io/tvlk/ugc-review/guys1L+Yyer9kzI3sp-pb0CG1j2bhflZGFUZOoIf1YOBAm37kEUOKR41ieUZm7ZJ/ugc-photo-ap-southeast-1-581603780057-acd24e232f75f09e/ACCOMMODATION/8399039_ACCOMMODATION_1608555022924_001a15b048ff1bd1?_src=imagekit&tr=c-at_max,h-100,q-40,w-100","https://ik.imagekit.io/tvlk/ugc-review/guys1L+Yyer9kzI3sp-pb0CG1j2bhflZGFUZOoIf1YOBAm37kEUOKR41ieUZm7ZJ/ugc-photo-ap-southeast-1-581603780057-acd24e232f75f09e/ACCOMMODATION/8399039_ACCOMMODATION_1608555022924_1674b12d1df68dcc?_src=imagekit&tr=c-at_max,h-100,q-40,w-100","https://ik.imagekit.io/tvlk/ugc-review/guys1L+Yyer9kzI3sp-pb0CG1j2bhflZGFUZOoIf1YOBAm37kEUOKR41ieUZm7ZJ/ugc-photo-ap-southeast-1-581603780057-acd24e232f75f09e/ACCOMMODATION/8399039_ACCOMMODATION_1608555022924_2ddec28ecf87e147?_src=imagekit&tr=c-at_max,h-100,q-40,w-100",,,,,,,,,,,,,,,
https://www.traveloka.com/id-id/user/review/consumption/HOTEL/GENERAL/3000010015281,8,13,Senang menginap disini dan akan kembali lagi?,Diulas 281 minggu lalu,"https://ik.imagekit.io/tvlk/ugc-review/guys1L+Yyer9kzI3sp-pb0CG1j2bhflZGFUZOoIf1YOBAm37kEUOKR41ieUZm7ZJ/ugc-photo-ap-southeast-1-581603780057-acd24e232f75f09e/ACCOMMODATION/44511067_ACCOMMODATION_1608618828844_c92bd452a1f29410?_src=imagekit&tr=c-at_max,h-100,q-40,w-100","https://ik.imagekit.io/tvlk/ugc-review/guys1L+Yyer9kzI3sp-pb0CG1j2bhflZGFUZOoIf1YOBAm37kEUOKR41ieUZm7ZJ/ugc-photo-ap-southeast-1-581603780057-acd24e232f75f09e/ACCOMMODATION/44511067_ACCOMMODATION_1608618828844_2f5ec9de52f56f33?_src=imagekit&tr=c-at_max,h-100,q-40,w-100","https://ik.imagekit.io/tvlk/ugc-review/guys1L+Yyer9kzI3sp-pb0CG1j2bhflZGFUZOoIf1YOBAm37kEUOKR41ieUZm7ZJ/ugc-photo-ap-southeast-1-581603780057-acd24e232f75f09e/ACCOMMODATION/44511067_ACCOMMODATION_1608618828844_6440f3f6031cdc87?_src=imagekit&tr=c-at_max,h-100,q-40,w-100",,,,,,,,,,,,,,,,,
https://www.traveloka.com/id-id/user/review/consumption/HOTEL/GENERAL/3000010015281,8,14,"Sangat puas sekali dengan kamar mezaninenya, luas sekali. Cukup untuk keluarga besar apalagi depan kamar langsung kolam renang akses kemana-mana dekat, laut biru mantap.",Diulas 281 minggu lalu,"https://ik.imagekit.io/tvlk/ugc-review/guys1L+Yyer9kzI3sp-pb0CG1j2bhflZGFUZOoIf1YOBAm37kEUOKR41ieUZm7ZJ/ugc-photo-ap-southeast-1-581603780057-acd24e232f75f09e/ACCOMMODATION/8277063_ACCOMMODATION_1608209401375_ee75ac80cdb74a73?_src=imagekit&tr=c-at_max,h-100,q-40,w-100",,,,,,,,,,,,,,,,,,,
https://www.traveloka.com/id-id/user/review/consumption/HOTEL/GENERAL/3000010015281,8,15,"Kamar besar, breakfast nasi goreng doang, peelengkapan mandi tidak lengkap. Karyawan jutek-jutek.",Diulas 282 minggu lalu,"https://ik.imagekit.io/tvlk/ugc-review/guys1L+Yyer9kzI3sp-pb0CG1j2bhflZGFUZOoIf1YOBAm37kEUOKR41ieUZm7ZJ/ugc-photo-ap-southeast-1-581603780057-acd24e232f75f09e/ACCOMMODATION/8791789_ACCOMMODATION_1607596673116_d6280469bbfa7207?_src=imagekit&tr=c-at_max,h-100,q-40,w-100",,,,,,,,,,,,,,,,,,,
https://www.traveloka.com/id-id/user/review/consumption/HOTEL/GENERAL/3000010015281,8,16,"Pelayanannya ramah, tapi untuk amenities kamar sangat lah kurang dari standar hotel bintang 3, serta variant untuk makanan breakfast-nya sangat minimalis hanya, nasi goreng, omlet, bubur ayam dan soto ayam, serta roti bakar, sedangkan buah tidak ada sama sekali.",Diulas 283 minggu lalu,"https://ik.imagekit.io/tvlk/ugc-review/guys1L+Yyer9kzI3sp-pb0CG1j2bhflZGFUZOoIf1YOBAm37kEUOKR41ieUZm7ZJ/ugc-photo-ap-southeast-1-581603780057-acd24e232f75f09e/ACCOMMODATION/12486004_ACCOMMODATION_1607395794877_9cebd7f5c47a08ab?_src=imagekit&tr=c-at_max,h-100,q-40,w-100","https://ik.imagekit.io/tvlk/ugc-review/guys1L+Yyer9kzI3sp-pb0CG1j2bhflZGFUZOoIf1YOBAm37kEUOKR41ieUZm7ZJ/ugc-photo-ap-southeast-1-581603780057-acd24e232f75f09e/ACCOMMODATION/12486004_ACCOMMODATION_1607395794877_21f929058fb4d4c0?_src=imagekit&tr=c-at_max,h-100,q-40,w-100","https://ik.imagekit.io/tvlk/ugc-review/guys1L+Yyer9kzI3sp-pb0CG1j2bhflZGFUZOoIf1YOBAm37kEUOKR41ieUZm7ZJ/ugc-photo-ap-southeast-1-581603780057-acd24e232f75f09e/ACCOMMODATION/12486004_ACCOMMODATION_1607395794877_473659ae06e5dd38?_src=imagekit&tr=c-at_max,h-100,q-40,w-100",,,,,,,,,,,,,,,,,
https://www.traveloka.com/id-id/user/review/consumption/HOTEL/GENERAL/3000010015281,8,17,"Bagus dan pelayanannya ramah, Untuk breakfastnya minta ditambahkan variant menunya ya karena sekelas hotel yang harganya tidak beda jauh dengan horison sangat disayangkan jika makanannya kurang.",Diulas 283 minggu lalu,"https://ik.imagekit.io/tvlk/ugc-review/guys1L+Yyer9kzI3sp-pb0CG1j2bhflZGFUZOoIf1YOBAm37kEUOKR41ieUZm7ZJ/ugc-photo-ap-southeast-1-581603780057-acd24e232f75f09e/ACCOMMODATION/12486004_ACCOMMODATION_1607259074496_4232c217d458845b?_src=imagekit&tr=c-at_max,h-100,q-40,w-100","https://ik.imagekit.io/tvlk/ugc-review/guys1L+Yyer9kzI3sp-pb0CG1j2bhflZGFUZOoIf1YOBAm37kEUOKR41ieUZm7ZJ/ugc-photo-ap-southeast-1-581603780057-acd24e232f75f09e/ACCOMMODATION/12486004_ACCOMMODATION_1607259074496_1638e199a19d99e2?_src=imagekit&tr=c-at_max,h-100,q-40,w-100",,,,,,,,,,,,,,,,,,
https://www.traveloka.com/id-id/user/review/consumption/HOTEL/GENERAL/3000010015281,8,18,"Kedatangan dibantu dengan trolli untuk membawa barang ke kamar yang dijemput di parkiran mobil, kemudian tiap pagi kamar dibersihkan. Kamarnya nyaman bersih, punya pemandangan yang indah, bagus untuk berfoto, ada playground untuk anak, serta dekat dengan pantai barat dan pantai timur. Kamar double bed, cocok untuk keluarga besar. Ada kolam renang untuk anak juga. Sarapan jam 06.30 hingga jam 10.00. Menunya cukup baik. Saran, untuk menu bubur jangan terlalu asin. Pelayanan overall baik dan ramah. Sukses selalu Laut Biru.",Diulas 283 minggu lalu,"https://ik.imagekit.io/tvlk/ugc-review/guys1L+Yyer9kzI3sp-pb0CG1j2bhflZGFUZOoIf1YOBAm37kEUOKR41ieUZm7ZJ/ugc-photo-ap-southeast-1-581603780057-acd24e232f75f09e/ACCOMMODATION/23188258_ACCOMMODATION_1606891422031_8bdae560de003d69?_src=imagekit&tr=c-at_max,h-100,q-40,w-100","https://ik.imagekit.io/tvlk/ugc-review/guys1L+Yyer9kzI3sp-pb0CG1j2bhflZGFUZOoIf1YOBAm37kEUOKR41ieUZm7ZJ/ugc-photo-ap-southeast-1-581603780057-acd24e232f75f09e/ACCOMMODATION/23188258_ACCOMMODATION_1606891422032_69d3cb6943c60923?_src=imagekit&tr=c-at_max,h-100,q-40,w-100","https://ik.imagekit.io/tvlk/ugc-review/guys1L+Yyer9kzI3sp-pb0CG1j2bhflZGFUZOoIf1YOBAm37kEUOKR41ieUZm7ZJ/ugc-photo-ap-southeast-1-581603780057-acd24e232f75f09e/ACCOMMODATION/23188258_ACCOMMODATION_1606891422032_cd88af56d6f574b7?_src=imagekit&tr=c-at_max,h-100,q-40,w-100","https://ik.imagekit.io/tvlk/ugc-review/guys1L+Yyer9kzI3sp-pb0CG1j2bhflZGFUZOoIf1YOBAm37kEUOKR41ieUZm7ZJ/ugc-photo-ap-southeast-1-581603780057-acd24e232f75f09e/ACCOMMODATION/23188258_ACCOMMODATION_1606891422032_ba870346b605919f?_src=imagekit&tr=c-at_max,h-100,q-40,w-100","https://ik.imagekit.io/tvlk/ugc-review/guys1L+Yyer9kzI3sp-pb0CG1j2bhflZGFUZOoIf1YOBAm37kEUOKR41ieUZm7ZJ/ugc-photo-ap-southeast-1-581603780057-acd24e232f75f09e/ACCOMMODATION/23188258_ACCOMMODATION_1606891422033_5b018da622b478fc?_src=imagekit&tr=c-at_max,h-100,q-40,w-100","https://ik.imagekit.io/tvlk/ugc-review/guys1L+Yyer9kzI3sp-pb0CG1j2bhflZGFUZOoIf1YOBAm37kEUOKR41ieUZm7ZJ/ugc-photo-ap-southeast-1-581603780057-acd24e232f75f09e/ACCOMMODATION/23188258_ACCOMMODATION_1606891422033_f824c85c64be5ad6?_src=imagekit&tr=c-at_max,h-100,q-40,w-100",,,,,,,,,,,,,,
https://www.traveloka.com/id-id/user/review/consumption/HOTEL/GENERAL/3000010015281,8,19,"Saya menginap untuk liburan, kamarnya di luar ekspektasi yang menyebutkan sea view, kamarnya kecil tidak ada toiletries dan menu breakfast yang tidak memuaskan. Bagus karena ada spot foto saja sih.",Diulas 287 minggu lalu,"https://ik.imagekit.io/tvlk/ugc-review/guys1L+Yyer9kzI3sp-pb0CG1j2bhflZGFUZOoIf1YOBAm37kEUOKR41ieUZm7ZJ/ugc-photo-ap-southeast-1-581603780057-acd24e232f75f09e/ACCOMMODATION/95035062_ACCOMMODATION_1604548182643_964baa22cd3e844d?_src=imagekit&tr=c-at_max,h-100,q-40,w-100",,,,,,,,,,,,,,,,,,,
https://www.traveloka.com/id-id/user/review/consumption/HOTEL/GENERAL/3000010015281,8,20,"kamar bersih, tempatnya nyaman oke bangeut deh",Diulas 287 minggu lalu,"https://ik.imagekit.io/tvlk/ugc-review/guys1L+Yyer9kzI3sp-pb0CG1j2bhflZGFUZOoIf1YOBAm37kEUOKR41ieUZm7ZJ/ugc-photo-ap-southeast-1-581603780057-acd24e232f75f09e/ACCOMMODATION/13675175_ACCOMMODATION_1604500689301_3ad69d273f621e21?_src=imagekit&tr=c-at_max,h-100,q-40,w-100","https://ik.imagekit.io/tvlk/ugc-review/guys1L+Yyer9kzI3sp-pb0CG1j2bhflZGFUZOoIf1YOBAm37kEUOKR41ieUZm7ZJ/ugc-photo-ap-southeast-1-581603780057-acd24e232f75f09e/ACCOMMODATION/13675175_ACCOMMODATION_1604500689301_f1a66e896fa401c7?_src=imagekit&tr=c-at_max,h-100,q-40,w-100",,,,,,,,,,,,,,,,,,
https://www.traveloka.com/id-id/user/review/consumption/HOTEL/GENERAL/3000010015281,8,21,"lokasi sangat strategis, deket ke pantai barat, juga pantai timur. tapi menu sarapannya kurang variatif. juga rasa nta kurang enak.",Diulas 288 minggu lalu,"https://ik.imagekit.io/tvlk/ugc-review/guys1L+Yyer9kzI3sp-pb0CG1j2bhflZGFUZOoIf1YOBAm37kEUOKR41ieUZm7ZJ/ugc-photo-ap-southeast-1-581603780057-acd24e232f75f09e/ACCOMMODATION/4463281_ACCOMMODATION_1604406055690_ae4f2a4d89f6ed40?_src=imagekit&tr=c-at_max,h-100,q-40,w-100",,,,,,,,,,,,,,,,,,,
https://www.traveloka.com/id-id/user/review/consumption/HOTEL/GENERAL/3000010015281,8,22,"Deskripsi sesuai dengan aplikasi. petugas baik, check-in dan check-out super cepat. kali ke-2 menginap di sini. Yang lalu kebagian kamar sea view, sekarang tidak huhu, cace memang mendadak ingin kesana tanpa perencanaan, masih beruntung dapat kamar. Kamar sangat luas. Fasilitas memang tidak komplet, (tidak tersedia kopi, teh, gula, sendal dan toiletries). hanya ada 4 handuk, sabun diseleruhan oke, Boiling water, aqua 1 galon, 4 gelas. tapi tidak masalah, yang penting tidur nyaman, mandi nyaman, liburan penuh kesan. chanel TV komplet. WiFi lantai 7 tidak bisa tersambung. waterboom mini tetap menyenangkan. anak-anak puas. sewa atau tinggal ke depan. Main pasir tinggal melangkah didepan. Belanja khas pangandaran tinggal ke samping. kuliner juga dekat. Mau ke pantai timur juga tinggal jalan ke belakang. Makanan masih sama menunya dengan yang lalu? (nasi goreng, nasi uduk, mie goreng, soto, egg corner, roti bakar). (Tidak ada buah maupun dessert lainnya). ingin selalu kembali ke sini. Tetapi kadang cemas dengan berita-berita gempa bumi, dan kebetulan kemarin saat menginap mengalami 1 kali gempa yang cukup besar, membuat suasana agak horor? Overall semua teras menyenangkan, terima kasih?",Diulas 289 minggu lalu,"https://ik.imagekit.io/tvlk/ugc-review/guys1L+Yyer9kzI3sp-pb0CG1j2bhflZGFUZOoIf1YOBAm37kEUOKR41ieUZm7ZJ/ugc-photo-ap-southeast-1-581603780057-acd24e232f75f09e/ACCOMMODATION/17556308_ACCOMMODATION_1603615603442_6b97a08f9946fdec?_src=imagekit&tr=c-at_max,h-80,q-40,w-80","https://ik.imagekit.io/tvlk/ugc-review/guys1L+Yyer9kzI3sp-pb0CG1j2bhflZGFUZOoIf1YOBAm37kEUOKR41ieUZm7ZJ/ugc-photo-ap-southeast-1-581603780057-acd24e232f75f09e/ACCOMMODATION/17556308_ACCOMMODATION_1603615603442_5cdece65eac0decc?_src=imagekit&tr=c-at_max,h-80,q-40,w-80","https://ik.imagekit.io/tvlk/ugc-review/guys1L+Yyer9kzI3sp-pb0CG1j2bhflZGFUZOoIf1YOBAm37kEUOKR41ieUZm7ZJ/ugc-photo-ap-southeast-1-581603780057-acd24e232f75f09e/ACCOMMODATION/17556308_ACCOMMODATION_1603615603443_e7dbf356227432f1?_src=imagekit&tr=c-at_max,h-80,q-40,w-80","https://ik.imagekit.io/tvlk/ugc-review/guys1L+Yyer9kzI3sp-pb0CG1j2bhflZGFUZOoIf1YOBAm37kEUOKR41ieUZm7ZJ/ugc-photo-ap-southeast-1-581603780057-acd24e232f75f09e/ACCOMMODATION/17556308_ACCOMMODATION_1603615603443_816b26415d4e727e?_src=imagekit&tr=c-at_max,h-80,q-40,w-80","https://ik.imagekit.io/tvlk/ugc-review/guys1L+Yyer9kzI3sp-pb0CG1j2bhflZGFUZOoIf1YOBAm37kEUOKR41ieUZm7ZJ/ugc-photo-ap-southeast-1-581603780057-acd24e232f75f09e/ACCOMMODATION/17556308_ACCOMMODATION_1603615603443_d7acb4331ea94525?_src=imagekit&tr=c-at_max,h-80,q-40,w-80","https://ik.imagekit.io/tvlk/ugc-review/guys1L+Yyer9kzI3sp-pb0CG1j2bhflZGFUZOoIf1YOBAm37kEUOKR41ieUZm7ZJ/ugc-photo-ap-southeast-1-581603780057-acd24e232f75f09e/ACCOMMODATION/17556308_ACCOMMODATION_1603615603443_d5d3d105023f6358?_src=imagekit&tr=c-at_max,h-80,q-40,w-80","https://ik.imagekit.io/tvlk/ugc-review/guys1L+Yyer9kzI3sp-pb0CG1j2bhflZGFUZOoIf1YOBAm37kEUOKR41ieUZm7ZJ/ugc-photo-ap-southeast-1-581603780057-acd24e232f75f09e/ACCOMMODATION/17556308_ACCOMMODATION_1603615603444_bd473d1c770faa8b?_src=imagekit&tr=c-at_max,h-80,q-40,w-80",,,,,,,,,,,,,
https://www.traveloka.com/id-id/user/review/consumption/HOTEL/GENERAL/3000010015281,8,23,Kamar bersih sesuai dengan gambar.,Diulas 290 minggu lalu,"https://ik.imagekit.io/tvlk/ugc-review/guys1L+Yyer9kzI3sp-pb0CG1j2bhflZGFUZOoIf1YOBAm37kEUOKR41ieUZm7ZJ/ugc-photo-ap-southeast-1-581603780057-acd24e232f75f09e/ACCOMMODATION/69510315_ACCOMMODATION_1603108094100_9a39848f2d706043?_src=imagekit&tr=c-at_max,h-100,q-40,w-100","https://ik.imagekit.io/tvlk/ugc-review/guys1L+Yyer9kzI3sp-pb0CG1j2bhflZGFUZOoIf1YOBAm37kEUOKR41ieUZm7ZJ/ugc-photo-ap-southeast-1-581603780057-acd24e232f75f09e/ACCOMMODATION/69510315_ACCOMMODATION_1603108094104_f4032ace955039f6?_src=imagekit&tr=c-at_max,h-100,q-40,w-100","https://ik.imagekit.io/tvlk/ugc-review/guys1L+Yyer9kzI3sp-pb0CG1j2bhflZGFUZOoIf1YOBAm37kEUOKR41ieUZm7ZJ/ugc-photo-ap-southeast-1-581603780057-acd24e232f75f09e/ACCOMMODATION/69510315_ACCOMMODATION_1603108094105_a95e853a1a2ec305?_src=imagekit&tr=c-at_max,h-100,q-40,w-100","https://ik.imagekit.io/tvlk/ugc-review/guys1L+Yyer9kzI3sp-pb0CG1j2bhflZGFUZOoIf1YOBAm37kEUOKR41ieUZm7ZJ/ugc-photo-ap-southeast-1-581603780057-acd24e232f75f09e/ACCOMMODATION/69510315_ACCOMMODATION_1603108094105_361addf14b195e83?_src=imagekit&tr=c-at_max,h-100,q-40,w-100","https://ik.imagekit.io/tvlk/ugc-review/guys1L+Yyer9kzI3sp-pb0CG1j2bhflZGFUZOoIf1YOBAm37kEUOKR41ieUZm7ZJ/ugc-photo-ap-southeast-1-581603780057-acd24e232f75f09e/ACCOMMODATION/69510315_ACCOMMODATION_1603108094105_40e235103c8e73ac?_src=imagekit&tr=c-at_max,h-100,q-40,w-100",,,,,,,,,,,,,,,
https://www.traveloka.com/id-id/user/review/consumption/HOTEL/GENERAL/3000010015281,8,24,"Stafnya kurang tanggap, pelayanan kurang memuaskan, karena kamar kotor saja diamin. Kalau tidak minta dibersihin ya tidak dibersihin. Sendal kamar diminta beberapa kali baru di kasih. Semuanya serba tidak tanggap, breakfast kurang variatif.",Diulas 291 minggu lalu,"https://ik.imagekit.io/tvlk/ugc-review/guys1L+Yyer9kzI3sp-pb0CG1j2bhflZGFUZOoIf1YOBAm37kEUOKR41ieUZm7ZJ/ugc-photo-ap-southeast-1-581603780057-acd24e232f75f09e/ACCOMMODATION/173499406_ACCOMMODATION_1602316824783_5a12114d0a14fd49?_src=imagekit&tr=c-at_max,h-100,q-40,w-100",,,,,,,,,,,,,,,,,,,
https://www.traveloka.com/id-id/user/review/consumption/HOTEL/GENERAL/3000010015281,8,25,"Lokasi sangat strategis, dekat banget ke pantai. Hanya kebersihan kamar mandi perlu ditingkatkan lagi, karena masih terdapat kerak-arak di klosetnya, dan untuk kebersihan kamar, spreinya agak kotor. Overall betah sih disini karena lokasinya.",Diulas 292 minggu lalu,"https://ik.imagekit.io/tvlk/ugc-review/guys1L+Yyer9kzI3sp-pb0CG1j2bhflZGFUZOoIf1YOBAm37kEUOKR41ieUZm7ZJ/ugc-photo-ap-southeast-1-581603780057-acd24e232f75f09e/ACCOMMODATION/6667483_ACCOMMODATION_1601467989218_c1878060a3d8d269?_src=imagekit&tr=c-at_max,h-100,q-40,w-100",,,,,,,,,,,,,,,,,,,
https://www.traveloka.com/id-id/user/review/consumption/HOTEL/GENERAL/3000010015281,8,26,"Sendal hotel harus diminta dulu, tidak ada sikat gigi dan odolnya, sarapan tidak bervariasi hanya ada nasi goreng bubur dan roti bakar saja. Protokol covid hanya berlaku di pintu masuk (masuk hotel dan masuk restoran), Kolam renang ramai dan restaurant super duper ramai dengan jarak meja yang lumayan berdekatan. Selebihnya sudah oke bangeet?",Diulas 293 minggu lalu,"https://ik.imagekit.io/tvlk/ugc-review/guys1L+Yyer9kzI3sp-pb0CG1j2bhflZGFUZOoIf1YOBAm37kEUOKR41ieUZm7ZJ/ugc-photo-ap-southeast-1-581603780057-acd24e232f75f09e/ACCOMMODATION/18697679_ACCOMMODATION_1601378913249_de7b469cbe3d7f7d?_src=imagekit&tr=c-at_max,h-100,q-40,w-100","https://ik.imagekit.io/tvlk/ugc-review/guys1L+Yyer9kzI3sp-pb0CG1j2bhflZGFUZOoIf1YOBAm37kEUOKR41ieUZm7ZJ/ugc-photo-ap-southeast-1-581603780057-acd24e232f75f09e/ACCOMMODATION/18697679_ACCOMMODATION_1601378913250_6064b92659ce6301?_src=imagekit&tr=c-at_max,h-100,q-40,w-100","https://ik.imagekit.io/tvlk/ugc-review/guys1L+Yyer9kzI3sp-pb0CG1j2bhflZGFUZOoIf1YOBAm37kEUOKR41ieUZm7ZJ/ugc-photo-ap-southeast-1-581603780057-acd24e232f75f09e/ACCOMMODATION/18697679_ACCOMMODATION_1601378913250_2d1a0abda2c81b96?_src=imagekit&tr=c-at_max,h-100,q-40,w-100",,,,,,,,,,,,,,,,,
https://www.traveloka.com/id-id/user/review/consumption/HOTEL/GENERAL/3000010015281,8,27,dekat dengan pantai dan view dari kamar lantai 5 juga langsung laut cuma makanan standar banget untuk harga kamar segitu....2 hari menu nya begutu2 saja...,Diulas 293 minggu lalu,"https://ik.imagekit.io/tvlk/ugc-review/guys1L+Yyer9kzI3sp-pb0CG1j2bhflZGFUZOoIf1YOBAm37kEUOKR41ieUZm7ZJ/ugc-photo-ap-southeast-1-581603780057-acd24e232f75f09e/ACCOMMODATION/15684920_ACCOMMODATION_1601254711062_dadfdf31950c737b?_src=imagekit&tr=c-at_max,h-100,q-40,w-100","https://ik.imagekit.io/tvlk/ugc-review/guys1L+Yyer9kzI3sp-pb0CG1j2bhflZGFUZOoIf1YOBAm37kEUOKR41ieUZm7ZJ/ugc-photo-ap-southeast-1-581603780057-acd24e232f75f09e/ACCOMMODATION/15684920_ACCOMMODATION_1601254711063_1c9097e5a2b4cdeb?_src=imagekit&tr=c-at_max,h-100,q-40,w-100","https://ik.imagekit.io/tvlk/ugc-review/guys1L+Yyer9kzI3sp-pb0CG1j2bhflZGFUZOoIf1YOBAm37kEUOKR41ieUZm7ZJ/ugc-photo-ap-southeast-1-581603780057-acd24e232f75f09e/ACCOMMODATION/15684920_ACCOMMODATION_1601254711064_d9f036176413ee3f?_src=imagekit&tr=c-at_max,h-100,q-40,w-100",,,,,,,,,,,,,,,,,
https://www.traveloka.com/id-id/user/review/consumption/HOTEL/GENERAL/3000010015281,8,28,"Hotelnya nyaman dan strategis cocok untuk bawa keluarga, banyak fasilitas hiburan untuk anak-anak.",Diulas 293 minggu lalu,"https://ik.imagekit.io/tvlk/ugc-review/guys1L+Yyer9kzI3sp-pb0CG1j2bhflZGFUZOoIf1YOBAm37kEUOKR41ieUZm7ZJ/ugc-photo-ap-southeast-1-581603780057-acd24e232f75f09e/ACCOMMODATION/166730753_ACCOMMODATION_1601232629053_cda4fbe81f025789?_src=imagekit&tr=c-at_max,h-100,q-40,w-100",,,,,,,,,,,,,,,,,,,
https://www.traveloka.com/id-id/user/review/consumption/HOTEL/GENERAL/3000010015281,8,29,"tempatnya bersih, nyaman, ada spot Poto instagramable",Diulas 293 minggu lalu,"https://ik.imagekit.io/tvlk/ugc-review/guys1L+Yyer9kzI3sp-pb0CG1j2bhflZGFUZOoIf1YOBAm37kEUOKR41ieUZm7ZJ/ugc-photo-ap-southeast-1-581603780057-acd24e232f75f09e/ACCOMMODATION/9748681_ACCOMMODATION_1601207566136_d336cb731ac9706d?_src=imagekit&tr=c-at_max,h-100,q-40,w-100",,,,,,,,,,,,,,,,,,,
https://www.traveloka.com/id-id/user/review/consumption/HOTEL/GENERAL/3000010015281,8,30,"Menginap disini sangat menyenangkan, selain bisa istirahat dengan baik, hotel ini pun punya pemandangan yang bagus banget, Foto-foto yang diambil keren banget serasa dekat banget dengan laut padahal kita ada di lantai 7, kolam renangnya nyaman, Pelayaannya ramah, pokoknya keren lah.",Diulas 294 minggu lalu,"https://ik.imagekit.io/tvlk/ugc-review/guys1L+Yyer9kzI3sp-pb0CG1j2bhflZGFUZOoIf1YOBAm37kEUOKR41ieUZm7ZJ/ugc-photo-ap-southeast-1-581603780057-acd24e232f75f09e/ACCOMMODATION/160801337_ACCOMMODATION_1600748849141_6d65fcb6055a856a?_src=imagekit&tr=c-at_max,h-100,q-40,w-100",,,,,,,,,,,,,,,,,,,
https://www.traveloka.com/id-id/user/review/consumption/HOTEL/GENERAL/3000010015281,8,31,me and my family have a good time thank you so much! puassss banget pokoknya menginap disini pasti bakal menginap disini trs!,Diulas 294 minggu lalu,"https://ik.imagekit.io/tvlk/ugc-review/guys1L+Yyer9kzI3sp-pb0CG1j2bhflZGFUZOoIf1YOBAm37kEUOKR41ieUZm7ZJ/ugc-photo-ap-southeast-1-581603780057-acd24e232f75f09e/ACCOMMODATION/156821593_ACCOMMODATION_1600479960423_2fafb1f9737ff881?_src=imagekit&tr=c-at_max,h-100,q-40,w-100",,,,,,,,,,,,,,,,,,,
https://www.traveloka.com/id-id/user/review/consumption/HOTEL/GENERAL/3000010015281,8,32,"Sangat senang menginap disini. Ini ke-2 kali nya saya menginap Laut Biru. Staffnya ramah sekali, saya check in jam 00.20 tapi mereka masih ramah dalam melayani kami. Kali ini saya menginap di superior room sea view. pemandangan yang bagus banget dari jendela kamar. kamar bersih. hanya sarapan kurang bervariasi",Diulas 294 minggu lalu,"https://ik.imagekit.io/tvlk/ugc-review/guys1L+Yyer9kzI3sp-pb0CG1j2bhflZGFUZOoIf1YOBAm37kEUOKR41ieUZm7ZJ/ugc-photo-ap-southeast-1-581603780057-acd24e232f75f09e/ACCOMMODATION/13325265_ACCOMMODATION_1600438354785_cbadb40fd018ffd1?_src=imagekit&tr=c-at_max,h-100,q-40,w-100",,,,,,,,,,,,,,,,,,,
https://www.traveloka.com/id-id/user/review/consumption/HOTEL/GENERAL/3000010015281,8,33,"Sangat cocok untuk liburan keluarga, viewnya bagus, pelayanan ramah.",Diulas 294 minggu lalu,"https://ik.imagekit.io/tvlk/ugc-review/guys1L+Yyer9kzI3sp-pb0CG1j2bhflZGFUZOoIf1YOBAm37kEUOKR41ieUZm7ZJ/ugc-photo-ap-southeast-1-581603780057-acd24e232f75f09e/ACCOMMODATION/6620104_ACCOMMODATION_1600240253719_e94a79b03fd075fd?_src=imagekit&tr=c-at_max,h-100,q-40,w-100",,,,,,,,,,,,,,,,,,,
https://www.traveloka.com/id-id/user/review/consumption/HOTEL/GENERAL/3000010015281,8,34,"Menyenangkan menginap disini, tapi tidak di sediakan sendal hotel, sikat dan pasta gigi?",Diulas 295 minggu lalu,"https://ik.imagekit.io/tvlk/ugc-review/guys1L+Yyer9kzI3sp-pb0CG1j2bhflZGFUZOoIf1YOBAm37kEUOKR41ieUZm7ZJ/ugc-photo-ap-southeast-1-581603780057-acd24e232f75f09e/ACCOMMODATION/112948575_ACCOMMODATION_1600076609783_de84bed4a8c7525b?_src=imagekit&tr=c-at_max,h-100,q-40,w-100","https://ik.imagekit.io/tvlk/ugc-review/guys1L+Yyer9kzI3sp-pb0CG1j2bhflZGFUZOoIf1YOBAm37kEUOKR41ieUZm7ZJ/ugc-photo-ap-southeast-1-581603780057-acd24e232f75f09e/ACCOMMODATION/112948575_ACCOMMODATION_1600076609783_99cc0576750f7a21?_src=imagekit&tr=c-at_max,h-100,q-40,w-100",,,,,,,,,,,,,,,,,,
https://www.traveloka.com/id-id/user/review/consumption/HOTEL/GENERAL/3000010015281,8,35,"Hotelnya bagus, bersih, viewnya bisa liat pantai barat dan timur dari kamar, ada waterboomnya juga. Inguk breakfast-nya sangat biasa saja, tidak banyak pilihan padahal harganya lumayan mahal, cuma ada nasi goreng dan bihun goreng. Pelayanannya lama pas saat ingin check-in.",Diulas 295 minggu lalu,"https://ik.imagekit.io/tvlk/ugc-review/guys1L+Yyer9kzI3sp-pb0CG1j2bhflZGFUZOoIf1YOBAm37kEUOKR41ieUZm7ZJ/ugc-photo-ap-southeast-1-581603780057-acd24e232f75f09e/ACCOMMODATION/98624503_ACCOMMODATION_1600004501261_6ddce000f8566be0?_src=imagekit&tr=c-at_max,h-100,q-40,w-100","https://ik.imagekit.io/tvlk/ugc-review/guys1L+Yyer9kzI3sp-pb0CG1j2bhflZGFUZOoIf1YOBAm37kEUOKR41ieUZm7ZJ/ugc-photo-ap-southeast-1-581603780057-acd24e232f75f09e/ACCOMMODATION/98624503_ACCOMMODATION_1600004501262_16bafa1ae7bbf20e?_src=imagekit&tr=c-at_max,h-100,q-40,w-100",,,,,,,,,,,,,,,,,,
https://www.traveloka.com/id-id/user/review/consumption/HOTEL/GENERAL/3000010015281,8,36,"Lokasi hotel yang strategis tinggal nyebrang kepantai, dekat pusat oleh-oleh banyak makanan. Cuma posisi balkon kamar kurang menyenangkan karena langsung menghadap ke rumah warga 😩",Diulas 295 minggu lalu,"https://ik.imagekit.io/tvlk/ugc-review/guys1L+Yyer9kzI3sp-pb0CG1j2bhflZGFUZOoIf1YOBAm37kEUOKR41ieUZm7ZJ/ugc-photo-ap-southeast-1-581603780057-acd24e232f75f09e/ACCOMMODATION/4386528_ACCOMMODATION_1599973420017_df968b04b5ab8f34?_src=imagekit&tr=c-at_max,h-100,q-40,w-100",,,,,,,,,,,,,,,,,,,
https://www.traveloka.com/id-id/user/review/consumption/HOTEL/GENERAL/3000010015281,8,37,"Nice, clean and modern room. good service. Great view dari lantai. 7. dalam kamar ada kulkas, air mineral galon dan water boiler. Will be nice kalau ada teh, kopi, sikat di pasta gigi, sandal hotel dalam kamar, entah kemarin kelupaan dikasih atau bagaimana, Tapi it's okay karena saya juga bawa sendiri. Cocok untuk liburan keluarga.",Diulas 295 minggu lalu,"https://ik.imagekit.io/tvlk/ugc-review/guys1L+Yyer9kzI3sp-pb0CG1j2bhflZGFUZOoIf1YOBAm37kEUOKR41ieUZm7ZJ/ugc-photo-ap-southeast-1-581603780057-acd24e232f75f09e/ACCOMMODATION/15543888_ACCOMMODATION_1599902498674_86f9a6852a01c692?_src=imagekit&tr=c-at_max,h-100,q-40,w-100",,,,,,,,,,,,,,,,,,,
https://www.traveloka.com/id-id/user/review/consumption/HOTEL/GENERAL/3000010015281,8,38,"Kamar bersih, harga oke. kolam renang bersih. sarapan cukup bervariasi. ada galon aqua di kamar. tidak ada sikat gigi, sandal. overall puas.",Diulas 295 minggu lalu,"https://ik.imagekit.io/tvlk/ugc-review/guys1L+Yyer9kzI3sp-pb0CG1j2bhflZGFUZOoIf1YOBAm37kEUOKR41ieUZm7ZJ/ugc-photo-ap-southeast-1-581603780057-acd24e232f75f09e/ACCOMMODATION/12218469_ACCOMMODATION_1599635995327_e9f389980c14fff1?_src=imagekit&tr=c-at_max,h-100,q-40,w-100",,,,,,,,,,,,,,,,,,,
https://www.traveloka.com/id-id/user/review/consumption/HOTEL/GENERAL/3000010015281,8,39,View bagus...interior bagus..dekat dgn pantai..recomended bgt..tp sarapan kurang bervariasi.,Diulas 296 minggu lalu,"https://ik.imagekit.io/tvlk/ugc-review/guys1L+Yyer9kzI3sp-pb0CG1j2bhflZGFUZOoIf1YOBAm37kEUOKR41ieUZm7ZJ/ugc-photo-ap-southeast-1-581603780057-acd24e232f75f09e/ACCOMMODATION/98344354_ACCOMMODATION_1599432797840_2bc4a12148beefbe?_src=imagekit&tr=c-at_max,h-100,q-40,w-100",,,,,,,,,,,,,,,,,,,
https://www.traveloka.com/id-id/user/review/consumption/HOTEL/GENERAL/3000010015281,8,40,"the best rooftop 😍 senang sekali menginap di hotel ini, kamar nyaman dan sarapannya pun beragam, bikin liburan tambah asik👍🏼",Diulas 296 minggu lalu,"https://ik.imagekit.io/tvlk/ugc-review/guys1L+Yyer9kzI3sp-pb0CG1j2bhflZGFUZOoIf1YOBAm37kEUOKR41ieUZm7ZJ/ugc-photo-ap-southeast-1-581603780057-acd24e232f75f09e/ACCOMMODATION/126927715_ACCOMMODATION_1599282398229_b9134397e63c65be?_src=imagekit&tr=c-at_max,h-100,q-40,w-100",,,,,,,,,,,,,,,,,,,
https://www.traveloka.com/id-id/user/review/consumption/HOTEL/GENERAL/3000010015281,9,1,"Cocok untuk keluarga, nyaman, dekat ke pantai, sarapannya banyak pilihan, spot foto bagus, hanya saja tidak disediakan sandal, kopi, atau teh di kamarnya.",Diulas 296 minggu lalu,"https://ik.imagekit.io/tvlk/ugc-review/guys1L+Yyer9kzI3sp-pb0CG1j2bhflZGFUZOoIf1YOBAm37kEUOKR41ieUZm7ZJ/ugc-photo-ap-southeast-1-581603780057-acd24e232f75f09e/ACCOMMODATION/32461497_ACCOMMODATION_1599281840130_5b9315a18de108be?_src=imagekit&tr=c-at_max,h-80,q-40,w-80","https://ik.imagekit.io/tvlk/ugc-review/guys1L+Yyer9kzI3sp-pb0CG1j2bhflZGFUZOoIf1YOBAm37kEUOKR41ieUZm7ZJ/ugc-photo-ap-southeast-1-581603780057-acd24e232f75f09e/ACCOMMODATION/32461497_ACCOMMODATION_1599281840130_a3276359ddb304fa?_src=imagekit&tr=c-at_max,h-80,q-40,w-80","https://ik.imagekit.io/tvlk/ugc-review/guys1L+Yyer9kzI3sp-pb0CG1j2bhflZGFUZOoIf1YOBAm37kEUOKR41ieUZm7ZJ/ugc-photo-ap-southeast-1-581603780057-acd24e232f75f09e/ACCOMMODATION/32461497_ACCOMMODATION_1599281840131_a6a2abc766723b7f?_src=imagekit&tr=c-at_max,h-80,q-40,w-80","https://ik.imagekit.io/tvlk/ugc-review/guys1L+Yyer9kzI3sp-pb0CG1j2bhflZGFUZOoIf1YOBAm37kEUOKR41ieUZm7ZJ/ugc-photo-ap-southeast-1-581603780057-acd24e232f75f09e/ACCOMMODATION/32461497_ACCOMMODATION_1599281840131_30e8b9ba149f45c7?_src=imagekit&tr=c-at_max,h-80,q-40,w-80","https://ik.imagekit.io/tvlk/ugc-review/guys1L+Yyer9kzI3sp-pb0CG1j2bhflZGFUZOoIf1YOBAm37kEUOKR41ieUZm7ZJ/ugc-photo-ap-southeast-1-581603780057-acd24e232f75f09e/ACCOMMODATION/32461497_ACCOMMODATION_1599281840131_2ea7058e21ddcde9?_src=imagekit&tr=c-at_max,h-80,q-40,w-80","https://ik.imagekit.io/tvlk/ugc-review/guys1L+Yyer9kzI3sp-pb0CG1j2bhflZGFUZOoIf1YOBAm37kEUOKR41ieUZm7ZJ/ugc-photo-ap-southeast-1-581603780057-acd24e232f75f09e/ACCOMMODATION/32461497_ACCOMMODATION_1599281840131_b2fd2b8b508b2f90?_src=imagekit&tr=c-at_max,h-80,q-40,w-80","https://ik.imagekit.io/tvlk/ugc-review/guys1L+Yyer9kzI3sp-pb0CG1j2bhflZGFUZOoIf1YOBAm37kEUOKR41ieUZm7ZJ/ugc-photo-ap-southeast-1-581603780057-acd24e232f75f09e/ACCOMMODATION/32461497_ACCOMMODATION_1599281840131_7ed495971619332f?_src=imagekit&tr=c-at_max,h-80,q-40,w-80","https://ik.imagekit.io/tvlk/ugc-review/guys1L+Yyer9kzI3sp-pb0CG1j2bhflZGFUZOoIf1YOBAm37kEUOKR41ieUZm7ZJ/ugc-photo-ap-southeast-1-581603780057-acd24e232f75f09e/ACCOMMODATION/32461497_ACCOMMODATION_1599281840132_e59b8c3f580d272d?_src=imagekit&tr=c-at_max,h-80,q-40,w-80","https://ik.imagekit.io/tvlk/ugc-review/guys1L+Yyer9kzI3sp-pb0CG1j2bhflZGFUZOoIf1YOBAm37kEUOKR41ieUZm7ZJ/ugc-photo-ap-southeast-1-581603780057-acd24e232f75f09e/ACCOMMODATION/32461497_ACCOMMODATION_1599281840132_bce7cba810468b37?_src=imagekit&tr=c-at_max,h-80,q-40,w-80","https://ik.imagekit.io/tvlk/ugc-review/guys1L+Yyer9kzI3sp-pb0CG1j2bhflZGFUZOoIf1YOBAm37kEUOKR41ieUZm7ZJ/ugc-photo-ap-southeast-1-581603780057-acd24e232f75f09e/ACCOMMODATION/32461497_ACCOMMODATION_1599282049961_c51daf95f0239390?_src=imagekit&tr=c-at_max,h-80,q-40,w-80",,,,,,,,,,
https://www.traveloka.com/id-id/user/review/consumption/HOTEL/GENERAL/3000010015281,9,2,"Kamarnya besar, 2 queen bed yang cukup untuk 4 orang, bersih dan akses langsung ke pantai barat.",Diulas 297 minggu lalu,"https://ik.imagekit.io/tvlk/ugc-review/guys1L+Yyer9kzI3sp-pb0CG1j2bhflZGFUZOoIf1YOBAm37kEUOKR41ieUZm7ZJ/ugc-photo-ap-southeast-1-581603780057-acd24e232f75f09e/ACCOMMODATION/12338143_ACCOMMODATION_1598760060976_265b6b91ada958b1?_src=imagekit&tr=c-at_max,h-100,q-40,w-100",,,,,,,,,,,,,,,,,,,
https://www.traveloka.com/id-id/user/review/consumption/HOTEL/GENERAL/3000010015281,9,3,Kalau ke pangandaran selalu menginapnya disini karena selain hotelnya bagus tapi dekat ke fasilitas lainnya seperti ke pantai dan cagar alam.,Diulas 297 minggu lalu,"https://ik.imagekit.io/tvlk/ugc-review/guys1L+Yyer9kzI3sp-pb0CG1j2bhflZGFUZOoIf1YOBAm37kEUOKR41ieUZm7ZJ/ugc-photo-ap-southeast-1-581603780057-acd24e232f75f09e/ACCOMMODATION/58419380_ACCOMMODATION_1598611260452_ddef8c1d7d9eecf8?_src=imagekit&tr=c-at_max,h-100,q-40,w-100",,,,,,,,,,,,,,,,,,,
https://www.traveloka.com/id-id/user/review/consumption/HOTEL/GENERAL/3000010015281,9,4,Poinnya adalah penginapan ini dekat dengan tempat berenang dan kamarnya cukup luas.,Diulas 298 minggu lalu,"https://ik.imagekit.io/tvlk/ugc-review/guys1L+Yyer9kzI3sp-pb0CG1j2bhflZGFUZOoIf1YOBAm37kEUOKR41ieUZm7ZJ/ugc-photo-ap-southeast-1-581603780057-acd24e232f75f09e/ACCOMMODATION/115907401_ACCOMMODATION_1598294283716_ad7d25468cc801b1?_src=imagekit&tr=c-at_max,h-80,q-40,w-80","https://ik.imagekit.io/tvlk/ugc-review/guys1L+Yyer9kzI3sp-pb0CG1j2bhflZGFUZOoIf1YOBAm37kEUOKR41ieUZm7ZJ/ugc-photo-ap-southeast-1-581603780057-acd24e232f75f09e/ACCOMMODATION/115907401_ACCOMMODATION_1598294283716_72f8b8ce77255e59?_src=imagekit&tr=c-at_max,h-80,q-40,w-80","https://ik.imagekit.io/tvlk/ugc-review/guys1L+Yyer9kzI3sp-pb0CG1j2bhflZGFUZOoIf1YOBAm37kEUOKR41ieUZm7ZJ/ugc-photo-ap-southeast-1-581603780057-acd24e232f75f09e/ACCOMMODATION/115907401_ACCOMMODATION_1598294283716_976dfb93b005ddf7?_src=imagekit&tr=c-at_max,h-80,q-40,w-80","https://ik.imagekit.io/tvlk/ugc-review/guys1L+Yyer9kzI3sp-pb0CG1j2bhflZGFUZOoIf1YOBAm37kEUOKR41ieUZm7ZJ/ugc-photo-ap-southeast-1-581603780057-acd24e232f75f09e/ACCOMMODATION/115907401_ACCOMMODATION_1598294283716_d8429ec98d92674e?_src=imagekit&tr=c-at_max,h-80,q-40,w-80","https://ik.imagekit.io/tvlk/ugc-review/guys1L+Yyer9kzI3sp-pb0CG1j2bhflZGFUZOoIf1YOBAm37kEUOKR41ieUZm7ZJ/ugc-photo-ap-southeast-1-581603780057-acd24e232f75f09e/ACCOMMODATION/115907401_ACCOMMODATION_1598294283717_00f51464309a4956?_src=imagekit&tr=c-at_max,h-80,q-40,w-80","https://ik.imagekit.io/tvlk/ugc-review/guys1L+Yyer9kzI3sp-pb0CG1j2bhflZGFUZOoIf1YOBAm37kEUOKR41ieUZm7ZJ/ugc-photo-ap-southeast-1-581603780057-acd24e232f75f09e/ACCOMMODATION/115907401_ACCOMMODATION_1598294283717_93d8306b1ff875b6?_src=imagekit&tr=c-at_max,h-80,q-40,w-80","https://ik.imagekit.io/tvlk/ugc-review/guys1L+Yyer9kzI3sp-pb0CG1j2bhflZGFUZOoIf1YOBAm37kEUOKR41ieUZm7ZJ/ugc-photo-ap-southeast-1-581603780057-acd24e232f75f09e/ACCOMMODATION/115907401_ACCOMMODATION_1598294283717_76acf03f45a68bcd?_src=imagekit&tr=c-at_max,h-80,q-40,w-80","https://ik.imagekit.io/tvlk/ugc-review/guys1L+Yyer9kzI3sp-pb0CG1j2bhflZGFUZOoIf1YOBAm37kEUOKR41ieUZm7ZJ/ugc-photo-ap-southeast-1-581603780057-acd24e232f75f09e/ACCOMMODATION/115907401_ACCOMMODATION_1598294283717_fbf175f4475cb9b7?_src=imagekit&tr=c-at_max,h-80,q-40,w-80",,,,,,,,,,,,
https://www.traveloka.com/id-id/user/review/consumption/HOTEL/GENERAL/3000010015281,9,5,"Lokasi sangat dekat dengan pantai tapi waktu itu kami tidak ke pantai barat karena terlalu ramai. Kamar cukup luas tapi tidak ada keset di dalam. WiFi payah. Ope makanan lumayan banyak tapi terlalu penuh di ruang makan, mestinya dijadwal seperti hotel yang lain.",Diulas 298 minggu lalu,"https://ik.imagekit.io/tvlk/ugc-review/guys1L+Yyer9kzI3sp-pb0CG1j2bhflZGFUZOoIf1YOBAm37kEUOKR41ieUZm7ZJ/ugc-photo-ap-southeast-1-581603780057-acd24e232f75f09e/ACCOMMODATION/5737355_ACCOMMODATION_1598272494715_4f54d8280d6e2903?_src=imagekit&tr=c-at_max,h-100,q-40,w-100",,,,,,,,,,,,,,,,,,,
https://www.traveloka.com/id-id/user/review/consumption/HOTEL/GENERAL/3000010015281,9,6,"Sarapannya tidak memuaskan dengan harga yang lumayan mahal, tapi pelayanan lumayan ramah sih.",Diulas 298 minggu lalu,"https://ik.imagekit.io/tvlk/ugc-review/guys1L+Yyer9kzI3sp-pb0CG1j2bhflZGFUZOoIf1YOBAm37kEUOKR41ieUZm7ZJ/ugc-photo-ap-southeast-1-581603780057-acd24e232f75f09e/ACCOMMODATION/10653898_ACCOMMODATION_1598251857499_e4742c630efc960e?_src=imagekit&tr=c-at_max,h-100,q-40,w-100",,,,,,,,,,,,,,,,,,,
https://www.traveloka.com/id-id/user/review/consumption/HOTEL/GENERAL/3000010015281,9,7,"Good hotel dan view, thanks the food biasa saja.",Diulas 298 minggu lalu,"https://ik.imagekit.io/tvlk/ugc-review/guys1L+Yyer9kzI3sp-pb0CG1j2bhflZGFUZOoIf1YOBAm37kEUOKR41ieUZm7ZJ/ugc-photo-ap-southeast-1-581603780057-acd24e232f75f09e/ACCOMMODATION/12240162_ACCOMMODATION_1598234885023_cf7fd11fcf7c5041?_src=imagekit&tr=c-at_max,h-80,q-40,w-80","https://ik.imagekit.io/tvlk/ugc-review/guys1L+Yyer9kzI3sp-pb0CG1j2bhflZGFUZOoIf1YOBAm37kEUOKR41ieUZm7ZJ/ugc-photo-ap-southeast-1-581603780057-acd24e232f75f09e/ACCOMMODATION/12240162_ACCOMMODATION_1598234885023_efb9f3359a908eef?_src=imagekit&tr=c-at_max,h-80,q-40,w-80","https://ik.imagekit.io/tvlk/ugc-review/guys1L+Yyer9kzI3sp-pb0CG1j2bhflZGFUZOoIf1YOBAm37kEUOKR41ieUZm7ZJ/ugc-photo-ap-southeast-1-581603780057-acd24e232f75f09e/ACCOMMODATION/12240162_ACCOMMODATION_1598234885024_60d9bb3d2153ab2f?_src=imagekit&tr=c-at_max,h-80,q-40,w-80","https://ik.imagekit.io/tvlk/ugc-review/guys1L+Yyer9kzI3sp-pb0CG1j2bhflZGFUZOoIf1YOBAm37kEUOKR41ieUZm7ZJ/ugc-photo-ap-southeast-1-581603780057-acd24e232f75f09e/ACCOMMODATION/12240162_ACCOMMODATION_1598234885024_b2f2af1396e88b66?_src=imagekit&tr=c-at_max,h-80,q-40,w-80","https://ik.imagekit.io/tvlk/ugc-review/guys1L+Yyer9kzI3sp-pb0CG1j2bhflZGFUZOoIf1YOBAm37kEUOKR41ieUZm7ZJ/ugc-photo-ap-southeast-1-581603780057-acd24e232f75f09e/ACCOMMODATION/12240162_ACCOMMODATION_1598234885024_8730d9866aa280f3?_src=imagekit&tr=c-at_max,h-80,q-40,w-80","https://ik.imagekit.io/tvlk/ugc-review/guys1L+Yyer9kzI3sp-pb0CG1j2bhflZGFUZOoIf1YOBAm37kEUOKR41ieUZm7ZJ/ugc-photo-ap-southeast-1-581603780057-acd24e232f75f09e/ACCOMMODATION/12240162_ACCOMMODATION_1598234885024_2aed69f9b2f395b8?_src=imagekit&tr=c-at_max,h-80,q-40,w-80","https://ik.imagekit.io/tvlk/ugc-review/guys1L+Yyer9kzI3sp-pb0CG1j2bhflZGFUZOoIf1YOBAm37kEUOKR41ieUZm7ZJ/ugc-photo-ap-southeast-1-581603780057-acd24e232f75f09e/ACCOMMODATION/12240162_ACCOMMODATION_1598234885024_6e34176acc52aff3?_src=imagekit&tr=c-at_max,h-80,q-40,w-80","https://ik.imagekit.io/tvlk/ugc-review/guys1L+Yyer9kzI3sp-pb0CG1j2bhflZGFUZOoIf1YOBAm37kEUOKR41ieUZm7ZJ/ugc-photo-ap-southeast-1-581603780057-acd24e232f75f09e/ACCOMMODATION/12240162_ACCOMMODATION_1598234885025_ac444a79ac68bf58?_src=imagekit&tr=c-at_max,h-80,q-40,w-80",,,,,,,,,,,,
https://www.traveloka.com/id-id/user/review/consumption/HOTEL/GENERAL/3000010015281,9,8,"overall nice, tapi sayang sungguh sayang, icon laut biru lantai 7 di kunci rapat rapat😞",Diulas 298 minggu lalu,"https://ik.imagekit.io/tvlk/ugc-review/guys1L+Yyer9kzI3sp-pb0CG1j2bhflZGFUZOoIf1YOBAm37kEUOKR41ieUZm7ZJ/ugc-photo-ap-southeast-1-581603780057-acd24e232f75f09e/ACCOMMODATION/142793335_ACCOMMODATION_1598080425261_d2f0d286582ca811?_src=imagekit&tr=c-at_max,h-100,q-40,w-100",,,,,,,,,,,,,,,,,,,
https://www.traveloka.com/id-id/user/review/consumption/HOTEL/GENERAL/3000010015281,9,9,Sarapannya sayangnya tidak banget sekelas hotel bintang masa sarapannya sederhana banget. Tapi buat kolam renang dan fasilitas lain boleh lah best view in pangandaran.,Diulas 298 minggu lalu,"https://ik.imagekit.io/tvlk/ugc-review/guys1L+Yyer9kzI3sp-pb0CG1j2bhflZGFUZOoIf1YOBAm37kEUOKR41ieUZm7ZJ/ugc-photo-ap-southeast-1-581603780057-acd24e232f75f09e/ACCOMMODATION/5647727_ACCOMMODATION_1598070989615_1f0e2a3b58008232?_src=imagekit&tr=c-at_max,h-100,q-40,w-100","https://ik.imagekit.io/tvlk/ugc-review/guys1L+Yyer9kzI3sp-pb0CG1j2bhflZGFUZOoIf1YOBAm37kEUOKR41ieUZm7ZJ/ugc-photo-ap-southeast-1-581603780057-acd24e232f75f09e/ACCOMMODATION/5647727_ACCOMMODATION_1598070989615_d77514d56825c709?_src=imagekit&tr=c-at_max,h-100,q-40,w-100","https://ik.imagekit.io/tvlk/ugc-review/guys1L+Yyer9kzI3sp-pb0CG1j2bhflZGFUZOoIf1YOBAm37kEUOKR41ieUZm7ZJ/ugc-photo-ap-southeast-1-581603780057-acd24e232f75f09e/ACCOMMODATION/5647727_ACCOMMODATION_1598070989616_4f59200bb086cc4a?_src=imagekit&tr=c-at_max,h-100,q-40,w-100","https://ik.imagekit.io/tvlk/ugc-review/guys1L+Yyer9kzI3sp-pb0CG1j2bhflZGFUZOoIf1YOBAm37kEUOKR41ieUZm7ZJ/ugc-photo-ap-southeast-1-581603780057-acd24e232f75f09e/ACCOMMODATION/5647727_ACCOMMODATION_1598070989617_da3d2787fef7e245?_src=imagekit&tr=c-at_max,h-100,q-40,w-100",,,,,,,,,,,,,,,,
https://www.traveloka.com/id-id/user/review/consumption/HOTEL/GENERAL/3000010015281,9,10,"Kami sekeluarga pilih kamar type family. Cukup luas roomnya di gedung baru. View bagus ke laut pantai barat dan timur dan juga bsa lihat kolam, renang, sarapannya kurang beragam, cuma ada nasi goreng, bubur, roti bakar. Tapi overall cukup bagus dan puas menginap di laut biru.",Diulas 298 minggu lalu,"https://ik.imagekit.io/tvlk/ugc-review/guys1L+Yyer9kzI3sp-pb0CG1j2bhflZGFUZOoIf1YOBAm37kEUOKR41ieUZm7ZJ/ugc-photo-ap-southeast-1-581603780057-acd24e232f75f09e/ACCOMMODATION/8649479_ACCOMMODATION_1597822075524_a045b0475e9fcf9a?_src=imagekit&tr=c-at_max,h-100,q-40,w-100","https://ik.imagekit.io/tvlk/ugc-review/guys1L+Yyer9kzI3sp-pb0CG1j2bhflZGFUZOoIf1YOBAm37kEUOKR41ieUZm7ZJ/ugc-photo-ap-southeast-1-581603780057-acd24e232f75f09e/ACCOMMODATION/8649479_ACCOMMODATION_1597822075525_4406aec95aed4bd7?_src=imagekit&tr=c-at_max,h-100,q-40,w-100",,,,,,,,,,,,,,,,,,
https://www.traveloka.com/id-id/user/review/consumption/HOTEL/GENERAL/3000010015281,9,11,"Hotelnya bersih, karyawannya ramah-ramah dan lokasi dekat dengan pantai.",Diulas 299 minggu lalu,"https://ik.imagekit.io/tvlk/ugc-review/guys1L+Yyer9kzI3sp-pb0CG1j2bhflZGFUZOoIf1YOBAm37kEUOKR41ieUZm7ZJ/ugc-photo-ap-southeast-1-581603780057-acd24e232f75f09e/ACCOMMODATION/13806070_ACCOMMODATION_1597659055521_e2b9ad19c5b76233?_src=imagekit&tr=c-at_max,h-100,q-40,w-100","https://ik.imagekit.io/tvlk/ugc-review/guys1L+Yyer9kzI3sp-pb0CG1j2bhflZGFUZOoIf1YOBAm37kEUOKR41ieUZm7ZJ/ugc-photo-ap-southeast-1-581603780057-acd24e232f75f09e/ACCOMMODATION/13806070_ACCOMMODATION_1597659055521_51df8a169fd31b06?_src=imagekit&tr=c-at_max,h-100,q-40,w-100",,,,,,,,,,,,,,,,,,
https://www.traveloka.com/id-id/user/review/consumption/HOTEL/GENERAL/3000010015281,9,12,"Cukup nyaman, lokasinya yang strategis dekat ke pantai dan tempat belanja.",Diulas 300 minggu lalu,"https://ik.imagekit.io/tvlk/ugc-review/guys1L+Yyer9kzI3sp-pb0CG1j2bhflZGFUZOoIf1YOBAm37kEUOKR41ieUZm7ZJ/ugc-photo-ap-southeast-1-581603780057-acd24e232f75f09e/ACCOMMODATION/5290627_ACCOMMODATION_1596254928197_dfe444eadb5dc398?_src=imagekit&tr=c-at_max,h-100,q-40,w-100","https://ik.imagekit.io/tvlk/ugc-review/guys1L+Yyer9kzI3sp-pb0CG1j2bhflZGFUZOoIf1YOBAm37kEUOKR41ieUZm7ZJ/ugc-photo-ap-southeast-1-581603780057-acd24e232f75f09e/ACCOMMODATION/5290627_ACCOMMODATION_1596254928197_7ff9d976280686dd?_src=imagekit&tr=c-at_max,h-100,q-40,w-100","https://ik.imagekit.io/tvlk/ugc-review/guys1L+Yyer9kzI3sp-pb0CG1j2bhflZGFUZOoIf1YOBAm37kEUOKR41ieUZm7ZJ/ugc-photo-ap-southeast-1-581603780057-acd24e232f75f09e/ACCOMMODATION/5290627_ACCOMMODATION_1596597649945_9017bb0bfb9d2269?_src=imagekit&tr=c-at_max,h-100,q-40,w-100","https://ik.imagekit.io/tvlk/ugc-review/guys1L+Yyer9kzI3sp-pb0CG1j2bhflZGFUZOoIf1YOBAm37kEUOKR41ieUZm7ZJ/ugc-photo-ap-southeast-1-581603780057-acd24e232f75f09e/ACCOMMODATION/5290627_ACCOMMODATION_1596597649945_55dd69f9ce47019f?_src=imagekit&tr=c-at_max,h-100,q-40,w-100","https://ik.imagekit.io/tvlk/ugc-review/guys1L+Yyer9kzI3sp-pb0CG1j2bhflZGFUZOoIf1YOBAm37kEUOKR41ieUZm7ZJ/ugc-photo-ap-southeast-1-581603780057-acd24e232f75f09e/ACCOMMODATION/5290627_ACCOMMODATION_1596597649945_a054f28daa47e645?_src=imagekit&tr=c-at_max,h-100,q-40,w-100",,,,,,,,,,,,,,,
https://www.traveloka.com/id-id/user/review/consumption/HOTEL/GENERAL/3000010015281,9,13,Liburan sama keluarga dan recommended banget.,Diulas 302 minggu lalu,"https://ik.imagekit.io/tvlk/ugc-review/guys1L+Yyer9kzI3sp-pb0CG1j2bhflZGFUZOoIf1YOBAm37kEUOKR41ieUZm7ZJ/ugc-photo-ap-southeast-1-581603780057-acd24e232f75f09e/ACCOMMODATION/37946830_ACCOMMODATION_1595952910344_0837ce8017ce1dcb?_src=imagekit&tr=c-at_max,h-100,q-40,w-100","https://ik.imagekit.io/tvlk/ugc-review/guys1L+Yyer9kzI3sp-pb0CG1j2bhflZGFUZOoIf1YOBAm37kEUOKR41ieUZm7ZJ/ugc-photo-ap-southeast-1-581603780057-acd24e232f75f09e/ACCOMMODATION/37946830_ACCOMMODATION_1595952910344_7c833af50269fc27?_src=imagekit&tr=c-at_max,h-100,q-40,w-100",,,,,,,,,,,,,,,,,,
https://www.traveloka.com/id-id/user/review/consumption/HOTEL/GENERAL/3000010015281,9,14,Satu kekurangannya di breakfast biasa saja kurang bervariatif sekelas bintang 3.,Diulas 302 minggu lalu,"https://ik.imagekit.io/tvlk/ugc-review/guys1L+Yyer9kzI3sp-pb0CG1j2bhflZGFUZOoIf1YOBAm37kEUOKR41ieUZm7ZJ/ugc-photo-ap-southeast-1-581603780057-acd24e232f75f09e/ACCOMMODATION/3580709_ACCOMMODATION_1595923985886_05f012dc6cd4f64a?_src=imagekit&tr=c-at_max,h-100,q-40,w-100",,,,,,,,,,,,,,,,,,,
https://www.traveloka.com/id-id/user/review/consumption/HOTEL/GENERAL/3000010015281,9,15,"Senang sekali menginap disini, dekat dengan pantai barat dan timur, dekat dengan pantai dan dekat pula dengan pasar 😄",Diulas 302 minggu lalu,"https://ik.imagekit.io/tvlk/ugc-review/guys1L+Yyer9kzI3sp-pb0CG1j2bhflZGFUZOoIf1YOBAm37kEUOKR41ieUZm7ZJ/ugc-photo-ap-southeast-1-581603780057-acd24e232f75f09e/ACCOMMODATION/173792193_ACCOMMODATION_1595661751546_7d74e1f48e00bf7d?_src=imagekit&tr=c-at_max,h-100,q-40,w-100",,,,,,,,,,,,,,,,,,,
https://www.traveloka.com/id-id/user/review/consumption/HOTEL/GENERAL/3000010015281,9,16,"Excelent service, kulkas tidak dingin langsung diganti. menu breakfast standar rasanya kurang, 2 hari menginap menu sama. Kolam renang bersih dan anak senang. Near beach, great view. overall good.",Diulas 303 minggu lalu,"https://ik.imagekit.io/tvlk/ugc-review/guys1L+Yyer9kzI3sp-pb0CG1j2bhflZGFUZOoIf1YOBAm37kEUOKR41ieUZm7ZJ/ugc-photo-ap-southeast-1-581603780057-acd24e232f75f09e/ACCOMMODATION/75745358_ACCOMMODATION_1594810547162_a58ecd56d8c65665?_src=imagekit&tr=c-at_max,h-100,q-40,w-100","https://ik.imagekit.io/tvlk/ugc-review/guys1L+Yyer9kzI3sp-pb0CG1j2bhflZGFUZOoIf1YOBAm37kEUOKR41ieUZm7ZJ/ugc-photo-ap-southeast-1-581603780057-acd24e232f75f09e/ACCOMMODATION/75745358_ACCOMMODATION_1594810547162_e5f7e5844b47ce24?_src=imagekit&tr=c-at_max,h-100,q-40,w-100","https://ik.imagekit.io/tvlk/ugc-review/guys1L+Yyer9kzI3sp-pb0CG1j2bhflZGFUZOoIf1YOBAm37kEUOKR41ieUZm7ZJ/ugc-photo-ap-southeast-1-581603780057-acd24e232f75f09e/ACCOMMODATION/75745358_ACCOMMODATION_1594810547163_fbdad8754f151b7d?_src=imagekit&tr=c-at_max,h-100,q-40,w-100","https://ik.imagekit.io/tvlk/ugc-review/guys1L+Yyer9kzI3sp-pb0CG1j2bhflZGFUZOoIf1YOBAm37kEUOKR41ieUZm7ZJ/ugc-photo-ap-southeast-1-581603780057-acd24e232f75f09e/ACCOMMODATION/75745358_ACCOMMODATION_1594810547163_5ea1cd07057c1fa1?_src=imagekit&tr=c-at_max,h-100,q-40,w-100",,,,,,,,,,,,,,,,
https://www.traveloka.com/id-id/user/review/consumption/HOTEL/GENERAL/3000010015281,9,17,Liburan yang sangat happy ditambah tempat menginap yang menyenangkan.,Diulas 303 minggu lalu,"https://ik.imagekit.io/tvlk/ugc-review/guys1L+Yyer9kzI3sp-pb0CG1j2bhflZGFUZOoIf1YOBAm37kEUOKR41ieUZm7ZJ/ugc-photo-ap-southeast-1-581603780057-acd24e232f75f09e/ACCOMMODATION/6196287_ACCOMMODATION_1594829439450_b44944c711ea7430?_src=imagekit&tr=c-at_max,h-80,q-40,w-80","https://ik.imagekit.io/tvlk/ugc-review/guys1L+Yyer9kzI3sp-pb0CG1j2bhflZGFUZOoIf1YOBAm37kEUOKR41ieUZm7ZJ/ugc-photo-ap-southeast-1-581603780057-acd24e232f75f09e/ACCOMMODATION/6196287_ACCOMMODATION_1594829439450_5c29e79718b557f3?_src=imagekit&tr=c-at_max,h-80,q-40,w-80","https://ik.imagekit.io/tvlk/ugc-review/guys1L+Yyer9kzI3sp-pb0CG1j2bhflZGFUZOoIf1YOBAm37kEUOKR41ieUZm7ZJ/ugc-photo-ap-southeast-1-581603780057-acd24e232f75f09e/ACCOMMODATION/6196287_ACCOMMODATION_1594829439450_424028efd2108a44?_src=imagekit&tr=c-at_max,h-80,q-40,w-80","https://ik.imagekit.io/tvlk/ugc-review/guys1L+Yyer9kzI3sp-pb0CG1j2bhflZGFUZOoIf1YOBAm37kEUOKR41ieUZm7ZJ/ugc-photo-ap-southeast-1-581603780057-acd24e232f75f09e/ACCOMMODATION/6196287_ACCOMMODATION_1594829439450_a0df75f235396332?_src=imagekit&tr=c-at_max,h-80,q-40,w-80","https://ik.imagekit.io/tvlk/ugc-review/guys1L+Yyer9kzI3sp-pb0CG1j2bhflZGFUZOoIf1YOBAm37kEUOKR41ieUZm7ZJ/ugc-photo-ap-southeast-1-581603780057-acd24e232f75f09e/ACCOMMODATION/6196287_ACCOMMODATION_1594829439450_68e3287372308587?_src=imagekit&tr=c-at_max,h-80,q-40,w-80","https://ik.imagekit.io/tvlk/ugc-review/guys1L+Yyer9kzI3sp-pb0CG1j2bhflZGFUZOoIf1YOBAm37kEUOKR41ieUZm7ZJ/ugc-photo-ap-southeast-1-581603780057-acd24e232f75f09e/ACCOMMODATION/6196287_ACCOMMODATION_1594829439451_c0a7dfeb328bab27?_src=imagekit&tr=c-at_max,h-80,q-40,w-80","https://ik.imagekit.io/tvlk/ugc-review/guys1L+Yyer9kzI3sp-pb0CG1j2bhflZGFUZOoIf1YOBAm37kEUOKR41ieUZm7ZJ/ugc-photo-ap-southeast-1-581603780057-acd24e232f75f09e/ACCOMMODATION/6196287_ACCOMMODATION_1594829439451_7a1dd1e696c0169b?_src=imagekit&tr=c-at_max,h-80,q-40,w-80","https://ik.imagekit.io/tvlk/ugc-review/guys1L+Yyer9kzI3sp-pb0CG1j2bhflZGFUZOoIf1YOBAm37kEUOKR41ieUZm7ZJ/ugc-photo-ap-southeast-1-581603780057-acd24e232f75f09e/ACCOMMODATION/6196287_ACCOMMODATION_1594829439451_1fac113405160bc6?_src=imagekit&tr=c-at_max,h-80,q-40,w-80",,,,,,,,,,,,
https://www.traveloka.com/id-id/user/review/consumption/HOTEL/GENERAL/3000010015281,9,18,Pengalaman yang menyenangkan bersama keluarga.,Diulas 303 minggu lalu,"https://ik.imagekit.io/tvlk/ugc-review/guys1L+Yyer9kzI3sp-pb0CG1j2bhflZGFUZOoIf1YOBAm37kEUOKR41ieUZm7ZJ/ugc-photo-ap-southeast-1-581603780057-acd24e232f75f09e/ACCOMMODATION/6196287_ACCOMMODATION_1594829205960_b2025929fea26243?_src=imagekit&tr=c-at_max,h-100,q-40,w-100","https://ik.imagekit.io/tvlk/ugc-review/guys1L+Yyer9kzI3sp-pb0CG1j2bhflZGFUZOoIf1YOBAm37kEUOKR41ieUZm7ZJ/ugc-photo-ap-southeast-1-581603780057-acd24e232f75f09e/ACCOMMODATION/6196287_ACCOMMODATION_1594829205960_787b4f58f0392df7?_src=imagekit&tr=c-at_max,h-100,q-40,w-100",,,,,,,,,,,,,,,,,,
https://www.traveloka.com/id-id/user/review/consumption/HOTEL/GENERAL/3000010015281,9,19,Hotel paling recommended kalau kepangandaran.,Diulas 303 minggu lalu,"https://ik.imagekit.io/tvlk/ugc-review/guys1L+Yyer9kzI3sp-pb0CG1j2bhflZGFUZOoIf1YOBAm37kEUOKR41ieUZm7ZJ/ugc-photo-ap-southeast-1-581603780057-acd24e232f75f09e/ACCOMMODATION/6196287_ACCOMMODATION_1594829128885_fe225dea70ed3284?_src=imagekit&tr=c-at_max,h-100,q-40,w-100",,,,,,,,,,,,,,,,,,,
https://www.traveloka.com/id-id/user/review/consumption/HOTEL/GENERAL/3000010015281,9,20,"Bagaimanapun juga, yang terbaik tetaplah yang terbaik.",Diulas 303 minggu lalu,"https://ik.imagekit.io/tvlk/ugc-review/guys1L+Yyer9kzI3sp-pb0CG1j2bhflZGFUZOoIf1YOBAm37kEUOKR41ieUZm7ZJ/ugc-photo-ap-southeast-1-581603780057-acd24e232f75f09e/ACCOMMODATION/6196287_ACCOMMODATION_1594826885815_3ade3042e1c4ec60?_src=imagekit&tr=c-at_max,h-100,q-40,w-100",,,,,,,,,,,,,,,,,,,
https://www.traveloka.com/id-id/user/review/consumption/HOTEL/GENERAL/3000010015281,9,21,"Dapat promo. Tapi yang sitas jadi berjar 1/2 harga suka banget menginap disini ada kepelnya buat berfoto-foto cuma kurangnya WiFi hotel tidak ada semsalainya katah sangat sejang senang sekali sangat oke di hotel tidak tidak sekali, sekali teristonya tedak sekali.",Diulas 303 minggu lalu,"https://ik.imagekit.io/tvlk/ugc-review/guys1L+Yyer9kzI3sp-pb0CG1j2bhflZGFUZOoIf1YOBAm37kEUOKR41ieUZm7ZJ/ugc-photo-ap-southeast-1-581603780057-acd24e232f75f09e/ACCOMMODATION/39144711_ACCOMMODATION_1594809432855_7a993293014eec8e?_src=imagekit&tr=c-at_max,h-100,q-40,w-100","https://ik.imagekit.io/tvlk/ugc-review/guys1L+Yyer9kzI3sp-pb0CG1j2bhflZGFUZOoIf1YOBAm37kEUOKR41ieUZm7ZJ/ugc-photo-ap-southeast-1-581603780057-acd24e232f75f09e/ACCOMMODATION/39144711_ACCOMMODATION_1594808998437_64286803a3ecc7d2?_src=imagekit&tr=c-at_max,h-100,q-40,w-100","https://ik.imagekit.io/tvlk/ugc-review/guys1L+Yyer9kzI3sp-pb0CG1j2bhflZGFUZOoIf1YOBAm37kEUOKR41ieUZm7ZJ/ugc-photo-ap-southeast-1-581603780057-acd24e232f75f09e/ACCOMMODATION/39144711_ACCOMMODATION_1594809332515_f9c1ae12dce98a1c?_src=imagekit&tr=c-at_max,h-100,q-40,w-100","https://ik.imagekit.io/tvlk/ugc-review/guys1L+Yyer9kzI3sp-pb0CG1j2bhflZGFUZOoIf1YOBAm37kEUOKR41ieUZm7ZJ/ugc-photo-ap-southeast-1-581603780057-acd24e232f75f09e/ACCOMMODATION/39144711_ACCOMMODATION_1594809227255_3e64a64b75d86feb?_src=imagekit&tr=c-at_max,h-100,q-40,w-100","https://ik.imagekit.io/tvlk/ugc-review/guys1L+Yyer9kzI3sp-pb0CG1j2bhflZGFUZOoIf1YOBAm37kEUOKR41ieUZm7ZJ/ugc-photo-ap-southeast-1-581603780057-acd24e232f75f09e/ACCOMMODATION/39144711_ACCOMMODATION_1594809070135_583982fba5d80670?_src=imagekit&tr=c-at_max,h-100,q-40,w-100",,,,,,,,,,,,,,,
https://www.traveloka.com/id-id/user/review/consumption/HOTEL/GENERAL/3000010015281,9,22,"Hotel ini nyaman, bersih, dan strategis.",Diulas 304 minggu lalu,"https://ik.imagekit.io/tvlk/ugc-review/guys1L+Yyer9kzI3sp-pb0CG1j2bhflZGFUZOoIf1YOBAm37kEUOKR41ieUZm7ZJ/ugc-photo-ap-southeast-1-581603780057-acd24e232f75f09e/ACCOMMODATION/18973174_ACCOMMODATION_1594572735135_5ec4048789d25802?_src=imagekit&tr=c-at_max,h-100,q-40,w-100",,,,,,,,,,,,,,,,,,,
https://www.traveloka.com/id-id/user/review/consumption/HOTEL/GENERAL/3000010015281,9,23,"Viewnya sangat indah terlihat jelas pantai barat dan pantai timur, crew lumayan ramah, breakfastnya biasa saja. Tapi kami sekeluarga menikmatinya kapan-kapan kalau pengandaran lagi kita menginap di hotel ini lagi. thanks Traveloka.",Diulas 304 minggu lalu,"https://ik.imagekit.io/tvlk/ugc-review/guys1L+Yyer9kzI3sp-pb0CG1j2bhflZGFUZOoIf1YOBAm37kEUOKR41ieUZm7ZJ/ugc-photo-ap-southeast-1-581603780057-acd24e232f75f09e/ACCOMMODATION/19515131_ACCOMMODATION_1594436876745_2a46c250b73fcc64?_src=imagekit&tr=c-at_max,h-100,q-40,w-100","https://ik.imagekit.io/tvlk/ugc-review/guys1L+Yyer9kzI3sp-pb0CG1j2bhflZGFUZOoIf1YOBAm37kEUOKR41ieUZm7ZJ/ugc-photo-ap-southeast-1-581603780057-acd24e232f75f09e/ACCOMMODATION/19515131_ACCOMMODATION_1594436876745_7bfde030375ce599?_src=imagekit&tr=c-at_max,h-100,q-40,w-100",,,,,,,,,,,,,,,,,,
https://www.traveloka.com/id-id/user/review/consumption/HOTEL/GENERAL/3000010015281,9,24,"Tidak ada WiFi seperti yang di promosikan, air AC bocor menyebabkan terpeleset dan cedera di beberapa bagian tubuh, Tutup plafon kamar mandi jatuh menimpa pengguna di bawahnya. Turn our trip into a nightmare.",Diulas 304 minggu lalu,"https://ik.imagekit.io/tvlk/ugc-review/guys1L+Yyer9kzI3sp-pb0CG1j2bhflZGFUZOoIf1YOBAm37kEUOKR41ieUZm7ZJ/ugc-photo-ap-southeast-1-581603780057-acd24e232f75f09e/ACCOMMODATION/48386250_ACCOMMODATION_1594436390221_c00fd2a0575cd8e0?_src=imagekit&tr=c-at_max,h-100,q-40,w-100",,,,,,,,,,,,,,,,,,,
https://www.traveloka.com/id-id/user/review/consumption/HOTEL/GENERAL/3000010015281,9,25,"Secara keseluruhan bagus, menyenangkan, protokol kesehatan dijalankan. Pelayanannya oke👍",Diulas 305 minggu lalu,"https://ik.imagekit.io/tvlk/ugc-review/guys1L+Yyer9kzI3sp-pb0CG1j2bhflZGFUZOoIf1YOBAm37kEUOKR41ieUZm7ZJ/ugc-photo-ap-southeast-1-581603780057-acd24e232f75f09e/ACCOMMODATION/20251007_ACCOMMODATION_1593919415146_f500e05794ebf15b?_src=imagekit&tr=c-at_max,h-100,q-40,w-100",,,,,,,,,,,,,,,,,,,
https://www.traveloka.com/id-id/user/review/consumption/HOTEL/GENERAL/3000010015281,9,26,"Bagus banget, cocok liburan bareng keluarga",Diulas 320 minggu lalu,"https://ik.imagekit.io/tvlk/ugc-review/guys1L+Yyer9kzI3sp-pb0CG1j2bhflZGFUZOoIf1YOBAm37kEUOKR41ieUZm7ZJ/ugc-photo-ap-southeast-1-581603780057-acd24e232f75f09e/ACCOMMODATION/159070597_ACCOMMODATION_1584969576875_31baddb88da662ff?_src=imagekit&tr=c-at_max,h-100,q-40,w-100","https://ik.imagekit.io/tvlk/ugc-review/guys1L+Yyer9kzI3sp-pb0CG1j2bhflZGFUZOoIf1YOBAm37kEUOKR41ieUZm7ZJ/ugc-photo-ap-southeast-1-581603780057-acd24e232f75f09e/ACCOMMODATION/159070597_ACCOMMODATION_1584969576876_355a9c6e94d40b78?_src=imagekit&tr=c-at_max,h-100,q-40,w-100","https://ik.imagekit.io/tvlk/ugc-review/guys1L+Yyer9kzI3sp-pb0CG1j2bhflZGFUZOoIf1YOBAm37kEUOKR41ieUZm7ZJ/ugc-photo-ap-southeast-1-581603780057-acd24e232f75f09e/ACCOMMODATION/159070597_ACCOMMODATION_1584969576876_4f24a2c00a1da204?_src=imagekit&tr=c-at_max,h-100,q-40,w-100","https://ik.imagekit.io/tvlk/ugc-review/guys1L+Yyer9kzI3sp-pb0CG1j2bhflZGFUZOoIf1YOBAm37kEUOKR41ieUZm7ZJ/ugc-photo-ap-southeast-1-581603780057-acd24e232f75f09e/ACCOMMODATION/159070597_ACCOMMODATION_1584969576876_6cc2701db4da0208?_src=imagekit&tr=c-at_max,h-100,q-40,w-100","https://ik.imagekit.io/tvlk/ugc-review/guys1L+Yyer9kzI3sp-pb0CG1j2bhflZGFUZOoIf1YOBAm37kEUOKR41ieUZm7ZJ/ugc-photo-ap-southeast-1-581603780057-acd24e232f75f09e/ACCOMMODATION/159070597_ACCOMMODATION_1584969576876_c28ae49b53c3ab87?_src=imagekit&tr=c-at_max,h-100,q-40,w-100",,,,,,,,,,,,,,,
https://www.traveloka.com/id-id/user/review/consumption/HOTEL/GENERAL/3000010015281,9,27,Hotel ternyaman. viewnya bagus banget pelayanannya bagus check-in juga cepat pas ada kamar ksong langsung boleh masuk tanpa harus menunggu pukul 14. Cuma disini tidak tersedia sendal hotel. Wajib banget kalau ke pangandaran pasti menginap disini lagi.,Diulas 320 minggu lalu,"https://ik.imagekit.io/tvlk/ugc-review/guys1L+Yyer9kzI3sp-pb0CG1j2bhflZGFUZOoIf1YOBAm37kEUOKR41ieUZm7ZJ/ugc-photo-ap-southeast-1-581603780057-acd24e232f75f09e/ACCOMMODATION/16430611_ACCOMMODATION_1584524316352_f76b3f6040b3efb6?_src=imagekit&tr=c-at_max,h-100,q-40,w-100","https://ik.imagekit.io/tvlk/ugc-review/guys1L+Yyer9kzI3sp-pb0CG1j2bhflZGFUZOoIf1YOBAm37kEUOKR41ieUZm7ZJ/ugc-photo-ap-southeast-1-581603780057-acd24e232f75f09e/ACCOMMODATION/16430611_ACCOMMODATION_1584524316352_ecb6b232c5036341?_src=imagekit&tr=c-at_max,h-100,q-40,w-100","https://ik.imagekit.io/tvlk/ugc-review/guys1L+Yyer9kzI3sp-pb0CG1j2bhflZGFUZOoIf1YOBAm37kEUOKR41ieUZm7ZJ/ugc-photo-ap-southeast-1-581603780057-acd24e232f75f09e/ACCOMMODATION/16430611_ACCOMMODATION_1584524316352_3e79ef724c0c6fc4?_src=imagekit&tr=c-at_max,h-100,q-40,w-100",,,,,,,,,,,,,,,,,
https://www.traveloka.com/id-id/user/review/consumption/HOTEL/GENERAL/3000010015281,9,28,"Saya suka betapa lezatnya hidangan ini, hanya saja 😂",Diulas 323 minggu lalu,"https://ik.imagekit.io/tvlk/ugc-review/guys1L+Yyer9kzI3sp-pb0CG1j2bhflZGFUZOoIf1YOBAm37kEUOKR41ieUZm7ZJ/ugc-photo-ap-southeast-1-581603780057-acd24e232f75f09e/ACCOMMODATION/11614710_ACCOMMODATION_1583118076280_fe41ad386ff2e3ef?_src=imagekit&tr=c-at_max,h-100,q-40,w-100",,,,,,,,,,,,,,,,,,,
https://www.traveloka.com/id-id/user/review/consumption/HOTEL/GENERAL/3000010015281,9,29,"Hotel lumayan bagus kamarnya luas, kolam renang bagus, hanya saja di kamar tidak disediakan sendal hotel, sikat gigi, sabun dan sampo ada, Air disediakan 1 galon, ada kulkas, Saat datang petugas ada banyak tapi tidak ada satupun yang menawarkan untuk membantu membawakan barang padahal ada trolly angkut barang, Padahal satu lift dengan petugas hotel, Saat sampai dekat kamar ada salah satu staf hotel yang membantu membukakan pintu dan saat tidak berfungsi membantu mengkonfirmasi, Membuka dan menukarkan kartu baru, sarapan cukup enak sih, ada nasi goreng, mie goreng dan telur, soto ayam, roti, menuman orange jus, teh kopi, Petugas cukup ramah, ada kaptelnya yang instagrammable.",Diulas 324 minggu lalu,"https://ik.imagekit.io/tvlk/ugc-review/guys1L+Yyer9kzI3sp-pb0CG1j2bhflZGFUZOoIf1YOBAm37kEUOKR41ieUZm7ZJ/ugc-photo-ap-southeast-1-581603780057-acd24e232f75f09e/ACCOMMODATION/16957664_ACCOMMODATION_1582538352046_50054911a95f713d?_src=imagekit&tr=c-at_max,h-100,q-40,w-100","https://ik.imagekit.io/tvlk/ugc-review/guys1L+Yyer9kzI3sp-pb0CG1j2bhflZGFUZOoIf1YOBAm37kEUOKR41ieUZm7ZJ/ugc-photo-ap-southeast-1-581603780057-acd24e232f75f09e/ACCOMMODATION/16957664_ACCOMMODATION_1582538352047_25e9ca9b4f698022?_src=imagekit&tr=c-at_max,h-100,q-40,w-100","https://ik.imagekit.io/tvlk/ugc-review/guys1L+Yyer9kzI3sp-pb0CG1j2bhflZGFUZOoIf1YOBAm37kEUOKR41ieUZm7ZJ/ugc-photo-ap-southeast-1-581603780057-acd24e232f75f09e/ACCOMMODATION/16957664_ACCOMMODATION_1582538352047_c8048cffb0e867f0?_src=imagekit&tr=c-at_max,h-100,q-40,w-100",,,,,,,,,,,,,,,,,
https://www.traveloka.com/id-id/user/review/consumption/HOTEL/GENERAL/3000010015281,9,30,"Service : 4/5 good helpful housekeepingnya org di restonya juga baik bgt kt kan 12an gt mau makan makanan dari nelayan masakin gt jd ga ada tempat eh boleh minjem ruang makannya (4 meja dijejerin dari sananya) mungkin krn low season n emang ga dipake juga kali ya so kind♡ staffnya jg ramah n mau membantu pas minta tolong foto2 di lantai 7 hehe room : 3.5/5 above average enak sih dpt yang di hotel baru tp sayang ac di salah satu kamar ada yang bocor 😅 trs di kamar mandiny agak bau risol gt aku sih gpp cmn tmn ada yg protes, kamar aku ngga bau sih wkwkwk viewnya dapet enak ke kolam renang yay sisanya bersih n nyaman facilities : 4/5 good ada kolam renang yang bersih n ga banyak kaporitnya, aku kalo berenang ga pake kacamata renangkan jadi kerasa kalo banyak kaporit auto pedih n bau nyengat gt nah ini ngga good job wkwk kalo kesini wajib bgt foto2 di lantai 7 nya wkwkwk ada chapel gt dari kaca2 n view pangdar jelas bgt (foto paling akhir) hotel amenities : 3/5 average ada sabun odol sikat gigi handuk yang bersih sama disediain aqua galon per kamar (ini sih terbaiknya di laut biru) jadi gausab repot2 refill botol pas breakfast 🤣 breakfast : 3/5 average biasa aja sih makanannya tapi aku sangat suka sup kacang ijonya enak bangett sampe nambah 3x, di hari kdua bahkan 4/5x overall : 3.5 above average.. Tapi kalau dibanding hotel2 lainnya kayaknya aku kasih 4.5/5 deh untuk hotelnya krn secara lokasi, gedung besar, kamar luas, fasilitas apalagi jajanan diluar hotelnya dah terbaik tapi sayang aja ga ada kamar buat 2an doang.",Diulas 325 minggu lalu,"https://ik.imagekit.io/tvlk/ugc-review/guys1L+Yyer9kzI3sp-pb0CG1j2bhflZGFUZOoIf1YOBAm37kEUOKR41ieUZm7ZJ/ugc-photo-ap-southeast-1-581603780057-acd24e232f75f09e/ACCOMMODATION/96891226_ACCOMMODATION_1581640424768_2eb603874a3f797a?_src=imagekit&tr=c-at_max,h-100,q-40,w-100","https://ik.imagekit.io/tvlk/ugc-review/guys1L+Yyer9kzI3sp-pb0CG1j2bhflZGFUZOoIf1YOBAm37kEUOKR41ieUZm7ZJ/ugc-photo-ap-southeast-1-581603780057-acd24e232f75f09e/ACCOMMODATION/96891226_ACCOMMODATION_1581640424768_f96843c3a077c74a?_src=imagekit&tr=c-at_max,h-100,q-40,w-100","https://ik.imagekit.io/tvlk/ugc-review/guys1L+Yyer9kzI3sp-pb0CG1j2bhflZGFUZOoIf1YOBAm37kEUOKR41ieUZm7ZJ/ugc-photo-ap-southeast-1-581603780057-acd24e232f75f09e/ACCOMMODATION/96891226_ACCOMMODATION_1581640424769_152bf749a2609b70?_src=imagekit&tr=c-at_max,h-100,q-40,w-100",,,,,,,,,,,,,,,,,
https://www.traveloka.com/id-id/user/review/consumption/HOTEL/GENERAL/3000010015281,9,31,Kamar tidak bersih dan pendingin udara tidak terlalu dingin seperti yang diharapkan orang. Tempat parkir terbatas dan keramahtamahannya di bawah rata-rata,Diulas 326 minggu lalu,"https://ik.imagekit.io/tvlk/ugc-review/guys1L+Yyer9kzI3sp-pb0CG1j2bhflZGFUZOoIf1YOBAm37kEUOKR41ieUZm7ZJ/ugc-photo-ap-southeast-1-581603780057-acd24e232f75f09e/ACCOMMODATION/14259370_ACCOMMODATION_1581070903614_a55e8a28930e3481?_src=imagekit&tr=c-at_max,h-100,q-40,w-100","https://ik.imagekit.io/tvlk/ugc-review/guys1L+Yyer9kzI3sp-pb0CG1j2bhflZGFUZOoIf1YOBAm37kEUOKR41ieUZm7ZJ/ugc-photo-ap-southeast-1-581603780057-acd24e232f75f09e/ACCOMMODATION/14259370_ACCOMMODATION_1581070903614_c17b00afcb6110ad?_src=imagekit&tr=c-at_max,h-100,q-40,w-100","https://ik.imagekit.io/tvlk/ugc-review/guys1L+Yyer9kzI3sp-pb0CG1j2bhflZGFUZOoIf1YOBAm37kEUOKR41ieUZm7ZJ/ugc-photo-ap-southeast-1-581603780057-acd24e232f75f09e/ACCOMMODATION/14259370_ACCOMMODATION_1581070903615_740e34b5d0c6c8a3?_src=imagekit&tr=c-at_max,h-100,q-40,w-100",,,,,,,,,,,,,,,,,
https://www.traveloka.com/id-id/user/review/consumption/HOTEL/GENERAL/3000010015281,9,32,"Kalau ke pangandaran selalu nginepnya di laut biru. Tidak pernah pindah ke lain hotel. Mungkin karena posisi hotelnya yang strategis ya mau ke pantai timur dekat pantai barat tinggal ngesot sampai. kamar juga oke banget, Fasilit terbilang bokelah di punya 2 pool gt, terus ada seperti kapel di bagian atas yang instagramable banget kan ya.",Diulas 327 minggu lalu,"https://ik.imagekit.io/tvlk/ugc-review/guys1L+Yyer9kzI3sp-pb0CG1j2bhflZGFUZOoIf1YOBAm37kEUOKR41ieUZm7ZJ/ugc-photo-ap-southeast-1-581603780057-acd24e232f75f09e/ACCOMMODATION/13703471_ACCOMMODATION_1580550081880_fb4f3482a1fd9c5b?_src=imagekit&tr=c-at_max,h-100,q-40,w-100",,,,,,,,,,,,,,,,,,,
https://www.traveloka.com/id-id/user/review/consumption/HOTEL/GENERAL/3000010015281,9,33,Mba mba yang sebelah kanan. Pelayanan tidak ramah. Pelayanan tidak memuaskan. Pelayanan tidak baik..,Diulas 328 minggu lalu,"https://ik.imagekit.io/tvlk/ugc-review/guys1L+Yyer9kzI3sp-pb0CG1j2bhflZGFUZOoIf1YOBAm37kEUOKR41ieUZm7ZJ/ugc-photo-ap-southeast-1-581603780057-acd24e232f75f09e/ACCOMMODATION/86160857_ACCOMMODATION_1580004176506_c4c1bbcda2b16817?_src=imagekit&tr=c-at_max,h-100,q-40,w-100",,,,,,,,,,,,,,,,,,,
https://www.traveloka.com/id-id/user/review/consumption/HOTEL/GENERAL/3000010015281,9,34,"Pengalaman menginap di hotel laut biru sangat menyenangkan, anak-anak suka, kamarnya besar dan bersih, kolam renangnya bikin anak-anak suka, Makanannya lumayan. dekat dengan pantai barat dan timur. Next time mungkin menginap disini lagi.",Diulas 328 minggu lalu,"https://ik.imagekit.io/tvlk/ugc-review/guys1L+Yyer9kzI3sp-pb0CG1j2bhflZGFUZOoIf1YOBAm37kEUOKR41ieUZm7ZJ/ugc-photo-ap-southeast-1-581603780057-acd24e232f75f09e/ACCOMMODATION/160168766_ACCOMMODATION_1579681752263_113c881477207b37?_src=imagekit&tr=c-at_max,h-100,q-40,w-100","https://ik.imagekit.io/tvlk/ugc-review/guys1L+Yyer9kzI3sp-pb0CG1j2bhflZGFUZOoIf1YOBAm37kEUOKR41ieUZm7ZJ/ugc-photo-ap-southeast-1-581603780057-acd24e232f75f09e/ACCOMMODATION/160168766_ACCOMMODATION_1579681752263_d02eeaf341d61590?_src=imagekit&tr=c-at_max,h-100,q-40,w-100","https://ik.imagekit.io/tvlk/ugc-review/guys1L+Yyer9kzI3sp-pb0CG1j2bhflZGFUZOoIf1YOBAm37kEUOKR41ieUZm7ZJ/ugc-photo-ap-southeast-1-581603780057-acd24e232f75f09e/ACCOMMODATION/160168766_ACCOMMODATION_1579681752264_842bbd6f968e0b72?_src=imagekit&tr=c-at_max,h-100,q-40,w-100","https://ik.imagekit.io/tvlk/ugc-review/guys1L+Yyer9kzI3sp-pb0CG1j2bhflZGFUZOoIf1YOBAm37kEUOKR41ieUZm7ZJ/ugc-photo-ap-southeast-1-581603780057-acd24e232f75f09e/ACCOMMODATION/160168766_ACCOMMODATION_1579681752264_bf73266f78381448?_src=imagekit&tr=c-at_max,h-100,q-40,w-100","https://ik.imagekit.io/tvlk/ugc-review/guys1L+Yyer9kzI3sp-pb0CG1j2bhflZGFUZOoIf1YOBAm37kEUOKR41ieUZm7ZJ/ugc-photo-ap-southeast-1-581603780057-acd24e232f75f09e/ACCOMMODATION/160168766_ACCOMMODATION_1579681752264_770f91f9e075da4b?_src=imagekit&tr=c-at_max,h-100,q-40,w-100",,,,,,,,,,,,,,,
https://www.traveloka.com/id-id/user/review/consumption/HOTEL/GENERAL/3000010015281,9,35,"Tempat sangat strategis, dekat dengan pantai timur maupun pantai barat, dengan view yang indah, sangat cocok untuk liburan keluarga, bulan madu, Maupun bersama teman. view yang indah menghadap laut sangat instagramable. pelayanan yang cepat, tidak susah, Dan profesional menambah kenyamanan saat menginap. Recommended.",Diulas 329 minggu lalu,"https://ik.imagekit.io/tvlk/ugc-review/guys1L+Yyer9kzI3sp-pb0CG1j2bhflZGFUZOoIf1YOBAm37kEUOKR41ieUZm7ZJ/ugc-photo-ap-southeast-1-581603780057-acd24e232f75f09e/ACCOMMODATION/22612367_ACCOMMODATION_1579575821640_6b3f1a70e738ac03?_src=imagekit&tr=c-at_max,h-80,q-40,w-80","https://ik.imagekit.io/tvlk/ugc-review/guys1L+Yyer9kzI3sp-pb0CG1j2bhflZGFUZOoIf1YOBAm37kEUOKR41ieUZm7ZJ/ugc-photo-ap-southeast-1-581603780057-acd24e232f75f09e/ACCOMMODATION/22612367_ACCOMMODATION_1579575821641_dec481b5df2f24f4?_src=imagekit&tr=c-at_max,h-80,q-40,w-80","https://ik.imagekit.io/tvlk/ugc-review/guys1L+Yyer9kzI3sp-pb0CG1j2bhflZGFUZOoIf1YOBAm37kEUOKR41ieUZm7ZJ/ugc-photo-ap-southeast-1-581603780057-acd24e232f75f09e/ACCOMMODATION/22612367_ACCOMMODATION_1579575821642_f3fd5d1c66d499cf?_src=imagekit&tr=c-at_max,h-80,q-40,w-80","https://ik.imagekit.io/tvlk/ugc-review/guys1L+Yyer9kzI3sp-pb0CG1j2bhflZGFUZOoIf1YOBAm37kEUOKR41ieUZm7ZJ/ugc-photo-ap-southeast-1-581603780057-acd24e232f75f09e/ACCOMMODATION/22612367_ACCOMMODATION_1579575821643_75fd3ec37e8512e7?_src=imagekit&tr=c-at_max,h-80,q-40,w-80","https://ik.imagekit.io/tvlk/ugc-review/guys1L+Yyer9kzI3sp-pb0CG1j2bhflZGFUZOoIf1YOBAm37kEUOKR41ieUZm7ZJ/ugc-photo-ap-southeast-1-581603780057-acd24e232f75f09e/ACCOMMODATION/22612367_ACCOMMODATION_1579575821643_c040d1cdb0a0b51e?_src=imagekit&tr=c-at_max,h-80,q-40,w-80","https://ik.imagekit.io/tvlk/ugc-review/guys1L+Yyer9kzI3sp-pb0CG1j2bhflZGFUZOoIf1YOBAm37kEUOKR41ieUZm7ZJ/ugc-photo-ap-southeast-1-581603780057-acd24e232f75f09e/ACCOMMODATION/22612367_ACCOMMODATION_1579575821643_8849bd9cff046525?_src=imagekit&tr=c-at_max,h-80,q-40,w-80","https://ik.imagekit.io/tvlk/ugc-review/guys1L+Yyer9kzI3sp-pb0CG1j2bhflZGFUZOoIf1YOBAm37kEUOKR41ieUZm7ZJ/ugc-photo-ap-southeast-1-581603780057-acd24e232f75f09e/ACCOMMODATION/22612367_ACCOMMODATION_1579576242992_ce030eeb1eedd1d0?_src=imagekit&tr=c-at_max,h-80,q-40,w-80","https://ik.imagekit.io/tvlk/ugc-review/guys1L+Yyer9kzI3sp-pb0CG1j2bhflZGFUZOoIf1YOBAm37kEUOKR41ieUZm7ZJ/ugc-photo-ap-southeast-1-581603780057-acd24e232f75f09e/ACCOMMODATION/22612367_ACCOMMODATION_1579576242992_885b454a9ada69dd?_src=imagekit&tr=c-at_max,h-80,q-40,w-80",,,,,,,,,,,,
https://www.traveloka.com/id-id/user/review/consumption/HOTEL/GENERAL/3000010015281,9,36,"kamar bersih . pelayanan ok . staf ramah . cocok kalau bawa anak kecil . kolam sama arena bermain.nya bikin anak betah .. ketentuan.nya checkout jam 12 . tapi jam 11 kunci kamar udah dmati'in .. sarapan enak apalagi kalau dtambah buah""an .. overall memuaskan ..",Diulas 329 minggu lalu,"https://ik.imagekit.io/tvlk/ugc-review/guys1L+Yyer9kzI3sp-pb0CG1j2bhflZGFUZOoIf1YOBAm37kEUOKR41ieUZm7ZJ/ugc-photo-ap-southeast-1-581603780057-acd24e232f75f09e/ACCOMMODATION/14961267_ACCOMMODATION_1579579175532_db6125cc85155ee3?_src=imagekit&tr=c-at_max,h-100,q-40,w-100",,,,,,,,,,,,,,,,,,,
https://www.traveloka.com/id-id/user/review/consumption/HOTEL/GENERAL/3000010015281,9,37,"Hotelnya bagus untuk bintang 3 bisa liat pemandangan laut dari atas gedung, posisi hotel depan pantai, anak saya suka bermain di kolam renang, Ada playground juga, untuk sdmnya mungkin kurang jadi agak ditambah, dari bawah sampai kamar di lantai 6 saya yang bawa sendiri barangnya.",Diulas 329 minggu lalu,"https://ik.imagekit.io/tvlk/ugc-review/guys1L+Yyer9kzI3sp-pb0CG1j2bhflZGFUZOoIf1YOBAm37kEUOKR41ieUZm7ZJ/ugc-photo-ap-southeast-1-581603780057-acd24e232f75f09e/ACCOMMODATION/51659570_ACCOMMODATION_1579451537003_41c08fb2474d5cf3?_src=imagekit&tr=c-at_max,h-100,q-40,w-100","https://ik.imagekit.io/tvlk/ugc-review/guys1L+Yyer9kzI3sp-pb0CG1j2bhflZGFUZOoIf1YOBAm37kEUOKR41ieUZm7ZJ/ugc-photo-ap-southeast-1-581603780057-acd24e232f75f09e/ACCOMMODATION/51659570_ACCOMMODATION_1579451537003_cad045068a9807a6?_src=imagekit&tr=c-at_max,h-100,q-40,w-100","https://ik.imagekit.io/tvlk/ugc-review/guys1L+Yyer9kzI3sp-pb0CG1j2bhflZGFUZOoIf1YOBAm37kEUOKR41ieUZm7ZJ/ugc-photo-ap-southeast-1-581603780057-acd24e232f75f09e/ACCOMMODATION/51659570_ACCOMMODATION_1579451537004_017ca21902ee5afb?_src=imagekit&tr=c-at_max,h-100,q-40,w-100",,,,,,,,,,,,,,,,,
https://www.traveloka.com/id-id/user/review/consumption/HOTEL/GENERAL/3000010015281,9,38,"Cozy place, dekat pasar ikan pantai timur ada spot photo menarik di rooftop.",Diulas 329 minggu lalu,"https://ik.imagekit.io/tvlk/ugc-review/guys1L+Yyer9kzI3sp-pb0CG1j2bhflZGFUZOoIf1YOBAm37kEUOKR41ieUZm7ZJ/ugc-photo-ap-southeast-1-581603780057-acd24e232f75f09e/ACCOMMODATION/4498909_ACCOMMODATION_1579101243118_3a3e0dee99a43bc7?_src=imagekit&tr=c-at_max,h-100,q-40,w-100",,,,,,,,,,,,,,,,,,,
https://www.traveloka.com/id-id/user/review/consumption/HOTEL/GENERAL/3000010015281,9,39,"Saya sangat menikmati menginap di laut biru hotel 10 januari 2020, lokasi hotel sangat strategis, dekat ke pantai barat dan pantai timur, Dapat kamar di lantai 5, new family room, ruang luas 2 king bed, tidak ada sandal hotel, pemanas air sudah harus diganti juragan, Mau memanaskan air dari aqua galon menjadi keruh, air panas di kamar mandi lama keluarnya, kamar mandi kotor, cover bed dan selimut banyak noda, Sarapan pagi kurang variatif, buah buahan (hanya pepaya dan semangka dengan irisan kecil) kehabisan dan tidak segera di-refill, Bertepatan dengan acara dangdutan dari subang suara musik sangat mengganggu.",Diulas 330 minggu lalu,"https://ik.imagekit.io/tvlk/ugc-review/guys1L+Yyer9kzI3sp-pb0CG1j2bhflZGFUZOoIf1YOBAm37kEUOKR41ieUZm7ZJ/ugc-photo-ap-southeast-1-581603780057-acd24e232f75f09e/ACCOMMODATION/18932045_ACCOMMODATION_1578750162586_20a1d55a5079e8fe?_src=imagekit&tr=c-at_max,h-100,q-40,w-100","https://ik.imagekit.io/tvlk/ugc-review/guys1L+Yyer9kzI3sp-pb0CG1j2bhflZGFUZOoIf1YOBAm37kEUOKR41ieUZm7ZJ/ugc-photo-ap-southeast-1-581603780057-acd24e232f75f09e/ACCOMMODATION/18932045_ACCOMMODATION_1578750162586_a5314416db9f1a40?_src=imagekit&tr=c-at_max,h-100,q-40,w-100","https://ik.imagekit.io/tvlk/ugc-review/guys1L+Yyer9kzI3sp-pb0CG1j2bhflZGFUZOoIf1YOBAm37kEUOKR41ieUZm7ZJ/ugc-photo-ap-southeast-1-581603780057-acd24e232f75f09e/ACCOMMODATION/18932045_ACCOMMODATION_1578750162587_95ecec297395d413?_src=imagekit&tr=c-at_max,h-100,q-40,w-100","https://ik.imagekit.io/tvlk/ugc-review/guys1L+Yyer9kzI3sp-pb0CG1j2bhflZGFUZOoIf1YOBAm37kEUOKR41ieUZm7ZJ/ugc-photo-ap-southeast-1-581603780057-acd24e232f75f09e/ACCOMMODATION/18932045_ACCOMMODATION_1578750162587_879e8f9780213d0d?_src=imagekit&tr=c-at_max,h-100,q-40,w-100",,,,,,,,,,,,,,,,
https://www.traveloka.com/id-id/user/review/consumption/HOTEL/GENERAL/3000010015281,9,40,"Ini adalah hotel yang sangat akses bagi pengguna k.roda seperti saya. Saya bisa naik turun, keluar masuk hotel dengan sangat leluasa dengan adanya Ramp yang berada dari pintu masuk, basement sampai lantai tertingginya. Saya juga tidak mengalami kesulitan dan menggunakan toilet yang cukup besar dan leluasa untuk dimasuki oleh k.roda. Terima kasih hotel Laut Biru... ❤️",Diulas 330 minggu lalu,"https://ik.imagekit.io/tvlk/ugc-review/guys1L+Yyer9kzI3sp-pb0CG1j2bhflZGFUZOoIf1YOBAm37kEUOKR41ieUZm7ZJ/ugc-photo-ap-southeast-1-581603780057-acd24e232f75f09e/ACCOMMODATION/4990043_ACCOMMODATION_1578632284611_62af5c8af70f929b?_src=imagekit&tr=c-at_max,h-100,q-40,w-100","https://ik.imagekit.io/tvlk/ugc-review/guys1L+Yyer9kzI3sp-pb0CG1j2bhflZGFUZOoIf1YOBAm37kEUOKR41ieUZm7ZJ/ugc-photo-ap-southeast-1-581603780057-acd24e232f75f09e/ACCOMMODATION/4990043_ACCOMMODATION_1578632284611_cee55b91588fbe90?_src=imagekit&tr=c-at_max,h-100,q-40,w-100",,,,,,,,,,,,,,,,,,
https://www.traveloka.com/id-id/user/review/consumption/HOTEL/GENERAL/3000010015281,10,1,"Pantai pangandaran sekarang jadi lebih rapi dan bersih, selalu menginap di laut biru hotel setiap ke pangandaran, karena kolam renangnya difasilitasi dengan mainan anak. Kamarnya bisa untuk 4 orang karena diisi dengan 2 king size bed. Staf semua ramah serta cepat bertindak, saat kamar mandi mampet dan air keluar ke kamar, langsung diperbaiki dan tidak mampet lagi, sarapan so so, tapi jangan khawatir laut biru letaknya persis sebelahan dengan kfc dan banyak pedagang makanan di depan hotel. Sukses terus laut biru hotel, Thanks Traveloka untuk kemudahan booking hotel dengan promo!",Diulas 330 minggu lalu,"https://ik.imagekit.io/tvlk/ugc-review/guys1L+Yyer9kzI3sp-pb0CG1j2bhflZGFUZOoIf1YOBAm37kEUOKR41ieUZm7ZJ/ugc-photo-ap-southeast-1-581603780057-acd24e232f75f09e/ACCOMMODATION/49577254_ACCOMMODATION_1578624640179_b46add627368dfa2?_src=imagekit&tr=c-at_max,h-100,q-40,w-100",,,,,,,,,,,,,,,,,,,
https://www.traveloka.com/id-id/user/review/consumption/HOTEL/GENERAL/3000010015281,10,2,Lumayan memuaskan kekurangannya di ruang C501 tidak ada handuk terus kamar bocor dari sela-sela jendela ketika hujan tolong diperbaiki jendela yang dekat 2 kasur.,Diulas 330 minggu lalu,"https://ik.imagekit.io/tvlk/ugc-review/guys1L+Yyer9kzI3sp-pb0CG1j2bhflZGFUZOoIf1YOBAm37kEUOKR41ieUZm7ZJ/ugc-photo-ap-southeast-1-581603780057-acd24e232f75f09e/ACCOMMODATION/15993773_ACCOMMODATION_1578470683406_35c4ff854e263faa?_src=imagekit&tr=c-at_max,h-100,q-40,w-100",,,,,,,,,,,,,,,,,,,
https://www.traveloka.com/id-id/user/review/consumption/HOTEL/GENERAL/3000010015281,10,3,"Saya dan keluarga sangat menikmati stay di hotel ini. Yang kurang hanya proses check in agak lama, dan check out ternyata pukul 11:00 sehingga saat saya baru mau masuk kamar, pintu tidak bisa terbuka. Untung saat itu sedang ada staff, jadi tidak perlu turun ke bawah dulu.",Diulas 330 minggu lalu,"https://ik.imagekit.io/tvlk/ugc-review/guys1L+Yyer9kzI3sp-pb0CG1j2bhflZGFUZOoIf1YOBAm37kEUOKR41ieUZm7ZJ/ugc-photo-ap-southeast-1-581603780057-acd24e232f75f09e/ACCOMMODATION/101696222_ACCOMMODATION_1578445025008_154faddd21bf2944?_src=imagekit&tr=c-at_max,h-100,q-40,w-100","https://ik.imagekit.io/tvlk/ugc-review/guys1L+Yyer9kzI3sp-pb0CG1j2bhflZGFUZOoIf1YOBAm37kEUOKR41ieUZm7ZJ/ugc-photo-ap-southeast-1-581603780057-acd24e232f75f09e/ACCOMMODATION/101696222_ACCOMMODATION_1578445025008_baf821cfe5c0e05a?_src=imagekit&tr=c-at_max,h-100,q-40,w-100",,,,,,,,,,,,,,,,,,
https://www.traveloka.com/id-id/user/review/consumption/HOTEL/GENERAL/3000010015281,10,4,Sangat menyenangkan. Tempatnya bagus banget.,Diulas 331 minggu lalu,"https://ik.imagekit.io/tvlk/ugc-review/guys1L+Yyer9kzI3sp-pb0CG1j2bhflZGFUZOoIf1YOBAm37kEUOKR41ieUZm7ZJ/ugc-photo-ap-southeast-1-581603780057-acd24e232f75f09e/ACCOMMODATION/33658190_ACCOMMODATION_1577928497230_34c1c97daa8f4174?_src=imagekit&tr=c-at_max,h-100,q-40,w-100","https://ik.imagekit.io/tvlk/ugc-review/guys1L+Yyer9kzI3sp-pb0CG1j2bhflZGFUZOoIf1YOBAm37kEUOKR41ieUZm7ZJ/ugc-photo-ap-southeast-1-581603780057-acd24e232f75f09e/ACCOMMODATION/33658190_ACCOMMODATION_1577928497231_8e54ed2d5a9774f1?_src=imagekit&tr=c-at_max,h-100,q-40,w-100","https://ik.imagekit.io/tvlk/ugc-review/guys1L+Yyer9kzI3sp-pb0CG1j2bhflZGFUZOoIf1YOBAm37kEUOKR41ieUZm7ZJ/ugc-photo-ap-southeast-1-581603780057-acd24e232f75f09e/ACCOMMODATION/33658190_ACCOMMODATION_1577928497231_2a4fc739e36e0960?_src=imagekit&tr=c-at_max,h-100,q-40,w-100",,,,,,,,,,,,,,,,,
https://www.traveloka.com/id-id/user/review/consumption/HOTEL/GENERAL/3000010015281,10,5,"Menyenangkan sekali menginap di hotel laut biru ini, meskipun sarapannya kurang bervariasi, tapi terobati dengan pelayanan dan fasilitas yang ada. Thanks yous liburan liburan kelangga kami menjadi lebih seru.",Diulas 331 minggu lalu,"https://ik.imagekit.io/tvlk/ugc-review/guys1L+Yyer9kzI3sp-pb0CG1j2bhflZGFUZOoIf1YOBAm37kEUOKR41ieUZm7ZJ/ugc-photo-ap-southeast-1-581603780057-acd24e232f75f09e/ACCOMMODATION/158898058_ACCOMMODATION_1578371880902_85190497c4a0ad82?_src=imagekit&tr=c-at_max,h-100,q-40,w-100","https://ik.imagekit.io/tvlk/ugc-review/guys1L+Yyer9kzI3sp-pb0CG1j2bhflZGFUZOoIf1YOBAm37kEUOKR41ieUZm7ZJ/ugc-photo-ap-southeast-1-581603780057-acd24e232f75f09e/ACCOMMODATION/158898058_ACCOMMODATION_1578371880903_18054da08c714871?_src=imagekit&tr=c-at_max,h-100,q-40,w-100",,,,,,,,,,,,,,,,,,
https://www.traveloka.com/id-id/user/review/consumption/HOTEL/GENERAL/3000010015281,10,6,"Semuanya baik-baik saja kecuali sarapan. Dan kami harus meminta sandal, gratis.",Diulas 331 minggu lalu,"https://ik.imagekit.io/tvlk/ugc-review/guys1L+Yyer9kzI3sp-pb0CG1j2bhflZGFUZOoIf1YOBAm37kEUOKR41ieUZm7ZJ/ugc-photo-ap-southeast-1-581603780057-acd24e232f75f09e/ACCOMMODATION/9651985_ACCOMMODATION_1578371709915_7d1779a1e664e549?_src=imagekit&tr=c-at_max,h-100,q-40,w-100","https://ik.imagekit.io/tvlk/ugc-review/guys1L+Yyer9kzI3sp-pb0CG1j2bhflZGFUZOoIf1YOBAm37kEUOKR41ieUZm7ZJ/ugc-photo-ap-southeast-1-581603780057-acd24e232f75f09e/ACCOMMODATION/9651985_ACCOMMODATION_1578371709915_255dbad9b82f556d?_src=imagekit&tr=c-at_max,h-100,q-40,w-100","https://ik.imagekit.io/tvlk/ugc-review/guys1L+Yyer9kzI3sp-pb0CG1j2bhflZGFUZOoIf1YOBAm37kEUOKR41ieUZm7ZJ/ugc-photo-ap-southeast-1-581603780057-acd24e232f75f09e/ACCOMMODATION/9651985_ACCOMMODATION_1578371709915_3eb8d8108f05ad91?_src=imagekit&tr=c-at_max,h-100,q-40,w-100","https://ik.imagekit.io/tvlk/ugc-review/guys1L+Yyer9kzI3sp-pb0CG1j2bhflZGFUZOoIf1YOBAm37kEUOKR41ieUZm7ZJ/ugc-photo-ap-southeast-1-581603780057-acd24e232f75f09e/ACCOMMODATION/9651985_ACCOMMODATION_1578371709915_57317c0b78e5ba49?_src=imagekit&tr=c-at_max,h-100,q-40,w-100","https://ik.imagekit.io/tvlk/ugc-review/guys1L+Yyer9kzI3sp-pb0CG1j2bhflZGFUZOoIf1YOBAm37kEUOKR41ieUZm7ZJ/ugc-photo-ap-southeast-1-581603780057-acd24e232f75f09e/ACCOMMODATION/9651985_ACCOMMODATION_1578371709916_79817dcf9bcc22d5?_src=imagekit&tr=c-at_max,h-100,q-40,w-100","https://ik.imagekit.io/tvlk/ugc-review/guys1L+Yyer9kzI3sp-pb0CG1j2bhflZGFUZOoIf1YOBAm37kEUOKR41ieUZm7ZJ/ugc-photo-ap-southeast-1-581603780057-acd24e232f75f09e/ACCOMMODATION/9651985_ACCOMMODATION_1578371709916_b636395823d8db28?_src=imagekit&tr=c-at_max,h-100,q-40,w-100",,,,,,,,,,,,,,
https://www.traveloka.com/id-id/user/review/consumption/HOTEL/GENERAL/3000010015281,10,7,"Saya suka menginap disini karena kamarnya luas, tempat tidur besar 2 biba sehingga pas untuk keluarga dengan anak-anak, Air putih disediakan 1 galon tiap kamar, ada balkon, dan menu sarapan enak yang tetap konsisten sejak dulu. Lokasi dekat dengan Cagar alam pangandaran, menghadap ke laut pantai barat, dekat dengan rumah makan, pasar dan wisata lainnya. Resepsionis hotel juga sangat membantu untuk kebutuhan mendadak seperti p3 kali, dan lain-lain.",Diulas 331 minggu lalu,"https://ik.imagekit.io/tvlk/ugc-review/guys1L+Yyer9kzI3sp-pb0CG1j2bhflZGFUZOoIf1YOBAm37kEUOKR41ieUZm7ZJ/ugc-photo-ap-southeast-1-581603780057-acd24e232f75f09e/ACCOMMODATION/4988184_ACCOMMODATION_1578369893855_bc55718b82edd4f7?_src=imagekit&tr=c-at_max,h-100,q-40,w-100","https://ik.imagekit.io/tvlk/ugc-review/guys1L+Yyer9kzI3sp-pb0CG1j2bhflZGFUZOoIf1YOBAm37kEUOKR41ieUZm7ZJ/ugc-photo-ap-southeast-1-581603780057-acd24e232f75f09e/ACCOMMODATION/4988184_ACCOMMODATION_1578369893855_e98e6a273ce21038?_src=imagekit&tr=c-at_max,h-100,q-40,w-100",,,,,,,,,,,,,,,,,,
https://www.traveloka.com/id-id/user/review/consumption/HOTEL/GENERAL/3000010015281,10,8,Cocok untuk family liburan 👍.,Diulas 331 minggu lalu,"https://ik.imagekit.io/tvlk/ugc-review/guys1L+Yyer9kzI3sp-pb0CG1j2bhflZGFUZOoIf1YOBAm37kEUOKR41ieUZm7ZJ/ugc-photo-ap-southeast-1-581603780057-acd24e232f75f09e/ACCOMMODATION/13363022_ACCOMMODATION_1578268146787_bb6dbce0c480f8d5?_src=imagekit&tr=c-at_max,h-100,q-40,w-100",,,,,,,,,,,,,,,,,,,
https://www.traveloka.com/id-id/user/review/consumption/HOTEL/GENERAL/3000010015281,10,9,"pilihan yg sangat tepat menginap di sini. Puas puas puas. pelayanan bagus, kamar bersih n view dari kamar bagus (aku req pemandangan laut) & Alhamdulillah aku sekeluarga diperbolehkan check in lebih awal. selesai bermain d laut ada tempat bilas yg disediakan pihak hotel dan juga ada jalan khusus ke kolam renang dari parkiran mobil jadi shabis renang di laut, kita bilas trus bisa langsung renang di kolam renang hotel... next kl k Pangandaran aku akan menginap di sini lagi... thanks Traveloka n laut biru",Diulas 331 minggu lalu,"https://ik.imagekit.io/tvlk/ugc-review/guys1L+Yyer9kzI3sp-pb0CG1j2bhflZGFUZOoIf1YOBAm37kEUOKR41ieUZm7ZJ/ugc-photo-ap-southeast-1-581603780057-acd24e232f75f09e/ACCOMMODATION/3272977_ACCOMMODATION_1578143265265_44956141be9b9c98?_src=imagekit&tr=c-at_max,h-100,q-40,w-100","https://ik.imagekit.io/tvlk/ugc-review/guys1L+Yyer9kzI3sp-pb0CG1j2bhflZGFUZOoIf1YOBAm37kEUOKR41ieUZm7ZJ/ugc-photo-ap-southeast-1-581603780057-acd24e232f75f09e/ACCOMMODATION/3272977_ACCOMMODATION_1578143265265_e161448dfedb7490?_src=imagekit&tr=c-at_max,h-100,q-40,w-100",,,,,,,,,,,,,,,,,,
https://www.traveloka.com/id-id/user/review/consumption/HOTEL/GENERAL/3000010015281,10,10,"Kamar menghadap ke jalan, dan tidak ada pemandangan sama sekali. Sangat sangat sangat berisik. Kami tidak dapat beristirahat selama siang & malam hari karena AC tidak cukup dingin untuk kamar kami tidak akan menginap di hotel ini lagi, dan tidak akan merekomendasikan kepada semua teman dan kerabat",Diulas 332 minggu lalu,"https://ik.imagekit.io/tvlk/ugc-review/guys1L+Yyer9kzI3sp-pb0CG1j2bhflZGFUZOoIf1YOBAm37kEUOKR41ieUZm7ZJ/ugc-photo-ap-southeast-1-581603780057-acd24e232f75f09e/ACCOMMODATION/3393145_ACCOMMODATION_1577796917803_49ef6fbb4748ac02?_src=imagekit&tr=c-at_max,h-100,q-40,w-100","https://ik.imagekit.io/tvlk/ugc-review/guys1L+Yyer9kzI3sp-pb0CG1j2bhflZGFUZOoIf1YOBAm37kEUOKR41ieUZm7ZJ/ugc-photo-ap-southeast-1-581603780057-acd24e232f75f09e/ACCOMMODATION/3393145_ACCOMMODATION_1577796951342_b3fab483fcb557a2?_src=imagekit&tr=c-at_max,h-100,q-40,w-100",,,,,,,,,,,,,,,,,,
https://www.traveloka.com/id-id/user/review/consumption/HOTEL/GENERAL/3000010015281,10,11,istana yang bagus untuk keluarga .... akan menjadi hotel favorit kami,Diulas 332 minggu lalu,"https://ik.imagekit.io/tvlk/ugc-review/guys1L+Yyer9kzI3sp-pb0CG1j2bhflZGFUZOoIf1YOBAm37kEUOKR41ieUZm7ZJ/ugc-photo-ap-southeast-1-581603780057-acd24e232f75f09e/ACCOMMODATION/73110079_ACCOMMODATION_1577600642995_07618b978b55d407?_src=imagekit&tr=c-at_max,h-100,q-40,w-100",,,,,,,,,,,,,,,,,,,
https://www.traveloka.com/id-id/user/review/consumption/HOTEL/GENERAL/3000010015281,10,12,"Kamarnya besar, tapi makanannya tidak enak. Tidak ada variasinya. Tapi boro-boro variasi kebagian saya sudah bagus, kalau mau makanan seperti pada mau menjarah. Siapa cepat siapa dapat. Breakfast smp jagi 9.30. Saya masuk jadi 8.30 sudah pada habis dan ada yang ditambah. Ada banyak yang tidak keluar lagi. Itu kejuargalan 28 des 2019. Penjagaan tempat makanannya tidak benar-benar berdasarkan voucher. Jadi tidak tertib. Yang bawa anaknya banyak bisa tetap masuk makanan tanpa bayar. Kolam renang seperti cendol. Mau renang dengan pakaian lengkap juga oke boleh menyebur seperti di laut. Dudah silahkan yang mau kamar besar, makan tidak dibatas orang, voucher makan mah hanya basa basi biar keren sajah, renang boleh baju lengkap seperti main air dilaut. Monggo disini. Wifi boro-boro bisa nyambung.",Diulas 332 minggu lalu,"https://ik.imagekit.io/tvlk/ugc-review/guys1L+Yyer9kzI3sp-pb0CG1j2bhflZGFUZOoIf1YOBAm37kEUOKR41ieUZm7ZJ/ugc-photo-ap-southeast-1-581603780057-acd24e232f75f09e/ACCOMMODATION/12948433_ACCOMMODATION_1577584893588_8ff63768a9222509?_src=imagekit&tr=c-at_max,h-100,q-40,w-100",,,,,,,,,,,,,,,,,,,
https://www.traveloka.com/id-id/user/review/consumption/HOTEL/GENERAL/3000010015281,10,13,"Saat yang tak terlupakan, tempat yang nyaman, kamar & pemandangan yang indah",Diulas 332 minggu lalu,"https://ik.imagekit.io/tvlk/ugc-review/guys1L+Yyer9kzI3sp-pb0CG1j2bhflZGFUZOoIf1YOBAm37kEUOKR41ieUZm7ZJ/ugc-photo-ap-southeast-1-581603780057-acd24e232f75f09e/ACCOMMODATION/4398349_ACCOMMODATION_1577530559077_32761f6c6b65a434?_src=imagekit&tr=c-at_max,h-100,q-40,w-100","https://ik.imagekit.io/tvlk/ugc-review/guys1L+Yyer9kzI3sp-pb0CG1j2bhflZGFUZOoIf1YOBAm37kEUOKR41ieUZm7ZJ/ugc-photo-ap-southeast-1-581603780057-acd24e232f75f09e/ACCOMMODATION/4398349_ACCOMMODATION_1577530559078_86b06600ec1ac345?_src=imagekit&tr=c-at_max,h-100,q-40,w-100","https://ik.imagekit.io/tvlk/ugc-review/guys1L+Yyer9kzI3sp-pb0CG1j2bhflZGFUZOoIf1YOBAm37kEUOKR41ieUZm7ZJ/ugc-photo-ap-southeast-1-581603780057-acd24e232f75f09e/ACCOMMODATION/4398349_ACCOMMODATION_1577530559078_f4dc6055a3c72b86?_src=imagekit&tr=c-at_max,h-100,q-40,w-100",,,,,,,,,,,,,,,,,
https://www.traveloka.com/id-id/user/review/consumption/HOTEL/GENERAL/3000010015281,10,14,"Enak dekat pantai, kamarnya bersih.",Diulas 333 minggu lalu,"https://ik.imagekit.io/tvlk/ugc-review/guys1L+Yyer9kzI3sp-pb0CG1j2bhflZGFUZOoIf1YOBAm37kEUOKR41ieUZm7ZJ/ugc-photo-ap-southeast-1-581603780057-acd24e232f75f09e/ACCOMMODATION/19612326_ACCOMMODATION_1577145289124_4ea6a271174b50bd?_src=imagekit&tr=c-at_max,h-100,q-40,w-100",,,,,,,,,,,,,,,,,,,
https://www.traveloka.com/id-id/user/review/consumption/HOTEL/GENERAL/3000010015281,10,15,"check-in check-out mudah, kamar sesuai pesanan, breakfast oke, kolam renang oke, anak senang. lokasi strategis, depan hotel pantai, Sekitar hotel banyak yang jualan makanan, liburan kesini lagi deh.",Diulas 333 minggu lalu,"https://ik.imagekit.io/tvlk/ugc-review/guys1L+Yyer9kzI3sp-pb0CG1j2bhflZGFUZOoIf1YOBAm37kEUOKR41ieUZm7ZJ/ugc-photo-ap-southeast-1-581603780057-acd24e232f75f09e/ACCOMMODATION/10037082_ACCOMMODATION_1576721915330_7429f1aed8825256?_src=imagekit&tr=c-at_max,h-100,q-40,w-100",,,,,,,,,,,,,,,,,,,
https://www.traveloka.com/id-id/user/review/consumption/HOTEL/GENERAL/3000010015281,10,16,"Lokasi hotel strategis di antara pantai barat dan timur. Anda dapat dengan mudah menemukan seafood resto rasa sayang yang rasanya sangat enak. Saya sarankan mencoba ""kerang simping"" dan kepiting.",Diulas 334 minggu lalu,"https://ik.imagekit.io/tvlk/ugc-review/guys1L+Yyer9kzI3sp-pb0CG1j2bhflZGFUZOoIf1YOBAm37kEUOKR41ieUZm7ZJ/ugc-photo-ap-southeast-1-581603780057-acd24e232f75f09e/ACCOMMODATION/20911537_ACCOMMODATION_1576408919784_8fe324cb572b9ccc?_src=imagekit&tr=c-at_max,h-100,q-40,w-100","https://ik.imagekit.io/tvlk/ugc-review/guys1L+Yyer9kzI3sp-pb0CG1j2bhflZGFUZOoIf1YOBAm37kEUOKR41ieUZm7ZJ/ugc-photo-ap-southeast-1-581603780057-acd24e232f75f09e/ACCOMMODATION/20911537_ACCOMMODATION_1576580572309_7dfcfdccc7ce1e39?_src=imagekit&tr=c-at_max,h-100,q-40,w-100",,,,,,,,,,,,,,,,,,
https://www.traveloka.com/id-id/user/review/consumption/HOTEL/GENERAL/3000010015281,10,17,"Senang sekali menginap di laut biru dengan pelayanan yang ramah, bersih dan pemandangan langsung view ke laut. Semoga bisa menginap lagi disini. Terima kasih.",Diulas 334 minggu lalu,"https://ik.imagekit.io/tvlk/ugc-review/guys1L+Yyer9kzI3sp-pb0CG1j2bhflZGFUZOoIf1YOBAm37kEUOKR41ieUZm7ZJ/ugc-photo-ap-southeast-1-581603780057-acd24e232f75f09e/ACCOMMODATION/101161870_ACCOMMODATION_1576102902736_5db7f322a0ec8ef1?_src=imagekit&tr=c-at_max,h-100,q-40,w-100",,,,,,,,,,,,,,,,,,,
https://www.traveloka.com/id-id/user/review/consumption/HOTEL/GENERAL/3000010015281,10,18,"Depan area hotel banyak penjual makanan dan sekitar hotel banyak tempat makan, breakfastnya sesuai harga, Atraksi atau sarana permainan berbayar cukup murah, makanan seafood cukup murah tapi sebaiknya tahu jadwal ikan segar yang baru datang dari lelayan kapan, Sehingga bisa mendapatkan makanan laut yang benar-benar segar kebersihan area di perhatikan, area kolam renang tidak ada himbauan safetynya , Amenities di kamar kurang mungkin tamu harus lebih cerewet, pertimbangkan untuk membeli oleh-oleh dari penjual asongan yang berada di depan hotel karena sebagian penjual menjual makanan yang kurang bagus lebih baik ke toko.",Diulas 335 minggu lalu,"https://ik.imagekit.io/tvlk/ugc-review/guys1L+Yyer9kzI3sp-pb0CG1j2bhflZGFUZOoIf1YOBAm37kEUOKR41ieUZm7ZJ/ugc-photo-ap-southeast-1-581603780057-acd24e232f75f09e/ACCOMMODATION/14986113_ACCOMMODATION_1575949282151_e568fb741e2ba0b2?_src=imagekit&tr=c-at_max,h-100,q-40,w-100","https://ik.imagekit.io/tvlk/ugc-review/guys1L+Yyer9kzI3sp-pb0CG1j2bhflZGFUZOoIf1YOBAm37kEUOKR41ieUZm7ZJ/ugc-photo-ap-southeast-1-581603780057-acd24e232f75f09e/ACCOMMODATION/14986113_ACCOMMODATION_1575949282152_d8f9cff4427cfd44?_src=imagekit&tr=c-at_max,h-100,q-40,w-100","https://ik.imagekit.io/tvlk/ugc-review/guys1L+Yyer9kzI3sp-pb0CG1j2bhflZGFUZOoIf1YOBAm37kEUOKR41ieUZm7ZJ/ugc-photo-ap-southeast-1-581603780057-acd24e232f75f09e/ACCOMMODATION/14986113_ACCOMMODATION_1575949282152_fd23e0661f435ca4?_src=imagekit&tr=c-at_max,h-100,q-40,w-100",,,,,,,,,,,,,,,,,
https://www.traveloka.com/id-id/user/review/consumption/HOTEL/GENERAL/3000010015281,10,19,"Lokasi strategis, dekat pantai timur yang terdapat water sport dan dekat pantai barat dengan cagar alamanya beserta pasir putihnya.",Diulas 335 minggu lalu,"https://ik.imagekit.io/tvlk/ugc-review/guys1L+Yyer9kzI3sp-pb0CG1j2bhflZGFUZOoIf1YOBAm37kEUOKR41ieUZm7ZJ/ugc-photo-ap-southeast-1-581603780057-acd24e232f75f09e/ACCOMMODATION/6184295_ACCOMMODATION_1575928469109_6d05fbbd0fe8165e?_src=imagekit&tr=c-at_max,h-100,q-40,w-100","https://ik.imagekit.io/tvlk/ugc-review/guys1L+Yyer9kzI3sp-pb0CG1j2bhflZGFUZOoIf1YOBAm37kEUOKR41ieUZm7ZJ/ugc-photo-ap-southeast-1-581603780057-acd24e232f75f09e/ACCOMMODATION/6184295_ACCOMMODATION_1575928469110_52cb56f900d1be87?_src=imagekit&tr=c-at_max,h-100,q-40,w-100","https://ik.imagekit.io/tvlk/ugc-review/guys1L+Yyer9kzI3sp-pb0CG1j2bhflZGFUZOoIf1YOBAm37kEUOKR41ieUZm7ZJ/ugc-photo-ap-southeast-1-581603780057-acd24e232f75f09e/ACCOMMODATION/6184295_ACCOMMODATION_1575928469110_df828ca45954ba97?_src=imagekit&tr=c-at_max,h-100,q-40,w-100",,,,,,,,,,,,,,,,,
https://www.traveloka.com/id-id/user/review/consumption/HOTEL/GENERAL/3000010015281,10,20,"Suka sekali, lokasi strategis kolam renang bersih ada waterboomnya jadi anak-anak suka, asik juga liat sunset dari rooftop, Mungkin yang perlu ditingkatkan adalah makanannya. Btw, tidak kapok nanti kalau ke pengandaran menginap disini lagi.",Diulas 335 minggu lalu,"https://ik.imagekit.io/tvlk/ugc-review/guys1L+Yyer9kzI3sp-pb0CG1j2bhflZGFUZOoIf1YOBAm37kEUOKR41ieUZm7ZJ/ugc-photo-ap-southeast-1-581603780057-acd24e232f75f09e/ACCOMMODATION/8759537_ACCOMMODATION_1575546462633_24aa7675263ac808?_src=imagekit&tr=c-at_max,h-100,q-40,w-100","https://ik.imagekit.io/tvlk/ugc-review/guys1L+Yyer9kzI3sp-pb0CG1j2bhflZGFUZOoIf1YOBAm37kEUOKR41ieUZm7ZJ/ugc-photo-ap-southeast-1-581603780057-acd24e232f75f09e/ACCOMMODATION/8759537_ACCOMMODATION_1575546462634_e459ac4e6bc964dd?_src=imagekit&tr=c-at_max,h-100,q-40,w-100",,,,,,,,,,,,,,,,,,
https://www.traveloka.com/id-id/user/review/consumption/HOTEL/GENERAL/3000010015281,10,21,"Excited, tapi untuk sarapan kurang worth it dengan harga kamar yang lumayan mahal.",Diulas 336 minggu lalu,"https://ik.imagekit.io/tvlk/ugc-review/guys1L+Yyer9kzI3sp-pb0CG1j2bhflZGFUZOoIf1YOBAm37kEUOKR41ieUZm7ZJ/ugc-photo-ap-southeast-1-581603780057-acd24e232f75f09e/ACCOMMODATION/15952658_ACCOMMODATION_1575345417697_5df6f6d70b2d89e7?_src=imagekit&tr=c-at_max,h-100,q-40,w-100","https://ik.imagekit.io/tvlk/ugc-review/guys1L+Yyer9kzI3sp-pb0CG1j2bhflZGFUZOoIf1YOBAm37kEUOKR41ieUZm7ZJ/ugc-photo-ap-southeast-1-581603780057-acd24e232f75f09e/ACCOMMODATION/15952658_ACCOMMODATION_1575345417697_2d697455b34c5084?_src=imagekit&tr=c-at_max,h-100,q-40,w-100",,,,,,,,,,,,,,,,,,
https://www.traveloka.com/id-id/user/review/consumption/HOTEL/GENERAL/3000010015281,10,22,Kamar cukup luas tapi agak lembab dan tidak ada air minum/galon. Selebihnya breakfast enak dan kolam bersih.,Diulas 337 minggu lalu,"https://ik.imagekit.io/tvlk/ugc-review/guys1L+Yyer9kzI3sp-pb0CG1j2bhflZGFUZOoIf1YOBAm37kEUOKR41ieUZm7ZJ/ugc-photo-ap-southeast-1-581603780057-acd24e232f75f09e/ACCOMMODATION/63230334_ACCOMMODATION_1574432963434_c2a31fd53aaf0838?_src=imagekit&tr=c-at_max,h-100,q-40,w-100",,,,,,,,,,,,,,,,,,,
https://www.traveloka.com/id-id/user/review/consumption/HOTEL/GENERAL/3000010015281,10,23,"Kamarnya nyaman, luas, kami menempati VIP room dengan fasilitas 3 kamar tidur, AC, air minum, pemanas air tersedia. Hanya 1 yang kurang, untuk kami yang muslim tidak tersedia keran untuk wudhu, jadi agak repot. Terus tidak ada porter yang bantu angkat barang.",Diulas 337 minggu lalu,"https://ik.imagekit.io/tvlk/ugc-review/guys1L+Yyer9kzI3sp-pb0CG1j2bhflZGFUZOoIf1YOBAm37kEUOKR41ieUZm7ZJ/ugc-photo-ap-southeast-1-581603780057-acd24e232f75f09e/ACCOMMODATION/145653997_ACCOMMODATION_1574234590203_dedf764852d8b3b2?_src=imagekit&tr=c-at_max,h-100,q-40,w-100",,,,,,,,,,,,,,,,,,,
https://www.traveloka.com/id-id/user/review/consumption/HOTEL/GENERAL/3000010015281,10,24,"Semua bagus, hanya saja sangat disayangkan balkon tempat pembuangan AC. Jadi balkon terasa sauna. Panas.",Diulas 337 minggu lalu,"https://ik.imagekit.io/tvlk/ugc-review/guys1L+Yyer9kzI3sp-pb0CG1j2bhflZGFUZOoIf1YOBAm37kEUOKR41ieUZm7ZJ/ugc-photo-ap-southeast-1-581603780057-acd24e232f75f09e/ACCOMMODATION/5958234_ACCOMMODATION_1574240827363_4a3a7dd80417d141?_src=imagekit&tr=c-at_max,h-100,q-40,w-100",,,,,,,,,,,,,,,,,,,
https://www.traveloka.com/id-id/user/review/consumption/HOTEL/GENERAL/3000010015281,10,25,"Laut biru, kamarnya oke, besar, bersih, namun banyak minusnya, tidak disediakan kopi/teh. Sandal hotel harus diminta tidak ada di kamar.",Diulas 338 minggu lalu,"https://ik.imagekit.io/tvlk/ugc-review/guys1L+Yyer9kzI3sp-pb0CG1j2bhflZGFUZOoIf1YOBAm37kEUOKR41ieUZm7ZJ/ugc-photo-ap-southeast-1-581603780057-acd24e232f75f09e/ACCOMMODATION/13920489_ACCOMMODATION_1573518586490_6d7c3ca5b464ad2c?_src=imagekit&tr=c-at_max,h-100,q-40,w-100","https://ik.imagekit.io/tvlk/ugc-review/guys1L+Yyer9kzI3sp-pb0CG1j2bhflZGFUZOoIf1YOBAm37kEUOKR41ieUZm7ZJ/ugc-photo-ap-southeast-1-581603780057-acd24e232f75f09e/ACCOMMODATION/13920489_ACCOMMODATION_1573518586490_b699aec968b46509?_src=imagekit&tr=c-at_max,h-100,q-40,w-100",,,,,,,,,,,,,,,,,,
https://www.traveloka.com/id-id/user/review/consumption/HOTEL/GENERAL/3000010015281,10,26,"Tempat paling nyaman untuk tinggal selama Pelarian Pendek kami .. Saya sendiri tidak ingin pulang. Bayi saya yang berusia 1,5 tahun juga menikmati masa tinggalnya ... terlalu nyaman untuk dibiarkan ... terlalu dini untuk mengucapkan selamat tinggal ... segera kembali ... kami akan !! Terima kasih untuk tempat yang bagus dan suasana yang manis",Diulas 338 minggu lalu,"https://ik.imagekit.io/tvlk/ugc-review/guys1L+Yyer9kzI3sp-pb0CG1j2bhflZGFUZOoIf1YOBAm37kEUOKR41ieUZm7ZJ/ugc-photo-ap-southeast-1-581603780057-acd24e232f75f09e/ACCOMMODATION/36835776_ACCOMMODATION_1573756917528_fc4155fb669e65aa?_src=imagekit&tr=c-at_max,h-100,q-40,w-100","https://ik.imagekit.io/tvlk/ugc-review/guys1L+Yyer9kzI3sp-pb0CG1j2bhflZGFUZOoIf1YOBAm37kEUOKR41ieUZm7ZJ/ugc-photo-ap-southeast-1-581603780057-acd24e232f75f09e/ACCOMMODATION/36835776_ACCOMMODATION_1573756917529_6de9a38d9d3551e3?_src=imagekit&tr=c-at_max,h-100,q-40,w-100","https://ik.imagekit.io/tvlk/ugc-review/guys1L+Yyer9kzI3sp-pb0CG1j2bhflZGFUZOoIf1YOBAm37kEUOKR41ieUZm7ZJ/ugc-photo-ap-southeast-1-581603780057-acd24e232f75f09e/ACCOMMODATION/36835776_ACCOMMODATION_1573756917529_068553be3578dc13?_src=imagekit&tr=c-at_max,h-100,q-40,w-100","https://ik.imagekit.io/tvlk/ugc-review/guys1L+Yyer9kzI3sp-pb0CG1j2bhflZGFUZOoIf1YOBAm37kEUOKR41ieUZm7ZJ/ugc-photo-ap-southeast-1-581603780057-acd24e232f75f09e/ACCOMMODATION/36835776_ACCOMMODATION_1573756917529_8a80f0c9bb92a43b?_src=imagekit&tr=c-at_max,h-100,q-40,w-100","https://ik.imagekit.io/tvlk/ugc-review/guys1L+Yyer9kzI3sp-pb0CG1j2bhflZGFUZOoIf1YOBAm37kEUOKR41ieUZm7ZJ/ugc-photo-ap-southeast-1-581603780057-acd24e232f75f09e/ACCOMMODATION/36835776_ACCOMMODATION_1573756917530_891e13e0605ef167?_src=imagekit&tr=c-at_max,h-100,q-40,w-100",,,,,,,,,,,,,,,
https://www.traveloka.com/id-id/user/review/consumption/HOTEL/GENERAL/3000010015281,10,27,"Kamar hotel bagus, hanya bekas bocor tidak diperbaiki, tidak dapat sandal hotel. Menu sarapan monoton sama dengan hari sebelumnya. Tapi untuk next ke pangandaran mungkin bisa menginap disini lagi bersama family.",Diulas 341 minggu lalu,"https://ik.imagekit.io/tvlk/ugc-review/guys1L+Yyer9kzI3sp-pb0CG1j2bhflZGFUZOoIf1YOBAm37kEUOKR41ieUZm7ZJ/ugc-photo-ap-southeast-1-581603780057-acd24e232f75f09e/ACCOMMODATION/6047097_ACCOMMODATION_1572234971308_6f72b74a76f86ab0?_src=imagekit&tr=c-at_max,h-100,q-40,w-100","https://ik.imagekit.io/tvlk/ugc-review/guys1L+Yyer9kzI3sp-pb0CG1j2bhflZGFUZOoIf1YOBAm37kEUOKR41ieUZm7ZJ/ugc-photo-ap-southeast-1-581603780057-acd24e232f75f09e/ACCOMMODATION/6047097_ACCOMMODATION_1572234971308_a1b0e2531387b850?_src=imagekit&tr=c-at_max,h-100,q-40,w-100","https://ik.imagekit.io/tvlk/ugc-review/guys1L+Yyer9kzI3sp-pb0CG1j2bhflZGFUZOoIf1YOBAm37kEUOKR41ieUZm7ZJ/ugc-photo-ap-southeast-1-581603780057-acd24e232f75f09e/ACCOMMODATION/6047097_ACCOMMODATION_1572234971309_bde0437509420cf5?_src=imagekit&tr=c-at_max,h-100,q-40,w-100",,,,,,,,,,,,,,,,,
https://www.traveloka.com/id-id/user/review/consumption/HOTEL/GENERAL/3000010015281,10,28,"Jarak ke tempat oleh oleh, ke pantai, sama tempat makan dekat jadi kalau tidak pake kendaraan pribadi pun tidak masalah.",Diulas 341 minggu lalu,"https://ik.imagekit.io/tvlk/ugc-review/guys1L+Yyer9kzI3sp-pb0CG1j2bhflZGFUZOoIf1YOBAm37kEUOKR41ieUZm7ZJ/ugc-photo-ap-southeast-1-581603780057-acd24e232f75f09e/ACCOMMODATION/135957890_ACCOMMODATION_1571956404170_b661b889023890db?_src=imagekit&tr=c-at_max,h-100,q-40,w-100",,,,,,,,,,,,,,,,,,,
https://www.traveloka.com/id-id/user/review/consumption/HOTEL/GENERAL/3000010015281,10,29,"Bangunan bagus. Fasilitas lengkap. Kolam renang ada mini waterboom nya, cocok buat anak-anak. Bikin betah di hotel. Kekurangan: - Receptionis kurang ramah, check in lama dan ribet. Makanan: makanan sangat standar, ga ada variasi. Saya menginap di new family room, dapat 4 voucher makan, akan tetapi saya hanya datang bersama istri dan 2 anak kecil. Pas makan saya tukar 2 voucher sarapan, dan 2 lagi saya tanya ke petugas bisa diantar ke kamar? Tapi petugas dengan ketus menjawab, apa alasan minta dikirim ke kamar? Kalau tamunya sakit baru bisa diantar ke kamar. Dengan kesal saya jawab, saya menginap cuma sama istri dan anak kecil, sedangkan voucher sarapan dapat 4. Saya jawab sudah bayar mahal, tapi sayang voucher gabisa di pake dengan alasan tadi. Dan saya nanya apa voucher tsb bisa saya berikan ke orang lain? Petugas menjawab bisa asal bawa voucher. Saya langsung jawab, oke saya kasih voucher ini ke orang lain diluar hotel, daripada mubazir ga dipake, dan saya sudah bayar mahal untuk fasilitas + voucher ini. Tapi alangkah terkejutnya petugas tsb, dan menjawab. Oke pa, gini aja. Bapak mau apa aja yang dianter ke kamar? Saya jawab apa aja. Karena sudah kesal. - Room service hanya membersihkan tempat tidur saja. Meja dll ga dibersihkan.",Diulas 342 minggu lalu,"https://ik.imagekit.io/tvlk/ugc-review/guys1L+Yyer9kzI3sp-pb0CG1j2bhflZGFUZOoIf1YOBAm37kEUOKR41ieUZm7ZJ/ugc-photo-ap-southeast-1-581603780057-acd24e232f75f09e/ACCOMMODATION/85860140_ACCOMMODATION_1571198292742_c845f6796a8befd4?_src=imagekit&tr=c-at_max,h-100,q-40,w-100","https://ik.imagekit.io/tvlk/ugc-review/guys1L+Yyer9kzI3sp-pb0CG1j2bhflZGFUZOoIf1YOBAm37kEUOKR41ieUZm7ZJ/ugc-photo-ap-southeast-1-581603780057-acd24e232f75f09e/ACCOMMODATION/85860140_ACCOMMODATION_1571198292742_499c83a344f1d649?_src=imagekit&tr=c-at_max,h-100,q-40,w-100","https://ik.imagekit.io/tvlk/ugc-review/guys1L+Yyer9kzI3sp-pb0CG1j2bhflZGFUZOoIf1YOBAm37kEUOKR41ieUZm7ZJ/ugc-photo-ap-southeast-1-581603780057-acd24e232f75f09e/ACCOMMODATION/85860140_ACCOMMODATION_1571198292742_ded9221a1daf8812?_src=imagekit&tr=c-at_max,h-100,q-40,w-100",,,,,,,,,,,,,,,,,
https://www.traveloka.com/id-id/user/review/consumption/HOTEL/GENERAL/3000010015281,10,30,"Recommend banget hotelnya, sarapannya banyak variasi. Anak-anak bisa berenang dan bersih banget, next kalau ke pangandaran lagi mau menginap disini lagi.",Diulas 343 minggu lalu,"https://ik.imagekit.io/tvlk/ugc-review/guys1L+Yyer9kzI3sp-pb0CG1j2bhflZGFUZOoIf1YOBAm37kEUOKR41ieUZm7ZJ/ugc-photo-ap-southeast-1-581603780057-acd24e232f75f09e/ACCOMMODATION/10735024_ACCOMMODATION_1570839625162_20c51120f3683d19?_src=imagekit&tr=c-at_max,h-100,q-40,w-100",,,,,,,,,,,,,,,,,,,
https://www.traveloka.com/id-id/user/review/consumption/HOTEL/GENERAL/3000010015281,10,31,Sangat menyenangkan dan mengesankan.,Diulas 345 minggu lalu,"https://ik.imagekit.io/tvlk/ugc-review/guys1L+Yyer9kzI3sp-pb0CG1j2bhflZGFUZOoIf1YOBAm37kEUOKR41ieUZm7ZJ/ugc-photo-ap-southeast-1-581603780057-acd24e232f75f09e/ACCOMMODATION/100351326_ACCOMMODATION_1569942280348_ea9550ad841fa64a?_src=imagekit&tr=c-at_max,h-100,q-40,w-100","https://ik.imagekit.io/tvlk/ugc-review/guys1L+Yyer9kzI3sp-pb0CG1j2bhflZGFUZOoIf1YOBAm37kEUOKR41ieUZm7ZJ/ugc-photo-ap-southeast-1-581603780057-acd24e232f75f09e/ACCOMMODATION/100351326_ACCOMMODATION_1569942280348_79c1017ce056b7d6?_src=imagekit&tr=c-at_max,h-100,q-40,w-100",,,,,,,,,,,,,,,,,,
https://www.traveloka.com/id-id/user/review/consumption/HOTEL/GENERAL/3000010015281,10,32,"Hotel ini sangat menyenangkan buat kami sekeluarga, posisinya yang strategis dekat dengan tempat-tempat makan dan buat shoping pakaian maupun oleh-oleh. Kebersihannya jempol deh cuma sarapan tidak ada buah-buahan ya kurang variatif. Yang lainnya sih jempool. Makasih untuk liburan yang berkesan. Tempat asyik, kolam renangnya tapi kurang bersih ya mungkin karena penuh jadi kotor ya.",Diulas 346 minggu lalu,"https://ik.imagekit.io/tvlk/ugc-review/guys1L+Yyer9kzI3sp-pb0CG1j2bhflZGFUZOoIf1YOBAm37kEUOKR41ieUZm7ZJ/ugc-photo-ap-southeast-1-581603780057-acd24e232f75f09e/ACCOMMODATION/13751123_ACCOMMODATION_1569232252058_106cf5d943b4fb6d?_src=imagekit&tr=c-at_max,h-100,q-40,w-100",,,,,,,,,,,,,,,,,,,
https://www.traveloka.com/id-id/user/review/consumption/HOTEL/GENERAL/3000010015281,10,33,Hotel ini sangat direkomendasikan 👍🏻,Diulas 348 minggu lalu,"https://ik.imagekit.io/tvlk/ugc-review/guys1L+Yyer9kzI3sp-pb0CG1j2bhflZGFUZOoIf1YOBAm37kEUOKR41ieUZm7ZJ/ugc-photo-ap-southeast-1-581603780057-acd24e232f75f09e/ACCOMMODATION/93960773_ACCOMMODATION_1567845095380_e0a06a62ded99528?_src=imagekit&tr=c-at_max,h-100,q-40,w-100",,,,,,,,,,,,,,,,,,,
https://www.traveloka.com/id-id/user/review/consumption/HOTEL/GENERAL/3000010015281,10,34,"Proses check-in cepat, sarapan lumayan, kolam renang bersih, kamar juga bersih, pelayanan bagus dan ramah, recommended deh pokoknya",Diulas 349 minggu lalu,"https://ik.imagekit.io/tvlk/ugc-review/guys1L+Yyer9kzI3sp-pb0CG1j2bhflZGFUZOoIf1YOBAm37kEUOKR41ieUZm7ZJ/ugc-photo-ap-southeast-1-581603780057-acd24e232f75f09e/ACCOMMODATION/69331817_ACCOMMODATION_1567252573408_941d1efc97c63673?_src=imagekit&tr=c-at_max,h-100,q-40,w-100","https://ik.imagekit.io/tvlk/ugc-review/guys1L+Yyer9kzI3sp-pb0CG1j2bhflZGFUZOoIf1YOBAm37kEUOKR41ieUZm7ZJ/ugc-photo-ap-southeast-1-581603780057-acd24e232f75f09e/ACCOMMODATION/69331817_ACCOMMODATION_1567252573409_636328765bc7495f?_src=imagekit&tr=c-at_max,h-100,q-40,w-100","https://ik.imagekit.io/tvlk/ugc-review/guys1L+Yyer9kzI3sp-pb0CG1j2bhflZGFUZOoIf1YOBAm37kEUOKR41ieUZm7ZJ/ugc-photo-ap-southeast-1-581603780057-acd24e232f75f09e/ACCOMMODATION/69331817_ACCOMMODATION_1567252573409_39a1d95bd462c0bc?_src=imagekit&tr=c-at_max,h-100,q-40,w-100","https://ik.imagekit.io/tvlk/ugc-review/guys1L+Yyer9kzI3sp-pb0CG1j2bhflZGFUZOoIf1YOBAm37kEUOKR41ieUZm7ZJ/ugc-photo-ap-southeast-1-581603780057-acd24e232f75f09e/ACCOMMODATION/69331817_ACCOMMODATION_1567252573409_b1309ce21716fc98?_src=imagekit&tr=c-at_max,h-100,q-40,w-100","https://ik.imagekit.io/tvlk/ugc-review/guys1L+Yyer9kzI3sp-pb0CG1j2bhflZGFUZOoIf1YOBAm37kEUOKR41ieUZm7ZJ/ugc-photo-ap-southeast-1-581603780057-acd24e232f75f09e/ACCOMMODATION/69331817_ACCOMMODATION_1567252573409_f873d4a7fb1de289?_src=imagekit&tr=c-at_max,h-100,q-40,w-100",,,,,,,,,,,,,,,
https://www.traveloka.com/id-id/user/review/consumption/HOTEL/GENERAL/3000010015281,10,35,"Salah satu hotel yang sangat luas di pangandaran, kamarnya pun luas, sangat nyaman membawa anak kecil, fasilitas kolam renangnya cukup untuk menghibur anak. Tapi sayang sarapannya kurang bervariatif dan tidak adanya layanan kamar jadi harus keluar hotel untuk mencari makan malam. Overall salah satu pilihan hotel terbaik di pangandaran.",Diulas 349 minggu lalu,"https://ik.imagekit.io/tvlk/ugc-review/guys1L+Yyer9kzI3sp-pb0CG1j2bhflZGFUZOoIf1YOBAm37kEUOKR41ieUZm7ZJ/ugc-photo-ap-southeast-1-581603780057-acd24e232f75f09e/ACCOMMODATION/21802053_ACCOMMODATION_1566944320720_d10465b2f9fc6ace?_src=imagekit&tr=c-at_max,h-100,q-40,w-100","https://ik.imagekit.io/tvlk/ugc-review/guys1L+Yyer9kzI3sp-pb0CG1j2bhflZGFUZOoIf1YOBAm37kEUOKR41ieUZm7ZJ/ugc-photo-ap-southeast-1-581603780057-acd24e232f75f09e/ACCOMMODATION/21802053_ACCOMMODATION_1566944320721_c6058c1c76e3c6fe?_src=imagekit&tr=c-at_max,h-100,q-40,w-100","https://ik.imagekit.io/tvlk/ugc-review/guys1L+Yyer9kzI3sp-pb0CG1j2bhflZGFUZOoIf1YOBAm37kEUOKR41ieUZm7ZJ/ugc-photo-ap-southeast-1-581603780057-acd24e232f75f09e/ACCOMMODATION/21802053_ACCOMMODATION_1566944320721_dc7129f96d2db122?_src=imagekit&tr=c-at_max,h-100,q-40,w-100",,,,,,,,,,,,,,,,,
https://www.traveloka.com/id-id/user/review/consumption/HOTEL/GENERAL/3000010015281,10,36,"Hotelnya bagus dan pemandangannya menarik, nyaman deh pokoknya, nanti kalau ke pangandaran pasti menginap di sana lagi deh, dan untuk lantai paling atas bisa digunakan untuk foto-foto bagus deh pokoknya karena latarnya menghadap ke laut.",Diulas 350 minggu lalu,"https://ik.imagekit.io/tvlk/ugc-review/guys1L+Yyer9kzI3sp-pb0CG1j2bhflZGFUZOoIf1YOBAm37kEUOKR41ieUZm7ZJ/ugc-photo-ap-southeast-1-581603780057-acd24e232f75f09e/ACCOMMODATION/134747287_ACCOMMODATION_1566788245229_1aba9b78c2d3cec8?_src=imagekit&tr=c-at_max,h-100,q-40,w-100",,,,,,,,,,,,,,,,,,,
https://www.traveloka.com/id-id/user/review/consumption/HOTEL/GENERAL/3000010015281,10,37,"sangat puas,,anak"" senang karena bisa berenang di kolam yg ada water boomnya,, sarapan enak,,, spot foto keren,,",Diulas 351 minggu lalu,"https://ik.imagekit.io/tvlk/ugc-review/guys1L+Yyer9kzI3sp-pb0CG1j2bhflZGFUZOoIf1YOBAm37kEUOKR41ieUZm7ZJ/ugc-photo-ap-southeast-1-581603780057-acd24e232f75f09e/ACCOMMODATION/59495987_ACCOMMODATION_1566036539353_3140f5fa4ea4844e?_src=imagekit&tr=c-at_max,h-100,q-40,w-100","https://ik.imagekit.io/tvlk/ugc-review/guys1L+Yyer9kzI3sp-pb0CG1j2bhflZGFUZOoIf1YOBAm37kEUOKR41ieUZm7ZJ/ugc-photo-ap-southeast-1-581603780057-acd24e232f75f09e/ACCOMMODATION/59495987_ACCOMMODATION_1566036539353_0f85dcfc5c205a21?_src=imagekit&tr=c-at_max,h-100,q-40,w-100","https://ik.imagekit.io/tvlk/ugc-review/guys1L+Yyer9kzI3sp-pb0CG1j2bhflZGFUZOoIf1YOBAm37kEUOKR41ieUZm7ZJ/ugc-photo-ap-southeast-1-581603780057-acd24e232f75f09e/ACCOMMODATION/59495987_ACCOMMODATION_1566036539354_0b1efeb1ca014a23?_src=imagekit&tr=c-at_max,h-100,q-40,w-100",,,,,,,,,,,,,,,,,
https://www.traveloka.com/id-id/user/review/consumption/HOTEL/GENERAL/3000010015281,10,38,Bagus banget tempatnya. Makanannya enak. Kolam renangnya luas. Murah.,Diulas 351 minggu lalu,"https://ik.imagekit.io/tvlk/ugc-review/guys1L+Yyer9kzI3sp-pb0CG1j2bhflZGFUZOoIf1YOBAm37kEUOKR41ieUZm7ZJ/ugc-photo-ap-southeast-1-581603780057-acd24e232f75f09e/ACCOMMODATION/133636693_ACCOMMODATION_1565835685867_2e1352926577fbbf?_src=imagekit&tr=c-at_max,h-100,q-40,w-100","https://ik.imagekit.io/tvlk/ugc-review/guys1L+Yyer9kzI3sp-pb0CG1j2bhflZGFUZOoIf1YOBAm37kEUOKR41ieUZm7ZJ/ugc-photo-ap-southeast-1-581603780057-acd24e232f75f09e/ACCOMMODATION/133636693_ACCOMMODATION_1565835685868_a5705f6d1584a152?_src=imagekit&tr=c-at_max,h-100,q-40,w-100","https://ik.imagekit.io/tvlk/ugc-review/guys1L+Yyer9kzI3sp-pb0CG1j2bhflZGFUZOoIf1YOBAm37kEUOKR41ieUZm7ZJ/ugc-photo-ap-southeast-1-581603780057-acd24e232f75f09e/ACCOMMODATION/133636693_ACCOMMODATION_1565835685868_cd6f51e9939426a2?_src=imagekit&tr=c-at_max,h-100,q-40,w-100",,,,,,,,,,,,,,,,,
https://www.traveloka.com/id-id/user/review/consumption/HOTEL/GENERAL/3000010015281,10,39,"Tempat menginap paling oke lah di Pangandaran menurut saya cuma kalau bisa kualitas sarapannya di tingkatkan lagi, biar tambah betah di pangandaran.. Hehe",Diulas 352 minggu lalu,"https://ik.imagekit.io/tvlk/ugc-review/guys1L+Yyer9kzI3sp-pb0CG1j2bhflZGFUZOoIf1YOBAm37kEUOKR41ieUZm7ZJ/ugc-photo-ap-southeast-1-581603780057-acd24e232f75f09e/ACCOMMODATION/16939831_ACCOMMODATION_1565565936652_d7fa7eda7972ffa1?_src=imagekit&tr=c-at_max,h-100,q-40,w-100","https://ik.imagekit.io/tvlk/ugc-review/guys1L+Yyer9kzI3sp-pb0CG1j2bhflZGFUZOoIf1YOBAm37kEUOKR41ieUZm7ZJ/ugc-photo-ap-southeast-1-581603780057-acd24e232f75f09e/ACCOMMODATION/16939831_ACCOMMODATION_1565565936652_8273f6784c72369b?_src=imagekit&tr=c-at_max,h-100,q-40,w-100",,,,,,,,,,,,,,,,,,
https://www.traveloka.com/id-id/user/review/consumption/HOTEL/GENERAL/3000010015281,10,40,"Kamarnya bagus, bersih, anak-anak senang dengan adanya kolam renang di hotelnya, puas sekali, insyaallah tahun depan ke sini lagi bersama keluarga besar saya, recommended deh hotelnya. Pas buat kaluarga, the best, sukses untuk hotel laut biru.",Diulas 353 minggu lalu,"https://ik.imagekit.io/tvlk/ugc-review/guys1L+Yyer9kzI3sp-pb0CG1j2bhflZGFUZOoIf1YOBAm37kEUOKR41ieUZm7ZJ/ugc-photo-ap-southeast-1-581603780057-acd24e232f75f09e/ACCOMMODATION/123771041_ACCOMMODATION_1565069657525_e3f416d39281d5dd?_src=imagekit&tr=c-at_max,h-100,q-40,w-100",,,,,,,,,,,,,,,,,,,
https://www.traveloka.com/id-id/user/review/consumption/HOTEL/GENERAL/3000010015281,11,1,"Kamar sesuai dengan di foto, cocok untuk menginap liburan keluarga, sarapan lumayan memuaskan, cocok untuk berswafoto.",Diulas 353 minggu lalu,"https://ik.imagekit.io/tvlk/ugc-review/guys1L+Yyer9kzI3sp-pb0CG1j2bhflZGFUZOoIf1YOBAm37kEUOKR41ieUZm7ZJ/ugc-photo-ap-southeast-1-581603780057-acd24e232f75f09e/ACCOMMODATION/23612925_ACCOMMODATION_1565003930265_0bffd87f04b62499?_src=imagekit&tr=c-at_max,h-100,q-40,w-100","https://ik.imagekit.io/tvlk/ugc-review/guys1L+Yyer9kzI3sp-pb0CG1j2bhflZGFUZOoIf1YOBAm37kEUOKR41ieUZm7ZJ/ugc-photo-ap-southeast-1-581603780057-acd24e232f75f09e/ACCOMMODATION/23612925_ACCOMMODATION_1565003943168_56795db72076170b?_src=imagekit&tr=c-at_max,h-100,q-40,w-100",,,,,,,,,,,,,,,,,,
https://www.traveloka.com/id-id/user/review/consumption/HOTEL/GENERAL/3000010015281,11,2,"Kolamnya bagus, anak-anak sangat suka. Kamarnya juga bersih, cuma sayang tidak ada sikat gigi.",Diulas 354 minggu lalu,"https://ik.imagekit.io/tvlk/ugc-review/guys1L+Yyer9kzI3sp-pb0CG1j2bhflZGFUZOoIf1YOBAm37kEUOKR41ieUZm7ZJ/ugc-photo-ap-southeast-1-581603780057-acd24e232f75f09e/ACCOMMODATION/9218050_ACCOMMODATION_1564199552188_175df80ea3d902b1?_src=imagekit&tr=c-at_max,h-100,q-40,w-100",,,,,,,,,,,,,,,,,,,
https://www.traveloka.com/id-id/user/review/consumption/HOTEL/GENERAL/3000010015281,11,3,"Tempat ini luar biasa! Saya menikmati setiap fasilitas di tempat ini, pastikan untuk kembali ke sini☺️",Diulas 354 minggu lalu,"https://ik.imagekit.io/tvlk/ugc-review/guys1L+Yyer9kzI3sp-pb0CG1j2bhflZGFUZOoIf1YOBAm37kEUOKR41ieUZm7ZJ/ugc-photo-ap-southeast-1-581603780057-acd24e232f75f09e/ACCOMMODATION/22246089_ACCOMMODATION_1563841649332_4ee4d7cb4f0d98a3?_src=imagekit&tr=c-at_max,h-100,q-40,w-100",,,,,,,,,,,,,,,,,,,
https://www.traveloka.com/id-id/user/review/consumption/HOTEL/GENERAL/3000010015281,11,4,"Minus: Tidak mudah mendapatkan tempat parkir, lantai basah karena kolam renang Positif: Pemandangan, sarapan, bersih, kolam renang, akses",Diulas 355 minggu lalu,"https://ik.imagekit.io/tvlk/ugc-review/guys1L+Yyer9kzI3sp-pb0CG1j2bhflZGFUZOoIf1YOBAm37kEUOKR41ieUZm7ZJ/ugc-photo-ap-southeast-1-581603780057-acd24e232f75f09e/ACCOMMODATION/5557766_ACCOMMODATION_1562550188889_6ee65d7b8ab8ad91?_src=imagekit&tr=c-at_max,h-100,q-40,w-100",,,,,,,,,,,,,,,,,,,
https://www.traveloka.com/id-id/user/review/consumption/HOTEL/GENERAL/3000010015281,11,5,"Anak-anak senang kolam renangnya ada watee boomnya kamar hotel nyaman. Masukannya variasi menu sarapan ditambah, air panas untuk mandi kurang panas. Kalau bisa diberi cadangan handuk keset karena 1 tidak cukup.",Diulas 355 minggu lalu,"https://ik.imagekit.io/tvlk/ugc-review/guys1L+Yyer9kzI3sp-pb0CG1j2bhflZGFUZOoIf1YOBAm37kEUOKR41ieUZm7ZJ/ugc-photo-ap-southeast-1-581603780057-acd24e232f75f09e/ACCOMMODATION/0_ACCOMMODATION_1563501834564_a2d63ea658709134?_src=imagekit&tr=c-at_max,h-100,q-40,w-100",,,,,,,,,,,,,,,,,,,
https://www.traveloka.com/id-id/user/review/consumption/HOTEL/GENERAL/3000010015281,11,6,"Lokasi terbaik karena wajah langsung saat matahari terbenam (pantai barat) dan hanya berjalan 100 m untuk mendapatkan matahari terbit (pantai timur) Pemandangan bagus di gedung baru lantai 7 Tapi sarapan terlalu rendah untuk hotel bintang 3, membersihkan di bawah standar, staf layanan kebersihan harus dilatih cara membersihkannya.",Diulas 356 minggu lalu,"https://ik.imagekit.io/tvlk/ugc-review/guys1L+Yyer9kzI3sp-pb0CG1j2bhflZGFUZOoIf1YOBAm37kEUOKR41ieUZm7ZJ/ugc-photo-ap-southeast-1-581603780057-acd24e232f75f09e/ACCOMMODATION/99760079_ACCOMMODATION_1563272103119_3da36720ef464604?_src=imagekit&tr=c-at_max,h-100,q-40,w-100","https://ik.imagekit.io/tvlk/ugc-review/guys1L+Yyer9kzI3sp-pb0CG1j2bhflZGFUZOoIf1YOBAm37kEUOKR41ieUZm7ZJ/ugc-photo-ap-southeast-1-581603780057-acd24e232f75f09e/ACCOMMODATION/99760079_ACCOMMODATION_1563272103119_b970228a15c988ee?_src=imagekit&tr=c-at_max,h-100,q-40,w-100","https://ik.imagekit.io/tvlk/ugc-review/guys1L+Yyer9kzI3sp-pb0CG1j2bhflZGFUZOoIf1YOBAm37kEUOKR41ieUZm7ZJ/ugc-photo-ap-southeast-1-581603780057-acd24e232f75f09e/ACCOMMODATION/99760079_ACCOMMODATION_1563272103119_491ad057d38bad84?_src=imagekit&tr=c-at_max,h-100,q-40,w-100",,,,,,,,,,,,,,,,,
https://www.traveloka.com/id-id/user/review/consumption/HOTEL/GENERAL/3000010015281,11,7,"Kamarnya bersih, pemandangannya bagus, sarapannya enak.",Diulas 356 minggu lalu,"https://ik.imagekit.io/tvlk/ugc-review/guys1L+Yyer9kzI3sp-pb0CG1j2bhflZGFUZOoIf1YOBAm37kEUOKR41ieUZm7ZJ/ugc-photo-ap-southeast-1-581603780057-acd24e232f75f09e/ACCOMMODATION/31634667_ACCOMMODATION_1563271414231_8983eb993d19d620?_src=imagekit&tr=c-at_max,h-100,q-40,w-100","https://ik.imagekit.io/tvlk/ugc-review/guys1L+Yyer9kzI3sp-pb0CG1j2bhflZGFUZOoIf1YOBAm37kEUOKR41ieUZm7ZJ/ugc-photo-ap-southeast-1-581603780057-acd24e232f75f09e/ACCOMMODATION/31634667_ACCOMMODATION_1563271414231_b09bb90fbba9eb34?_src=imagekit&tr=c-at_max,h-100,q-40,w-100",,,,,,,,,,,,,,,,,,
https://www.traveloka.com/id-id/user/review/consumption/HOTEL/GENERAL/3000010015281,11,8,Strategis lokasinya and ada spot buat foto yang instagramable banget. Tapi tidak ada sandal hotel + lift-nya cuma 2 jadi pas selese check-in dan mau check-out itu pasti nunggu lama antri.,Diulas 356 minggu lalu,"https://ik.imagekit.io/tvlk/ugc-review/guys1L+Yyer9kzI3sp-pb0CG1j2bhflZGFUZOoIf1YOBAm37kEUOKR41ieUZm7ZJ/ugc-photo-ap-southeast-1-581603780057-acd24e232f75f09e/ACCOMMODATION/51069595_ACCOMMODATION_1563155797613_34644b378a00167d?_src=imagekit&tr=c-at_max,h-100,q-40,w-100",,,,,,,,,,,,,,,,,,,
https://www.traveloka.com/id-id/user/review/consumption/HOTEL/GENERAL/3000010015281,11,9,"Lokasinya sangat strategis dan dekat kemana pun. View dari hotel juga bagus sekali. But it would be nice if the receptionist treated us better. Mungkin karena terlalu banyak pekerjaan sehingga resepsionis kurang ramah melayani tamu yang ingin check-in maupun check-out dan jujur saya sangat kecewa dengan hal itu namun pelayanan dari pegawai lainnya sih ramah sekali, terutama di bagian breakfast. Parkiran mobilnya juga terbilang strategis dan cukup aman. I'd like to stay in Laut Biru again next time. Thanks.",Diulas 356 minggu lalu,"https://ik.imagekit.io/tvlk/ugc-review/guys1L+Yyer9kzI3sp-pb0CG1j2bhflZGFUZOoIf1YOBAm37kEUOKR41ieUZm7ZJ/ugc-photo-ap-southeast-1-581603780057-acd24e232f75f09e/ACCOMMODATION/105573688_ACCOMMODATION_1562997913700_81f233d61a535910?_src=imagekit&tr=c-at_max,h-100,q-40,w-100",,,,,,,,,,,,,,,,,,,
https://www.traveloka.com/id-id/user/review/consumption/HOTEL/GENERAL/3000010015281,11,10,Tempatnya enak banget. Dekat ke pantai timur dan barat. Pelayanannya juga sangat baik. Kurang deh menginap. Disini cuma 1 hari.,Diulas 356 minggu lalu,"https://ik.imagekit.io/tvlk/ugc-review/guys1L+Yyer9kzI3sp-pb0CG1j2bhflZGFUZOoIf1YOBAm37kEUOKR41ieUZm7ZJ/ugc-photo-ap-southeast-1-581603780057-acd24e232f75f09e/ACCOMMODATION/128405368_ACCOMMODATION_1562803996254_9cf33c1d6120486d?_src=imagekit&tr=c-at_max,h-100,q-40,w-100","https://ik.imagekit.io/tvlk/ugc-review/guys1L+Yyer9kzI3sp-pb0CG1j2bhflZGFUZOoIf1YOBAm37kEUOKR41ieUZm7ZJ/ugc-photo-ap-southeast-1-581603780057-acd24e232f75f09e/ACCOMMODATION/128405368_ACCOMMODATION_1562803996255_d220a6d5a068ce66?_src=imagekit&tr=c-at_max,h-100,q-40,w-100","https://ik.imagekit.io/tvlk/ugc-review/guys1L+Yyer9kzI3sp-pb0CG1j2bhflZGFUZOoIf1YOBAm37kEUOKR41ieUZm7ZJ/ugc-photo-ap-southeast-1-581603780057-acd24e232f75f09e/ACCOMMODATION/128405368_ACCOMMODATION_1562803996255_3f67bca5893bb740?_src=imagekit&tr=c-at_max,h-100,q-40,w-100","https://ik.imagekit.io/tvlk/ugc-review/guys1L+Yyer9kzI3sp-pb0CG1j2bhflZGFUZOoIf1YOBAm37kEUOKR41ieUZm7ZJ/ugc-photo-ap-southeast-1-581603780057-acd24e232f75f09e/ACCOMMODATION/128405368_ACCOMMODATION_1562803996255_af794c0f14875710?_src=imagekit&tr=c-at_max,h-100,q-40,w-100","https://ik.imagekit.io/tvlk/ugc-review/guys1L+Yyer9kzI3sp-pb0CG1j2bhflZGFUZOoIf1YOBAm37kEUOKR41ieUZm7ZJ/ugc-photo-ap-southeast-1-581603780057-acd24e232f75f09e/ACCOMMODATION/128405368_ACCOMMODATION_1562803996256_e1fbf187991dc0b4?_src=imagekit&tr=c-at_max,h-100,q-40,w-100",,,,,,,,,,,,,,,
https://www.traveloka.com/id-id/user/review/consumption/HOTEL/GENERAL/3000010015281,11,11,"Wifi buruk, standar layanan, lantai basah, tempat itu sangat ramai, antrian panjang untuk sarapan ada banyak orang yang makan di sana ... menunya begitu ... titik yang baik adalah dekat pantai (sisi barat dan timur) dan memasarkan .. hotel ini memiliki kapel di atap yang bagus untuk mengambil foto..cocok untuk keluarga atau kelompok wisatawan ..",Diulas 356 minggu lalu,"https://ik.imagekit.io/tvlk/ugc-review/guys1L+Yyer9kzI3sp-pb0CG1j2bhflZGFUZOoIf1YOBAm37kEUOKR41ieUZm7ZJ/ugc-photo-ap-southeast-1-581603780057-acd24e232f75f09e/ACCOMMODATION/67954266_ACCOMMODATION_1562768416244_5610285153ce5480?_src=imagekit&tr=c-at_max,h-100,q-40,w-100",,,,,,,,,,,,,,,,,,,
https://www.traveloka.com/id-id/user/review/consumption/HOTEL/GENERAL/3000010015281,11,12,"Lokasi hotel ini seberang pantai barat, dan belakang hotel dekat dengan pantai timur, jadi lokasinya sangat strategis, dekat dengan pelelangan ikan, toko-toko baju untuk oleh-oleh, ATM, tempat makan, pokoknya lokasinya oke banget. Selain itu hotel ini juga mempunyai view dan capel yang instagramable banget, jadi wajib foto-foto dengan view ini. Kamarnya memang tidak terlalu luas tapi kasurnya besar-besar, jadi sangat nyaman, kamar mandinya memang kecil, dan air hangatnya tidak berfungsi dengan baik. Pilihan makanannya bervariasi dan enak sih menurut saya, kolam renangnya ada water boom-nya. Kesimpulannya saya sangat merekomendasikan hotel ini, karena harganya affordable dengan sarapan. Jadi buat yang ingin travel dengan keluarga wajib book hotel ini.",Diulas 356 minggu lalu,"https://ik.imagekit.io/tvlk/ugc-review/guys1L+Yyer9kzI3sp-pb0CG1j2bhflZGFUZOoIf1YOBAm37kEUOKR41ieUZm7ZJ/ugc-photo-ap-southeast-1-581603780057-acd24e232f75f09e/ACCOMMODATION/3865512_ACCOMMODATION_1562716846006_0bb710064772d616?_src=imagekit&tr=c-at_max,h-80,q-40,w-80","https://ik.imagekit.io/tvlk/ugc-review/guys1L+Yyer9kzI3sp-pb0CG1j2bhflZGFUZOoIf1YOBAm37kEUOKR41ieUZm7ZJ/ugc-photo-ap-southeast-1-581603780057-acd24e232f75f09e/ACCOMMODATION/3865512_ACCOMMODATION_1562716846006_1cab82c3dad392ad?_src=imagekit&tr=c-at_max,h-80,q-40,w-80","https://ik.imagekit.io/tvlk/ugc-review/guys1L+Yyer9kzI3sp-pb0CG1j2bhflZGFUZOoIf1YOBAm37kEUOKR41ieUZm7ZJ/ugc-photo-ap-southeast-1-581603780057-acd24e232f75f09e/ACCOMMODATION/3865512_ACCOMMODATION_1562716846006_d9cd8213e4663a69?_src=imagekit&tr=c-at_max,h-80,q-40,w-80","https://ik.imagekit.io/tvlk/ugc-review/guys1L+Yyer9kzI3sp-pb0CG1j2bhflZGFUZOoIf1YOBAm37kEUOKR41ieUZm7ZJ/ugc-photo-ap-southeast-1-581603780057-acd24e232f75f09e/ACCOMMODATION/3865512_ACCOMMODATION_1562716846007_83d0b3c0c4c1ca5f?_src=imagekit&tr=c-at_max,h-80,q-40,w-80","https://ik.imagekit.io/tvlk/ugc-review/guys1L+Yyer9kzI3sp-pb0CG1j2bhflZGFUZOoIf1YOBAm37kEUOKR41ieUZm7ZJ/ugc-photo-ap-southeast-1-581603780057-acd24e232f75f09e/ACCOMMODATION/3865512_ACCOMMODATION_1562716846007_25fa35edd1c7b936?_src=imagekit&tr=c-at_max,h-80,q-40,w-80","https://ik.imagekit.io/tvlk/ugc-review/guys1L+Yyer9kzI3sp-pb0CG1j2bhflZGFUZOoIf1YOBAm37kEUOKR41ieUZm7ZJ/ugc-photo-ap-southeast-1-581603780057-acd24e232f75f09e/ACCOMMODATION/3865512_ACCOMMODATION_1562716846007_78ea519c4d4981c4?_src=imagekit&tr=c-at_max,h-80,q-40,w-80","https://ik.imagekit.io/tvlk/ugc-review/guys1L+Yyer9kzI3sp-pb0CG1j2bhflZGFUZOoIf1YOBAm37kEUOKR41ieUZm7ZJ/ugc-photo-ap-southeast-1-581603780057-acd24e232f75f09e/ACCOMMODATION/3865512_ACCOMMODATION_1562716846007_bdbcb57fab1d179f?_src=imagekit&tr=c-at_max,h-80,q-40,w-80","https://ik.imagekit.io/tvlk/ugc-review/guys1L+Yyer9kzI3sp-pb0CG1j2bhflZGFUZOoIf1YOBAm37kEUOKR41ieUZm7ZJ/ugc-photo-ap-southeast-1-581603780057-acd24e232f75f09e/ACCOMMODATION/3865512_ACCOMMODATION_1562716846007_2b018b14d763c338?_src=imagekit&tr=c-at_max,h-80,q-40,w-80","https://ik.imagekit.io/tvlk/ugc-review/guys1L+Yyer9kzI3sp-pb0CG1j2bhflZGFUZOoIf1YOBAm37kEUOKR41ieUZm7ZJ/ugc-photo-ap-southeast-1-581603780057-acd24e232f75f09e/ACCOMMODATION/3865512_ACCOMMODATION_1562716846008_d3e67cddb43a893a?_src=imagekit&tr=c-at_max,h-80,q-40,w-80",,,,,,,,,,,
https://www.traveloka.com/id-id/user/review/consumption/HOTEL/GENERAL/3000010015281,11,13,"Kamarnya cukup luas, pelayanan ramah dan cepat. Pokoknya puas menginap di laut biru.",Diulas 357 minggu lalu,"https://ik.imagekit.io/tvlk/ugc-review/guys1L+Yyer9kzI3sp-pb0CG1j2bhflZGFUZOoIf1YOBAm37kEUOKR41ieUZm7ZJ/ugc-photo-ap-southeast-1-581603780057-acd24e232f75f09e/ACCOMMODATION/5567711_ACCOMMODATION_1562595365504_62d15059815cf0dc?_src=imagekit&tr=c-at_max,h-100,q-40,w-100",,,,,,,,,,,,,,,,,,,
https://www.traveloka.com/id-id/user/review/consumption/HOTEL/GENERAL/3000010015281,11,14,"Laut biru hotel recommended lah untuk liburan keluarga, staf hotel ramah, sarapan enak, anak-anak tidak kena charge, fasilitas hotel lumayan bagus, Dekat ke pantai, cuma ada satu tempat air mineral agak bocor, overall bagus menurut saya dengan harga segitu.",Diulas 357 minggu lalu,"https://ik.imagekit.io/tvlk/ugc-review/guys1L+Yyer9kzI3sp-pb0CG1j2bhflZGFUZOoIf1YOBAm37kEUOKR41ieUZm7ZJ/ugc-photo-ap-southeast-1-581603780057-acd24e232f75f09e/ACCOMMODATION/0_ACCOMMODATION_1562580641106_331a00abb0718767?_src=imagekit&tr=c-at_max,h-100,q-40,w-100",,,,,,,,,,,,,,,,,,,
https://www.traveloka.com/id-id/user/review/consumption/HOTEL/GENERAL/3000010015281,11,15,Saya senang menginap disini dengan pemandangan pantai dan kolam renang buat keluarga liburan menjadi lengkap.,Diulas 357 minggu lalu,"https://ik.imagekit.io/tvlk/ugc-review/guys1L+Yyer9kzI3sp-pb0CG1j2bhflZGFUZOoIf1YOBAm37kEUOKR41ieUZm7ZJ/ugc-photo-ap-southeast-1-581603780057-acd24e232f75f09e/ACCOMMODATION/17433069_ACCOMMODATION_1562381508841_35a8994bf4f192d0?_src=imagekit&tr=c-at_max,h-100,q-40,w-100",,,,,,,,,,,,,,,,,,,
https://www.traveloka.com/id-id/user/review/consumption/HOTEL/GENERAL/3000010015281,11,16,"Saya dapat kamar d bangunan baru, tampak modern , nyaman, kamar luas untuk keluarga, view langsung ke pool anak-anak, dapat beranda bisa nongkrong di beranda, makanan so far so good, banyak pilihan makanannya, prasmanan all you can it, nenek saya senang karena bisa mengambil sepuasnya dan banyak pilihan mkanan, untuk akses ke kamar agak sulit karena lift harus pakai kartu, namun staff di sana jika sedang ada suka membantu untuk naik lift. Next buat ke pangandaran recommended untuk kembali ke laut biru sebagai tempat menginap. Good job laut biru, see you.",Diulas 357 minggu lalu,"https://ik.imagekit.io/tvlk/ugc-review/guys1L+Yyer9kzI3sp-pb0CG1j2bhflZGFUZOoIf1YOBAm37kEUOKR41ieUZm7ZJ/ugc-photo-ap-southeast-1-581603780057-acd24e232f75f09e/ACCOMMODATION/39461196_ACCOMMODATION_1562291521233_fa58b76a1628128a?_src=imagekit&tr=c-at_max,h-100,q-40,w-100","https://ik.imagekit.io/tvlk/ugc-review/guys1L+Yyer9kzI3sp-pb0CG1j2bhflZGFUZOoIf1YOBAm37kEUOKR41ieUZm7ZJ/ugc-photo-ap-southeast-1-581603780057-acd24e232f75f09e/ACCOMMODATION/39461196_ACCOMMODATION_1562291521233_49272008b23c73f4?_src=imagekit&tr=c-at_max,h-100,q-40,w-100","https://ik.imagekit.io/tvlk/ugc-review/guys1L+Yyer9kzI3sp-pb0CG1j2bhflZGFUZOoIf1YOBAm37kEUOKR41ieUZm7ZJ/ugc-photo-ap-southeast-1-581603780057-acd24e232f75f09e/ACCOMMODATION/39461196_ACCOMMODATION_1562291521233_b2111819b329b856?_src=imagekit&tr=c-at_max,h-100,q-40,w-100",,,,,,,,,,,,,,,,,
https://www.traveloka.com/id-id/user/review/consumption/HOTEL/GENERAL/3000010015281,11,17,"Makanannya menu sedikit, rasanya kurang enak, ami dapat kamar yang di gedung lama, dan itu jauh diujung dan berisik dekat dengan laundry, Tidak dapat fasilitas kopi gula teh, sendal hotel tidak dapat plastik laundry juga tidak dari. water heater tidak hidup, jadi air dingin saja. Kurang puas dengan harga segitu. Hotel ini terkenal hanya karena ada tempat di rooftop yang bagus untuk foto mengarah ke laut pantai barat pangandaran, instagram-able banget.",Diulas 357 minggu lalu,"https://ik.imagekit.io/tvlk/ugc-review/guys1L+Yyer9kzI3sp-pb0CG1j2bhflZGFUZOoIf1YOBAm37kEUOKR41ieUZm7ZJ/ugc-photo-ap-southeast-1-581603780057-acd24e232f75f09e/ACCOMMODATION/16364776_ACCOMMODATION_1562212632676_ccdbe1c41e7c2485?_src=imagekit&tr=c-at_max,h-100,q-40,w-100",,,,,,,,,,,,,,,,,,,
https://www.traveloka.com/id-id/user/review/consumption/HOTEL/GENERAL/3000010015281,11,18,"Kamar bersih, nyaman, pelayannya ramah ramah, sarapan juga lengkap, view dilantai atas bagus sekali untuk foto sedikit masukan aja tolong sediakan sendok, pasta gigi, dan kran untuk wudhu supaya semuanya lebih nyaman dan kami akan kembali menggunakan hotel ini kembali.",Diulas 358 minggu lalu,"https://ik.imagekit.io/tvlk/ugc-review/guys1L+Yyer9kzI3sp-pb0CG1j2bhflZGFUZOoIf1YOBAm37kEUOKR41ieUZm7ZJ/ugc-photo-ap-southeast-1-581603780057-acd24e232f75f09e/ACCOMMODATION/125642806_ACCOMMODATION_1561944327542_734ac56ed12beb65?_src=imagekit&tr=c-at_max,h-100,q-40,w-100",,,,,,,,,,,,,,,,,,,
https://www.traveloka.com/id-id/user/review/consumption/HOTEL/GENERAL/3000010015281,11,19,"lokasi bagus, bersih, nyaman, pelayanan bagus",Diulas 358 minggu lalu,"https://ik.imagekit.io/tvlk/ugc-review/guys1L+Yyer9kzI3sp-pb0CG1j2bhflZGFUZOoIf1YOBAm37kEUOKR41ieUZm7ZJ/ugc-photo-ap-southeast-1-581603780057-acd24e232f75f09e/ACCOMMODATION/10649388_ACCOMMODATION_1561768514203_47273d8a6a9de7b1?_src=imagekit&tr=c-at_max,h-100,q-40,w-100","https://ik.imagekit.io/tvlk/ugc-review/guys1L+Yyer9kzI3sp-pb0CG1j2bhflZGFUZOoIf1YOBAm37kEUOKR41ieUZm7ZJ/ugc-photo-ap-southeast-1-581603780057-acd24e232f75f09e/ACCOMMODATION/10649388_ACCOMMODATION_1561768514204_bd9ebd28b23189f9?_src=imagekit&tr=c-at_max,h-100,q-40,w-100","https://ik.imagekit.io/tvlk/ugc-review/guys1L+Yyer9kzI3sp-pb0CG1j2bhflZGFUZOoIf1YOBAm37kEUOKR41ieUZm7ZJ/ugc-photo-ap-southeast-1-581603780057-acd24e232f75f09e/ACCOMMODATION/10649388_ACCOMMODATION_1561768514204_4107bc7f77581066?_src=imagekit&tr=c-at_max,h-100,q-40,w-100","https://ik.imagekit.io/tvlk/ugc-review/guys1L+Yyer9kzI3sp-pb0CG1j2bhflZGFUZOoIf1YOBAm37kEUOKR41ieUZm7ZJ/ugc-photo-ap-southeast-1-581603780057-acd24e232f75f09e/ACCOMMODATION/10649388_ACCOMMODATION_1561768514204_736a8eaedaa8a956?_src=imagekit&tr=c-at_max,h-100,q-40,w-100",,,,,,,,,,,,,,,,
https://www.traveloka.com/id-id/user/review/consumption/HOTEL/GENERAL/3000010015281,11,20,"Tempatnya nyaman, akses kemana-mana mudah.",Diulas 358 minggu lalu,"https://ik.imagekit.io/tvlk/ugc-review/guys1L+Yyer9kzI3sp-pb0CG1j2bhflZGFUZOoIf1YOBAm37kEUOKR41ieUZm7ZJ/ugc-photo-ap-southeast-1-581603780057-acd24e232f75f09e/ACCOMMODATION/126203756_ACCOMMODATION_1561674066405_424ca1e7edd43ce0?_src=imagekit&tr=c-at_max,h-100,q-40,w-100","https://ik.imagekit.io/tvlk/ugc-review/guys1L+Yyer9kzI3sp-pb0CG1j2bhflZGFUZOoIf1YOBAm37kEUOKR41ieUZm7ZJ/ugc-photo-ap-southeast-1-581603780057-acd24e232f75f09e/ACCOMMODATION/126203756_ACCOMMODATION_1561674066406_01d5cd3bbf89f543?_src=imagekit&tr=c-at_max,h-100,q-40,w-100",,,,,,,,,,,,,,,,,,
https://www.traveloka.com/id-id/user/review/consumption/HOTEL/GENERAL/3000010015281,11,21,"Fasilitas di hotel memuaskan, kebersihan top, makanan enak walau kurang beragam, pelayanan ramah, kolam renang bagus dan bersih. Kamar juga luas jadi buat liburan bersama keluarga cocok.",Diulas 358 minggu lalu,"https://ik.imagekit.io/tvlk/ugc-review/guys1L+Yyer9kzI3sp-pb0CG1j2bhflZGFUZOoIf1YOBAm37kEUOKR41ieUZm7ZJ/ugc-photo-ap-southeast-1-581603780057-acd24e232f75f09e/ACCOMMODATION/14215246_ACCOMMODATION_1561532415913_5e264a523490b12b?_src=imagekit&tr=c-at_max,h-100,q-40,w-100","https://ik.imagekit.io/tvlk/ugc-review/guys1L+Yyer9kzI3sp-pb0CG1j2bhflZGFUZOoIf1YOBAm37kEUOKR41ieUZm7ZJ/ugc-photo-ap-southeast-1-581603780057-acd24e232f75f09e/ACCOMMODATION/14215246_ACCOMMODATION_1561532415913_fba6e946cd14e34b?_src=imagekit&tr=c-at_max,h-100,q-40,w-100","https://ik.imagekit.io/tvlk/ugc-review/guys1L+Yyer9kzI3sp-pb0CG1j2bhflZGFUZOoIf1YOBAm37kEUOKR41ieUZm7ZJ/ugc-photo-ap-southeast-1-581603780057-acd24e232f75f09e/ACCOMMODATION/14215246_ACCOMMODATION_1561532703129_5c74fd7ee10330e9?_src=imagekit&tr=c-at_max,h-100,q-40,w-100",,,,,,,,,,,,,,,,,
https://www.traveloka.com/id-id/user/review/consumption/HOTEL/GENERAL/3000010015281,11,22,"Kamar bagus, pelayanan bagus, cuma breakfastnya kurang bagus masih kalah sama hotel-hotel lainnya. Menunya juga cuma sedikit beda sama hotel-hotel lainnya.",Diulas 359 minggu lalu,"https://ik.imagekit.io/tvlk/ugc-review/guys1L+Yyer9kzI3sp-pb0CG1j2bhflZGFUZOoIf1YOBAm37kEUOKR41ieUZm7ZJ/ugc-photo-ap-southeast-1-581603780057-acd24e232f75f09e/ACCOMMODATION/18660263_ACCOMMODATION_1561454574649_9c7f5b18bc237c95?_src=imagekit&tr=c-at_max,h-100,q-40,w-100",,,,,,,,,,,,,,,,,,,
https://www.traveloka.com/id-id/user/review/consumption/HOTEL/GENERAL/3000010015281,11,23,"Nyaman, kamar besar cuma tidak disediakan langsung untuk teh/kopi.",Diulas 359 minggu lalu,"https://ik.imagekit.io/tvlk/ugc-review/guys1L+Yyer9kzI3sp-pb0CG1j2bhflZGFUZOoIf1YOBAm37kEUOKR41ieUZm7ZJ/ugc-photo-ap-southeast-1-581603780057-acd24e232f75f09e/ACCOMMODATION/4328493_ACCOMMODATION_1561373617717_53de605895a47792?_src=imagekit&tr=c-at_max,h-100,q-40,w-100",,,,,,,,,,,,,,,,,,,
https://www.traveloka.com/id-id/user/review/consumption/HOTEL/GENERAL/3000010015281,11,24,Menikmati suasana sunset disore hari di atas rooftop hotel laut biru ummm amazing,Diulas 359 minggu lalu,"https://ik.imagekit.io/tvlk/ugc-review/guys1L+Yyer9kzI3sp-pb0CG1j2bhflZGFUZOoIf1YOBAm37kEUOKR41ieUZm7ZJ/ugc-photo-ap-southeast-1-581603780057-acd24e232f75f09e/ACCOMMODATION/28052773_ACCOMMODATION_1561342498401_f9ece32437ac71e7?_src=imagekit&tr=c-at_max,h-100,q-40,w-100",,,,,,,,,,,,,,,,,,,
https://www.traveloka.com/id-id/user/review/consumption/HOTEL/GENERAL/3000010015281,11,25,"Check-in jam tepat 2 siang, tetapi ketika mau masuk room, roomnya masih di pel, terpaksa nunggu yang ngepel kamar beres dulu. Tidak ada sikat gigi dan odol di kamar mandi dan cuma dikasih aqua galon sama teko pemanas tanpa kopi dan teh.",Diulas 359 minggu lalu,"https://ik.imagekit.io/tvlk/ugc-review/guys1L+Yyer9kzI3sp-pb0CG1j2bhflZGFUZOoIf1YOBAm37kEUOKR41ieUZm7ZJ/ugc-photo-ap-southeast-1-581603780057-acd24e232f75f09e/ACCOMMODATION/30057262_ACCOMMODATION_1561304409306_710f43ee7e5f6aa6?_src=imagekit&tr=c-at_max,h-100,q-40,w-100",,,,,,,,,,,,,,,,,,,
https://www.traveloka.com/id-id/user/review/consumption/HOTEL/GENERAL/3000010015281,11,26,"Lokasi hotel memang berdekatan dengan laut yang diperbolehkan bermain dan berenang, tetapi suasana hotel minim pemandangan laut kecuali di lantai 7, terlihat view nya laut, dan tempat parkirnya sulit, sehubungan lahan yang terbatas",Diulas 360 minggu lalu,"https://ik.imagekit.io/tvlk/ugc-review/guys1L+Yyer9kzI3sp-pb0CG1j2bhflZGFUZOoIf1YOBAm37kEUOKR41ieUZm7ZJ/ugc-photo-ap-southeast-1-581603780057-acd24e232f75f09e/ACCOMMODATION/6158976_ACCOMMODATION_1560850584603_47160b94013add20?_src=imagekit&tr=c-at_max,h-100,q-40,w-100",,,,,,,,,,,,,,,,,,,
https://www.traveloka.com/id-id/user/review/consumption/HOTEL/GENERAL/3000010015281,11,27,"Sudah pasti laut biru jadi destinasi menginap keluarga kami, pokoknya good dalam segala aspek, kalau boleh kasih masukan, untuk menu sarapan bisa diganti-ganti menu kali ya. Biar setiap kesitu tidak monoton itu-itu saja. Sukses selalu laut biru resort hotel.",Diulas 360 minggu lalu,"https://ik.imagekit.io/tvlk/ugc-review/guys1L+Yyer9kzI3sp-pb0CG1j2bhflZGFUZOoIf1YOBAm37kEUOKR41ieUZm7ZJ/ugc-photo-ap-southeast-1-581603780057-acd24e232f75f09e/ACCOMMODATION/115114347_ACCOMMODATION_1560750355087_8a62e2ff0bcac323?_src=imagekit&tr=c-at_max,h-100,q-40,w-100","https://ik.imagekit.io/tvlk/ugc-review/guys1L+Yyer9kzI3sp-pb0CG1j2bhflZGFUZOoIf1YOBAm37kEUOKR41ieUZm7ZJ/ugc-photo-ap-southeast-1-581603780057-acd24e232f75f09e/ACCOMMODATION/115114347_ACCOMMODATION_1560750355088_31164ce65e680653?_src=imagekit&tr=c-at_max,h-100,q-40,w-100",,,,,,,,,,,,,,,,,,
https://www.traveloka.com/id-id/user/review/consumption/HOTEL/GENERAL/3000010015281,11,28,"Pemandangan dari atap luar biasa. Kamarnya bersih, dan makanannya biasa saja. Bagus untuk liburan keluarga.",Diulas 360 minggu lalu,"https://ik.imagekit.io/tvlk/ugc-review/guys1L+Yyer9kzI3sp-pb0CG1j2bhflZGFUZOoIf1YOBAm37kEUOKR41ieUZm7ZJ/ugc-photo-ap-southeast-1-581603780057-acd24e232f75f09e/ACCOMMODATION/5172655_ACCOMMODATION_1560783220296_9f740522b4c3f60f?_src=imagekit&tr=c-at_max,h-100,q-40,w-100",,,,,,,,,,,,,,,,,,,
https://www.traveloka.com/id-id/user/review/consumption/HOTEL/GENERAL/3000010015281,11,29,"Keluarga saya sangat happy, tapi sarapannya tidak teratur bisa diperbaiki lagi, lumayan recommended.",Diulas 360 minggu lalu,"https://ik.imagekit.io/tvlk/ugc-review/guys1L+Yyer9kzI3sp-pb0CG1j2bhflZGFUZOoIf1YOBAm37kEUOKR41ieUZm7ZJ/ugc-photo-ap-southeast-1-581603780057-acd24e232f75f09e/ACCOMMODATION/123361797_ACCOMMODATION_1560738556679_76da52ffa199e8dd?_src=imagekit&tr=c-at_max,h-100,q-40,w-100",,,,,,,,,,,,,,,,,,,
https://www.traveloka.com/id-id/user/review/consumption/HOTEL/GENERAL/3000010015281,11,30,"Kamar family room-nya luas dan nyaman. Hanya saja ketika datang sepertinya kamar belum siap benar, seperti toiletries dan sendal kamar harus diminta. Sarapan buffet juga kurang variatif. Overall lumayan lah.",Diulas 360 minggu lalu,"https://ik.imagekit.io/tvlk/ugc-review/guys1L+Yyer9kzI3sp-pb0CG1j2bhflZGFUZOoIf1YOBAm37kEUOKR41ieUZm7ZJ/ugc-photo-ap-southeast-1-581603780057-acd24e232f75f09e/ACCOMMODATION/88810717_ACCOMMODATION_1560645108401_1daae4f1a696f1b3?_src=imagekit&tr=c-at_max,h-100,q-40,w-100",,,,,,,,,,,,,,,,,,,
https://www.traveloka.com/id-id/user/review/consumption/HOTEL/GENERAL/3000010015281,11,31,Sesuai yang di pesan pict-nya dari Traveloka.,Diulas 360 minggu lalu,"https://ik.imagekit.io/tvlk/ugc-review/guys1L+Yyer9kzI3sp-pb0CG1j2bhflZGFUZOoIf1YOBAm37kEUOKR41ieUZm7ZJ/ugc-photo-ap-southeast-1-581603780057-acd24e232f75f09e/ACCOMMODATION/7811377_ACCOMMODATION_1560230022448_1e11ed830a8247fd?_src=imagekit&tr=c-at_max,h-100,q-40,w-100",,,,,,,,,,,,,,,,,,,
https://www.traveloka.com/id-id/user/review/consumption/HOTEL/GENERAL/3000010015281,11,32,"Hotelnya nyaman, bersih dan lokasi dekat ke pantai barat dan timur, pokoknya memuaskan, next time pasti kesini lagi.",Diulas 360 minggu lalu,"https://ik.imagekit.io/tvlk/ugc-review/guys1L+Yyer9kzI3sp-pb0CG1j2bhflZGFUZOoIf1YOBAm37kEUOKR41ieUZm7ZJ/ugc-photo-ap-southeast-1-581603780057-acd24e232f75f09e/ACCOMMODATION/84365103_ACCOMMODATION_1560490819657_eace0abb6e0ae0bb?_src=imagekit&tr=c-at_max,h-100,q-40,w-100","https://ik.imagekit.io/tvlk/ugc-review/guys1L+Yyer9kzI3sp-pb0CG1j2bhflZGFUZOoIf1YOBAm37kEUOKR41ieUZm7ZJ/ugc-photo-ap-southeast-1-581603780057-acd24e232f75f09e/ACCOMMODATION/84365103_ACCOMMODATION_1560490819657_e436190bbdeeb10d?_src=imagekit&tr=c-at_max,h-100,q-40,w-100","https://ik.imagekit.io/tvlk/ugc-review/guys1L+Yyer9kzI3sp-pb0CG1j2bhflZGFUZOoIf1YOBAm37kEUOKR41ieUZm7ZJ/ugc-photo-ap-southeast-1-581603780057-acd24e232f75f09e/ACCOMMODATION/84365103_ACCOMMODATION_1560490819657_8b7a1b216aa35a50?_src=imagekit&tr=c-at_max,h-100,q-40,w-100","https://ik.imagekit.io/tvlk/ugc-review/guys1L+Yyer9kzI3sp-pb0CG1j2bhflZGFUZOoIf1YOBAm37kEUOKR41ieUZm7ZJ/ugc-photo-ap-southeast-1-581603780057-acd24e232f75f09e/ACCOMMODATION/84365103_ACCOMMODATION_1560490819657_dd8c84587b635bbc?_src=imagekit&tr=c-at_max,h-100,q-40,w-100","https://ik.imagekit.io/tvlk/ugc-review/guys1L+Yyer9kzI3sp-pb0CG1j2bhflZGFUZOoIf1YOBAm37kEUOKR41ieUZm7ZJ/ugc-photo-ap-southeast-1-581603780057-acd24e232f75f09e/ACCOMMODATION/84365103_ACCOMMODATION_1560490819658_54be7ee472a08c00?_src=imagekit&tr=c-at_max,h-100,q-40,w-100","https://ik.imagekit.io/tvlk/ugc-review/guys1L+Yyer9kzI3sp-pb0CG1j2bhflZGFUZOoIf1YOBAm37kEUOKR41ieUZm7ZJ/ugc-photo-ap-southeast-1-581603780057-acd24e232f75f09e/ACCOMMODATION/84365103_ACCOMMODATION_1560490819658_60189ed2abb90371?_src=imagekit&tr=c-at_max,h-100,q-40,w-100",,,,,,,,,,,,,,
https://www.traveloka.com/id-id/user/review/consumption/HOTEL/GENERAL/3000010015281,11,33,Hotel laut biru sangat recommended buat kalian yang ingin liburan dengan tempat yang nyaman dan pemandangan yang sangat indah apalagi buat kalian yang suka foto-foto disini bagus banget spot untuk foto-fotonya 💛,Diulas 360 minggu lalu,"https://ik.imagekit.io/tvlk/ugc-review/guys1L+Yyer9kzI3sp-pb0CG1j2bhflZGFUZOoIf1YOBAm37kEUOKR41ieUZm7ZJ/ugc-photo-ap-southeast-1-581603780057-acd24e232f75f09e/ACCOMMODATION/31460063_ACCOMMODATION_1560412469459_80756b2ad164503c?_src=imagekit&tr=c-at_max,h-100,q-40,w-100","https://ik.imagekit.io/tvlk/ugc-review/guys1L+Yyer9kzI3sp-pb0CG1j2bhflZGFUZOoIf1YOBAm37kEUOKR41ieUZm7ZJ/ugc-photo-ap-southeast-1-581603780057-acd24e232f75f09e/ACCOMMODATION/31460063_ACCOMMODATION_1560412544763_b5f9803583c957a9?_src=imagekit&tr=c-at_max,h-100,q-40,w-100","https://ik.imagekit.io/tvlk/ugc-review/guys1L+Yyer9kzI3sp-pb0CG1j2bhflZGFUZOoIf1YOBAm37kEUOKR41ieUZm7ZJ/ugc-photo-ap-southeast-1-581603780057-acd24e232f75f09e/ACCOMMODATION/31460063_ACCOMMODATION_1560412544764_5eb8e84a182df045?_src=imagekit&tr=c-at_max,h-100,q-40,w-100",,,,,,,,,,,,,,,,,
https://www.traveloka.com/id-id/user/review/consumption/HOTEL/GENERAL/3000010015281,11,34,"Kalau mau yang langsung menghadap ke view indah ini pilihnya yang new karena itu bangunan baru. Begitu masuk pintu kamar langsung terlihat waterboom, anak-anak yang sudah perjalan jauh begitu datang melihat ini langsung semangat berenang apalagi ada perosotan segla, Begitu masuk kamar wuiz, kamarnya luas, kamar luas dan view depan menghadap samping jalan terlihat toko-toko yang berjualan, mau ke pantai tinggal jalan kaki, Mau ke crecf ada depan hotel pula, cari tukang baso, es podeng, rujak, yang jualan pada berjejer, mantap pokoknya. View lantai atas enak buat jepret-jepret selfie, indah pemandangannya karena langsung menghadap ke pantai, keren deh. Kekurangannya parkiran sudah disediakan masih saja penuh tapi karena depan pantainya jadi begitu tidak dapat parkir ya parkir dekat pantai aja pas menghadap hotel, Air minum dikasih yang model jadul pake galon dan keramik air tapi disediakan untuk pemanas airnya, tidak ada sikat gigi, tidak ada teh seduh atau kopi, Sabun dan shampoo tempel di tembok seperti di rumahan dan tidak ada sendal buat di kamar, mungkin harus diminta dulu kale ya. Breakfastnya biasa Az tapi cukup mengenyangkan lah, saya senang di hotel ini anak-anak kecil tidak dihitung, mbak-mbaknya ramah pula.",Diulas 361 minggu lalu,"https://ik.imagekit.io/tvlk/ugc-review/guys1L+Yyer9kzI3sp-pb0CG1j2bhflZGFUZOoIf1YOBAm37kEUOKR41ieUZm7ZJ/ugc-photo-ap-southeast-1-581603780057-acd24e232f75f09e/ACCOMMODATION/4228862_ACCOMMODATION_1560244211523_d1ab5a10fd9baf6f?_src=imagekit&tr=c-at_max,h-100,q-40,w-100","https://ik.imagekit.io/tvlk/ugc-review/guys1L+Yyer9kzI3sp-pb0CG1j2bhflZGFUZOoIf1YOBAm37kEUOKR41ieUZm7ZJ/ugc-photo-ap-southeast-1-581603780057-acd24e232f75f09e/ACCOMMODATION/4228862_ACCOMMODATION_1560244211524_4aedc16283b36229?_src=imagekit&tr=c-at_max,h-100,q-40,w-100","https://ik.imagekit.io/tvlk/ugc-review/guys1L+Yyer9kzI3sp-pb0CG1j2bhflZGFUZOoIf1YOBAm37kEUOKR41ieUZm7ZJ/ugc-photo-ap-southeast-1-581603780057-acd24e232f75f09e/ACCOMMODATION/4228862_ACCOMMODATION_1560244211524_65269a815a684fc8?_src=imagekit&tr=c-at_max,h-100,q-40,w-100",,,,,,,,,,,,,,,,,
https://www.traveloka.com/id-id/user/review/consumption/HOTEL/GENERAL/3000010015281,11,35,"Kamar sangat bersih, baik, pelayanan terbaik, view bagus, strategis, terbaik untuk hotel laut biru.",Diulas 361 minggu lalu,"https://ik.imagekit.io/tvlk/ugc-review/guys1L+Yyer9kzI3sp-pb0CG1j2bhflZGFUZOoIf1YOBAm37kEUOKR41ieUZm7ZJ/ugc-photo-ap-southeast-1-581603780057-acd24e232f75f09e/ACCOMMODATION/122972400_ACCOMMODATION_1560207921738_423495e94500864e?_src=imagekit&tr=c-at_max,h-100,q-40,w-100",,,,,,,,,,,,,,,,,,,
https://www.traveloka.com/id-id/user/review/consumption/HOTEL/GENERAL/3000010015281,11,36,"Pelayanannya baik, tapi ada juga negatifnya lain kali ditingkatkan lagi pelayanannya.",Diulas 361 minggu lalu,"https://ik.imagekit.io/tvlk/ugc-review/guys1L+Yyer9kzI3sp-pb0CG1j2bhflZGFUZOoIf1YOBAm37kEUOKR41ieUZm7ZJ/ugc-photo-ap-southeast-1-581603780057-acd24e232f75f09e/ACCOMMODATION/24204141_ACCOMMODATION_1560192226689_8c901cbfb5dc4121?_src=imagekit&tr=c-at_max,h-100,q-40,w-100",,,,,,,,,,,,,,,,,,,
https://www.traveloka.com/id-id/user/review/consumption/HOTEL/GENERAL/3000010015281,11,37,"View dari hotelnya bagus banget keliatan ke pantai barat dan pantai timurnya, lokasinya dekat ke pantai. Tapi buat dapatin sendal dan peralatan mandinya harus request dulu tidak langsung dikasih di kamarnya.",Diulas 361 minggu lalu,"https://ik.imagekit.io/tvlk/ugc-review/guys1L+Yyer9kzI3sp-pb0CG1j2bhflZGFUZOoIf1YOBAm37kEUOKR41ieUZm7ZJ/ugc-photo-ap-southeast-1-581603780057-acd24e232f75f09e/ACCOMMODATION/83969742_ACCOMMODATION_1560165351855_e2febec096c715b5?_src=imagekit&tr=c-at_max,h-100,q-40,w-100",,,,,,,,,,,,,,,,,,,
https://www.traveloka.com/id-id/user/review/consumption/HOTEL/GENERAL/3000010015281,11,38,"Hotelnya bagus cocok buat main anak-anak ada waterboomnya dan lumayan mahal karena ambil yang family tapi tidak disiapin gula, kopi, teh dari hotel. Karyawannya pada jutek. Makan breakfastnya tidak ada varian lain.",Diulas 361 minggu lalu,"https://ik.imagekit.io/tvlk/ugc-review/guys1L+Yyer9kzI3sp-pb0CG1j2bhflZGFUZOoIf1YOBAm37kEUOKR41ieUZm7ZJ/ugc-photo-ap-southeast-1-581603780057-acd24e232f75f09e/ACCOMMODATION/5551454_ACCOMMODATION_1560140899113_55fc257a9f5aca02?_src=imagekit&tr=c-at_max,h-100,q-40,w-100",,,,,,,,,,,,,,,,,,,
https://www.traveloka.com/id-id/user/review/consumption/HOTEL/GENERAL/3000010015281,11,39,"Kamar tidak begitu luas kebetulan kamar kami juga tidak ada pemandangan ke kolam atau laut, fasilitas lain oke, pelayanan oke, makanan enak juga.",Diulas 361 minggu lalu,"https://ik.imagekit.io/tvlk/ugc-review/guys1L+Yyer9kzI3sp-pb0CG1j2bhflZGFUZOoIf1YOBAm37kEUOKR41ieUZm7ZJ/ugc-photo-ap-southeast-1-581603780057-acd24e232f75f09e/ACCOMMODATION/19587302_ACCOMMODATION_1560146189919_a0fb22ca1a62aa28?_src=imagekit&tr=c-at_max,h-100,q-40,w-100",,,,,,,,,,,,,,,,,,,
https://www.traveloka.com/id-id/user/review/consumption/HOTEL/GENERAL/3000010015281,11,40,"Kamarnya luas untuk 4 tamu dewasa, sarapan juga kupon untuk 4 orang dewasa, anak-anak tidak dihitung, memang sarapannya kurang nendang. Ada CFC sebelah hotel atau bisa pesan makanan ojek online kalau pengin nyari makanan yang mantap, pantai? tinggal nyebrang super dekat. Kolam renangnya bikin anak-anak betah ada perosotan yang panjang berputar.",Diulas 361 minggu lalu,"https://ik.imagekit.io/tvlk/ugc-review/guys1L+Yyer9kzI3sp-pb0CG1j2bhflZGFUZOoIf1YOBAm37kEUOKR41ieUZm7ZJ/ugc-photo-ap-southeast-1-581603780057-acd24e232f75f09e/ACCOMMODATION/8359182_ACCOMMODATION_1560085997123_3becc9b98fa03c39?_src=imagekit&tr=c-at_max,h-100,q-40,w-100","https://ik.imagekit.io/tvlk/ugc-review/guys1L+Yyer9kzI3sp-pb0CG1j2bhflZGFUZOoIf1YOBAm37kEUOKR41ieUZm7ZJ/ugc-photo-ap-southeast-1-581603780057-acd24e232f75f09e/ACCOMMODATION/8359182_ACCOMMODATION_1560085997123_7239ca3736c30dad?_src=imagekit&tr=c-at_max,h-100,q-40,w-100","https://ik.imagekit.io/tvlk/ugc-review/guys1L+Yyer9kzI3sp-pb0CG1j2bhflZGFUZOoIf1YOBAm37kEUOKR41ieUZm7ZJ/ugc-photo-ap-southeast-1-581603780057-acd24e232f75f09e/ACCOMMODATION/8359182_ACCOMMODATION_1560085997123_ccc66c63a330391d?_src=imagekit&tr=c-at_max,h-100,q-40,w-100",,,,,,,,,,,,,,,,,
https://www.traveloka.com/id-id/user/review/consumption/HOTEL/GENERAL/3000010015281,12,1,"Saya dapet referensi dr temen dan penilaian lihat ulasan yg ada! Tp ternyata ini sangat jauh dr kata puas terutama parkiran dan makanannya! Utk Parkir sangat susah padahal dijalan depan hotel juga ma macet/ken jalan kecil! Makanan sangat tidak layak jika kita ukur dr uang yg kita keluarkan dr kantong kita. Bahkan saya kebingungan utk memberi angka dalam skala penilaian! Angka brp yg layak??? Bayangkan dgn family room saya mengeluarkan 1.7 dan breakfast *maaf, gak lebih dr level losmen!!!! Suasana restaurant juga sangat krodit! Kacau dan bikin Hilang nafsu makan saat udah berada direstaurant yg jika boleh saya bisa bilang ini spt pasar pagi! Untungnya tdk jauh dr hotel ini ada hotel lain walau dgn bintang sama tp cukup punya nama dan teruji dgn segala fasilitas & makanannya, jadilah buat luch & dinners kita pindah makan ke hotel tetangga!",Diulas 361 minggu lalu,"https://ik.imagekit.io/tvlk/ugc-review/guys1L+Yyer9kzI3sp-pb0CG1j2bhflZGFUZOoIf1YOBAm37kEUOKR41ieUZm7ZJ/ugc-photo-ap-southeast-1-581603780057-acd24e232f75f09e/ACCOMMODATION/3903074_ACCOMMODATION_1559957146851_b8ad8bc541a29fbb?_src=imagekit&tr=c-at_max,h-100,q-40,w-100",,,,,,,,,,,,,,,,,,,
https://www.traveloka.com/id-id/user/review/consumption/HOTEL/GENERAL/3000010015281,12,2,"Hotel bersih, nyaman dan pemandangan bagus.",Diulas 361 minggu lalu,"https://ik.imagekit.io/tvlk/ugc-review/guys1L+Yyer9kzI3sp-pb0CG1j2bhflZGFUZOoIf1YOBAm37kEUOKR41ieUZm7ZJ/ugc-photo-ap-southeast-1-581603780057-acd24e232f75f09e/ACCOMMODATION/53485470_ACCOMMODATION_1559794372152_a894c7b4b7fbc14b?_src=imagekit&tr=c-at_max,h-100,q-40,w-100",,,,,,,,,,,,,,,,,,,
https://www.traveloka.com/id-id/user/review/consumption/HOTEL/GENERAL/3000010015281,12,3,"Selain kamarnya bersih dan rapi, pelayanannya baik, ramah dan cepat.",Diulas 363 minggu lalu,"https://ik.imagekit.io/tvlk/ugc-review/guys1L+Yyer9kzI3sp-pb0CG1j2bhflZGFUZOoIf1YOBAm37kEUOKR41ieUZm7ZJ/ugc-photo-ap-southeast-1-581603780057-acd24e232f75f09e/ACCOMMODATION/17442534_ACCOMMODATION_1559051136598_2e3e69adc05ba73d?_src=imagekit&tr=c-at_max,h-100,q-40,w-100","https://ik.imagekit.io/tvlk/ugc-review/guys1L+Yyer9kzI3sp-pb0CG1j2bhflZGFUZOoIf1YOBAm37kEUOKR41ieUZm7ZJ/ugc-photo-ap-southeast-1-581603780057-acd24e232f75f09e/ACCOMMODATION/17442534_ACCOMMODATION_1559051136598_77034e77674a3d06?_src=imagekit&tr=c-at_max,h-100,q-40,w-100","https://ik.imagekit.io/tvlk/ugc-review/guys1L+Yyer9kzI3sp-pb0CG1j2bhflZGFUZOoIf1YOBAm37kEUOKR41ieUZm7ZJ/ugc-photo-ap-southeast-1-581603780057-acd24e232f75f09e/ACCOMMODATION/17442534_ACCOMMODATION_1559051136598_1ccda4ebf246b8ba?_src=imagekit&tr=c-at_max,h-100,q-40,w-100",,,,,,,,,,,,,,,,,
https://www.traveloka.com/id-id/user/review/consumption/HOTEL/GENERAL/3000010015281,12,4,"Tempatnya mantap, pelayanan ramah, banyak spot selfie dekat dengan pantai.",Diulas 365 minggu lalu,"https://ik.imagekit.io/tvlk/ugc-review/guys1L+Yyer9kzI3sp-pb0CG1j2bhflZGFUZOoIf1YOBAm37kEUOKR41ieUZm7ZJ/ugc-photo-ap-southeast-1-581603780057-acd24e232f75f09e/ACCOMMODATION/117240942_ACCOMMODATION_1556805756018_22d8aaeb43c808a8?_src=imagekit&tr=c-at_max,h-100,q-40,w-100",,,,,,,,,,,,,,,,,,,
https://www.traveloka.com/id-id/user/review/consumption/HOTEL/GENERAL/3000010015281,12,5,"Pelayanannya sangat kurang memuaskan, tidak ada welcome drink, tidak ada kopi atau teh, sarapannya kurang enak, yang terobati pemandangannya bagus.",Diulas 365 minggu lalu,"https://ik.imagekit.io/tvlk/ugc-review/guys1L+Yyer9kzI3sp-pb0CG1j2bhflZGFUZOoIf1YOBAm37kEUOKR41ieUZm7ZJ/ugc-photo-ap-southeast-1-581603780057-acd24e232f75f09e/ACCOMMODATION/72046845_ACCOMMODATION_1557332983214_f2450ee36d8aec20?_src=imagekit&tr=c-at_max,h-100,q-40,w-100",,,,,,,,,,,,,,,,,,,
https://www.traveloka.com/id-id/user/review/consumption/HOTEL/GENERAL/3000010015281,12,6,"Mantap, pelayanan ramah dari rooftop bisa lihat sunrise dan sunset",Diulas 366 minggu lalu,"https://ik.imagekit.io/tvlk/ugc-review/guys1L+Yyer9kzI3sp-pb0CG1j2bhflZGFUZOoIf1YOBAm37kEUOKR41ieUZm7ZJ/ugc-photo-ap-southeast-1-581603780057-acd24e232f75f09e/ACCOMMODATION/117238725_ACCOMMODATION_1556944496668_e5e43371c91bd65d?_src=imagekit&tr=c-at_max,h-100,q-40,w-100","https://ik.imagekit.io/tvlk/ugc-review/guys1L+Yyer9kzI3sp-pb0CG1j2bhflZGFUZOoIf1YOBAm37kEUOKR41ieUZm7ZJ/ugc-photo-ap-southeast-1-581603780057-acd24e232f75f09e/ACCOMMODATION/117238725_ACCOMMODATION_1557045098904_c1c8441b52d024f0?_src=imagekit&tr=c-at_max,h-100,q-40,w-100",,,,,,,,,,,,,,,,,,
https://www.traveloka.com/id-id/user/review/consumption/HOTEL/GENERAL/3000010015281,12,7,Kamarnya luas dan enak. Walaupun fasilitasnya standar. Sarapannya enak. strategis dekat kemana-mana,Diulas 366 minggu lalu,"https://ik.imagekit.io/tvlk/ugc-review/guys1L+Yyer9kzI3sp-pb0CG1j2bhflZGFUZOoIf1YOBAm37kEUOKR41ieUZm7ZJ/ugc-photo-ap-southeast-1-581603780057-acd24e232f75f09e/ACCOMMODATION/5078902_ACCOMMODATION_1556689044378_a235a7c3d7f2ad49?_src=imagekit&tr=c-at_max,h-100,q-40,w-100",,,,,,,,,,,,,,,,,,,
https://www.traveloka.com/id-id/user/review/consumption/HOTEL/GENERAL/3000010015281,12,8,"Lokasi strategis ke pantai tinggal nyebrang. Kamar nyaman tapi sikat gigi sama sandal harus diminta terus di kamar cuma ada air minum tidak ada gula teh biasanya di hotel lain selalu ada. Untuk sarapan buruk sekali tidak setara dengan kemegahan hotel sangat di bawah standar cuma ada nasi goreng, bubur sama roti saja minumnya cuma air putih, teh, tidak ada jus dan buahan terus tidak ada menu dagingnya.",Diulas 367 minggu lalu,"https://ik.imagekit.io/tvlk/ugc-review/guys1L+Yyer9kzI3sp-pb0CG1j2bhflZGFUZOoIf1YOBAm37kEUOKR41ieUZm7ZJ/ugc-photo-ap-southeast-1-581603780057-acd24e232f75f09e/ACCOMMODATION/7592591_ACCOMMODATION_1556549780138_d79acfa394eab0d7?_src=imagekit&tr=c-at_max,h-100,q-40,w-100","https://ik.imagekit.io/tvlk/ugc-review/guys1L+Yyer9kzI3sp-pb0CG1j2bhflZGFUZOoIf1YOBAm37kEUOKR41ieUZm7ZJ/ugc-photo-ap-southeast-1-581603780057-acd24e232f75f09e/ACCOMMODATION/7592591_ACCOMMODATION_1556549780138_7a50e4d510fb1480?_src=imagekit&tr=c-at_max,h-100,q-40,w-100","https://ik.imagekit.io/tvlk/ugc-review/guys1L+Yyer9kzI3sp-pb0CG1j2bhflZGFUZOoIf1YOBAm37kEUOKR41ieUZm7ZJ/ugc-photo-ap-southeast-1-581603780057-acd24e232f75f09e/ACCOMMODATION/7592591_ACCOMMODATION_1556549780139_8213a68c7e3b838b?_src=imagekit&tr=c-at_max,h-100,q-40,w-100",,,,,,,,,,,,,,,,,
https://www.traveloka.com/id-id/user/review/consumption/HOTEL/GENERAL/3000010015281,12,9,Nyaman dan lokasi dekat pantai.,Diulas 367 minggu lalu,"https://ik.imagekit.io/tvlk/ugc-review/guys1L+Yyer9kzI3sp-pb0CG1j2bhflZGFUZOoIf1YOBAm37kEUOKR41ieUZm7ZJ/ugc-photo-ap-southeast-1-581603780057-acd24e232f75f09e/ACCOMMODATION/113534189_ACCOMMODATION_1556270535913_adac0efd77e93d47?_src=imagekit&tr=c-at_max,h-100,q-40,w-100",,,,,,,,,,,,,,,,,,,
https://www.traveloka.com/id-id/user/review/consumption/HOTEL/GENERAL/3000010015281,12,10,Kamar lumayan nyaman walau agak sempit karena yang murah. Makanan enak dan bervariasi. Cuma karyawannya kurang ramah. Terutama front officenya ampun jutek banget.,Diulas 368 minggu lalu,"https://ik.imagekit.io/tvlk/ugc-review/guys1L+Yyer9kzI3sp-pb0CG1j2bhflZGFUZOoIf1YOBAm37kEUOKR41ieUZm7ZJ/ugc-photo-ap-southeast-1-581603780057-acd24e232f75f09e/ACCOMMODATION/17559628_ACCOMMODATION_1555904329782_ab7d0b4f533b0004?_src=imagekit&tr=c-at_max,h-100,q-40,w-100",,,,,,,,,,,,,,,,,,,
https://www.traveloka.com/id-id/user/review/consumption/HOTEL/GENERAL/3000010015281,12,11,"Semuanya bagus, semoga di lain kesempatan bisa berkunjung ke sini lagi.",Diulas 368 minggu lalu,"https://ik.imagekit.io/tvlk/ugc-review/guys1L+Yyer9kzI3sp-pb0CG1j2bhflZGFUZOoIf1YOBAm37kEUOKR41ieUZm7ZJ/ugc-photo-ap-southeast-1-581603780057-acd24e232f75f09e/ACCOMMODATION/39476922_ACCOMMODATION_1555942553089_82bd56692bd7262d?_src=imagekit&tr=c-at_max,h-100,q-40,w-100",,,,,,,,,,,,,,,,,,,
https://www.traveloka.com/id-id/user/review/consumption/HOTEL/GENERAL/3000010015281,12,12,"Liburan di pangandaran menginap di hotel ini bersama keluarga, saya pesan family room ada 2 tempat tidur king, 1 bed bisa buat bertiga, Cuma sayang dapat kamar di gedung hotel yang lama, kalau bisa minta di gedung baru saja, karena kamarnya lebih bagus, lebih asik juga ada waterboom dan lift, Puas foto-foto di atas gedung baru lantai 7, harus foto rugi kalau tidak.",Diulas 368 minggu lalu,"https://ik.imagekit.io/tvlk/ugc-review/guys1L+Yyer9kzI3sp-pb0CG1j2bhflZGFUZOoIf1YOBAm37kEUOKR41ieUZm7ZJ/ugc-photo-ap-southeast-1-581603780057-acd24e232f75f09e/ACCOMMODATION/14468756_ACCOMMODATION_1555914023026_47bb7961a69f42ed?_src=imagekit&tr=c-at_max,h-100,q-40,w-100","https://ik.imagekit.io/tvlk/ugc-review/guys1L+Yyer9kzI3sp-pb0CG1j2bhflZGFUZOoIf1YOBAm37kEUOKR41ieUZm7ZJ/ugc-photo-ap-southeast-1-581603780057-acd24e232f75f09e/ACCOMMODATION/14468756_ACCOMMODATION_1555914023027_1f37d177f908d17b?_src=imagekit&tr=c-at_max,h-100,q-40,w-100","https://ik.imagekit.io/tvlk/ugc-review/guys1L+Yyer9kzI3sp-pb0CG1j2bhflZGFUZOoIf1YOBAm37kEUOKR41ieUZm7ZJ/ugc-photo-ap-southeast-1-581603780057-acd24e232f75f09e/ACCOMMODATION/14468756_ACCOMMODATION_1555914023027_dc53809f22bf0ef1?_src=imagekit&tr=c-at_max,h-100,q-40,w-100",,,,,,,,,,,,,,,,,
https://www.traveloka.com/id-id/user/review/consumption/HOTEL/GENERAL/3000010015281,12,13,"Makanannya standar hotel biasa, cuma ada roti, nasi gr, bubur, dan omelet, dan camilan seperti pisang goreng. tidak ada dagingnya kalau ada yang habis, Harus di minta. Kemarin tidak ada buah, jadi saya minta, baru disediakan. Sandal dan peralatan mandi seperti sikat gigi harus diminta.",Diulas 371 minggu lalu,"https://ik.imagekit.io/tvlk/ugc-review/guys1L+Yyer9kzI3sp-pb0CG1j2bhflZGFUZOoIf1YOBAm37kEUOKR41ieUZm7ZJ/ugc-photo-ap-southeast-1-581603780057-acd24e232f75f09e/ACCOMMODATION/8406963_ACCOMMODATION_1553762675576_e7cd877f635f12d5?_src=imagekit&tr=c-at_max,h-100,q-40,w-100",,,,,,,,,,,,,,,,,,,
https://www.traveloka.com/id-id/user/review/consumption/HOTEL/GENERAL/3000010015281,12,14,"kamar bersih, keramahan luar biasa, pemandangan indah ... 😍",Diulas 372 minggu lalu,"https://ik.imagekit.io/tvlk/ugc-review/guys1L+Yyer9kzI3sp-pb0CG1j2bhflZGFUZOoIf1YOBAm37kEUOKR41ieUZm7ZJ/ugc-photo-ap-southeast-1-581603780057-acd24e232f75f09e/ACCOMMODATION/109611232_ACCOMMODATION_1553273482178_a2d34e08f99a864a?_src=imagekit&tr=c-at_max,h-100,q-40,w-100","https://ik.imagekit.io/tvlk/ugc-review/guys1L+Yyer9kzI3sp-pb0CG1j2bhflZGFUZOoIf1YOBAm37kEUOKR41ieUZm7ZJ/ugc-photo-ap-southeast-1-581603780057-acd24e232f75f09e/ACCOMMODATION/109611232_ACCOMMODATION_1553273482178_1596dc307f292977?_src=imagekit&tr=c-at_max,h-100,q-40,w-100",,,,,,,,,,,,,,,,,,
https://www.traveloka.com/id-id/user/review/consumption/HOTEL/GENERAL/3000010015281,12,15,"Pengalaman menginap di laut biru sangat menyenangkan, karyawannya ramah, menu sarapan variatif, kamar dan kamar mandi bersih, Ke pantai cuma dekat banget cuma nyebrang doang. Suatu saat kami akan kembali?",Diulas 372 minggu lalu,"https://ik.imagekit.io/tvlk/ugc-review/guys1L+Yyer9kzI3sp-pb0CG1j2bhflZGFUZOoIf1YOBAm37kEUOKR41ieUZm7ZJ/ugc-photo-ap-southeast-1-581603780057-acd24e232f75f09e/ACCOMMODATION/88223207_ACCOMMODATION_1553066157599_a3d86cb208bb5583?_src=imagekit&tr=c-at_max,h-100,q-40,w-100","https://ik.imagekit.io/tvlk/ugc-review/guys1L+Yyer9kzI3sp-pb0CG1j2bhflZGFUZOoIf1YOBAm37kEUOKR41ieUZm7ZJ/ugc-photo-ap-southeast-1-581603780057-acd24e232f75f09e/ACCOMMODATION/88223207_ACCOMMODATION_1553066157600_3abeb06cc2349ee4?_src=imagekit&tr=c-at_max,h-100,q-40,w-100",,,,,,,,,,,,,,,,,,
https://www.traveloka.com/id-id/user/review/consumption/HOTEL/GENERAL/3000010015281,12,16,"Kamar sesuai gambar di web, ada dispenser, teko listrik, kulkas, AC dingin, water heater nyala, fasilitas kamar oke pokoknya! Pemandangan di lantai 7 juga mantap, memang cocok buat foto-foto, highlightnya sih kolam renangnya, anak-anak super happy disini. Ke pantai pun tinggal nyebrang doang. Minusnya cuma satu: sarapan kurang variatif sih, tapi tetep mengenyangkan 👌",Diulas 373 minggu lalu,"https://ik.imagekit.io/tvlk/ugc-review/guys1L+Yyer9kzI3sp-pb0CG1j2bhflZGFUZOoIf1YOBAm37kEUOKR41ieUZm7ZJ/ugc-photo-ap-southeast-1-581603780057-acd24e232f75f09e/ACCOMMODATION/2122353_ACCOMMODATION_1552879525883_d5b20e9122bd2f5a?_src=imagekit&tr=c-at_max,h-100,q-40,w-100","https://ik.imagekit.io/tvlk/ugc-review/guys1L+Yyer9kzI3sp-pb0CG1j2bhflZGFUZOoIf1YOBAm37kEUOKR41ieUZm7ZJ/ugc-photo-ap-southeast-1-581603780057-acd24e232f75f09e/ACCOMMODATION/2122353_ACCOMMODATION_1552879490991_d904f157c518dd85?_src=imagekit&tr=c-at_max,h-100,q-40,w-100",,,,,,,,,,,,,,,,,,
https://www.traveloka.com/id-id/user/review/consumption/HOTEL/GENERAL/3000010015281,12,17,"Hotel ini sangat cocok untuk membawa berlibur keluarga besar. Fasilitas kolam renangnya oke banget, lengkap dengan waterboom untuk berenang anak balita dan dewasa. Pemandangan laut dari atas lantai 7 keren banget bisa melihat keseluruhan pemandangan pantai barat dan pantai timur Pangandaran. Saya datang bersama keluarga besar saya, menginap di kamar tife mezzanine, secara keseluruhan kamarnya nyaris sempurna hanya saja tidak ada fasilitas sandal, kopi, teh, gula, creamer. Untuk menu sarapan pagi memang kurang, untuk nasi goreng, nasinya keras rasa kurang enak, bihun gorengnya juga rasa kurang enak, bubur dan soto, dadar telor, roti rasa lumayan, hanya saja tidak ada buah-buahan dan salad, padahal menu ini menurut saya wajib ada di setiap menu restoran sekelas hotel berbintang. Kelebihan hotel ini juga memiliki area parkir yang luasa dan letaknya persis berhadapan dengan pantai barat Pangandaran, lalu setiap kali ada keluhan dan ada tamu yang meminta bantuan, karyawan selalu siap cekatan melaksanakan keluhan tamu. Dengan berbagai kelebihan dan kekurangan yang dimiliki hotel ini, kesimpulannya saya tidak menyesal membawa keluarga menginap di sini, kedepannya jika saya ke Pangandaran lagi, saya akan membawa keluarga menginap lagi di sini.",Diulas 373 minggu lalu,"https://ik.imagekit.io/tvlk/ugc-review/guys1L+Yyer9kzI3sp-pb0CG1j2bhflZGFUZOoIf1YOBAm37kEUOKR41ieUZm7ZJ/ugc-photo-ap-southeast-1-581603780057-acd24e232f75f09e/ACCOMMODATION/8704358_ACCOMMODATION_1552844571176_89785325ea42e1a4?_src=imagekit&tr=c-at_max,h-80,q-40,w-80","https://ik.imagekit.io/tvlk/ugc-review/guys1L+Yyer9kzI3sp-pb0CG1j2bhflZGFUZOoIf1YOBAm37kEUOKR41ieUZm7ZJ/ugc-photo-ap-southeast-1-581603780057-acd24e232f75f09e/ACCOMMODATION/8704358_ACCOMMODATION_1552844571177_a7681fa4851ebe77?_src=imagekit&tr=c-at_max,h-80,q-40,w-80","https://ik.imagekit.io/tvlk/ugc-review/guys1L+Yyer9kzI3sp-pb0CG1j2bhflZGFUZOoIf1YOBAm37kEUOKR41ieUZm7ZJ/ugc-photo-ap-southeast-1-581603780057-acd24e232f75f09e/ACCOMMODATION/8704358_ACCOMMODATION_1552844571177_ffd0bddfb6fdd41c?_src=imagekit&tr=c-at_max,h-80,q-40,w-80","https://ik.imagekit.io/tvlk/ugc-review/guys1L+Yyer9kzI3sp-pb0CG1j2bhflZGFUZOoIf1YOBAm37kEUOKR41ieUZm7ZJ/ugc-photo-ap-southeast-1-581603780057-acd24e232f75f09e/ACCOMMODATION/8704358_ACCOMMODATION_1552844571177_aab937c76b932020?_src=imagekit&tr=c-at_max,h-80,q-40,w-80","https://ik.imagekit.io/tvlk/ugc-review/guys1L+Yyer9kzI3sp-pb0CG1j2bhflZGFUZOoIf1YOBAm37kEUOKR41ieUZm7ZJ/ugc-photo-ap-southeast-1-581603780057-acd24e232f75f09e/ACCOMMODATION/8704358_ACCOMMODATION_1552844571178_d823de4bb1578516?_src=imagekit&tr=c-at_max,h-80,q-40,w-80","https://ik.imagekit.io/tvlk/ugc-review/guys1L+Yyer9kzI3sp-pb0CG1j2bhflZGFUZOoIf1YOBAm37kEUOKR41ieUZm7ZJ/ugc-photo-ap-southeast-1-581603780057-acd24e232f75f09e/ACCOMMODATION/8704358_ACCOMMODATION_1552844571178_c6e3d674316c5854?_src=imagekit&tr=c-at_max,h-80,q-40,w-80","https://ik.imagekit.io/tvlk/ugc-review/guys1L+Yyer9kzI3sp-pb0CG1j2bhflZGFUZOoIf1YOBAm37kEUOKR41ieUZm7ZJ/ugc-photo-ap-southeast-1-581603780057-acd24e232f75f09e/ACCOMMODATION/8704358_ACCOMMODATION_1552844571178_323a3ef4e87dfdba?_src=imagekit&tr=c-at_max,h-80,q-40,w-80","https://ik.imagekit.io/tvlk/ugc-review/guys1L+Yyer9kzI3sp-pb0CG1j2bhflZGFUZOoIf1YOBAm37kEUOKR41ieUZm7ZJ/ugc-photo-ap-southeast-1-581603780057-acd24e232f75f09e/ACCOMMODATION/8704358_ACCOMMODATION_1552844571179_068bdf6b1d3ac930?_src=imagekit&tr=c-at_max,h-80,q-40,w-80","https://ik.imagekit.io/tvlk/ugc-review/guys1L+Yyer9kzI3sp-pb0CG1j2bhflZGFUZOoIf1YOBAm37kEUOKR41ieUZm7ZJ/ugc-photo-ap-southeast-1-581603780057-acd24e232f75f09e/ACCOMMODATION/8704358_ACCOMMODATION_1552844571179_a02a78823104372c?_src=imagekit&tr=c-at_max,h-80,q-40,w-80",,,,,,,,,,,
https://www.traveloka.com/id-id/user/review/consumption/HOTEL/GENERAL/3000010015281,12,18,"Mantap hotelnya enak nyaman, pemandangan langsung ke laut, pelayanan ramah cuma fasilitas yang tercantum tidak ada di kamar, tidak ada meja buat rias, Hairdryer, terus seperti sendal sama peralatan mandi tidak ada kalau tidak hub bagian loby.",Diulas 373 minggu lalu,"https://ik.imagekit.io/tvlk/ugc-review/guys1L+Yyer9kzI3sp-pb0CG1j2bhflZGFUZOoIf1YOBAm37kEUOKR41ieUZm7ZJ/ugc-photo-ap-southeast-1-581603780057-acd24e232f75f09e/ACCOMMODATION/89241103_ACCOMMODATION_1552524105132_d146ce929dd9a99d?_src=imagekit&tr=c-at_max,h-100,q-40,w-100",,,,,,,,,,,,,,,,,,,
https://www.traveloka.com/id-id/user/review/consumption/HOTEL/GENERAL/3000010015281,12,19,"Tidak  ada sendal hotel, sikat gigi, pasta gigi.. 😪",Diulas 374 minggu lalu,"https://ik.imagekit.io/tvlk/ugc-review/guys1L+Yyer9kzI3sp-pb0CG1j2bhflZGFUZOoIf1YOBAm37kEUOKR41ieUZm7ZJ/ugc-photo-ap-southeast-1-581603780057-acd24e232f75f09e/ACCOMMODATION/5983644_ACCOMMODATION_1552187231578_bc813f5f569e3ee0?_src=imagekit&tr=c-at_max,h-100,q-40,w-100",,,,,,,,,,,,,,,,,,,
https://www.traveloka.com/id-id/user/review/consumption/HOTEL/GENERAL/3000010015281,12,20,"Lokasi yang strategis, pantai barat dan pantai timur pun terlihat, kolam renang favorit anak-anak",Diulas 375 minggu lalu,"https://ik.imagekit.io/tvlk/ugc-review/guys1L+Yyer9kzI3sp-pb0CG1j2bhflZGFUZOoIf1YOBAm37kEUOKR41ieUZm7ZJ/ugc-photo-ap-southeast-1-581603780057-acd24e232f75f09e/ACCOMMODATION/77065131_ACCOMMODATION_1551754083282_cc2dc9203fb9f1e9?_src=imagekit&tr=c-at_max,h-100,q-40,w-100","https://ik.imagekit.io/tvlk/ugc-review/guys1L+Yyer9kzI3sp-pb0CG1j2bhflZGFUZOoIf1YOBAm37kEUOKR41ieUZm7ZJ/ugc-photo-ap-southeast-1-581603780057-acd24e232f75f09e/ACCOMMODATION/77065131_ACCOMMODATION_1551754083282_1daa59244d360fff?_src=imagekit&tr=c-at_max,h-100,q-40,w-100",,,,,,,,,,,,,,,,,,
https://www.traveloka.com/id-id/user/review/consumption/HOTEL/GENERAL/3000010015281,12,21,"Proses check-in sangat cepat, saya reserv sejam sebelum check-in tapi dilayani dengan baik, kamar siap pakai Keadaan hotel cukup membuat kami nyaman walau memang tidak ada beberapa fasilitas (sendal kamar, pasta gigi, sikat gigi, kopi, teh, dll) tapi kami terpuaskan dengan pelayanan lainnya (kamar besar, bersih, aqua segalon). Ketika Anak-anak main di kolam renang, seketika itu pula waterboomnya dinyalakan, serasa berada di hotel sendiri. Sarapan memang tidak komplit, tapi Alhamdulillah dengan harga segitu, dapet 2 bed dan sarapan buat 4 orang.",Diulas 377 minggu lalu,"https://ik.imagekit.io/tvlk/ugc-review/guys1L+Yyer9kzI3sp-pb0CG1j2bhflZGFUZOoIf1YOBAm37kEUOKR41ieUZm7ZJ/ugc-photo-ap-southeast-1-581603780057-acd24e232f75f09e/ACCOMMODATION/7025254_ACCOMMODATION_1550205770338_346f0c192dcc31c0?_src=imagekit&tr=c-at_max,h-100,q-40,w-100",,,,,,,,,,,,,,,,,,,
https://www.traveloka.com/id-id/user/review/consumption/HOTEL/GENERAL/3000010015281,12,22,"Cukup 1 kata, amazing, pool, spot foto-foto di lantai 7, ke pantai tinggal melangkah, kamar bersih banget.",Diulas 378 minggu lalu,"https://ik.imagekit.io/tvlk/ugc-review/guys1L+Yyer9kzI3sp-pb0CG1j2bhflZGFUZOoIf1YOBAm37kEUOKR41ieUZm7ZJ/ugc-photo-ap-southeast-1-581603780057-acd24e232f75f09e/ACCOMMODATION/18913265_ACCOMMODATION_1549675587833_f79122c9efa06e55?_src=imagekit&tr=c-at_max,h-100,q-40,w-100","https://ik.imagekit.io/tvlk/ugc-review/guys1L+Yyer9kzI3sp-pb0CG1j2bhflZGFUZOoIf1YOBAm37kEUOKR41ieUZm7ZJ/ugc-photo-ap-southeast-1-581603780057-acd24e232f75f09e/ACCOMMODATION/18913265_ACCOMMODATION_1549675587833_8f7570233d1fa802?_src=imagekit&tr=c-at_max,h-100,q-40,w-100","https://ik.imagekit.io/tvlk/ugc-review/guys1L+Yyer9kzI3sp-pb0CG1j2bhflZGFUZOoIf1YOBAm37kEUOKR41ieUZm7ZJ/ugc-photo-ap-southeast-1-581603780057-acd24e232f75f09e/ACCOMMODATION/18913265_ACCOMMODATION_1549675587834_1bafa899a3dd8cab?_src=imagekit&tr=c-at_max,h-100,q-40,w-100","https://ik.imagekit.io/tvlk/ugc-review/guys1L+Yyer9kzI3sp-pb0CG1j2bhflZGFUZOoIf1YOBAm37kEUOKR41ieUZm7ZJ/ugc-photo-ap-southeast-1-581603780057-acd24e232f75f09e/ACCOMMODATION/18913265_ACCOMMODATION_1549675587840_ad966f1658b62d10?_src=imagekit&tr=c-at_max,h-100,q-40,w-100","https://ik.imagekit.io/tvlk/ugc-review/guys1L+Yyer9kzI3sp-pb0CG1j2bhflZGFUZOoIf1YOBAm37kEUOKR41ieUZm7ZJ/ugc-photo-ap-southeast-1-581603780057-acd24e232f75f09e/ACCOMMODATION/18913265_ACCOMMODATION_1549675587840_978ea7215697a8e0?_src=imagekit&tr=c-at_max,h-100,q-40,w-100","https://ik.imagekit.io/tvlk/ugc-review/guys1L+Yyer9kzI3sp-pb0CG1j2bhflZGFUZOoIf1YOBAm37kEUOKR41ieUZm7ZJ/ugc-photo-ap-southeast-1-581603780057-acd24e232f75f09e/ACCOMMODATION/18913265_ACCOMMODATION_1549675587840_8357f94ceea94d36?_src=imagekit&tr=c-at_max,h-100,q-40,w-100",,,,,,,,,,,,,,
https://www.traveloka.com/id-id/user/review/consumption/HOTEL/GENERAL/3000010015281,12,23,"Value for money. Saya booking 3 kamar semuanya sesuai permintaan. Semua keluarga saya puas. Sesuai dengan harga lah. Jika dibanding dengan sewa penginapan biasa jatohnya lebih murah. Thanks Traveloka, thanks Laut Biru Hotel.",Diulas 380 minggu lalu,"https://ik.imagekit.io/tvlk/ugc-review/guys1L+Yyer9kzI3sp-pb0CG1j2bhflZGFUZOoIf1YOBAm37kEUOKR41ieUZm7ZJ/ugc-photo-ap-southeast-1-581603780057-acd24e232f75f09e/ACCOMMODATION/10443068_ACCOMMODATION_1548640951370_afccfe1affd4bfb2?_src=imagekit&tr=c-at_max,h-100,q-40,w-100","https://ik.imagekit.io/tvlk/ugc-review/guys1L+Yyer9kzI3sp-pb0CG1j2bhflZGFUZOoIf1YOBAm37kEUOKR41ieUZm7ZJ/ugc-photo-ap-southeast-1-581603780057-acd24e232f75f09e/ACCOMMODATION/10443068_ACCOMMODATION_1548640951371_a98cf3c79c1f87fb?_src=imagekit&tr=c-at_max,h-100,q-40,w-100",,,,,,,,,,,,,,,,,,
https://www.traveloka.com/id-id/user/review/consumption/HOTEL/GENERAL/3000010015281,12,24,"Saya dan keluarga sangat puas menginap di Laut Biru. Kamarnya luas persis seperti di foto, breakfast enak, kolam renangnya ada 2, yang waterboom dan kolam air hangat. Dua-duanya bagus dan bersih, anak-anak senang berenang disana, ke pantai tinggal nyebrang, lalu yang tidak kalah keren view di atas gedung di lantai 7. Bisa foto-foto disitu dengan view yang luar biasa bagus banget. Apalagi saya datang pas sepi, jadi benar-benar bisa nikmatin liburannya. Thanks Traveloka dan Laut Biru. 😍",Diulas 381 minggu lalu,"https://ik.imagekit.io/tvlk/ugc-review/guys1L+Yyer9kzI3sp-pb0CG1j2bhflZGFUZOoIf1YOBAm37kEUOKR41ieUZm7ZJ/ugc-photo-ap-southeast-1-581603780057-acd24e232f75f09e/ACCOMMODATION/14293851_ACCOMMODATION_1547624642269_85c75be13f8ee7db?_src=imagekit&tr=c-at_max,h-100,q-40,w-100","https://ik.imagekit.io/tvlk/ugc-review/guys1L+Yyer9kzI3sp-pb0CG1j2bhflZGFUZOoIf1YOBAm37kEUOKR41ieUZm7ZJ/ugc-photo-ap-southeast-1-581603780057-acd24e232f75f09e/ACCOMMODATION/14293851_ACCOMMODATION_1547624642269_ef6a922d917c23fb?_src=imagekit&tr=c-at_max,h-100,q-40,w-100","https://ik.imagekit.io/tvlk/ugc-review/guys1L+Yyer9kzI3sp-pb0CG1j2bhflZGFUZOoIf1YOBAm37kEUOKR41ieUZm7ZJ/ugc-photo-ap-southeast-1-581603780057-acd24e232f75f09e/ACCOMMODATION/14293851_ACCOMMODATION_1547624698513_b2a6dc54272c6af4?_src=imagekit&tr=c-at_max,h-100,q-40,w-100","https://ik.imagekit.io/tvlk/ugc-review/guys1L+Yyer9kzI3sp-pb0CG1j2bhflZGFUZOoIf1YOBAm37kEUOKR41ieUZm7ZJ/ugc-photo-ap-southeast-1-581603780057-acd24e232f75f09e/ACCOMMODATION/14293851_ACCOMMODATION_1547624698513_6048c31376014606?_src=imagekit&tr=c-at_max,h-100,q-40,w-100",,,,,,,,,,,,,,,,
https://www.traveloka.com/id-id/user/review/consumption/HOTEL/GENERAL/3000010015281,12,25,"Ruangan sangat baik dan sesuai dengan pilihan, pelayanan staff sangat cepat dan ramah, check in lebih awal diperbolehkan jika terdapat ruangan kosong",Diulas 381 minggu lalu,"https://ik.imagekit.io/tvlk/ugc-review/guys1L+Yyer9kzI3sp-pb0CG1j2bhflZGFUZOoIf1YOBAm37kEUOKR41ieUZm7ZJ/ugc-photo-ap-southeast-1-581603780057-acd24e232f75f09e/ACCOMMODATION/99398188_ACCOMMODATION_1547731994504_b264b814a1aaad15?_src=imagekit&tr=c-at_max,h-100,q-40,w-100","https://ik.imagekit.io/tvlk/ugc-review/guys1L+Yyer9kzI3sp-pb0CG1j2bhflZGFUZOoIf1YOBAm37kEUOKR41ieUZm7ZJ/ugc-photo-ap-southeast-1-581603780057-acd24e232f75f09e/ACCOMMODATION/99398188_ACCOMMODATION_1547731994504_52adc6939347390b?_src=imagekit&tr=c-at_max,h-100,q-40,w-100","https://ik.imagekit.io/tvlk/ugc-review/guys1L+Yyer9kzI3sp-pb0CG1j2bhflZGFUZOoIf1YOBAm37kEUOKR41ieUZm7ZJ/ugc-photo-ap-southeast-1-581603780057-acd24e232f75f09e/ACCOMMODATION/99398188_ACCOMMODATION_1547731994505_4c3a32ec11ded937?_src=imagekit&tr=c-at_max,h-100,q-40,w-100","https://ik.imagekit.io/tvlk/ugc-review/guys1L+Yyer9kzI3sp-pb0CG1j2bhflZGFUZOoIf1YOBAm37kEUOKR41ieUZm7ZJ/ugc-photo-ap-southeast-1-581603780057-acd24e232f75f09e/ACCOMMODATION/99398188_ACCOMMODATION_1547731994505_03de5dde965cc6ef?_src=imagekit&tr=c-at_max,h-100,q-40,w-100","https://ik.imagekit.io/tvlk/ugc-review/guys1L+Yyer9kzI3sp-pb0CG1j2bhflZGFUZOoIf1YOBAm37kEUOKR41ieUZm7ZJ/ugc-photo-ap-southeast-1-581603780057-acd24e232f75f09e/ACCOMMODATION/99398188_ACCOMMODATION_1547731994505_1482a0d6a59f82e2?_src=imagekit&tr=c-at_max,h-100,q-40,w-100","https://ik.imagekit.io/tvlk/ugc-review/guys1L+Yyer9kzI3sp-pb0CG1j2bhflZGFUZOoIf1YOBAm37kEUOKR41ieUZm7ZJ/ugc-photo-ap-southeast-1-581603780057-acd24e232f75f09e/ACCOMMODATION/99398188_ACCOMMODATION_1547731994506_f9dec0f089c3dbda?_src=imagekit&tr=c-at_max,h-100,q-40,w-100",,,,,,,,,,,,,,
https://www.traveloka.com/id-id/user/review/consumption/HOTEL/GENERAL/3000010015281,12,26,"Hotelnya nyaman bagus bersih sarapannya lumayan enak, dekat dari pantai, waterbomnya bersih anak-anak betah bermain di kolam renang. Hotel recommended banget kalau ke pangandaran, next kesini lagi.",Diulas 381 minggu lalu,"https://ik.imagekit.io/tvlk/ugc-review/guys1L+Yyer9kzI3sp-pb0CG1j2bhflZGFUZOoIf1YOBAm37kEUOKR41ieUZm7ZJ/ugc-photo-ap-southeast-1-581603780057-acd24e232f75f09e/ACCOMMODATION/80047978_ACCOMMODATION_1547609899751_a802067163e6bf8f?_src=imagekit&tr=c-at_max,h-100,q-40,w-100","https://ik.imagekit.io/tvlk/ugc-review/guys1L+Yyer9kzI3sp-pb0CG1j2bhflZGFUZOoIf1YOBAm37kEUOKR41ieUZm7ZJ/ugc-photo-ap-southeast-1-581603780057-acd24e232f75f09e/ACCOMMODATION/80047978_ACCOMMODATION_1547610091764_4b44eb2e6993efbb?_src=imagekit&tr=c-at_max,h-100,q-40,w-100","https://ik.imagekit.io/tvlk/ugc-review/guys1L+Yyer9kzI3sp-pb0CG1j2bhflZGFUZOoIf1YOBAm37kEUOKR41ieUZm7ZJ/ugc-photo-ap-southeast-1-581603780057-acd24e232f75f09e/ACCOMMODATION/80047978_ACCOMMODATION_1547610091764_d73608682c682ed7?_src=imagekit&tr=c-at_max,h-100,q-40,w-100",,,,,,,,,,,,,,,,,
https://www.traveloka.com/id-id/user/review/consumption/HOTEL/GENERAL/3000010015281,12,27,"Salah satu hotel terbaik di Pangandaran, meskipun sarapan hanya makanan lokal, masih mereka punya banyak fasilitas bagus, kolam renangnya luar biasa, kita bisa melihat matahari terbit &amp; menikmati matahari terbenam di dekatnya. Kamarnya bersih, kamar mandi dengan air panas sangat membantu kami! Saya akan mengatakan ini hanya brilian!",Diulas 381 minggu lalu,"https://ik.imagekit.io/tvlk/ugc-review/guys1L+Yyer9kzI3sp-pb0CG1j2bhflZGFUZOoIf1YOBAm37kEUOKR41ieUZm7ZJ/ugc-photo-ap-southeast-1-581603780057-acd24e232f75f09e/ACCOMMODATION/19600478_ACCOMMODATION_1547607087035_17ba87a883f23dc6?_src=imagekit&tr=c-at_max,h-100,q-40,w-100","https://ik.imagekit.io/tvlk/ugc-review/guys1L+Yyer9kzI3sp-pb0CG1j2bhflZGFUZOoIf1YOBAm37kEUOKR41ieUZm7ZJ/ugc-photo-ap-southeast-1-581603780057-acd24e232f75f09e/ACCOMMODATION/19600478_ACCOMMODATION_1547607087036_16239aba5dfe8194?_src=imagekit&tr=c-at_max,h-100,q-40,w-100","https://ik.imagekit.io/tvlk/ugc-review/guys1L+Yyer9kzI3sp-pb0CG1j2bhflZGFUZOoIf1YOBAm37kEUOKR41ieUZm7ZJ/ugc-photo-ap-southeast-1-581603780057-acd24e232f75f09e/ACCOMMODATION/19600478_ACCOMMODATION_1547607087036_b12b75ac02d64599?_src=imagekit&tr=c-at_max,h-100,q-40,w-100",,,,,,,,,,,,,,,,,
https://www.traveloka.com/id-id/user/review/consumption/HOTEL/GENERAL/3000010015281,12,28,"Amenities kurang lengkap di toilet hanya ada sabun dan shampoo saja, sikat gigi, odol, sandal hotel, teh dan kopi tidak tersedia, Hanya ada air minum galon yang harus ditumpahkan ke dispenser oleh tamu yang menginap, kebersihan kurang di bawah kulkas masih banyak debu, Lokasi keren, dekat ke pantai timur dan barat, staf ramah-ramah mau membantu tamu.",Diulas 382 minggu lalu,"https://ik.imagekit.io/tvlk/ugc-review/guys1L+Yyer9kzI3sp-pb0CG1j2bhflZGFUZOoIf1YOBAm37kEUOKR41ieUZm7ZJ/ugc-photo-ap-southeast-1-581603780057-acd24e232f75f09e/ACCOMMODATION/3472147_ACCOMMODATION_1547440112601_9ac2e3fa774ebd8c?_src=imagekit&tr=c-at_max,h-100,q-40,w-100",,,,,,,,,,,,,,,,,,,
https://www.traveloka.com/id-id/user/review/consumption/HOTEL/GENERAL/3000010015281,12,29,"Hotelnya bintang 3 tapi seperti bintang 5, view pemandangannya bagus langsung melihat keindahan pantai.",Diulas 382 minggu lalu,"https://ik.imagekit.io/tvlk/ugc-review/guys1L+Yyer9kzI3sp-pb0CG1j2bhflZGFUZOoIf1YOBAm37kEUOKR41ieUZm7ZJ/ugc-photo-ap-southeast-1-581603780057-acd24e232f75f09e/ACCOMMODATION/54476903_ACCOMMODATION_1547429540299_0e635a3c4d24bda3?_src=imagekit&tr=c-at_max,h-100,q-40,w-100",,,,,,,,,,,,,,,,,,,
https://www.traveloka.com/id-id/user/review/consumption/HOTEL/GENERAL/3000010015281,12,30,"Kamar besar bisa untuk banyak orang, sayang breakfast hanya standar saja.",Diulas 382 minggu lalu,"https://ik.imagekit.io/tvlk/ugc-review/guys1L+Yyer9kzI3sp-pb0CG1j2bhflZGFUZOoIf1YOBAm37kEUOKR41ieUZm7ZJ/ugc-photo-ap-southeast-1-581603780057-acd24e232f75f09e/ACCOMMODATION/6489301_ACCOMMODATION_1547381008616_a27d30c5d79c4101?_src=imagekit&tr=c-at_max,h-100,q-40,w-100",,,,,,,,,,,,,,,,,,,
https://www.traveloka.com/id-id/user/review/consumption/HOTEL/GENERAL/3000010015281,12,31,"Mendadak pangandaran. untung ada Situs Traveloka. Kami pilih laut biru hotel karena tertarik dengan tampilan di foto, ternyata aslinya identik. Anak-anak senang dengan ranjang queennya dan terutama kolam renangnya. Tempatnya bersih meski masih dalam tahap pembangunan. So far hotel ini recommended?",Diulas 382 minggu lalu,"https://ik.imagekit.io/tvlk/ugc-review/guys1L+Yyer9kzI3sp-pb0CG1j2bhflZGFUZOoIf1YOBAm37kEUOKR41ieUZm7ZJ/ugc-photo-ap-southeast-1-581603780057-acd24e232f75f09e/ACCOMMODATION/7157378_ACCOMMODATION_1547377066592_00e264029799705b?_src=imagekit&tr=c-at_max,h-100,q-40,w-100","https://ik.imagekit.io/tvlk/ugc-review/guys1L+Yyer9kzI3sp-pb0CG1j2bhflZGFUZOoIf1YOBAm37kEUOKR41ieUZm7ZJ/ugc-photo-ap-southeast-1-581603780057-acd24e232f75f09e/ACCOMMODATION/7157378_ACCOMMODATION_1547377066593_946674076c66af43?_src=imagekit&tr=c-at_max,h-100,q-40,w-100",,,,,,,,,,,,,,,,,,
https://www.traveloka.com/id-id/user/review/consumption/HOTEL/GENERAL/3000010015281,12,32,"Tinggal di sini selama 4 hari 3 malam pada Januari 2019. Baca begitu banyak ulasan positif tentang hotel ini, jadi kami menantikan untuk menginap di hotel ini. Sayangnya, saya harus mengatakan bahwa hotel ini benar-benar berlebihan dan sebenarnya sangat mengecewakan. Hotel ini kering dan Anda tidak dapat menemukan tanaman atau tanaman hijau di hotel. Kamarnya sangat kecil. Dua tempat tidur queen - hanya seperti banyak hotel lain di Pangandaran - bagus. Tapi desain dan tata ruangnya cukup buruk. Tidak ada kursi atau sofa di kamar. Kamar memiliki balkon yang sangat kecil (mungkin sekitar 1x1 m), yang bagus untuk apa-apa. Pendingin udara bocor dan kami menemukan kecoak pada hari terakhir kami. Hotel ini memiliki kolam renang yang sangat bagus dengan taman bermain. Namun, mereka tidak menyediakan kursi atau tas kacang atau apa pun, jadi kami meletakkan barang-barang dan sandal kami tepat di sudut area kolam karena kami tidak tahu harus meletakkan di mana lagi. Kolam ini sangat sangat ramai. Dan kami menemukan bahwa banyak pengunjung kolam bahkan tidak menginap di hotel. Mereka menginap di hotel lain dan hanya datang untuk berenang di Laut Biru. Kolam renang dapat dengan mudah diakses dari ruang bawah tanah atau dari lobi terbuka lebar tanpa keamanan atau staf. Bagian terburuk adalah sarapan. Sarapan mengerikan - bahkan untuk standar Pangandaran. Saya memposting foto seluruh sarapan yang mereka tawarkan di ulasan ini. Jangan repot-repot menanyakan kualitas rasa atau makanan. Kami telah tinggal di banyak hotel di Pangandaran dan mereka memiliki sarapan yang jauh lebih baik. Ini adalah salah satu sarapan hotel terburuk yang pernah saya alami. Sebagai pecinta kopi, saya akan melarang semua orang untuk membeli kopi di lobi hotel karena rasanya tidak enak. Namun, saya akan memberikan kredit di mana kredit jatuh tempo. Lokasi sangat bagus - tepat di depan laut. Dan kolam renangnya juga bagus. Secara keseluruhan, ini adalah pengalaman menginap yang mengecewakan.",Diulas 383 minggu lalu,"https://ik.imagekit.io/tvlk/ugc-review/guys1L+Yyer9kzI3sp-pb0CG1j2bhflZGFUZOoIf1YOBAm37kEUOKR41ieUZm7ZJ/ugc-photo-ap-southeast-1-581603780057-acd24e232f75f09e/ACCOMMODATION/11067424_ACCOMMODATION_1546963119410_9ba5f359810c4ac9?_src=imagekit&tr=c-at_max,h-100,q-40,w-100","https://ik.imagekit.io/tvlk/ugc-review/guys1L+Yyer9kzI3sp-pb0CG1j2bhflZGFUZOoIf1YOBAm37kEUOKR41ieUZm7ZJ/ugc-photo-ap-southeast-1-581603780057-acd24e232f75f09e/ACCOMMODATION/11067424_ACCOMMODATION_1546963119411_683303bf74706689?_src=imagekit&tr=c-at_max,h-100,q-40,w-100","https://ik.imagekit.io/tvlk/ugc-review/guys1L+Yyer9kzI3sp-pb0CG1j2bhflZGFUZOoIf1YOBAm37kEUOKR41ieUZm7ZJ/ugc-photo-ap-southeast-1-581603780057-acd24e232f75f09e/ACCOMMODATION/11067424_ACCOMMODATION_1546963119410_5e96ddd1b13fcc66?_src=imagekit&tr=c-at_max,h-100,q-40,w-100","https://ik.imagekit.io/tvlk/ugc-review/guys1L+Yyer9kzI3sp-pb0CG1j2bhflZGFUZOoIf1YOBAm37kEUOKR41ieUZm7ZJ/ugc-photo-ap-southeast-1-581603780057-acd24e232f75f09e/ACCOMMODATION/11067424_ACCOMMODATION_1546963119410_693016d6da79d404?_src=imagekit&tr=c-at_max,h-100,q-40,w-100","https://ik.imagekit.io/tvlk/ugc-review/guys1L+Yyer9kzI3sp-pb0CG1j2bhflZGFUZOoIf1YOBAm37kEUOKR41ieUZm7ZJ/ugc-photo-ap-southeast-1-581603780057-acd24e232f75f09e/ACCOMMODATION/11067424_ACCOMMODATION_1546963119411_389ded0f74838f24?_src=imagekit&tr=c-at_max,h-100,q-40,w-100",,,,,,,,,,,,,,,
https://www.traveloka.com/id-id/user/review/consumption/HOTEL/GENERAL/3000010015281,12,33,"Hotel favorit kami sekeluarga. lokasi sangat strategis, tepat depan pantai barat, tempat khusus bermain di pantai. Kolam bermain yang menyenangkan buat anak-anak.",Diulas 383 minggu lalu,"https://ik.imagekit.io/tvlk/ugc-review/guys1L+Yyer9kzI3sp-pb0CG1j2bhflZGFUZOoIf1YOBAm37kEUOKR41ieUZm7ZJ/ugc-photo-ap-southeast-1-581603780057-acd24e232f75f09e/ACCOMMODATION/10824145_ACCOMMODATION_1546554398308_68820bb3f9fe8d10?_src=imagekit&tr=c-at_max,h-100,q-40,w-100",,,,,,,,,,,,,,,,,,,
https://www.traveloka.com/id-id/user/review/consumption/HOTEL/GENERAL/3000010015281,12,34,Fasilitas nyaman dan karyawan sangat ramah. Recommended hotel untuk liburan keluarga.,Diulas 383 minggu lalu,"https://ik.imagekit.io/tvlk/ugc-review/guys1L+Yyer9kzI3sp-pb0CG1j2bhflZGFUZOoIf1YOBAm37kEUOKR41ieUZm7ZJ/ugc-photo-ap-southeast-1-581603780057-acd24e232f75f09e/ACCOMMODATION/17000613_ACCOMMODATION_1546515509569_f036cd43fcd1fbfa?_src=imagekit&tr=c-at_max,h-100,q-40,w-100",,,,,,,,,,,,,,,,,,,
https://www.traveloka.com/id-id/user/review/consumption/HOTEL/GENERAL/3000010015281,12,35,"Kamarnya luas sesuai dengan di foto, viewnya bagus dua sisi bisa lihat pantai timur dan barat.",Diulas 383 minggu lalu,"https://ik.imagekit.io/tvlk/ugc-review/guys1L+Yyer9kzI3sp-pb0CG1j2bhflZGFUZOoIf1YOBAm37kEUOKR41ieUZm7ZJ/ugc-photo-ap-southeast-1-581603780057-acd24e232f75f09e/ACCOMMODATION/41223044_ACCOMMODATION_1546393237975_0d14b3dffdf5ef99?_src=imagekit&tr=c-at_max,h-100,q-40,w-100",,,,,,,,,,,,,,,,,,,
https://www.traveloka.com/id-id/user/review/consumption/HOTEL/GENERAL/3000010015281,12,36,"Salah satu penginapan yang sedang trending* 1 di Pangandaran. View pantai timur dan barat bisa dilihat dari lantai 7. Fasilitas lengkap, kurangnya hanya tidak disediakan pasta+sikat gigi, serta tidak ada kopi/teh. Harga di long weekend bisa 2 kali lipat harga normal, bahkan lebih. Terima kasih Traveloka. 😊",Diulas 384 minggu lalu,"https://ik.imagekit.io/tvlk/ugc-review/guys1L+Yyer9kzI3sp-pb0CG1j2bhflZGFUZOoIf1YOBAm37kEUOKR41ieUZm7ZJ/ugc-photo-ap-southeast-1-581603780057-acd24e232f75f09e/ACCOMMODATION/16849642_ACCOMMODATION_1545905371952_9646f1d486bafb4b?_src=imagekit&tr=c-at_max,h-100,q-40,w-100","https://ik.imagekit.io/tvlk/ugc-review/guys1L+Yyer9kzI3sp-pb0CG1j2bhflZGFUZOoIf1YOBAm37kEUOKR41ieUZm7ZJ/ugc-photo-ap-southeast-1-581603780057-acd24e232f75f09e/ACCOMMODATION/16849642_ACCOMMODATION_1545905371953_83bbb3825074522f?_src=imagekit&tr=c-at_max,h-100,q-40,w-100",,,,,,,,,,,,,,,,,,
https://www.traveloka.com/id-id/user/review/consumption/HOTEL/GENERAL/3000010015281,12,37,"Kamarnya sesuai seperti yang ada di gambar, bersih, rapi, dan nyaman. Fasilitas berenang dan spot fotonya bagus. Pelayanan baik, ramah serta sarapannya enak, banyak pilihan makanan dan lengkap.",Diulas 384 minggu lalu,"https://ik.imagekit.io/tvlk/ugc-review/guys1L+Yyer9kzI3sp-pb0CG1j2bhflZGFUZOoIf1YOBAm37kEUOKR41ieUZm7ZJ/ugc-photo-ap-southeast-1-581603780057-acd24e232f75f09e/ACCOMMODATION/96643016_ACCOMMODATION_1546079288982_f4b242b71be9d5f8?_src=imagekit&tr=c-at_max,h-100,q-40,w-100","https://ik.imagekit.io/tvlk/ugc-review/guys1L+Yyer9kzI3sp-pb0CG1j2bhflZGFUZOoIf1YOBAm37kEUOKR41ieUZm7ZJ/ugc-photo-ap-southeast-1-581603780057-acd24e232f75f09e/ACCOMMODATION/96643016_ACCOMMODATION_1546079288984_8102bc3794789e4c?_src=imagekit&tr=c-at_max,h-100,q-40,w-100","https://ik.imagekit.io/tvlk/ugc-review/guys1L+Yyer9kzI3sp-pb0CG1j2bhflZGFUZOoIf1YOBAm37kEUOKR41ieUZm7ZJ/ugc-photo-ap-southeast-1-581603780057-acd24e232f75f09e/ACCOMMODATION/96643016_ACCOMMODATION_1546079288983_f47680586b44d471?_src=imagekit&tr=c-at_max,h-100,q-40,w-100","https://ik.imagekit.io/tvlk/ugc-review/guys1L+Yyer9kzI3sp-pb0CG1j2bhflZGFUZOoIf1YOBAm37kEUOKR41ieUZm7ZJ/ugc-photo-ap-southeast-1-581603780057-acd24e232f75f09e/ACCOMMODATION/96643016_ACCOMMODATION_1546079288983_03ef64f31e1ca637?_src=imagekit&tr=c-at_max,h-100,q-40,w-100","https://ik.imagekit.io/tvlk/ugc-review/guys1L+Yyer9kzI3sp-pb0CG1j2bhflZGFUZOoIf1YOBAm37kEUOKR41ieUZm7ZJ/ugc-photo-ap-southeast-1-581603780057-acd24e232f75f09e/ACCOMMODATION/96643016_ACCOMMODATION_1546079288984_51d9b0a1bfff8080?_src=imagekit&tr=c-at_max,h-100,q-40,w-100",,,,,,,,,,,,,,,
https://www.traveloka.com/id-id/user/review/consumption/HOTEL/GENERAL/3000010015281,12,38,"Hotelnya bagus, kasurnya empuk, viewnya juga bagus. Makananya overall enak. Cuma kemarin kayanya lupa taruh sikat gigi jadinya kudu diminta dulu deh. Overall mah oke, pelayanannya memuaskan.",Diulas 384 minggu lalu,"https://ik.imagekit.io/tvlk/ugc-review/guys1L+Yyer9kzI3sp-pb0CG1j2bhflZGFUZOoIf1YOBAm37kEUOKR41ieUZm7ZJ/ugc-photo-ap-southeast-1-581603780057-acd24e232f75f09e/ACCOMMODATION/24177965_ACCOMMODATION_1546056178086_9ea82616acc49baa?_src=imagekit&tr=c-at_max,h-100,q-40,w-100","https://ik.imagekit.io/tvlk/ugc-review/guys1L+Yyer9kzI3sp-pb0CG1j2bhflZGFUZOoIf1YOBAm37kEUOKR41ieUZm7ZJ/ugc-photo-ap-southeast-1-581603780057-acd24e232f75f09e/ACCOMMODATION/24177965_ACCOMMODATION_1546056178087_170c4faca4c11fe5?_src=imagekit&tr=c-at_max,h-100,q-40,w-100",,,,,,,,,,,,,,,,,,
https://www.traveloka.com/id-id/user/review/consumption/HOTEL/GENERAL/3000010015281,12,39,"Secara keseluruhan baik. Harga tidak terlalu mahal, hotel bagus, pelayanan keren, kebersihan oke, proses check-in cepat, karyawan yang ramah dan sangat membantu, kolam renang juga ada waterboomnya membuat betah saja tapi sayangnya sewaktu sarapan kita hanya dapat nasi+bihun saja, bisa pakai telor tapi harus antri. Malas kan tidak sesuai dengan expektasi donk hotel sebagus itu hanya dapat sarapan minim banget. Semoga Laut Biru segera berbenah agar nilainya sempurna.",Diulas 384 minggu lalu,"https://ik.imagekit.io/tvlk/ugc-review/guys1L+Yyer9kzI3sp-pb0CG1j2bhflZGFUZOoIf1YOBAm37kEUOKR41ieUZm7ZJ/ugc-photo-ap-southeast-1-581603780057-acd24e232f75f09e/ACCOMMODATION/8287892_ACCOMMODATION_1546035337258_ba0b02c21d9bfc1c?_src=imagekit&tr=c-at_max,h-100,q-40,w-100","https://ik.imagekit.io/tvlk/ugc-review/guys1L+Yyer9kzI3sp-pb0CG1j2bhflZGFUZOoIf1YOBAm37kEUOKR41ieUZm7ZJ/ugc-photo-ap-southeast-1-581603780057-acd24e232f75f09e/ACCOMMODATION/8287892_ACCOMMODATION_1546035337259_dc30ece141adc5d5?_src=imagekit&tr=c-at_max,h-100,q-40,w-100","https://ik.imagekit.io/tvlk/ugc-review/guys1L+Yyer9kzI3sp-pb0CG1j2bhflZGFUZOoIf1YOBAm37kEUOKR41ieUZm7ZJ/ugc-photo-ap-southeast-1-581603780057-acd24e232f75f09e/ACCOMMODATION/8287892_ACCOMMODATION_1546035337259_707516083b087996?_src=imagekit&tr=c-at_max,h-100,q-40,w-100","https://ik.imagekit.io/tvlk/ugc-review/guys1L+Yyer9kzI3sp-pb0CG1j2bhflZGFUZOoIf1YOBAm37kEUOKR41ieUZm7ZJ/ugc-photo-ap-southeast-1-581603780057-acd24e232f75f09e/ACCOMMODATION/8287892_ACCOMMODATION_1546035591363_2022d52ceb62a412?_src=imagekit&tr=c-at_max,h-100,q-40,w-100",,,,,,,,,,,,,,,,
https://www.traveloka.com/id-id/user/review/consumption/HOTEL/GENERAL/3000010015281,12,40,"Hotel persis di seberang pantai barat, mau belanja oleh-oleh baju, ikan asin tinggal jalan 50 meter ke belakang hotel. cari makanan juga banyak pilihan. Stay di gedung baru kolamnya sudah waterboom, breakfast rasanya oke, kamar bersih.",Diulas 384 minggu lalu,"https://ik.imagekit.io/tvlk/ugc-review/guys1L+Yyer9kzI3sp-pb0CG1j2bhflZGFUZOoIf1YOBAm37kEUOKR41ieUZm7ZJ/ugc-photo-ap-southeast-1-581603780057-acd24e232f75f09e/ACCOMMODATION/97563587_ACCOMMODATION_1545978907215_8115294387f5a502?_src=imagekit&tr=c-at_max,h-100,q-40,w-100",,,,,,,,,,,,,,,,,,,
https://www.traveloka.com/id-id/user/review/consumption/HOTEL/GENERAL/3000010015281,13,1,"Kamar nyaman, fasilitas terutama kolam renang 👌🏻. Sarapan variasinya sedikit akses ke pantai dekat, di sediakan juga shower kalau habis mandi laut di dekat lobby hotel overall. 👍🏼",Diulas 384 minggu lalu,"https://ik.imagekit.io/tvlk/ugc-review/guys1L+Yyer9kzI3sp-pb0CG1j2bhflZGFUZOoIf1YOBAm37kEUOKR41ieUZm7ZJ/ugc-photo-ap-southeast-1-581603780057-acd24e232f75f09e/ACCOMMODATION/4167042_ACCOMMODATION_1545869831448_f7b98b00e27991b4?_src=imagekit&tr=c-at_max,h-100,q-40,w-100","https://ik.imagekit.io/tvlk/ugc-review/guys1L+Yyer9kzI3sp-pb0CG1j2bhflZGFUZOoIf1YOBAm37kEUOKR41ieUZm7ZJ/ugc-photo-ap-southeast-1-581603780057-acd24e232f75f09e/ACCOMMODATION/4167042_ACCOMMODATION_1545869831448_bc95e11c031854df?_src=imagekit&tr=c-at_max,h-100,q-40,w-100",,,,,,,,,,,,,,,,,,
https://www.traveloka.com/id-id/user/review/consumption/HOTEL/GENERAL/3000010015281,13,2,"Sudah 2 kali acara liburan dan 1 kali acara kantor dilaksanakan di hotel ini. Selalu menyenangkan. Kamarnya oke dan bersih, bikin nyaman. Kolamnya bisa memilih yang water boom atau cuma kolam rendam yang airnya tidak terlalu dingin. Walau menu sarapannya full karbo, tapi rasanya masih oke. Next kalau ke pangandaran kayanya mending menginap sini lagi saja deh.",Diulas 385 minggu lalu,"https://ik.imagekit.io/tvlk/ugc-review/guys1L+Yyer9kzI3sp-pb0CG1j2bhflZGFUZOoIf1YOBAm37kEUOKR41ieUZm7ZJ/ugc-photo-ap-southeast-1-581603780057-acd24e232f75f09e/ACCOMMODATION/7850238_ACCOMMODATION_1545727560568_21ab8b35b76e504c?_src=imagekit&tr=c-at_max,h-100,q-40,w-100",,,,,,,,,,,,,,,,,,,
https://www.traveloka.com/id-id/user/review/consumption/HOTEL/GENERAL/3000010015281,13,3,"Hotel memuaskan, tempat nyaman dan strategis.",Diulas 385 minggu lalu,"https://ik.imagekit.io/tvlk/ugc-review/guys1L+Yyer9kzI3sp-pb0CG1j2bhflZGFUZOoIf1YOBAm37kEUOKR41ieUZm7ZJ/ugc-photo-ap-southeast-1-581603780057-acd24e232f75f09e/ACCOMMODATION/6411916_ACCOMMODATION_1545671086950_f85288c9d36d6520?_src=imagekit&tr=c-at_max,h-100,q-40,w-100",,,,,,,,,,,,,,,,,,,
https://www.traveloka.com/id-id/user/review/consumption/HOTEL/GENERAL/3000010015281,13,4,Hotel bagus.layanan yang baik kecuali sarapan ..,Diulas 385 minggu lalu,"https://ik.imagekit.io/tvlk/ugc-review/guys1L+Yyer9kzI3sp-pb0CG1j2bhflZGFUZOoIf1YOBAm37kEUOKR41ieUZm7ZJ/ugc-photo-ap-southeast-1-581603780057-acd24e232f75f09e/ACCOMMODATION/4655513_ACCOMMODATION_1545442916574_b8bb8630b694f3af?_src=imagekit&tr=c-at_max,h-100,q-40,w-100",,,,,,,,,,,,,,,,,,,
https://www.traveloka.com/id-id/user/review/consumption/HOTEL/GENERAL/3000010015281,13,5,"Saya menginap di sini dengan keluarga saya, kamarnya nyaman, kamar mandinya bersih, dan kolam renangnya itu loh bersih, anak-anak betah banget di sini. Next kalau ke Pangandaran lagi, pasti mau menginap di sini lagi. 👌",Diulas 385 minggu lalu,"https://ik.imagekit.io/tvlk/ugc-review/guys1L+Yyer9kzI3sp-pb0CG1j2bhflZGFUZOoIf1YOBAm37kEUOKR41ieUZm7ZJ/ugc-photo-ap-southeast-1-581603780057-acd24e232f75f09e/ACCOMMODATION/19467221_ACCOMMODATION_1545210030901_7001093f121657a8?_src=imagekit&tr=c-at_max,h-100,q-40,w-100","https://ik.imagekit.io/tvlk/ugc-review/guys1L+Yyer9kzI3sp-pb0CG1j2bhflZGFUZOoIf1YOBAm37kEUOKR41ieUZm7ZJ/ugc-photo-ap-southeast-1-581603780057-acd24e232f75f09e/ACCOMMODATION/19467221_ACCOMMODATION_1545210030901_0f371febb50f5802?_src=imagekit&tr=c-at_max,h-100,q-40,w-100",,,,,,,,,,,,,,,,,,
https://www.traveloka.com/id-id/user/review/consumption/HOTEL/GENERAL/3000010015281,13,6,"Menginap di sini menyenangkan, kolam renangnya recommended, sarapan oke lah, kekurangannya hanya pasta gigi dan sendal by request, kebetulan malamnya ada acara di meeting room suara soundnya kencang banget dan itu bikin anak saya baru bisa tidur setelah acara selesai.",Diulas 386 minggu lalu,"https://ik.imagekit.io/tvlk/ugc-review/guys1L+Yyer9kzI3sp-pb0CG1j2bhflZGFUZOoIf1YOBAm37kEUOKR41ieUZm7ZJ/ugc-photo-ap-southeast-1-581603780057-acd24e232f75f09e/ACCOMMODATION/1875737_ACCOMMODATION_1545110664721_4a96813bb07eb20a?_src=imagekit&tr=c-at_max,h-100,q-40,w-100","https://ik.imagekit.io/tvlk/ugc-review/guys1L+Yyer9kzI3sp-pb0CG1j2bhflZGFUZOoIf1YOBAm37kEUOKR41ieUZm7ZJ/ugc-photo-ap-southeast-1-581603780057-acd24e232f75f09e/ACCOMMODATION/1875737_ACCOMMODATION_1545110664722_594f21b04ed91d2c?_src=imagekit&tr=c-at_max,h-100,q-40,w-100",,,,,,,,,,,,,,,,,,
https://www.traveloka.com/id-id/user/review/consumption/HOTEL/GENERAL/3000010015281,13,7,Kamar bagus. Fasilitas lengkap. depan pontai. depan hotel banyak makanan. ada air panas. sarapan enak. tempat tidur nyaman. Ada dingin.,Diulas 386 minggu lalu,"https://ik.imagekit.io/tvlk/ugc-review/guys1L+Yyer9kzI3sp-pb0CG1j2bhflZGFUZOoIf1YOBAm37kEUOKR41ieUZm7ZJ/ugc-photo-ap-southeast-1-581603780057-acd24e232f75f09e/ACCOMMODATION/4066001_ACCOMMODATION_1544753085754_ec0bc5b8bc1498dd?_src=imagekit&tr=c-at_max,h-100,q-40,w-100",,,,,,,,,,,,,,,,,,,
https://www.traveloka.com/id-id/user/review/consumption/HOTEL/GENERAL/3000010015281,13,8,"Tempat, view family friendly banget, good hanya saja disayangkan begitu masuk kamar saya liat seprei kotor dan tempat tidur tidak rapi, toilet kotor. Sama pas breakfast makanannya kurang bervariasi. Hanya ada nasi goreng sama nasi goreng cikur. Not recommend buat makanan. semoga lebih baik ya.",Diulas 386 minggu lalu,"https://ik.imagekit.io/tvlk/ugc-review/guys1L+Yyer9kzI3sp-pb0CG1j2bhflZGFUZOoIf1YOBAm37kEUOKR41ieUZm7ZJ/ugc-photo-ap-southeast-1-581603780057-acd24e232f75f09e/ACCOMMODATION/0_ACCOMMODATION_1544579774639_8fd99d733c984cf6?_src=imagekit&tr=c-at_max,h-100,q-40,w-100",,,,,,,,,,,,,,,,,,,
https://www.traveloka.com/id-id/user/review/consumption/HOTEL/GENERAL/3000010015281,13,9,"Hotelnya sangat nyaman, bersih dan pelayanannya prima, ramah tamah.",Diulas 389 minggu lalu,"https://ik.imagekit.io/tvlk/ugc-review/guys1L+Yyer9kzI3sp-pb0CG1j2bhflZGFUZOoIf1YOBAm37kEUOKR41ieUZm7ZJ/ugc-photo-ap-southeast-1-581603780057-acd24e232f75f09e/ACCOMMODATION/30050677_ACCOMMODATION_1543204319571_da545ec510d0e386?_src=imagekit&tr=c-at_max,h-100,q-40,w-100",,,,,,,,,,,,,,,,,,,
https://www.traveloka.com/id-id/user/review/consumption/HOTEL/GENERAL/3000010015281,13,10,"Hotel ini cocok untuk liburan keluarga. Kamarnya yang bersih, rapi, lokasinya strategis dan pemandangannya luar biasa. bisa liat sunset juga. Best view banget, tempat yang keren untuk foto foto bersama keluarga. Pelayanan yang ramah dan fasilitasnya bikin puas. Pokoknya tidak kecewa dan tidak kapok bermalam di LB",Diulas 389 minggu lalu,"https://ik.imagekit.io/tvlk/ugc-review/guys1L+Yyer9kzI3sp-pb0CG1j2bhflZGFUZOoIf1YOBAm37kEUOKR41ieUZm7ZJ/ugc-photo-ap-southeast-1-581603780057-acd24e232f75f09e/ACCOMMODATION/84350808_ACCOMMODATION_1543200024300_54d91a4f9506a3c7?_src=imagekit&tr=c-at_max,h-100,q-40,w-100",,,,,,,,,,,,,,,,,,,
https://www.traveloka.com/id-id/user/review/consumption/HOTEL/GENERAL/3000010015281,13,11,"Hotel ini sangat pas untuk liburan, hotel nyaman dan bersih, fasilitasnya pun sangat baik. Sangat recommended untuk berkunjung ke hotel ini.",Diulas 390 minggu lalu,"https://ik.imagekit.io/tvlk/ugc-review/guys1L+Yyer9kzI3sp-pb0CG1j2bhflZGFUZOoIf1YOBAm37kEUOKR41ieUZm7ZJ/ugc-photo-ap-southeast-1-581603780057-acd24e232f75f09e/ACCOMMODATION/89316207_ACCOMMODATION_1542513770500_f63866b93b898429?_src=imagekit&tr=c-at_max,h-100,q-40,w-100",,,,,,,,,,,,,,,,,,,
https://www.traveloka.com/id-id/user/review/consumption/HOTEL/GENERAL/3000010015281,13,12,"Overall oke sih, Cuma sempat ditanya dengan bahasa yang kurang mengenakkan saja pas naik ke rooftop gara-gara salah satu pegawai tidak tahu kalau kita pengunjung dan menginap disitu. Kesannya meremehkan sekali, dikira kita orang luar terus sengaja mau foto-foto di rooftop. Oh iya, tidak dapat sikat gigi+odol. tapi keseluruhan sih oke, Ada kolam renang, sarapan lumayan enak cuma kurang bervariasi saja.",Diulas 392 minggu lalu,"https://ik.imagekit.io/tvlk/ugc-review/guys1L+Yyer9kzI3sp-pb0CG1j2bhflZGFUZOoIf1YOBAm37kEUOKR41ieUZm7ZJ/ugc-photo-ap-southeast-1-581603780057-acd24e232f75f09e/ACCOMMODATION/10962270_ACCOMMODATION_1541075062824_b4a2dbe3a722bfd6?_src=imagekit&tr=c-at_max,h-100,q-40,w-100",,,,,,,,,,,,,,,,,,,
https://www.traveloka.com/id-id/user/review/consumption/HOTEL/GENERAL/3000010015281,13,13,"Untuk viewnya menang banget view pantai dari buka kamar. View dari balkon itu kolam renang. Kebetulan memang pesan kamar yang ada balkonnya. Hotelnya bersih dan nyaman banget. Yang bikin tidak enak adalah wifinya yang super bapuk dan tidak mau konek sama sekali. Dan sudah di ciba di jam-jam yang berbeda tetep sajah bapuk. Makanan breakfastnya standar banget. Cuma ada nasi goreng 2 macam. Dan nasi kuning sama bihun goreng, omelete, roti bakar. rasanya biasa sajah. Tapi untuk kenyamanan oke banget ini hotel.",Diulas 393 minggu lalu,"https://ik.imagekit.io/tvlk/ugc-review/guys1L+Yyer9kzI3sp-pb0CG1j2bhflZGFUZOoIf1YOBAm37kEUOKR41ieUZm7ZJ/ugc-photo-ap-southeast-1-581603780057-acd24e232f75f09e/ACCOMMODATION/4936331_ACCOMMODATION_1540790158619_08f2a0865e254e5e?_src=imagekit&tr=c-at_max,h-100,q-40,w-100","https://ik.imagekit.io/tvlk/ugc-review/guys1L+Yyer9kzI3sp-pb0CG1j2bhflZGFUZOoIf1YOBAm37kEUOKR41ieUZm7ZJ/ugc-photo-ap-southeast-1-581603780057-acd24e232f75f09e/ACCOMMODATION/4936331_ACCOMMODATION_1540790158620_1084c720e7232311?_src=imagekit&tr=c-at_max,h-100,q-40,w-100","https://ik.imagekit.io/tvlk/ugc-review/guys1L+Yyer9kzI3sp-pb0CG1j2bhflZGFUZOoIf1YOBAm37kEUOKR41ieUZm7ZJ/ugc-photo-ap-southeast-1-581603780057-acd24e232f75f09e/ACCOMMODATION/4936331_ACCOMMODATION_1540790158620_1ead944a8233cccf?_src=imagekit&tr=c-at_max,h-100,q-40,w-100",,,,,,,,,,,,,,,,,
https://www.traveloka.com/id-id/user/review/consumption/HOTEL/GENERAL/3000010015281,13,14,"Tempat yang bagus, lokasi yang bagus, tetapi sarapan harus lebih baik.",Diulas 393 minggu lalu,"https://ik.imagekit.io/tvlk/ugc-review/guys1L+Yyer9kzI3sp-pb0CG1j2bhflZGFUZOoIf1YOBAm37kEUOKR41ieUZm7ZJ/ugc-photo-ap-southeast-1-581603780057-acd24e232f75f09e/ACCOMMODATION/4168408_ACCOMMODATION_1540698999333_3f5c6e68c9e31de8?_src=imagekit&tr=c-at_max,h-100,q-40,w-100",,,,,,,,,,,,,,,,,,,
https://www.traveloka.com/id-id/user/review/consumption/HOTEL/GENERAL/3000010015281,13,15,"Tempat yang bagus, tempat yang strategis, tetapi untuk sarapan harus lebih baik.",Diulas 393 minggu lalu,"https://ik.imagekit.io/tvlk/ugc-review/guys1L+Yyer9kzI3sp-pb0CG1j2bhflZGFUZOoIf1YOBAm37kEUOKR41ieUZm7ZJ/ugc-photo-ap-southeast-1-581603780057-acd24e232f75f09e/ACCOMMODATION/4168408_ACCOMMODATION_1540778043675_12b3d47b21abd097?_src=imagekit&tr=c-at_max,h-100,q-40,w-100",,,,,,,,,,,,,,,,,,,
https://www.traveloka.com/id-id/user/review/consumption/HOTEL/GENERAL/3000010015281,13,16,"Kamar yang baru, bersih, menyenangkan, nyaman dan tenang.",Diulas 393 minggu lalu,"https://ik.imagekit.io/tvlk/ugc-review/guys1L+Yyer9kzI3sp-pb0CG1j2bhflZGFUZOoIf1YOBAm37kEUOKR41ieUZm7ZJ/ugc-photo-ap-southeast-1-581603780057-acd24e232f75f09e/ACCOMMODATION/13675175_ACCOMMODATION_1540363531227_f571ff7a640fa205?_src=imagekit&tr=c-at_max,h-100,q-40,w-100","https://ik.imagekit.io/tvlk/ugc-review/guys1L+Yyer9kzI3sp-pb0CG1j2bhflZGFUZOoIf1YOBAm37kEUOKR41ieUZm7ZJ/ugc-photo-ap-southeast-1-581603780057-acd24e232f75f09e/ACCOMMODATION/13675175_ACCOMMODATION_1540363531227_c93a0c7b49969146?_src=imagekit&tr=c-at_max,h-100,q-40,w-100",,,,,,,,,,,,,,,,,,
https://www.traveloka.com/id-id/user/review/consumption/HOTEL/GENERAL/3000010015281,13,17,"Kamarnya luas, nyaman, kolam renang oke buat yang bawa anak, hotel dekat sekali dengan pantai, breakfast lumayan yang paling enak bubur ayamnya.",Diulas 394 minggu lalu,"https://ik.imagekit.io/tvlk/ugc-review/guys1L+Yyer9kzI3sp-pb0CG1j2bhflZGFUZOoIf1YOBAm37kEUOKR41ieUZm7ZJ/ugc-photo-ap-southeast-1-581603780057-acd24e232f75f09e/ACCOMMODATION/19919422_ACCOMMODATION_1540084480689_fa1d50413397b7cf?_src=imagekit&tr=c-at_max,h-100,q-40,w-100","https://ik.imagekit.io/tvlk/ugc-review/guys1L+Yyer9kzI3sp-pb0CG1j2bhflZGFUZOoIf1YOBAm37kEUOKR41ieUZm7ZJ/ugc-photo-ap-southeast-1-581603780057-acd24e232f75f09e/ACCOMMODATION/19919422_ACCOMMODATION_1540084550939_f7de16a6a324d257?_src=imagekit&tr=c-at_max,h-100,q-40,w-100",,,,,,,,,,,,,,,,,,
https://www.traveloka.com/id-id/user/review/consumption/HOTEL/GENERAL/3000010015281,13,18,"itu adalah liburan singkat namun berkesan. kamarnya bersih, pemandangannya bagus, saya akan tinggal di sini lagi lain kali.",Diulas 394 minggu lalu,"https://ik.imagekit.io/tvlk/ugc-review/guys1L+Yyer9kzI3sp-pb0CG1j2bhflZGFUZOoIf1YOBAm37kEUOKR41ieUZm7ZJ/ugc-photo-ap-southeast-1-581603780057-acd24e232f75f09e/ACCOMMODATION/15953660_ACCOMMODATION_1539924186217_0560db47a13683c6?_src=imagekit&tr=c-at_max,h-100,q-40,w-100",,,,,,,,,,,,,,,,,,,
https://www.traveloka.com/id-id/user/review/consumption/HOTEL/GENERAL/3000010015281,13,19,"Mantap pokoknya, karyawan ramah terus view-nya mantap.",Diulas 395 minggu lalu,"https://ik.imagekit.io/tvlk/ugc-review/guys1L+Yyer9kzI3sp-pb0CG1j2bhflZGFUZOoIf1YOBAm37kEUOKR41ieUZm7ZJ/ugc-photo-ap-southeast-1-581603780057-acd24e232f75f09e/ACCOMMODATION/6384211_ACCOMMODATION_1539226075316_16554c98a4cfdd56?_src=imagekit&tr=c-at_max,h-100,q-40,w-100","https://ik.imagekit.io/tvlk/ugc-review/guys1L+Yyer9kzI3sp-pb0CG1j2bhflZGFUZOoIf1YOBAm37kEUOKR41ieUZm7ZJ/ugc-photo-ap-southeast-1-581603780057-acd24e232f75f09e/ACCOMMODATION/6384211_ACCOMMODATION_1539267446555_75089c35ddd53165?_src=imagekit&tr=c-at_max,h-100,q-40,w-100","https://ik.imagekit.io/tvlk/ugc-review/guys1L+Yyer9kzI3sp-pb0CG1j2bhflZGFUZOoIf1YOBAm37kEUOKR41ieUZm7ZJ/ugc-photo-ap-southeast-1-581603780057-acd24e232f75f09e/ACCOMMODATION/6384211_ACCOMMODATION_1539267446556_a723926cc283efe9?_src=imagekit&tr=c-at_max,h-100,q-40,w-100","https://ik.imagekit.io/tvlk/ugc-review/guys1L+Yyer9kzI3sp-pb0CG1j2bhflZGFUZOoIf1YOBAm37kEUOKR41ieUZm7ZJ/ugc-photo-ap-southeast-1-581603780057-acd24e232f75f09e/ACCOMMODATION/6384211_ACCOMMODATION_1539267446556_97ab9675c378f3cd?_src=imagekit&tr=c-at_max,h-100,q-40,w-100",,,,,,,,,,,,,,,,
https://www.traveloka.com/id-id/user/review/consumption/HOTEL/GENERAL/3000010015281,13,20,"Kamar overall bersih, kolam renang dan fasilitas yang lain worth it, ramah anak, saya menginap disini bersama keluarga. Anak-anak happy sekali.",Diulas 396 minggu lalu,"https://ik.imagekit.io/tvlk/ugc-review/guys1L+Yyer9kzI3sp-pb0CG1j2bhflZGFUZOoIf1YOBAm37kEUOKR41ieUZm7ZJ/ugc-photo-ap-southeast-1-581603780057-acd24e232f75f09e/ACCOMMODATION/5382631_ACCOMMODATION_1538882253017_72d218d7d855e218?_src=imagekit&tr=c-at_max,h-100,q-40,w-100","https://ik.imagekit.io/tvlk/ugc-review/guys1L+Yyer9kzI3sp-pb0CG1j2bhflZGFUZOoIf1YOBAm37kEUOKR41ieUZm7ZJ/ugc-photo-ap-southeast-1-581603780057-acd24e232f75f09e/ACCOMMODATION/5382631_ACCOMMODATION_1538882253018_4a55c69622d75fc6?_src=imagekit&tr=c-at_max,h-100,q-40,w-100","https://ik.imagekit.io/tvlk/ugc-review/guys1L+Yyer9kzI3sp-pb0CG1j2bhflZGFUZOoIf1YOBAm37kEUOKR41ieUZm7ZJ/ugc-photo-ap-southeast-1-581603780057-acd24e232f75f09e/ACCOMMODATION/5382631_ACCOMMODATION_1538882253018_2d5b6f699a82c0da?_src=imagekit&tr=c-at_max,h-100,q-40,w-100",,,,,,,,,,,,,,,,,
https://www.traveloka.com/id-id/user/review/consumption/HOTEL/GENERAL/3000010015281,13,21,"Hotel bintang 3 masa tidak nyedian hal-hal yang umum seperti sikat dan pasta gigi. makanan rasanya biasa, menu sarapan terbatas.",Diulas 399 minggu lalu,"https://ik.imagekit.io/tvlk/ugc-review/guys1L+Yyer9kzI3sp-pb0CG1j2bhflZGFUZOoIf1YOBAm37kEUOKR41ieUZm7ZJ/ugc-photo-ap-southeast-1-581603780057-acd24e232f75f09e/ACCOMMODATION/80998863_ACCOMMODATION_1537152645478_238ece4cbf6a0d55?_src=imagekit&tr=c-at_max,h-100,q-40,w-100","https://ik.imagekit.io/tvlk/ugc-review/guys1L+Yyer9kzI3sp-pb0CG1j2bhflZGFUZOoIf1YOBAm37kEUOKR41ieUZm7ZJ/ugc-photo-ap-southeast-1-581603780057-acd24e232f75f09e/ACCOMMODATION/80998863_ACCOMMODATION_1537152645479_fbd07c333822d9a3?_src=imagekit&tr=c-at_max,h-100,q-40,w-100","https://ik.imagekit.io/tvlk/ugc-review/guys1L+Yyer9kzI3sp-pb0CG1j2bhflZGFUZOoIf1YOBAm37kEUOKR41ieUZm7ZJ/ugc-photo-ap-southeast-1-581603780057-acd24e232f75f09e/ACCOMMODATION/80998863_ACCOMMODATION_1537152645479_12b6b7bfdb7a388a?_src=imagekit&tr=c-at_max,h-100,q-40,w-100","https://ik.imagekit.io/tvlk/ugc-review/guys1L+Yyer9kzI3sp-pb0CG1j2bhflZGFUZOoIf1YOBAm37kEUOKR41ieUZm7ZJ/ugc-photo-ap-southeast-1-581603780057-acd24e232f75f09e/ACCOMMODATION/80998863_ACCOMMODATION_1537152645480_d93c440b05e1a786?_src=imagekit&tr=c-at_max,h-100,q-40,w-100","https://ik.imagekit.io/tvlk/ugc-review/guys1L+Yyer9kzI3sp-pb0CG1j2bhflZGFUZOoIf1YOBAm37kEUOKR41ieUZm7ZJ/ugc-photo-ap-southeast-1-581603780057-acd24e232f75f09e/ACCOMMODATION/80998863_ACCOMMODATION_1537152645480_11ee6fae669ef4d9?_src=imagekit&tr=c-at_max,h-100,q-40,w-100",,,,,,,,,,,,,,,
https://www.traveloka.com/id-id/user/review/consumption/HOTEL/GENERAL/3000010015281,13,22,"Untuk kualitas sebanding dengan harga, pelayanan ramah, fasilitas oke, makanan lumayan, Kebersihan bagus yang membuat kotor ternyata pengunjung yang tidak bertanggung jawab. Ke pantai barat maupun timur sangat dekat tinggal nyebrang beberapa meter sampai.",Diulas 399 minggu lalu,"https://ik.imagekit.io/tvlk/ugc-review/guys1L+Yyer9kzI3sp-pb0CG1j2bhflZGFUZOoIf1YOBAm37kEUOKR41ieUZm7ZJ/ugc-photo-ap-southeast-1-581603780057-acd24e232f75f09e/ACCOMMODATION/68458963_ACCOMMODATION_1536780828917_e4d79e6a8ea6861c?_src=imagekit&tr=c-at_max,h-100,q-40,w-100","https://ik.imagekit.io/tvlk/ugc-review/guys1L+Yyer9kzI3sp-pb0CG1j2bhflZGFUZOoIf1YOBAm37kEUOKR41ieUZm7ZJ/ugc-photo-ap-southeast-1-581603780057-acd24e232f75f09e/ACCOMMODATION/68458963_ACCOMMODATION_1536780828918_10d9cfbc35b3dab1?_src=imagekit&tr=c-at_max,h-100,q-40,w-100",,,,,,,,,,,,,,,,,,
https://www.traveloka.com/id-id/user/review/consumption/HOTEL/GENERAL/3000010015281,13,23,Pelayanan sangat memuaskan dan kamar sangat bersih.,Diulas 400 minggu lalu,"https://ik.imagekit.io/tvlk/ugc-review/guys1L+Yyer9kzI3sp-pb0CG1j2bhflZGFUZOoIf1YOBAm37kEUOKR41ieUZm7ZJ/ugc-photo-ap-southeast-1-581603780057-acd24e232f75f09e/ACCOMMODATION/20557517_ACCOMMODATION_1536577915125_5cf486dfa7a9a461?_src=imagekit&tr=c-at_max,h-100,q-40,w-100","https://ik.imagekit.io/tvlk/ugc-review/guys1L+Yyer9kzI3sp-pb0CG1j2bhflZGFUZOoIf1YOBAm37kEUOKR41ieUZm7ZJ/ugc-photo-ap-southeast-1-581603780057-acd24e232f75f09e/ACCOMMODATION/20557517_ACCOMMODATION_1536577915125_1f2b42a414bbe886?_src=imagekit&tr=c-at_max,h-100,q-40,w-100",,,,,,,,,,,,,,,,,,
https://www.traveloka.com/id-id/user/review/consumption/HOTEL/GENERAL/3000010015281,13,24,"Viewnya bagus, makanan enak tapi kurang variasi. Tapi maaf ya kok tidak dapat sikat, pasta gigi dan sandal. Toiletnya juga begitu dibuka kok bau petai.",Diulas 402 minggu lalu,"https://ik.imagekit.io/tvlk/ugc-review/guys1L+Yyer9kzI3sp-pb0CG1j2bhflZGFUZOoIf1YOBAm37kEUOKR41ieUZm7ZJ/ugc-photo-ap-southeast-1-581603780057-acd24e232f75f09e/ACCOMMODATION/71160873_ACCOMMODATION_1534928597012_03b7cb605059db08?_src=imagekit&tr=c-at_max,h-100,q-40,w-100","https://ik.imagekit.io/tvlk/ugc-review/guys1L+Yyer9kzI3sp-pb0CG1j2bhflZGFUZOoIf1YOBAm37kEUOKR41ieUZm7ZJ/ugc-photo-ap-southeast-1-581603780057-acd24e232f75f09e/ACCOMMODATION/71160873_ACCOMMODATION_1534928597013_bcb0d03477aa91f8?_src=imagekit&tr=c-at_max,h-100,q-40,w-100","https://ik.imagekit.io/tvlk/ugc-review/guys1L+Yyer9kzI3sp-pb0CG1j2bhflZGFUZOoIf1YOBAm37kEUOKR41ieUZm7ZJ/ugc-photo-ap-southeast-1-581603780057-acd24e232f75f09e/ACCOMMODATION/71160873_ACCOMMODATION_1534928597013_003513b03c444be8?_src=imagekit&tr=c-at_max,h-100,q-40,w-100",,,,,,,,,,,,,,,,,
https://www.traveloka.com/id-id/user/review/consumption/HOTEL/GENERAL/3000010015281,13,25,"Lokasi nyaman, view bagus, breakfast enak. Cuma kurang kopi saja sama sandal buat di kamar.",Diulas 403 minggu lalu,"https://ik.imagekit.io/tvlk/ugc-review/guys1L+Yyer9kzI3sp-pb0CG1j2bhflZGFUZOoIf1YOBAm37kEUOKR41ieUZm7ZJ/ugc-photo-ap-southeast-1-581603780057-acd24e232f75f09e/ACCOMMODATION/75384101_ACCOMMODATION_1534299452002_845af0a15069bf40?_src=imagekit&tr=c-at_max,h-100,q-40,w-100",,,,,,,,,,,,,,,,,,,
https://www.traveloka.com/id-id/user/review/consumption/HOTEL/GENERAL/3000010015281,13,26,"Tempatnya bagus, tapi perlu ditingkatkan menu sarapannya.",Diulas 404 minggu lalu,"https://ik.imagekit.io/tvlk/ugc-review/guys1L+Yyer9kzI3sp-pb0CG1j2bhflZGFUZOoIf1YOBAm37kEUOKR41ieUZm7ZJ/ugc-photo-ap-southeast-1-581603780057-acd24e232f75f09e/ACCOMMODATION/5548603_ACCOMMODATION_1534221849682_c38d53fd17c16332?_src=imagekit&tr=c-at_max,h-100,q-40,w-100",,,,,,,,,,,,,,,,,,,
https://www.traveloka.com/id-id/user/review/consumption/HOTEL/GENERAL/3000010015281,13,27,"Hotel yang nyaman sea view, rooftopnya keren buat selfie.",Diulas 404 minggu lalu,"https://ik.imagekit.io/tvlk/ugc-review/guys1L+Yyer9kzI3sp-pb0CG1j2bhflZGFUZOoIf1YOBAm37kEUOKR41ieUZm7ZJ/ugc-photo-ap-southeast-1-581603780057-acd24e232f75f09e/ACCOMMODATION/71598901_ACCOMMODATION_1534158059091_b8382cadfeaa037b?_src=imagekit&tr=c-at_max,h-100,q-40,w-100",,,,,,,,,,,,,,,,,,,
https://www.traveloka.com/id-id/user/review/consumption/HOTEL/GENERAL/3000010015281,13,28,"Recommended! ada waterboom, kamar besar (saya sewa family room) ada spot foto cantik di rooftopnya dapat sarapan juga, ke pantai tinggal nyebrang doang dan kemarin saya bisa early check-in... Thanks for hospitalitynya laut Biru Resort Hotel.",Diulas 406 minggu lalu,"https://ik.imagekit.io/tvlk/ugc-review/guys1L+Yyer9kzI3sp-pb0CG1j2bhflZGFUZOoIf1YOBAm37kEUOKR41ieUZm7ZJ/ugc-photo-ap-southeast-1-581603780057-acd24e232f75f09e/ACCOMMODATION/3239611_ACCOMMODATION_1532859665258_b0187735147ca7fa?_src=imagekit&tr=c-at_max,h-100,q-40,w-100","https://ik.imagekit.io/tvlk/ugc-review/guys1L+Yyer9kzI3sp-pb0CG1j2bhflZGFUZOoIf1YOBAm37kEUOKR41ieUZm7ZJ/ugc-photo-ap-southeast-1-581603780057-acd24e232f75f09e/ACCOMMODATION/3239611_ACCOMMODATION_1532859665259_a0581dc2c48ab04b?_src=imagekit&tr=c-at_max,h-100,q-40,w-100",,,,,,,,,,,,,,,,,,
https://www.traveloka.com/id-id/user/review/consumption/HOTEL/GENERAL/3000010015281,13,29,Kolam di hotel ini pas banget buat anak-anak. Menu sarapannya kurang lengkap. Lokasinya enak dekat ke pantai barat dekat ke pantai timur.,Diulas 406 minggu lalu,"https://ik.imagekit.io/tvlk/ugc-review/guys1L+Yyer9kzI3sp-pb0CG1j2bhflZGFUZOoIf1YOBAm37kEUOKR41ieUZm7ZJ/ugc-photo-ap-southeast-1-581603780057-acd24e232f75f09e/ACCOMMODATION/67425714_ACCOMMODATION_1532686092125_ff408eb0e6a347b8?_src=imagekit&tr=c-at_max,h-100,q-40,w-100",,,,,,,,,,,,,,,,,,,
https://www.traveloka.com/id-id/user/review/consumption/HOTEL/GENERAL/3000010015281,13,30,Hotelnya bagus banget. tidak menyesal menginap di laut biru next time kalau ke pangandaran wajib di laut biru lagi,Diulas 407 minggu lalu,"https://ik.imagekit.io/tvlk/ugc-review/guys1L+Yyer9kzI3sp-pb0CG1j2bhflZGFUZOoIf1YOBAm37kEUOKR41ieUZm7ZJ/ugc-photo-ap-southeast-1-581603780057-acd24e232f75f09e/ACCOMMODATION/69759475_ACCOMMODATION_1532416644446_fad4a420d3dffc0b?_src=imagekit&tr=c-at_max,h-100,q-40,w-100",,,,,,,,,,,,,,,,,,,
https://www.traveloka.com/id-id/user/review/consumption/HOTEL/GENERAL/3000010015281,13,31,"Ayah menyukainya, ibu menyukainya, aku menyukainya, emily menyukainya.",Diulas 407 minggu lalu,"https://ik.imagekit.io/tvlk/ugc-review/guys1L+Yyer9kzI3sp-pb0CG1j2bhflZGFUZOoIf1YOBAm37kEUOKR41ieUZm7ZJ/ugc-photo-ap-southeast-1-581603780057-acd24e232f75f09e/ACCOMMODATION/11299872_ACCOMMODATION_1532093228476_75ba341f983d0534?_src=imagekit&tr=c-at_max,h-100,q-40,w-100","https://ik.imagekit.io/tvlk/ugc-review/guys1L+Yyer9kzI3sp-pb0CG1j2bhflZGFUZOoIf1YOBAm37kEUOKR41ieUZm7ZJ/ugc-photo-ap-southeast-1-581603780057-acd24e232f75f09e/ACCOMMODATION/11299872_ACCOMMODATION_1532093228476_d3672d570bf836e8?_src=imagekit&tr=c-at_max,h-100,q-40,w-100",,,,,,,,,,,,,,,,,,
https://www.traveloka.com/id-id/user/review/consumption/HOTEL/GENERAL/3000010015281,13,32,Saya sudah 2 kali menginap di laut biru selalu enak dan nyaman untuk membawa keluarga termasuk anak kecil. Hotel laut biru sangat di rekomendasikan untuk para keluarga menginap di pangandaran.,Diulas 407 minggu lalu,"https://ik.imagekit.io/tvlk/ugc-review/guys1L+Yyer9kzI3sp-pb0CG1j2bhflZGFUZOoIf1YOBAm37kEUOKR41ieUZm7ZJ/ugc-photo-ap-southeast-1-581603780057-acd24e232f75f09e/ACCOMMODATION/7911461_ACCOMMODATION_1531970451149_85a1d8868d07c5fb?_src=imagekit&tr=c-at_max,h-100,q-40,w-100","https://ik.imagekit.io/tvlk/ugc-review/guys1L+Yyer9kzI3sp-pb0CG1j2bhflZGFUZOoIf1YOBAm37kEUOKR41ieUZm7ZJ/ugc-photo-ap-southeast-1-581603780057-acd24e232f75f09e/ACCOMMODATION/7911461_ACCOMMODATION_1531970451150_c183273da0ec43b8?_src=imagekit&tr=c-at_max,h-100,q-40,w-100","https://ik.imagekit.io/tvlk/ugc-review/guys1L+Yyer9kzI3sp-pb0CG1j2bhflZGFUZOoIf1YOBAm37kEUOKR41ieUZm7ZJ/ugc-photo-ap-southeast-1-581603780057-acd24e232f75f09e/ACCOMMODATION/7911461_ACCOMMODATION_1531970451150_623e9afaa429cd0c?_src=imagekit&tr=c-at_max,h-100,q-40,w-100",,,,,,,,,,,,,,,,,
https://www.traveloka.com/id-id/user/review/consumption/HOTEL/GENERAL/3000010015281,13,33,"Ini kali ke dua saya datang ke laut biru all bagus dan memuaskan, Kalau kesana lagi pasti kami menginap disana lagi karena sudah pasti pelayanan dan fasilitasnya dengan harga yang terjangkau dibanding dengan yang lain",Diulas 407 minggu lalu,"https://ik.imagekit.io/tvlk/ugc-review/guys1L+Yyer9kzI3sp-pb0CG1j2bhflZGFUZOoIf1YOBAm37kEUOKR41ieUZm7ZJ/ugc-photo-ap-southeast-1-581603780057-acd24e232f75f09e/ACCOMMODATION/23193869_ACCOMMODATION_1531964709060_e14a9044da40e428?_src=imagekit&tr=c-at_max,h-100,q-40,w-100",,,,,,,,,,,,,,,,,,,
https://www.traveloka.com/id-id/user/review/consumption/HOTEL/GENERAL/3000010015281,13,34,Enak tempatnya strategis nyaman buat familly untuk berlibur.,Diulas 407 minggu lalu,"https://ik.imagekit.io/tvlk/ugc-review/guys1L+Yyer9kzI3sp-pb0CG1j2bhflZGFUZOoIf1YOBAm37kEUOKR41ieUZm7ZJ/ugc-photo-ap-southeast-1-581603780057-acd24e232f75f09e/ACCOMMODATION/14257592_ACCOMMODATION_1531916328240_20081672ff526811?_src=imagekit&tr=c-at_max,h-100,q-40,w-100","https://ik.imagekit.io/tvlk/ugc-review/guys1L+Yyer9kzI3sp-pb0CG1j2bhflZGFUZOoIf1YOBAm37kEUOKR41ieUZm7ZJ/ugc-photo-ap-southeast-1-581603780057-acd24e232f75f09e/ACCOMMODATION/14257592_ACCOMMODATION_1531916328240_db8bb679d35690bc?_src=imagekit&tr=c-at_max,h-100,q-40,w-100",,,,,,,,,,,,,,,,,,
https://www.traveloka.com/id-id/user/review/consumption/HOTEL/GENERAL/3000010015281,13,35,"Mending diganti saja jadi hotel bintang tiga, saya kira cocok kok. Viewnya nyaman kamar luas, dan sangat cocok untuk acara keluarga, namun sayangnya gak ada kamar khusus untuk pasangan, padahal niatnya mau buat malam madu, saya booking 1 bed, malah ada 2 bed didalamnya. Fasilitas kamar seperti sandal, sikat gigi harus pesan manual ke housekeeping, tidak disediakan langsung begitu check in. Toilet di public area kurang bersih, dan sarapan nasi goreng kurang enak, mohon diperbaiki itu saja. Tapi overall saya puas. Terimakasih.",Diulas 408 minggu lalu,"https://ik.imagekit.io/tvlk/ugc-review/guys1L+Yyer9kzI3sp-pb0CG1j2bhflZGFUZOoIf1YOBAm37kEUOKR41ieUZm7ZJ/ugc-photo-ap-southeast-1-581603780057-acd24e232f75f09e/ACCOMMODATION/4633435_ACCOMMODATION_1531715374917_e90bf618515ca469?_src=imagekit&tr=c-at_max,h-100,q-40,w-100","https://ik.imagekit.io/tvlk/ugc-review/guys1L+Yyer9kzI3sp-pb0CG1j2bhflZGFUZOoIf1YOBAm37kEUOKR41ieUZm7ZJ/ugc-photo-ap-southeast-1-581603780057-acd24e232f75f09e/ACCOMMODATION/4633435_ACCOMMODATION_1531715374917_ffb2ba408ef9a645?_src=imagekit&tr=c-at_max,h-100,q-40,w-100",,,,,,,,,,,,,,,,,,
https://www.traveloka.com/id-id/user/review/consumption/HOTEL/GENERAL/3000010015281,13,36,"Pemandangannya luar biasa, syukurlah.",Diulas 408 minggu lalu,"https://ik.imagekit.io/tvlk/ugc-review/guys1L+Yyer9kzI3sp-pb0CG1j2bhflZGFUZOoIf1YOBAm37kEUOKR41ieUZm7ZJ/ugc-photo-ap-southeast-1-581603780057-acd24e232f75f09e/ACCOMMODATION/20532701_ACCOMMODATION_1531442782226_6d700284f4ce3d38?_src=imagekit&tr=c-at_max,h-100,q-40,w-100","https://ik.imagekit.io/tvlk/ugc-review/guys1L+Yyer9kzI3sp-pb0CG1j2bhflZGFUZOoIf1YOBAm37kEUOKR41ieUZm7ZJ/ugc-photo-ap-southeast-1-581603780057-acd24e232f75f09e/ACCOMMODATION/20532701_ACCOMMODATION_1531442782227_7228d26a4fb1cefa?_src=imagekit&tr=c-at_max,h-100,q-40,w-100",,,,,,,,,,,,,,,,,,
https://www.traveloka.com/id-id/user/review/consumption/HOTEL/GENERAL/3000010015281,13,37,Kamar nyaman .. sarapan tidak istimewa .. kolam renangnya bagus ..,Diulas 408 minggu lalu,"https://ik.imagekit.io/tvlk/ugc-review/guys1L+Yyer9kzI3sp-pb0CG1j2bhflZGFUZOoIf1YOBAm37kEUOKR41ieUZm7ZJ/ugc-photo-ap-southeast-1-581603780057-acd24e232f75f09e/ACCOMMODATION/0_ACCOMMODATION_1531374667192_0e6ffe3144a5175e?_src=imagekit&tr=c-at_max,h-100,q-40,w-100",,,,,,,,,,,,,,,,,,,
https://www.traveloka.com/id-id/user/review/consumption/HOTEL/GENERAL/3000010015281,13,38,"Laut biru yang sekarang banyak perkembangan dengan laut biru yang dulu. Sedikit komentar untuk menu sarapan paginya agak divariasikan, Dari beberapa kali menginap di sana menunya masih tetap sama.",Diulas 408 minggu lalu,"https://ik.imagekit.io/tvlk/ugc-review/guys1L+Yyer9kzI3sp-pb0CG1j2bhflZGFUZOoIf1YOBAm37kEUOKR41ieUZm7ZJ/ugc-photo-ap-southeast-1-581603780057-acd24e232f75f09e/ACCOMMODATION/5871049_ACCOMMODATION_1531358857252_ef841a5cb38e2530?_src=imagekit&tr=c-at_max,h-100,q-40,w-100",,,,,,,,,,,,,,,,,,,
https://www.traveloka.com/id-id/user/review/consumption/HOTEL/GENERAL/3000010015281,13,39,"Kamarnya lega, nyaman buat family tapi sayang ga dapat toothbrush sama toothpaste.",Diulas 409 minggu lalu,"https://ik.imagekit.io/tvlk/ugc-review/guys1L+Yyer9kzI3sp-pb0CG1j2bhflZGFUZOoIf1YOBAm37kEUOKR41ieUZm7ZJ/ugc-photo-ap-southeast-1-581603780057-acd24e232f75f09e/ACCOMMODATION/0_ACCOMMODATION_1531118035253_e63d580dc382ec5e?_src=imagekit&tr=c-at_max,h-100,q-40,w-100",,,,,,,,,,,,,,,,,,,
https://www.traveloka.com/id-id/user/review/consumption/HOTEL/GENERAL/3000010015281,13,40,"Hotel ini punya pemandangan cakep, kamar juga luas, sesuai dengan foto yang saya lihat di. Ranjangnya 2 king untuk new family room. Cukup luas. Hanya saja sayang kebersihan dan maintenance hotel masih sangat tradisional dan perlu ditingkatkan. Sarapan biasa saja dan pilihan tidak banyak tidak bisa dibandingkan dengan hotel berbintang. Fasilitas mini waterboom oke namun perlu perawatan juga. Pas kami menginap hotel sedang full jadi karena kolam tidak besar tampak sumpek. Hotel memberikan kamar sesuai permintaan kami.",Diulas 409 minggu lalu,"https://ik.imagekit.io/tvlk/ugc-review/guys1L+Yyer9kzI3sp-pb0CG1j2bhflZGFUZOoIf1YOBAm37kEUOKR41ieUZm7ZJ/ugc-photo-ap-southeast-1-581603780057-acd24e232f75f09e/ACCOMMODATION/23407656_ACCOMMODATION_1531103623842_070135429e39f0ab?_src=imagekit&tr=c-at_max,h-100,q-40,w-100","https://ik.imagekit.io/tvlk/ugc-review/guys1L+Yyer9kzI3sp-pb0CG1j2bhflZGFUZOoIf1YOBAm37kEUOKR41ieUZm7ZJ/ugc-photo-ap-southeast-1-581603780057-acd24e232f75f09e/ACCOMMODATION/23407656_ACCOMMODATION_1531103623844_eeadae9412cf75d6?_src=imagekit&tr=c-at_max,h-100,q-40,w-100","https://ik.imagekit.io/tvlk/ugc-review/guys1L+Yyer9kzI3sp-pb0CG1j2bhflZGFUZOoIf1YOBAm37kEUOKR41ieUZm7ZJ/ugc-photo-ap-southeast-1-581603780057-acd24e232f75f09e/ACCOMMODATION/23407656_ACCOMMODATION_1531103623842_d3e9268528118fe6?_src=imagekit&tr=c-at_max,h-100,q-40,w-100","https://ik.imagekit.io/tvlk/ugc-review/guys1L+Yyer9kzI3sp-pb0CG1j2bhflZGFUZOoIf1YOBAm37kEUOKR41ieUZm7ZJ/ugc-photo-ap-southeast-1-581603780057-acd24e232f75f09e/ACCOMMODATION/23407656_ACCOMMODATION_1531103623844_7506d889926ed299?_src=imagekit&tr=c-at_max,h-100,q-40,w-100","https://ik.imagekit.io/tvlk/ugc-review/guys1L+Yyer9kzI3sp-pb0CG1j2bhflZGFUZOoIf1YOBAm37kEUOKR41ieUZm7ZJ/ugc-photo-ap-southeast-1-581603780057-acd24e232f75f09e/ACCOMMODATION/23407656_ACCOMMODATION_1531103623843_7a3ee0907f6c08c9?_src=imagekit&tr=c-at_max,h-100,q-40,w-100","https://ik.imagekit.io/tvlk/ugc-review/guys1L+Yyer9kzI3sp-pb0CG1j2bhflZGFUZOoIf1YOBAm37kEUOKR41ieUZm7ZJ/ugc-photo-ap-southeast-1-581603780057-acd24e232f75f09e/ACCOMMODATION/23407656_ACCOMMODATION_1531103623844_f1f21baac90efc02?_src=imagekit&tr=c-at_max,h-100,q-40,w-100",,,,,,,,,,,,,,
https://www.traveloka.com/id-id/user/review/consumption/HOTEL/GENERAL/3000010015281,14,1,"Hotel yg nyaman, kamar yg luas, dengan balkon menghadap ke laut, dekat dengan laut tempat berenang. Spot foto yg cantik dari lantai 7. Nice!",Diulas 409 minggu lalu,"https://ik.imagekit.io/tvlk/ugc-review/guys1L+Yyer9kzI3sp-pb0CG1j2bhflZGFUZOoIf1YOBAm37kEUOKR41ieUZm7ZJ/ugc-photo-ap-southeast-1-581603780057-acd24e232f75f09e/ACCOMMODATION/10497847_ACCOMMODATION_1530586549067_b33422805747402e?_src=imagekit&tr=c-at_max,h-100,q-40,w-100","https://ik.imagekit.io/tvlk/ugc-review/guys1L+Yyer9kzI3sp-pb0CG1j2bhflZGFUZOoIf1YOBAm37kEUOKR41ieUZm7ZJ/ugc-photo-ap-southeast-1-581603780057-acd24e232f75f09e/ACCOMMODATION/10497847_ACCOMMODATION_1530586549067_66e4f5e442376846?_src=imagekit&tr=c-at_max,h-100,q-40,w-100","https://ik.imagekit.io/tvlk/ugc-review/guys1L+Yyer9kzI3sp-pb0CG1j2bhflZGFUZOoIf1YOBAm37kEUOKR41ieUZm7ZJ/ugc-photo-ap-southeast-1-581603780057-acd24e232f75f09e/ACCOMMODATION/10497847_ACCOMMODATION_1530586549068_36242ca35437da9f?_src=imagekit&tr=c-at_max,h-100,q-40,w-100","https://ik.imagekit.io/tvlk/ugc-review/guys1L+Yyer9kzI3sp-pb0CG1j2bhflZGFUZOoIf1YOBAm37kEUOKR41ieUZm7ZJ/ugc-photo-ap-southeast-1-581603780057-acd24e232f75f09e/ACCOMMODATION/10497847_ACCOMMODATION_1530586549067_f8b8c3b1d6a30e77?_src=imagekit&tr=c-at_max,h-100,q-40,w-100",,,,,,,,,,,,,,,,
https://www.traveloka.com/id-id/user/review/consumption/HOTEL/GENERAL/3000010015281,14,2,"Hotel yang sangat recommended untuk liburan keluarga, saran agar mengambil new family room, kamar yang sangat luas dan bersih juga view yang bagus, lokasi hotel sangat strategis, fasilitas kamar tidak wah namun cukup baik, sarapan harus lebih ditingkatkan.",Diulas 409 minggu lalu,"https://ik.imagekit.io/tvlk/ugc-review/guys1L+Yyer9kzI3sp-pb0CG1j2bhflZGFUZOoIf1YOBAm37kEUOKR41ieUZm7ZJ/ugc-photo-ap-southeast-1-581603780057-acd24e232f75f09e/ACCOMMODATION/23616057_ACCOMMODATION_1530629223272_85e6a2b58e299718?_src=imagekit&tr=c-at_max,h-100,q-40,w-100","https://ik.imagekit.io/tvlk/ugc-review/guys1L+Yyer9kzI3sp-pb0CG1j2bhflZGFUZOoIf1YOBAm37kEUOKR41ieUZm7ZJ/ugc-photo-ap-southeast-1-581603780057-acd24e232f75f09e/ACCOMMODATION/23616057_ACCOMMODATION_1530629223273_d73f9c3776437733?_src=imagekit&tr=c-at_max,h-100,q-40,w-100",,,,,,,,,,,,,,,,,,
https://www.traveloka.com/id-id/user/review/consumption/HOTEL/GENERAL/3000010015281,14,3,"Lokasi strategis, kamar bersih. Yang kurang: variasi sarapan, ada menu makanan yang diumpetin, baru dikasih setelah kami minta, dan WiFi lemot hanya bisa di lobby. Terus tempat parkir juga kurang lega. Selebihnya memuaskan.",Diulas 410 minggu lalu,"https://ik.imagekit.io/tvlk/ugc-review/guys1L+Yyer9kzI3sp-pb0CG1j2bhflZGFUZOoIf1YOBAm37kEUOKR41ieUZm7ZJ/ugc-photo-ap-southeast-1-581603780057-acd24e232f75f09e/ACCOMMODATION/18622106_ACCOMMODATION_1530620613661_d7c9901c81059256?_src=imagekit&tr=c-at_max,h-100,q-40,w-100","https://ik.imagekit.io/tvlk/ugc-review/guys1L+Yyer9kzI3sp-pb0CG1j2bhflZGFUZOoIf1YOBAm37kEUOKR41ieUZm7ZJ/ugc-photo-ap-southeast-1-581603780057-acd24e232f75f09e/ACCOMMODATION/18622106_ACCOMMODATION_1530620613662_c5c22b6b4f06af34?_src=imagekit&tr=c-at_max,h-100,q-40,w-100",,,,,,,,,,,,,,,,,,
https://www.traveloka.com/id-id/user/review/consumption/HOTEL/GENERAL/3000010015281,14,4,"Meskipun ada hal yang kurang menyenangkan, Ktika antri makanan (roti bakar) sudah antri lama yang di stand yang dekat kolam eh suruh pindah ke stand yang belakang yang antriannya sudah panjang. Tapi secara keseluruhan memuaskan sih, mungkin agak diperhatikan mengenai masalah di tempat makan.",Diulas 410 minggu lalu,"https://ik.imagekit.io/tvlk/ugc-review/guys1L+Yyer9kzI3sp-pb0CG1j2bhflZGFUZOoIf1YOBAm37kEUOKR41ieUZm7ZJ/ugc-photo-ap-southeast-1-581603780057-acd24e232f75f09e/ACCOMMODATION/29960713_ACCOMMODATION_1530584631918_56da3f80da91fb96?_src=imagekit&tr=c-at_max,h-100,q-40,w-100",,,,,,,,,,,,,,,,,,,
https://www.traveloka.com/id-id/user/review/consumption/HOTEL/GENERAL/3000010015281,14,5,"Buat foto foto keren viewnya langsung ke pantai. kamar bersih dan luas, Make up room juga cepat habis cape paling kamar yang awalnya berantakan sudah rapi dan bersih. Recommended buat liburan keluarga. Kecuali breakfastnya kurang enak.",Diulas 410 minggu lalu,"https://ik.imagekit.io/tvlk/ugc-review/guys1L+Yyer9kzI3sp-pb0CG1j2bhflZGFUZOoIf1YOBAm37kEUOKR41ieUZm7ZJ/ugc-photo-ap-southeast-1-581603780057-acd24e232f75f09e/ACCOMMODATION/63425858_ACCOMMODATION_1530497120181_936ab80bf83d932b?_src=imagekit&tr=c-at_max,h-100,q-40,w-100",,,,,,,,,,,,,,,,,,,
https://www.traveloka.com/id-id/user/review/consumption/HOTEL/GENERAL/3000010015281,14,6,"Masa sarapan pake nasi mie telor, tidak ada ayam atau apa kek? Hotel bintang ko gitu dikasih posisi pojok tidak ada view sama sekali, plis deh gaakan lagi.",Diulas 410 minggu lalu,"https://ik.imagekit.io/tvlk/ugc-review/guys1L+Yyer9kzI3sp-pb0CG1j2bhflZGFUZOoIf1YOBAm37kEUOKR41ieUZm7ZJ/ugc-photo-ap-southeast-1-581603780057-acd24e232f75f09e/ACCOMMODATION/41581808_ACCOMMODATION_1530362038977_48d3bca31e899077?_src=imagekit&tr=c-at_max,h-100,q-40,w-100","https://ik.imagekit.io/tvlk/ugc-review/guys1L+Yyer9kzI3sp-pb0CG1j2bhflZGFUZOoIf1YOBAm37kEUOKR41ieUZm7ZJ/ugc-photo-ap-southeast-1-581603780057-acd24e232f75f09e/ACCOMMODATION/41581808_ACCOMMODATION_1530362038978_2fa703ca9a86ae6d?_src=imagekit&tr=c-at_max,h-100,q-40,w-100",,,,,,,,,,,,,,,,,,
https://www.traveloka.com/id-id/user/review/consumption/HOTEL/GENERAL/3000010015281,14,7,"Superior seaview bagus, hanya jemuran di balkon kecil tidak berfungsi jika hujan. Swimming area cocok sangat sesuai buat anak-anak, Sarapan banyak pilihan dan enak rasanya. Parkir mobil terasa penuh waktu liburan lebaran. Ke pantai tinggal nyebrang jalan, Diwaktu malam juga masih ramai. It's nice to stay in here.",Diulas 410 minggu lalu,"https://ik.imagekit.io/tvlk/ugc-review/guys1L+Yyer9kzI3sp-pb0CG1j2bhflZGFUZOoIf1YOBAm37kEUOKR41ieUZm7ZJ/ugc-photo-ap-southeast-1-581603780057-acd24e232f75f09e/ACCOMMODATION/5073162_ACCOMMODATION_1530352982584_cebd497b827d99de?_src=imagekit&tr=c-at_max,h-100,q-40,w-100","https://ik.imagekit.io/tvlk/ugc-review/guys1L+Yyer9kzI3sp-pb0CG1j2bhflZGFUZOoIf1YOBAm37kEUOKR41ieUZm7ZJ/ugc-photo-ap-southeast-1-581603780057-acd24e232f75f09e/ACCOMMODATION/5073162_ACCOMMODATION_1530352982585_e9c309d9afb625e6?_src=imagekit&tr=c-at_max,h-100,q-40,w-100","https://ik.imagekit.io/tvlk/ugc-review/guys1L+Yyer9kzI3sp-pb0CG1j2bhflZGFUZOoIf1YOBAm37kEUOKR41ieUZm7ZJ/ugc-photo-ap-southeast-1-581603780057-acd24e232f75f09e/ACCOMMODATION/5073162_ACCOMMODATION_1530352982585_5a275a939855e2b0?_src=imagekit&tr=c-at_max,h-100,q-40,w-100",,,,,,,,,,,,,,,,,
https://www.traveloka.com/id-id/user/review/consumption/HOTEL/GENERAL/3000010015281,14,8,"Kamar bagus, tempat foto di lantai 5 viewnya bagus sekali, sarapan menunya sedikit. Jumlah pengunjung dengan stand makanan tidak sebanding sehingga antrian panjang... Air di kolam yang ada waterboom sudah kotor.",Diulas 410 minggu lalu,"https://ik.imagekit.io/tvlk/ugc-review/guys1L+Yyer9kzI3sp-pb0CG1j2bhflZGFUZOoIf1YOBAm37kEUOKR41ieUZm7ZJ/ugc-photo-ap-southeast-1-581603780057-acd24e232f75f09e/ACCOMMODATION/9711446_ACCOMMODATION_1530241363912_d022e570a2971fdc?_src=imagekit&tr=c-at_max,h-100,q-40,w-100","https://ik.imagekit.io/tvlk/ugc-review/guys1L+Yyer9kzI3sp-pb0CG1j2bhflZGFUZOoIf1YOBAm37kEUOKR41ieUZm7ZJ/ugc-photo-ap-southeast-1-581603780057-acd24e232f75f09e/ACCOMMODATION/9711446_ACCOMMODATION_1530241363912_ab4cc44ab23a1be7?_src=imagekit&tr=c-at_max,h-100,q-40,w-100","https://ik.imagekit.io/tvlk/ugc-review/guys1L+Yyer9kzI3sp-pb0CG1j2bhflZGFUZOoIf1YOBAm37kEUOKR41ieUZm7ZJ/ugc-photo-ap-southeast-1-581603780057-acd24e232f75f09e/ACCOMMODATION/9711446_ACCOMMODATION_1530241363912_f828eae1fb7a25e0?_src=imagekit&tr=c-at_max,h-100,q-40,w-100",,,,,,,,,,,,,,,,,
https://www.traveloka.com/id-id/user/review/consumption/HOTEL/GENERAL/3000010015281,14,9,"overall top, hanya disayangkan sarapannya untuk hotel dengan harga 800 ribu/night cuma nasi goreng dan omelet saja. tidak ada sandal hotel, pasta gigi tidak ada, Coffee or tea juga tidak ada, tapi lumayan ada aqua galonnya.",Diulas 410 minggu lalu,"https://ik.imagekit.io/tvlk/ugc-review/guys1L+Yyer9kzI3sp-pb0CG1j2bhflZGFUZOoIf1YOBAm37kEUOKR41ieUZm7ZJ/ugc-photo-ap-southeast-1-581603780057-acd24e232f75f09e/ACCOMMODATION/7146108_ACCOMMODATION_1530185289037_d57b283cb865d5dc?_src=imagekit&tr=c-at_max,h-100,q-40,w-100",,,,,,,,,,,,,,,,,,,
https://www.traveloka.com/id-id/user/review/consumption/HOTEL/GENERAL/3000010015281,14,10,"Hotelnya lumayan oke, untuk keluarga cocok karena room paling kecil pun sudah dilengkapi dengan 2 queen bed, Secara lokasi dekat banget sama pantai tinggal jalan kaki, ke cagar alam juga bisa jalan kaki, untuk ke pantai pasir putih juga bisa jalan, Bisa juga nyebrang sebentar pakai perahu, tempat makan banyak juga di sekitaran hotel, view dari lantai atas juga oke banget, instagramable banget deh! Yang minus hanya hotel masih dalam tahap renovasi jadi berantakan dan agak kotor gitu kesannya, terus sarapan standar banget cuma nasgor, miegor, omelette, setiap hari menunya sama.",Diulas 410 minggu lalu,"https://ik.imagekit.io/tvlk/ugc-review/guys1L+Yyer9kzI3sp-pb0CG1j2bhflZGFUZOoIf1YOBAm37kEUOKR41ieUZm7ZJ/ugc-photo-ap-southeast-1-581603780057-acd24e232f75f09e/ACCOMMODATION/23065673_ACCOMMODATION_1530171552720_6aafe06a6926fe06?_src=imagekit&tr=c-at_max,h-80,q-40,w-80","https://ik.imagekit.io/tvlk/ugc-review/guys1L+Yyer9kzI3sp-pb0CG1j2bhflZGFUZOoIf1YOBAm37kEUOKR41ieUZm7ZJ/ugc-photo-ap-southeast-1-581603780057-acd24e232f75f09e/ACCOMMODATION/23065673_ACCOMMODATION_1530171552720_77fda26bb118f953?_src=imagekit&tr=c-at_max,h-80,q-40,w-80","https://ik.imagekit.io/tvlk/ugc-review/guys1L+Yyer9kzI3sp-pb0CG1j2bhflZGFUZOoIf1YOBAm37kEUOKR41ieUZm7ZJ/ugc-photo-ap-southeast-1-581603780057-acd24e232f75f09e/ACCOMMODATION/23065673_ACCOMMODATION_1530171552721_4024bb51486fdcfd?_src=imagekit&tr=c-at_max,h-80,q-40,w-80","https://ik.imagekit.io/tvlk/ugc-review/guys1L+Yyer9kzI3sp-pb0CG1j2bhflZGFUZOoIf1YOBAm37kEUOKR41ieUZm7ZJ/ugc-photo-ap-southeast-1-581603780057-acd24e232f75f09e/ACCOMMODATION/23065673_ACCOMMODATION_1530171868537_365aa9446d8442cb?_src=imagekit&tr=c-at_max,h-80,q-40,w-80","https://ik.imagekit.io/tvlk/ugc-review/guys1L+Yyer9kzI3sp-pb0CG1j2bhflZGFUZOoIf1YOBAm37kEUOKR41ieUZm7ZJ/ugc-photo-ap-southeast-1-581603780057-acd24e232f75f09e/ACCOMMODATION/23065673_ACCOMMODATION_1530171868537_ac6086922b632f2b?_src=imagekit&tr=c-at_max,h-80,q-40,w-80","https://ik.imagekit.io/tvlk/ugc-review/guys1L+Yyer9kzI3sp-pb0CG1j2bhflZGFUZOoIf1YOBAm37kEUOKR41ieUZm7ZJ/ugc-photo-ap-southeast-1-581603780057-acd24e232f75f09e/ACCOMMODATION/23065673_ACCOMMODATION_1530171868538_d1fd33995c1efa87?_src=imagekit&tr=c-at_max,h-80,q-40,w-80","https://ik.imagekit.io/tvlk/ugc-review/guys1L+Yyer9kzI3sp-pb0CG1j2bhflZGFUZOoIf1YOBAm37kEUOKR41ieUZm7ZJ/ugc-photo-ap-southeast-1-581603780057-acd24e232f75f09e/ACCOMMODATION/23065673_ACCOMMODATION_1530171868538_931c9f1d4791b88d?_src=imagekit&tr=c-at_max,h-80,q-40,w-80",,,,,,,,,,,,,
https://www.traveloka.com/id-id/user/review/consumption/HOTEL/GENERAL/3000010015281,14,11,"Overall oke, kamar bersih, karyawan baik, lokasi strategis",Diulas 411 minggu lalu,"https://ik.imagekit.io/tvlk/ugc-review/guys1L+Yyer9kzI3sp-pb0CG1j2bhflZGFUZOoIf1YOBAm37kEUOKR41ieUZm7ZJ/ugc-photo-ap-southeast-1-581603780057-acd24e232f75f09e/ACCOMMODATION/16185320_ACCOMMODATION_1529978766144_85e9656101a04364?_src=imagekit&tr=c-at_max,h-100,q-40,w-100","https://ik.imagekit.io/tvlk/ugc-review/guys1L+Yyer9kzI3sp-pb0CG1j2bhflZGFUZOoIf1YOBAm37kEUOKR41ieUZm7ZJ/ugc-photo-ap-southeast-1-581603780057-acd24e232f75f09e/ACCOMMODATION/16185320_ACCOMMODATION_1529978786187_69378febe85e710c?_src=imagekit&tr=c-at_max,h-100,q-40,w-100",,,,,,,,,,,,,,,,,,
https://www.traveloka.com/id-id/user/review/consumption/HOTEL/GENERAL/3000010015281,14,12,"Keseluruhan oke, sayangnya di sarapannya saja tidak banyak variasi menu.",Diulas 411 minggu lalu,"https://ik.imagekit.io/tvlk/ugc-review/guys1L+Yyer9kzI3sp-pb0CG1j2bhflZGFUZOoIf1YOBAm37kEUOKR41ieUZm7ZJ/ugc-photo-ap-southeast-1-581603780057-acd24e232f75f09e/ACCOMMODATION/6668806_ACCOMMODATION_1529654225023_9b8d82a97d37db9a?_src=imagekit&tr=c-at_max,h-100,q-40,w-100",,,,,,,,,,,,,,,,,,,
https://www.traveloka.com/id-id/user/review/consumption/HOTEL/GENERAL/3000010015281,14,13,"Tempat luar biasa, pemandangan menakjubkan, dengan harga terjangkau.",Diulas 411 minggu lalu,"https://ik.imagekit.io/tvlk/ugc-review/guys1L+Yyer9kzI3sp-pb0CG1j2bhflZGFUZOoIf1YOBAm37kEUOKR41ieUZm7ZJ/ugc-photo-ap-southeast-1-581603780057-acd24e232f75f09e/ACCOMMODATION/8487994_ACCOMMODATION_1529894171675_8e31f8d391c1d512?_src=imagekit&tr=c-at_max,h-100,q-40,w-100","https://ik.imagekit.io/tvlk/ugc-review/guys1L+Yyer9kzI3sp-pb0CG1j2bhflZGFUZOoIf1YOBAm37kEUOKR41ieUZm7ZJ/ugc-photo-ap-southeast-1-581603780057-acd24e232f75f09e/ACCOMMODATION/8487994_ACCOMMODATION_1529894212567_48fa04418f017302?_src=imagekit&tr=c-at_max,h-100,q-40,w-100",,,,,,,,,,,,,,,,,,
https://www.traveloka.com/id-id/user/review/consumption/HOTEL/GENERAL/3000010015281,14,14,"Pelayanan cepat, menu sarapan coba bervariasi.",Diulas 411 minggu lalu,"https://ik.imagekit.io/tvlk/ugc-review/guys1L+Yyer9kzI3sp-pb0CG1j2bhflZGFUZOoIf1YOBAm37kEUOKR41ieUZm7ZJ/ugc-photo-ap-southeast-1-581603780057-acd24e232f75f09e/ACCOMMODATION/5118768_ACCOMMODATION_1529828018466_d14600608152b74f?_src=imagekit&tr=c-at_max,h-100,q-40,w-100","https://ik.imagekit.io/tvlk/ugc-review/guys1L+Yyer9kzI3sp-pb0CG1j2bhflZGFUZOoIf1YOBAm37kEUOKR41ieUZm7ZJ/ugc-photo-ap-southeast-1-581603780057-acd24e232f75f09e/ACCOMMODATION/5118768_ACCOMMODATION_1529827978584_039a6c343e35d093?_src=imagekit&tr=c-at_max,h-100,q-40,w-100",,,,,,,,,,,,,,,,,,
https://www.traveloka.com/id-id/user/review/consumption/HOTEL/GENERAL/3000010015281,14,15,Tempat memuaskan dan nyaman tapi sayang wifinya tidak nyampe kamar cuma bisa free di loby saja berikut susah untuk masuk.,Diulas 411 minggu lalu,"https://ik.imagekit.io/tvlk/ugc-review/guys1L+Yyer9kzI3sp-pb0CG1j2bhflZGFUZOoIf1YOBAm37kEUOKR41ieUZm7ZJ/ugc-photo-ap-southeast-1-581603780057-acd24e232f75f09e/ACCOMMODATION/63788958_ACCOMMODATION_1529809029849_a499a6a9b7472761?_src=imagekit&tr=c-at_max,h-100,q-40,w-100","https://ik.imagekit.io/tvlk/ugc-review/guys1L+Yyer9kzI3sp-pb0CG1j2bhflZGFUZOoIf1YOBAm37kEUOKR41ieUZm7ZJ/ugc-photo-ap-southeast-1-581603780057-acd24e232f75f09e/ACCOMMODATION/63788958_ACCOMMODATION_1529809086149_a286939fde899a83?_src=imagekit&tr=c-at_max,h-100,q-40,w-100",,,,,,,,,,,,,,,,,,
https://www.traveloka.com/id-id/user/review/consumption/HOTEL/GENERAL/3000010015281,14,16,"Saya menginap 3 malam, dengan type kamar new family room, kamarnya luas, bersih, karena saya menginap saat high season jadi respon house keeping ketika minta sandal agak lama, karena pada saat check-in tidak tersedia sandal. Untuk breakfastnya variatif hanya saja kalau telat sedikit tidak akan kebagian, masukan untuk pihak hotel agar menyediakan porsi yang lebih banyak ketika high season. Untuk sarapan dengan menu roti harus lebih diperbanyak stok rotinya karena ini sangat simple untuk membantu sarapan jika ada orang yang tidak biasa sarapan dengan makanan berat seperti nasi atau mie. Overall puas menginap di Laut Biru Hotel.",Diulas 411 minggu lalu,"https://ik.imagekit.io/tvlk/ugc-review/guys1L+Yyer9kzI3sp-pb0CG1j2bhflZGFUZOoIf1YOBAm37kEUOKR41ieUZm7ZJ/ugc-photo-ap-southeast-1-581603780057-acd24e232f75f09e/ACCOMMODATION/4554654_ACCOMMODATION_1529762338987_330dd83a273df467?_src=imagekit&tr=c-at_max,h-100,q-40,w-100","https://ik.imagekit.io/tvlk/ugc-review/guys1L+Yyer9kzI3sp-pb0CG1j2bhflZGFUZOoIf1YOBAm37kEUOKR41ieUZm7ZJ/ugc-photo-ap-southeast-1-581603780057-acd24e232f75f09e/ACCOMMODATION/4554654_ACCOMMODATION_1529762338987_eb3ddeec39ba3475?_src=imagekit&tr=c-at_max,h-100,q-40,w-100","https://ik.imagekit.io/tvlk/ugc-review/guys1L+Yyer9kzI3sp-pb0CG1j2bhflZGFUZOoIf1YOBAm37kEUOKR41ieUZm7ZJ/ugc-photo-ap-southeast-1-581603780057-acd24e232f75f09e/ACCOMMODATION/4554654_ACCOMMODATION_1529762338987_243c0ace43cccd36?_src=imagekit&tr=c-at_max,h-100,q-40,w-100",,,,,,,,,,,,,,,,,
https://www.traveloka.com/id-id/user/review/consumption/HOTEL/GENERAL/3000010015281,14,17,"Kamar stdr, seperti baru selesai, cat berantakan, bahkan hari pertama sebelah kamar masih ngebor-ngebor, tapi air masih oke, sarapan sangat mengecewakan, hanya nasi goreng, Mie goreng, omelet, bubur, roti, besaknya menu masih sama, hanya diganti bihun goreng, nasi kuning, tidak ada buah-buahan. Yang paling buat kesal ketika mencari tempat parkir, full, yang mengurus parkiran malah menyuruh parkir di pinggir pantai, yang kotanya aman. Air galon kayaknya tidak bersih, Dituang ke gelas keliatan banyak yang mengapung-mengapung (debu). Ke sini karena foto chafelnya yang keren, dan mengira kalau sebelah chapel tuh infinity pool, ternyata bukan.",Diulas 411 minggu lalu,"https://ik.imagekit.io/tvlk/ugc-review/guys1L+Yyer9kzI3sp-pb0CG1j2bhflZGFUZOoIf1YOBAm37kEUOKR41ieUZm7ZJ/ugc-photo-ap-southeast-1-581603780057-acd24e232f75f09e/ACCOMMODATION/274369_ACCOMMODATION_1529761519697_8906eb8ed0c13fef?_src=imagekit&tr=c-at_max,h-100,q-40,w-100","https://ik.imagekit.io/tvlk/ugc-review/guys1L+Yyer9kzI3sp-pb0CG1j2bhflZGFUZOoIf1YOBAm37kEUOKR41ieUZm7ZJ/ugc-photo-ap-southeast-1-581603780057-acd24e232f75f09e/ACCOMMODATION/274369_ACCOMMODATION_1529761519697_87a2c3bb7310bf52?_src=imagekit&tr=c-at_max,h-100,q-40,w-100",,,,,,,,,,,,,,,,,,
https://www.traveloka.com/id-id/user/review/consumption/HOTEL/GENERAL/3000010015281,14,18,"Hotel overall oke, menu sarapan variatif.",Diulas 411 minggu lalu,"https://ik.imagekit.io/tvlk/ugc-review/guys1L+Yyer9kzI3sp-pb0CG1j2bhflZGFUZOoIf1YOBAm37kEUOKR41ieUZm7ZJ/ugc-photo-ap-southeast-1-581603780057-acd24e232f75f09e/ACCOMMODATION/10560518_ACCOMMODATION_1529640720580_1dbac3da2af0a227?_src=imagekit&tr=c-at_max,h-100,q-40,w-100","https://ik.imagekit.io/tvlk/ugc-review/guys1L+Yyer9kzI3sp-pb0CG1j2bhflZGFUZOoIf1YOBAm37kEUOKR41ieUZm7ZJ/ugc-photo-ap-southeast-1-581603780057-acd24e232f75f09e/ACCOMMODATION/10560518_ACCOMMODATION_1529640720581_7e7211940df839d3?_src=imagekit&tr=c-at_max,h-100,q-40,w-100","https://ik.imagekit.io/tvlk/ugc-review/guys1L+Yyer9kzI3sp-pb0CG1j2bhflZGFUZOoIf1YOBAm37kEUOKR41ieUZm7ZJ/ugc-photo-ap-southeast-1-581603780057-acd24e232f75f09e/ACCOMMODATION/10560518_ACCOMMODATION_1529640720581_e420c0fa093bf945?_src=imagekit&tr=c-at_max,h-100,q-40,w-100","https://ik.imagekit.io/tvlk/ugc-review/guys1L+Yyer9kzI3sp-pb0CG1j2bhflZGFUZOoIf1YOBAm37kEUOKR41ieUZm7ZJ/ugc-photo-ap-southeast-1-581603780057-acd24e232f75f09e/ACCOMMODATION/10560518_ACCOMMODATION_1529640720581_35cf6777909b8ce9?_src=imagekit&tr=c-at_max,h-100,q-40,w-100",,,,,,,,,,,,,,,,
https://www.traveloka.com/id-id/user/review/consumption/HOTEL/GENERAL/3000010015281,14,19,"Hotel favorit di Pangandaran, terutama untuk keluarga saya yang suka bepergian dengan anjing yang cantik",Diulas 411 minggu lalu,"https://ik.imagekit.io/tvlk/ugc-review/guys1L+Yyer9kzI3sp-pb0CG1j2bhflZGFUZOoIf1YOBAm37kEUOKR41ieUZm7ZJ/ugc-photo-ap-southeast-1-581603780057-acd24e232f75f09e/ACCOMMODATION/8415642_ACCOMMODATION_1529629503275_ee67054c321a1982?_src=imagekit&tr=c-at_max,h-100,q-40,w-100","https://ik.imagekit.io/tvlk/ugc-review/guys1L+Yyer9kzI3sp-pb0CG1j2bhflZGFUZOoIf1YOBAm37kEUOKR41ieUZm7ZJ/ugc-photo-ap-southeast-1-581603780057-acd24e232f75f09e/ACCOMMODATION/8415642_ACCOMMODATION_1529629503275_1604dc49b2225c44?_src=imagekit&tr=c-at_max,h-100,q-40,w-100","https://ik.imagekit.io/tvlk/ugc-review/guys1L+Yyer9kzI3sp-pb0CG1j2bhflZGFUZOoIf1YOBAm37kEUOKR41ieUZm7ZJ/ugc-photo-ap-southeast-1-581603780057-acd24e232f75f09e/ACCOMMODATION/8415642_ACCOMMODATION_1529629503276_57092f0d1e94367d?_src=imagekit&tr=c-at_max,h-100,q-40,w-100",,,,,,,,,,,,,,,,,
https://www.traveloka.com/id-id/user/review/consumption/HOTEL/GENERAL/3000010015281,14,20,"Beberapa kali menginap di laut Biru selalu oke, lokasi dekat kemana-mana, check-out cepat, kolam renang bagus, Kamar kurang besar hanya ukuran kamar di bangunan baru lebih kecil dibandingkan kamar di bangunan lama.",Diulas 411 minggu lalu,"https://ik.imagekit.io/tvlk/ugc-review/guys1L+Yyer9kzI3sp-pb0CG1j2bhflZGFUZOoIf1YOBAm37kEUOKR41ieUZm7ZJ/ugc-photo-ap-southeast-1-581603780057-acd24e232f75f09e/ACCOMMODATION/9572311_ACCOMMODATION_1529542610950_af6867777e24d7d5?_src=imagekit&tr=c-at_max,h-100,q-40,w-100","https://ik.imagekit.io/tvlk/ugc-review/guys1L+Yyer9kzI3sp-pb0CG1j2bhflZGFUZOoIf1YOBAm37kEUOKR41ieUZm7ZJ/ugc-photo-ap-southeast-1-581603780057-acd24e232f75f09e/ACCOMMODATION/9572311_ACCOMMODATION_1529542610950_769277bf3c433a36?_src=imagekit&tr=c-at_max,h-100,q-40,w-100","https://ik.imagekit.io/tvlk/ugc-review/guys1L+Yyer9kzI3sp-pb0CG1j2bhflZGFUZOoIf1YOBAm37kEUOKR41ieUZm7ZJ/ugc-photo-ap-southeast-1-581603780057-acd24e232f75f09e/ACCOMMODATION/9572311_ACCOMMODATION_1529542610950_117b5f49920b1c0d?_src=imagekit&tr=c-at_max,h-100,q-40,w-100","https://ik.imagekit.io/tvlk/ugc-review/guys1L+Yyer9kzI3sp-pb0CG1j2bhflZGFUZOoIf1YOBAm37kEUOKR41ieUZm7ZJ/ugc-photo-ap-southeast-1-581603780057-acd24e232f75f09e/ACCOMMODATION/9572311_ACCOMMODATION_1529542610951_6414c628b4dfb18e?_src=imagekit&tr=c-at_max,h-100,q-40,w-100","https://ik.imagekit.io/tvlk/ugc-review/guys1L+Yyer9kzI3sp-pb0CG1j2bhflZGFUZOoIf1YOBAm37kEUOKR41ieUZm7ZJ/ugc-photo-ap-southeast-1-581603780057-acd24e232f75f09e/ACCOMMODATION/9572311_ACCOMMODATION_1529542610951_2295754201aed8ae?_src=imagekit&tr=c-at_max,h-100,q-40,w-100",,,,,,,,,,,,,,,
https://www.traveloka.com/id-id/user/review/consumption/HOTEL/GENERAL/3000010015281,14,21,Sejauh ini belum ada keluhan berarti.,Diulas 412 minggu lalu,"https://ik.imagekit.io/tvlk/ugc-review/guys1L+Yyer9kzI3sp-pb0CG1j2bhflZGFUZOoIf1YOBAm37kEUOKR41ieUZm7ZJ/ugc-photo-ap-southeast-1-581603780057-acd24e232f75f09e/ACCOMMODATION/12172260_ACCOMMODATION_1529406058886_2b1eb4ff82f0defe?_src=imagekit&tr=c-at_max,h-100,q-40,w-100","https://ik.imagekit.io/tvlk/ugc-review/guys1L+Yyer9kzI3sp-pb0CG1j2bhflZGFUZOoIf1YOBAm37kEUOKR41ieUZm7ZJ/ugc-photo-ap-southeast-1-581603780057-acd24e232f75f09e/ACCOMMODATION/12172260_ACCOMMODATION_1529406058887_4100cb944514fe82?_src=imagekit&tr=c-at_max,h-100,q-40,w-100","https://ik.imagekit.io/tvlk/ugc-review/guys1L+Yyer9kzI3sp-pb0CG1j2bhflZGFUZOoIf1YOBAm37kEUOKR41ieUZm7ZJ/ugc-photo-ap-southeast-1-581603780057-acd24e232f75f09e/ACCOMMODATION/12172260_ACCOMMODATION_1529406058887_ee83da58ff9a4c0c?_src=imagekit&tr=c-at_max,h-100,q-40,w-100","https://ik.imagekit.io/tvlk/ugc-review/guys1L+Yyer9kzI3sp-pb0CG1j2bhflZGFUZOoIf1YOBAm37kEUOKR41ieUZm7ZJ/ugc-photo-ap-southeast-1-581603780057-acd24e232f75f09e/ACCOMMODATION/12172260_ACCOMMODATION_1529406058888_cc942bfb5ce9065d?_src=imagekit&tr=c-at_max,h-100,q-40,w-100","https://ik.imagekit.io/tvlk/ugc-review/guys1L+Yyer9kzI3sp-pb0CG1j2bhflZGFUZOoIf1YOBAm37kEUOKR41ieUZm7ZJ/ugc-photo-ap-southeast-1-581603780057-acd24e232f75f09e/ACCOMMODATION/12172260_ACCOMMODATION_1529406058888_df6ca04884b811f7?_src=imagekit&tr=c-at_max,h-100,q-40,w-100",,,,,,,,,,,,,,,
https://www.traveloka.com/id-id/user/review/consumption/HOTEL/GENERAL/3000010015281,14,22,"Lokasi hotel strategis. dekat pantai barat dan timur. depan hotel langsung pantai barat. jalan kaki 5 menit sampai ke pantai timur 100 m dari pintu masuk cagar alam. depan hotel ada CFC dan kalau siang banyak jajanan kaki 5. Hanya dengan rate hotel segitu sangat di sayangkan menu breakfastnya yang kurang sekali. 3 macam nasi (nasi putih, nasi goreng, nasi kuning), bihun goreng, telur, buah dan minum (air, teh, kopi). dan juga perlengkapan kamar mandi tidak lengkap. Kebetulan dapat kamar di gedung baru lantai 7 cukup terbayarkan dengan view yang bagus.",Diulas 412 minggu lalu,"https://ik.imagekit.io/tvlk/ugc-review/guys1L+Yyer9kzI3sp-pb0CG1j2bhflZGFUZOoIf1YOBAm37kEUOKR41ieUZm7ZJ/ugc-photo-ap-southeast-1-581603780057-acd24e232f75f09e/ACCOMMODATION/4266522_ACCOMMODATION_1529320070657_158acb0dfc939bb4?_src=imagekit&tr=c-at_max,h-100,q-40,w-100","https://ik.imagekit.io/tvlk/ugc-review/guys1L+Yyer9kzI3sp-pb0CG1j2bhflZGFUZOoIf1YOBAm37kEUOKR41ieUZm7ZJ/ugc-photo-ap-southeast-1-581603780057-acd24e232f75f09e/ACCOMMODATION/4266522_ACCOMMODATION_1529320070657_2e711f89f9bc0d30?_src=imagekit&tr=c-at_max,h-100,q-40,w-100","https://ik.imagekit.io/tvlk/ugc-review/guys1L+Yyer9kzI3sp-pb0CG1j2bhflZGFUZOoIf1YOBAm37kEUOKR41ieUZm7ZJ/ugc-photo-ap-southeast-1-581603780057-acd24e232f75f09e/ACCOMMODATION/4266522_ACCOMMODATION_1529320070658_b6b30c0943796bb5?_src=imagekit&tr=c-at_max,h-100,q-40,w-100","https://ik.imagekit.io/tvlk/ugc-review/guys1L+Yyer9kzI3sp-pb0CG1j2bhflZGFUZOoIf1YOBAm37kEUOKR41ieUZm7ZJ/ugc-photo-ap-southeast-1-581603780057-acd24e232f75f09e/ACCOMMODATION/4266522_ACCOMMODATION_1529320070658_5bcf4e96552c74c9?_src=imagekit&tr=c-at_max,h-100,q-40,w-100",,,,,,,,,,,,,,,,
https://www.traveloka.com/id-id/user/review/consumption/HOTEL/GENERAL/3000010015281,14,23,"So far so good, hanya saja sarapan kurang variatif. Untuk harga high season sebaiknya disesuaikan fasilitasnya seperti sikat gigi odol sendal dan sarapan... hotel bersih nice... anak-anak suka nyaman",Diulas 412 minggu lalu,"https://ik.imagekit.io/tvlk/ugc-review/guys1L+Yyer9kzI3sp-pb0CG1j2bhflZGFUZOoIf1YOBAm37kEUOKR41ieUZm7ZJ/ugc-photo-ap-southeast-1-581603780057-acd24e232f75f09e/ACCOMMODATION/22455980_ACCOMMODATION_1529296929928_0f9835c399123821?_src=imagekit&tr=c-at_max,h-100,q-40,w-100","https://ik.imagekit.io/tvlk/ugc-review/guys1L+Yyer9kzI3sp-pb0CG1j2bhflZGFUZOoIf1YOBAm37kEUOKR41ieUZm7ZJ/ugc-photo-ap-southeast-1-581603780057-acd24e232f75f09e/ACCOMMODATION/22455980_ACCOMMODATION_1529296929929_8eea59379f4d6685?_src=imagekit&tr=c-at_max,h-100,q-40,w-100","https://ik.imagekit.io/tvlk/ugc-review/guys1L+Yyer9kzI3sp-pb0CG1j2bhflZGFUZOoIf1YOBAm37kEUOKR41ieUZm7ZJ/ugc-photo-ap-southeast-1-581603780057-acd24e232f75f09e/ACCOMMODATION/22455980_ACCOMMODATION_1529296929929_5a69003f411d2066?_src=imagekit&tr=c-at_max,h-100,q-40,w-100","https://ik.imagekit.io/tvlk/ugc-review/guys1L+Yyer9kzI3sp-pb0CG1j2bhflZGFUZOoIf1YOBAm37kEUOKR41ieUZm7ZJ/ugc-photo-ap-southeast-1-581603780057-acd24e232f75f09e/ACCOMMODATION/22455980_ACCOMMODATION_1529296929930_36506e9a367c790c?_src=imagekit&tr=c-at_max,h-100,q-40,w-100","https://ik.imagekit.io/tvlk/ugc-review/guys1L+Yyer9kzI3sp-pb0CG1j2bhflZGFUZOoIf1YOBAm37kEUOKR41ieUZm7ZJ/ugc-photo-ap-southeast-1-581603780057-acd24e232f75f09e/ACCOMMODATION/22455980_ACCOMMODATION_1529296929930_250ebb65122ed858?_src=imagekit&tr=c-at_max,h-100,q-40,w-100",,,,,,,,,,,,,,,
https://www.traveloka.com/id-id/user/review/consumption/HOTEL/GENERAL/3000010015281,14,24,Semua mantap kecuali ukuran kamar yang kecil dan makanan yang variasinya sangat sedikit sekali.,Diulas 412 minggu lalu,"https://ik.imagekit.io/tvlk/ugc-review/guys1L+Yyer9kzI3sp-pb0CG1j2bhflZGFUZOoIf1YOBAm37kEUOKR41ieUZm7ZJ/ugc-photo-ap-southeast-1-581603780057-acd24e232f75f09e/ACCOMMODATION/7864194_ACCOMMODATION_1529204431689_f848363b64b27d64?_src=imagekit&tr=c-at_max,h-100,q-40,w-100",,,,,,,,,,,,,,,,,,,
https://www.traveloka.com/id-id/user/review/consumption/HOTEL/GENERAL/3000010015281,14,25,Tempatnya oke untuk liburan keluarga. Sangat dekat dengan pantai.,Diulas 412 minggu lalu,"https://ik.imagekit.io/tvlk/ugc-review/guys1L+Yyer9kzI3sp-pb0CG1j2bhflZGFUZOoIf1YOBAm37kEUOKR41ieUZm7ZJ/ugc-photo-ap-southeast-1-581603780057-acd24e232f75f09e/ACCOMMODATION/14144602_ACCOMMODATION_1529116535599_4741d77446560802?_src=imagekit&tr=c-at_max,h-100,q-40,w-100",,,,,,,,,,,,,,,,,,,
https://www.traveloka.com/id-id/user/review/consumption/HOTEL/GENERAL/3000010015281,14,26,"Bersih, nyaman dan cosy. Hanya sedikit kecewa breakfastnya harus antri kalau hotel penuh tidak seperti hotel biasanya dan dijatah.",Diulas 412 minggu lalu,"https://ik.imagekit.io/tvlk/ugc-review/guys1L+Yyer9kzI3sp-pb0CG1j2bhflZGFUZOoIf1YOBAm37kEUOKR41ieUZm7ZJ/ugc-photo-ap-southeast-1-581603780057-acd24e232f75f09e/ACCOMMODATION/18578298_ACCOMMODATION_1529025808822_0adbb9b714b2bba2?_src=imagekit&tr=c-at_max,h-100,q-40,w-100",,,,,,,,,,,,,,,,,,,
https://www.traveloka.com/id-id/user/review/consumption/HOTEL/GENERAL/3000010015281,14,27,"hotel yang bagus, sangat bersih, direkomendasikan",Diulas 412 minggu lalu,"https://ik.imagekit.io/tvlk/ugc-review/guys1L+Yyer9kzI3sp-pb0CG1j2bhflZGFUZOoIf1YOBAm37kEUOKR41ieUZm7ZJ/ugc-photo-ap-southeast-1-581603780057-acd24e232f75f09e/ACCOMMODATION/14883987_ACCOMMODATION_1528862724059_1c79b6b73024782e?_src=imagekit&tr=c-at_max,h-100,q-40,w-100",,,,,,,,,,,,,,,,,,,
https://www.traveloka.com/id-id/user/review/consumption/HOTEL/GENERAL/3000010015281,14,28,"Kamar bersih and luas, saya pesan new family room hanya lantainya terasa berdebu, kamar mandi oke, pelayanan hotel ramah, breakfast kurang variasi. Tapi masih oke buat saya yang membawa 2 anak kecil, minimal mereka bisa sarapan dengan nasi goreng/bubur and telur omelet.",Diulas 413 minggu lalu,"https://ik.imagekit.io/tvlk/ugc-review/guys1L+Yyer9kzI3sp-pb0CG1j2bhflZGFUZOoIf1YOBAm37kEUOKR41ieUZm7ZJ/ugc-photo-ap-southeast-1-581603780057-acd24e232f75f09e/ACCOMMODATION/55457962_ACCOMMODATION_1528662710900_d33f9c77383b3fc5?_src=imagekit&tr=c-at_max,h-100,q-40,w-100","https://ik.imagekit.io/tvlk/ugc-review/guys1L+Yyer9kzI3sp-pb0CG1j2bhflZGFUZOoIf1YOBAm37kEUOKR41ieUZm7ZJ/ugc-photo-ap-southeast-1-581603780057-acd24e232f75f09e/ACCOMMODATION/55457962_ACCOMMODATION_1528662598407_b816b9ca66655c5f?_src=imagekit&tr=c-at_max,h-100,q-40,w-100",,,,,,,,,,,,,,,,,,
https://www.traveloka.com/id-id/user/review/consumption/HOTEL/GENERAL/3000010015281,14,29,Pelayanannya baik dan memuaskan.,Diulas 413 minggu lalu,"https://ik.imagekit.io/tvlk/ugc-review/guys1L+Yyer9kzI3sp-pb0CG1j2bhflZGFUZOoIf1YOBAm37kEUOKR41ieUZm7ZJ/ugc-photo-ap-southeast-1-581603780057-acd24e232f75f09e/ACCOMMODATION/45691169_ACCOMMODATION_1528421177540_8154a9ea510f006b?_src=imagekit&tr=c-at_max,h-100,q-40,w-100",,,,,,,,,,,,,,,,,,,
https://www.traveloka.com/id-id/user/review/consumption/HOTEL/GENERAL/3000010015281,14,30,"Kamar besar, harga standar, pemandangan indah.",Diulas 413 minggu lalu,"https://ik.imagekit.io/tvlk/ugc-review/guys1L+Yyer9kzI3sp-pb0CG1j2bhflZGFUZOoIf1YOBAm37kEUOKR41ieUZm7ZJ/ugc-photo-ap-southeast-1-581603780057-acd24e232f75f09e/ACCOMMODATION/21958267_ACCOMMODATION_1528334416627_db9ec1e2e628d2f3?_src=imagekit&tr=c-at_max,h-100,q-40,w-100","https://ik.imagekit.io/tvlk/ugc-review/guys1L+Yyer9kzI3sp-pb0CG1j2bhflZGFUZOoIf1YOBAm37kEUOKR41ieUZm7ZJ/ugc-photo-ap-southeast-1-581603780057-acd24e232f75f09e/ACCOMMODATION/21958267_ACCOMMODATION_1528334416626_12d51bcde10aaea2?_src=imagekit&tr=c-at_max,h-100,q-40,w-100","https://ik.imagekit.io/tvlk/ugc-review/guys1L+Yyer9kzI3sp-pb0CG1j2bhflZGFUZOoIf1YOBAm37kEUOKR41ieUZm7ZJ/ugc-photo-ap-southeast-1-581603780057-acd24e232f75f09e/ACCOMMODATION/21958267_ACCOMMODATION_1528334416627_175324bc3012b87a?_src=imagekit&tr=c-at_max,h-100,q-40,w-100","https://ik.imagekit.io/tvlk/ugc-review/guys1L+Yyer9kzI3sp-pb0CG1j2bhflZGFUZOoIf1YOBAm37kEUOKR41ieUZm7ZJ/ugc-photo-ap-southeast-1-581603780057-acd24e232f75f09e/ACCOMMODATION/21958267_ACCOMMODATION_1528334416628_dacd8f21cd0bae04?_src=imagekit&tr=c-at_max,h-100,q-40,w-100","https://ik.imagekit.io/tvlk/ugc-review/guys1L+Yyer9kzI3sp-pb0CG1j2bhflZGFUZOoIf1YOBAm37kEUOKR41ieUZm7ZJ/ugc-photo-ap-southeast-1-581603780057-acd24e232f75f09e/ACCOMMODATION/21958267_ACCOMMODATION_1528334416626_cc7850078e0d51d5?_src=imagekit&tr=c-at_max,h-100,q-40,w-100",,,,,,,,,,,,,,,
https://www.traveloka.com/id-id/user/review/consumption/HOTEL/GENERAL/3000010015281,14,31,"Kamar superior lumayan, tidak terlalu besar. Makanan kurang begitu enak tidak variatif, kolam renang Oke. Dekat dengan pantai. Dekat dengan pasar. Ada mie baso solo, rasanya enak tapi harga agak mahal Rp. 15.000,. Secara overall is oke.",Diulas 414 minggu lalu,"https://ik.imagekit.io/tvlk/ugc-review/guys1L+Yyer9kzI3sp-pb0CG1j2bhflZGFUZOoIf1YOBAm37kEUOKR41ieUZm7ZJ/ugc-photo-ap-southeast-1-581603780057-acd24e232f75f09e/ACCOMMODATION/6134718_ACCOMMODATION_1527647184292_a74cb39690cff852?_src=imagekit&tr=c-at_max,h-100,q-40,w-100","https://ik.imagekit.io/tvlk/ugc-review/guys1L+Yyer9kzI3sp-pb0CG1j2bhflZGFUZOoIf1YOBAm37kEUOKR41ieUZm7ZJ/ugc-photo-ap-southeast-1-581603780057-acd24e232f75f09e/ACCOMMODATION/6134718_ACCOMMODATION_1527647184293_0827e0433ae308d0?_src=imagekit&tr=c-at_max,h-100,q-40,w-100","https://ik.imagekit.io/tvlk/ugc-review/guys1L+Yyer9kzI3sp-pb0CG1j2bhflZGFUZOoIf1YOBAm37kEUOKR41ieUZm7ZJ/ugc-photo-ap-southeast-1-581603780057-acd24e232f75f09e/ACCOMMODATION/6134718_ACCOMMODATION_1527647721330_648bcecd51e9ebb3?_src=imagekit&tr=c-at_max,h-100,q-40,w-100","https://ik.imagekit.io/tvlk/ugc-review/guys1L+Yyer9kzI3sp-pb0CG1j2bhflZGFUZOoIf1YOBAm37kEUOKR41ieUZm7ZJ/ugc-photo-ap-southeast-1-581603780057-acd24e232f75f09e/ACCOMMODATION/6134718_ACCOMMODATION_1527647184293_41c339f203111058?_src=imagekit&tr=c-at_max,h-100,q-40,w-100",,,,,,,,,,,,,,,,
https://www.traveloka.com/id-id/user/review/consumption/HOTEL/GENERAL/3000010015281,14,32,"Laut biru sangat strategis, viewnya sangat enak.",Diulas 416 minggu lalu,"https://ik.imagekit.io/tvlk/ugc-review/guys1L+Yyer9kzI3sp-pb0CG1j2bhflZGFUZOoIf1YOBAm37kEUOKR41ieUZm7ZJ/ugc-photo-ap-southeast-1-581603780057-acd24e232f75f09e/ACCOMMODATION/12354033_ACCOMMODATION_1526615350227_f2d81ee141770070?_src=imagekit&tr=c-at_max,h-100,q-40,w-100","https://ik.imagekit.io/tvlk/ugc-review/guys1L+Yyer9kzI3sp-pb0CG1j2bhflZGFUZOoIf1YOBAm37kEUOKR41ieUZm7ZJ/ugc-photo-ap-southeast-1-581603780057-acd24e232f75f09e/ACCOMMODATION/12354033_ACCOMMODATION_1526615350228_0cb507c4b17945a5?_src=imagekit&tr=c-at_max,h-100,q-40,w-100","https://ik.imagekit.io/tvlk/ugc-review/guys1L+Yyer9kzI3sp-pb0CG1j2bhflZGFUZOoIf1YOBAm37kEUOKR41ieUZm7ZJ/ugc-photo-ap-southeast-1-581603780057-acd24e232f75f09e/ACCOMMODATION/12354033_ACCOMMODATION_1526615350228_bc1f0143d40ef45f?_src=imagekit&tr=c-at_max,h-100,q-40,w-100",,,,,,,,,,,,,,,,,
https://www.traveloka.com/id-id/user/review/consumption/HOTEL/GENERAL/3000010015281,14,33,Memuaskan view laut yang bagus.,Diulas 416 minggu lalu,"https://ik.imagekit.io/tvlk/ugc-review/guys1L+Yyer9kzI3sp-pb0CG1j2bhflZGFUZOoIf1YOBAm37kEUOKR41ieUZm7ZJ/ugc-photo-ap-southeast-1-581603780057-acd24e232f75f09e/ACCOMMODATION/24075459_ACCOMMODATION_1526437633736_af7be5e98cbcfeee?_src=imagekit&tr=c-at_max,h-100,q-40,w-100","https://ik.imagekit.io/tvlk/ugc-review/guys1L+Yyer9kzI3sp-pb0CG1j2bhflZGFUZOoIf1YOBAm37kEUOKR41ieUZm7ZJ/ugc-photo-ap-southeast-1-581603780057-acd24e232f75f09e/ACCOMMODATION/24075459_ACCOMMODATION_1526437633736_9c5f18775bcce80d?_src=imagekit&tr=c-at_max,h-100,q-40,w-100",,,,,,,,,,,,,,,,,,
https://www.traveloka.com/id-id/user/review/consumption/HOTEL/GENERAL/3000010015281,14,34,1. Didalamnya tidak tersedianya coffee dan tea dan gula-gula. 2. Tidak tersedianya sendal hotel 3. Sarapan paginya kurang memuaskan 4. Kalau tempat dan viewnya lumayan bagus,Diulas 417 minggu lalu,"https://ik.imagekit.io/tvlk/ugc-review/guys1L+Yyer9kzI3sp-pb0CG1j2bhflZGFUZOoIf1YOBAm37kEUOKR41ieUZm7ZJ/ugc-photo-ap-southeast-1-581603780057-acd24e232f75f09e/ACCOMMODATION/43918199_ACCOMMODATION_1526270025417_c76325079f566204?_src=imagekit&tr=c-at_max,h-100,q-40,w-100","https://ik.imagekit.io/tvlk/ugc-review/guys1L+Yyer9kzI3sp-pb0CG1j2bhflZGFUZOoIf1YOBAm37kEUOKR41ieUZm7ZJ/ugc-photo-ap-southeast-1-581603780057-acd24e232f75f09e/ACCOMMODATION/43918199_ACCOMMODATION_1526270025416_50ab2f0dea52e653?_src=imagekit&tr=c-at_max,h-100,q-40,w-100",,,,,,,,,,,,,,,,,,
https://www.traveloka.com/id-id/user/review/consumption/HOTEL/GENERAL/3000010015281,14,35,"Kami memiliki pengalaman hebat untuk menginap di sini.
1. Kami check-in lebih awal pada jam 12.30 malam dan kamarnya siap untuk menginap, tetapi staf resepsionis tidak ramah karena situasinya terlalu ramai dan mereka harus menangani terlalu banyak orang.
2. Kami memilih kamar keluarga dan kamarnya sangat besar dan bayi saya merasa nyaman dan kami tinggal di lantai atas dan memiliki pemandangan laut yang menakjubkan di balkon.
3. Hotel memiliki area kolam renang dengan taman air di gedung baru, dan kita dapat mengambil gambar di lantai 7 dengan pemandangan yang indah.
4. Sarapan terlalu banyak carbo. Mereka hanya memiliki 3 jenis nasi, mie, telur, roti, bubur, teh dan kopi. Jadi dimana buahnya? Itu membuat saya terkejut bahwa mereka benar-benar menyembunyikan buah sampai kami bertanya kepada mereka.
5. Secara keseluruhan, layak untuk menginap tetapi sarapan perlu perbaikan.",Diulas 417 minggu lalu,"https://ik.imagekit.io/tvlk/ugc-review/guys1L+Yyer9kzI3sp-pb0CG1j2bhflZGFUZOoIf1YOBAm37kEUOKR41ieUZm7ZJ/ugc-photo-ap-southeast-1-581603780057-acd24e232f75f09e/ACCOMMODATION/1513313_ACCOMMODATION_1526260587456_3d659a0c7c0e5f29?_src=imagekit&tr=c-at_max,h-100,q-40,w-100","https://ik.imagekit.io/tvlk/ugc-review/guys1L+Yyer9kzI3sp-pb0CG1j2bhflZGFUZOoIf1YOBAm37kEUOKR41ieUZm7ZJ/ugc-photo-ap-southeast-1-581603780057-acd24e232f75f09e/ACCOMMODATION/1513313_ACCOMMODATION_1526260587457_f7c82a39003c3215?_src=imagekit&tr=c-at_max,h-100,q-40,w-100",,,,,,,,,,,,,,,,,,
https://www.traveloka.com/id-id/user/review/consumption/HOTEL/GENERAL/3000010015281,14,36,"Ini adalah pertama kalinya kami tinggal di Laut Biru, kami tinggal selama tiga malam.
Hotel ini terletak dengan baik, kita bisa berbelanja, bermain di pantai, pergi ke &quot;cagar alam&quot;, bahkan ke sisi lain dari pantai (Pantai Timur) dengan berjalan kaki.
Staf kantor depan ramah dan melayani para tamu dengan cepat, staf layanan kamar juga melakukan hal yang sama walaupun pada saat itu banyak kelompok yang berbeda menginap di hotel, kami masih bisa check in tepat waktu.
Kamar kami bersih dan luas, setiap kamar memiliki balkon untuk menikmati pemandangan dan juga untuk mengeringkan pakaian kami setelah bermain di pantai yang terletak di seberang hotel. Kolam renangnya luar biasa, anak-anak kami sangat menyukainya.
Menu sarapan berada di bawah harapan kami, dua hari pertama menu yang sama dan tidak memiliki pilihan, sampai pada hari Minggu (hari terakhir kami tinggal) akhirnya mereka menambahkan makanan lain ke menu.
Secara keseluruhan kami menikmati kami menginap di Laut Biru, dan berencana untuk tinggal di sana lagi pada liburan kami berikutnya ke Pangandaran.",Diulas 418 minggu lalu,"https://ik.imagekit.io/tvlk/ugc-review/guys1L+Yyer9kzI3sp-pb0CG1j2bhflZGFUZOoIf1YOBAm37kEUOKR41ieUZm7ZJ/ugc-photo-ap-southeast-1-581603780057-acd24e232f75f09e/ACCOMMODATION/8457408_ACCOMMODATION_1525659337702_2757f1d3c4f09f64?_src=imagekit&tr=c-at_max,h-80,q-40,w-80","https://ik.imagekit.io/tvlk/ugc-review/guys1L+Yyer9kzI3sp-pb0CG1j2bhflZGFUZOoIf1YOBAm37kEUOKR41ieUZm7ZJ/ugc-photo-ap-southeast-1-581603780057-acd24e232f75f09e/ACCOMMODATION/8457408_ACCOMMODATION_1525659337701_b7924556358cd803?_src=imagekit&tr=c-at_max,h-80,q-40,w-80","https://ik.imagekit.io/tvlk/ugc-review/guys1L+Yyer9kzI3sp-pb0CG1j2bhflZGFUZOoIf1YOBAm37kEUOKR41ieUZm7ZJ/ugc-photo-ap-southeast-1-581603780057-acd24e232f75f09e/ACCOMMODATION/8457408_ACCOMMODATION_1525659337702_ce54aa21f1ceaab5?_src=imagekit&tr=c-at_max,h-80,q-40,w-80","https://ik.imagekit.io/tvlk/ugc-review/guys1L+Yyer9kzI3sp-pb0CG1j2bhflZGFUZOoIf1YOBAm37kEUOKR41ieUZm7ZJ/ugc-photo-ap-southeast-1-581603780057-acd24e232f75f09e/ACCOMMODATION/8457408_ACCOMMODATION_1525659337703_8b4cdcc080fde02b?_src=imagekit&tr=c-at_max,h-80,q-40,w-80","https://ik.imagekit.io/tvlk/ugc-review/guys1L+Yyer9kzI3sp-pb0CG1j2bhflZGFUZOoIf1YOBAm37kEUOKR41ieUZm7ZJ/ugc-photo-ap-southeast-1-581603780057-acd24e232f75f09e/ACCOMMODATION/8457408_ACCOMMODATION_1525659337703_90c15fec0c76a720?_src=imagekit&tr=c-at_max,h-80,q-40,w-80","https://ik.imagekit.io/tvlk/ugc-review/guys1L+Yyer9kzI3sp-pb0CG1j2bhflZGFUZOoIf1YOBAm37kEUOKR41ieUZm7ZJ/ugc-photo-ap-southeast-1-581603780057-acd24e232f75f09e/ACCOMMODATION/8457408_ACCOMMODATION_1525659337703_de27f041192ad5ee?_src=imagekit&tr=c-at_max,h-80,q-40,w-80","https://ik.imagekit.io/tvlk/ugc-review/guys1L+Yyer9kzI3sp-pb0CG1j2bhflZGFUZOoIf1YOBAm37kEUOKR41ieUZm7ZJ/ugc-photo-ap-southeast-1-581603780057-acd24e232f75f09e/ACCOMMODATION/8457408_ACCOMMODATION_1525659337704_75abf307270bdb28?_src=imagekit&tr=c-at_max,h-80,q-40,w-80",,,,,,,,,,,,,
https://www.traveloka.com/id-id/user/review/consumption/HOTEL/GENERAL/3000010015281,14,37,Kamar oke dengan view yang indah di kelilingi pantai.,Diulas 418 minggu lalu,"https://ik.imagekit.io/tvlk/ugc-review/guys1L+Yyer9kzI3sp-pb0CG1j2bhflZGFUZOoIf1YOBAm37kEUOKR41ieUZm7ZJ/ugc-photo-ap-southeast-1-581603780057-acd24e232f75f09e/ACCOMMODATION/40569053_ACCOMMODATION_1525235386548_875e482e54885bb8?_src=imagekit&tr=c-at_max,h-100,q-40,w-100",,,,,,,,,,,,,,,,,,,
https://www.traveloka.com/id-id/user/review/consumption/HOTEL/GENERAL/3000010015281,14,38,"overall oke In@ +) kamar besar ada aqua galon di kamar waterboomnya bikin anak-anak males berhentiant akses ke pantai dan tempat belanja dekat Bersahabat, tertidak ada kopi teh di kamar selayaknya hotel yang lain sarapan rasa lumayan cuma tidak banyak pilihan, resepsionis kurang senyum, tapi api Ramah. Semoga bisa kembali ke laut biru hotel and resort.",Diulas 419 minggu lalu,"https://ik.imagekit.io/tvlk/ugc-review/guys1L+Yyer9kzI3sp-pb0CG1j2bhflZGFUZOoIf1YOBAm37kEUOKR41ieUZm7ZJ/ugc-photo-ap-southeast-1-581603780057-acd24e232f75f09e/ACCOMMODATION/16340694_ACCOMMODATION_1525149261282_e2b475c5eb06b83a?_src=imagekit&tr=c-at_max,h-100,q-40,w-100","https://ik.imagekit.io/tvlk/ugc-review/guys1L+Yyer9kzI3sp-pb0CG1j2bhflZGFUZOoIf1YOBAm37kEUOKR41ieUZm7ZJ/ugc-photo-ap-southeast-1-581603780057-acd24e232f75f09e/ACCOMMODATION/16340694_ACCOMMODATION_1525149261283_60cc74ae25de2069?_src=imagekit&tr=c-at_max,h-100,q-40,w-100","https://ik.imagekit.io/tvlk/ugc-review/guys1L+Yyer9kzI3sp-pb0CG1j2bhflZGFUZOoIf1YOBAm37kEUOKR41ieUZm7ZJ/ugc-photo-ap-southeast-1-581603780057-acd24e232f75f09e/ACCOMMODATION/16340694_ACCOMMODATION_1525149604571_7fb8972d2bc531c4?_src=imagekit&tr=c-at_max,h-100,q-40,w-100",,,,,,,,,,,,,,,,,
https://www.traveloka.com/id-id/user/review/consumption/HOTEL/GENERAL/3000010015281,14,39,"Lokasinya strategis, kebersihannya terjaga, sarapannya standar, kamar deluxe sea view-nya mantap.",Diulas 419 minggu lalu,"https://ik.imagekit.io/tvlk/ugc-review/guys1L+Yyer9kzI3sp-pb0CG1j2bhflZGFUZOoIf1YOBAm37kEUOKR41ieUZm7ZJ/ugc-photo-ap-southeast-1-581603780057-acd24e232f75f09e/ACCOMMODATION/14997168_ACCOMMODATION_1524969180750_c6f6fb591cf833b1?_src=imagekit&tr=c-at_max,h-100,q-40,w-100","https://ik.imagekit.io/tvlk/ugc-review/guys1L+Yyer9kzI3sp-pb0CG1j2bhflZGFUZOoIf1YOBAm37kEUOKR41ieUZm7ZJ/ugc-photo-ap-southeast-1-581603780057-acd24e232f75f09e/ACCOMMODATION/14997168_ACCOMMODATION_1524969180750_4e6c1d3d73795e0b?_src=imagekit&tr=c-at_max,h-100,q-40,w-100","https://ik.imagekit.io/tvlk/ugc-review/guys1L+Yyer9kzI3sp-pb0CG1j2bhflZGFUZOoIf1YOBAm37kEUOKR41ieUZm7ZJ/ugc-photo-ap-southeast-1-581603780057-acd24e232f75f09e/ACCOMMODATION/14997168_ACCOMMODATION_1524969180750_86c4e2646786471b?_src=imagekit&tr=c-at_max,h-100,q-40,w-100",,,,,,,,,,,,,,,,,
https://www.traveloka.com/id-id/user/review/consumption/HOTEL/GENERAL/3000010015281,14,40,Sudah kesekian kalinya menginap disini dan tetap nyaman.,Diulas 419 minggu lalu,"https://ik.imagekit.io/tvlk/ugc-review/guys1L+Yyer9kzI3sp-pb0CG1j2bhflZGFUZOoIf1YOBAm37kEUOKR41ieUZm7ZJ/ugc-photo-ap-southeast-1-581603780057-acd24e232f75f09e/ACCOMMODATION/14290179_ACCOMMODATION_1524957617411_a60d997b70c11597?_src=imagekit&tr=c-at_max,h-100,q-40,w-100","https://ik.imagekit.io/tvlk/ugc-review/guys1L+Yyer9kzI3sp-pb0CG1j2bhflZGFUZOoIf1YOBAm37kEUOKR41ieUZm7ZJ/ugc-photo-ap-southeast-1-581603780057-acd24e232f75f09e/ACCOMMODATION/14290179_ACCOMMODATION_1524957617412_5a3267d490ce1456?_src=imagekit&tr=c-at_max,h-100,q-40,w-100","https://ik.imagekit.io/tvlk/ugc-review/guys1L+Yyer9kzI3sp-pb0CG1j2bhflZGFUZOoIf1YOBAm37kEUOKR41ieUZm7ZJ/ugc-photo-ap-southeast-1-581603780057-acd24e232f75f09e/ACCOMMODATION/14290179_ACCOMMODATION_1524957786591_061c4a7db46858e5?_src=imagekit&tr=c-at_max,h-100,q-40,w-100",,,,,,,,,,,,,,,,,
https://www.traveloka.com/id-id/user/review/consumption/HOTEL/GENERAL/3000010015281,15,1,Liburan bersama anak dan suami saya yang berkesan. Hotel sangat dekat pinggir pantai barat dengan view rooftop yang keren sekali. Mohon untuk menu sarapan ditambah lagi variasinya.,Diulas 420 minggu lalu,"https://ik.imagekit.io/tvlk/ugc-review/guys1L+Yyer9kzI3sp-pb0CG1j2bhflZGFUZOoIf1YOBAm37kEUOKR41ieUZm7ZJ/ugc-photo-ap-southeast-1-581603780057-acd24e232f75f09e/ACCOMMODATION/7640263_ACCOMMODATION_1523743164287_be49b7b582ae07da?_src=imagekit&tr=c-at_max,h-100,q-40,w-100",,,,,,,,,,,,,,,,,,,
https://www.traveloka.com/id-id/user/review/consumption/HOTEL/GENERAL/3000010015281,15,2,"Baik, meskipun bangunannya belum seutuhnya beres.",Diulas 420 minggu lalu,"https://ik.imagekit.io/tvlk/ugc-review/guys1L+Yyer9kzI3sp-pb0CG1j2bhflZGFUZOoIf1YOBAm37kEUOKR41ieUZm7ZJ/ugc-photo-ap-southeast-1-581603780057-acd24e232f75f09e/ACCOMMODATION/50098770_ACCOMMODATION_1524112047746_9947da4f77a32523?_src=imagekit&tr=c-at_max,h-100,q-40,w-100","https://ik.imagekit.io/tvlk/ugc-review/guys1L+Yyer9kzI3sp-pb0CG1j2bhflZGFUZOoIf1YOBAm37kEUOKR41ieUZm7ZJ/ugc-photo-ap-southeast-1-581603780057-acd24e232f75f09e/ACCOMMODATION/50098770_ACCOMMODATION_1524112047747_28962e416697a19f?_src=imagekit&tr=c-at_max,h-100,q-40,w-100","https://ik.imagekit.io/tvlk/ugc-review/guys1L+Yyer9kzI3sp-pb0CG1j2bhflZGFUZOoIf1YOBAm37kEUOKR41ieUZm7ZJ/ugc-photo-ap-southeast-1-581603780057-acd24e232f75f09e/ACCOMMODATION/50098770_ACCOMMODATION_1524112047747_abd5f8aedf5b8da3?_src=imagekit&tr=c-at_max,h-100,q-40,w-100","https://ik.imagekit.io/tvlk/ugc-review/guys1L+Yyer9kzI3sp-pb0CG1j2bhflZGFUZOoIf1YOBAm37kEUOKR41ieUZm7ZJ/ugc-photo-ap-southeast-1-581603780057-acd24e232f75f09e/ACCOMMODATION/50098770_ACCOMMODATION_1524112047748_1258ea999de492f9?_src=imagekit&tr=c-at_max,h-100,q-40,w-100",,,,,,,,,,,,,,,,
https://www.traveloka.com/id-id/user/review/consumption/HOTEL/GENERAL/3000010015281,15,3,"See view-nya asik banget dari kamar, pegawai ramah, ke pantai dekat, family room-nya oke",Diulas 420 minggu lalu,"https://ik.imagekit.io/tvlk/ugc-review/guys1L+Yyer9kzI3sp-pb0CG1j2bhflZGFUZOoIf1YOBAm37kEUOKR41ieUZm7ZJ/ugc-photo-ap-southeast-1-581603780057-acd24e232f75f09e/ACCOMMODATION/5403591_ACCOMMODATION_1524048020185_42c20817070b6db8?_src=imagekit&tr=c-at_max,h-100,q-40,w-100",,,,,,,,,,,,,,,,,,,
https://www.traveloka.com/id-id/user/review/consumption/HOTEL/GENERAL/3000010015281,15,4,"Sangat baik, terima kasih laut biru hotel",Diulas 421 minggu lalu,"https://ik.imagekit.io/tvlk/ugc-review/guys1L+Yyer9kzI3sp-pb0CG1j2bhflZGFUZOoIf1YOBAm37kEUOKR41ieUZm7ZJ/ugc-photo-ap-southeast-1-581603780057-acd24e232f75f09e/ACCOMMODATION/49643328_ACCOMMODATION_1523932088287_5b9587085fd2ecdb?_src=imagekit&tr=c-at_max,h-100,q-40,w-100",,,,,,,,,,,,,,,,,,,
https://www.traveloka.com/id-id/user/review/consumption/HOTEL/GENERAL/3000010015281,15,5,"Kamar sesuai harga, jauh sekali dari lift utama, tidak ada perlengkapan mandi seperti sabun dll dikamar mandi, bagus buat foto-foto di atasnya",Diulas 423 minggu lalu,"https://ik.imagekit.io/tvlk/ugc-review/guys1L+Yyer9kzI3sp-pb0CG1j2bhflZGFUZOoIf1YOBAm37kEUOKR41ieUZm7ZJ/ugc-photo-ap-southeast-1-581603780057-acd24e232f75f09e/ACCOMMODATION/8717690_ACCOMMODATION_1522814976846_39779a7b3781f8d0?_src=imagekit&tr=c-at_max,h-100,q-40,w-100",,,,,,,,,,,,,,,,,,,
https://www.traveloka.com/id-id/user/review/consumption/HOTEL/GENERAL/3000010015281,15,6,"Sarapan sangat sedikit, harus ditingkatkan, tapi tetap terbaik lokasi, kolam renang anak, pelayanan oke.",Diulas 423 minggu lalu,"https://ik.imagekit.io/tvlk/ugc-review/guys1L+Yyer9kzI3sp-pb0CG1j2bhflZGFUZOoIf1YOBAm37kEUOKR41ieUZm7ZJ/ugc-photo-ap-southeast-1-581603780057-acd24e232f75f09e/ACCOMMODATION/46101463_ACCOMMODATION_1522498660841_e3e7cd9a2d1ccb06?_src=imagekit&tr=c-at_max,h-100,q-40,w-100",,,,,,,,,,,,,,,,,,,
https://www.traveloka.com/id-id/user/review/consumption/HOTEL/GENERAL/3000010015281,15,7,tempat tidur nyaman. kamar mandi bagus. pemandangan dari atas ok,Diulas 424 minggu lalu,"https://ik.imagekit.io/tvlk/ugc-review/guys1L+Yyer9kzI3sp-pb0CG1j2bhflZGFUZOoIf1YOBAm37kEUOKR41ieUZm7ZJ/ugc-photo-ap-southeast-1-581603780057-acd24e232f75f09e/ACCOMMODATION/41852491_ACCOMMODATION_1522060223745_4db0a25ae809bf08?_src=imagekit&tr=c-at_max,h-100,q-40,w-100","https://ik.imagekit.io/tvlk/ugc-review/guys1L+Yyer9kzI3sp-pb0CG1j2bhflZGFUZOoIf1YOBAm37kEUOKR41ieUZm7ZJ/ugc-photo-ap-southeast-1-581603780057-acd24e232f75f09e/ACCOMMODATION/41852491_ACCOMMODATION_1522060223746_e774cd0d43dd068a?_src=imagekit&tr=c-at_max,h-100,q-40,w-100","https://ik.imagekit.io/tvlk/ugc-review/guys1L+Yyer9kzI3sp-pb0CG1j2bhflZGFUZOoIf1YOBAm37kEUOKR41ieUZm7ZJ/ugc-photo-ap-southeast-1-581603780057-acd24e232f75f09e/ACCOMMODATION/41852491_ACCOMMODATION_1522060223746_32eda908ec4b19b6?_src=imagekit&tr=c-at_max,h-100,q-40,w-100",,,,,,,,,,,,,,,,,
