url,page,review_index,teks_ulasan,tanggal,gambar-1,gambar-2,gambar-3,gambar-4,gambar-5,gambar-6,gambar-7,gambar-8,gambar-9,gambar-10,gambar-11,gambar-12,gambar-13,gambar-14,gambar-15,gambar-16,gambar-17,gambar-18,gambar-19,gambar-20
https://www.traveloka.com/id-id/user/review/consumption/HOTEL/GENERAL/3000010007143,1,1,Selalu menyenangkan menginap di sini,Diulas 5 hari lalu,"https://ik.imagekit.io/tvlk/ugc-review/guys1L+Yyer9kzI3sp-pb0CG1j2bhflZGFUZOoIf1YOBAm37kEUOKR41ieUZm7ZJ/ugc-photo-ap-southeast-1-581603780057-acd24e232f75f09e/REVIEW/REVIEW_1777881082910_d3c721e9bd64e437?_src=imagekit&tr=c-at_max,h-100,q-40,w-100",,,,,,,,,,,,,,,,,,,
https://www.traveloka.com/id-id/user/review/consumption/HOTEL/GENERAL/3000010007143,1,2,"Menginap di Surya Kencana Seaside Hotel memberikan pengalaman yang menyenangkan, terutama bagi pecinta suasana pantai. Dari kamar, tamu bisa langsung menikmati pemandangan laut yang luas dan suara ombak yang menenangkan. Lokasinya strategis, dekat dengan pantai sehingga cocok untuk bersantai atau sekadar menikmati sunset. Fasilitasnya cukup memadai dengan kamar yang bersih dan nyaman. Pelayanannya juga ramah, membuat suasana menginap terasa lebih hangat. Cocok untuk liburan santai bersama keluarga atau pasangan yang ingin melepas penat dari rutinitas.",Diulas 2 minggu lalu,"https://ik.imagekit.io/tvlk/ugc-review/guys1L+Yyer9kzI3sp-pb0CG1j2bhflZGFUZOoIf1YOBAm37kEUOKR41ieUZm7ZJ/ugc-photo-ap-southeast-1-581603780057-acd24e232f75f09e/REVIEW/REVIEW_1776919725362_e218db408e0abadf?_src=imagekit&tr=c-at_max,h-100,q-40,w-100","https://ik.imagekit.io/tvlk/ugc-review/guys1L+Yyer9kzI3sp-pb0CG1j2bhflZGFUZOoIf1YOBAm37kEUOKR41ieUZm7ZJ/ugc-photo-ap-southeast-1-581603780057-acd24e232f75f09e/REVIEW/REVIEW_1776919725362_b8a0c02ff27fd33d?_src=imagekit&tr=c-at_max,h-100,q-40,w-100","https://ik.imagekit.io/tvlk/ugc-review/guys1L+Yyer9kzI3sp-pb0CG1j2bhflZGFUZOoIf1YOBAm37kEUOKR41ieUZm7ZJ/ugc-photo-ap-southeast-1-581603780057-acd24e232f75f09e/REVIEW/REVIEW_1776919725361_deec289954b97e23?_src=imagekit&tr=c-at_max,h-100,q-40,w-100",,,,,,,,,,,,,,,,,
https://www.traveloka.com/id-id/user/review/consumption/HOTEL/GENERAL/3000010007143,1,3,"Saya menginap 1 malam di Suryakencana, pas siangnya, dari jam 10 siang AC kamar, stop kontak sudah tidak bisa digunakan dengan alasan ada pemadaman AC serentak. Maaf hanya sebagai saran, kalau mau membetulkan AC dan fasilitas lain, lebih baik saat tamu sudah check out, karena jujur, itu sangat mengganggu. Udara di Pangandaran tanggal 30 lumayan panas banget, ditambah AC dan stop kontak tidak nyala, serasa diusir secara halus, padahal bayar lumayan mahal untuk kamar tipe junior. Untuk staf front office nilainya 10/10, baik banget... Untuk makanan, kurang variatif. Semoga bisa lebih ditingkatkan lagi pelayanannya.",Diulas 6 minggu lalu,"https://ik.imagekit.io/tvlk/ugc-review/guys1L+Yyer9kzI3sp-pb0CG1j2bhflZGFUZOoIf1YOBAm37kEUOKR41ieUZm7ZJ/ugc-photo-ap-southeast-1-581603780057-acd24e232f75f09e/REVIEW/REVIEW_1774942591237_0e3ed2a54664fcc0?_src=imagekit&tr=c-at_max,h-100,q-40,w-100",,,,,,,,,,,,,,,,,,,
https://www.traveloka.com/id-id/user/review/consumption/HOTEL/GENERAL/3000010007143,1,4,"Hotel terdebest menurutku. Aku sering ganti-ganti hotel di Pangandaran, tapi paling nyaman di sini. Kamarnya baru semua, nyaman, bersih. Lingkungan hotel bersih terawat. Kolam renang bersih. Satpam-nya baik dan ramah. Karyawan ramah. Pokoknya sangat sangat recommended. Gabisa kelain hati, next nginep di sini lagi.",Diulas 7 minggu lalu,"https://ik.imagekit.io/tvlk/ugc-review/guys1L+Yyer9kzI3sp-pb0CG1j2bhflZGFUZOoIf1YOBAm37kEUOKR41ieUZm7ZJ/ugc-photo-ap-southeast-1-581603780057-acd24e232f75f09e/REVIEW/REVIEW_1774067710717_eb3c217280271e0f?_src=imagekit&tr=c-at_max,h-100,q-40,w-100","https://ik.imagekit.io/tvlk/ugc-review/guys1L+Yyer9kzI3sp-pb0CG1j2bhflZGFUZOoIf1YOBAm37kEUOKR41ieUZm7ZJ/ugc-photo-ap-southeast-1-581603780057-acd24e232f75f09e/REVIEW/REVIEW_1774067710716_92eddb21e6a588ac?_src=imagekit&tr=c-at_max,h-100,q-40,w-100",,,,,,,,,,,,,,,,,,
https://www.traveloka.com/id-id/user/review/consumption/HOTEL/GENERAL/3000010007143,1,5,"Top pokoknya nginep di sini, apalagi kamarnya luas menghadap pantai, kolam renangnya airnya jernih, suasananya nyaman.",Diulas 10 minggu lalu,"https://ik.imagekit.io/tvlk/ugc-review/guys1L+Yyer9kzI3sp-pb0CG1j2bhflZGFUZOoIf1YOBAm37kEUOKR41ieUZm7ZJ/ugc-photo-ap-southeast-1-581603780057-acd24e232f75f09e/REVIEW/REVIEW_1772364445713_0d2914d3e881731d?_src=imagekit&tr=c-at_max,h-100,q-40,w-100",,,,,,,,,,,,,,,,,,,
https://www.traveloka.com/id-id/user/review/consumption/HOTEL/GENERAL/3000010007143,1,6,"Kamarnya luas, bersih, kolam renangnya airnya jernih, suasananya enak, apalagi nanti kalau renovasinya sudah selesai, makin mantap.",Diulas 10 minggu lalu,"https://ik.imagekit.io/tvlk/ugc-review/guys1L+Yyer9kzI3sp-pb0CG1j2bhflZGFUZOoIf1YOBAm37kEUOKR41ieUZm7ZJ/ugc-photo-ap-southeast-1-581603780057-acd24e232f75f09e/REVIEW/REVIEW_1772364279096_a6cc35bfb2eb6ab4?_src=imagekit&tr=c-at_max,h-100,q-40,w-100",,,,,,,,,,,,,,,,,,,
https://www.traveloka.com/id-id/user/review/consumption/HOTEL/GENERAL/3000010007143,1,7,Entah ke berapa kali menginap di sini karena kamarnya pas banget terutama ukurannya cocok untuk keluarga dan fasilitasnya relatif lengkap. Selain itu akses ke manapun mudah. stafnya makin ke sini makin ramah. Keramahan staf adalah standar utama untuk memilih hotel.,Diulas 16 minggu lalu,"https://ik.imagekit.io/tvlk/ugc-review/guys1L+Yyer9kzI3sp-pb0CG1j2bhflZGFUZOoIf1YOBAm37kEUOKR41ieUZm7ZJ/ugc-photo-ap-southeast-1-581603780057-acd24e232f75f09e/REVIEW/REVIEW_1768724740393_22f1a1a80652f2de?_src=imagekit&tr=c-at_max,h-100,q-40,w-100","https://ik.imagekit.io/tvlk/ugc-review/guys1L+Yyer9kzI3sp-pb0CG1j2bhflZGFUZOoIf1YOBAm37kEUOKR41ieUZm7ZJ/ugc-photo-ap-southeast-1-581603780057-acd24e232f75f09e/REVIEW/REVIEW_1768724740392_2c1fb97c7dc1929b?_src=imagekit&tr=c-at_max,h-100,q-40,w-100",,,,,,,,,,,,,,,,,,
https://www.traveloka.com/id-id/user/review/consumption/HOTEL/GENERAL/3000010007143,1,8,"staff hotelnya sangat ramah, dan pelayannya sangat baik",Diulas 19 minggu lalu,"https://ik.imagekit.io/tvlk/ugc-review/guys1L+Yyer9kzI3sp-pb0CG1j2bhflZGFUZOoIf1YOBAm37kEUOKR41ieUZm7ZJ/ugc-photo-ap-southeast-1-581603780057-acd24e232f75f09e/REVIEW/REVIEW_1766906124252_13f8fb690de02206?_src=imagekit&tr=c-at_max,h-100,q-40,w-100",,,,,,,,,,,,,,,,,,,
https://www.traveloka.com/id-id/user/review/consumption/HOTEL/GENERAL/3000010007143,1,9,"nyaman sekali, akses kemana saja sangan terjangkau, dan pelayannya baik sekali",Diulas 19 minggu lalu,"https://ik.imagekit.io/tvlk/ugc-review/guys1L+Yyer9kzI3sp-pb0CG1j2bhflZGFUZOoIf1YOBAm37kEUOKR41ieUZm7ZJ/ugc-photo-ap-southeast-1-581603780057-acd24e232f75f09e/REVIEW/REVIEW_1766906007303_3c400412bfa42675?_src=imagekit&tr=c-at_max,h-100,q-40,w-100",,,,,,,,,,,,,,,,,,,
https://www.traveloka.com/id-id/user/review/consumption/HOTEL/GENERAL/3000010007143,1,10,"nyaman banget, kamarnya luas bersih, kolam renangnya besar airnya bersih view sekitar kolam bagus, petugas dari mulai security ramah ramah. recomended pokoknya, nextbakal nginep disana lagi",Diulas 21 minggu lalu,"https://ik.imagekit.io/tvlk/ugc-review/guys1L+Yyer9kzI3sp-pb0CG1j2bhflZGFUZOoIf1YOBAm37kEUOKR41ieUZm7ZJ/ugc-photo-ap-southeast-1-581603780057-acd24e232f75f09e/REVIEW/REVIEW_1765696394306_c4913803e3bd112e?_src=imagekit&tr=c-at_max,h-100,q-40,w-100","https://ik.imagekit.io/tvlk/ugc-review/guys1L+Yyer9kzI3sp-pb0CG1j2bhflZGFUZOoIf1YOBAm37kEUOKR41ieUZm7ZJ/ugc-photo-ap-southeast-1-581603780057-acd24e232f75f09e/REVIEW/REVIEW_1765696394305_244dfbb19d01d38f?_src=imagekit&tr=c-at_max,h-100,q-40,w-100",,,,,,,,,,,,,,,,,,
https://www.traveloka.com/id-id/user/review/consumption/HOTEL/GENERAL/3000010007143,1,11,"Sudah beberapa kali menginap disini, Intinya perfect service. Request juga didengar. Dari mulai datang dibantu oleh security, dilanjut dibantu crew hotel, kamar bersih, amenities lengkap, kolam renang jernih dan bisa dipakai, breakfast oke. 10/10 sih buat para pegawainya. Good Job.",Diulas 24 minggu lalu,"https://ik.imagekit.io/tvlk/ugc-review/guys1L+Yyer9kzI3sp-pb0CG1j2bhflZGFUZOoIf1YOBAm37kEUOKR41ieUZm7ZJ/ugc-photo-ap-southeast-1-581603780057-acd24e232f75f09e/REVIEW/REVIEW_1763827789316_364f878faac18c4f?_src=imagekit&tr=c-at_max,h-100,q-40,w-100",,,,,,,,,,,,,,,,,,,
https://www.traveloka.com/id-id/user/review/consumption/HOTEL/GENERAL/3000010007143,1,12,"dapat kamar view laut. staf dan pegawai ramah, kamar bersih, fasilitas ok. dekat laut pula. incl breakfast sesuai harga dan tipe hotel.",Diulas 24 minggu lalu,"https://ik.imagekit.io/tvlk/ugc-review/guys1L+Yyer9kzI3sp-pb0CG1j2bhflZGFUZOoIf1YOBAm37kEUOKR41ieUZm7ZJ/ugc-photo-ap-southeast-1-581603780057-acd24e232f75f09e/REVIEW/REVIEW_1763819760496_d7c915eab10cf526?_src=imagekit&tr=c-at_max,h-100,q-40,w-100",,,,,,,,,,,,,,,,,,,
https://www.traveloka.com/id-id/user/review/consumption/HOTEL/GENERAL/3000010007143,1,13,"Hotel-nya sangat rekomend banget, semua staf hotel ramah, kamar hotel luas, depan hotel pantai, mau beli oleh-oleh juga dekat, tinggal jalan dikit.",Diulas 37 minggu lalu,"https://ik.imagekit.io/tvlk/ugc-review/guys1L+Yyer9kzI3sp-pb0CG1j2bhflZGFUZOoIf1YOBAm37kEUOKR41ieUZm7ZJ/ugc-photo-ap-southeast-1-581603780057-acd24e232f75f09e/REVIEW/REVIEW_1756183364013_306d6cf7626b9dcd?_src=imagekit&tr=c-at_max,h-100,q-40,w-100",,,,,,,,,,,,,,,,,,,
https://www.traveloka.com/id-id/user/review/consumption/HOTEL/GENERAL/3000010007143,1,14,"Saya pesan kamar tipe deluxe, kamar sesuai dengan yang di foto, suasana nyaman, balkon pemandangan kolam renang, staff semuanya ramah, saya pinjam alat salat gercep langsung di kasih, menginap 2 malam, hari kedua kamar langsung di bersihkan, jadi kembali nyaman untuk tidur, satpam sangat ramah, seperti keluarga, naikan gajih bapak satpam 😁🥰",Diulas 40 minggu lalu,"https://ik.imagekit.io/tvlk/ugc-review/guys1L+Yyer9kzI3sp-pb0CG1j2bhflZGFUZOoIf1YOBAm37kEUOKR41ieUZm7ZJ/ugc-photo-ap-southeast-1-581603780057-acd24e232f75f09e/REVIEW/REVIEW_1754053463339_3c4717b3da6f47eb?_src=imagekit&tr=c-at_max,h-100,q-40,w-100","https://ik.imagekit.io/tvlk/ugc-review/guys1L+Yyer9kzI3sp-pb0CG1j2bhflZGFUZOoIf1YOBAm37kEUOKR41ieUZm7ZJ/ugc-photo-ap-southeast-1-581603780057-acd24e232f75f09e/REVIEW/REVIEW_1754053463340_033f4c1bc2990875?_src=imagekit&tr=c-at_max,h-100,q-40,w-100","https://ik.imagekit.io/tvlk/ugc-review/guys1L+Yyer9kzI3sp-pb0CG1j2bhflZGFUZOoIf1YOBAm37kEUOKR41ieUZm7ZJ/ugc-photo-ap-southeast-1-581603780057-acd24e232f75f09e/REVIEW/REVIEW_1754053463340_5382198d9d1b960b?_src=imagekit&tr=c-at_max,h-100,q-40,w-100",,,,,,,,,,,,,,,,,
https://www.traveloka.com/id-id/user/review/consumption/HOTEL/GENERAL/3000010007143,1,15,"security nya baik udah kaya bank BCA super ramah, petugas hotelnya pun sangat membantu, cuman ga ada welcome drink aja ketika kita mau check in, mungkin kedepanya di kasih, sarapan nya bervariasi kolam renangnya nyaman, untuk kamar nyaman cuman ada beberapa kamar yang kacanya sudah ada itemnya, mungkin sediakan hairdryer kita bawa Hairdryer sendiri dari rumah, mungkin upgrade TV kali yah jadi aga besar supaya enak di tonton, pemandangannya pas banget menghadap pantai, kita pesan kamar 3 room , 2 super deluxe, 1 junior suite, coba pihak hotel nawarin di satukan gitu jadi kan family room supaya barengan.. mungkin 1 lagi pelayanan service ke kendaraan mungkin sebelum check out alangkah baik nya ada fasilitas cuci mobil sebelum kita balik soalnya banyak debu di karenakan ada proses pembangunannya baru.",Diulas 43 minggu lalu,"https://ik.imagekit.io/tvlk/ugc-review/guys1L+Yyer9kzI3sp-pb0CG1j2bhflZGFUZOoIf1YOBAm37kEUOKR41ieUZm7ZJ/ugc-photo-ap-southeast-1-581603780057-acd24e232f75f09e/REVIEW/REVIEW_1752372328259_bc943895bd9928d9?_src=imagekit&tr=c-at_max,h-100,q-40,w-100","https://ik.imagekit.io/tvlk/ugc-review/guys1L+Yyer9kzI3sp-pb0CG1j2bhflZGFUZOoIf1YOBAm37kEUOKR41ieUZm7ZJ/ugc-photo-ap-southeast-1-581603780057-acd24e232f75f09e/REVIEW/REVIEW_1752372328259_bd80e26f6f5517ce?_src=imagekit&tr=c-at_max,h-100,q-40,w-100","https://ik.imagekit.io/tvlk/ugc-review/guys1L+Yyer9kzI3sp-pb0CG1j2bhflZGFUZOoIf1YOBAm37kEUOKR41ieUZm7ZJ/ugc-photo-ap-southeast-1-581603780057-acd24e232f75f09e/REVIEW/REVIEW_1752372328260_fb0895f77cef9e76?_src=imagekit&tr=c-at_max,h-100,q-40,w-100","https://ik.imagekit.io/tvlk/ugc-review/guys1L+Yyer9kzI3sp-pb0CG1j2bhflZGFUZOoIf1YOBAm37kEUOKR41ieUZm7ZJ/ugc-photo-ap-southeast-1-581603780057-acd24e232f75f09e/REVIEW/REVIEW_1752372328260_f070914dcd10b2e4?_src=imagekit&tr=c-at_max,h-100,q-40,w-100",,,,,,,,,,,,,,,,
https://www.traveloka.com/id-id/user/review/consumption/HOTEL/GENERAL/3000010007143,1,16,"Hotelnya strategis dekat ke pantai, namun sayang kebersihan kamar kurang diperhatikan. Dikamar saya ada 4 kecoa, sangat disayangkan.",Diulas 51 minggu lalu,"https://ik.imagekit.io/tvlk/ugc-review/guys1L+Yyer9kzI3sp-pb0CG1j2bhflZGFUZOoIf1YOBAm37kEUOKR41ieUZm7ZJ/ugc-photo-ap-southeast-1-581603780057-acd24e232f75f09e/REVIEW/223286243_REVIEW_1747279488133_f4d62722a1552760?_src=imagekit&tr=c-at_max,h-100,q-40,w-100","https://ik.imagekit.io/tvlk/ugc-review/guys1L+Yyer9kzI3sp-pb0CG1j2bhflZGFUZOoIf1YOBAm37kEUOKR41ieUZm7ZJ/ugc-photo-ap-southeast-1-581603780057-acd24e232f75f09e/REVIEW/223286243_REVIEW_1747279488134_08756b1f78b5354b?_src=imagekit&tr=c-at_max,h-100,q-40,w-100",,,,,,,,,,,,,,,,,,
https://www.traveloka.com/id-id/user/review/consumption/HOTEL/GENERAL/3000010007143,1,17,"Suamiku dari kantornya sudah berapa kali tidur di sini, buat saya ini yang kedua kalinya. Pertama itu di lantai 3 yang super deluxe, nyaman sekali. Sekarang nyoba ya junior suite, waahhh nyaman sekali kamarnya, luas banget, kasurnya gede-gede, WC air panasnya selalu on, makanannya variatif dan rasanya itu enak....",Diulas 52 minggu lalu,"https://ik.imagekit.io/tvlk/ugc-review/guys1L+Yyer9kzI3sp-pb0CG1j2bhflZGFUZOoIf1YOBAm37kEUOKR41ieUZm7ZJ/ugc-photo-ap-southeast-1-581603780057-acd24e232f75f09e/REVIEW/228771089_REVIEW_1747140415331_689c86c88bc60b0b?_src=imagekit&tr=c-at_max,h-100,q-40,w-100","https://ik.imagekit.io/tvlk/ugc-review/guys1L+Yyer9kzI3sp-pb0CG1j2bhflZGFUZOoIf1YOBAm37kEUOKR41ieUZm7ZJ/ugc-photo-ap-southeast-1-581603780057-acd24e232f75f09e/REVIEW/228771089_REVIEW_1747140415331_a4b7277c48177ecf?_src=imagekit&tr=c-at_max,h-100,q-40,w-100","https://ik.imagekit.io/tvlk/ugc-review/guys1L+Yyer9kzI3sp-pb0CG1j2bhflZGFUZOoIf1YOBAm37kEUOKR41ieUZm7ZJ/ugc-photo-ap-southeast-1-581603780057-acd24e232f75f09e/REVIEW/228771089_REVIEW_1747140415331_5949c95b1650c680?_src=imagekit&tr=c-at_max,h-100,q-40,w-100","https://ik.imagekit.io/tvlk/ugc-review/guys1L+Yyer9kzI3sp-pb0CG1j2bhflZGFUZOoIf1YOBAm37kEUOKR41ieUZm7ZJ/ugc-photo-ap-southeast-1-581603780057-acd24e232f75f09e/REVIEW/228771089_REVIEW_1747140415332_1a606e4c03638631?_src=imagekit&tr=c-at_max,h-100,q-40,w-100",,,,,,,,,,,,,,,,
https://www.traveloka.com/id-id/user/review/consumption/HOTEL/GENERAL/3000010007143,1,18,"Kamar bersih, lokasi depan hotel dan dekat tempat Pasir Putih. Pegawainya ramah-ramah sekali. Top lah pokoknya.",Diulas 52 minggu lalu,"https://ik.imagekit.io/tvlk/ugc-review/guys1L+Yyer9kzI3sp-pb0CG1j2bhflZGFUZOoIf1YOBAm37kEUOKR41ieUZm7ZJ/ugc-photo-ap-southeast-1-581603780057-acd24e232f75f09e/REVIEW/4863242_REVIEW_1746582866731_a3ba6b21d471bcdd?_src=imagekit&tr=c-at_max,h-100,q-40,w-100",,,,,,,,,,,,,,,,,,,
https://www.traveloka.com/id-id/user/review/consumption/HOTEL/GENERAL/3000010007143,1,19,"Lobi tidak enak untuk duduk. Panas karena open door tanpa kipas. Ada beberapa bagian hotel yang sudah rustik. Lorong juga gelap dan mirip kos-kosan AC. Kamar super deluxe menghadap ke pantai tapi tidak terlalu jelas pemandangannya, malah berisik sekali tiap ada motor ngegas. Petugas ramah & helpful. Lokasi dekat ke pantai, sayangnya shower post pantai di belakang parkiran dan seperti area yang kurang perhatian. Amenities kamar hanya ada sabun, sikat gigi & odol yang sangat standar. Kualitas kasur, bangku kamar & handuk ok. Sarapan rasa biasa saja tapi rapi ditata. Wifi cukup kencang di lantai 3. Kolam renang suhu dan kebersihannya diatur baik. Kamar mandi suasananya uzur. Meja kopi terlalu kecil.",Diulas 58 minggu lalu,"https://ik.imagekit.io/tvlk/ugc-review/guys1L+Yyer9kzI3sp-pb0CG1j2bhflZGFUZOoIf1YOBAm37kEUOKR41ieUZm7ZJ/ugc-photo-ap-southeast-1-581603780057-acd24e232f75f09e/REVIEW/133107039_REVIEW_1743524035031_3031d0cea4b432b2?_src=imagekit&tr=c-at_max,h-80,q-40,w-80","https://ik.imagekit.io/tvlk/ugc-review/guys1L+Yyer9kzI3sp-pb0CG1j2bhflZGFUZOoIf1YOBAm37kEUOKR41ieUZm7ZJ/ugc-photo-ap-southeast-1-581603780057-acd24e232f75f09e/REVIEW/133107039_REVIEW_1743524035030_2a52527dbcc427d9?_src=imagekit&tr=c-at_max,h-80,q-40,w-80","https://ik.imagekit.io/tvlk/ugc-review/guys1L+Yyer9kzI3sp-pb0CG1j2bhflZGFUZOoIf1YOBAm37kEUOKR41ieUZm7ZJ/ugc-photo-ap-southeast-1-581603780057-acd24e232f75f09e/REVIEW/133107039_REVIEW_1743524035030_b8ad520b2e236c6e?_src=imagekit&tr=c-at_max,h-80,q-40,w-80","https://ik.imagekit.io/tvlk/ugc-review/guys1L+Yyer9kzI3sp-pb0CG1j2bhflZGFUZOoIf1YOBAm37kEUOKR41ieUZm7ZJ/ugc-photo-ap-southeast-1-581603780057-acd24e232f75f09e/REVIEW/133107039_REVIEW_1743524035030_dd94cabf065c28c4?_src=imagekit&tr=c-at_max,h-80,q-40,w-80","https://ik.imagekit.io/tvlk/ugc-review/guys1L+Yyer9kzI3sp-pb0CG1j2bhflZGFUZOoIf1YOBAm37kEUOKR41ieUZm7ZJ/ugc-photo-ap-southeast-1-581603780057-acd24e232f75f09e/REVIEW/133107039_REVIEW_1743524035030_067ff82ba31a657c?_src=imagekit&tr=c-at_max,h-80,q-40,w-80","https://ik.imagekit.io/tvlk/ugc-review/guys1L+Yyer9kzI3sp-pb0CG1j2bhflZGFUZOoIf1YOBAm37kEUOKR41ieUZm7ZJ/ugc-photo-ap-southeast-1-581603780057-acd24e232f75f09e/REVIEW/133107039_REVIEW_1743524035029_f66a6659ce925ac0?_src=imagekit&tr=c-at_max,h-80,q-40,w-80","https://ik.imagekit.io/tvlk/ugc-review/guys1L+Yyer9kzI3sp-pb0CG1j2bhflZGFUZOoIf1YOBAm37kEUOKR41ieUZm7ZJ/ugc-photo-ap-southeast-1-581603780057-acd24e232f75f09e/REVIEW/133107039_REVIEW_1743524035029_da215b56233509d4?_src=imagekit&tr=c-at_max,h-80,q-40,w-80",,,,,,,,,,,,,
https://www.traveloka.com/id-id/user/review/consumption/HOTEL/GENERAL/3000010007143,1,20,"10/10. Service excellent. Dari mulai datang sudah disambut ramah oleh security & para staff. Kamar bersih, amenities lengkap, AC dingin, ada pemanas air, view bagus & dekat pantai. Kolam renangnya bersih bisa digunakan. Buat pengendara motor, hotel ini sangat recommended karena tidak membeda-bedakan.",Diulas 66 minggu lalu,"https://ik.imagekit.io/tvlk/ugc-review/guys1L+Yyer9kzI3sp-pb0CG1j2bhflZGFUZOoIf1YOBAm37kEUOKR41ieUZm7ZJ/ugc-photo-ap-southeast-1-581603780057-acd24e232f75f09e/REVIEW/148889479_REVIEW_1738344698566_1b3a993735dbdf71?_src=imagekit&tr=c-at_max,h-100,q-40,w-100",,,,,,,,,,,,,,,,,,,
https://www.traveloka.com/id-id/user/review/consumption/HOTEL/GENERAL/3000010007143,2,1,"room boy nya ramah, cekatan, fo ramah helpfull, fasilitas bagus, kolam renang nyaman, variasi makanan sarapan cukup banyak, rasa makanan juga enak",Diulas 66 minggu lalu,"https://ik.imagekit.io/tvlk/ugc-review/guys1L+Yyer9kzI3sp-pb0CG1j2bhflZGFUZOoIf1YOBAm37kEUOKR41ieUZm7ZJ/ugc-photo-ap-southeast-1-581603780057-acd24e232f75f09e/REVIEW/229804399_REVIEW_1738246753356_4fbc31b6b3b089d1?_src=imagekit&tr=c-at_max,h-100,q-40,w-100",,,,,,,,,,,,,,,,,,,
https://www.traveloka.com/id-id/user/review/consumption/HOTEL/GENERAL/3000010007143,2,2,"Akhir nya kesampaian juga nginep di surken, dlu cuma melihat di pinggir jalan sambil berkata dlm hati “kapan bisa nginep di hotel surken” nyata nya nyata bisa nginep di hotel ini💕alhamdllh pelayanan nya juga gercep, ramah” karyawan nya💕",Diulas 66 minggu lalu,"https://ik.imagekit.io/tvlk/ugc-review/guys1L+Yyer9kzI3sp-pb0CG1j2bhflZGFUZOoIf1YOBAm37kEUOKR41ieUZm7ZJ/ugc-photo-ap-southeast-1-581603780057-acd24e232f75f09e/REVIEW/195631212_REVIEW_1738236093762_f95eba1c670b2f54?_src=imagekit&tr=c-at_max,h-100,q-40,w-100","https://ik.imagekit.io/tvlk/ugc-review/guys1L+Yyer9kzI3sp-pb0CG1j2bhflZGFUZOoIf1YOBAm37kEUOKR41ieUZm7ZJ/ugc-photo-ap-southeast-1-581603780057-acd24e232f75f09e/REVIEW/195631212_REVIEW_1738236104372_c85f1cf5a9be077e?_src=imagekit&tr=c-at_max,h-100,q-40,w-100",,,,,,,,,,,,,,,,,,
https://www.traveloka.com/id-id/user/review/consumption/HOTEL/GENERAL/3000010007143,2,3,"Pengalaman yang menyenangkan menginap di hotel ini... Staff-nya ramah-ramah dan hotelnya nyaman, dekat banget sama pantai-nya.",Diulas 70 minggu lalu,"https://ik.imagekit.io/tvlk/ugc-review/guys1L+Yyer9kzI3sp-pb0CG1j2bhflZGFUZOoIf1YOBAm37kEUOKR41ieUZm7ZJ/ugc-photo-ap-southeast-1-581603780057-acd24e232f75f09e/REVIEW/295060519_REVIEW_1736127594497_6f3f634b2c567b92?_src=imagekit&tr=c-at_max,h-100,q-40,w-100",,,,,,,,,,,,,,,,,,,
https://www.traveloka.com/id-id/user/review/consumption/HOTEL/GENERAL/3000010007143,2,4,"Staf hotel ramah, lokasi hotel dekat dengan laut, kamar kita balkoni menghadap ke laut jadi view-nya bagus.",Diulas 74 minggu lalu,"https://ik.imagekit.io/tvlk/ugc-review/guys1L+Yyer9kzI3sp-pb0CG1j2bhflZGFUZOoIf1YOBAm37kEUOKR41ieUZm7ZJ/ugc-photo-ap-southeast-1-581603780057-acd24e232f75f09e/REVIEW/260136855_REVIEW_1733632673673_8dada726f67af742?_src=imagekit&tr=c-at_max,h-100,q-40,w-100","https://ik.imagekit.io/tvlk/ugc-review/guys1L+Yyer9kzI3sp-pb0CG1j2bhflZGFUZOoIf1YOBAm37kEUOKR41ieUZm7ZJ/ugc-photo-ap-southeast-1-581603780057-acd24e232f75f09e/REVIEW/260136855_REVIEW_1733632734715_d8f4bee11578a51e?_src=imagekit&tr=c-at_max,h-100,q-40,w-100","https://ik.imagekit.io/tvlk/ugc-review/guys1L+Yyer9kzI3sp-pb0CG1j2bhflZGFUZOoIf1YOBAm37kEUOKR41ieUZm7ZJ/ugc-photo-ap-southeast-1-581603780057-acd24e232f75f09e/REVIEW/260136855_REVIEW_1733632751652_0aeb03f0761c0032?_src=imagekit&tr=c-at_max,h-100,q-40,w-100",,,,,,,,,,,,,,,,,
https://www.traveloka.com/id-id/user/review/consumption/HOTEL/GENERAL/3000010007143,2,5,lokasi dekat dgn laut view bagus dari balkonni karyawan hotel ramah,Diulas 75 minggu lalu,"https://ik.imagekit.io/tvlk/ugc-review/guys1L+Yyer9kzI3sp-pb0CG1j2bhflZGFUZOoIf1YOBAm37kEUOKR41ieUZm7ZJ/ugc-photo-ap-southeast-1-581603780057-acd24e232f75f09e/REVIEW/260136855_REVIEW_1733147643096_ed0636c2e06a535b?_src=imagekit&tr=c-at_max,h-100,q-40,w-100","https://ik.imagekit.io/tvlk/ugc-review/guys1L+Yyer9kzI3sp-pb0CG1j2bhflZGFUZOoIf1YOBAm37kEUOKR41ieUZm7ZJ/ugc-photo-ap-southeast-1-581603780057-acd24e232f75f09e/REVIEW/260136855_REVIEW_1733147652548_aff6df7ab4669288?_src=imagekit&tr=c-at_max,h-100,q-40,w-100",,,,,,,,,,,,,,,,,,
https://www.traveloka.com/id-id/user/review/consumption/HOTEL/GENERAL/3000010007143,2,6,Staff yang ramah dan pelayanan yang cepat,Diulas 96 minggu lalu,"https://ik.imagekit.io/tvlk/ugc-review/guys1L+Yyer9kzI3sp-pb0CG1j2bhflZGFUZOoIf1YOBAm37kEUOKR41ieUZm7ZJ/ugc-photo-ap-southeast-1-581603780057-acd24e232f75f09e/REVIEW/211555550_REVIEW_1720491112367_4af1577cf07d501c?_src=imagekit&tr=c-at_max,h-100,q-40,w-100",,,,,,,,,,,,,,,,,,,
https://www.traveloka.com/id-id/user/review/consumption/HOTEL/GENERAL/3000010007143,2,7,"Booking tipe deluxe 2 malam. Kamarnya ada di lantai 3, dan ternyata di hotelnya enggak ada lift, cukup gempor buat saya yang jarang olahraga. Ke pantai deket tinggal nyebrang doang. Hanya saja pas datang, di kamar banyak semut yang entah dari mana dan di seprainya juga ada beberapa noda entah cokelat/darah. But overall oke lah.",Diulas 96 minggu lalu,"https://ik.imagekit.io/tvlk/ugc-review/guys1L+Yyer9kzI3sp-pb0CG1j2bhflZGFUZOoIf1YOBAm37kEUOKR41ieUZm7ZJ/ugc-photo-ap-southeast-1-581603780057-acd24e232f75f09e/REVIEW/8323714_REVIEW_1720353478915_c6c97e83e6bf1db5?_src=imagekit&tr=c-at_max,h-100,q-40,w-100","https://ik.imagekit.io/tvlk/ugc-review/guys1L+Yyer9kzI3sp-pb0CG1j2bhflZGFUZOoIf1YOBAm37kEUOKR41ieUZm7ZJ/ugc-photo-ap-southeast-1-581603780057-acd24e232f75f09e/REVIEW/8323714_REVIEW_1720353478915_a3514872f251f29c?_src=imagekit&tr=c-at_max,h-100,q-40,w-100","https://ik.imagekit.io/tvlk/ugc-review/guys1L+Yyer9kzI3sp-pb0CG1j2bhflZGFUZOoIf1YOBAm37kEUOKR41ieUZm7ZJ/ugc-photo-ap-southeast-1-581603780057-acd24e232f75f09e/REVIEW/8323714_REVIEW_1720353478914_731d8635d1b1d0fe?_src=imagekit&tr=c-at_max,h-100,q-40,w-100","https://ik.imagekit.io/tvlk/ugc-review/guys1L+Yyer9kzI3sp-pb0CG1j2bhflZGFUZOoIf1YOBAm37kEUOKR41ieUZm7ZJ/ugc-photo-ap-southeast-1-581603780057-acd24e232f75f09e/REVIEW/8323714_REVIEW_1720353478914_015bb4919c3a33fc?_src=imagekit&tr=c-at_max,h-100,q-40,w-100","https://ik.imagekit.io/tvlk/ugc-review/guys1L+Yyer9kzI3sp-pb0CG1j2bhflZGFUZOoIf1YOBAm37kEUOKR41ieUZm7ZJ/ugc-photo-ap-southeast-1-581603780057-acd24e232f75f09e/REVIEW/8323714_REVIEW_1720353478915_195695210595d210?_src=imagekit&tr=c-at_max,h-100,q-40,w-100",,,,,,,,,,,,,,,
https://www.traveloka.com/id-id/user/review/consumption/HOTEL/GENERAL/3000010007143,2,8,"Ditelepon resepsionis untuk cek in lebih cepat dari jam 12 karena kamar sudah kosong, pelayanan ramah, kamar bersih dan nyaman. Menginap di deluxe room lantai 3. Sarapan dengan menu yang variatif, rasa lumayan, enggak ada sambal saja. Bisa berenang di kolam renang dengan tenang juga. Recommended.",Diulas 97 minggu lalu,"https://ik.imagekit.io/tvlk/ugc-review/guys1L+Yyer9kzI3sp-pb0CG1j2bhflZGFUZOoIf1YOBAm37kEUOKR41ieUZm7ZJ/ugc-photo-ap-southeast-1-581603780057-acd24e232f75f09e/REVIEW/330157257_REVIEW_1719907255146_c4b407d86901c7f4?_src=imagekit&tr=c-at_max,h-100,q-40,w-100","https://ik.imagekit.io/tvlk/ugc-review/guys1L+Yyer9kzI3sp-pb0CG1j2bhflZGFUZOoIf1YOBAm37kEUOKR41ieUZm7ZJ/ugc-photo-ap-southeast-1-581603780057-acd24e232f75f09e/REVIEW/330157257_REVIEW_1719907255147_f66776396f53265a?_src=imagekit&tr=c-at_max,h-100,q-40,w-100","https://ik.imagekit.io/tvlk/ugc-review/guys1L+Yyer9kzI3sp-pb0CG1j2bhflZGFUZOoIf1YOBAm37kEUOKR41ieUZm7ZJ/ugc-photo-ap-southeast-1-581603780057-acd24e232f75f09e/REVIEW/330157257_REVIEW_1719907255147_de4eb437928659d1?_src=imagekit&tr=c-at_max,h-100,q-40,w-100",,,,,,,,,,,,,,,,,
https://www.traveloka.com/id-id/user/review/consumption/HOTEL/GENERAL/3000010007143,2,9,"Untuk tipe ruangan junior family suite cukup luas, balkon langsung menghadap pantai, kolam renang cukup menyenangkan. Overall ini hotel paling strategis di Pangandaran",Diulas 98 minggu lalu,"https://ik.imagekit.io/tvlk/ugc-review/guys1L+Yyer9kzI3sp-pb0CG1j2bhflZGFUZOoIf1YOBAm37kEUOKR41ieUZm7ZJ/ugc-photo-ap-southeast-1-581603780057-acd24e232f75f09e/REVIEW/4203227_REVIEW_1719052526734_30ad691e26384175?_src=imagekit&tr=c-at_max,h-100,q-40,w-100",,,,,,,,,,,,,,,,,,,
https://www.traveloka.com/id-id/user/review/consumption/HOTEL/GENERAL/3000010007143,2,10,Staff hotel sangat ramah menginap di sini enak cuman sayang waktu itu ga terlalu explore hotelnya soalnya banyak kegiatan di luar. Tp makanan enak staff ramah kamar bersih walopun yang tipe standard kecil banget. Untuk anak di atas 5 tahun breakfast kena charge 90rb,Diulas 104 minggu lalu,"https://ik.imagekit.io/tvlk/ugc-review/guys1L+Yyer9kzI3sp-pb0CG1j2bhflZGFUZOoIf1YOBAm37kEUOKR41ieUZm7ZJ/ugc-photo-ap-southeast-1-581603780057-acd24e232f75f09e/REVIEW/177252801_REVIEW_1715686692489_7b6199441e0428b0?_src=imagekit&tr=c-at_max,h-100,q-40,w-100",,,,,,,,,,,,,,,,,,,
https://www.traveloka.com/id-id/user/review/consumption/HOTEL/GENERAL/3000010007143,2,11,"Staff hotel nya sangat ramah ramah, dan sangat membantu saat mau cek in",Diulas 106 minggu lalu,"https://ik.imagekit.io/tvlk/ugc-review/guys1L+Yyer9kzI3sp-pb0CG1j2bhflZGFUZOoIf1YOBAm37kEUOKR41ieUZm7ZJ/ugc-photo-ap-southeast-1-581603780057-acd24e232f75f09e/REVIEW/144860232_REVIEW_1713923688524_5227e5f4508819a1?_src=imagekit&tr=c-at_max,h-80,q-40,w-80","https://ik.imagekit.io/tvlk/ugc-review/guys1L+Yyer9kzI3sp-pb0CG1j2bhflZGFUZOoIf1YOBAm37kEUOKR41ieUZm7ZJ/ugc-photo-ap-southeast-1-581603780057-acd24e232f75f09e/REVIEW/144860232_REVIEW_1713923688525_c1d34d674516a710?_src=imagekit&tr=c-at_max,h-80,q-40,w-80","https://ik.imagekit.io/tvlk/ugc-review/guys1L+Yyer9kzI3sp-pb0CG1j2bhflZGFUZOoIf1YOBAm37kEUOKR41ieUZm7ZJ/ugc-photo-ap-southeast-1-581603780057-acd24e232f75f09e/REVIEW/144860232_REVIEW_1713923688525_a7c79dfe9d5586ca?_src=imagekit&tr=c-at_max,h-80,q-40,w-80","https://ik.imagekit.io/tvlk/ugc-review/guys1L+Yyer9kzI3sp-pb0CG1j2bhflZGFUZOoIf1YOBAm37kEUOKR41ieUZm7ZJ/ugc-photo-ap-southeast-1-581603780057-acd24e232f75f09e/REVIEW/144860232_REVIEW_1713923688525_cb0d4d1ab0c08090?_src=imagekit&tr=c-at_max,h-80,q-40,w-80","https://ik.imagekit.io/tvlk/ugc-review/guys1L+Yyer9kzI3sp-pb0CG1j2bhflZGFUZOoIf1YOBAm37kEUOKR41ieUZm7ZJ/ugc-photo-ap-southeast-1-581603780057-acd24e232f75f09e/REVIEW/144860232_REVIEW_1713923688526_654f4e5b1446d35a?_src=imagekit&tr=c-at_max,h-80,q-40,w-80","https://ik.imagekit.io/tvlk/ugc-review/guys1L+Yyer9kzI3sp-pb0CG1j2bhflZGFUZOoIf1YOBAm37kEUOKR41ieUZm7ZJ/ugc-photo-ap-southeast-1-581603780057-acd24e232f75f09e/REVIEW/144860232_REVIEW_1713923688526_bbe1bcfdae881d57?_src=imagekit&tr=c-at_max,h-80,q-40,w-80","https://ik.imagekit.io/tvlk/ugc-review/guys1L+Yyer9kzI3sp-pb0CG1j2bhflZGFUZOoIf1YOBAm37kEUOKR41ieUZm7ZJ/ugc-photo-ap-southeast-1-581603780057-acd24e232f75f09e/REVIEW/144860232_REVIEW_1713923688526_1127cd201ab250e5?_src=imagekit&tr=c-at_max,h-80,q-40,w-80",,,,,,,,,,,,,
https://www.traveloka.com/id-id/user/review/consumption/HOTEL/GENERAL/3000010007143,2,12,Nggak perlu bingung nyari hotel yang deket kemanapun. Hotel Surya Kencana memang terbaik.,Diulas 107 minggu lalu,"https://ik.imagekit.io/tvlk/ugc-review/guys1L+Yyer9kzI3sp-pb0CG1j2bhflZGFUZOoIf1YOBAm37kEUOKR41ieUZm7ZJ/ugc-photo-ap-southeast-1-581603780057-acd24e232f75f09e/REVIEW/91018910_REVIEW_1713775528077_02f023055a5d839d?_src=imagekit&tr=c-at_max,h-100,q-40,w-100","https://ik.imagekit.io/tvlk/ugc-review/guys1L+Yyer9kzI3sp-pb0CG1j2bhflZGFUZOoIf1YOBAm37kEUOKR41ieUZm7ZJ/ugc-photo-ap-southeast-1-581603780057-acd24e232f75f09e/REVIEW/91018910_REVIEW_1713775528077_d6133b0153cab414?_src=imagekit&tr=c-at_max,h-100,q-40,w-100","https://ik.imagekit.io/tvlk/ugc-review/guys1L+Yyer9kzI3sp-pb0CG1j2bhflZGFUZOoIf1YOBAm37kEUOKR41ieUZm7ZJ/ugc-photo-ap-southeast-1-581603780057-acd24e232f75f09e/REVIEW/91018910_REVIEW_1713775528076_b0006f647d9098b7?_src=imagekit&tr=c-at_max,h-100,q-40,w-100",,,,,,,,,,,,,,,,,
https://www.traveloka.com/id-id/user/review/consumption/HOTEL/GENERAL/3000010007143,2,13,"Saya senang menginap di Surya Kencana, pelayanannya baik, ramah, tempatnya dekat banget dengan pantai, menu sarapan pun banyak pilihan, kolam renangnya setiap hari dikuras.",Diulas 122 minggu lalu,"https://ik.imagekit.io/tvlk/ugc-review/guys1L+Yyer9kzI3sp-pb0CG1j2bhflZGFUZOoIf1YOBAm37kEUOKR41ieUZm7ZJ/ugc-photo-ap-southeast-1-581603780057-acd24e232f75f09e/ACCOMMODATION/192878693_ACCOMMODATION_1704753124184_c075e3ed31131cd5?_src=imagekit&tr=c-at_max,h-100,q-40,w-100","https://ik.imagekit.io/tvlk/ugc-review/guys1L+Yyer9kzI3sp-pb0CG1j2bhflZGFUZOoIf1YOBAm37kEUOKR41ieUZm7ZJ/ugc-photo-ap-southeast-1-581603780057-acd24e232f75f09e/ACCOMMODATION/192878693_ACCOMMODATION_1704753124183_479c473be9cdb375?_src=imagekit&tr=c-at_max,h-100,q-40,w-100","https://ik.imagekit.io/tvlk/ugc-review/guys1L+Yyer9kzI3sp-pb0CG1j2bhflZGFUZOoIf1YOBAm37kEUOKR41ieUZm7ZJ/ugc-photo-ap-southeast-1-581603780057-acd24e232f75f09e/ACCOMMODATION/192878693_ACCOMMODATION_1704753124184_9ece2b60c78c91c5?_src=imagekit&tr=c-at_max,h-100,q-40,w-100","https://ik.imagekit.io/tvlk/ugc-review/guys1L+Yyer9kzI3sp-pb0CG1j2bhflZGFUZOoIf1YOBAm37kEUOKR41ieUZm7ZJ/ugc-photo-ap-southeast-1-581603780057-acd24e232f75f09e/ACCOMMODATION/192878693_ACCOMMODATION_1704753124184_2309cd62e683862f?_src=imagekit&tr=c-at_max,h-100,q-40,w-100",,,,,,,,,,,,,,,,
https://www.traveloka.com/id-id/user/review/consumption/HOTEL/GENERAL/3000010007143,2,14,"Hotelnya sangat nyaman, bersih, dan bagus",Diulas 124 minggu lalu,"https://ik.imagekit.io/tvlk/ugc-review/guys1L+Yyer9kzI3sp-pb0CG1j2bhflZGFUZOoIf1YOBAm37kEUOKR41ieUZm7ZJ/ugc-photo-ap-southeast-1-581603780057-acd24e232f75f09e/ACCOMMODATION/64373312_ACCOMMODATION_1703471157241_6d2ce8faf14971dc?_src=imagekit&tr=c-at_max,h-100,q-40,w-100",,,,,,,,,,,,,,,,,,,
https://www.traveloka.com/id-id/user/review/consumption/HOTEL/GENERAL/3000010007143,2,15,"Kamarnya luas. Saya menambahkan tempat tidur tambahan untuk keluarga tambahan saya, pemandangan dari kamar ke laut. Alangkah baiknya jika menu sarapannya bisa lebih bergaya seperti menu “hotel” yang lebih variatif salad, sereal untuk anak, daging, dll.",Diulas 137 minggu lalu,"https://ik.imagekit.io/tvlk/ugc-review/guys1L+Yyer9kzI3sp-pb0CG1j2bhflZGFUZOoIf1YOBAm37kEUOKR41ieUZm7ZJ/ugc-photo-ap-southeast-1-581603780057-acd24e232f75f09e/ACCOMMODATION/23288203_ACCOMMODATION_1695481924419_575c33c98b5856f0?_src=imagekit&tr=c-at_max,h-100,q-40,w-100","https://ik.imagekit.io/tvlk/ugc-review/guys1L+Yyer9kzI3sp-pb0CG1j2bhflZGFUZOoIf1YOBAm37kEUOKR41ieUZm7ZJ/ugc-photo-ap-southeast-1-581603780057-acd24e232f75f09e/ACCOMMODATION/23288203_ACCOMMODATION_1695481924419_7cd9c209afb11b7a?_src=imagekit&tr=c-at_max,h-100,q-40,w-100",,,,,,,,,,,,,,,,,,
https://www.traveloka.com/id-id/user/review/consumption/HOTEL/GENERAL/3000010007143,2,16,"Kamarnya luas banget, size bed juga, pelayanan oke banget. Satpam luarbiasa ramah dan helpful begitu juga resepsionis. AC dingin. Air aga kurang panas. Pool nya luas, kalau malam-malam vibesnya asik banget. Mau main pasir bulakbalik ke hotel tinggal nyebrang. Salahsatu hotel pilihan kalau ke Pangandaran selalu menginap di sini. Dan setiap berkunjung selalu ada perbaikan dari kekurangan seblmnya. Tapi harga memang makin naik sih.",Diulas 147 minggu lalu,"https://ik.imagekit.io/tvlk/ugc-review/guys1L+Yyer9kzI3sp-pb0CG1j2bhflZGFUZOoIf1YOBAm37kEUOKR41ieUZm7ZJ/ugc-photo-ap-southeast-1-581603780057-acd24e232f75f09e/ACCOMMODATION/154084932_ACCOMMODATION_1689547791110_6abecff572dd5c61?_src=imagekit&tr=c-at_max,h-100,q-40,w-100","https://ik.imagekit.io/tvlk/ugc-review/guys1L+Yyer9kzI3sp-pb0CG1j2bhflZGFUZOoIf1YOBAm37kEUOKR41ieUZm7ZJ/ugc-photo-ap-southeast-1-581603780057-acd24e232f75f09e/ACCOMMODATION/154084932_ACCOMMODATION_1689547791110_cba1f8ecf419fec1?_src=imagekit&tr=c-at_max,h-100,q-40,w-100",,,,,,,,,,,,,,,,,,
https://www.traveloka.com/id-id/user/review/consumption/HOTEL/GENERAL/3000010007143,2,17,Saya sangat menikmati fasilitas dan layanan di hotel ini. Tapi sayang tidak ada lift. Dan menyayangkan untuk saya yang sedang hamil harus naik ke lantai 3. Selebihnya puas dan nyaman thank you Surya Kencana Seaside Hotel by aplikasi.,Diulas 152 minggu lalu,"https://ik.imagekit.io/tvlk/ugc-review/guys1L+Yyer9kzI3sp-pb0CG1j2bhflZGFUZOoIf1YOBAm37kEUOKR41ieUZm7ZJ/ugc-photo-ap-southeast-1-581603780057-acd24e232f75f09e/ACCOMMODATION/32642631_ACCOMMODATION_1686453919674_695cdf5de454b7f9?_src=imagekit&tr=c-at_max,h-100,q-40,w-100","https://ik.imagekit.io/tvlk/ugc-review/guys1L+Yyer9kzI3sp-pb0CG1j2bhflZGFUZOoIf1YOBAm37kEUOKR41ieUZm7ZJ/ugc-photo-ap-southeast-1-581603780057-acd24e232f75f09e/ACCOMMODATION/32642631_ACCOMMODATION_1686453919674_7f5ad76b583c7dc5?_src=imagekit&tr=c-at_max,h-100,q-40,w-100",,,,,,,,,,,,,,,,,,
https://www.traveloka.com/id-id/user/review/consumption/HOTEL/GENERAL/3000010007143,2,18,Saya sangat menikmati sekali selama liburan di sana,Diulas 167 minggu lalu,"https://ik.imagekit.io/tvlk/ugc-review/guys1L+Yyer9kzI3sp-pb0CG1j2bhflZGFUZOoIf1YOBAm37kEUOKR41ieUZm7ZJ/ugc-photo-ap-southeast-1-581603780057-acd24e232f75f09e/ACCOMMODATION/232369223_ACCOMMODATION_1677032447795_bf3d543792a89a6b?_src=imagekit&tr=c-at_max,h-100,q-40,w-100",,,,,,,,,,,,,,,,,,,
https://www.traveloka.com/id-id/user/review/consumption/HOTEL/GENERAL/3000010007143,2,19,"Pengalaman menginap menyenangkan dari mulai check in yang mudah dan cepat, pelayanan ok banget luar biasa semuanya. Top deh. Recommended buat menginap sama keluarga.",Diulas 218 minggu lalu,"https://ik.imagekit.io/tvlk/ugc-review/guys1L+Yyer9kzI3sp-pb0CG1j2bhflZGFUZOoIf1YOBAm37kEUOKR41ieUZm7ZJ/ugc-photo-ap-southeast-1-581603780057-acd24e232f75f09e/ACCOMMODATION/20111610_ACCOMMODATION_1646425069610_ed7f33057cbe4600?_src=imagekit&tr=c-at_max,h-100,q-40,w-100",,,,,,,,,,,,,,,,,,,
https://www.traveloka.com/id-id/user/review/consumption/HOTEL/GENERAL/3000010007143,2,20,"Pelayanan sangat ramah. Untuk kebersihan kamar menurut saya kurang, karena masih ad beberapa bagian yang sangat terlihat kurang bersih. Terutama kamar mandi. Kebetulan kamar mandi di kamar saya entah drmn sumber airnya, dibagian kloset itu ada genangan air dan ga hilang-hilang sampai tiba waktunya saya check out keesokan harinya. Sarannya, tolong lebih diperhatikan mslh kenyamanan tamu nomor 1. Kalau kondisinya seperti itu menurut saya sangat tidak layak.",Diulas 222 minggu lalu,"https://ik.imagekit.io/tvlk/ugc-review/guys1L+Yyer9kzI3sp-pb0CG1j2bhflZGFUZOoIf1YOBAm37kEUOKR41ieUZm7ZJ/ugc-photo-ap-southeast-1-581603780057-acd24e232f75f09e/ACCOMMODATION/86160857_ACCOMMODATION_1643968170780_72ac81f1fda7c7e7?_src=imagekit&tr=c-at_max,h-100,q-40,w-100",,,,,,,,,,,,,,,,,,,
https://www.traveloka.com/id-id/user/review/consumption/HOTEL/GENERAL/3000010007143,3,1,"Lokasi deket pantai tinggal jalan kaki, kamarnya sama kamar mandinya bersih, sarapannya lumayan banyak varian nya, cuma sayangnya pas ke situ kolamnya agak kotor banyak pasir di bawahnya.",Diulas 230 minggu lalu,"https://ik.imagekit.io/tvlk/ugc-review/guys1L+Yyer9kzI3sp-pb0CG1j2bhflZGFUZOoIf1YOBAm37kEUOKR41ieUZm7ZJ/ugc-photo-ap-southeast-1-581603780057-acd24e232f75f09e/ACCOMMODATION/204716451_ACCOMMODATION_1639230957670_0666dc09691d2c02?_src=imagekit&tr=c-at_max,h-100,q-40,w-100","https://ik.imagekit.io/tvlk/ugc-review/guys1L+Yyer9kzI3sp-pb0CG1j2bhflZGFUZOoIf1YOBAm37kEUOKR41ieUZm7ZJ/ugc-photo-ap-southeast-1-581603780057-acd24e232f75f09e/ACCOMMODATION/204716451_ACCOMMODATION_1639230957670_bbf943aeaa7b0fc1?_src=imagekit&tr=c-at_max,h-100,q-40,w-100","https://ik.imagekit.io/tvlk/ugc-review/guys1L+Yyer9kzI3sp-pb0CG1j2bhflZGFUZOoIf1YOBAm37kEUOKR41ieUZm7ZJ/ugc-photo-ap-southeast-1-581603780057-acd24e232f75f09e/ACCOMMODATION/204716451_ACCOMMODATION_1639230957671_d7cfd75f4dbaa6b7?_src=imagekit&tr=c-at_max,h-100,q-40,w-100",,,,,,,,,,,,,,,,,
https://www.traveloka.com/id-id/user/review/consumption/HOTEL/GENERAL/3000010007143,3,2,"Kamar super deluxe ada di lantai 3, nyaman, bersih. Next time nginep sekeluarga besar di sini.",Diulas 235 minggu lalu,"https://ik.imagekit.io/tvlk/ugc-review/guys1L+Yyer9kzI3sp-pb0CG1j2bhflZGFUZOoIf1YOBAm37kEUOKR41ieUZm7ZJ/ugc-photo-ap-southeast-1-581603780057-acd24e232f75f09e/ACCOMMODATION/16367155_ACCOMMODATION_1636347933748_1d9f22d54a80bc8a?_src=imagekit&tr=c-at_max,h-100,q-40,w-100","https://ik.imagekit.io/tvlk/ugc-review/guys1L+Yyer9kzI3sp-pb0CG1j2bhflZGFUZOoIf1YOBAm37kEUOKR41ieUZm7ZJ/ugc-photo-ap-southeast-1-581603780057-acd24e232f75f09e/ACCOMMODATION/16367155_ACCOMMODATION_1636347933749_1c2e311558f84da7?_src=imagekit&tr=c-at_max,h-100,q-40,w-100","https://ik.imagekit.io/tvlk/ugc-review/guys1L+Yyer9kzI3sp-pb0CG1j2bhflZGFUZOoIf1YOBAm37kEUOKR41ieUZm7ZJ/ugc-photo-ap-southeast-1-581603780057-acd24e232f75f09e/ACCOMMODATION/16367155_ACCOMMODATION_1636347933749_0949e4bd64bd8b7c?_src=imagekit&tr=c-at_max,h-100,q-40,w-100",,,,,,,,,,,,,,,,,
https://www.traveloka.com/id-id/user/review/consumption/HOTEL/GENERAL/3000010007143,3,3,"Allhamdulillah menyenangkan sekali menginap di sini, hotelnya strategis, pelayanannya ramah.",Diulas 235 minggu lalu,"https://ik.imagekit.io/tvlk/ugc-review/guys1L+Yyer9kzI3sp-pb0CG1j2bhflZGFUZOoIf1YOBAm37kEUOKR41ieUZm7ZJ/ugc-photo-ap-southeast-1-581603780057-acd24e232f75f09e/ACCOMMODATION/124728367_ACCOMMODATION_1636329585103_cfde27d7540e22be?_src=imagekit&tr=c-at_max,h-100,q-40,w-100",,,,,,,,,,,,,,,,,,,
https://www.traveloka.com/id-id/user/review/consumption/HOTEL/GENERAL/3000010007143,3,4,Kamar yang cukup luas membuat keluarga merasa nyaman serasa drumah sendiri.,Diulas 236 minggu lalu,"https://ik.imagekit.io/tvlk/ugc-review/guys1L+Yyer9kzI3sp-pb0CG1j2bhflZGFUZOoIf1YOBAm37kEUOKR41ieUZm7ZJ/ugc-photo-ap-southeast-1-581603780057-acd24e232f75f09e/ACCOMMODATION/199721364_ACCOMMODATION_1635431957232_dfb196578971741d?_src=imagekit&tr=c-at_max,h-100,q-40,w-100",,,,,,,,,,,,,,,,,,,
https://www.traveloka.com/id-id/user/review/consumption/HOTEL/GENERAL/3000010007143,3,5,Balkon atau halaman yang menghadap pantai langsung menambah indah suasana liburan.,Diulas 236 minggu lalu,"https://ik.imagekit.io/tvlk/ugc-review/guys1L+Yyer9kzI3sp-pb0CG1j2bhflZGFUZOoIf1YOBAm37kEUOKR41ieUZm7ZJ/ugc-photo-ap-southeast-1-581603780057-acd24e232f75f09e/ACCOMMODATION/199721364_ACCOMMODATION_1635431846822_ab6225470964ef82?_src=imagekit&tr=c-at_max,h-100,q-40,w-100","https://ik.imagekit.io/tvlk/ugc-review/guys1L+Yyer9kzI3sp-pb0CG1j2bhflZGFUZOoIf1YOBAm37kEUOKR41ieUZm7ZJ/ugc-photo-ap-southeast-1-581603780057-acd24e232f75f09e/ACCOMMODATION/199721364_ACCOMMODATION_1635431846823_358d0a1bd68e6b51?_src=imagekit&tr=c-at_max,h-100,q-40,w-100",,,,,,,,,,,,,,,,,,
https://www.traveloka.com/id-id/user/review/consumption/HOTEL/GENERAL/3000010007143,3,6,Kolam renang adalah area paling favorit di hotel ini karena bersih luas dan bersih.,Diulas 236 minggu lalu,"https://ik.imagekit.io/tvlk/ugc-review/guys1L+Yyer9kzI3sp-pb0CG1j2bhflZGFUZOoIf1YOBAm37kEUOKR41ieUZm7ZJ/ugc-photo-ap-southeast-1-581603780057-acd24e232f75f09e/ACCOMMODATION/199721364_ACCOMMODATION_1635431726643_c27849a878720671?_src=imagekit&tr=c-at_max,h-100,q-40,w-100","https://ik.imagekit.io/tvlk/ugc-review/guys1L+Yyer9kzI3sp-pb0CG1j2bhflZGFUZOoIf1YOBAm37kEUOKR41ieUZm7ZJ/ugc-photo-ap-southeast-1-581603780057-acd24e232f75f09e/ACCOMMODATION/199721364_ACCOMMODATION_1635431726643_3f1ad829598030cc?_src=imagekit&tr=c-at_max,h-100,q-40,w-100",,,,,,,,,,,,,,,,,,
https://www.traveloka.com/id-id/user/review/consumption/HOTEL/GENERAL/3000010007143,3,7,"Service bagus, menyenangkan dan ramah, sigap serta waktu check in cepat, fasilitas ok, sesuai dengan gambar/foto, tempat bersih. Bagus untuk liburan keluarga recommended hotel. Kalo ke Pangandaran mau nginep di sini lagi. Terima kasih Traveloka atas apk nya.",Diulas 237 minggu lalu,"https://ik.imagekit.io/tvlk/ugc-review/guys1L+Yyer9kzI3sp-pb0CG1j2bhflZGFUZOoIf1YOBAm37kEUOKR41ieUZm7ZJ/ugc-photo-ap-southeast-1-581603780057-acd24e232f75f09e/ACCOMMODATION/20111610_ACCOMMODATION_1634881367216_05e7a271ac17e192?_src=imagekit&tr=c-at_max,h-100,q-40,w-100","https://ik.imagekit.io/tvlk/ugc-review/guys1L+Yyer9kzI3sp-pb0CG1j2bhflZGFUZOoIf1YOBAm37kEUOKR41ieUZm7ZJ/ugc-photo-ap-southeast-1-581603780057-acd24e232f75f09e/ACCOMMODATION/20111610_ACCOMMODATION_1634881367216_d284f4c9c1bbda1d?_src=imagekit&tr=c-at_max,h-100,q-40,w-100","https://ik.imagekit.io/tvlk/ugc-review/guys1L+Yyer9kzI3sp-pb0CG1j2bhflZGFUZOoIf1YOBAm37kEUOKR41ieUZm7ZJ/ugc-photo-ap-southeast-1-581603780057-acd24e232f75f09e/ACCOMMODATION/20111610_ACCOMMODATION_1634881367216_47912d4da024a825?_src=imagekit&tr=c-at_max,h-100,q-40,w-100","https://ik.imagekit.io/tvlk/ugc-review/guys1L+Yyer9kzI3sp-pb0CG1j2bhflZGFUZOoIf1YOBAm37kEUOKR41ieUZm7ZJ/ugc-photo-ap-southeast-1-581603780057-acd24e232f75f09e/ACCOMMODATION/20111610_ACCOMMODATION_1634881367217_371a7020dfc7df91?_src=imagekit&tr=c-at_max,h-100,q-40,w-100","https://ik.imagekit.io/tvlk/ugc-review/guys1L+Yyer9kzI3sp-pb0CG1j2bhflZGFUZOoIf1YOBAm37kEUOKR41ieUZm7ZJ/ugc-photo-ap-southeast-1-581603780057-acd24e232f75f09e/ACCOMMODATION/20111610_ACCOMMODATION_1634881367217_14d36a265c342946?_src=imagekit&tr=c-at_max,h-100,q-40,w-100","https://ik.imagekit.io/tvlk/ugc-review/guys1L+Yyer9kzI3sp-pb0CG1j2bhflZGFUZOoIf1YOBAm37kEUOKR41ieUZm7ZJ/ugc-photo-ap-southeast-1-581603780057-acd24e232f75f09e/ACCOMMODATION/20111610_ACCOMMODATION_1634881367218_bf755095522b2f69?_src=imagekit&tr=c-at_max,h-100,q-40,w-100",,,,,,,,,,,,,,
https://www.traveloka.com/id-id/user/review/consumption/HOTEL/GENERAL/3000010007143,3,8,Buka kamar langsung View Pantai ❤.,Diulas 238 minggu lalu,"https://ik.imagekit.io/tvlk/ugc-review/guys1L+Yyer9kzI3sp-pb0CG1j2bhflZGFUZOoIf1YOBAm37kEUOKR41ieUZm7ZJ/ugc-photo-ap-southeast-1-581603780057-acd24e232f75f09e/ACCOMMODATION/202730841_ACCOMMODATION_1634178145140_f9c508e7242cb3d9?_src=imagekit&tr=c-at_max,h-100,q-40,w-100",,,,,,,,,,,,,,,,,,,
https://www.traveloka.com/id-id/user/review/consumption/HOTEL/GENERAL/3000010007143,3,9,"Kekurangan: - Tidak ada lift (agak sulit saat kamar berada di lantai 3) - Kamar mandi tua (?) air kadang-kadang tidak mengalir dengan baik dan agak berisik. - Pintu juga sangat berisik, harus diangkat sedikit. Selain itu, lokasinya sangat strategis dan memiliki pemandangan yang indah, stafnya juga ramah.",Diulas 238 minggu lalu,"https://ik.imagekit.io/tvlk/ugc-review/guys1L+Yyer9kzI3sp-pb0CG1j2bhflZGFUZOoIf1YOBAm37kEUOKR41ieUZm7ZJ/ugc-photo-ap-southeast-1-581603780057-acd24e232f75f09e/ACCOMMODATION/13812242_ACCOMMODATION_1634122053741_80d559d5efb4238f?_src=imagekit&tr=c-at_max,h-100,q-40,w-100",,,,,,,,,,,,,,,,,,,
https://www.traveloka.com/id-id/user/review/consumption/HOTEL/GENERAL/3000010007143,3,10,"Ramah, kamar bersih, kamar mandi bersih, makanan enak, kolam renang bersih. Hotelnya dekat pantai.",Diulas 239 minggu lalu,"https://ik.imagekit.io/tvlk/ugc-review/guys1L+Yyer9kzI3sp-pb0CG1j2bhflZGFUZOoIf1YOBAm37kEUOKR41ieUZm7ZJ/ugc-photo-ap-southeast-1-581603780057-acd24e232f75f09e/ACCOMMODATION/159580627_ACCOMMODATION_1633664000091_e2b9f9550fe6e2b6?_src=imagekit&tr=c-at_max,h-100,q-40,w-100","https://ik.imagekit.io/tvlk/ugc-review/guys1L+Yyer9kzI3sp-pb0CG1j2bhflZGFUZOoIf1YOBAm37kEUOKR41ieUZm7ZJ/ugc-photo-ap-southeast-1-581603780057-acd24e232f75f09e/ACCOMMODATION/159580627_ACCOMMODATION_1633664000091_bd814883e6429ea4?_src=imagekit&tr=c-at_max,h-100,q-40,w-100",,,,,,,,,,,,,,,,,,
https://www.traveloka.com/id-id/user/review/consumption/HOTEL/GENERAL/3000010007143,3,11,Saya sangat menikmati pengalaman menginap bersama keluarga kecil saya di hotel ini. Saya menginap di kamar junior suite yang memiliki view depan belakang yang pas sekali yaitu view kolam renang dan view laut. Karyawannya cukup ramah dan menu sarapannya lumayan enak-enak. Tapi sayang pas mau pulang mobil bagian samping saya kena baret yang cukup dalam di parkiran  sama orang yang tidak bertanggung jawab. Yang membuat rasa senang dan puas saya hilang seketika. Kalau bisa tolong tingkatkan lagi keamanan di wilayah parkiran juga agar tidak ada lagi kejadian yang tidak menyenangkan menimpa pelanggan lain. Terima kasih.,Diulas 241 minggu lalu,"https://ik.imagekit.io/tvlk/ugc-review/guys1L+Yyer9kzI3sp-pb0CG1j2bhflZGFUZOoIf1YOBAm37kEUOKR41ieUZm7ZJ/ugc-photo-ap-southeast-1-581603780057-acd24e232f75f09e/ACCOMMODATION/199208052_ACCOMMODATION_1632619838986_54eb6ccf3ee15537?_src=imagekit&tr=c-at_max,h-100,q-40,w-100","https://ik.imagekit.io/tvlk/ugc-review/guys1L+Yyer9kzI3sp-pb0CG1j2bhflZGFUZOoIf1YOBAm37kEUOKR41ieUZm7ZJ/ugc-photo-ap-southeast-1-581603780057-acd24e232f75f09e/ACCOMMODATION/199208052_ACCOMMODATION_1632620026687_50ea5f47fa2b89f4?_src=imagekit&tr=c-at_max,h-100,q-40,w-100",,,,,,,,,,,,,,,,,,
https://www.traveloka.com/id-id/user/review/consumption/HOTEL/GENERAL/3000010007143,3,12,"Hotel bagus, bersih dan nyaman, staf hotel ramah-ramah sekali keren pelayanannya. Sarapan banyak varian dan enak. Puas menginap di sini!",Diulas 241 minggu lalu,"https://ik.imagekit.io/tvlk/ugc-review/guys1L+Yyer9kzI3sp-pb0CG1j2bhflZGFUZOoIf1YOBAm37kEUOKR41ieUZm7ZJ/ugc-photo-ap-southeast-1-581603780057-acd24e232f75f09e/ACCOMMODATION/8410264_ACCOMMODATION_1632283065896_bcd2af6def196346?_src=imagekit&tr=c-at_max,h-100,q-40,w-100",,,,,,,,,,,,,,,,,,,
https://www.traveloka.com/id-id/user/review/consumption/HOTEL/GENERAL/3000010007143,3,13,"Hotel lumayan nyaman, enak bersih. Kolam renang terawat bersih. Staf baik dan ramah. Pelayanan oke. Cuma sarapan nya apa adanya banget, kurang cocok aja gitu sama harga hehe. Tp overall semua oke, anak anak senang",Diulas 242 minggu lalu,"https://ik.imagekit.io/tvlk/ugc-review/guys1L+Yyer9kzI3sp-pb0CG1j2bhflZGFUZOoIf1YOBAm37kEUOKR41ieUZm7ZJ/ugc-photo-ap-southeast-1-581603780057-acd24e232f75f09e/ACCOMMODATION/200508404_ACCOMMODATION_1631776094373_a8e068698b6608e7?_src=imagekit&tr=c-at_max,h-100,q-40,w-100",,,,,,,,,,,,,,,,,,,
https://www.traveloka.com/id-id/user/review/consumption/HOTEL/GENERAL/3000010007143,3,14,"Nyaman, bersih, pelayanan ramah, tapi sayang ga ada lift nya. Harus naik tangga, apalagi saya dan keluarga dapet kamar di lantai 3 bawa bayi lumayan olahraga 😄",Diulas 244 minggu lalu,"https://ik.imagekit.io/tvlk/ugc-review/guys1L+Yyer9kzI3sp-pb0CG1j2bhflZGFUZOoIf1YOBAm37kEUOKR41ieUZm7ZJ/ugc-photo-ap-southeast-1-581603780057-acd24e232f75f09e/ACCOMMODATION/133370338_ACCOMMODATION_1630742060350_106ced9c91e1de21?_src=imagekit&tr=c-at_max,h-100,q-40,w-100",,,,,,,,,,,,,,,,,,,
https://www.traveloka.com/id-id/user/review/consumption/HOTEL/GENERAL/3000010007143,3,15,Hotel paling top pelayanan segala macam nya. Tiap ke pangandaran pasti nginap di surya kencana. Keren pokok nya 😘.,Diulas 244 minggu lalu,"https://ik.imagekit.io/tvlk/ugc-review/guys1L+Yyer9kzI3sp-pb0CG1j2bhflZGFUZOoIf1YOBAm37kEUOKR41ieUZm7ZJ/ugc-photo-ap-southeast-1-581603780057-acd24e232f75f09e/ACCOMMODATION/22753498_ACCOMMODATION_1630467121879_912cd19092ff620b?_src=imagekit&tr=c-at_max,h-100,q-40,w-100","https://ik.imagekit.io/tvlk/ugc-review/guys1L+Yyer9kzI3sp-pb0CG1j2bhflZGFUZOoIf1YOBAm37kEUOKR41ieUZm7ZJ/ugc-photo-ap-southeast-1-581603780057-acd24e232f75f09e/ACCOMMODATION/22753498_ACCOMMODATION_1630467121879_e66e14a9d2d72a5c?_src=imagekit&tr=c-at_max,h-100,q-40,w-100","https://ik.imagekit.io/tvlk/ugc-review/guys1L+Yyer9kzI3sp-pb0CG1j2bhflZGFUZOoIf1YOBAm37kEUOKR41ieUZm7ZJ/ugc-photo-ap-southeast-1-581603780057-acd24e232f75f09e/ACCOMMODATION/22753498_ACCOMMODATION_1630467121879_9b870808f8ed9aca?_src=imagekit&tr=c-at_max,h-100,q-40,w-100",,,,,,,,,,,,,,,,,
https://www.traveloka.com/id-id/user/review/consumption/HOTEL/GENERAL/3000010007143,3,16,"Pelayanan bagus, hotel bersih dan bagus, cocok untuk menginap sekitar pantai barat.",Diulas 257 minggu lalu,"https://ik.imagekit.io/tvlk/ugc-review/guys1L+Yyer9kzI3sp-pb0CG1j2bhflZGFUZOoIf1YOBAm37kEUOKR41ieUZm7ZJ/ugc-photo-ap-southeast-1-581603780057-acd24e232f75f09e/ACCOMMODATION/156764117_ACCOMMODATION_1622623588428_ab9844ca9ac8d2dc?_src=imagekit&tr=c-at_max,h-100,q-40,w-100",,,,,,,,,,,,,,,,,,,
https://www.traveloka.com/id-id/user/review/consumption/HOTEL/GENERAL/3000010007143,3,17,"View nya sangat bagus, menghadap langsung ke jalan dan pantai, lokasi strategis. Kamar luas, ada kolam renangnya sehingga cocok untuk keluarga. Sarapan lumayan enak namun sayang penjaga / pembuat omletnya jutek banget.",Diulas 258 minggu lalu,"https://ik.imagekit.io/tvlk/ugc-review/guys1L+Yyer9kzI3sp-pb0CG1j2bhflZGFUZOoIf1YOBAm37kEUOKR41ieUZm7ZJ/ugc-photo-ap-southeast-1-581603780057-acd24e232f75f09e/ACCOMMODATION/16938774_ACCOMMODATION_1622206461138_a235fdfda4789619?_src=imagekit&tr=c-at_max,h-100,q-40,w-100","https://ik.imagekit.io/tvlk/ugc-review/guys1L+Yyer9kzI3sp-pb0CG1j2bhflZGFUZOoIf1YOBAm37kEUOKR41ieUZm7ZJ/ugc-photo-ap-southeast-1-581603780057-acd24e232f75f09e/ACCOMMODATION/16938774_ACCOMMODATION_1622206461139_2f9a8780bb296cb6?_src=imagekit&tr=c-at_max,h-100,q-40,w-100","https://ik.imagekit.io/tvlk/ugc-review/guys1L+Yyer9kzI3sp-pb0CG1j2bhflZGFUZOoIf1YOBAm37kEUOKR41ieUZm7ZJ/ugc-photo-ap-southeast-1-581603780057-acd24e232f75f09e/ACCOMMODATION/16938774_ACCOMMODATION_1622206461139_d9e10d73a9568c20?_src=imagekit&tr=c-at_max,h-100,q-40,w-100","https://ik.imagekit.io/tvlk/ugc-review/guys1L+Yyer9kzI3sp-pb0CG1j2bhflZGFUZOoIf1YOBAm37kEUOKR41ieUZm7ZJ/ugc-photo-ap-southeast-1-581603780057-acd24e232f75f09e/ACCOMMODATION/16938774_ACCOMMODATION_1622206461139_c248c3748b937f23?_src=imagekit&tr=c-at_max,h-100,q-40,w-100","https://ik.imagekit.io/tvlk/ugc-review/guys1L+Yyer9kzI3sp-pb0CG1j2bhflZGFUZOoIf1YOBAm37kEUOKR41ieUZm7ZJ/ugc-photo-ap-southeast-1-581603780057-acd24e232f75f09e/ACCOMMODATION/16938774_ACCOMMODATION_1622206461140_a887143705cfb52d?_src=imagekit&tr=c-at_max,h-100,q-40,w-100","https://ik.imagekit.io/tvlk/ugc-review/guys1L+Yyer9kzI3sp-pb0CG1j2bhflZGFUZOoIf1YOBAm37kEUOKR41ieUZm7ZJ/ugc-photo-ap-southeast-1-581603780057-acd24e232f75f09e/ACCOMMODATION/16938774_ACCOMMODATION_1622206461140_248585fee61796ba?_src=imagekit&tr=c-at_max,h-100,q-40,w-100",,,,,,,,,,,,,,
https://www.traveloka.com/id-id/user/review/consumption/HOTEL/GENERAL/3000010007143,3,18,"Tempatnya bersih dan dekat dengan pantai jadi buat anak-anak oke lah, cuma naik ke atas naik tangga belum ada lift-nya itu aja 😁🤗",Diulas 261 minggu lalu,"https://ik.imagekit.io/tvlk/ugc-review/guys1L+Yyer9kzI3sp-pb0CG1j2bhflZGFUZOoIf1YOBAm37kEUOKR41ieUZm7ZJ/ugc-photo-ap-southeast-1-581603780057-acd24e232f75f09e/ACCOMMODATION/135544913_ACCOMMODATION_1620521432586_d2e736ffa4ea187f?_src=imagekit&tr=c-at_max,h-100,q-40,w-100","https://ik.imagekit.io/tvlk/ugc-review/guys1L+Yyer9kzI3sp-pb0CG1j2bhflZGFUZOoIf1YOBAm37kEUOKR41ieUZm7ZJ/ugc-photo-ap-southeast-1-581603780057-acd24e232f75f09e/ACCOMMODATION/135544913_ACCOMMODATION_1620521432586_668ecd85561790f0?_src=imagekit&tr=c-at_max,h-100,q-40,w-100",,,,,,,,,,,,,,,,,,
https://www.traveloka.com/id-id/user/review/consumption/HOTEL/GENERAL/3000010007143,3,19,Kamar junior suite cukup besar untuk keluarga dengan 6 orang. Ranjang ukuran king + ranjang tambahan. Bersih dan nyaman. Pemandangan laut yang indah dari kamar. Kolam renang yang bersih dan bagus. Staf dan petugas keamanan ramah.,Diulas 263 minggu lalu,"https://ik.imagekit.io/tvlk/ugc-review/guys1L+Yyer9kzI3sp-pb0CG1j2bhflZGFUZOoIf1YOBAm37kEUOKR41ieUZm7ZJ/ugc-photo-ap-southeast-1-581603780057-acd24e232f75f09e/ACCOMMODATION/10386470_ACCOMMODATION_1619178840730_f04d8acf20759cde?_src=imagekit&tr=c-at_max,h-100,q-40,w-100","https://ik.imagekit.io/tvlk/ugc-review/guys1L+Yyer9kzI3sp-pb0CG1j2bhflZGFUZOoIf1YOBAm37kEUOKR41ieUZm7ZJ/ugc-photo-ap-southeast-1-581603780057-acd24e232f75f09e/ACCOMMODATION/10386470_ACCOMMODATION_1619178840730_df8bf4f9da4e88f3?_src=imagekit&tr=c-at_max,h-100,q-40,w-100","https://ik.imagekit.io/tvlk/ugc-review/guys1L+Yyer9kzI3sp-pb0CG1j2bhflZGFUZOoIf1YOBAm37kEUOKR41ieUZm7ZJ/ugc-photo-ap-southeast-1-581603780057-acd24e232f75f09e/ACCOMMODATION/10386470_ACCOMMODATION_1619178840731_e75264c8e9d5e8c6?_src=imagekit&tr=c-at_max,h-100,q-40,w-100","https://ik.imagekit.io/tvlk/ugc-review/guys1L+Yyer9kzI3sp-pb0CG1j2bhflZGFUZOoIf1YOBAm37kEUOKR41ieUZm7ZJ/ugc-photo-ap-southeast-1-581603780057-acd24e232f75f09e/ACCOMMODATION/10386470_ACCOMMODATION_1619178840731_0fa955400adebf95?_src=imagekit&tr=c-at_max,h-100,q-40,w-100",,,,,,,,,,,,,,,,
https://www.traveloka.com/id-id/user/review/consumption/HOTEL/GENERAL/3000010007143,3,20,"Hotelnya nyaman, bersih, sarapannya juga enak, lokasi strategis, water heater selalu berfungsi walaupun byk yg menggunakan tidak seperti hotel-hotel yg lain. Hanya saja pintu kamar mandi tdk bisa ditutup jd kalau tdk dipake kebuka gitu aja. Dan saran utk tempat parkir yg di bawah pohon sebaiknya memasang atap/kanopi karena ketika pulang mobilku penuh dgn kotoran burung 😅",Diulas 264 minggu lalu,"https://ik.imagekit.io/tvlk/ugc-review/guys1L+Yyer9kzI3sp-pb0CG1j2bhflZGFUZOoIf1YOBAm37kEUOKR41ieUZm7ZJ/ugc-photo-ap-southeast-1-581603780057-acd24e232f75f09e/ACCOMMODATION/191109628_ACCOMMODATION_1618622754970_81d8854962ad47fe?_src=imagekit&tr=c-at_max,h-100,q-40,w-100",,,,,,,,,,,,,,,,,,,
https://www.traveloka.com/id-id/user/review/consumption/HOTEL/GENERAL/3000010007143,4,1,"Sangat menyenangkan, nyaman. Staff pada ramah, hotel bersih dan keren. Sarapan lengkap dan enak. Kalau ke Pangandaran pasti ke sini lagi. 👍",Diulas 264 minggu lalu,"https://ik.imagekit.io/tvlk/ugc-review/guys1L+Yyer9kzI3sp-pb0CG1j2bhflZGFUZOoIf1YOBAm37kEUOKR41ieUZm7ZJ/ugc-photo-ap-southeast-1-581603780057-acd24e232f75f09e/ACCOMMODATION/8410264_ACCOMMODATION_1618457531832_135985a6b4faacb2?_src=imagekit&tr=c-at_max,h-100,q-40,w-100","https://ik.imagekit.io/tvlk/ugc-review/guys1L+Yyer9kzI3sp-pb0CG1j2bhflZGFUZOoIf1YOBAm37kEUOKR41ieUZm7ZJ/ugc-photo-ap-southeast-1-581603780057-acd24e232f75f09e/ACCOMMODATION/8410264_ACCOMMODATION_1618457531833_4b3581509389f207?_src=imagekit&tr=c-at_max,h-100,q-40,w-100",,,,,,,,,,,,,,,,,,
https://www.traveloka.com/id-id/user/review/consumption/HOTEL/GENERAL/3000010007143,4,2,Anak kami senang menginap di hotel ini karena kolam renangnya bersih.,Diulas 267 minggu lalu,"https://ik.imagekit.io/tvlk/ugc-review/guys1L+Yyer9kzI3sp-pb0CG1j2bhflZGFUZOoIf1YOBAm37kEUOKR41ieUZm7ZJ/ugc-photo-ap-southeast-1-581603780057-acd24e232f75f09e/ACCOMMODATION/191012377_ACCOMMODATION_1617012885021_d0eef2906121970b?_src=imagekit&tr=c-at_max,h-100,q-40,w-100",,,,,,,,,,,,,,,,,,,
https://www.traveloka.com/id-id/user/review/consumption/HOTEL/GENERAL/3000010007143,4,3,"Check-in check-out cepat, kamarnya luas. Posisi oke depan pantai banget jadi kalau mau ke pantai tinggal jalan kaki saja. Pemanas air ada tapi teh kopinya tidak ada. makanannya rasanya standar. Biasa saja. Alhamdulillah anak-anak happy.",Diulas 277 minggu lalu,"https://ik.imagekit.io/tvlk/ugc-review/guys1L+Yyer9kzI3sp-pb0CG1j2bhflZGFUZOoIf1YOBAm37kEUOKR41ieUZm7ZJ/ugc-photo-ap-southeast-1-581603780057-acd24e232f75f09e/ACCOMMODATION/4612600_ACCOMMODATION_1610783704138_cd671f44f7041887?_src=imagekit&tr=c-at_max,h-100,q-40,w-100","https://ik.imagekit.io/tvlk/ugc-review/guys1L+Yyer9kzI3sp-pb0CG1j2bhflZGFUZOoIf1YOBAm37kEUOKR41ieUZm7ZJ/ugc-photo-ap-southeast-1-581603780057-acd24e232f75f09e/ACCOMMODATION/4612600_ACCOMMODATION_1610783704138_2d352ef36a044941?_src=imagekit&tr=c-at_max,h-100,q-40,w-100",,,,,,,,,,,,,,,,,,
https://www.traveloka.com/id-id/user/review/consumption/HOTEL/GENERAL/3000010007143,4,4,"Akomodasi ini seperti terlihat pada gambar, kami nyaman menginap disini karyawan ramah, makanan enak. Recommended hotel.",Diulas 278 minggu lalu,"https://ik.imagekit.io/tvlk/ugc-review/guys1L+Yyer9kzI3sp-pb0CG1j2bhflZGFUZOoIf1YOBAm37kEUOKR41ieUZm7ZJ/ugc-photo-ap-southeast-1-581603780057-acd24e232f75f09e/ACCOMMODATION/19716389_ACCOMMODATION_1610130413924_6e8ccf0b6f80bef3?_src=imagekit&tr=c-at_max,h-100,q-40,w-100","https://ik.imagekit.io/tvlk/ugc-review/guys1L+Yyer9kzI3sp-pb0CG1j2bhflZGFUZOoIf1YOBAm37kEUOKR41ieUZm7ZJ/ugc-photo-ap-southeast-1-581603780057-acd24e232f75f09e/ACCOMMODATION/19716389_ACCOMMODATION_1610130413924_bba4c5f8c50e26df?_src=imagekit&tr=c-at_max,h-100,q-40,w-100",,,,,,,,,,,,,,,,,,
https://www.traveloka.com/id-id/user/review/consumption/HOTEL/GENERAL/3000010007143,4,5,"Pokoknya keluarga senang menginap disini, lokasi sangat strategis, ke pantai tinggal nyebrang, di samping banyak toko toko yang jualan pakaian. Kolam renang bersih, next bakalan pilih tempat menginap disini lagi.",Diulas 281 minggu lalu,"https://ik.imagekit.io/tvlk/ugc-review/guys1L+Yyer9kzI3sp-pb0CG1j2bhflZGFUZOoIf1YOBAm37kEUOKR41ieUZm7ZJ/ugc-photo-ap-southeast-1-581603780057-acd24e232f75f09e/ACCOMMODATION/93371233_ACCOMMODATION_1608646226947_40648cd4f07dfb1c?_src=imagekit&tr=c-at_max,h-100,q-40,w-100","https://ik.imagekit.io/tvlk/ugc-review/guys1L+Yyer9kzI3sp-pb0CG1j2bhflZGFUZOoIf1YOBAm37kEUOKR41ieUZm7ZJ/ugc-photo-ap-southeast-1-581603780057-acd24e232f75f09e/ACCOMMODATION/93371233_ACCOMMODATION_1608646226947_3b54779e8b0c9bee?_src=imagekit&tr=c-at_max,h-100,q-40,w-100",,,,,,,,,,,,,,,,,,
https://www.traveloka.com/id-id/user/review/consumption/HOTEL/GENERAL/3000010007143,4,6,"Liburan keluarga dengan 2 anak kecil, dikasih kamar dengan view tembok, kamar mandi masih kotor ada rambut-rambut, tidak akan pernah lagi menginap disini. Resepsionis tidak ramah.",Diulas 281 minggu lalu,"https://ik.imagekit.io/tvlk/ugc-review/guys1L+Yyer9kzI3sp-pb0CG1j2bhflZGFUZOoIf1YOBAm37kEUOKR41ieUZm7ZJ/ugc-photo-ap-southeast-1-581603780057-acd24e232f75f09e/ACCOMMODATION/10594847_ACCOMMODATION_1608361462407_10fab58ca4118d7d?_src=imagekit&tr=c-at_max,h-100,q-40,w-100",,,,,,,,,,,,,,,,,,,
https://www.traveloka.com/id-id/user/review/consumption/HOTEL/GENERAL/3000010007143,4,7,"Salah satu oleh lama di pangandaran, masih bisa menjaga kebersihan dan fasilitasnya masih bagus bagus, kolam renang bersih, kamar bersih, air panas nyala 24 jam dan stafnya ramah-ramah. Mobil dicuci, pokoknya nyaman.",Diulas 281 minggu lalu,"https://ik.imagekit.io/tvlk/ugc-review/guys1L+Yyer9kzI3sp-pb0CG1j2bhflZGFUZOoIf1YOBAm37kEUOKR41ieUZm7ZJ/ugc-photo-ap-southeast-1-581603780057-acd24e232f75f09e/ACCOMMODATION/13613477_ACCOMMODATION_1608343544569_0e6e6febbb3df63d?_src=imagekit&tr=c-at_max,h-100,q-40,w-100","https://ik.imagekit.io/tvlk/ugc-review/guys1L+Yyer9kzI3sp-pb0CG1j2bhflZGFUZOoIf1YOBAm37kEUOKR41ieUZm7ZJ/ugc-photo-ap-southeast-1-581603780057-acd24e232f75f09e/ACCOMMODATION/13613477_ACCOMMODATION_1608343544569_74ecd8d6ae033c2e?_src=imagekit&tr=c-at_max,h-100,q-40,w-100","https://ik.imagekit.io/tvlk/ugc-review/guys1L+Yyer9kzI3sp-pb0CG1j2bhflZGFUZOoIf1YOBAm37kEUOKR41ieUZm7ZJ/ugc-photo-ap-southeast-1-581603780057-acd24e232f75f09e/ACCOMMODATION/13613477_ACCOMMODATION_1608343544570_043b7a67bfd64ee5?_src=imagekit&tr=c-at_max,h-100,q-40,w-100",,,,,,,,,,,,,,,,,
https://www.traveloka.com/id-id/user/review/consumption/HOTEL/GENERAL/3000010007143,4,8,"Hotel keluarga yang menyenangkan. kamar besar, kolam renang besar. View laut.",Diulas 286 minggu lalu,"https://ik.imagekit.io/tvlk/ugc-review/guys1L+Yyer9kzI3sp-pb0CG1j2bhflZGFUZOoIf1YOBAm37kEUOKR41ieUZm7ZJ/ugc-photo-ap-southeast-1-581603780057-acd24e232f75f09e/ACCOMMODATION/74334925_ACCOMMODATION_1605085549807_d1fed809aa8ebbc6?_src=imagekit&tr=c-at_max,h-100,q-40,w-100","https://ik.imagekit.io/tvlk/ugc-review/guys1L+Yyer9kzI3sp-pb0CG1j2bhflZGFUZOoIf1YOBAm37kEUOKR41ieUZm7ZJ/ugc-photo-ap-southeast-1-581603780057-acd24e232f75f09e/ACCOMMODATION/74334925_ACCOMMODATION_1605085549807_eeb96e6c5fc1dd32?_src=imagekit&tr=c-at_max,h-100,q-40,w-100",,,,,,,,,,,,,,,,,,
https://www.traveloka.com/id-id/user/review/consumption/HOTEL/GENERAL/3000010007143,4,9,"Akomodasi ini cocok banget untuk liburan keluarga. Kamarnya yang luas, ada kolam renangnya, depan hotel ada permainan untuk anak-anak, semuanya nyaman. Lokasinya juga strategis dekat pantai, di pinggir jalan ramai, dekat pasar dan dekat pantai timur. Keseluruhannya nyaman untuk berlibur dengan keluarga dan menginap disini. Terima kasih.",Diulas 288 minggu lalu,"https://ik.imagekit.io/tvlk/ugc-review/guys1L+Yyer9kzI3sp-pb0CG1j2bhflZGFUZOoIf1YOBAm37kEUOKR41ieUZm7ZJ/ugc-photo-ap-southeast-1-581603780057-acd24e232f75f09e/ACCOMMODATION/126767411_ACCOMMODATION_1604114235947_c04f35550425cbc4?_src=imagekit&tr=c-at_max,h-100,q-40,w-100","https://ik.imagekit.io/tvlk/ugc-review/guys1L+Yyer9kzI3sp-pb0CG1j2bhflZGFUZOoIf1YOBAm37kEUOKR41ieUZm7ZJ/ugc-photo-ap-southeast-1-581603780057-acd24e232f75f09e/ACCOMMODATION/126767411_ACCOMMODATION_1604114235947_68e6c3aa78a3fffa?_src=imagekit&tr=c-at_max,h-100,q-40,w-100","https://ik.imagekit.io/tvlk/ugc-review/guys1L+Yyer9kzI3sp-pb0CG1j2bhflZGFUZOoIf1YOBAm37kEUOKR41ieUZm7ZJ/ugc-photo-ap-southeast-1-581603780057-acd24e232f75f09e/ACCOMMODATION/126767411_ACCOMMODATION_1604114235948_2a779fc9d244888c?_src=imagekit&tr=c-at_max,h-100,q-40,w-100","https://ik.imagekit.io/tvlk/ugc-review/guys1L+Yyer9kzI3sp-pb0CG1j2bhflZGFUZOoIf1YOBAm37kEUOKR41ieUZm7ZJ/ugc-photo-ap-southeast-1-581603780057-acd24e232f75f09e/ACCOMMODATION/126767411_ACCOMMODATION_1604114235948_19e1e15575c84ac9?_src=imagekit&tr=c-at_max,h-100,q-40,w-100",,,,,,,,,,,,,,,,
https://www.traveloka.com/id-id/user/review/consumption/HOTEL/GENERAL/3000010007143,4,10,Sangat recommended. Pelayanan semua staf ramah kamar bersih rapi harum kalau stay lebih dari 1 hari kamar di make up dan juga bisa berenang sampai jam 12 malam di kolam relam relam relaw relal renang renang renang kesini kini kesini kamar nyaman di hotel samapi jam 1 1 m mal mal malam di kolam di kolam di tapi staf dipali sole role rote sebali semima samapi sekolor oke.,Diulas 293 minggu lalu,"https://ik.imagekit.io/tvlk/ugc-review/guys1L+Yyer9kzI3sp-pb0CG1j2bhflZGFUZOoIf1YOBAm37kEUOKR41ieUZm7ZJ/ugc-photo-ap-southeast-1-581603780057-acd24e232f75f09e/ACCOMMODATION/60358830_ACCOMMODATION_1600907755934_9d72559d98127d63?_src=imagekit&tr=c-at_max,h-100,q-40,w-100","https://ik.imagekit.io/tvlk/ugc-review/guys1L+Yyer9kzI3sp-pb0CG1j2bhflZGFUZOoIf1YOBAm37kEUOKR41ieUZm7ZJ/ugc-photo-ap-southeast-1-581603780057-acd24e232f75f09e/ACCOMMODATION/60358830_ACCOMMODATION_1600907755935_e097fa75ce6fb952?_src=imagekit&tr=c-at_max,h-100,q-40,w-100",,,,,,,,,,,,,,,,,,
https://www.traveloka.com/id-id/user/review/consumption/HOTEL/GENERAL/3000010007143,4,11,"Tempat bersih, fasilitas lengkap.",Diulas 295 minggu lalu,"https://ik.imagekit.io/tvlk/ugc-review/guys1L+Yyer9kzI3sp-pb0CG1j2bhflZGFUZOoIf1YOBAm37kEUOKR41ieUZm7ZJ/ugc-photo-ap-southeast-1-581603780057-acd24e232f75f09e/ACCOMMODATION/150448491_ACCOMMODATION_1600193924195_24b5f05ceddaa0b4?_src=imagekit&tr=c-at_max,h-100,q-40,w-100",,,,,,,,,,,,,,,,,,,
https://www.traveloka.com/id-id/user/review/consumption/HOTEL/GENERAL/3000010007143,4,12,"lokasi nya dekat dg pantai, dapat kamar yg view nya ke laut dan kolamrenang jugaa pengalaman yg luar biasa",Diulas 295 minggu lalu,"https://ik.imagekit.io/tvlk/ugc-review/guys1L+Yyer9kzI3sp-pb0CG1j2bhflZGFUZOoIf1YOBAm37kEUOKR41ieUZm7ZJ/ugc-photo-ap-southeast-1-581603780057-acd24e232f75f09e/ACCOMMODATION/174792299_ACCOMMODATION_1599960635358_a917826458eee650?_src=imagekit&tr=c-at_max,h-100,q-40,w-100",,,,,,,,,,,,,,,,,,,
https://www.traveloka.com/id-id/user/review/consumption/HOTEL/GENERAL/3000010007143,4,13,"Kebersihan kamar buruk, special request sudah sangat jelas tertulis tetapi resepsionis bilang tidak ada special request jadi kurang nyaman tinggal disini.",Diulas 297 minggu lalu,"https://ik.imagekit.io/tvlk/ugc-review/guys1L+Yyer9kzI3sp-pb0CG1j2bhflZGFUZOoIf1YOBAm37kEUOKR41ieUZm7ZJ/ugc-photo-ap-southeast-1-581603780057-acd24e232f75f09e/ACCOMMODATION/5189771_ACCOMMODATION_1598765628368_6f2c1a570c1002c9?_src=imagekit&tr=c-at_max,h-100,q-40,w-100","https://ik.imagekit.io/tvlk/ugc-review/guys1L+Yyer9kzI3sp-pb0CG1j2bhflZGFUZOoIf1YOBAm37kEUOKR41ieUZm7ZJ/ugc-photo-ap-southeast-1-581603780057-acd24e232f75f09e/ACCOMMODATION/5189771_ACCOMMODATION_1598765628368_4de1c9055e640ccb?_src=imagekit&tr=c-at_max,h-100,q-40,w-100","https://ik.imagekit.io/tvlk/ugc-review/guys1L+Yyer9kzI3sp-pb0CG1j2bhflZGFUZOoIf1YOBAm37kEUOKR41ieUZm7ZJ/ugc-photo-ap-southeast-1-581603780057-acd24e232f75f09e/ACCOMMODATION/5189771_ACCOMMODATION_1598765628369_1bbcbb844cf7367c?_src=imagekit&tr=c-at_max,h-100,q-40,w-100",,,,,,,,,,,,,,,,,
https://www.traveloka.com/id-id/user/review/consumption/HOTEL/GENERAL/3000010007143,4,14,"Nyaman sekali hotelnya tidak terlalu ramai juga jadi bisa istirahat dengan nyaman, lokasi juga dekat dengan pantai, bersih dan pelayanan ramah sekali, Menu makanannya juga banyak, semoga lain waktu bisa kesini lagi.",Diulas 299 minggu lalu,"https://ik.imagekit.io/tvlk/ugc-review/guys1L+Yyer9kzI3sp-pb0CG1j2bhflZGFUZOoIf1YOBAm37kEUOKR41ieUZm7ZJ/ugc-photo-ap-southeast-1-581603780057-acd24e232f75f09e/ACCOMMODATION/163233258_ACCOMMODATION_1597749374632_934eda572f5ff500?_src=imagekit&tr=c-at_max,h-100,q-40,w-100",,,,,,,,,,,,,,,,,,,
https://www.traveloka.com/id-id/user/review/consumption/HOTEL/GENERAL/3000010007143,4,15,"Lokasi hotel strategis, tinggal jalan dikit sampai di pantai barat. Hanya saja untuk ukuran hotel bintang 3 tak ada fasilitas sendal dan air minum yang hanya air kemasan botol saja, terus di kamarnya. 4. banyak nyamuk. Untuk breakfastnya kurang variatif dan karyawan hotel yang meng alaskan. Menginap di hotel ini pertama kali karena hotel biasa saya menginap sudah full.",Diulas 303 minggu lalu,"https://ik.imagekit.io/tvlk/ugc-review/guys1L+Yyer9kzI3sp-pb0CG1j2bhflZGFUZOoIf1YOBAm37kEUOKR41ieUZm7ZJ/ugc-photo-ap-southeast-1-581603780057-acd24e232f75f09e/ACCOMMODATION/23258966_ACCOMMODATION_1595136987024_9f9b44a0e4ba869f?_src=imagekit&tr=c-at_max,h-100,q-40,w-100","https://ik.imagekit.io/tvlk/ugc-review/guys1L+Yyer9kzI3sp-pb0CG1j2bhflZGFUZOoIf1YOBAm37kEUOKR41ieUZm7ZJ/ugc-photo-ap-southeast-1-581603780057-acd24e232f75f09e/ACCOMMODATION/23258966_ACCOMMODATION_1595136987024_f94ad5cbebe33072?_src=imagekit&tr=c-at_max,h-100,q-40,w-100",,,,,,,,,,,,,,,,,,
https://www.traveloka.com/id-id/user/review/consumption/HOTEL/GENERAL/3000010007143,4,16,"kamar tidur junior besar, cocok untuk keluarga besar, pemandangan ganda, ke kolam renang dan ke jalan, di mana laut hanya accros jalan. keramahan yang baik, sarapan sangat baik, dengan pilihan makanan terbatas, tapi rasanya enak. ACnya dingin, dan shower air panasnya bagus. lokasi sangat bagus, tidak jauh dari pantai timur, dan pantai barat hanya accros jalan.",Diulas 303 minggu lalu,"https://ik.imagekit.io/tvlk/ugc-review/guys1L+Yyer9kzI3sp-pb0CG1j2bhflZGFUZOoIf1YOBAm37kEUOKR41ieUZm7ZJ/ugc-photo-ap-southeast-1-581603780057-acd24e232f75f09e/ACCOMMODATION/12485571_ACCOMMODATION_1594552965861_1e6c13df59950369?_src=imagekit&tr=c-at_max,h-100,q-40,w-100","https://ik.imagekit.io/tvlk/ugc-review/guys1L+Yyer9kzI3sp-pb0CG1j2bhflZGFUZOoIf1YOBAm37kEUOKR41ieUZm7ZJ/ugc-photo-ap-southeast-1-581603780057-acd24e232f75f09e/ACCOMMODATION/12485571_ACCOMMODATION_1594552965861_551c683076bedb7d?_src=imagekit&tr=c-at_max,h-100,q-40,w-100",,,,,,,,,,,,,,,,,,
https://www.traveloka.com/id-id/user/review/consumption/HOTEL/GENERAL/3000010007143,4,17,"Hotel favorite orangtua saya, setiap ke pangandaran pasti menginap disini. Saya pesan 2 kamar junior suite ada connecting door, kamar depan restoran & swimming semuanya ok thx.",Diulas 304 minggu lalu,"https://ik.imagekit.io/tvlk/ugc-review/guys1L+Yyer9kzI3sp-pb0CG1j2bhflZGFUZOoIf1YOBAm37kEUOKR41ieUZm7ZJ/ugc-photo-ap-southeast-1-581603780057-acd24e232f75f09e/ACCOMMODATION/1875737_ACCOMMODATION_1594341159573_acd3f3b548c3405d?_src=imagekit&tr=c-at_max,h-100,q-40,w-100",,,,,,,,,,,,,,,,,,,
https://www.traveloka.com/id-id/user/review/consumption/HOTEL/GENERAL/3000010007143,4,18,Hotel ini hotel yang sangat pas untuk kalian yang berencana untuk berbulan madu.,Diulas 305 minggu lalu,"https://ik.imagekit.io/tvlk/ugc-review/guys1L+Yyer9kzI3sp-pb0CG1j2bhflZGFUZOoIf1YOBAm37kEUOKR41ieUZm7ZJ/ugc-photo-ap-southeast-1-581603780057-acd24e232f75f09e/ACCOMMODATION/16709496_ACCOMMODATION_1593781453748_a472e90fde623dc7?_src=imagekit&tr=c-at_max,h-100,q-40,w-100",,,,,,,,,,,,,,,,,,,
https://www.traveloka.com/id-id/user/review/consumption/HOTEL/GENERAL/3000010007143,4,19,Menyenangkan menginap disini puas pokoknya😍,Diulas 321 minggu lalu,"https://ik.imagekit.io/tvlk/ugc-review/guys1L+Yyer9kzI3sp-pb0CG1j2bhflZGFUZOoIf1YOBAm37kEUOKR41ieUZm7ZJ/ugc-photo-ap-southeast-1-581603780057-acd24e232f75f09e/ACCOMMODATION/64984713_ACCOMMODATION_1584264479608_40e3b6c507341578?_src=imagekit&tr=c-at_max,h-100,q-40,w-100",,,,,,,,,,,,,,,,,,,
https://www.traveloka.com/id-id/user/review/consumption/HOTEL/GENERAL/3000010007143,4,20,"Mamah saya suka sekali dengan kamarnya depan belakang ada balkon, luas. makananya juga enak, Cuma kurangnya kamar mandinya agak bau mungkin harus diberi wewangian.",Diulas 323 minggu lalu,,,,,,,,,,,,,,,,,,,,
https://www.traveloka.com/id-id/user/review/consumption/HOTEL/GENERAL/3000010007143,5,1,"Sempat ada miskomunimasi dengan pihak hotel, karena request connecting room yang saya minta tibatiba tidak ada di notes. Tapi pihak hotel mau bertanggung jawab dan mengusahkan request yang sudah saya minta 3 minggu sebelum kedatangan. Good job buat 2 mbak resepsionis yang jaga.",Diulas 327 minggu lalu,"https://ik.imagekit.io/tvlk/ugc-review/guys1L+Yyer9kzI3sp-pb0CG1j2bhflZGFUZOoIf1YOBAm37kEUOKR41ieUZm7ZJ/ugc-photo-ap-southeast-1-581603780057-acd24e232f75f09e/ACCOMMODATION/18525269_ACCOMMODATION_1580715043729_2c80fa15ea9459e4?_src=imagekit&tr=c-at_max,h-100,q-40,w-100","https://ik.imagekit.io/tvlk/ugc-review/guys1L+Yyer9kzI3sp-pb0CG1j2bhflZGFUZOoIf1YOBAm37kEUOKR41ieUZm7ZJ/ugc-photo-ap-southeast-1-581603780057-acd24e232f75f09e/ACCOMMODATION/18525269_ACCOMMODATION_1580715043729_ff8b5a92c4c81dd9?_src=imagekit&tr=c-at_max,h-100,q-40,w-100",,,,,,,,,,,,,,,,,,
https://www.traveloka.com/id-id/user/review/consumption/HOTEL/GENERAL/3000010007143,5,2,"Pengalaman saya menginap di suranya kencana mantap banget sih selain tempatnya strategis depan pinggir pantai dan kamar pemandangannya langsung ke pantai, Petugasnya ramah-ramah terus barang bawaan di bawakan pula disamparkan sampai mobil, terus makanannya juga oke lah enak, Kamar bersih dan kolam renangnya juga bersih sayang cuma satu malam menginapnya niatnya 2 hari karena hari berikutnya penuh hiks mantap pokoknya surya kencana👍🏻",Diulas 328 minggu lalu,"https://ik.imagekit.io/tvlk/ugc-review/guys1L+Yyer9kzI3sp-pb0CG1j2bhflZGFUZOoIf1YOBAm37kEUOKR41ieUZm7ZJ/ugc-photo-ap-southeast-1-581603780057-acd24e232f75f09e/ACCOMMODATION/23863338_ACCOMMODATION_1580202351180_d39d3e5c83064841?_src=imagekit&tr=c-at_max,h-100,q-40,w-100",,,,,,,,,,,,,,,,,,,
https://www.traveloka.com/id-id/user/review/consumption/HOTEL/GENERAL/3000010007143,5,3,"Kamar lumayan luas, tempat tidur twin tapi kasur lumayan besar bisa disatukan pula. dadi lebih leluasa buat kau yang menginap ber 3 sama anak. Hotelnya dekat dengan pantai dan ada kolam renangnya, pokoknya asyik lah menginap disini.",Diulas 329 minggu lalu,"https://ik.imagekit.io/tvlk/ugc-review/guys1L+Yyer9kzI3sp-pb0CG1j2bhflZGFUZOoIf1YOBAm37kEUOKR41ieUZm7ZJ/ugc-photo-ap-southeast-1-581603780057-acd24e232f75f09e/ACCOMMODATION/116735281_ACCOMMODATION_1578099506812_9051d22b8128e656?_src=imagekit&tr=c-at_max,h-100,q-40,w-100","https://ik.imagekit.io/tvlk/ugc-review/guys1L+Yyer9kzI3sp-pb0CG1j2bhflZGFUZOoIf1YOBAm37kEUOKR41ieUZm7ZJ/ugc-photo-ap-southeast-1-581603780057-acd24e232f75f09e/ACCOMMODATION/116735281_ACCOMMODATION_1578099506812_7c21e59b352b6938?_src=imagekit&tr=c-at_max,h-100,q-40,w-100",,,,,,,,,,,,,,,,,,
https://www.traveloka.com/id-id/user/review/consumption/HOTEL/GENERAL/3000010007143,5,4,"Menyenangkan, hotel fovorite, kalau ke pangandaran selalu menginap disini. Mudah mudahan harga selalu stabil tidak naik.",Diulas 329 minggu lalu,"https://ik.imagekit.io/tvlk/ugc-review/guys1L+Yyer9kzI3sp-pb0CG1j2bhflZGFUZOoIf1YOBAm37kEUOKR41ieUZm7ZJ/ugc-photo-ap-southeast-1-581603780057-acd24e232f75f09e/ACCOMMODATION/25140596_ACCOMMODATION_1579064178006_a0a74173fd27a10e?_src=imagekit&tr=c-at_max,h-100,q-40,w-100",,,,,,,,,,,,,,,,,,,
https://www.traveloka.com/id-id/user/review/consumption/HOTEL/GENERAL/3000010007143,5,5,"Ini pengalaman pertama saya menginap di hotel ini. Sangat direkomendasikan! Saya memesan kamar junior suite, dan memiliki 2 balkon yang merupakan pemandangan kolam renang dan pemandangan laut. Kamar luas dan sangat bersih terutama kamar mandi. Staf juga ramah dan membantu. Setiap kali lantai basah, staf selalu berdiri di sana untuk membersihkannya. Saya sarankan Anda untuk mencoba ‘mie baso’ di tempat parkir, katanya sudah ada di sana selama bertahun-tahun. Pasti akan menginap di hotel ini lagi",Diulas 331 minggu lalu,"https://ik.imagekit.io/tvlk/ugc-review/guys1L+Yyer9kzI3sp-pb0CG1j2bhflZGFUZOoIf1YOBAm37kEUOKR41ieUZm7ZJ/ugc-photo-ap-southeast-1-581603780057-acd24e232f75f09e/ACCOMMODATION/144162367_ACCOMMODATION_1578241667916_2c2ed52f38b3f14a?_src=imagekit&tr=c-at_max,h-100,q-40,w-100","https://ik.imagekit.io/tvlk/ugc-review/guys1L+Yyer9kzI3sp-pb0CG1j2bhflZGFUZOoIf1YOBAm37kEUOKR41ieUZm7ZJ/ugc-photo-ap-southeast-1-581603780057-acd24e232f75f09e/ACCOMMODATION/144162367_ACCOMMODATION_1578241667916_de824242a1c8ad29?_src=imagekit&tr=c-at_max,h-100,q-40,w-100","https://ik.imagekit.io/tvlk/ugc-review/guys1L+Yyer9kzI3sp-pb0CG1j2bhflZGFUZOoIf1YOBAm37kEUOKR41ieUZm7ZJ/ugc-photo-ap-southeast-1-581603780057-acd24e232f75f09e/ACCOMMODATION/144162367_ACCOMMODATION_1578241667917_998a12f1fd622c92?_src=imagekit&tr=c-at_max,h-100,q-40,w-100","https://ik.imagekit.io/tvlk/ugc-review/guys1L+Yyer9kzI3sp-pb0CG1j2bhflZGFUZOoIf1YOBAm37kEUOKR41ieUZm7ZJ/ugc-photo-ap-southeast-1-581603780057-acd24e232f75f09e/ACCOMMODATION/144162367_ACCOMMODATION_1578243099393_d7294004add7dc00?_src=imagekit&tr=c-at_max,h-100,q-40,w-100",,,,,,,,,,,,,,,,
https://www.traveloka.com/id-id/user/review/consumption/HOTEL/GENERAL/3000010007143,5,6,Kemarin kita menginap di suite room. kamarnya bagus banget. lokasi depan pantai. oke banget. kamar bersih harum. breakfast lumayan.,Diulas 331 minggu lalu,"https://ik.imagekit.io/tvlk/ugc-review/guys1L+Yyer9kzI3sp-pb0CG1j2bhflZGFUZOoIf1YOBAm37kEUOKR41ieUZm7ZJ/ugc-photo-ap-southeast-1-581603780057-acd24e232f75f09e/ACCOMMODATION/22683718_ACCOMMODATION_1578054651227_abe807f59c5b0098?_src=imagekit&tr=c-at_max,h-100,q-40,w-100","https://ik.imagekit.io/tvlk/ugc-review/guys1L+Yyer9kzI3sp-pb0CG1j2bhflZGFUZOoIf1YOBAm37kEUOKR41ieUZm7ZJ/ugc-photo-ap-southeast-1-581603780057-acd24e232f75f09e/ACCOMMODATION/22683718_ACCOMMODATION_1578054651227_5bf19f986f153008?_src=imagekit&tr=c-at_max,h-100,q-40,w-100",,,,,,,,,,,,,,,,,,
https://www.traveloka.com/id-id/user/review/consumption/HOTEL/GENERAL/3000010007143,5,7,"Hotel yang ramah keluarga, kamar luas, kolam renang besar, sarapan enak.",Diulas 332 minggu lalu,"https://ik.imagekit.io/tvlk/ugc-review/guys1L+Yyer9kzI3sp-pb0CG1j2bhflZGFUZOoIf1YOBAm37kEUOKR41ieUZm7ZJ/ugc-photo-ap-southeast-1-581603780057-acd24e232f75f09e/ACCOMMODATION/74334925_ACCOMMODATION_1577272678447_1e7374c694270d69?_src=imagekit&tr=c-at_max,h-100,q-40,w-100","https://ik.imagekit.io/tvlk/ugc-review/guys1L+Yyer9kzI3sp-pb0CG1j2bhflZGFUZOoIf1YOBAm37kEUOKR41ieUZm7ZJ/ugc-photo-ap-southeast-1-581603780057-acd24e232f75f09e/ACCOMMODATION/74334925_ACCOMMODATION_1577272678447_4a02f6d8f4b7197a?_src=imagekit&tr=c-at_max,h-100,q-40,w-100",,,,,,,,,,,,,,,,,,
https://www.traveloka.com/id-id/user/review/consumption/HOTEL/GENERAL/3000010007143,5,8,"Tempatnya nyaman, pesan 3 kamar 2 kamar AC oke 1 kamar AC kurang berasa.",Diulas 332 minggu lalu,"https://ik.imagekit.io/tvlk/ugc-review/guys1L+Yyer9kzI3sp-pb0CG1j2bhflZGFUZOoIf1YOBAm37kEUOKR41ieUZm7ZJ/ugc-photo-ap-southeast-1-581603780057-acd24e232f75f09e/ACCOMMODATION/115641664_ACCOMMODATION_1577415838322_a919808339adafcc?_src=imagekit&tr=c-at_max,h-100,q-40,w-100","https://ik.imagekit.io/tvlk/ugc-review/guys1L+Yyer9kzI3sp-pb0CG1j2bhflZGFUZOoIf1YOBAm37kEUOKR41ieUZm7ZJ/ugc-photo-ap-southeast-1-581603780057-acd24e232f75f09e/ACCOMMODATION/115641664_ACCOMMODATION_1577415838323_1b113ead2d0a4654?_src=imagekit&tr=c-at_max,h-100,q-40,w-100",,,,,,,,,,,,,,,,,,
https://www.traveloka.com/id-id/user/review/consumption/HOTEL/GENERAL/3000010007143,5,9,"Hotelnya strategis, pelayanannya baik, makanannya banyak, kolam renangnya enak banget kosong jadi serasa milik pribadi. Pengen balik lagi ke sana.",Diulas 333 minggu lalu,"https://ik.imagekit.io/tvlk/ugc-review/guys1L+Yyer9kzI3sp-pb0CG1j2bhflZGFUZOoIf1YOBAm37kEUOKR41ieUZm7ZJ/ugc-photo-ap-southeast-1-581603780057-acd24e232f75f09e/ACCOMMODATION/22608212_ACCOMMODATION_1576817808903_e10c8d0f79ef4d6f?_src=imagekit&tr=c-at_max,h-100,q-40,w-100","https://ik.imagekit.io/tvlk/ugc-review/guys1L+Yyer9kzI3sp-pb0CG1j2bhflZGFUZOoIf1YOBAm37kEUOKR41ieUZm7ZJ/ugc-photo-ap-southeast-1-581603780057-acd24e232f75f09e/ACCOMMODATION/22608212_ACCOMMODATION_1576817808903_08e1a2afde2b03db?_src=imagekit&tr=c-at_max,h-100,q-40,w-100",,,,,,,,,,,,,,,,,,
https://www.traveloka.com/id-id/user/review/consumption/HOTEL/GENERAL/3000010007143,5,10,"Kamar bersih rapi. Fasilitas ada lemari es, shower panas dan dingin, WiFi agak lemot, kattle dan TV. Tapi sayang balkonnya ditutupi pohon. Ga ada sandal dan parkiran sempit.",Diulas 334 minggu lalu,"https://ik.imagekit.io/tvlk/ugc-review/guys1L+Yyer9kzI3sp-pb0CG1j2bhflZGFUZOoIf1YOBAm37kEUOKR41ieUZm7ZJ/ugc-photo-ap-southeast-1-581603780057-acd24e232f75f09e/ACCOMMODATION/74326606_ACCOMMODATION_1576606129666_7412ef4c1d947c64?_src=imagekit&tr=c-at_max,h-100,q-40,w-100","https://ik.imagekit.io/tvlk/ugc-review/guys1L+Yyer9kzI3sp-pb0CG1j2bhflZGFUZOoIf1YOBAm37kEUOKR41ieUZm7ZJ/ugc-photo-ap-southeast-1-581603780057-acd24e232f75f09e/ACCOMMODATION/74326606_ACCOMMODATION_1576606129666_b10acf745ef81e8d?_src=imagekit&tr=c-at_max,h-100,q-40,w-100","https://ik.imagekit.io/tvlk/ugc-review/guys1L+Yyer9kzI3sp-pb0CG1j2bhflZGFUZOoIf1YOBAm37kEUOKR41ieUZm7ZJ/ugc-photo-ap-southeast-1-581603780057-acd24e232f75f09e/ACCOMMODATION/74326606_ACCOMMODATION_1576606129666_fb2b308637f967fd?_src=imagekit&tr=c-at_max,h-100,q-40,w-100","https://ik.imagekit.io/tvlk/ugc-review/guys1L+Yyer9kzI3sp-pb0CG1j2bhflZGFUZOoIf1YOBAm37kEUOKR41ieUZm7ZJ/ugc-photo-ap-southeast-1-581603780057-acd24e232f75f09e/ACCOMMODATION/74326606_ACCOMMODATION_1576606129666_d17f0a5b261686ff?_src=imagekit&tr=c-at_max,h-100,q-40,w-100",,,,,,,,,,,,,,,,
https://www.traveloka.com/id-id/user/review/consumption/HOTEL/GENERAL/3000010007143,5,11,"Kamarnya luas, dan bersih, sarapannya lumayan lengkap dan enak.",Diulas 335 minggu lalu,"https://ik.imagekit.io/tvlk/ugc-review/guys1L+Yyer9kzI3sp-pb0CG1j2bhflZGFUZOoIf1YOBAm37kEUOKR41ieUZm7ZJ/ugc-photo-ap-southeast-1-581603780057-acd24e232f75f09e/ACCOMMODATION/152089020_ACCOMMODATION_1575471378699_de1310396fecb9c4?_src=imagekit&tr=c-at_max,h-100,q-40,w-100",,,,,,,,,,,,,,,,,,,
https://www.traveloka.com/id-id/user/review/consumption/HOTEL/GENERAL/3000010007143,5,12,Akomodasi yang sangat cocok untuk liburan bersama keluarga atau pasangan. Recommended!,Diulas 336 minggu lalu,"https://ik.imagekit.io/tvlk/ugc-review/guys1L+Yyer9kzI3sp-pb0CG1j2bhflZGFUZOoIf1YOBAm37kEUOKR41ieUZm7ZJ/ugc-photo-ap-southeast-1-581603780057-acd24e232f75f09e/ACCOMMODATION/4186611_ACCOMMODATION_1575086301153_83a3980c2d6f7ba1?_src=imagekit&tr=c-at_max,h-100,q-40,w-100",,,,,,,,,,,,,,,,,,,
https://www.traveloka.com/id-id/user/review/consumption/HOTEL/GENERAL/3000010007143,5,13,"Hotelnya sesuai ekspektasi, liburan keluarga jadi sangat menyenangkan, viewnya pas ke pantai so beautiful, anak2 bisa berenang dipantai dan di kolam renang sepuasnya serasa di rumah sendiri, masukan sedikit tempat parkir mobilnya agak kurang sehingga kena kotoran burung tapi overall sip, cuman sayang juga waktu liburannya terbatas, terima kasih surya kencana, terima kasih Traveloka",Diulas 336 minggu lalu,"https://ik.imagekit.io/tvlk/ugc-review/guys1L+Yyer9kzI3sp-pb0CG1j2bhflZGFUZOoIf1YOBAm37kEUOKR41ieUZm7ZJ/ugc-photo-ap-southeast-1-581603780057-acd24e232f75f09e/ACCOMMODATION/0_ACCOMMODATION_1574947686499_9620f4417a4a82f9?_src=imagekit&tr=c-at_max,h-100,q-40,w-100","https://ik.imagekit.io/tvlk/ugc-review/guys1L+Yyer9kzI3sp-pb0CG1j2bhflZGFUZOoIf1YOBAm37kEUOKR41ieUZm7ZJ/ugc-photo-ap-southeast-1-581603780057-acd24e232f75f09e/ACCOMMODATION/0_ACCOMMODATION_1574947659424_c9f70ffdd1cc8f2e?_src=imagekit&tr=c-at_max,h-100,q-40,w-100",,,,,,,,,,,,,,,,,,
https://www.traveloka.com/id-id/user/review/consumption/HOTEL/GENERAL/3000010007143,5,14,"cukup bersih, pelayanan semua ok,cpt tanggap, dkt bngt dgn pantai, swimming pool lumayan bersih juga, untuk breakfast juga makanan enk,nasi gurihnya sy suka SM pisang gorengnya,thanks Traveloka n Surya kencana seaside hotel.",Diulas 337 minggu lalu,"https://ik.imagekit.io/tvlk/ugc-review/guys1L+Yyer9kzI3sp-pb0CG1j2bhflZGFUZOoIf1YOBAm37kEUOKR41ieUZm7ZJ/ugc-photo-ap-southeast-1-581603780057-acd24e232f75f09e/ACCOMMODATION/15111235_ACCOMMODATION_1574761476047_150865e130a2e4d3?_src=imagekit&tr=c-at_max,h-100,q-40,w-100","https://ik.imagekit.io/tvlk/ugc-review/guys1L+Yyer9kzI3sp-pb0CG1j2bhflZGFUZOoIf1YOBAm37kEUOKR41ieUZm7ZJ/ugc-photo-ap-southeast-1-581603780057-acd24e232f75f09e/ACCOMMODATION/15111235_ACCOMMODATION_1574761476047_6b8c6dc16852050f?_src=imagekit&tr=c-at_max,h-100,q-40,w-100","https://ik.imagekit.io/tvlk/ugc-review/guys1L+Yyer9kzI3sp-pb0CG1j2bhflZGFUZOoIf1YOBAm37kEUOKR41ieUZm7ZJ/ugc-photo-ap-southeast-1-581603780057-acd24e232f75f09e/ACCOMMODATION/15111235_ACCOMMODATION_1574761476048_da395d0dd9f90f50?_src=imagekit&tr=c-at_max,h-100,q-40,w-100",,,,,,,,,,,,,,,,,
https://www.traveloka.com/id-id/user/review/consumption/HOTEL/GENERAL/3000010007143,5,15,Senang banget menginap di sini. Belum waktunya check-in tapi sudah boleh masuk kamar. Dan lagi capek-capeknya perjalanan. Baik banget. Sarapan pagi enak banget. Walaupun agak rebutan sama pengunjung lain karena penuh banget.,Diulas 337 minggu lalu,"https://ik.imagekit.io/tvlk/ugc-review/guys1L+Yyer9kzI3sp-pb0CG1j2bhflZGFUZOoIf1YOBAm37kEUOKR41ieUZm7ZJ/ugc-photo-ap-southeast-1-581603780057-acd24e232f75f09e/ACCOMMODATION/15562095_ACCOMMODATION_1574670889842_2f16940aca7f1453?_src=imagekit&tr=c-at_max,h-100,q-40,w-100","https://ik.imagekit.io/tvlk/ugc-review/guys1L+Yyer9kzI3sp-pb0CG1j2bhflZGFUZOoIf1YOBAm37kEUOKR41ieUZm7ZJ/ugc-photo-ap-southeast-1-581603780057-acd24e232f75f09e/ACCOMMODATION/15562095_ACCOMMODATION_1574670889842_5fe88bee4772aaa1?_src=imagekit&tr=c-at_max,h-100,q-40,w-100",,,,,,,,,,,,,,,,,,
https://www.traveloka.com/id-id/user/review/consumption/HOTEL/GENERAL/3000010007143,5,16,"Kecewa AC-nya tidak dingin sudah berulang ulang komplain tapi AC tetap mati mati dan tidak dingin baru bisa terasa dingin saat malam dan tanpa mati mau mau mau mau mau makaiman makai ma. Fasilitas dan tempat oke banget, dekat dengan pantai.",Diulas 337 minggu lalu,"https://ik.imagekit.io/tvlk/ugc-review/guys1L+Yyer9kzI3sp-pb0CG1j2bhflZGFUZOoIf1YOBAm37kEUOKR41ieUZm7ZJ/ugc-photo-ap-southeast-1-581603780057-acd24e232f75f09e/ACCOMMODATION/21201696_ACCOMMODATION_1574205400083_68663fe56e24c8cc?_src=imagekit&tr=c-at_max,h-100,q-40,w-100",,,,,,,,,,,,,,,,,,,
https://www.traveloka.com/id-id/user/review/consumption/HOTEL/GENERAL/3000010007143,5,17,"Alhamdulilah, senang menginap di surya kencana, ramah-ramah karyawannya, tempatnya bersih dan rapi.",Diulas 338 minggu lalu,"https://ik.imagekit.io/tvlk/ugc-review/guys1L+Yyer9kzI3sp-pb0CG1j2bhflZGFUZOoIf1YOBAm37kEUOKR41ieUZm7ZJ/ugc-photo-ap-southeast-1-581603780057-acd24e232f75f09e/ACCOMMODATION/143451624_ACCOMMODATION_1574072211161_617c4c2b6fe5b41e?_src=imagekit&tr=c-at_max,h-100,q-40,w-100","https://ik.imagekit.io/tvlk/ugc-review/guys1L+Yyer9kzI3sp-pb0CG1j2bhflZGFUZOoIf1YOBAm37kEUOKR41ieUZm7ZJ/ugc-photo-ap-southeast-1-581603780057-acd24e232f75f09e/ACCOMMODATION/143451624_ACCOMMODATION_1574072211161_20935d2a59945981?_src=imagekit&tr=c-at_max,h-100,q-40,w-100",,,,,,,,,,,,,,,,,,
https://www.traveloka.com/id-id/user/review/consumption/HOTEL/GENERAL/3000010007143,5,18,"Lokasi bagus, staf bagus, pemandangan indah dari balkon. Kamar besar dengan 2 balkon (tipe kamar junior suite). Kamar mandi super bersih. Sarapan yang enak.",Diulas 339 minggu lalu,"https://ik.imagekit.io/tvlk/ugc-review/guys1L+Yyer9kzI3sp-pb0CG1j2bhflZGFUZOoIf1YOBAm37kEUOKR41ieUZm7ZJ/ugc-photo-ap-southeast-1-581603780057-acd24e232f75f09e/ACCOMMODATION/17258633_ACCOMMODATION_1573430469136_e48a6ade2802ae16?_src=imagekit&tr=c-at_max,h-100,q-40,w-100","https://ik.imagekit.io/tvlk/ugc-review/guys1L+Yyer9kzI3sp-pb0CG1j2bhflZGFUZOoIf1YOBAm37kEUOKR41ieUZm7ZJ/ugc-photo-ap-southeast-1-581603780057-acd24e232f75f09e/ACCOMMODATION/17258633_ACCOMMODATION_1573430469136_30c8cb6dc52e0188?_src=imagekit&tr=c-at_max,h-100,q-40,w-100","https://ik.imagekit.io/tvlk/ugc-review/guys1L+Yyer9kzI3sp-pb0CG1j2bhflZGFUZOoIf1YOBAm37kEUOKR41ieUZm7ZJ/ugc-photo-ap-southeast-1-581603780057-acd24e232f75f09e/ACCOMMODATION/17258633_ACCOMMODATION_1573430469137_cabd4f623c325292?_src=imagekit&tr=c-at_max,h-100,q-40,w-100","https://ik.imagekit.io/tvlk/ugc-review/guys1L+Yyer9kzI3sp-pb0CG1j2bhflZGFUZOoIf1YOBAm37kEUOKR41ieUZm7ZJ/ugc-photo-ap-southeast-1-581603780057-acd24e232f75f09e/ACCOMMODATION/17258633_ACCOMMODATION_1573430469137_876ee09e44ec870e?_src=imagekit&tr=c-at_max,h-100,q-40,w-100",,,,,,,,,,,,,,,,
https://www.traveloka.com/id-id/user/review/consumption/HOTEL/GENERAL/3000010007143,5,19,"Semua staff nya ramah, dan helpfull harga yg rationable sarapan bagus dengan harga kamar yg murah, kolam renang sejuk karena banyak pepohonan di tepi2 nya",Diulas 340 minggu lalu,"https://ik.imagekit.io/tvlk/ugc-review/guys1L+Yyer9kzI3sp-pb0CG1j2bhflZGFUZOoIf1YOBAm37kEUOKR41ieUZm7ZJ/ugc-photo-ap-southeast-1-581603780057-acd24e232f75f09e/ACCOMMODATION/11911630_ACCOMMODATION_1572412598414_27694a709cd1f78f?_src=imagekit&tr=c-at_max,h-100,q-40,w-100",,,,,,,,,,,,,,,,,,,
https://www.traveloka.com/id-id/user/review/consumption/HOTEL/GENERAL/3000010007143,5,20,"Saya makan mie rebus biasa, mie rebus indomie 2 porsi. Harganya sangat fantastic, Rp. 35.000. Jadi 2 porsi indomie Rp 70.000. Saya sangat kagum.",Diulas 341 minggu lalu,"https://ik.imagekit.io/tvlk/ugc-review/guys1L+Yyer9kzI3sp-pb0CG1j2bhflZGFUZOoIf1YOBAm37kEUOKR41ieUZm7ZJ/ugc-photo-ap-southeast-1-581603780057-acd24e232f75f09e/ACCOMMODATION/140171819_ACCOMMODATION_1571706588213_f3ef5ae2d00ecff8?_src=imagekit&tr=c-at_max,h-100,q-40,w-100",,,,,,,,,,,,,,,,,,,
https://www.traveloka.com/id-id/user/review/consumption/HOTEL/GENERAL/3000010007143,6,1,"Kami memesan kamar junior family suite, kamarnya bersih dan nyaman. Balkon menghadap kolam renang dan pantai barat. menu sarapan cukup variatif, mulai dari nasi goreng, roti, hingga omelet. Pelayanan sangat baik dan memuaskan.",Diulas 341 minggu lalu,"https://ik.imagekit.io/tvlk/ugc-review/guys1L+Yyer9kzI3sp-pb0CG1j2bhflZGFUZOoIf1YOBAm37kEUOKR41ieUZm7ZJ/ugc-photo-ap-southeast-1-581603780057-acd24e232f75f09e/ACCOMMODATION/9641162_ACCOMMODATION_1572067569355_4bc21a28ec334e5a?_src=imagekit&tr=c-at_max,h-100,q-40,w-100",,,,,,,,,,,,,,,,,,,
https://www.traveloka.com/id-id/user/review/consumption/HOTEL/GENERAL/3000010007143,6,2,"Fasilitas sesuai yang dijelaskan di aplikasi, nyaman, indah, bersih, dan yang utama dekat pantai, cuma 1 saja kurangnya, tidak ada lift. Kamar lantai 3 lumayan cape apalagi gendong-gendong anak balita",Diulas 342 minggu lalu,"https://ik.imagekit.io/tvlk/ugc-review/guys1L+Yyer9kzI3sp-pb0CG1j2bhflZGFUZOoIf1YOBAm37kEUOKR41ieUZm7ZJ/ugc-photo-ap-southeast-1-581603780057-acd24e232f75f09e/ACCOMMODATION/19712483_ACCOMMODATION_1571528618136_991cddc9a53b63a9?_src=imagekit&tr=c-at_max,h-100,q-40,w-100",,,,,,,,,,,,,,,,,,,
https://www.traveloka.com/id-id/user/review/consumption/HOTEL/GENERAL/3000010007143,6,3,"Kali pertama menginap di surya kencana, kamarnya benar-benar di luar ekspektasi, luas banget dan sangat nyaman, lokasi hotel sangat dekat dengan pantai, tidak salah namanya surya kencana sea side hotel, karena memang dekat banget, kolam renangnya mantul pisan. Pokoknya puas menginap disini.",Diulas 343 minggu lalu,"https://ik.imagekit.io/tvlk/ugc-review/guys1L+Yyer9kzI3sp-pb0CG1j2bhflZGFUZOoIf1YOBAm37kEUOKR41ieUZm7ZJ/ugc-photo-ap-southeast-1-581603780057-acd24e232f75f09e/ACCOMMODATION/18329334_ACCOMMODATION_1571022227104_1a0a15b0b10e919e?_src=imagekit&tr=c-at_max,h-100,q-40,w-100",,,,,,,,,,,,,,,,,,,
https://www.traveloka.com/id-id/user/review/consumption/HOTEL/GENERAL/3000010007143,6,4,Menyenangkan untuk berkumpul bersama teman-teman maupun keluarga. kamar besar (junior suite). sarapan enak dan variasi banyak. Masukannya baiknya kamar dipel terlebih dahulu sebelum tamu masuk.,Diulas 343 minggu lalu,"https://ik.imagekit.io/tvlk/ugc-review/guys1L+Yyer9kzI3sp-pb0CG1j2bhflZGFUZOoIf1YOBAm37kEUOKR41ieUZm7ZJ/ugc-photo-ap-southeast-1-581603780057-acd24e232f75f09e/ACCOMMODATION/21732392_ACCOMMODATION_1570576100276_7a5cc5c1f30d15f6?_src=imagekit&tr=c-at_max,h-100,q-40,w-100",,,,,,,,,,,,,,,,,,,
https://www.traveloka.com/id-id/user/review/consumption/HOTEL/GENERAL/3000010007143,6,5,"Sangat cocok untuk tempat istirahat bersama keluarga, kamarnya nyaman, luas, rapi, staf ramah-ramah, bakal balik menginap di sini lagi deh kalau ke Pangandaran lagi!",Diulas 344 minggu lalu,"https://ik.imagekit.io/tvlk/ugc-review/guys1L+Yyer9kzI3sp-pb0CG1j2bhflZGFUZOoIf1YOBAm37kEUOKR41ieUZm7ZJ/ugc-photo-ap-southeast-1-581603780057-acd24e232f75f09e/ACCOMMODATION/21421217_ACCOMMODATION_1570361434467_045113ddc1b9af8a?_src=imagekit&tr=c-at_max,h-100,q-40,w-100",,,,,,,,,,,,,,,,,,,
https://www.traveloka.com/id-id/user/review/consumption/HOTEL/GENERAL/3000010007143,6,6,Hotelnya nyaman cuma tidak ada liftnya dapat kamar lantai 3 lumayan cape naik turun tangganya.,Diulas 346 minggu lalu,"https://ik.imagekit.io/tvlk/ugc-review/guys1L+Yyer9kzI3sp-pb0CG1j2bhflZGFUZOoIf1YOBAm37kEUOKR41ieUZm7ZJ/ugc-photo-ap-southeast-1-581603780057-acd24e232f75f09e/ACCOMMODATION/17877495_ACCOMMODATION_1569299000842_9271abf93eee1fc2?_src=imagekit&tr=c-at_max,h-100,q-40,w-100",,,,,,,,,,,,,,,,,,,
https://www.traveloka.com/id-id/user/review/consumption/HOTEL/GENERAL/3000010007143,6,7,"Pelayanannya kurang, seharusnya kita datang disambut dengan senyuman, ini kok malah pada cemberut. Hadehhh, ditambah pas pulang mobil jadi kotor, pelayannya cuek semua, tidak ada yang bersihin mobil. Kacau deh.",Diulas 346 minggu lalu,"https://ik.imagekit.io/tvlk/ugc-review/guys1L+Yyer9kzI3sp-pb0CG1j2bhflZGFUZOoIf1YOBAm37kEUOKR41ieUZm7ZJ/ugc-photo-ap-southeast-1-581603780057-acd24e232f75f09e/ACCOMMODATION/132884788_ACCOMMODATION_1568692081303_ac1f5464df2eefff?_src=imagekit&tr=c-at_max,h-100,q-40,w-100",,,,,,,,,,,,,,,,,,,
https://www.traveloka.com/id-id/user/review/consumption/HOTEL/GENERAL/3000010007143,6,8,"Kamar luas, kolam renangnya juara, sarapan standar, hotel yang nyaman.",Diulas 348 minggu lalu,"https://ik.imagekit.io/tvlk/ugc-review/guys1L+Yyer9kzI3sp-pb0CG1j2bhflZGFUZOoIf1YOBAm37kEUOKR41ieUZm7ZJ/ugc-photo-ap-southeast-1-581603780057-acd24e232f75f09e/ACCOMMODATION/74334925_ACCOMMODATION_1567943022116_bacd6e2c0af12876?_src=imagekit&tr=c-at_max,h-100,q-40,w-100","https://ik.imagekit.io/tvlk/ugc-review/guys1L+Yyer9kzI3sp-pb0CG1j2bhflZGFUZOoIf1YOBAm37kEUOKR41ieUZm7ZJ/ugc-photo-ap-southeast-1-581603780057-acd24e232f75f09e/ACCOMMODATION/74334925_ACCOMMODATION_1567943022116_a04f28ba2e6dccb3?_src=imagekit&tr=c-at_max,h-100,q-40,w-100",,,,,,,,,,,,,,,,,,
https://www.traveloka.com/id-id/user/review/consumption/HOTEL/GENERAL/3000010007143,6,9,"Hotel yang cocok untuk keluarga, pool nya juga nyaman buat anak dan dewasa berenang, ke pantai swimming area juga tinggal nyebrang, cuma buat kulineran agak jauh dari hotel so far so good kami puas liburan dan menginap di surya kencana 👍👍",Diulas 351 minggu lalu,"https://ik.imagekit.io/tvlk/ugc-review/guys1L+Yyer9kzI3sp-pb0CG1j2bhflZGFUZOoIf1YOBAm37kEUOKR41ieUZm7ZJ/ugc-photo-ap-southeast-1-581603780057-acd24e232f75f09e/ACCOMMODATION/20188669_ACCOMMODATION_1566209196138_e47dc3e5b5c7d374?_src=imagekit&tr=c-at_max,h-100,q-40,w-100","https://ik.imagekit.io/tvlk/ugc-review/guys1L+Yyer9kzI3sp-pb0CG1j2bhflZGFUZOoIf1YOBAm37kEUOKR41ieUZm7ZJ/ugc-photo-ap-southeast-1-581603780057-acd24e232f75f09e/ACCOMMODATION/20188669_ACCOMMODATION_1566209196139_4f2a23671fec0e87?_src=imagekit&tr=c-at_max,h-100,q-40,w-100","https://ik.imagekit.io/tvlk/ugc-review/guys1L+Yyer9kzI3sp-pb0CG1j2bhflZGFUZOoIf1YOBAm37kEUOKR41ieUZm7ZJ/ugc-photo-ap-southeast-1-581603780057-acd24e232f75f09e/ACCOMMODATION/20188669_ACCOMMODATION_1566209196139_445ff732ec1bbb7c?_src=imagekit&tr=c-at_max,h-100,q-40,w-100",,,,,,,,,,,,,,,,,
https://www.traveloka.com/id-id/user/review/consumption/HOTEL/GENERAL/3000010007143,6,10,"Kedua menginap di hotel ini, sangat menyukai Suasana, suka suasana musik di kolam renang. Kamarnya bersih dan rapi. staf sangat membantu, selalu tersenyum dan menyapa terutama 2 wanita dari kantor depan yang menangani check-in kami. Sayangnya, sarapan di hari kedua dilayani oleh ala carte karena hanya 4 kamar yang menginap pada periode itu, saya pikir",Diulas 352 minggu lalu,"https://ik.imagekit.io/tvlk/ugc-review/guys1L+Yyer9kzI3sp-pb0CG1j2bhflZGFUZOoIf1YOBAm37kEUOKR41ieUZm7ZJ/ugc-photo-ap-southeast-1-581603780057-acd24e232f75f09e/ACCOMMODATION/0_ACCOMMODATION_1565686259492_c781a08cc7024fd3?_src=imagekit&tr=c-at_max,h-100,q-40,w-100","https://ik.imagekit.io/tvlk/ugc-review/guys1L+Yyer9kzI3sp-pb0CG1j2bhflZGFUZOoIf1YOBAm37kEUOKR41ieUZm7ZJ/ugc-photo-ap-southeast-1-581603780057-acd24e232f75f09e/ACCOMMODATION/0_ACCOMMODATION_1565686251817_f73e07ad11c8da42?_src=imagekit&tr=c-at_max,h-100,q-40,w-100",,,,,,,,,,,,,,,,,,
https://www.traveloka.com/id-id/user/review/consumption/HOTEL/GENERAL/3000010007143,6,11,"Murah, meriah, bersih dan dekat pantai, lebih bagus lagi kalau musholla milik masyarakat disebelah hotel dijadikan tempat sholat penghuni hotel juga pasti keren. Memang tidak dapat sendal dan sabun mandi, tapi tidak ngaruh yang penting bagus dan resik tempatnya.",Diulas 358 minggu lalu,"https://ik.imagekit.io/tvlk/ugc-review/guys1L+Yyer9kzI3sp-pb0CG1j2bhflZGFUZOoIf1YOBAm37kEUOKR41ieUZm7ZJ/ugc-photo-ap-southeast-1-581603780057-acd24e232f75f09e/ACCOMMODATION/5166397_ACCOMMODATION_1561543767329_8a4cff57140cf2ea?_src=imagekit&tr=c-at_max,h-100,q-40,w-100","https://ik.imagekit.io/tvlk/ugc-review/guys1L+Yyer9kzI3sp-pb0CG1j2bhflZGFUZOoIf1YOBAm37kEUOKR41ieUZm7ZJ/ugc-photo-ap-southeast-1-581603780057-acd24e232f75f09e/ACCOMMODATION/5166397_ACCOMMODATION_1561543767329_76f7bdc6760fbbb0?_src=imagekit&tr=c-at_max,h-100,q-40,w-100",,,,,,,,,,,,,,,,,,
https://www.traveloka.com/id-id/user/review/consumption/HOTEL/GENERAL/3000010007143,6,12,"Sungguh menyenangkan liburan di surya kencana hotel, fasilitas cukup baik dan nyaman.",Diulas 358 minggu lalu,"https://ik.imagekit.io/tvlk/ugc-review/guys1L+Yyer9kzI3sp-pb0CG1j2bhflZGFUZOoIf1YOBAm37kEUOKR41ieUZm7ZJ/ugc-photo-ap-southeast-1-581603780057-acd24e232f75f09e/ACCOMMODATION/34984706_ACCOMMODATION_1560284135600_3836626e19b03ad7?_src=imagekit&tr=c-at_max,h-100,q-40,w-100","https://ik.imagekit.io/tvlk/ugc-review/guys1L+Yyer9kzI3sp-pb0CG1j2bhflZGFUZOoIf1YOBAm37kEUOKR41ieUZm7ZJ/ugc-photo-ap-southeast-1-581603780057-acd24e232f75f09e/ACCOMMODATION/34984706_ACCOMMODATION_1560284135600_a3bf3ec002544172?_src=imagekit&tr=c-at_max,h-100,q-40,w-100",,,,,,,,,,,,,,,,,,
https://www.traveloka.com/id-id/user/review/consumption/HOTEL/GENERAL/3000010007143,6,13,"Kali kedua menginap di sini, selalu menyenangkan, pegawainya ramah-ramah, sarapannya banyak variasi, kamarnya luas. Ada fasilitas air hangatnya juga di kamar mandi. Pokoknya the best lah ke pantai cuma nyebrang, beli oleh-oleh ada disebelah.",Diulas 359 minggu lalu,"https://ik.imagekit.io/tvlk/ugc-review/guys1L+Yyer9kzI3sp-pb0CG1j2bhflZGFUZOoIf1YOBAm37kEUOKR41ieUZm7ZJ/ugc-photo-ap-southeast-1-581603780057-acd24e232f75f09e/ACCOMMODATION/64516989_ACCOMMODATION_1561340970096_8697e826757352c4?_src=imagekit&tr=c-at_max,h-100,q-40,w-100",,,,,,,,,,,,,,,,,,,
https://www.traveloka.com/id-id/user/review/consumption/HOTEL/GENERAL/3000010007143,6,14,"Fasilitas tidak lengkap. Tidak menyediakan hair dryer, tidak ada laundry, yang mau menginap disini sebaiknya bawa peralatan mandi sendiri. Air kolamnya sedikit kotor, entah belum dikuras karena banyak yang menginap disini mungkin. Waktu yang dibutuhkan untuk check-in lumayan lama.",Diulas 360 minggu lalu,"https://ik.imagekit.io/tvlk/ugc-review/guys1L+Yyer9kzI3sp-pb0CG1j2bhflZGFUZOoIf1YOBAm37kEUOKR41ieUZm7ZJ/ugc-photo-ap-southeast-1-581603780057-acd24e232f75f09e/ACCOMMODATION/63832320_ACCOMMODATION_1560607685380_bb91d2068df0b300?_src=imagekit&tr=c-at_max,h-100,q-40,w-100",,,,,,,,,,,,,,,,,,,
https://www.traveloka.com/id-id/user/review/consumption/HOTEL/GENERAL/3000010007143,6,15,"Cocok bawa sekeluarga kesini, anak-anak bisa berenang di kolam renang.",Diulas 365 minggu lalu,"https://ik.imagekit.io/tvlk/ugc-review/guys1L+Yyer9kzI3sp-pb0CG1j2bhflZGFUZOoIf1YOBAm37kEUOKR41ieUZm7ZJ/ugc-photo-ap-southeast-1-581603780057-acd24e232f75f09e/ACCOMMODATION/6601365_ACCOMMODATION_1557548842724_0cb447129f8ff8b8?_src=imagekit&tr=c-at_max,h-100,q-40,w-100",,,,,,,,,,,,,,,,,,,
https://www.traveloka.com/id-id/user/review/consumption/HOTEL/GENERAL/3000010007143,6,16,"Kali kedua menginap disini, so far, pilihan terbaik kami untuk selalu menginap disini kalau lagi ke pangandaran 😊",Diulas 367 minggu lalu,"https://ik.imagekit.io/tvlk/ugc-review/guys1L+Yyer9kzI3sp-pb0CG1j2bhflZGFUZOoIf1YOBAm37kEUOKR41ieUZm7ZJ/ugc-photo-ap-southeast-1-581603780057-acd24e232f75f09e/ACCOMMODATION/24002484_ACCOMMODATION_1556339738161_cbced9951b4cb29e?_src=imagekit&tr=c-at_max,h-100,q-40,w-100","https://ik.imagekit.io/tvlk/ugc-review/guys1L+Yyer9kzI3sp-pb0CG1j2bhflZGFUZOoIf1YOBAm37kEUOKR41ieUZm7ZJ/ugc-photo-ap-southeast-1-581603780057-acd24e232f75f09e/ACCOMMODATION/24002484_ACCOMMODATION_1556339738161_f3f841eb0ce61666?_src=imagekit&tr=c-at_max,h-100,q-40,w-100",,,,,,,,,,,,,,,,,,
https://www.traveloka.com/id-id/user/review/consumption/HOTEL/GENERAL/3000010007143,6,17,"Good service from staf, good menu breakfast, large swimming pool, and large room cate deluxe room, But honestly tidak ada ada lift jadi kalau yang kamarnya di lantai 3 lumayan oleh, tidak ada sendal, tidak ada laundry bag, Secara keseluruhan bagus apalagi buat yang bawa keluarga family friendly.",Diulas 370 minggu lalu,"https://ik.imagekit.io/tvlk/ugc-review/guys1L+Yyer9kzI3sp-pb0CG1j2bhflZGFUZOoIf1YOBAm37kEUOKR41ieUZm7ZJ/ugc-photo-ap-southeast-1-581603780057-acd24e232f75f09e/ACCOMMODATION/113745072_ACCOMMODATION_1554698907318_302799ce069aac14?_src=imagekit&tr=c-at_max,h-100,q-40,w-100",,,,,,,,,,,,,,,,,,,
https://www.traveloka.com/id-id/user/review/consumption/HOTEL/GENERAL/3000010007143,6,18,"Saya sangat senang menginap di hotel ini karena sangat bersih, terus ke pantai tinggal jalan ga jauh-jauh, sarapan enak pokoknya terbaik deh pengen menginap disini lagi😊",Diulas 372 minggu lalu,"https://ik.imagekit.io/tvlk/ugc-review/guys1L+Yyer9kzI3sp-pb0CG1j2bhflZGFUZOoIf1YOBAm37kEUOKR41ieUZm7ZJ/ugc-photo-ap-southeast-1-581603780057-acd24e232f75f09e/ACCOMMODATION/107458558_ACCOMMODATION_1553482333054_8542e2c0aaac88e8?_src=imagekit&tr=c-at_max,h-100,q-40,w-100",,,,,,,,,,,,,,,,,,,
https://www.traveloka.com/id-id/user/review/consumption/HOTEL/GENERAL/3000010007143,6,19,"Lokasi sangat strategis berada di pinggir Pantai Barat Pangandaran, berada di samping Pasar Nanjung, pelayanannya baik serta kamar yang bersih dan nyaman, untuk kondisi air baik, untuk makanan yang disediakan sangat bervariasi dan memiliki rasa yang enak, namun mungkin ada sedikit peningkatan dalam hal fasilitas WiFi agar dapat di akses untuk semua kamar, terima kasih.",Diulas 372 minggu lalu,"https://ik.imagekit.io/tvlk/ugc-review/guys1L+Yyer9kzI3sp-pb0CG1j2bhflZGFUZOoIf1YOBAm37kEUOKR41ieUZm7ZJ/ugc-photo-ap-southeast-1-581603780057-acd24e232f75f09e/ACCOMMODATION/63697342_ACCOMMODATION_1553476251942_50ed216b42088bcc?_src=imagekit&tr=c-at_max,h-100,q-40,w-100","https://ik.imagekit.io/tvlk/ugc-review/guys1L+Yyer9kzI3sp-pb0CG1j2bhflZGFUZOoIf1YOBAm37kEUOKR41ieUZm7ZJ/ugc-photo-ap-southeast-1-581603780057-acd24e232f75f09e/ACCOMMODATION/63697342_ACCOMMODATION_1553476251942_a40c33c75d43ba32?_src=imagekit&tr=c-at_max,h-100,q-40,w-100","https://ik.imagekit.io/tvlk/ugc-review/guys1L+Yyer9kzI3sp-pb0CG1j2bhflZGFUZOoIf1YOBAm37kEUOKR41ieUZm7ZJ/ugc-photo-ap-southeast-1-581603780057-acd24e232f75f09e/ACCOMMODATION/63697342_ACCOMMODATION_1553476251942_6323eff534d3a80d?_src=imagekit&tr=c-at_max,h-100,q-40,w-100",,,,,,,,,,,,,,,,,
https://www.traveloka.com/id-id/user/review/consumption/HOTEL/GENERAL/3000010007143,6,20,"Pelayanan lumayan, kebersihan lumayan, it's oke.",Diulas 375 minggu lalu,"https://ik.imagekit.io/tvlk/ugc-review/guys1L+Yyer9kzI3sp-pb0CG1j2bhflZGFUZOoIf1YOBAm37kEUOKR41ieUZm7ZJ/ugc-photo-ap-southeast-1-581603780057-acd24e232f75f09e/ACCOMMODATION/19515131_ACCOMMODATION_1551738571674_dcbb254d8b98956a?_src=imagekit&tr=c-at_max,h-100,q-40,w-100",,,,,,,,,,,,,,,,,,,
https://www.traveloka.com/id-id/user/review/consumption/HOTEL/GENERAL/3000010007143,7,1,"Kamar junior suite nyaman, luas, teras luas view pantai dan belakang view kolam renang. Fasilitas lengkap dan pelayanan bagus",Diulas 377 minggu lalu,"https://ik.imagekit.io/tvlk/ugc-review/guys1L+Yyer9kzI3sp-pb0CG1j2bhflZGFUZOoIf1YOBAm37kEUOKR41ieUZm7ZJ/ugc-photo-ap-southeast-1-581603780057-acd24e232f75f09e/ACCOMMODATION/20339365_ACCOMMODATION_1550372781819_f0a7c2099b0f37e2?_src=imagekit&tr=c-at_max,h-100,q-40,w-100",,,,,,,,,,,,,,,,,,,
https://www.traveloka.com/id-id/user/review/consumption/HOTEL/GENERAL/3000010007143,7,2,"Yang saya order adalah kamar junior suite room overall semua fasilitas sama dengan yang di deskripsikan, kamar luas, kasur besar, Balkon nyaman dan besar, sarapan juga sangat bervariasi banyak sekali pilihannya. Kolam renang air hangat. Good service semoga bisa semakin menjadi lebih baik ke depannya.",Diulas 378 minggu lalu,"https://ik.imagekit.io/tvlk/ugc-review/guys1L+Yyer9kzI3sp-pb0CG1j2bhflZGFUZOoIf1YOBAm37kEUOKR41ieUZm7ZJ/ugc-photo-ap-southeast-1-581603780057-acd24e232f75f09e/ACCOMMODATION/6456382_ACCOMMODATION_1549894774593_93629d4e7dd382c4?_src=imagekit&tr=c-at_max,h-100,q-40,w-100","https://ik.imagekit.io/tvlk/ugc-review/guys1L+Yyer9kzI3sp-pb0CG1j2bhflZGFUZOoIf1YOBAm37kEUOKR41ieUZm7ZJ/ugc-photo-ap-southeast-1-581603780057-acd24e232f75f09e/ACCOMMODATION/6456382_ACCOMMODATION_1549894774594_85494fffe523482f?_src=imagekit&tr=c-at_max,h-100,q-40,w-100",,,,,,,,,,,,,,,,,,
https://www.traveloka.com/id-id/user/review/consumption/HOTEL/GENERAL/3000010007143,7,3,"Mungkin hotel ini pernah bejaya pada masanya, tapi kalo buat saat ini terkesan jadul. 3 lantai tidak ada lift. Saat check in ditawari upgrade kamar dari deluxe ke super deluxe cuma beda 70 ribu, bedanya view hadap ke pantai dan kita setuju. Tenyata saat masuk kamar, pantainya tetep gak kelihatan terhalang pohon, padahal kita dilantai 3. Properti kamar jadul, kasur masih oke, tapi cuma ada 2 bantal udah agak lepek. Sprei dan selimut sudah mulai kasar karena berbulu. AC lama dinginnya. Tidak ada teh gula kopi, tidak ada sandal hotel. Lemari bau. Handuk juga agak bau. Keramik lantai ada yang pecah. Sarapan kurang variatif dan rasa biasa aja. Sejujurnya hari sebelumnya saya menginap di hotel lain dengan rate yang sama, tapi fasilitas dan pelayanannya jauh banget. Kayanya cukup sekali saja nginap disini, tips buat kalian yang mau nginap, pilih lantai 1 atau 2 saja, naik tangganya cape banget, hehe",Diulas 380 minggu lalu,"https://ik.imagekit.io/tvlk/ugc-review/guys1L+Yyer9kzI3sp-pb0CG1j2bhflZGFUZOoIf1YOBAm37kEUOKR41ieUZm7ZJ/ugc-photo-ap-southeast-1-581603780057-acd24e232f75f09e/ACCOMMODATION/12360412_ACCOMMODATION_1548689281163_a88645236a349d3c?_src=imagekit&tr=c-at_max,h-100,q-40,w-100","https://ik.imagekit.io/tvlk/ugc-review/guys1L+Yyer9kzI3sp-pb0CG1j2bhflZGFUZOoIf1YOBAm37kEUOKR41ieUZm7ZJ/ugc-photo-ap-southeast-1-581603780057-acd24e232f75f09e/ACCOMMODATION/12360412_ACCOMMODATION_1548689281164_27b96dace6d8273d?_src=imagekit&tr=c-at_max,h-100,q-40,w-100",,,,,,,,,,,,,,,,,,
https://www.traveloka.com/id-id/user/review/consumption/HOTEL/GENERAL/3000010007143,7,4,"Bagus, kamar bersih, sesuai foto, recommended untuk keluarga, terima kasih Situs Traveloka.",Diulas 380 minggu lalu,"https://ik.imagekit.io/tvlk/ugc-review/guys1L+Yyer9kzI3sp-pb0CG1j2bhflZGFUZOoIf1YOBAm37kEUOKR41ieUZm7ZJ/ugc-photo-ap-southeast-1-581603780057-acd24e232f75f09e/ACCOMMODATION/20111610_ACCOMMODATION_1548220851182_f72284c70454eb2b?_src=imagekit&tr=c-at_max,h-100,q-40,w-100","https://ik.imagekit.io/tvlk/ugc-review/guys1L+Yyer9kzI3sp-pb0CG1j2bhflZGFUZOoIf1YOBAm37kEUOKR41ieUZm7ZJ/ugc-photo-ap-southeast-1-581603780057-acd24e232f75f09e/ACCOMMODATION/20111610_ACCOMMODATION_1548220851183_cb9b82053754e006?_src=imagekit&tr=c-at_max,h-100,q-40,w-100",,,,,,,,,,,,,,,,,,
https://www.traveloka.com/id-id/user/review/consumption/HOTEL/GENERAL/3000010007143,7,5,"Kamar sesuai di foto, parkir luas, ada kolam renang, wifi, pemanas air, kulkas, sarapan banyak variasi lumayan enak. Lokasi depanya pantai-dapat kamar dilantai 3 capek karena harus naik tangga dan balkon menghadap tembok, malam-malam AC mati.",Diulas 382 minggu lalu,"https://ik.imagekit.io/tvlk/ugc-review/guys1L+Yyer9kzI3sp-pb0CG1j2bhflZGFUZOoIf1YOBAm37kEUOKR41ieUZm7ZJ/ugc-photo-ap-southeast-1-581603780057-acd24e232f75f09e/ACCOMMODATION/89425849_ACCOMMODATION_1547478436282_55be863c12fc2157?_src=imagekit&tr=c-at_max,h-100,q-40,w-100","https://ik.imagekit.io/tvlk/ugc-review/guys1L+Yyer9kzI3sp-pb0CG1j2bhflZGFUZOoIf1YOBAm37kEUOKR41ieUZm7ZJ/ugc-photo-ap-southeast-1-581603780057-acd24e232f75f09e/ACCOMMODATION/89425849_ACCOMMODATION_1547478436283_d17d18846583bed6?_src=imagekit&tr=c-at_max,h-100,q-40,w-100",,,,,,,,,,,,,,,,,,
https://www.traveloka.com/id-id/user/review/consumption/HOTEL/GENERAL/3000010007143,7,6,"Hotelnya bagus, lokasi sangat strategis karena berseberangan dengan pantai tempat bermain, kamar yang saya tempati luas, terasnya dua, 1 menghadap ke laut, 1 lagi ke kolam renang. Kamar mandi kecil sih tapi cukuplah, kamarnya banyak nyamuk, colokan listrik di kamar cuma ada 2. 1 di sebelah tempat tidur, 1 lagi di kamar mandi. Lampu kamar buat saya kurang terang, sarapan kurang variatif, hari pertama kurang enak, hari kedua enak, karyawan ramah-ramah. Tapi secara keseluruhan cukup puas dan nyaman.",Diulas 384 minggu lalu,"https://ik.imagekit.io/tvlk/ugc-review/guys1L+Yyer9kzI3sp-pb0CG1j2bhflZGFUZOoIf1YOBAm37kEUOKR41ieUZm7ZJ/ugc-photo-ap-southeast-1-581603780057-acd24e232f75f09e/ACCOMMODATION/89228549_ACCOMMODATION_1545960093784_44df81564f02fc05?_src=imagekit&tr=c-at_max,h-100,q-40,w-100",,,,,,,,,,,,,,,,,,,
https://www.traveloka.com/id-id/user/review/consumption/HOTEL/GENERAL/3000010007143,7,7,"Untuk semua good, hanya nyamuknya banyak sekali",Diulas 384 minggu lalu,"https://ik.imagekit.io/tvlk/ugc-review/guys1L+Yyer9kzI3sp-pb0CG1j2bhflZGFUZOoIf1YOBAm37kEUOKR41ieUZm7ZJ/ugc-photo-ap-southeast-1-581603780057-acd24e232f75f09e/ACCOMMODATION/4736343_ACCOMMODATION_1545869283214_8edbc367de7def5b?_src=imagekit&tr=c-at_max,h-100,q-40,w-100","https://ik.imagekit.io/tvlk/ugc-review/guys1L+Yyer9kzI3sp-pb0CG1j2bhflZGFUZOoIf1YOBAm37kEUOKR41ieUZm7ZJ/ugc-photo-ap-southeast-1-581603780057-acd24e232f75f09e/ACCOMMODATION/4736343_ACCOMMODATION_1545869283215_7d867e9e31e9790d?_src=imagekit&tr=c-at_max,h-100,q-40,w-100",,,,,,,,,,,,,,,,,,
https://www.traveloka.com/id-id/user/review/consumption/HOTEL/GENERAL/3000010007143,7,8,"Pertama menginap di hotel surya kencana, sangat puas dan suka, kamar luas, bersih, view kelaut, kamar mandi bersih, tidak menyesal.",Diulas 385 minggu lalu,"https://ik.imagekit.io/tvlk/ugc-review/guys1L+Yyer9kzI3sp-pb0CG1j2bhflZGFUZOoIf1YOBAm37kEUOKR41ieUZm7ZJ/ugc-photo-ap-southeast-1-581603780057-acd24e232f75f09e/ACCOMMODATION/94017760_ACCOMMODATION_1545463115731_46865ff902efbe7e?_src=imagekit&tr=c-at_max,h-100,q-40,w-100",,,,,,,,,,,,,,,,,,,
https://www.traveloka.com/id-id/user/review/consumption/HOTEL/GENERAL/3000010007143,7,9,"Pengalaman saya di sini sangat menyenangkan. Pihak hotel sangat menolong dalam pelayanan selama menginap. Posisi kamar junior suite yang menghadap pantai dan di depan kolam renang, sangat direkomendasikan.",Diulas 385 minggu lalu,"https://ik.imagekit.io/tvlk/ugc-review/guys1L+Yyer9kzI3sp-pb0CG1j2bhflZGFUZOoIf1YOBAm37kEUOKR41ieUZm7ZJ/ugc-photo-ap-southeast-1-581603780057-acd24e232f75f09e/ACCOMMODATION/20880366_ACCOMMODATION_1545366470659_ee424187b5eb0ebf?_src=imagekit&tr=c-at_max,h-100,q-40,w-100","https://ik.imagekit.io/tvlk/ugc-review/guys1L+Yyer9kzI3sp-pb0CG1j2bhflZGFUZOoIf1YOBAm37kEUOKR41ieUZm7ZJ/ugc-photo-ap-southeast-1-581603780057-acd24e232f75f09e/ACCOMMODATION/20880366_ACCOMMODATION_1545366470659_0d7420898853c8d4?_src=imagekit&tr=c-at_max,h-100,q-40,w-100","https://ik.imagekit.io/tvlk/ugc-review/guys1L+Yyer9kzI3sp-pb0CG1j2bhflZGFUZOoIf1YOBAm37kEUOKR41ieUZm7ZJ/ugc-photo-ap-southeast-1-581603780057-acd24e232f75f09e/ACCOMMODATION/20880366_ACCOMMODATION_1545366470660_90c62726c6d93553?_src=imagekit&tr=c-at_max,h-100,q-40,w-100",,,,,,,,,,,,,,,,,
https://www.traveloka.com/id-id/user/review/consumption/HOTEL/GENERAL/3000010007143,7,10,"Tempat dan pemandangan yang bagus, untuk liburan keluarga. Kamar besar dapat digunakan 4-8 orang dengan tempat tidur tambahan.",Diulas 386 minggu lalu,"https://ik.imagekit.io/tvlk/ugc-review/guys1L+Yyer9kzI3sp-pb0CG1j2bhflZGFUZOoIf1YOBAm37kEUOKR41ieUZm7ZJ/ugc-photo-ap-southeast-1-581603780057-acd24e232f75f09e/ACCOMMODATION/4161262_ACCOMMODATION_1545107440205_b84e666f29df5558?_src=imagekit&tr=c-at_max,h-80,q-40,w-80","https://ik.imagekit.io/tvlk/ugc-review/guys1L+Yyer9kzI3sp-pb0CG1j2bhflZGFUZOoIf1YOBAm37kEUOKR41ieUZm7ZJ/ugc-photo-ap-southeast-1-581603780057-acd24e232f75f09e/ACCOMMODATION/4161262_ACCOMMODATION_1545107440205_9a68481ae2bb0b6c?_src=imagekit&tr=c-at_max,h-80,q-40,w-80","https://ik.imagekit.io/tvlk/ugc-review/guys1L+Yyer9kzI3sp-pb0CG1j2bhflZGFUZOoIf1YOBAm37kEUOKR41ieUZm7ZJ/ugc-photo-ap-southeast-1-581603780057-acd24e232f75f09e/ACCOMMODATION/4161262_ACCOMMODATION_1545107440206_f931e612d1f92afa?_src=imagekit&tr=c-at_max,h-80,q-40,w-80","https://ik.imagekit.io/tvlk/ugc-review/guys1L+Yyer9kzI3sp-pb0CG1j2bhflZGFUZOoIf1YOBAm37kEUOKR41ieUZm7ZJ/ugc-photo-ap-southeast-1-581603780057-acd24e232f75f09e/ACCOMMODATION/4161262_ACCOMMODATION_1545107440206_bdb36283a28454ca?_src=imagekit&tr=c-at_max,h-80,q-40,w-80","https://ik.imagekit.io/tvlk/ugc-review/guys1L+Yyer9kzI3sp-pb0CG1j2bhflZGFUZOoIf1YOBAm37kEUOKR41ieUZm7ZJ/ugc-photo-ap-southeast-1-581603780057-acd24e232f75f09e/ACCOMMODATION/4161262_ACCOMMODATION_1545107440206_0d0a7105289bdcdf?_src=imagekit&tr=c-at_max,h-80,q-40,w-80","https://ik.imagekit.io/tvlk/ugc-review/guys1L+Yyer9kzI3sp-pb0CG1j2bhflZGFUZOoIf1YOBAm37kEUOKR41ieUZm7ZJ/ugc-photo-ap-southeast-1-581603780057-acd24e232f75f09e/ACCOMMODATION/4161262_ACCOMMODATION_1545107440207_7cd6fc826aecf14d?_src=imagekit&tr=c-at_max,h-80,q-40,w-80","https://ik.imagekit.io/tvlk/ugc-review/guys1L+Yyer9kzI3sp-pb0CG1j2bhflZGFUZOoIf1YOBAm37kEUOKR41ieUZm7ZJ/ugc-photo-ap-southeast-1-581603780057-acd24e232f75f09e/ACCOMMODATION/4161262_ACCOMMODATION_1545107440207_56ef889240ba4927?_src=imagekit&tr=c-at_max,h-80,q-40,w-80","https://ik.imagekit.io/tvlk/ugc-review/guys1L+Yyer9kzI3sp-pb0CG1j2bhflZGFUZOoIf1YOBAm37kEUOKR41ieUZm7ZJ/ugc-photo-ap-southeast-1-581603780057-acd24e232f75f09e/ACCOMMODATION/4161262_ACCOMMODATION_1545107440207_2ebcfcb1d78d661b?_src=imagekit&tr=c-at_max,h-80,q-40,w-80","https://ik.imagekit.io/tvlk/ugc-review/guys1L+Yyer9kzI3sp-pb0CG1j2bhflZGFUZOoIf1YOBAm37kEUOKR41ieUZm7ZJ/ugc-photo-ap-southeast-1-581603780057-acd24e232f75f09e/ACCOMMODATION/4161262_ACCOMMODATION_1545107440208_1eebcabafcc9d3b0?_src=imagekit&tr=c-at_max,h-80,q-40,w-80",,,,,,,,,,,
https://www.traveloka.com/id-id/user/review/consumption/HOTEL/GENERAL/3000010007143,7,11,"Tempat yang nyaman, kamar yang luas, dan pelayanan ramah, kolam renangnya juga enak, bersih.",Diulas 390 minggu lalu,"https://ik.imagekit.io/tvlk/ugc-review/guys1L+Yyer9kzI3sp-pb0CG1j2bhflZGFUZOoIf1YOBAm37kEUOKR41ieUZm7ZJ/ugc-photo-ap-southeast-1-581603780057-acd24e232f75f09e/ACCOMMODATION/85446969_ACCOMMODATION_1542557965019_dd485512f0db7d72?_src=imagekit&tr=c-at_max,h-100,q-40,w-100",,,,,,,,,,,,,,,,,,,
https://www.traveloka.com/id-id/user/review/consumption/HOTEL/GENERAL/3000010007143,7,12,"Tengah malam listrik mati hampir 1,5 jam dan tidak dinyalakan gensetnya. Air panas di lantai 3 juga tidak stabil ngalirnya.",Diulas 395 minggu lalu,"https://ik.imagekit.io/tvlk/ugc-review/guys1L+Yyer9kzI3sp-pb0CG1j2bhflZGFUZOoIf1YOBAm37kEUOKR41ieUZm7ZJ/ugc-photo-ap-southeast-1-581603780057-acd24e232f75f09e/ACCOMMODATION/15369320_ACCOMMODATION_1539577022431_d5d4325ea9f8a400?_src=imagekit&tr=c-at_max,h-100,q-40,w-100","https://ik.imagekit.io/tvlk/ugc-review/guys1L+Yyer9kzI3sp-pb0CG1j2bhflZGFUZOoIf1YOBAm37kEUOKR41ieUZm7ZJ/ugc-photo-ap-southeast-1-581603780057-acd24e232f75f09e/ACCOMMODATION/15369320_ACCOMMODATION_1539577022431_a154d6331977f00b?_src=imagekit&tr=c-at_max,h-100,q-40,w-100",,,,,,,,,,,,,,,,,,
https://www.traveloka.com/id-id/user/review/consumption/HOTEL/GENERAL/3000010007143,7,13,"Crew kurang ramah, kolam renang banyak daun kering saat siang, ada rambut di makanan. Tapi lokasi oke tinggal nyebrang saja nyampe pantai, suasana kolam renang oke, sebelah pasar ramai. Cape naik turun tangga tidak ada lift. Tidak ada tea dan coffee di kamar.",Diulas 397 minggu lalu,"https://ik.imagekit.io/tvlk/ugc-review/guys1L+Yyer9kzI3sp-pb0CG1j2bhflZGFUZOoIf1YOBAm37kEUOKR41ieUZm7ZJ/ugc-photo-ap-southeast-1-581603780057-acd24e232f75f09e/ACCOMMODATION/4147559_ACCOMMODATION_1538359524452_114da059cd4355f2?_src=imagekit&tr=c-at_max,h-100,q-40,w-100",,,,,,,,,,,,,,,,,,,
https://www.traveloka.com/id-id/user/review/consumption/HOTEL/GENERAL/3000010007143,7,14,"Pelayanan ramah, kolam renamnya dingin, serasa punya kolam pribadi, pokoknya mantap surya kencana.",Diulas 398 minggu lalu,"https://ik.imagekit.io/tvlk/ugc-review/guys1L+Yyer9kzI3sp-pb0CG1j2bhflZGFUZOoIf1YOBAm37kEUOKR41ieUZm7ZJ/ugc-photo-ap-southeast-1-581603780057-acd24e232f75f09e/ACCOMMODATION/81163388_ACCOMMODATION_1537411519382_d33572eed6cf2d8f?_src=imagekit&tr=c-at_max,h-100,q-40,w-100",,,,,,,,,,,,,,,,,,,
https://www.traveloka.com/id-id/user/review/consumption/HOTEL/GENERAL/3000010007143,7,15,"Kamar persis di foto, fasilitas kamar persis sesuai yang di deskripsikan, kolam renang luas. Overall oke lah.",Diulas 399 minggu lalu,"https://ik.imagekit.io/tvlk/ugc-review/guys1L+Yyer9kzI3sp-pb0CG1j2bhflZGFUZOoIf1YOBAm37kEUOKR41ieUZm7ZJ/ugc-photo-ap-southeast-1-581603780057-acd24e232f75f09e/ACCOMMODATION/4008436_ACCOMMODATION_1537056858168_644cc5032d04cdd8?_src=imagekit&tr=c-at_max,h-100,q-40,w-100","https://ik.imagekit.io/tvlk/ugc-review/guys1L+Yyer9kzI3sp-pb0CG1j2bhflZGFUZOoIf1YOBAm37kEUOKR41ieUZm7ZJ/ugc-photo-ap-southeast-1-581603780057-acd24e232f75f09e/ACCOMMODATION/4008436_ACCOMMODATION_1537056858169_b927844fe70740c5?_src=imagekit&tr=c-at_max,h-100,q-40,w-100","https://ik.imagekit.io/tvlk/ugc-review/guys1L+Yyer9kzI3sp-pb0CG1j2bhflZGFUZOoIf1YOBAm37kEUOKR41ieUZm7ZJ/ugc-photo-ap-southeast-1-581603780057-acd24e232f75f09e/ACCOMMODATION/4008436_ACCOMMODATION_1537056858169_2362f32d39e22b51?_src=imagekit&tr=c-at_max,h-100,q-40,w-100","https://ik.imagekit.io/tvlk/ugc-review/guys1L+Yyer9kzI3sp-pb0CG1j2bhflZGFUZOoIf1YOBAm37kEUOKR41ieUZm7ZJ/ugc-photo-ap-southeast-1-581603780057-acd24e232f75f09e/ACCOMMODATION/4008436_ACCOMMODATION_1537056858170_a0932be0fc5fdbc5?_src=imagekit&tr=c-at_max,h-100,q-40,w-100","https://ik.imagekit.io/tvlk/ugc-review/guys1L+Yyer9kzI3sp-pb0CG1j2bhflZGFUZOoIf1YOBAm37kEUOKR41ieUZm7ZJ/ugc-photo-ap-southeast-1-581603780057-acd24e232f75f09e/ACCOMMODATION/4008436_ACCOMMODATION_1537056858170_971531c7cd498896?_src=imagekit&tr=c-at_max,h-100,q-40,w-100",,,,,,,,,,,,,,,
https://www.traveloka.com/id-id/user/review/consumption/HOTEL/GENERAL/3000010007143,7,16,Hotel ini tidak bisa masuk kurang dari jam 9. Sempet bete sih soalnya nunggu lama banget di kolam renang. Terus pas di kamar kunci kartunya rusak alhasil jadi pake kunci manual kaya anak kostan. Padahal masih banyak kamar lain yang masih kosong kenapa tidak pindah saja? Tapi untuk keseluruhan bagus. Nyaman lah mau ke pantai tinggal nyebrang karena hotelnya percis depan pantai barat.,Diulas 405 minggu lalu,"https://ik.imagekit.io/tvlk/ugc-review/guys1L+Yyer9kzI3sp-pb0CG1j2bhflZGFUZOoIf1YOBAm37kEUOKR41ieUZm7ZJ/ugc-photo-ap-southeast-1-581603780057-acd24e232f75f09e/ACCOMMODATION/66933699_ACCOMMODATION_1533171280272_2fafaf420cb50c8e?_src=imagekit&tr=c-at_max,h-100,q-40,w-100","https://ik.imagekit.io/tvlk/ugc-review/guys1L+Yyer9kzI3sp-pb0CG1j2bhflZGFUZOoIf1YOBAm37kEUOKR41ieUZm7ZJ/ugc-photo-ap-southeast-1-581603780057-acd24e232f75f09e/ACCOMMODATION/66933699_ACCOMMODATION_1533171280273_54247464b780dc80?_src=imagekit&tr=c-at_max,h-100,q-40,w-100","https://ik.imagekit.io/tvlk/ugc-review/guys1L+Yyer9kzI3sp-pb0CG1j2bhflZGFUZOoIf1YOBAm37kEUOKR41ieUZm7ZJ/ugc-photo-ap-southeast-1-581603780057-acd24e232f75f09e/ACCOMMODATION/66933699_ACCOMMODATION_1533171280273_d30223482cf0df57?_src=imagekit&tr=c-at_max,h-100,q-40,w-100","https://ik.imagekit.io/tvlk/ugc-review/guys1L+Yyer9kzI3sp-pb0CG1j2bhflZGFUZOoIf1YOBAm37kEUOKR41ieUZm7ZJ/ugc-photo-ap-southeast-1-581603780057-acd24e232f75f09e/ACCOMMODATION/66933699_ACCOMMODATION_1533171280274_3bfa06056d42b1e8?_src=imagekit&tr=c-at_max,h-100,q-40,w-100",,,,,,,,,,,,,,,,
https://www.traveloka.com/id-id/user/review/consumption/HOTEL/GENERAL/3000010007143,7,17,Enak nyaman luas sayang tidak di sediakan kopi dan teh.,Diulas 408 minggu lalu,"https://ik.imagekit.io/tvlk/ugc-review/guys1L+Yyer9kzI3sp-pb0CG1j2bhflZGFUZOoIf1YOBAm37kEUOKR41ieUZm7ZJ/ugc-photo-ap-southeast-1-581603780057-acd24e232f75f09e/ACCOMMODATION/21201696_ACCOMMODATION_1531805480164_d2fcdedf5252bff4?_src=imagekit&tr=c-at_max,h-100,q-40,w-100","https://ik.imagekit.io/tvlk/ugc-review/guys1L+Yyer9kzI3sp-pb0CG1j2bhflZGFUZOoIf1YOBAm37kEUOKR41ieUZm7ZJ/ugc-photo-ap-southeast-1-581603780057-acd24e232f75f09e/ACCOMMODATION/21201696_ACCOMMODATION_1531805480164_6ca3953830d07018?_src=imagekit&tr=c-at_max,h-100,q-40,w-100",,,,,,,,,,,,,,,,,,
https://www.traveloka.com/id-id/user/review/consumption/HOTEL/GENERAL/3000010007143,7,18,"Cukup nyaman bermalam disini, bawa keluarga. Sisi yang paling menarik adalah kolam renang.",Diulas 408 minggu lalu,"https://ik.imagekit.io/tvlk/ugc-review/guys1L+Yyer9kzI3sp-pb0CG1j2bhflZGFUZOoIf1YOBAm37kEUOKR41ieUZm7ZJ/ugc-photo-ap-southeast-1-581603780057-acd24e232f75f09e/ACCOMMODATION/22064714_ACCOMMODATION_1531711504304_096d26c8ab093004?_src=imagekit&tr=c-at_max,h-100,q-40,w-100","https://ik.imagekit.io/tvlk/ugc-review/guys1L+Yyer9kzI3sp-pb0CG1j2bhflZGFUZOoIf1YOBAm37kEUOKR41ieUZm7ZJ/ugc-photo-ap-southeast-1-581603780057-acd24e232f75f09e/ACCOMMODATION/22064714_ACCOMMODATION_1531711594075_163e52d517a1aa5e?_src=imagekit&tr=c-at_max,h-100,q-40,w-100",,,,,,,,,,,,,,,,,,
https://www.traveloka.com/id-id/user/review/consumption/HOTEL/GENERAL/3000010007143,7,19,"Penginapan sih asyik, bersih, kolam renang cukup saja, kalau habis dari pantai, nyemplung di sini, taman dikolam renang kalau malam romantis, cuma sayang, kamar ada yang menghadap tembok orang. Harusnya harga lebih murah kalau view kamar ketembok (maksudnya tidak menghadap Kolam renang atau pantai) karena infonya kamar view pantai atau kolam renang, harga yang menghadap tembok juga, walaupun memang ada balkon, gitu saja secara keseluruhan nyaman deh.",Diulas 408 minggu lalu,"https://ik.imagekit.io/tvlk/ugc-review/guys1L+Yyer9kzI3sp-pb0CG1j2bhflZGFUZOoIf1YOBAm37kEUOKR41ieUZm7ZJ/ugc-photo-ap-southeast-1-581603780057-acd24e232f75f09e/ACCOMMODATION/8037803_ACCOMMODATION_1531445219283_5d676f2e8c2fee25?_src=imagekit&tr=c-at_max,h-100,q-40,w-100","https://ik.imagekit.io/tvlk/ugc-review/guys1L+Yyer9kzI3sp-pb0CG1j2bhflZGFUZOoIf1YOBAm37kEUOKR41ieUZm7ZJ/ugc-photo-ap-southeast-1-581603780057-acd24e232f75f09e/ACCOMMODATION/8037803_ACCOMMODATION_1531445219284_bfe813be09eaf069?_src=imagekit&tr=c-at_max,h-100,q-40,w-100","https://ik.imagekit.io/tvlk/ugc-review/guys1L+Yyer9kzI3sp-pb0CG1j2bhflZGFUZOoIf1YOBAm37kEUOKR41ieUZm7ZJ/ugc-photo-ap-southeast-1-581603780057-acd24e232f75f09e/ACCOMMODATION/8037803_ACCOMMODATION_1531445219284_bc0eb7b1bea2c19f?_src=imagekit&tr=c-at_max,h-100,q-40,w-100","https://ik.imagekit.io/tvlk/ugc-review/guys1L+Yyer9kzI3sp-pb0CG1j2bhflZGFUZOoIf1YOBAm37kEUOKR41ieUZm7ZJ/ugc-photo-ap-southeast-1-581603780057-acd24e232f75f09e/ACCOMMODATION/8037803_ACCOMMODATION_1531445219285_aa72e2155498d985?_src=imagekit&tr=c-at_max,h-100,q-40,w-100","https://ik.imagekit.io/tvlk/ugc-review/guys1L+Yyer9kzI3sp-pb0CG1j2bhflZGFUZOoIf1YOBAm37kEUOKR41ieUZm7ZJ/ugc-photo-ap-southeast-1-581603780057-acd24e232f75f09e/ACCOMMODATION/8037803_ACCOMMODATION_1531445219285_e771128b2629b90d?_src=imagekit&tr=c-at_max,h-100,q-40,w-100",,,,,,,,,,,,,,,
https://www.traveloka.com/id-id/user/review/consumption/HOTEL/GENERAL/3000010007143,7,20,"Tinggal di sini selama satu malam dan saya memesan kamar keluarga dengan 2 tempat tidur king. Kesan pertama adalah kamarnya luas, cukup bersih tapi terlalu banyak nyamuk, teleponnya tidak berfungsi, saya mencoba menelepon resepsionis tetapi tidak berfungsi jadi saya harus kembali ke lobi. Kamar saya memiliki balkon dan menghadap ke pantai tapi itu mimpi buruk ketika tidur itu berisik dari luar hotel suara sepeda motor, musik keras, dan orang-orang berteriak. Ruangan mungkin cukup nyaman tetapi sangat sulit untuk tidur.",Diulas 409 minggu lalu,"https://ik.imagekit.io/tvlk/ugc-review/guys1L+Yyer9kzI3sp-pb0CG1j2bhflZGFUZOoIf1YOBAm37kEUOKR41ieUZm7ZJ/ugc-photo-ap-southeast-1-581603780057-acd24e232f75f09e/ACCOMMODATION/5636453_ACCOMMODATION_1530938831401_0a7efdf4a2efa7a7?_src=imagekit&tr=c-at_max,h-80,q-40,w-80","https://ik.imagekit.io/tvlk/ugc-review/guys1L+Yyer9kzI3sp-pb0CG1j2bhflZGFUZOoIf1YOBAm37kEUOKR41ieUZm7ZJ/ugc-photo-ap-southeast-1-581603780057-acd24e232f75f09e/ACCOMMODATION/5636453_ACCOMMODATION_1530938831401_88df225b834c3a1c?_src=imagekit&tr=c-at_max,h-80,q-40,w-80","https://ik.imagekit.io/tvlk/ugc-review/guys1L+Yyer9kzI3sp-pb0CG1j2bhflZGFUZOoIf1YOBAm37kEUOKR41ieUZm7ZJ/ugc-photo-ap-southeast-1-581603780057-acd24e232f75f09e/ACCOMMODATION/5636453_ACCOMMODATION_1530938831402_46625f5bc268726f?_src=imagekit&tr=c-at_max,h-80,q-40,w-80","https://ik.imagekit.io/tvlk/ugc-review/guys1L+Yyer9kzI3sp-pb0CG1j2bhflZGFUZOoIf1YOBAm37kEUOKR41ieUZm7ZJ/ugc-photo-ap-southeast-1-581603780057-acd24e232f75f09e/ACCOMMODATION/5636453_ACCOMMODATION_1530938831402_c2e22adfb205eda0?_src=imagekit&tr=c-at_max,h-80,q-40,w-80","https://ik.imagekit.io/tvlk/ugc-review/guys1L+Yyer9kzI3sp-pb0CG1j2bhflZGFUZOoIf1YOBAm37kEUOKR41ieUZm7ZJ/ugc-photo-ap-southeast-1-581603780057-acd24e232f75f09e/ACCOMMODATION/5636453_ACCOMMODATION_1530938831403_3bbefdc64f720084?_src=imagekit&tr=c-at_max,h-80,q-40,w-80","https://ik.imagekit.io/tvlk/ugc-review/guys1L+Yyer9kzI3sp-pb0CG1j2bhflZGFUZOoIf1YOBAm37kEUOKR41ieUZm7ZJ/ugc-photo-ap-southeast-1-581603780057-acd24e232f75f09e/ACCOMMODATION/5636453_ACCOMMODATION_1530938831403_f5529199cd506349?_src=imagekit&tr=c-at_max,h-80,q-40,w-80","https://ik.imagekit.io/tvlk/ugc-review/guys1L+Yyer9kzI3sp-pb0CG1j2bhflZGFUZOoIf1YOBAm37kEUOKR41ieUZm7ZJ/ugc-photo-ap-southeast-1-581603780057-acd24e232f75f09e/ACCOMMODATION/5636453_ACCOMMODATION_1530938831404_49be6d41ff792922?_src=imagekit&tr=c-at_max,h-80,q-40,w-80",,,,,,,,,,,,,
https://www.traveloka.com/id-id/user/review/consumption/HOTEL/GENERAL/3000010007143,8,1,Hotel yang ramah dan cocok untuk keluarga.,Diulas 409 minggu lalu,"https://ik.imagekit.io/tvlk/ugc-review/guys1L+Yyer9kzI3sp-pb0CG1j2bhflZGFUZOoIf1YOBAm37kEUOKR41ieUZm7ZJ/ugc-photo-ap-southeast-1-581603780057-acd24e232f75f09e/ACCOMMODATION/6609465_ACCOMMODATION_1530678665535_4c833bfd67713087?_src=imagekit&tr=c-at_max,h-100,q-40,w-100","https://ik.imagekit.io/tvlk/ugc-review/guys1L+Yyer9kzI3sp-pb0CG1j2bhflZGFUZOoIf1YOBAm37kEUOKR41ieUZm7ZJ/ugc-photo-ap-southeast-1-581603780057-acd24e232f75f09e/ACCOMMODATION/6609465_ACCOMMODATION_1530678665536_19a0a838eaa50920?_src=imagekit&tr=c-at_max,h-100,q-40,w-100","https://ik.imagekit.io/tvlk/ugc-review/guys1L+Yyer9kzI3sp-pb0CG1j2bhflZGFUZOoIf1YOBAm37kEUOKR41ieUZm7ZJ/ugc-photo-ap-southeast-1-581603780057-acd24e232f75f09e/ACCOMMODATION/6609465_ACCOMMODATION_1530678665536_3ec49cd00c816676?_src=imagekit&tr=c-at_max,h-100,q-40,w-100",,,,,,,,,,,,,,,,,
https://www.traveloka.com/id-id/user/review/consumption/HOTEL/GENERAL/3000010007143,8,2,"Fasilitas hotel oke, cuma pantainya terlalu ramai pengunjung dan kotor banyak sampah dimana-mana.",Diulas 410 minggu lalu,"https://ik.imagekit.io/tvlk/ugc-review/guys1L+Yyer9kzI3sp-pb0CG1j2bhflZGFUZOoIf1YOBAm37kEUOKR41ieUZm7ZJ/ugc-photo-ap-southeast-1-581603780057-acd24e232f75f09e/ACCOMMODATION/7734602_ACCOMMODATION_1530589032295_f8b74c1ca0048692?_src=imagekit&tr=c-at_max,h-100,q-40,w-100","https://ik.imagekit.io/tvlk/ugc-review/guys1L+Yyer9kzI3sp-pb0CG1j2bhflZGFUZOoIf1YOBAm37kEUOKR41ieUZm7ZJ/ugc-photo-ap-southeast-1-581603780057-acd24e232f75f09e/ACCOMMODATION/7734602_ACCOMMODATION_1530589032296_a93dcaab50a63f70?_src=imagekit&tr=c-at_max,h-100,q-40,w-100",,,,,,,,,,,,,,,,,,
https://www.traveloka.com/id-id/user/review/consumption/HOTEL/GENERAL/3000010007143,8,3,"Kamar yang bersih, luas and sarapan yang enak. AC yang dingin and ada air hangat di kamar mandi, pokoknya puas",Diulas 410 minggu lalu,"https://ik.imagekit.io/tvlk/ugc-review/guys1L+Yyer9kzI3sp-pb0CG1j2bhflZGFUZOoIf1YOBAm37kEUOKR41ieUZm7ZJ/ugc-photo-ap-southeast-1-581603780057-acd24e232f75f09e/ACCOMMODATION/64516989_ACCOMMODATION_1530497262701_1f88b656285e107f?_src=imagekit&tr=c-at_max,h-100,q-40,w-100",,,,,,,,,,,,,,,,,,,
https://www.traveloka.com/id-id/user/review/consumption/HOTEL/GENERAL/3000010007143,8,4,"Menginap di family suite Surya kencana beneran homey banget. Kerasa dirumah deh. Anak-anak nyaman betah lama-lama. Tempatnya nyaman, bersih dan enak banget dekat ke pantai barat tinggal nyebrang.",Diulas 410 minggu lalu,"https://ik.imagekit.io/tvlk/ugc-review/guys1L+Yyer9kzI3sp-pb0CG1j2bhflZGFUZOoIf1YOBAm37kEUOKR41ieUZm7ZJ/ugc-photo-ap-southeast-1-581603780057-acd24e232f75f09e/ACCOMMODATION/21317648_ACCOMMODATION_1530398335362_88837dcde97394f4?_src=imagekit&tr=c-at_max,h-100,q-40,w-100","https://ik.imagekit.io/tvlk/ugc-review/guys1L+Yyer9kzI3sp-pb0CG1j2bhflZGFUZOoIf1YOBAm37kEUOKR41ieUZm7ZJ/ugc-photo-ap-southeast-1-581603780057-acd24e232f75f09e/ACCOMMODATION/21317648_ACCOMMODATION_1530398335363_d81190140dd1faed?_src=imagekit&tr=c-at_max,h-100,q-40,w-100","https://ik.imagekit.io/tvlk/ugc-review/guys1L+Yyer9kzI3sp-pb0CG1j2bhflZGFUZOoIf1YOBAm37kEUOKR41ieUZm7ZJ/ugc-photo-ap-southeast-1-581603780057-acd24e232f75f09e/ACCOMMODATION/21317648_ACCOMMODATION_1530398335363_637be3836387c819?_src=imagekit&tr=c-at_max,h-100,q-40,w-100","https://ik.imagekit.io/tvlk/ugc-review/guys1L+Yyer9kzI3sp-pb0CG1j2bhflZGFUZOoIf1YOBAm37kEUOKR41ieUZm7ZJ/ugc-photo-ap-southeast-1-581603780057-acd24e232f75f09e/ACCOMMODATION/21317648_ACCOMMODATION_1530417365013_8859f26dd4ee6126?_src=imagekit&tr=c-at_max,h-100,q-40,w-100","https://ik.imagekit.io/tvlk/ugc-review/guys1L+Yyer9kzI3sp-pb0CG1j2bhflZGFUZOoIf1YOBAm37kEUOKR41ieUZm7ZJ/ugc-photo-ap-southeast-1-581603780057-acd24e232f75f09e/ACCOMMODATION/21317648_ACCOMMODATION_1530417365012_29230df2b7e352cf?_src=imagekit&tr=c-at_max,h-100,q-40,w-100",,,,,,,,,,,,,,,
https://www.traveloka.com/id-id/user/review/consumption/HOTEL/GENERAL/3000010007143,8,5,"Recommended banget nyaman, bersih, kolam renang luas bersih pula, sarapannya enak, anak betah banget dan nanti kalau ke Pangandaran pasti menginap disini lagi.",Diulas 411 minggu lalu,"https://ik.imagekit.io/tvlk/ugc-review/guys1L+Yyer9kzI3sp-pb0CG1j2bhflZGFUZOoIf1YOBAm37kEUOKR41ieUZm7ZJ/ugc-photo-ap-southeast-1-581603780057-acd24e232f75f09e/ACCOMMODATION/8913009_ACCOMMODATION_1530005820867_5a89879812cc5dd2?_src=imagekit&tr=c-at_max,h-100,q-40,w-100","https://ik.imagekit.io/tvlk/ugc-review/guys1L+Yyer9kzI3sp-pb0CG1j2bhflZGFUZOoIf1YOBAm37kEUOKR41ieUZm7ZJ/ugc-photo-ap-southeast-1-581603780057-acd24e232f75f09e/ACCOMMODATION/8913009_ACCOMMODATION_1530005820868_30209fc91dc064f9?_src=imagekit&tr=c-at_max,h-100,q-40,w-100",,,,,,,,,,,,,,,,,,
https://www.traveloka.com/id-id/user/review/consumption/HOTEL/GENERAL/3000010007143,8,6,Terima kasih hotel yang kami pilih sesuai harapan.,Diulas 411 minggu lalu,"https://ik.imagekit.io/tvlk/ugc-review/guys1L+Yyer9kzI3sp-pb0CG1j2bhflZGFUZOoIf1YOBAm37kEUOKR41ieUZm7ZJ/ugc-photo-ap-southeast-1-581603780057-acd24e232f75f09e/ACCOMMODATION/15053083_ACCOMMODATION_1529988017032_c52ead060be5a015?_src=imagekit&tr=c-at_max,h-100,q-40,w-100","https://ik.imagekit.io/tvlk/ugc-review/guys1L+Yyer9kzI3sp-pb0CG1j2bhflZGFUZOoIf1YOBAm37kEUOKR41ieUZm7ZJ/ugc-photo-ap-southeast-1-581603780057-acd24e232f75f09e/ACCOMMODATION/15053083_ACCOMMODATION_1529988017032_4fa25dc8254c5226?_src=imagekit&tr=c-at_max,h-100,q-40,w-100","https://ik.imagekit.io/tvlk/ugc-review/guys1L+Yyer9kzI3sp-pb0CG1j2bhflZGFUZOoIf1YOBAm37kEUOKR41ieUZm7ZJ/ugc-photo-ap-southeast-1-581603780057-acd24e232f75f09e/ACCOMMODATION/15053083_ACCOMMODATION_1529988017033_79dbdc872b4d0295?_src=imagekit&tr=c-at_max,h-100,q-40,w-100",,,,,,,,,,,,,,,,,
https://www.traveloka.com/id-id/user/review/consumption/HOTEL/GENERAL/3000010007143,8,7,"Pelayanan ramah, breakfast enak-enak, kolam renang luas bersih dan nyaman buat anak-anak and dewasa.",Diulas 411 minggu lalu,"https://ik.imagekit.io/tvlk/ugc-review/guys1L+Yyer9kzI3sp-pb0CG1j2bhflZGFUZOoIf1YOBAm37kEUOKR41ieUZm7ZJ/ugc-photo-ap-southeast-1-581603780057-acd24e232f75f09e/ACCOMMODATION/58771360_ACCOMMODATION_1529646727056_8c20fceaf5d18e8a?_src=imagekit&tr=c-at_max,h-100,q-40,w-100","https://ik.imagekit.io/tvlk/ugc-review/guys1L+Yyer9kzI3sp-pb0CG1j2bhflZGFUZOoIf1YOBAm37kEUOKR41ieUZm7ZJ/ugc-photo-ap-southeast-1-581603780057-acd24e232f75f09e/ACCOMMODATION/58771360_ACCOMMODATION_1529646727057_dd55b8bb02d8f3ca?_src=imagekit&tr=c-at_max,h-100,q-40,w-100","https://ik.imagekit.io/tvlk/ugc-review/guys1L+Yyer9kzI3sp-pb0CG1j2bhflZGFUZOoIf1YOBAm37kEUOKR41ieUZm7ZJ/ugc-photo-ap-southeast-1-581603780057-acd24e232f75f09e/ACCOMMODATION/58771360_ACCOMMODATION_1529646727057_bf4ca3543f330ef9?_src=imagekit&tr=c-at_max,h-100,q-40,w-100",,,,,,,,,,,,,,,,,
https://www.traveloka.com/id-id/user/review/consumption/HOTEL/GENERAL/3000010007143,8,8,Cukup bagus hotel dan pelayanannya.,Diulas 412 minggu lalu,"https://ik.imagekit.io/tvlk/ugc-review/guys1L+Yyer9kzI3sp-pb0CG1j2bhflZGFUZOoIf1YOBAm37kEUOKR41ieUZm7ZJ/ugc-photo-ap-southeast-1-581603780057-acd24e232f75f09e/ACCOMMODATION/14518528_ACCOMMODATION_1528729431369_dfd73f8cd05314a6?_src=imagekit&tr=c-at_max,h-100,q-40,w-100",,,,,,,,,,,,,,,,,,,
https://www.traveloka.com/id-id/user/review/consumption/HOTEL/GENERAL/3000010007143,8,9,"Kamarnya luas, hotel cukup bagus, menu sahur juga enak, kolam renang bersih, letak hotel depan pantai, Hanya saja tidak ada lift dan kaporit dikolam terlalu banyak.",Diulas 414 minggu lalu,"https://ik.imagekit.io/tvlk/ugc-review/guys1L+Yyer9kzI3sp-pb0CG1j2bhflZGFUZOoIf1YOBAm37kEUOKR41ieUZm7ZJ/ugc-photo-ap-southeast-1-581603780057-acd24e232f75f09e/ACCOMMODATION/19416136_ACCOMMODATION_1528081815676_dde12b2f9efa6ccb?_src=imagekit&tr=c-at_max,h-100,q-40,w-100","https://ik.imagekit.io/tvlk/ugc-review/guys1L+Yyer9kzI3sp-pb0CG1j2bhflZGFUZOoIf1YOBAm37kEUOKR41ieUZm7ZJ/ugc-photo-ap-southeast-1-581603780057-acd24e232f75f09e/ACCOMMODATION/19416136_ACCOMMODATION_1528081815676_3b80ec02d6c182cc?_src=imagekit&tr=c-at_max,h-100,q-40,w-100","https://ik.imagekit.io/tvlk/ugc-review/guys1L+Yyer9kzI3sp-pb0CG1j2bhflZGFUZOoIf1YOBAm37kEUOKR41ieUZm7ZJ/ugc-photo-ap-southeast-1-581603780057-acd24e232f75f09e/ACCOMMODATION/19416136_ACCOMMODATION_1528081815677_9c662f13bb92bc97?_src=imagekit&tr=c-at_max,h-100,q-40,w-100","https://ik.imagekit.io/tvlk/ugc-review/guys1L+Yyer9kzI3sp-pb0CG1j2bhflZGFUZOoIf1YOBAm37kEUOKR41ieUZm7ZJ/ugc-photo-ap-southeast-1-581603780057-acd24e232f75f09e/ACCOMMODATION/19416136_ACCOMMODATION_1528081815677_3ca61e3126b6f922?_src=imagekit&tr=c-at_max,h-100,q-40,w-100",,,,,,,,,,,,,,,,
https://www.traveloka.com/id-id/user/review/consumption/HOTEL/GENERAL/3000010007143,8,10,"Setelah beberapa kali menginap dihotel yg sama, pastinya dgn kamar yg sama (mungkin standar traveloka 😁), pelayanan, kamar, fasilitas, memuaskan. Apalagi lokasi sangat strategis di pinggir pantai. Kemungkinan hotel ini akan menjadi langganan kami.",Diulas 414 minggu lalu,"https://ik.imagekit.io/tvlk/ugc-review/guys1L+Yyer9kzI3sp-pb0CG1j2bhflZGFUZOoIf1YOBAm37kEUOKR41ieUZm7ZJ/ugc-photo-ap-southeast-1-581603780057-acd24e232f75f09e/ACCOMMODATION/0_ACCOMMODATION_1528031477013_d3531b91d89fe6da?_src=imagekit&tr=c-at_max,h-100,q-40,w-100","https://ik.imagekit.io/tvlk/ugc-review/guys1L+Yyer9kzI3sp-pb0CG1j2bhflZGFUZOoIf1YOBAm37kEUOKR41ieUZm7ZJ/ugc-photo-ap-southeast-1-581603780057-acd24e232f75f09e/ACCOMMODATION/0_ACCOMMODATION_1528031505280_978368a7f7d94a20?_src=imagekit&tr=c-at_max,h-100,q-40,w-100",,,,,,,,,,,,,,,,,,
https://www.traveloka.com/id-id/user/review/consumption/HOTEL/GENERAL/3000010007143,8,11,Semuanya bagus lokasi strategis tapi sayang kamar ku tidak kebagean view pantai.,Diulas 418 minggu lalu,"https://ik.imagekit.io/tvlk/ugc-review/guys1L+Yyer9kzI3sp-pb0CG1j2bhflZGFUZOoIf1YOBAm37kEUOKR41ieUZm7ZJ/ugc-photo-ap-southeast-1-581603780057-acd24e232f75f09e/ACCOMMODATION/33157512_ACCOMMODATION_1525524808348_53248e8774bdac2d?_src=imagekit&tr=c-at_max,h-100,q-40,w-100",,,,,,,,,,,,,,,,,,,
https://www.traveloka.com/id-id/user/review/consumption/HOTEL/GENERAL/3000010007143,8,12,"Hotel recommended, fasilitas dengan type family suitenya sangat memuaskan, ruangan keluarganya cukup luas, seberang hotel langsung pantai. Happy holiday",Diulas 422 minggu lalu,"https://ik.imagekit.io/tvlk/ugc-review/guys1L+Yyer9kzI3sp-pb0CG1j2bhflZGFUZOoIf1YOBAm37kEUOKR41ieUZm7ZJ/ugc-photo-ap-southeast-1-581603780057-acd24e232f75f09e/ACCOMMODATION/12100872_ACCOMMODATION_1523328813171_0c5543d2a205963c?_src=imagekit&tr=c-at_max,h-100,q-40,w-100","https://ik.imagekit.io/tvlk/ugc-review/guys1L+Yyer9kzI3sp-pb0CG1j2bhflZGFUZOoIf1YOBAm37kEUOKR41ieUZm7ZJ/ugc-photo-ap-southeast-1-581603780057-acd24e232f75f09e/ACCOMMODATION/12100872_ACCOMMODATION_1523328813172_9e7ea642d8c18a7f?_src=imagekit&tr=c-at_max,h-100,q-40,w-100","https://ik.imagekit.io/tvlk/ugc-review/guys1L+Yyer9kzI3sp-pb0CG1j2bhflZGFUZOoIf1YOBAm37kEUOKR41ieUZm7ZJ/ugc-photo-ap-southeast-1-581603780057-acd24e232f75f09e/ACCOMMODATION/12100872_ACCOMMODATION_1523328813172_46f4773b0ce63ffa?_src=imagekit&tr=c-at_max,h-100,q-40,w-100","https://ik.imagekit.io/tvlk/ugc-review/guys1L+Yyer9kzI3sp-pb0CG1j2bhflZGFUZOoIf1YOBAm37kEUOKR41ieUZm7ZJ/ugc-photo-ap-southeast-1-581603780057-acd24e232f75f09e/ACCOMMODATION/12100872_ACCOMMODATION_1523328813173_5fea9bb638205bec?_src=imagekit&tr=c-at_max,h-100,q-40,w-100",,,,,,,,,,,,,,,,
