url,page,review_index,teks_ulasan,tanggal,gambar-1,gambar-2,gambar-3,gambar-4,gambar-5,gambar-6,gambar-7,gambar-8,gambar-9,gambar-10,gambar-11,gambar-12,gambar-13,gambar-14,gambar-15,gambar-16,gambar-17,gambar-18,gambar-19,gambar-20
https://www.traveloka.com/id-id/user/review/consumption/HOTEL/GENERAL/3000010008595,1,1,"Pesan mendadak hotel di daerah Kota Bandung saat long weekend dan pada penuh, untungnya masih ada kamar tersedia di Hotel Atlantic City. Penyelamat buat istirahat, lokasi strategis, kamarnya lumayan nyaman dan langsung view-nya perkotaan, ada kids activity buat main sejenak, rooftop-nya enak angin sepoi-sepoi dan dapat welcome drink di lantai 7, walaupun buat parkirannya enggak banyak dan enggak ada kolam renangnya. Tapi overall enak 🫶🏻💕",Diulas 5 hari lalu,"https://ik.imagekit.io/tvlk/ugc-review/guys1L+Yyer9kzI3sp-pb0CG1j2bhflZGFUZOoIf1YOBAm37kEUOKR41ieUZm7ZJ/ugc-photo-ap-southeast-1-581603780057-acd24e232f75f09e/REVIEW/REVIEW_1777860659740_96f9dbd55b11f48a?_src=imagekit&tr=c-at_max,h-100,q-40,w-100",,,,,,,,,,,,,,,,,,,
https://www.traveloka.com/id-id/user/review/consumption/HOTEL/GENERAL/3000010008595,1,2,"Menyenangkan menginap di Hotel Atlantic. Hotel berada di lokasi strategis dekat dengan Istana Plaza, halte transportasi umum, tempat kulineran, dan akses pejalan kaki yang memadai. Setibanya di Stasiun Bandung, saya berjalan kaki ke Hotel Atlantic kurang lebih 1 km, sambil menikmati sore hari kota Bandung dan padatnya lalu lintas sore itu. Sesampainya di hotel, saya langsung check-in menggunakan KTP dan meninggalkan deposit Rp50.000. Proses check-in mudah dan cepat. Pelayanan baik. Saya mendapatkan kamar di lantai 5 non-smoking room, walaupun kamar saya berada di lantai 5 namun suara dari jalan raya masih terdengar sangat jelas. Berarti kamar ini menurut saya kurang kedap suara. Hotel ini kurang cocok bagi Anda yang membutuhkan tempat istirahat yang tenang. Kamarnya sejuk walaupun tanpa AC. Semua fasilitas kamar berfungsi dengan baik mulai dari AC, debit air kencang, air panas untuk mandi, perlengkapan mandi. Untuk kamar bersih dan luas, sesuai dengan deskripsi. Channel TV banyak namun gambarnya kurang jelas. Saya memesan kamar include dengan sarapan, menu sarapan standar (nasi, sayur, lauk pauk, buah, bubur, sereal, roti, dan beberapa minuman dingin dan hangat). Untuk rasa makanan standar hotel.",Diulas 3 minggu lalu,"https://ik.imagekit.io/tvlk/ugc-review/guys1L+Yyer9kzI3sp-pb0CG1j2bhflZGFUZOoIf1YOBAm37kEUOKR41ieUZm7ZJ/ugc-photo-ap-southeast-1-581603780057-acd24e232f75f09e/REVIEW/REVIEW_1776481562859_252da81b6736c5c0?_src=imagekit&tr=c-at_max,h-100,q-40,w-100","https://ik.imagekit.io/tvlk/ugc-review/guys1L+Yyer9kzI3sp-pb0CG1j2bhflZGFUZOoIf1YOBAm37kEUOKR41ieUZm7ZJ/ugc-photo-ap-southeast-1-581603780057-acd24e232f75f09e/REVIEW/REVIEW_1776481562858_9d810e0c67013d84?_src=imagekit&tr=c-at_max,h-100,q-40,w-100","https://ik.imagekit.io/tvlk/ugc-review/guys1L+Yyer9kzI3sp-pb0CG1j2bhflZGFUZOoIf1YOBAm37kEUOKR41ieUZm7ZJ/ugc-photo-ap-southeast-1-581603780057-acd24e232f75f09e/REVIEW/REVIEW_1776481562858_fcddc4f248a09bd2?_src=imagekit&tr=c-at_max,h-100,q-40,w-100","https://ik.imagekit.io/tvlk/ugc-review/guys1L+Yyer9kzI3sp-pb0CG1j2bhflZGFUZOoIf1YOBAm37kEUOKR41ieUZm7ZJ/ugc-photo-ap-southeast-1-581603780057-acd24e232f75f09e/REVIEW/REVIEW_1776481562858_cd0eefbd79c19d1c?_src=imagekit&tr=c-at_max,h-100,q-40,w-100","https://ik.imagekit.io/tvlk/ugc-review/guys1L+Yyer9kzI3sp-pb0CG1j2bhflZGFUZOoIf1YOBAm37kEUOKR41ieUZm7ZJ/ugc-photo-ap-southeast-1-581603780057-acd24e232f75f09e/REVIEW/REVIEW_1776481562858_e802c2582014767d?_src=imagekit&tr=c-at_max,h-100,q-40,w-100",,,,,,,,,,,,,,,
https://www.traveloka.com/id-id/user/review/consumption/HOTEL/GENERAL/3000010008595,1,3,"Bersih, rapi, cukup strategis dan sudah profesional banget",Diulas 4 minggu lalu,https://d24fi85k5ai89e.cloudfront.net/REVIEW_VIDEO/THUMBNAIL/c59ea11a-97c1-4f4b-9cf3-d800376dc1ba.0000001.jpg,,,,,,,,,,,,,,,,,,,
https://www.traveloka.com/id-id/user/review/consumption/HOTEL/GENERAL/3000010008595,1,4,"Mantap, oke, dekat dengan semuanya, di lantai bawah ada KFC, Richess 24 jam, semuanya di depan mal, mantap.",Diulas 5 minggu lalu,"https://ik.imagekit.io/tvlk/ugc-review/guys1L+Yyer9kzI3sp-pb0CG1j2bhflZGFUZOoIf1YOBAm37kEUOKR41ieUZm7ZJ/ugc-photo-ap-southeast-1-581603780057-acd24e232f75f09e/REVIEW/REVIEW_1775562773047_16cbdbcdf59a0f66?_src=imagekit&tr=c-at_max,h-100,q-40,w-100",,,,,,,,,,,,,,,,,,,
https://www.traveloka.com/id-id/user/review/consumption/HOTEL/GENERAL/3000010008595,1,5,"Staff sangat ramah dan sangat membantu. Walaupun di hotel tidak disediakan setrika, tapi pihak hotel mau membantu mencarikan laundry terdekat yang bisa antar jemput.",Diulas 5 minggu lalu,"https://ik.imagekit.io/tvlk/ugc-review/guys1L+Yyer9kzI3sp-pb0CG1j2bhflZGFUZOoIf1YOBAm37kEUOKR41ieUZm7ZJ/ugc-photo-ap-southeast-1-581603780057-acd24e232f75f09e/REVIEW/REVIEW_1775452403792_16bdc819cf117ad9?_src=imagekit&tr=c-at_max,h-100,q-40,w-100","https://ik.imagekit.io/tvlk/ugc-review/guys1L+Yyer9kzI3sp-pb0CG1j2bhflZGFUZOoIf1YOBAm37kEUOKR41ieUZm7ZJ/ugc-photo-ap-southeast-1-581603780057-acd24e232f75f09e/REVIEW/REVIEW_1775452403792_f65228f13114a777?_src=imagekit&tr=c-at_max,h-100,q-40,w-100","https://ik.imagekit.io/tvlk/ugc-review/guys1L+Yyer9kzI3sp-pb0CG1j2bhflZGFUZOoIf1YOBAm37kEUOKR41ieUZm7ZJ/ugc-photo-ap-southeast-1-581603780057-acd24e232f75f09e/REVIEW/REVIEW_1775452403791_b7e9c29edce7ccc5?_src=imagekit&tr=c-at_max,h-100,q-40,w-100","https://ik.imagekit.io/tvlk/ugc-review/guys1L+Yyer9kzI3sp-pb0CG1j2bhflZGFUZOoIf1YOBAm37kEUOKR41ieUZm7ZJ/ugc-photo-ap-southeast-1-581603780057-acd24e232f75f09e/REVIEW/REVIEW_1775452403791_fbc0bd3ba8d97301?_src=imagekit&tr=c-at_max,h-100,q-40,w-100",,,,,,,,,,,,,,,,
https://www.traveloka.com/id-id/user/review/consumption/HOTEL/GENERAL/3000010008595,1,6,"Staff hotel ramah-ramah semua, proses cek in dan cek out mudah dan cepat. Kamar nyaman, pemandangan di lt 6 bagus 😍 terima kasih s Atlantic City Hotel ❤️",Diulas 6 minggu lalu,"https://ik.imagekit.io/tvlk/ugc-review/guys1L+Yyer9kzI3sp-pb0CG1j2bhflZGFUZOoIf1YOBAm37kEUOKR41ieUZm7ZJ/ugc-photo-ap-southeast-1-581603780057-acd24e232f75f09e/REVIEW/REVIEW_1774443403117_3c2f40d2333870e1?_src=imagekit&tr=c-at_max,h-100,q-40,w-100",,,,,,,,,,,,,,,,,,,
https://www.traveloka.com/id-id/user/review/consumption/HOTEL/GENERAL/3000010008595,1,7,"Staf hotel ramah. Lokasi sebelum KFC, menyeberang ada McD di Istana Plaza. Banyak restoran dekat hotel. Kamar luas. Harga murah. Sudah berkali-kali menginap di sini.",Diulas 7 minggu lalu,"https://ik.imagekit.io/tvlk/ugc-review/guys1L+Yyer9kzI3sp-pb0CG1j2bhflZGFUZOoIf1YOBAm37kEUOKR41ieUZm7ZJ/ugc-photo-ap-southeast-1-581603780057-acd24e232f75f09e/REVIEW/REVIEW_1773973096008_5e450b5b0a8bd17d?_src=imagekit&tr=c-at_max,h-100,q-40,w-100",https://d24fi85k5ai89e.cloudfront.net/REVIEW_VIDEO/THUMBNAIL/e2fb1db4-38a9-427d-90a3-1ddeb89ac38d.0000001.jpg,,,,,,,,,,,,,,,,,,
https://www.traveloka.com/id-id/user/review/consumption/HOTEL/GENERAL/3000010008595,1,8,"Staff ramah, minta hairdryer langsung dikasih. Pesen minuman dari sky lounge langsung diantar ke kamar. Untuk check-in ada deposit 50k. Dekat banget sama mal Istana Plaza dan KFC.",Diulas 11 minggu lalu,https://d24fi85k5ai89e.cloudfront.net/REVIEW_VIDEO/THUMBNAIL/31d56adf-dc8d-47b4-ae7e-b14d97c73205.0000001.jpg,,,,,,,,,,,,,,,,,,,
https://www.traveloka.com/id-id/user/review/consumption/HOTEL/GENERAL/3000010008595,1,9,"staff ramah, harga murah tapi ga murahan 👍",Diulas 15 minggu lalu,"https://ik.imagekit.io/tvlk/ugc-review/guys1L+Yyer9kzI3sp-pb0CG1j2bhflZGFUZOoIf1YOBAm37kEUOKR41ieUZm7ZJ/ugc-photo-ap-southeast-1-581603780057-acd24e232f75f09e/REVIEW/REVIEW_1769136748457_5ae4faff9bc60c4a?_src=imagekit&tr=c-at_max,h-100,q-40,w-100",,,,,,,,,,,,,,,,,,,
https://www.traveloka.com/id-id/user/review/consumption/HOTEL/GENERAL/3000010008595,1,10,Pengalaman liburan yang menyenangkan.... semua nya bagus dan menyenangkan.,Diulas 15 minggu lalu,"https://ik.imagekit.io/tvlk/ugc-review/guys1L+Yyer9kzI3sp-pb0CG1j2bhflZGFUZOoIf1YOBAm37kEUOKR41ieUZm7ZJ/ugc-photo-ap-southeast-1-581603780057-acd24e232f75f09e/REVIEW/REVIEW_1769056454186_4f0a5944ad29f294?_src=imagekit&tr=c-at_max,h-100,q-40,w-100","https://ik.imagekit.io/tvlk/ugc-review/guys1L+Yyer9kzI3sp-pb0CG1j2bhflZGFUZOoIf1YOBAm37kEUOKR41ieUZm7ZJ/ugc-photo-ap-southeast-1-581603780057-acd24e232f75f09e/REVIEW/REVIEW_1769056454186_919d1f6bc36dfbec?_src=imagekit&tr=c-at_max,h-100,q-40,w-100","https://ik.imagekit.io/tvlk/ugc-review/guys1L+Yyer9kzI3sp-pb0CG1j2bhflZGFUZOoIf1YOBAm37kEUOKR41ieUZm7ZJ/ugc-photo-ap-southeast-1-581603780057-acd24e232f75f09e/REVIEW/REVIEW_1769056454186_a5d8cebb1d1b0e7e?_src=imagekit&tr=c-at_max,h-100,q-40,w-100",,,,,,,,,,,,,,,,,
https://www.traveloka.com/id-id/user/review/consumption/HOTEL/GENERAL/3000010008595,1,11,"Saya pesan kamar dengan No Smoking Room. Lalu ketika baru check-in masuk kamar, ruangan sudah bau rokok, terutama kamar mandi pengap bau rokok banget. Ini tentunya sangat mengganggu kenyamanan. Sudah coba hubungi pihak resepsionis, responnya “Oh ya, mungkin itu dari Exhaust Fan-nya ya Kak, nanti kita coba bantu kirim orang untuk bereskan.” Lalu, enggak lama datang orang dengan bawa pewangi ruangan (Stella) untuk disemprot dan sudah itu saja tindakannya. Apakah bau rokoknya hilang? Tentu tidak, dong. Bau banget ges kaya naik angkot Stella jeruk",Diulas 16 minggu lalu,"https://ik.imagekit.io/tvlk/ugc-review/guys1L+Yyer9kzI3sp-pb0CG1j2bhflZGFUZOoIf1YOBAm37kEUOKR41ieUZm7ZJ/ugc-photo-ap-southeast-1-581603780057-acd24e232f75f09e/REVIEW/REVIEW_1768403337466_1e4ce11dc111250a?_src=imagekit&tr=c-at_max,h-100,q-40,w-100","https://ik.imagekit.io/tvlk/ugc-review/guys1L+Yyer9kzI3sp-pb0CG1j2bhflZGFUZOoIf1YOBAm37kEUOKR41ieUZm7ZJ/ugc-photo-ap-southeast-1-581603780057-acd24e232f75f09e/REVIEW/REVIEW_1768403358720_4f0b7384d5b421bf?_src=imagekit&tr=c-at_max,h-100,q-40,w-100",,,,,,,,,,,,,,,,,,
https://www.traveloka.com/id-id/user/review/consumption/HOTEL/GENERAL/3000010008595,1,12,"Diizinkan check-in sebelum jam 12 siang mungkin karena kami dari luar kota, semua staf ramah dan mendapat hadiah voucher makan malam Natal, terima kasih.",Diulas 16 minggu lalu,"https://ik.imagekit.io/tvlk/ugc-review/guys1L+Yyer9kzI3sp-pb0CG1j2bhflZGFUZOoIf1YOBAm37kEUOKR41ieUZm7ZJ/ugc-photo-ap-southeast-1-581603780057-acd24e232f75f09e/REVIEW/REVIEW_1768356673100_4f8cfc50affb880e?_src=imagekit&tr=c-at_max,h-100,q-40,w-100","https://ik.imagekit.io/tvlk/ugc-review/guys1L+Yyer9kzI3sp-pb0CG1j2bhflZGFUZOoIf1YOBAm37kEUOKR41ieUZm7ZJ/ugc-photo-ap-southeast-1-581603780057-acd24e232f75f09e/REVIEW/REVIEW_1768356673099_b04a4b4961f4fa5c?_src=imagekit&tr=c-at_max,h-100,q-40,w-100",,,,,,,,,,,,,,,,,,
https://www.traveloka.com/id-id/user/review/consumption/HOTEL/GENERAL/3000010008595,1,13,"terletak di Kota Bandung, sebrangan sama Living Plaza dan ga jauh dari mall 23 Paskal. tempatnya strategis, mau cari makan banyak dan dekat.
ada Live music di lantai 7, setiap Jumat dan Sabtu jam 19.30-22.00.
Hotelnya bersih dan staff nya membantu banget.",Diulas 17 minggu lalu,"https://ik.imagekit.io/tvlk/ugc-review/guys1L+Yyer9kzI3sp-pb0CG1j2bhflZGFUZOoIf1YOBAm37kEUOKR41ieUZm7ZJ/ugc-photo-ap-southeast-1-581603780057-acd24e232f75f09e/REVIEW/REVIEW_1768301010754_2c47b5e3f0e2c018?_src=imagekit&tr=c-at_max,h-100,q-40,w-100","https://ik.imagekit.io/tvlk/ugc-review/guys1L+Yyer9kzI3sp-pb0CG1j2bhflZGFUZOoIf1YOBAm37kEUOKR41ieUZm7ZJ/ugc-photo-ap-southeast-1-581603780057-acd24e232f75f09e/REVIEW/REVIEW_1768301010754_14d83bf2af0c7247?_src=imagekit&tr=c-at_max,h-100,q-40,w-100","https://ik.imagekit.io/tvlk/ugc-review/guys1L+Yyer9kzI3sp-pb0CG1j2bhflZGFUZOoIf1YOBAm37kEUOKR41ieUZm7ZJ/ugc-photo-ap-southeast-1-581603780057-acd24e232f75f09e/REVIEW/REVIEW_1768301046853_37bebdb3351b4e6a?_src=imagekit&tr=c-at_max,h-100,q-40,w-100","https://ik.imagekit.io/tvlk/ugc-review/guys1L+Yyer9kzI3sp-pb0CG1j2bhflZGFUZOoIf1YOBAm37kEUOKR41ieUZm7ZJ/ugc-photo-ap-southeast-1-581603780057-acd24e232f75f09e/REVIEW/REVIEW_1768301046852_f76a3413beffbe99?_src=imagekit&tr=c-at_max,h-100,q-40,w-100",,,,,,,,,,,,,,,,
https://www.traveloka.com/id-id/user/review/consumption/HOTEL/GENERAL/3000010008595,1,14,"Puas stay disini enak nyaman bersih, staff pada ramah, lokasi strategis apa2 gampang bisa lebih mantap lagi kalau kamar kedap suara soalnya posisi hotel di simpang lampu traffic jadi kadang berisik. Overall good stay worth it.",Diulas 17 minggu lalu,"https://ik.imagekit.io/tvlk/ugc-review/guys1L+Yyer9kzI3sp-pb0CG1j2bhflZGFUZOoIf1YOBAm37kEUOKR41ieUZm7ZJ/ugc-photo-ap-southeast-1-581603780057-acd24e232f75f09e/REVIEW/REVIEW_1768192318356_82a6eeb80d1b3f99?_src=imagekit&tr=c-at_max,h-100,q-40,w-100","https://ik.imagekit.io/tvlk/ugc-review/guys1L+Yyer9kzI3sp-pb0CG1j2bhflZGFUZOoIf1YOBAm37kEUOKR41ieUZm7ZJ/ugc-photo-ap-southeast-1-581603780057-acd24e232f75f09e/REVIEW/REVIEW_1768192318356_43f28919982aff42?_src=imagekit&tr=c-at_max,h-100,q-40,w-100","https://ik.imagekit.io/tvlk/ugc-review/guys1L+Yyer9kzI3sp-pb0CG1j2bhflZGFUZOoIf1YOBAm37kEUOKR41ieUZm7ZJ/ugc-photo-ap-southeast-1-581603780057-acd24e232f75f09e/REVIEW/REVIEW_1768192318356_d288ad22760ff705?_src=imagekit&tr=c-at_max,h-100,q-40,w-100",,,,,,,,,,,,,,,,,
https://www.traveloka.com/id-id/user/review/consumption/HOTEL/GENERAL/3000010008595,1,15,rekomen banget buat keluarga yang mau bermain di kota bandung,Diulas 17 minggu lalu,"https://ik.imagekit.io/tvlk/ugc-review/guys1L+Yyer9kzI3sp-pb0CG1j2bhflZGFUZOoIf1YOBAm37kEUOKR41ieUZm7ZJ/ugc-photo-ap-southeast-1-581603780057-acd24e232f75f09e/REVIEW/REVIEW_1767929867650_51122c66761796c4?_src=imagekit&tr=c-at_max,h-100,q-40,w-100","https://ik.imagekit.io/tvlk/ugc-review/guys1L+Yyer9kzI3sp-pb0CG1j2bhflZGFUZOoIf1YOBAm37kEUOKR41ieUZm7ZJ/ugc-photo-ap-southeast-1-581603780057-acd24e232f75f09e/REVIEW/REVIEW_1767929867650_11855de434bfbe79?_src=imagekit&tr=c-at_max,h-100,q-40,w-100",,,,,,,,,,,,,,,,,,
https://www.traveloka.com/id-id/user/review/consumption/HOTEL/GENERAL/3000010008595,1,16,Staffnya ramah dan kamarnya bersih,Diulas 18 minggu lalu,"https://ik.imagekit.io/tvlk/ugc-review/guys1L+Yyer9kzI3sp-pb0CG1j2bhflZGFUZOoIf1YOBAm37kEUOKR41ieUZm7ZJ/ugc-photo-ap-southeast-1-581603780057-acd24e232f75f09e/REVIEW/REVIEW_1767151574692_032da2828707c8aa?_src=imagekit&tr=c-at_max,h-100,q-40,w-100",,,,,,,,,,,,,,,,,,,
https://www.traveloka.com/id-id/user/review/consumption/HOTEL/GENERAL/3000010008595,1,17,"Pelayanan baik, Staff hotel ramah, kamar bersih",Diulas 19 minggu lalu,"https://ik.imagekit.io/tvlk/ugc-review/guys1L+Yyer9kzI3sp-pb0CG1j2bhflZGFUZOoIf1YOBAm37kEUOKR41ieUZm7ZJ/ugc-photo-ap-southeast-1-581603780057-acd24e232f75f09e/REVIEW/REVIEW_1766905760746_6aae754a65bfa243?_src=imagekit&tr=c-at_max,h-100,q-40,w-100",https://d24fi85k5ai89e.cloudfront.net/REVIEW_VIDEO/THUMBNAIL/11b651b4-4016-4943-acf0-49ad06cf3204.0000001.jpg,,,,,,,,,,,,,,,,,,
https://www.traveloka.com/id-id/user/review/consumption/HOTEL/GENERAL/3000010008595,1,18,sy dtg sebelum jam 12 lgs check in dan dibolehkan utk lgs masuk ke kamar sehingga kami yg lelah dr luar kota bs lgs istiraht biasanya hotel lain tdk bisa hrs lewat dr jam1 siang.staff pelayanan semua ramah2 dan sy memdpatkan gift voucer berupa chrismast dinner utk dua org thanks.,Diulas 19 minggu lalu,"https://ik.imagekit.io/tvlk/ugc-review/guys1L+Yyer9kzI3sp-pb0CG1j2bhflZGFUZOoIf1YOBAm37kEUOKR41ieUZm7ZJ/ugc-photo-ap-southeast-1-581603780057-acd24e232f75f09e/REVIEW/REVIEW_1766804017188_157bbc58aff5dd67?_src=imagekit&tr=c-at_max,h-100,q-40,w-100","https://ik.imagekit.io/tvlk/ugc-review/guys1L+Yyer9kzI3sp-pb0CG1j2bhflZGFUZOoIf1YOBAm37kEUOKR41ieUZm7ZJ/ugc-photo-ap-southeast-1-581603780057-acd24e232f75f09e/REVIEW/REVIEW_1766804017187_193ea7202bc485b4?_src=imagekit&tr=c-at_max,h-100,q-40,w-100",,,,,,,,,,,,,,,,,,
https://www.traveloka.com/id-id/user/review/consumption/HOTEL/GENERAL/3000010008595,1,19,"Harga terjangkau, layanan baik untuk akses ke lantai atas menggunakan lift harus menggunakan kartu kamar, luas kamar standar g sempit , AC kamar kurang kerasa jadi g dingin kamarnya , untuk saya yang g suka pengharum ruamgan dan kamar mandi wangi jeruk jadi agak gimana gitu ya nyiumnya mual, minusnya kalau mau wudhu aja sih g ada keran biasa jadi harus buka shower berpotensi basah kena baju, tempat strategis pas kalau laper bisa grabfood biar satset, view roftoop nya juga lumayan bagus pemandangan kota , untuk sarapan baik , untuk deposit kemarin itu di aplikasi g ada tapi pas di sana deposit 50k , pokonya cykyp memuaskan untuk saya yang punya waktu sebentar di bandung, thank you🙏🏻😇",Diulas 20 minggu lalu,"https://ik.imagekit.io/tvlk/ugc-review/guys1L+Yyer9kzI3sp-pb0CG1j2bhflZGFUZOoIf1YOBAm37kEUOKR41ieUZm7ZJ/ugc-photo-ap-southeast-1-581603780057-acd24e232f75f09e/REVIEW/REVIEW_1766424230431_ee504ce3a98dcf2e?_src=imagekit&tr=c-at_max,h-80,q-40,w-80","https://ik.imagekit.io/tvlk/ugc-review/guys1L+Yyer9kzI3sp-pb0CG1j2bhflZGFUZOoIf1YOBAm37kEUOKR41ieUZm7ZJ/ugc-photo-ap-southeast-1-581603780057-acd24e232f75f09e/REVIEW/REVIEW_1766424230431_cf6096e8eb8ce3bf?_src=imagekit&tr=c-at_max,h-80,q-40,w-80",https://d24fi85k5ai89e.cloudfront.net/REVIEW_VIDEO/THUMBNAIL/96d8c65a-b883-4d25-9ab1-ea48ee4628b1.0000001.jpg,https://d24fi85k5ai89e.cloudfront.net/REVIEW_VIDEO/THUMBNAIL/b1e8e268-d57e-45fd-946e-e41195d8e64e.0000001.jpg,"https://ik.imagekit.io/tvlk/ugc-review/guys1L+Yyer9kzI3sp-pb0CG1j2bhflZGFUZOoIf1YOBAm37kEUOKR41ieUZm7ZJ/ugc-photo-ap-southeast-1-581603780057-acd24e232f75f09e/REVIEW/REVIEW_1766424230430_ec6f5dc40c1f40fa?_src=imagekit&tr=c-at_max,h-80,q-40,w-80","https://ik.imagekit.io/tvlk/ugc-review/guys1L+Yyer9kzI3sp-pb0CG1j2bhflZGFUZOoIf1YOBAm37kEUOKR41ieUZm7ZJ/ugc-photo-ap-southeast-1-581603780057-acd24e232f75f09e/REVIEW/REVIEW_1766424230430_2092285916a52851?_src=imagekit&tr=c-at_max,h-80,q-40,w-80","https://ik.imagekit.io/tvlk/ugc-review/guys1L+Yyer9kzI3sp-pb0CG1j2bhflZGFUZOoIf1YOBAm37kEUOKR41ieUZm7ZJ/ugc-photo-ap-southeast-1-581603780057-acd24e232f75f09e/REVIEW/REVIEW_1766424230430_4335924bebeef997?_src=imagekit&tr=c-at_max,h-80,q-40,w-80","https://ik.imagekit.io/tvlk/ugc-review/guys1L+Yyer9kzI3sp-pb0CG1j2bhflZGFUZOoIf1YOBAm37kEUOKR41ieUZm7ZJ/ugc-photo-ap-southeast-1-581603780057-acd24e232f75f09e/REVIEW/REVIEW_1766424230429_8d0cb07a376f9f1f?_src=imagekit&tr=c-at_max,h-80,q-40,w-80",,,,,,,,,,,,
https://www.traveloka.com/id-id/user/review/consumption/HOTEL/GENERAL/3000010008595,1,20,"1.Kamar, dan kamar mandi sempit banget 
2.Parkiran gamuat banyak mobil +
Sarung bantal dan sprenya itu sudah kumal banget gak layak dipake lagi, jadi ragu apa diganti atau gak saat cek in

Room: 2,5/5  |  Service: 4/5  | Location: 5/5",Diulas 20 minggu lalu,"https://ik.imagekit.io/tvlk/ugc-review/guys1L+Yyer9kzI3sp-pb0CG1j2bhflZGFUZOoIf1YOBAm37kEUOKR41ieUZm7ZJ/ugc-photo-ap-southeast-1-581603780057-acd24e232f75f09e/REVIEW/REVIEW_1765978808922_7df527cc1c39bf40?_src=imagekit&tr=c-at_max,h-100,q-40,w-100",,,,,,,,,,,,,,,,,,,
https://www.traveloka.com/id-id/user/review/consumption/HOTEL/GENERAL/3000010008595,1,21,Menyenangkan dan menarik sesuai anggaran. Makanan lezat.,Diulas 22 minggu lalu,"https://ik.imagekit.io/tvlk/ugc-review/guys1L+Yyer9kzI3sp-pb0CG1j2bhflZGFUZOoIf1YOBAm37kEUOKR41ieUZm7ZJ/ugc-photo-ap-southeast-1-581603780057-acd24e232f75f09e/REVIEW/REVIEW_1765089087987_c4cf28b8c35210eb?_src=imagekit&tr=c-at_max,h-100,q-40,w-100",,,,,,,,,,,,,,,,,,,
https://www.traveloka.com/id-id/user/review/consumption/HOTEL/GENERAL/3000010008595,1,22,"Lokasinya sih juara dekat kemana-mana meski berada di simpang 4, cuma parkir terbatas namun petugas keamanan selalu siap sedia",Diulas 22 minggu lalu,"https://ik.imagekit.io/tvlk/ugc-review/guys1L+Yyer9kzI3sp-pb0CG1j2bhflZGFUZOoIf1YOBAm37kEUOKR41ieUZm7ZJ/ugc-photo-ap-southeast-1-581603780057-acd24e232f75f09e/REVIEW/REVIEW_1764833394309_8342ed1780fb0a71?_src=imagekit&tr=c-at_max,h-100,q-40,w-100",,,,,,,,,,,,,,,,,,,
https://www.traveloka.com/id-id/user/review/consumption/HOTEL/GENERAL/3000010008595,1,23,"Check In cepat, kamar nyaman dan tidak berisik, di samping ada Mall, dekat dengan stasiun Bandung. 
kalau ke Bandung, ingin balik nginep disini lagi.",Diulas 24 minggu lalu,"https://ik.imagekit.io/tvlk/ugc-review/guys1L+Yyer9kzI3sp-pb0CG1j2bhflZGFUZOoIf1YOBAm37kEUOKR41ieUZm7ZJ/ugc-photo-ap-southeast-1-581603780057-acd24e232f75f09e/REVIEW/REVIEW_1763729011090_7b6421835d87bce4?_src=imagekit&tr=c-at_max,h-100,q-40,w-100","https://ik.imagekit.io/tvlk/ugc-review/guys1L+Yyer9kzI3sp-pb0CG1j2bhflZGFUZOoIf1YOBAm37kEUOKR41ieUZm7ZJ/ugc-photo-ap-southeast-1-581603780057-acd24e232f75f09e/REVIEW/REVIEW_1763729011090_d5e5f134eee3e516?_src=imagekit&tr=c-at_max,h-100,q-40,w-100","https://ik.imagekit.io/tvlk/ugc-review/guys1L+Yyer9kzI3sp-pb0CG1j2bhflZGFUZOoIf1YOBAm37kEUOKR41ieUZm7ZJ/ugc-photo-ap-southeast-1-581603780057-acd24e232f75f09e/REVIEW/REVIEW_1763729011089_1eab79ebb187b3b3?_src=imagekit&tr=c-at_max,h-100,q-40,w-100","https://ik.imagekit.io/tvlk/ugc-review/guys1L+Yyer9kzI3sp-pb0CG1j2bhflZGFUZOoIf1YOBAm37kEUOKR41ieUZm7ZJ/ugc-photo-ap-southeast-1-581603780057-acd24e232f75f09e/REVIEW/REVIEW_1763729011089_159e3c21b0bb459b?_src=imagekit&tr=c-at_max,h-100,q-40,w-100","https://ik.imagekit.io/tvlk/ugc-review/guys1L+Yyer9kzI3sp-pb0CG1j2bhflZGFUZOoIf1YOBAm37kEUOKR41ieUZm7ZJ/ugc-photo-ap-southeast-1-581603780057-acd24e232f75f09e/REVIEW/REVIEW_1763729011089_00f956867c9c58b9?_src=imagekit&tr=c-at_max,h-100,q-40,w-100",,,,,,,,,,,,,,,
https://www.traveloka.com/id-id/user/review/consumption/HOTEL/GENERAL/3000010008595,1,24,tempatnya strategy dan mudah di akses kemana mana dan dekat dengan pusat perbelanjaan mall paskal dan makanan buka 24 jam,Diulas 26 minggu lalu,"https://ik.imagekit.io/tvlk/ugc-review/guys1L+Yyer9kzI3sp-pb0CG1j2bhflZGFUZOoIf1YOBAm37kEUOKR41ieUZm7ZJ/ugc-photo-ap-southeast-1-581603780057-acd24e232f75f09e/REVIEW/REVIEW_1762677463428_f256052c598e285a?_src=imagekit&tr=c-at_max,h-100,q-40,w-100","https://ik.imagekit.io/tvlk/ugc-review/guys1L+Yyer9kzI3sp-pb0CG1j2bhflZGFUZOoIf1YOBAm37kEUOKR41ieUZm7ZJ/ugc-photo-ap-southeast-1-581603780057-acd24e232f75f09e/REVIEW/REVIEW_1762677463428_c35d9dc7ba7eed01?_src=imagekit&tr=c-at_max,h-100,q-40,w-100","https://ik.imagekit.io/tvlk/ugc-review/guys1L+Yyer9kzI3sp-pb0CG1j2bhflZGFUZOoIf1YOBAm37kEUOKR41ieUZm7ZJ/ugc-photo-ap-southeast-1-581603780057-acd24e232f75f09e/REVIEW/REVIEW_1762677463427_4b4fc77157737ad4?_src=imagekit&tr=c-at_max,h-100,q-40,w-100","https://ik.imagekit.io/tvlk/ugc-review/guys1L+Yyer9kzI3sp-pb0CG1j2bhflZGFUZOoIf1YOBAm37kEUOKR41ieUZm7ZJ/ugc-photo-ap-southeast-1-581603780057-acd24e232f75f09e/REVIEW/REVIEW_1762677463428_a6fe95836a4c1f99?_src=imagekit&tr=c-at_max,h-100,q-40,w-100",,,,,,,,,,,,,,,,
https://www.traveloka.com/id-id/user/review/consumption/HOTEL/GENERAL/3000010008595,1,25,baguss banget gaiss kalian hars cobain mantappl pokonya,Diulas 26 minggu lalu,"https://ik.imagekit.io/tvlk/ugc-review/guys1L+Yyer9kzI3sp-pb0CG1j2bhflZGFUZOoIf1YOBAm37kEUOKR41ieUZm7ZJ/ugc-photo-ap-southeast-1-581603780057-acd24e232f75f09e/REVIEW/REVIEW_1762302622494_f3221e3c0efde347?_src=imagekit&tr=c-at_max,h-100,q-40,w-100",,,,,,,,,,,,,,,,,,,
https://www.traveloka.com/id-id/user/review/consumption/HOTEL/GENERAL/3000010008595,1,26,selalu langganan di Atlantic city 1 tahun lebih selalu langganan nginep disini kalau di bdg,Diulas 27 minggu lalu,"https://ik.imagekit.io/tvlk/ugc-review/guys1L+Yyer9kzI3sp-pb0CG1j2bhflZGFUZOoIf1YOBAm37kEUOKR41ieUZm7ZJ/ugc-photo-ap-southeast-1-581603780057-acd24e232f75f09e/REVIEW/REVIEW_1762151085258_576f0717e8b6c584?_src=imagekit&tr=c-at_max,h-100,q-40,w-100",,,,,,,,,,,,,,,,,,,
https://www.traveloka.com/id-id/user/review/consumption/HOTEL/GENERAL/3000010008595,1,27,"lokasi sangat strategis cuma karena ini jalan satu arah jadi klo kelewat atau kalo kita pakai kendaraan umum memnag harus memutar jauh,aminitis lengkap,sayang air dari showernya kecil dan cuma naget kuku,showernya juga yang tipe satu,staff ramah cek in dan out cepat ga sampe 5 menit,pernah kesini tapi udah lama sekali sekarang baru sempatmampir kesini lagi",Diulas 28 minggu lalu,"https://ik.imagekit.io/tvlk/ugc-review/guys1L+Yyer9kzI3sp-pb0CG1j2bhflZGFUZOoIf1YOBAm37kEUOKR41ieUZm7ZJ/ugc-photo-ap-southeast-1-581603780057-acd24e232f75f09e/REVIEW/REVIEW_1761175477917_af412caf87f89f68?_src=imagekit&tr=c-at_max,h-80,q-40,w-80","https://ik.imagekit.io/tvlk/ugc-review/guys1L+Yyer9kzI3sp-pb0CG1j2bhflZGFUZOoIf1YOBAm37kEUOKR41ieUZm7ZJ/ugc-photo-ap-southeast-1-581603780057-acd24e232f75f09e/REVIEW/REVIEW_1761175477917_07dcd03dbef484a9?_src=imagekit&tr=c-at_max,h-80,q-40,w-80","https://ik.imagekit.io/tvlk/ugc-review/guys1L+Yyer9kzI3sp-pb0CG1j2bhflZGFUZOoIf1YOBAm37kEUOKR41ieUZm7ZJ/ugc-photo-ap-southeast-1-581603780057-acd24e232f75f09e/REVIEW/REVIEW_1761175477916_07eafb9efc7d6515?_src=imagekit&tr=c-at_max,h-80,q-40,w-80","https://ik.imagekit.io/tvlk/ugc-review/guys1L+Yyer9kzI3sp-pb0CG1j2bhflZGFUZOoIf1YOBAm37kEUOKR41ieUZm7ZJ/ugc-photo-ap-southeast-1-581603780057-acd24e232f75f09e/REVIEW/REVIEW_1761175477916_de8e95498e41916b?_src=imagekit&tr=c-at_max,h-80,q-40,w-80","https://ik.imagekit.io/tvlk/ugc-review/guys1L+Yyer9kzI3sp-pb0CG1j2bhflZGFUZOoIf1YOBAm37kEUOKR41ieUZm7ZJ/ugc-photo-ap-southeast-1-581603780057-acd24e232f75f09e/REVIEW/REVIEW_1761175477916_4903d35926983b49?_src=imagekit&tr=c-at_max,h-80,q-40,w-80","https://ik.imagekit.io/tvlk/ugc-review/guys1L+Yyer9kzI3sp-pb0CG1j2bhflZGFUZOoIf1YOBAm37kEUOKR41ieUZm7ZJ/ugc-photo-ap-southeast-1-581603780057-acd24e232f75f09e/REVIEW/REVIEW_1761175477916_bbbbf1f2221a67e3?_src=imagekit&tr=c-at_max,h-80,q-40,w-80","https://ik.imagekit.io/tvlk/ugc-review/guys1L+Yyer9kzI3sp-pb0CG1j2bhflZGFUZOoIf1YOBAm37kEUOKR41ieUZm7ZJ/ugc-photo-ap-southeast-1-581603780057-acd24e232f75f09e/REVIEW/REVIEW_1761175477916_7cad6271ff0a5feb?_src=imagekit&tr=c-at_max,h-80,q-40,w-80","https://ik.imagekit.io/tvlk/ugc-review/guys1L+Yyer9kzI3sp-pb0CG1j2bhflZGFUZOoIf1YOBAm37kEUOKR41ieUZm7ZJ/ugc-photo-ap-southeast-1-581603780057-acd24e232f75f09e/REVIEW/REVIEW_1761175477916_9bbeb7bfdd680536?_src=imagekit&tr=c-at_max,h-80,q-40,w-80","https://ik.imagekit.io/tvlk/ugc-review/guys1L+Yyer9kzI3sp-pb0CG1j2bhflZGFUZOoIf1YOBAm37kEUOKR41ieUZm7ZJ/ugc-photo-ap-southeast-1-581603780057-acd24e232f75f09e/REVIEW/REVIEW_1761175477913_1ebff6fa7356c8ad?_src=imagekit&tr=c-at_max,h-80,q-40,w-80",,,,,,,,,,,
https://www.traveloka.com/id-id/user/review/consumption/HOTEL/GENERAL/3000010008595,1,28,FO yg jaga tgl 16 oktober malem bad attitude. Selebihnya oke banget.,Diulas 29 minggu lalu,"https://ik.imagekit.io/tvlk/ugc-review/guys1L+Yyer9kzI3sp-pb0CG1j2bhflZGFUZOoIf1YOBAm37kEUOKR41ieUZm7ZJ/ugc-photo-ap-southeast-1-581603780057-acd24e232f75f09e/REVIEW/REVIEW_1760668919873_bda8bc71c5cd0f12?_src=imagekit&tr=c-at_max,h-100,q-40,w-100",,,,,,,,,,,,,,,,,,,
https://www.traveloka.com/id-id/user/review/consumption/HOTEL/GENERAL/3000010008595,1,29,"overall pelayanan bagus dan nyaman hotelnya, masuk sebelum jam check in kamar lsg tersedia  lokasi strategis, cuma kurang menu breakfast aja yg kurang variatif",Diulas 30 minggu lalu,"https://ik.imagekit.io/tvlk/ugc-review/guys1L+Yyer9kzI3sp-pb0CG1j2bhflZGFUZOoIf1YOBAm37kEUOKR41ieUZm7ZJ/ugc-photo-ap-southeast-1-581603780057-acd24e232f75f09e/REVIEW/REVIEW_1760338747129_e69c86fe97947401?_src=imagekit&tr=c-at_max,h-100,q-40,w-100","https://ik.imagekit.io/tvlk/ugc-review/guys1L+Yyer9kzI3sp-pb0CG1j2bhflZGFUZOoIf1YOBAm37kEUOKR41ieUZm7ZJ/ugc-photo-ap-southeast-1-581603780057-acd24e232f75f09e/REVIEW/REVIEW_1760338747129_c9cbae32111e9bff?_src=imagekit&tr=c-at_max,h-100,q-40,w-100","https://ik.imagekit.io/tvlk/ugc-review/guys1L+Yyer9kzI3sp-pb0CG1j2bhflZGFUZOoIf1YOBAm37kEUOKR41ieUZm7ZJ/ugc-photo-ap-southeast-1-581603780057-acd24e232f75f09e/REVIEW/REVIEW_1760338747130_6c3de3cbd3df0360?_src=imagekit&tr=c-at_max,h-100,q-40,w-100",,,,,,,,,,,,,,,,,
https://www.traveloka.com/id-id/user/review/consumption/HOTEL/GENERAL/3000010008595,1,30,"3 hari menginap di sini super comfy, lokasinya strategis.",Diulas 30 minggu lalu,"https://ik.imagekit.io/tvlk/ugc-review/guys1L+Yyer9kzI3sp-pb0CG1j2bhflZGFUZOoIf1YOBAm37kEUOKR41ieUZm7ZJ/ugc-photo-ap-southeast-1-581603780057-acd24e232f75f09e/REVIEW/REVIEW_1760155200406_a590f6216dd5052a?_src=imagekit&tr=c-at_max,h-100,q-40,w-100",,,,,,,,,,,,,,,,,,,
https://www.traveloka.com/id-id/user/review/consumption/HOTEL/GENERAL/3000010008595,1,31,Staff hotel-nya sangat ramah dan sangat helpful,Diulas 30 minggu lalu,"https://ik.imagekit.io/tvlk/ugc-review/guys1L+Yyer9kzI3sp-pb0CG1j2bhflZGFUZOoIf1YOBAm37kEUOKR41ieUZm7ZJ/ugc-photo-ap-southeast-1-581603780057-acd24e232f75f09e/REVIEW/REVIEW_1759893849753_f38113096df97e92?_src=imagekit&tr=c-at_max,h-100,q-40,w-100",,,,,,,,,,,,,,,,,,,
https://www.traveloka.com/id-id/user/review/consumption/HOTEL/GENERAL/3000010008595,1,32,Pengalaman yang menyenangkan. Dekat kota dan banyak pilihan makanan.,Diulas 31 minggu lalu,"https://ik.imagekit.io/tvlk/ugc-review/guys1L+Yyer9kzI3sp-pb0CG1j2bhflZGFUZOoIf1YOBAm37kEUOKR41ieUZm7ZJ/ugc-photo-ap-southeast-1-581603780057-acd24e232f75f09e/REVIEW/REVIEW_1759641686427_d70dd64873ea147f?_src=imagekit&tr=c-at_max,h-100,q-40,w-100",,,,,,,,,,,,,,,,,,,
https://www.traveloka.com/id-id/user/review/consumption/HOTEL/GENERAL/3000010008595,1,33,ramah karyawannya dan cocok untuk yang mau deket pusat kota,Diulas 35 minggu lalu,"https://ik.imagekit.io/tvlk/ugc-review/guys1L+Yyer9kzI3sp-pb0CG1j2bhflZGFUZOoIf1YOBAm37kEUOKR41ieUZm7ZJ/ugc-photo-ap-southeast-1-581603780057-acd24e232f75f09e/REVIEW/REVIEW_1757395817715_1ac4d2fd3859ce51?_src=imagekit&tr=c-at_max,h-100,q-40,w-100",,,,,,,,,,,,,,,,,,,
https://www.traveloka.com/id-id/user/review/consumption/HOTEL/GENERAL/3000010008595,1,34,Staf hotel ramah dan lokasi strategis,Diulas 35 minggu lalu,"https://ik.imagekit.io/tvlk/ugc-review/guys1L+Yyer9kzI3sp-pb0CG1j2bhflZGFUZOoIf1YOBAm37kEUOKR41ieUZm7ZJ/ugc-photo-ap-southeast-1-581603780057-acd24e232f75f09e/REVIEW/REVIEW_1757044219506_2bf5c2b8d8052ee3?_src=imagekit&tr=c-at_max,h-100,q-40,w-100","https://ik.imagekit.io/tvlk/ugc-review/guys1L+Yyer9kzI3sp-pb0CG1j2bhflZGFUZOoIf1YOBAm37kEUOKR41ieUZm7ZJ/ugc-photo-ap-southeast-1-581603780057-acd24e232f75f09e/REVIEW/REVIEW_1757044219505_b7efb373684d3e92?_src=imagekit&tr=c-at_max,h-100,q-40,w-100",,,,,,,,,,,,,,,,,,
https://www.traveloka.com/id-id/user/review/consumption/HOTEL/GENERAL/3000010008595,1,35,"Kamar nyaman dan bersih, sarapan enak, dekat kfc ama mcd jga. View kamar juga langsug ke living mall bndung",Diulas 36 minggu lalu,"https://ik.imagekit.io/tvlk/ugc-review/guys1L+Yyer9kzI3sp-pb0CG1j2bhflZGFUZOoIf1YOBAm37kEUOKR41ieUZm7ZJ/ugc-photo-ap-southeast-1-581603780057-acd24e232f75f09e/REVIEW/REVIEW_1756519452192_58f85c0d37b689f0?_src=imagekit&tr=c-at_max,h-100,q-40,w-100",,,,,,,,,,,,,,,,,,,
https://www.traveloka.com/id-id/user/review/consumption/HOTEL/GENERAL/3000010008595,1,36,"Lokasi hotel lumayan strategis, staff nya ramah, kamar bersih, parkiran aga sempit",Diulas 40 minggu lalu,"https://ik.imagekit.io/tvlk/ugc-review/guys1L+Yyer9kzI3sp-pb0CG1j2bhflZGFUZOoIf1YOBAm37kEUOKR41ieUZm7ZJ/ugc-photo-ap-southeast-1-581603780057-acd24e232f75f09e/REVIEW/REVIEW_1753889644116_ab4d054ae9cb8e9d?_src=imagekit&tr=c-at_max,h-100,q-40,w-100","https://ik.imagekit.io/tvlk/ugc-review/guys1L+Yyer9kzI3sp-pb0CG1j2bhflZGFUZOoIf1YOBAm37kEUOKR41ieUZm7ZJ/ugc-photo-ap-southeast-1-581603780057-acd24e232f75f09e/REVIEW/REVIEW_1753889644116_22db4eae1d5c0a8a?_src=imagekit&tr=c-at_max,h-100,q-40,w-100",,,,,,,,,,,,,,,,,,
https://www.traveloka.com/id-id/user/review/consumption/HOTEL/GENERAL/3000010008595,1,37,"untuk jarak strategis, untuk kebersihan kamar oke, luas, dapet free snack banyak banget. untuk cafe nya oke, ada live music juga, makanan dicafe nya enak. untuk sarapan makanannya ga begitu banyak pilihan tp oke makanannya kumayan enak.",Diulas 42 minggu lalu,"https://ik.imagekit.io/tvlk/ugc-review/guys1L+Yyer9kzI3sp-pb0CG1j2bhflZGFUZOoIf1YOBAm37kEUOKR41ieUZm7ZJ/ugc-photo-ap-southeast-1-581603780057-acd24e232f75f09e/REVIEW/REVIEW_1753170234355_8e8d9302b78b35fa?_src=imagekit&tr=c-at_max,h-100,q-40,w-100","https://ik.imagekit.io/tvlk/ugc-review/guys1L+Yyer9kzI3sp-pb0CG1j2bhflZGFUZOoIf1YOBAm37kEUOKR41ieUZm7ZJ/ugc-photo-ap-southeast-1-581603780057-acd24e232f75f09e/REVIEW/REVIEW_1753170234355_345ca055fab831ce?_src=imagekit&tr=c-at_max,h-100,q-40,w-100","https://ik.imagekit.io/tvlk/ugc-review/guys1L+Yyer9kzI3sp-pb0CG1j2bhflZGFUZOoIf1YOBAm37kEUOKR41ieUZm7ZJ/ugc-photo-ap-southeast-1-581603780057-acd24e232f75f09e/REVIEW/REVIEW_1753170234355_e0300f47c09a0648?_src=imagekit&tr=c-at_max,h-100,q-40,w-100","https://ik.imagekit.io/tvlk/ugc-review/guys1L+Yyer9kzI3sp-pb0CG1j2bhflZGFUZOoIf1YOBAm37kEUOKR41ieUZm7ZJ/ugc-photo-ap-southeast-1-581603780057-acd24e232f75f09e/REVIEW/REVIEW_1753170234356_93adb6b1fe457232?_src=imagekit&tr=c-at_max,h-100,q-40,w-100","https://ik.imagekit.io/tvlk/ugc-review/guys1L+Yyer9kzI3sp-pb0CG1j2bhflZGFUZOoIf1YOBAm37kEUOKR41ieUZm7ZJ/ugc-photo-ap-southeast-1-581603780057-acd24e232f75f09e/REVIEW/REVIEW_1753170234356_78f3640afb306174?_src=imagekit&tr=c-at_max,h-100,q-40,w-100","https://ik.imagekit.io/tvlk/ugc-review/guys1L+Yyer9kzI3sp-pb0CG1j2bhflZGFUZOoIf1YOBAm37kEUOKR41ieUZm7ZJ/ugc-photo-ap-southeast-1-581603780057-acd24e232f75f09e/REVIEW/REVIEW_1753170234356_cdc1f768f9e4bc85?_src=imagekit&tr=c-at_max,h-100,q-40,w-100",,,,,,,,,,,,,,
https://www.traveloka.com/id-id/user/review/consumption/HOTEL/GENERAL/3000010008595,1,38,"Staff ramah semua... Tempat strategis, mau jalan ke mana-mana.",Diulas 42 minggu lalu,"https://ik.imagekit.io/tvlk/ugc-review/guys1L+Yyer9kzI3sp-pb0CG1j2bhflZGFUZOoIf1YOBAm37kEUOKR41ieUZm7ZJ/ugc-photo-ap-southeast-1-581603780057-acd24e232f75f09e/REVIEW/REVIEW_1752652409882_498c87ea1e229fd9?_src=imagekit&tr=c-at_max,h-100,q-40,w-100",,,,,,,,,,,,,,,,,,,
https://www.traveloka.com/id-id/user/review/consumption/HOTEL/GENERAL/3000010008595,1,39,rooftop yg oke..... bagus!!!!!!!!!!!!,Diulas 43 minggu lalu,"https://ik.imagekit.io/tvlk/ugc-review/guys1L+Yyer9kzI3sp-pb0CG1j2bhflZGFUZOoIf1YOBAm37kEUOKR41ieUZm7ZJ/ugc-photo-ap-southeast-1-581603780057-acd24e232f75f09e/REVIEW/REVIEW_1752487262769_41552161dacba49f?_src=imagekit&tr=c-at_max,h-100,q-40,w-100",,,,,,,,,,,,,,,,,,,
https://www.traveloka.com/id-id/user/review/consumption/HOTEL/GENERAL/3000010008595,1,40,Kamar sangat bagus dan bersih.,Diulas 43 minggu lalu,"https://ik.imagekit.io/tvlk/ugc-review/guys1L+Yyer9kzI3sp-pb0CG1j2bhflZGFUZOoIf1YOBAm37kEUOKR41ieUZm7ZJ/ugc-photo-ap-southeast-1-581603780057-acd24e232f75f09e/REVIEW/REVIEW_1752155699552_0ea89ea4b7a9698a?_src=imagekit&tr=c-at_max,h-100,q-40,w-100",,,,,,,,,,,,,,,,,,,
https://www.traveloka.com/id-id/user/review/consumption/HOTEL/GENERAL/3000010008595,2,1,"Biasa saja, tidak ada yang istimewa, cukup mahal untuk liburan panjang",Diulas 45 minggu lalu,"https://ik.imagekit.io/tvlk/ugc-review/guys1L+Yyer9kzI3sp-pb0CG1j2bhflZGFUZOoIf1YOBAm37kEUOKR41ieUZm7ZJ/ugc-photo-ap-southeast-1-581603780057-acd24e232f75f09e/REVIEW/20584643_REVIEW_1751190793924_b077ef5a9323ddeb?_src=imagekit&tr=c-at_max,h-100,q-40,w-100",,,,,,,,,,,,,,,,,,,
https://www.traveloka.com/id-id/user/review/consumption/HOTEL/GENERAL/3000010008595,2,2,"Lokasinya cukup strategis, sebelah persis ada KFC dan sebrangnya ada LivingWorld Mall dan MacDonald. Dekat kemana2, tapi sayangnya kamarnya ga soundproof. Jadi suara bising jalan pun terdengar. Breakfast minimalis, jadi lebih baik ga pake breakfast, karena deket tempat jajan. Plus kamar mandinya bau rokok biarpun katanya nonsmoking room. Tapi untuk keramahan, harga dan lokasi strategisnya overall worth the price sih...",Diulas 48 minggu lalu,"https://ik.imagekit.io/tvlk/ugc-review/guys1L+Yyer9kzI3sp-pb0CG1j2bhflZGFUZOoIf1YOBAm37kEUOKR41ieUZm7ZJ/ugc-photo-ap-southeast-1-581603780057-acd24e232f75f09e/REVIEW/18595117_REVIEW_1749551960141_0ece9302b48a49f7?_src=imagekit&tr=c-at_max,h-100,q-40,w-100",,,,,,,,,,,,,,,,,,,
https://www.traveloka.com/id-id/user/review/consumption/HOTEL/GENERAL/3000010008595,2,3,"Tempatnya bagus dan di tengah kota, pelayanannya bagus. Tapi kamarnya tidak kedap suara, saat tetangga mandi dengan shower, suara showernya terdengar. 
Masalah lain yang kurang bagus adalah bantalnya. Bantalnya yang berwarna biru tidak diganti, karena baunya sangat menyengat karena keringat.",Diulas 48 minggu lalu,"https://ik.imagekit.io/tvlk/ugc-review/guys1L+Yyer9kzI3sp-pb0CG1j2bhflZGFUZOoIf1YOBAm37kEUOKR41ieUZm7ZJ/ugc-photo-ap-southeast-1-581603780057-acd24e232f75f09e/REVIEW/271778419_REVIEW_1749306288554_30b39df047d1e48f?_src=imagekit&tr=c-at_max,h-100,q-40,w-100","https://ik.imagekit.io/tvlk/ugc-review/guys1L+Yyer9kzI3sp-pb0CG1j2bhflZGFUZOoIf1YOBAm37kEUOKR41ieUZm7ZJ/ugc-photo-ap-southeast-1-581603780057-acd24e232f75f09e/REVIEW/271778419_REVIEW_1749306288554_459cc3e10def689c?_src=imagekit&tr=c-at_max,h-100,q-40,w-100","https://ik.imagekit.io/tvlk/ugc-review/guys1L+Yyer9kzI3sp-pb0CG1j2bhflZGFUZOoIf1YOBAm37kEUOKR41ieUZm7ZJ/ugc-photo-ap-southeast-1-581603780057-acd24e232f75f09e/REVIEW/271778419_REVIEW_1749306596031_87006da221a65362?_src=imagekit&tr=c-at_max,h-100,q-40,w-100",,,,,,,,,,,,,,,,,
https://www.traveloka.com/id-id/user/review/consumption/HOTEL/GENERAL/3000010008595,2,4,"Hotel ditengah kota deket kmna mana pokoknya, pelayanan nya best banget request hair dryer staff yang mengantarnya ramah sekali dan dibantu akses ke kamar juga pas kunci ketinggalan padahal mas nya terlihat sibuk, benar2 memprioritaskan tamu gercep, Really appreciate to mas Argian. Kamar wanginya suka banget best pokoknya",Diulas 50 minggu lalu,"https://ik.imagekit.io/tvlk/ugc-review/guys1L+Yyer9kzI3sp-pb0CG1j2bhflZGFUZOoIf1YOBAm37kEUOKR41ieUZm7ZJ/ugc-photo-ap-southeast-1-581603780057-acd24e232f75f09e/REVIEW/31467882_REVIEW_1748353264008_8563633dde818a88?_src=imagekit&tr=c-at_max,h-100,q-40,w-100",,,,,,,,,,,,,,,,,,,
https://www.traveloka.com/id-id/user/review/consumption/HOTEL/GENERAL/3000010008595,2,5,"di kamar nya banyak kecoa, kamar AC nya berbunyi keras bikin tidur kurang nyenyak",Diulas 50 minggu lalu,"https://ik.imagekit.io/tvlk/ugc-review/guys1L+Yyer9kzI3sp-pb0CG1j2bhflZGFUZOoIf1YOBAm37kEUOKR41ieUZm7ZJ/ugc-photo-ap-southeast-1-581603780057-acd24e232f75f09e/REVIEW/194241700_REVIEW_1748150471277_63984db0f2744019?_src=imagekit&tr=c-at_max,h-100,q-40,w-100",,,,,,,,,,,,,,,,,,,
https://www.traveloka.com/id-id/user/review/consumption/HOTEL/GENERAL/3000010008595,2,6,"Tengah malam pesan GrabFood minta tolong dianterin ke kamar, terus langsung dianter detik itu juga baik banget staff-nya. Kamar tidur dan kamar mandi bersih banget, sprei handuk enggak ada yang kuning atau noda, bener-bener semuanya baru bersih. Kamar juga wangi, tidak bau debu atau rokok. Furniture baru semua, enggak ngasal kaya hotel budget lainnya. Lorong jalan menuju kamar spacious dan bersih terang benderang. Jarang banget nemu hotel 300-an di Bandung tapi bener-bener yang oke. Definitely bakalan stay di sini lagi kalau ke Bandung!",Diulas 50 minggu lalu,"https://ik.imagekit.io/tvlk/ugc-review/guys1L+Yyer9kzI3sp-pb0CG1j2bhflZGFUZOoIf1YOBAm37kEUOKR41ieUZm7ZJ/ugc-photo-ap-southeast-1-581603780057-acd24e232f75f09e/REVIEW/3637617_REVIEW_1748146801621_61e25edbcabf3731?_src=imagekit&tr=c-at_max,h-100,q-40,w-100","https://ik.imagekit.io/tvlk/ugc-review/guys1L+Yyer9kzI3sp-pb0CG1j2bhflZGFUZOoIf1YOBAm37kEUOKR41ieUZm7ZJ/ugc-photo-ap-southeast-1-581603780057-acd24e232f75f09e/REVIEW/3637617_REVIEW_1748146801620_ba81c40959a53d18?_src=imagekit&tr=c-at_max,h-100,q-40,w-100","https://ik.imagekit.io/tvlk/ugc-review/guys1L+Yyer9kzI3sp-pb0CG1j2bhflZGFUZOoIf1YOBAm37kEUOKR41ieUZm7ZJ/ugc-photo-ap-southeast-1-581603780057-acd24e232f75f09e/REVIEW/3637617_REVIEW_1748146801620_a704ba7c8892c116?_src=imagekit&tr=c-at_max,h-100,q-40,w-100","https://ik.imagekit.io/tvlk/ugc-review/guys1L+Yyer9kzI3sp-pb0CG1j2bhflZGFUZOoIf1YOBAm37kEUOKR41ieUZm7ZJ/ugc-photo-ap-southeast-1-581603780057-acd24e232f75f09e/REVIEW/3637617_REVIEW_1748146801621_d7c9d3e67253904b?_src=imagekit&tr=c-at_max,h-100,q-40,w-100",,,,,,,,,,,,,,,,
https://www.traveloka.com/id-id/user/review/consumption/HOTEL/GENERAL/3000010008595,2,7,"hotel bersih, staff ramah dan baik",Diulas 52 minggu lalu,"https://ik.imagekit.io/tvlk/ugc-review/guys1L+Yyer9kzI3sp-pb0CG1j2bhflZGFUZOoIf1YOBAm37kEUOKR41ieUZm7ZJ/ugc-photo-ap-southeast-1-581603780057-acd24e232f75f09e/REVIEW/227859414_REVIEW_1747089736255_ec6ced049d65536c?_src=imagekit&tr=c-at_max,h-100,q-40,w-100",,,,,,,,,,,,,,,,,,,
https://www.traveloka.com/id-id/user/review/consumption/HOTEL/GENERAL/3000010008595,2,8,hotel sangat nyaman dan lokasi strategis,Diulas 52 minggu lalu,"https://ik.imagekit.io/tvlk/ugc-review/guys1L+Yyer9kzI3sp-pb0CG1j2bhflZGFUZOoIf1YOBAm37kEUOKR41ieUZm7ZJ/ugc-photo-ap-southeast-1-581603780057-acd24e232f75f09e/REVIEW/163414891_REVIEW_1746876703082_b0c0e09f6b3f6c19?_src=imagekit&tr=c-at_max,h-100,q-40,w-100",,,,,,,,,,,,,,,,,,,
https://www.traveloka.com/id-id/user/review/consumption/HOTEL/GENERAL/3000010008595,2,9,"bersih banget kamarnya. untuk harganya sangat sepadan. Parkir di basement, waktu saya menginap pas long weekend, jadi parkir penuh tapi jangan khawatir ada free vallet.",Diulas 52 minggu lalu,"https://ik.imagekit.io/tvlk/ugc-review/guys1L+Yyer9kzI3sp-pb0CG1j2bhflZGFUZOoIf1YOBAm37kEUOKR41ieUZm7ZJ/ugc-photo-ap-southeast-1-581603780057-acd24e232f75f09e/REVIEW/21007571_REVIEW_1746841941132_1cb4f539e23e3931?_src=imagekit&tr=c-at_max,h-100,q-40,w-100",,,,,,,,,,,,,,,,,,,
https://www.traveloka.com/id-id/user/review/consumption/HOTEL/GENERAL/3000010008595,2,10,"Nice view, kamar bersih, AC dingin",Diulas 52 minggu lalu,"https://ik.imagekit.io/tvlk/ugc-review/guys1L+Yyer9kzI3sp-pb0CG1j2bhflZGFUZOoIf1YOBAm37kEUOKR41ieUZm7ZJ/ugc-photo-ap-southeast-1-581603780057-acd24e232f75f09e/REVIEW/10768683_REVIEW_1746829195522_6d3b44582d8e92be?_src=imagekit&tr=c-at_max,h-100,q-40,w-100","https://ik.imagekit.io/tvlk/ugc-review/guys1L+Yyer9kzI3sp-pb0CG1j2bhflZGFUZOoIf1YOBAm37kEUOKR41ieUZm7ZJ/ugc-photo-ap-southeast-1-581603780057-acd24e232f75f09e/REVIEW/10768683_REVIEW_1746829195522_710a781c2584836f?_src=imagekit&tr=c-at_max,h-100,q-40,w-100","https://ik.imagekit.io/tvlk/ugc-review/guys1L+Yyer9kzI3sp-pb0CG1j2bhflZGFUZOoIf1YOBAm37kEUOKR41ieUZm7ZJ/ugc-photo-ap-southeast-1-581603780057-acd24e232f75f09e/REVIEW/10768683_REVIEW_1746829195522_a7a754f2e3009eee?_src=imagekit&tr=c-at_max,h-100,q-40,w-100",,,,,,,,,,,,,,,,,
https://www.traveloka.com/id-id/user/review/consumption/HOTEL/GENERAL/3000010008595,2,11,hotel strategis ditengah kota ..kamar bersih pelayanan sangat ramah,Diulas 56 minggu lalu,"https://ik.imagekit.io/tvlk/ugc-review/guys1L+Yyer9kzI3sp-pb0CG1j2bhflZGFUZOoIf1YOBAm37kEUOKR41ieUZm7ZJ/ugc-photo-ap-southeast-1-581603780057-acd24e232f75f09e/REVIEW/23880246_REVIEW_1744511455916_d3b63e919d79541a?_src=imagekit&tr=c-at_max,h-100,q-40,w-100",,,,,,,,,,,,,,,,,,,
https://www.traveloka.com/id-id/user/review/consumption/HOTEL/GENERAL/3000010008595,2,12,"staff hotel ramah, petugas kebersihan juga sangat ramah.",Diulas 56 minggu lalu,"https://ik.imagekit.io/tvlk/ugc-review/guys1L+Yyer9kzI3sp-pb0CG1j2bhflZGFUZOoIf1YOBAm37kEUOKR41ieUZm7ZJ/ugc-photo-ap-southeast-1-581603780057-acd24e232f75f09e/REVIEW/11211394_REVIEW_1744439288559_4ee3fb6f12aea413?_src=imagekit&tr=c-at_max,h-100,q-40,w-100",,,,,,,,,,,,,,,,,,,
https://www.traveloka.com/id-id/user/review/consumption/HOTEL/GENERAL/3000010008595,2,13,Mantappp harga ekonomis ga kaleng kaleng,Diulas 56 minggu lalu,"https://ik.imagekit.io/tvlk/ugc-review/guys1L+Yyer9kzI3sp-pb0CG1j2bhflZGFUZOoIf1YOBAm37kEUOKR41ieUZm7ZJ/ugc-photo-ap-southeast-1-581603780057-acd24e232f75f09e/REVIEW/22400345_REVIEW_1744268590688_312b2aaa90e5752a?_src=imagekit&tr=c-at_max,h-100,q-40,w-100",,,,,,,,,,,,,,,,,,,
https://www.traveloka.com/id-id/user/review/consumption/HOTEL/GENERAL/3000010008595,2,14,"staf hotel sangat ramah, makanannya pun enak..",Diulas 57 minggu lalu,"https://ik.imagekit.io/tvlk/ugc-review/guys1L+Yyer9kzI3sp-pb0CG1j2bhflZGFUZOoIf1YOBAm37kEUOKR41ieUZm7ZJ/ugc-photo-ap-southeast-1-581603780057-acd24e232f75f09e/REVIEW/334248646_REVIEW_1744017088634_41b2a2c3e4f011e8?_src=imagekit&tr=c-at_max,h-100,q-40,w-100","https://ik.imagekit.io/tvlk/ugc-review/guys1L+Yyer9kzI3sp-pb0CG1j2bhflZGFUZOoIf1YOBAm37kEUOKR41ieUZm7ZJ/ugc-photo-ap-southeast-1-581603780057-acd24e232f75f09e/REVIEW/334248646_REVIEW_1744017088635_3266e8d5a5cc5a3f?_src=imagekit&tr=c-at_max,h-100,q-40,w-100",,,,,,,,,,,,,,,,,,
https://www.traveloka.com/id-id/user/review/consumption/HOTEL/GENERAL/3000010008595,2,15,"hotelnya dekan dgn braga, asia afrika, dll",Diulas 57 minggu lalu,"https://ik.imagekit.io/tvlk/ugc-review/guys1L+Yyer9kzI3sp-pb0CG1j2bhflZGFUZOoIf1YOBAm37kEUOKR41ieUZm7ZJ/ugc-photo-ap-southeast-1-581603780057-acd24e232f75f09e/REVIEW/71940747_REVIEW_1743722078058_e4bebfc12e5c0680?_src=imagekit&tr=c-at_max,h-100,q-40,w-100","https://ik.imagekit.io/tvlk/ugc-review/guys1L+Yyer9kzI3sp-pb0CG1j2bhflZGFUZOoIf1YOBAm37kEUOKR41ieUZm7ZJ/ugc-photo-ap-southeast-1-581603780057-acd24e232f75f09e/REVIEW/71940747_REVIEW_1743722090868_fb3e25a95aa45efe?_src=imagekit&tr=c-at_max,h-100,q-40,w-100",,,,,,,,,,,,,,,,,,
https://www.traveloka.com/id-id/user/review/consumption/HOTEL/GENERAL/3000010008595,2,16,"setiap transit bersama paksu 
pastinya kesini",Diulas 60 minggu lalu,"https://ik.imagekit.io/tvlk/ugc-review/guys1L+Yyer9kzI3sp-pb0CG1j2bhflZGFUZOoIf1YOBAm37kEUOKR41ieUZm7ZJ/ugc-photo-ap-southeast-1-581603780057-acd24e232f75f09e/REVIEW/233439023_REVIEW_1742003890627_38c552a0b6221d35?_src=imagekit&tr=c-at_max,h-100,q-40,w-100","https://ik.imagekit.io/tvlk/ugc-review/guys1L+Yyer9kzI3sp-pb0CG1j2bhflZGFUZOoIf1YOBAm37kEUOKR41ieUZm7ZJ/ugc-photo-ap-southeast-1-581603780057-acd24e232f75f09e/REVIEW/233439023_REVIEW_1742003890628_e0e9c7bf75f2c68c?_src=imagekit&tr=c-at_max,h-100,q-40,w-100",,,,,,,,,,,,,,,,,,
https://www.traveloka.com/id-id/user/review/consumption/HOTEL/GENERAL/3000010008595,2,17,"Jujur saya sudah beberapa kali menginap disini dan selalu puas.. tapi kali ini agak kurang sih, entah kenapa, mulai dari AC-nya agak rusak dan tidak bisa dinyalakan (tapi tetap dingin), TV-nya perlu dibenahi, agak berderit, kayak TV jadul (lain kali saya ganti biar ada Netflix), dan kamar mandinya agak bau, gak tau kenapa, padahal bersih dan airnya lancar. + cuma kali ini dapat pengering rambut di kamar mandinya.",Diulas 62 minggu lalu,"https://ik.imagekit.io/tvlk/ugc-review/guys1L+Yyer9kzI3sp-pb0CG1j2bhflZGFUZOoIf1YOBAm37kEUOKR41ieUZm7ZJ/ugc-photo-ap-southeast-1-581603780057-acd24e232f75f09e/REVIEW/213248429_REVIEW_1740638116176_61e6bdb513d842be?_src=imagekit&tr=c-at_max,h-100,q-40,w-100","https://ik.imagekit.io/tvlk/ugc-review/guys1L+Yyer9kzI3sp-pb0CG1j2bhflZGFUZOoIf1YOBAm37kEUOKR41ieUZm7ZJ/ugc-photo-ap-southeast-1-581603780057-acd24e232f75f09e/REVIEW/213248429_REVIEW_1740638116176_548e931eb9e227ab?_src=imagekit&tr=c-at_max,h-100,q-40,w-100",,,,,,,,,,,,,,,,,,
https://www.traveloka.com/id-id/user/review/consumption/HOTEL/GENERAL/3000010008595,2,18,"Akses ke mall, gereja katolik, dan gate tol sangat dekat",Diulas 63 minggu lalu,"https://ik.imagekit.io/tvlk/ugc-review/guys1L+Yyer9kzI3sp-pb0CG1j2bhflZGFUZOoIf1YOBAm37kEUOKR41ieUZm7ZJ/ugc-photo-ap-southeast-1-581603780057-acd24e232f75f09e/REVIEW/339941159_REVIEW_1740023548614_8f1a73d26c42bef1?_src=imagekit&tr=c-at_max,h-100,q-40,w-100","https://ik.imagekit.io/tvlk/ugc-review/guys1L+Yyer9kzI3sp-pb0CG1j2bhflZGFUZOoIf1YOBAm37kEUOKR41ieUZm7ZJ/ugc-photo-ap-southeast-1-581603780057-acd24e232f75f09e/REVIEW/339941159_REVIEW_1740023548614_e201a40d3344ae1a?_src=imagekit&tr=c-at_max,h-100,q-40,w-100",,,,,,,,,,,,,,,,,,
https://www.traveloka.com/id-id/user/review/consumption/HOTEL/GENERAL/3000010008595,2,19,staff sangat baik makanan bervariasii enak lengkap dekat dr mana mana seruu nyaman nextnyaa nginep sini lg deh,Diulas 65 minggu lalu,"https://ik.imagekit.io/tvlk/ugc-review/guys1L+Yyer9kzI3sp-pb0CG1j2bhflZGFUZOoIf1YOBAm37kEUOKR41ieUZm7ZJ/ugc-photo-ap-southeast-1-581603780057-acd24e232f75f09e/REVIEW/193669492_REVIEW_1739090700655_5e2bc9e5827fc8ab?_src=imagekit&tr=c-at_max,h-100,q-40,w-100",,,,,,,,,,,,,,,,,,,
https://www.traveloka.com/id-id/user/review/consumption/HOTEL/GENERAL/3000010008595,2,20,hotelnya nyaman dan menyenangkan ☺️,Diulas 66 minggu lalu,"https://ik.imagekit.io/tvlk/ugc-review/guys1L+Yyer9kzI3sp-pb0CG1j2bhflZGFUZOoIf1YOBAm37kEUOKR41ieUZm7ZJ/ugc-photo-ap-southeast-1-581603780057-acd24e232f75f09e/REVIEW/216371074_REVIEW_1738648485309_001c9d31b258f7f8?_src=imagekit&tr=c-at_max,h-100,q-40,w-100",,,,,,,,,,,,,,,,,,,
https://www.traveloka.com/id-id/user/review/consumption/HOTEL/GENERAL/3000010008595,2,21,"Penyebabnya adalah karena ruangan tidak kedap suara, jendela tidak rapat, kunci/slot jendela tidak berfungsi. Harap perhatikan lagi kualitas suaranya.",Diulas 66 minggu lalu,"https://ik.imagekit.io/tvlk/ugc-review/guys1L+Yyer9kzI3sp-pb0CG1j2bhflZGFUZOoIf1YOBAm37kEUOKR41ieUZm7ZJ/ugc-photo-ap-southeast-1-581603780057-acd24e232f75f09e/REVIEW/4476283_REVIEW_1738544995749_e292b4efdefd5b81?_src=imagekit&tr=c-at_max,h-100,q-40,w-100",,,,,,,,,,,,,,,,,,,
https://www.traveloka.com/id-id/user/review/consumption/HOTEL/GENERAL/3000010008595,2,22,"Lokasi hotel dekat dengan kuliner Pasirkaliki, cukup nyaman, hanya saja space parkir yang terbatas. Overall good.",Diulas 67 minggu lalu,"https://ik.imagekit.io/tvlk/ugc-review/guys1L+Yyer9kzI3sp-pb0CG1j2bhflZGFUZOoIf1YOBAm37kEUOKR41ieUZm7ZJ/ugc-photo-ap-southeast-1-581603780057-acd24e232f75f09e/REVIEW/3770404_REVIEW_1737635294495_7caf4d910faf0d43?_src=imagekit&tr=c-at_max,h-100,q-40,w-100",,,,,,,,,,,,,,,,,,,
https://www.traveloka.com/id-id/user/review/consumption/HOTEL/GENERAL/3000010008595,2,23,Makanan enak dan staf yang ramah,Diulas 69 minggu lalu,"https://ik.imagekit.io/tvlk/ugc-review/guys1L+Yyer9kzI3sp-pb0CG1j2bhflZGFUZOoIf1YOBAm37kEUOKR41ieUZm7ZJ/ugc-photo-ap-southeast-1-581603780057-acd24e232f75f09e/REVIEW/22927815_REVIEW_1736345157913_c0100f379a165866?_src=imagekit&tr=c-at_max,h-100,q-40,w-100",,,,,,,,,,,,,,,,,,,
https://www.traveloka.com/id-id/user/review/consumption/HOTEL/GENERAL/3000010008595,2,24,Recoment si untuk hrga segini kmr bersih dan ga bau apek,Diulas 70 minggu lalu,"https://ik.imagekit.io/tvlk/ugc-review/guys1L+Yyer9kzI3sp-pb0CG1j2bhflZGFUZOoIf1YOBAm37kEUOKR41ieUZm7ZJ/ugc-photo-ap-southeast-1-581603780057-acd24e232f75f09e/REVIEW/176533253_REVIEW_1736268654222_3b3db8613f432f47?_src=imagekit&tr=c-at_max,h-100,q-40,w-100","https://ik.imagekit.io/tvlk/ugc-review/guys1L+Yyer9kzI3sp-pb0CG1j2bhflZGFUZOoIf1YOBAm37kEUOKR41ieUZm7ZJ/ugc-photo-ap-southeast-1-581603780057-acd24e232f75f09e/REVIEW/176533253_REVIEW_1736268672019_d562ff12fcc4b4b2?_src=imagekit&tr=c-at_max,h-100,q-40,w-100",,,,,,,,,,,,,,,,,,
https://www.traveloka.com/id-id/user/review/consumption/HOTEL/GENERAL/3000010008595,2,25,"Kamarnya enak banget, pas buat keluarga yang mau liburan 2/3 malam dan dekat banget sama pusat kota, ukurannya pas bangettt dan bersih, pokoknya ini oke banget deh",Diulas 71 minggu lalu,"https://ik.imagekit.io/tvlk/ugc-review/guys1L+Yyer9kzI3sp-pb0CG1j2bhflZGFUZOoIf1YOBAm37kEUOKR41ieUZm7ZJ/ugc-photo-ap-southeast-1-581603780057-acd24e232f75f09e/REVIEW/290899503_REVIEW_1735543613114_92da9d35431b2861?_src=imagekit&tr=c-at_max,h-100,q-40,w-100",,,,,,,,,,,,,,,,,,,
https://www.traveloka.com/id-id/user/review/consumption/HOTEL/GENERAL/3000010008595,2,26,"Kekurangannya tidak ada penjaga pintu, jadi agak repot kalau bawa barang sambil buka pintu",Diulas 71 minggu lalu,"https://ik.imagekit.io/tvlk/ugc-review/guys1L+Yyer9kzI3sp-pb0CG1j2bhflZGFUZOoIf1YOBAm37kEUOKR41ieUZm7ZJ/ugc-photo-ap-southeast-1-581603780057-acd24e232f75f09e/REVIEW/22724698_REVIEW_1735469229764_21c7b1e26dfc4308?_src=imagekit&tr=c-at_max,h-100,q-40,w-100",,,,,,,,,,,,,,,,,,,
https://www.traveloka.com/id-id/user/review/consumption/HOTEL/GENERAL/3000010008595,2,27,Akses mudah dari mana-mana. Staff ramah. Hotel bersih. Di tengah kota dan harga murah,Diulas 86 minggu lalu,"https://ik.imagekit.io/tvlk/ugc-review/guys1L+Yyer9kzI3sp-pb0CG1j2bhflZGFUZOoIf1YOBAm37kEUOKR41ieUZm7ZJ/ugc-photo-ap-southeast-1-581603780057-acd24e232f75f09e/REVIEW/199271116_REVIEW_1726379197539_af0c812d268d41a1?_src=imagekit&tr=c-at_max,h-100,q-40,w-100",,,,,,,,,,,,,,,,,,,
https://www.traveloka.com/id-id/user/review/consumption/HOTEL/GENERAL/3000010008595,2,28,"Kalau ke bandung pasti menginap disini, karena di pusat kota, dekat dan mudah dijangkau.. apalagi di sekitar hotel ada KFC, Richeese, Starback, McD bahkan mall.. jadi jauh, nyaman walaupun di pinggir jalan, tidak terlalu bising kendaraan.. worth it. Saya pernah ke bandung dan menginap disini.",Diulas 89 minggu lalu,"https://ik.imagekit.io/tvlk/ugc-review/guys1L+Yyer9kzI3sp-pb0CG1j2bhflZGFUZOoIf1YOBAm37kEUOKR41ieUZm7ZJ/ugc-photo-ap-southeast-1-581603780057-acd24e232f75f09e/REVIEW/213248429_REVIEW_1724415873819_7c9252d5ca21b885?_src=imagekit&tr=c-at_max,h-100,q-40,w-100","https://ik.imagekit.io/tvlk/ugc-review/guys1L+Yyer9kzI3sp-pb0CG1j2bhflZGFUZOoIf1YOBAm37kEUOKR41ieUZm7ZJ/ugc-photo-ap-southeast-1-581603780057-acd24e232f75f09e/REVIEW/213248429_REVIEW_1724415873818_7150c7be1f823f07?_src=imagekit&tr=c-at_max,h-100,q-40,w-100",,,,,,,,,,,,,,,,,,
https://www.traveloka.com/id-id/user/review/consumption/HOTEL/GENERAL/3000010008595,2,29,"Staff hotel sangat ramah dan responsif. Room dan bathroom bersih, ac dingin. Lokasi sangat strategis di tengah kota memudahkan mobilitas saya dan suami yang dalam perjalanan bisnis karena dekat ke pintu tol juga ke pusat kota",Diulas 94 minggu lalu,"https://ik.imagekit.io/tvlk/ugc-review/guys1L+Yyer9kzI3sp-pb0CG1j2bhflZGFUZOoIf1YOBAm37kEUOKR41ieUZm7ZJ/ugc-photo-ap-southeast-1-581603780057-acd24e232f75f09e/REVIEW/117405862_REVIEW_1721261840800_3d03b20a53aa7a88?_src=imagekit&tr=c-at_max,h-100,q-40,w-100",,,,,,,,,,,,,,,,,,,
https://www.traveloka.com/id-id/user/review/consumption/HOTEL/GENERAL/3000010008595,2,30,"Menurut aku, hotelnya nyaman banget, petugasnya ramah-ramah banget dari satpam, petugas parkir, admin dan lain-lain, good attitude, harganya juga worth it banget. Paling menu sarapannya saja banyakin lagi variannya 😝😜",Diulas 95 minggu lalu,"https://ik.imagekit.io/tvlk/ugc-review/guys1L+Yyer9kzI3sp-pb0CG1j2bhflZGFUZOoIf1YOBAm37kEUOKR41ieUZm7ZJ/ugc-photo-ap-southeast-1-581603780057-acd24e232f75f09e/ACCOMMODATION/298897528_ACCOMMODATION_1721052292075_014a2fdff663e148?_src=imagekit&tr=c-at_max,h-100,q-40,w-100","https://ik.imagekit.io/tvlk/ugc-review/guys1L+Yyer9kzI3sp-pb0CG1j2bhflZGFUZOoIf1YOBAm37kEUOKR41ieUZm7ZJ/ugc-photo-ap-southeast-1-581603780057-acd24e232f75f09e/ACCOMMODATION/298897528_ACCOMMODATION_1721052292075_23a33d1f34af947a?_src=imagekit&tr=c-at_max,h-100,q-40,w-100","https://ik.imagekit.io/tvlk/ugc-review/guys1L+Yyer9kzI3sp-pb0CG1j2bhflZGFUZOoIf1YOBAm37kEUOKR41ieUZm7ZJ/ugc-photo-ap-southeast-1-581603780057-acd24e232f75f09e/ACCOMMODATION/298897528_ACCOMMODATION_1721052292076_055b7cb0f615f0b9?_src=imagekit&tr=c-at_max,h-100,q-40,w-100",,,,,,,,,,,,,,,,,
https://www.traveloka.com/id-id/user/review/consumption/HOTEL/GENERAL/3000010008595,2,31,"Staf hotel sangat ramah, kamar hotelnya luas, restorannya nyaman buat nongkrong, ada live music.",Diulas 96 minggu lalu,"https://ik.imagekit.io/tvlk/ugc-review/guys1L+Yyer9kzI3sp-pb0CG1j2bhflZGFUZOoIf1YOBAm37kEUOKR41ieUZm7ZJ/ugc-photo-ap-southeast-1-581603780057-acd24e232f75f09e/REVIEW/985953_REVIEW_1720522492695_6f6836faf31dc294?_src=imagekit&tr=c-at_max,h-100,q-40,w-100",,,,,,,,,,,,,,,,,,,
https://www.traveloka.com/id-id/user/review/consumption/HOTEL/GENERAL/3000010008595,2,32,"Kamar mandinya kebanjiran, tempat tidurnya nyaman",Diulas 98 minggu lalu,"https://ik.imagekit.io/tvlk/ugc-review/guys1L+Yyer9kzI3sp-pb0CG1j2bhflZGFUZOoIf1YOBAm37kEUOKR41ieUZm7ZJ/ugc-photo-ap-southeast-1-581603780057-acd24e232f75f09e/REVIEW/2155089_REVIEW_1718926510871_ad19120f7eb5899a?_src=imagekit&tr=c-at_max,h-100,q-40,w-100",,,,,,,,,,,,,,,,,,,
https://www.traveloka.com/id-id/user/review/consumption/HOTEL/GENERAL/3000010008595,2,33,Sudah 2 kali menginap di sini. Dekat dengan tempat makan.,Diulas 99 minggu lalu,"https://ik.imagekit.io/tvlk/ugc-review/guys1L+Yyer9kzI3sp-pb0CG1j2bhflZGFUZOoIf1YOBAm37kEUOKR41ieUZm7ZJ/ugc-photo-ap-southeast-1-581603780057-acd24e232f75f09e/REVIEW/8022893_REVIEW_1718597800535_2c420d885da4f671?_src=imagekit&tr=c-at_max,h-100,q-40,w-100",,,,,,,,,,,,,,,,,,,
https://www.traveloka.com/id-id/user/review/consumption/HOTEL/GENERAL/3000010008595,2,34,"Hotelnya bersih dan lokasi yang strategis, jadi nanti saya ke Bandung lagi akan menginap di sini lagi.",Diulas 107 minggu lalu,"https://ik.imagekit.io/tvlk/ugc-review/guys1L+Yyer9kzI3sp-pb0CG1j2bhflZGFUZOoIf1YOBAm37kEUOKR41ieUZm7ZJ/ugc-photo-ap-southeast-1-581603780057-acd24e232f75f09e/REVIEW/223357627_REVIEW_1713360468281_1a17127fbaa23c36?_src=imagekit&tr=c-at_max,h-100,q-40,w-100","https://ik.imagekit.io/tvlk/ugc-review/guys1L+Yyer9kzI3sp-pb0CG1j2bhflZGFUZOoIf1YOBAm37kEUOKR41ieUZm7ZJ/ugc-photo-ap-southeast-1-581603780057-acd24e232f75f09e/REVIEW/223357627_REVIEW_1713360468281_fff1f8de995a8f01?_src=imagekit&tr=c-at_max,h-100,q-40,w-100","https://ik.imagekit.io/tvlk/ugc-review/guys1L+Yyer9kzI3sp-pb0CG1j2bhflZGFUZOoIf1YOBAm37kEUOKR41ieUZm7ZJ/ugc-photo-ap-southeast-1-581603780057-acd24e232f75f09e/REVIEW/223357627_REVIEW_1713360468280_131c23439a907cd0?_src=imagekit&tr=c-at_max,h-100,q-40,w-100",,,,,,,,,,,,,,,,,
https://www.traveloka.com/id-id/user/review/consumption/HOTEL/GENERAL/3000010008595,2,35,"Kamar nya bersih, paling suka untuk sprei, sarung bantal dan sellimut nya sangat bersih tidak ada noda. Penerangan kamar variatif lampunya, jadi bisa disesuaikan. Para staf dan satpam sangat ramah. Tersedia teko air, kopi dan teh. Sikat gigi, sandal, dan handuk dapat 2. Channel TV banyak, hanya saja tidak terlalu jernih saluran nya. Untuk breakfast sedikit pilihan nya. Lokasi strategis, di sekitar banyak makanan seperti KFC, MCD, dan Richeese. Minusnya: Gelas dan Teko air kotor (berdebu & bau apek) Kamar tidak kedap suara, suara dari luar kamar sangat terdengar. Wastafel air nya sangat sangat kecil.",Diulas 108 minggu lalu,"https://ik.imagekit.io/tvlk/ugc-review/guys1L+Yyer9kzI3sp-pb0CG1j2bhflZGFUZOoIf1YOBAm37kEUOKR41ieUZm7ZJ/ugc-photo-ap-southeast-1-581603780057-acd24e232f75f09e/REVIEW/38423423_REVIEW_1713266614109_d01c7c0f44d8b223?_src=imagekit&tr=c-at_max,h-100,q-40,w-100","https://ik.imagekit.io/tvlk/ugc-review/guys1L+Yyer9kzI3sp-pb0CG1j2bhflZGFUZOoIf1YOBAm37kEUOKR41ieUZm7ZJ/ugc-photo-ap-southeast-1-581603780057-acd24e232f75f09e/REVIEW/38423423_REVIEW_1713266614109_9fcdcb8afd7a837c?_src=imagekit&tr=c-at_max,h-100,q-40,w-100",,,,,,,,,,,,,,,,,,
https://www.traveloka.com/id-id/user/review/consumption/HOTEL/GENERAL/3000010008595,2,36,"Bersih, nyaman, murah, lokasi strategis banget, dekat ke bandara/stasiun. Ke mal, ke restoran. Kamarnya bersih wangi juga.",Diulas 109 minggu lalu,"https://ik.imagekit.io/tvlk/ugc-review/guys1L+Yyer9kzI3sp-pb0CG1j2bhflZGFUZOoIf1YOBAm37kEUOKR41ieUZm7ZJ/ugc-photo-ap-southeast-1-581603780057-acd24e232f75f09e/REVIEW/4547978_REVIEW_1712292491485_70d6cee0f70e1d6a?_src=imagekit&tr=c-at_max,h-100,q-40,w-100",,,,,,,,,,,,,,,,,,,
https://www.traveloka.com/id-id/user/review/consumption/HOTEL/GENERAL/3000010008595,2,37,"Setiap mampir ke Bandung selalu menginap di Atlantic City, lokasinya di pusat kota sehingga mudah ke mana-mana, kamarnya nyaman, bersih dan luas sesuai dengan harapan kami, pelayanan para staff-nya (Mbak Eksa dan Mbak Nurul) yang ramah dan selalu sigap banyak membantu untuk informasi kamar dan waktu menginap.",Diulas 113 minggu lalu,"https://ik.imagekit.io/tvlk/ugc-review/guys1L+Yyer9kzI3sp-pb0CG1j2bhflZGFUZOoIf1YOBAm37kEUOKR41ieUZm7ZJ/ugc-photo-ap-southeast-1-581603780057-acd24e232f75f09e/ACCOMMODATION/109495948_ACCOMMODATION_1709871215153_c772f6c2e80e6d1e?_src=imagekit&tr=c-at_max,h-100,q-40,w-100",,,,,,,,,,,,,,,,,,,
https://www.traveloka.com/id-id/user/review/consumption/HOTEL/GENERAL/3000010008595,2,38,"Hotel yang bagus, makanannya nikmat. Bisa istirahat cukup. Harga sebanding kualitas.",Diulas 125 minggu lalu,"https://ik.imagekit.io/tvlk/ugc-review/guys1L+Yyer9kzI3sp-pb0CG1j2bhflZGFUZOoIf1YOBAm37kEUOKR41ieUZm7ZJ/ugc-photo-ap-southeast-1-581603780057-acd24e232f75f09e/ACCOMMODATION/116922397_ACCOMMODATION_1702795093622_bd2f3ba6b4297c58?_src=imagekit&tr=c-at_max,h-100,q-40,w-100","https://ik.imagekit.io/tvlk/ugc-review/guys1L+Yyer9kzI3sp-pb0CG1j2bhflZGFUZOoIf1YOBAm37kEUOKR41ieUZm7ZJ/ugc-photo-ap-southeast-1-581603780057-acd24e232f75f09e/ACCOMMODATION/116922397_ACCOMMODATION_1702795093623_77f1d7d341ed6fca?_src=imagekit&tr=c-at_max,h-100,q-40,w-100",,,,,,,,,,,,,,,,,,
https://www.traveloka.com/id-id/user/review/consumption/HOTEL/GENERAL/3000010008595,2,39,"Bersih dan lokasi bagus, hanya parkiran saja yang kurang luas tapi security nya nya sangat baik dan helpful sekali, makanan ga coba sih. Tapi overall oke, mungkin akan kembali lagi nanti",Diulas 125 minggu lalu,"https://ik.imagekit.io/tvlk/ugc-review/guys1L+Yyer9kzI3sp-pb0CG1j2bhflZGFUZOoIf1YOBAm37kEUOKR41ieUZm7ZJ/ugc-photo-ap-southeast-1-581603780057-acd24e232f75f09e/ACCOMMODATION/192827559_ACCOMMODATION_1702770266241_1af083866c3697d6?_src=imagekit&tr=c-at_max,h-100,q-40,w-100",,,,,,,,,,,,,,,,,,,
https://www.traveloka.com/id-id/user/review/consumption/HOTEL/GENERAL/3000010008595,2,40,"Hotelnya bersih dan nyaman, recommended.",Diulas 127 minggu lalu,"https://ik.imagekit.io/tvlk/ugc-review/guys1L+Yyer9kzI3sp-pb0CG1j2bhflZGFUZOoIf1YOBAm37kEUOKR41ieUZm7ZJ/ugc-photo-ap-southeast-1-581603780057-acd24e232f75f09e/ACCOMMODATION/14463528_ACCOMMODATION_1701229441627_0d01a0c4a222eebb?_src=imagekit&tr=c-at_max,h-100,q-40,w-100",,,,,,,,,,,,,,,,,,,
https://www.traveloka.com/id-id/user/review/consumption/HOTEL/GENERAL/3000010008595,3,1,Seneng. Bisa kuliner deket-deket sini. Jalan kaki 300meter ke GOR bisa kuliner pagi hari. Kalo ke kiri ada Warung Cepot dan aneka kuliner top.,Diulas 129 minggu lalu,"https://ik.imagekit.io/tvlk/ugc-review/guys1L+Yyer9kzI3sp-pb0CG1j2bhflZGFUZOoIf1YOBAm37kEUOKR41ieUZm7ZJ/ugc-photo-ap-southeast-1-581603780057-acd24e232f75f09e/ACCOMMODATION/19223351_ACCOMMODATION_1700451787846_717181d55bf4ca3f?_src=imagekit&tr=c-at_max,h-100,q-40,w-100","https://ik.imagekit.io/tvlk/ugc-review/guys1L+Yyer9kzI3sp-pb0CG1j2bhflZGFUZOoIf1YOBAm37kEUOKR41ieUZm7ZJ/ugc-photo-ap-southeast-1-581603780057-acd24e232f75f09e/ACCOMMODATION/19223351_ACCOMMODATION_1700451787846_610f760eb6793981?_src=imagekit&tr=c-at_max,h-100,q-40,w-100",,,,,,,,,,,,,,,,,,
https://www.traveloka.com/id-id/user/review/consumption/HOTEL/GENERAL/3000010008595,3,2,Hotel pusat kota terbaik sejauh ini. Anda pasti akan menyukai pemandangannya.,Diulas 129 minggu lalu,"https://ik.imagekit.io/tvlk/ugc-review/guys1L+Yyer9kzI3sp-pb0CG1j2bhflZGFUZOoIf1YOBAm37kEUOKR41ieUZm7ZJ/ugc-photo-ap-southeast-1-581603780057-acd24e232f75f09e/ACCOMMODATION/19579918_ACCOMMODATION_1700353616118_5aa5b96783805567?_src=imagekit&tr=c-at_max,h-100,q-40,w-100",,,,,,,,,,,,,,,,,,,
https://www.traveloka.com/id-id/user/review/consumption/HOTEL/GENERAL/3000010008595,3,3,"Ke Bandung pasti nginep di sini, kamar bersih, staf ramah ramah, makasih ya.",Diulas 129 minggu lalu,"https://ik.imagekit.io/tvlk/ugc-review/guys1L+Yyer9kzI3sp-pb0CG1j2bhflZGFUZOoIf1YOBAm37kEUOKR41ieUZm7ZJ/ugc-photo-ap-southeast-1-581603780057-acd24e232f75f09e/ACCOMMODATION/203404203_ACCOMMODATION_1700220213298_9fff24aef3f8cd5f?_src=imagekit&tr=c-at_max,h-100,q-40,w-100",,,,,,,,,,,,,,,,,,,
https://www.traveloka.com/id-id/user/review/consumption/HOTEL/GENERAL/3000010008595,3,4,"Betah banget di sini, ada rooftop buat ngopi ngopi, kamar bersih, stafnya ramah ramah, makasih ya.",Diulas 129 minggu lalu,"https://ik.imagekit.io/tvlk/ugc-review/guys1L+Yyer9kzI3sp-pb0CG1j2bhflZGFUZOoIf1YOBAm37kEUOKR41ieUZm7ZJ/ugc-photo-ap-southeast-1-581603780057-acd24e232f75f09e/ACCOMMODATION/203404203_ACCOMMODATION_1700220032915_7712930cfc87d0fa?_src=imagekit&tr=c-at_max,h-100,q-40,w-100",,,,,,,,,,,,,,,,,,,
https://www.traveloka.com/id-id/user/review/consumption/HOTEL/GENERAL/3000010008595,3,5,"So far so good. Sarapannya lumayan, tapi kurang bervariasi untuk desert nya. Hehehehe. Pelayanan ramah. Kamar ga ada masalah. Cuma aku dateng kecepetan jadi extrabed belum dipasang. Ada live music nya kalau malam minggu, pas buat nongkrong anak muda.",Diulas 132 minggu lalu,"https://ik.imagekit.io/tvlk/ugc-review/guys1L+Yyer9kzI3sp-pb0CG1j2bhflZGFUZOoIf1YOBAm37kEUOKR41ieUZm7ZJ/ugc-photo-ap-southeast-1-581603780057-acd24e232f75f09e/ACCOMMODATION/6698650_ACCOMMODATION_1698559206922_232b8d98fbf1c3e6?_src=imagekit&tr=c-at_max,h-100,q-40,w-100","https://ik.imagekit.io/tvlk/ugc-review/guys1L+Yyer9kzI3sp-pb0CG1j2bhflZGFUZOoIf1YOBAm37kEUOKR41ieUZm7ZJ/ugc-photo-ap-southeast-1-581603780057-acd24e232f75f09e/ACCOMMODATION/6698650_ACCOMMODATION_1698559206922_b20a41312c1a8c64?_src=imagekit&tr=c-at_max,h-100,q-40,w-100","https://ik.imagekit.io/tvlk/ugc-review/guys1L+Yyer9kzI3sp-pb0CG1j2bhflZGFUZOoIf1YOBAm37kEUOKR41ieUZm7ZJ/ugc-photo-ap-southeast-1-581603780057-acd24e232f75f09e/ACCOMMODATION/6698650_ACCOMMODATION_1698559206922_17808cfe1c783c2f?_src=imagekit&tr=c-at_max,h-100,q-40,w-100",,,,,,,,,,,,,,,,,
https://www.traveloka.com/id-id/user/review/consumption/HOTEL/GENERAL/3000010008595,3,6,"Gambar kamar sesuai dengan aslinya, breakfast lumayan.",Diulas 136 minggu lalu,"https://ik.imagekit.io/tvlk/ugc-review/guys1L+Yyer9kzI3sp-pb0CG1j2bhflZGFUZOoIf1YOBAm37kEUOKR41ieUZm7ZJ/ugc-photo-ap-southeast-1-581603780057-acd24e232f75f09e/ACCOMMODATION/62838387_ACCOMMODATION_1696038462965_82af3738dc2d87b0?_src=imagekit&tr=c-at_max,h-100,q-40,w-100","https://ik.imagekit.io/tvlk/ugc-review/guys1L+Yyer9kzI3sp-pb0CG1j2bhflZGFUZOoIf1YOBAm37kEUOKR41ieUZm7ZJ/ugc-photo-ap-southeast-1-581603780057-acd24e232f75f09e/ACCOMMODATION/62838387_ACCOMMODATION_1696038462965_126fe5e98d53db99?_src=imagekit&tr=c-at_max,h-100,q-40,w-100","https://ik.imagekit.io/tvlk/ugc-review/guys1L+Yyer9kzI3sp-pb0CG1j2bhflZGFUZOoIf1YOBAm37kEUOKR41ieUZm7ZJ/ugc-photo-ap-southeast-1-581603780057-acd24e232f75f09e/ACCOMMODATION/62838387_ACCOMMODATION_1696038462966_e25294bb1409341e?_src=imagekit&tr=c-at_max,h-100,q-40,w-100",,,,,,,,,,,,,,,,,
https://www.traveloka.com/id-id/user/review/consumption/HOTEL/GENERAL/3000010008595,3,7,"Not bad sih, cuma kamar mandi airnya ngga mau turun. Jadi sellu basah di area keringnya. Lainnya sih oke.",Diulas 136 minggu lalu,"https://ik.imagekit.io/tvlk/ugc-review/guys1L+Yyer9kzI3sp-pb0CG1j2bhflZGFUZOoIf1YOBAm37kEUOKR41ieUZm7ZJ/ugc-photo-ap-southeast-1-581603780057-acd24e232f75f09e/ACCOMMODATION/206154783_ACCOMMODATION_1695793933887_ce72d34db1304d67?_src=imagekit&tr=c-at_max,h-100,q-40,w-100","https://ik.imagekit.io/tvlk/ugc-review/guys1L+Yyer9kzI3sp-pb0CG1j2bhflZGFUZOoIf1YOBAm37kEUOKR41ieUZm7ZJ/ugc-photo-ap-southeast-1-581603780057-acd24e232f75f09e/ACCOMMODATION/206154783_ACCOMMODATION_1695793933887_71aa3be896b8846b?_src=imagekit&tr=c-at_max,h-100,q-40,w-100","https://ik.imagekit.io/tvlk/ugc-review/guys1L+Yyer9kzI3sp-pb0CG1j2bhflZGFUZOoIf1YOBAm37kEUOKR41ieUZm7ZJ/ugc-photo-ap-southeast-1-581603780057-acd24e232f75f09e/ACCOMMODATION/206154783_ACCOMMODATION_1695793933888_8e23b9db1d947112?_src=imagekit&tr=c-at_max,h-100,q-40,w-100",,,,,,,,,,,,,,,,,
https://www.traveloka.com/id-id/user/review/consumption/HOTEL/GENERAL/3000010008595,3,8,"Di dalam kamar semuanya lengkap kecuali pengerng rambut, saya nginap di lantai 6 biar ga berisik kamarnya menghadap gran Pasifik hotel dan kamarnya smoking room berikut berikut jendelanya bisa di buka kalo breakfast nya sih kalo rasa masih bintang 3 sesuai dengan level bintangnya. Di luar semuanya itu sudah sangat baik.",Diulas 137 minggu lalu,"https://ik.imagekit.io/tvlk/ugc-review/guys1L+Yyer9kzI3sp-pb0CG1j2bhflZGFUZOoIf1YOBAm37kEUOKR41ieUZm7ZJ/ugc-photo-ap-southeast-1-581603780057-acd24e232f75f09e/ACCOMMODATION/141121935_ACCOMMODATION_1695646786832_4a21caefbdcfd5d8?_src=imagekit&tr=c-at_max,h-100,q-40,w-100","https://ik.imagekit.io/tvlk/ugc-review/guys1L+Yyer9kzI3sp-pb0CG1j2bhflZGFUZOoIf1YOBAm37kEUOKR41ieUZm7ZJ/ugc-photo-ap-southeast-1-581603780057-acd24e232f75f09e/ACCOMMODATION/141121935_ACCOMMODATION_1695646786833_ebf1d62d07bb17ec?_src=imagekit&tr=c-at_max,h-100,q-40,w-100","https://ik.imagekit.io/tvlk/ugc-review/guys1L+Yyer9kzI3sp-pb0CG1j2bhflZGFUZOoIf1YOBAm37kEUOKR41ieUZm7ZJ/ugc-photo-ap-southeast-1-581603780057-acd24e232f75f09e/ACCOMMODATION/141121935_ACCOMMODATION_1695646786833_40322f6e4a396e26?_src=imagekit&tr=c-at_max,h-100,q-40,w-100","https://ik.imagekit.io/tvlk/ugc-review/guys1L+Yyer9kzI3sp-pb0CG1j2bhflZGFUZOoIf1YOBAm37kEUOKR41ieUZm7ZJ/ugc-photo-ap-southeast-1-581603780057-acd24e232f75f09e/ACCOMMODATION/141121935_ACCOMMODATION_1695646786833_1df70fe70e926ac5?_src=imagekit&tr=c-at_max,h-100,q-40,w-100","https://ik.imagekit.io/tvlk/ugc-review/guys1L+Yyer9kzI3sp-pb0CG1j2bhflZGFUZOoIf1YOBAm37kEUOKR41ieUZm7ZJ/ugc-photo-ap-southeast-1-581603780057-acd24e232f75f09e/ACCOMMODATION/141121935_ACCOMMODATION_1695646786834_66bf0af033952162?_src=imagekit&tr=c-at_max,h-100,q-40,w-100","https://ik.imagekit.io/tvlk/ugc-review/guys1L+Yyer9kzI3sp-pb0CG1j2bhflZGFUZOoIf1YOBAm37kEUOKR41ieUZm7ZJ/ugc-photo-ap-southeast-1-581603780057-acd24e232f75f09e/ACCOMMODATION/141121935_ACCOMMODATION_1695646786834_3fdc40e02d41d006?_src=imagekit&tr=c-at_max,h-100,q-40,w-100",,,,,,,,,,,,,,
https://www.traveloka.com/id-id/user/review/consumption/HOTEL/GENERAL/3000010008595,3,9,"Bagus, staf ramah, ada tempat bermain anak, bersih, ada welcome drink coffee atau tea, ada cafe and lounge rooftop keren sih +live music. Hanya saja untuk bathtub nya ga bisa dgunakan karena lubang pembuangan airnya ga bisa ditutup atau ga berfungsi. Jadi air ga bisa ditampung. Dan kurang persiapan. Kita sudah pesan online ada tambahan ranjang. Saat datang baru disiapkan ranjang tambahannya. Tempatnya strategis. Dekat mall, dekat KFC dan McD jadi walau tidak dapat layanan sarapan gratis. Bisa cari makan dekat situ apalagi KFC 24jam buka disebelahnya.",Diulas 140 minggu lalu,"https://ik.imagekit.io/tvlk/ugc-review/guys1L+Yyer9kzI3sp-pb0CG1j2bhflZGFUZOoIf1YOBAm37kEUOKR41ieUZm7ZJ/ugc-photo-ap-southeast-1-581603780057-acd24e232f75f09e/ACCOMMODATION/129191248_ACCOMMODATION_1693739779838_247b3de7716525cb?_src=imagekit&tr=c-at_max,h-100,q-40,w-100",,,,,,,,,,,,,,,,,,,
https://www.traveloka.com/id-id/user/review/consumption/HOTEL/GENERAL/3000010008595,3,10,"Pertama kali nginep di Hotel Atlantic City, kamarnya lumayan ga kecil-kecil banget. Di samping-samping hotel ada mall, KFC & McD kalo mau cari makan gampang. Cuma pas check in dapet kamar yang smoking room, sprei kotor kaya bekas dipakai orang, westafel mampet. Untungnya telepon ke operator langsung diganti sepreinya & westafelnya dibersihkan. So far lumayan lah nginep di sana.",Diulas 149 minggu lalu,"https://ik.imagekit.io/tvlk/ugc-review/guys1L+Yyer9kzI3sp-pb0CG1j2bhflZGFUZOoIf1YOBAm37kEUOKR41ieUZm7ZJ/ugc-photo-ap-southeast-1-581603780057-acd24e232f75f09e/ACCOMMODATION/14469452_ACCOMMODATION_1688287234539_8e6424344a27fcee?_src=imagekit&tr=c-at_max,h-100,q-40,w-100","https://ik.imagekit.io/tvlk/ugc-review/guys1L+Yyer9kzI3sp-pb0CG1j2bhflZGFUZOoIf1YOBAm37kEUOKR41ieUZm7ZJ/ugc-photo-ap-southeast-1-581603780057-acd24e232f75f09e/ACCOMMODATION/14469452_ACCOMMODATION_1688287234540_44f30b53aa6262b3?_src=imagekit&tr=c-at_max,h-100,q-40,w-100",,,,,,,,,,,,,,,,,,
https://www.traveloka.com/id-id/user/review/consumption/HOTEL/GENERAL/3000010008595,3,11,"Kamar bersih, kamar mandi bersih, pelayanannya ramah, desain nya minimalis, view nya kota Bandung bikin betah, ke mall tinggal nyebrang. Sedikit masukan, di kamar 602 untuk kursi hitam yang depan cermin itu udah sobek bawahnya harusnya diganti, sprei yang ada nodanya alangkah baiknya jangan dipakai lagi takutnya berasumsi sprei bekas orang.",Diulas 154 minggu lalu,"https://ik.imagekit.io/tvlk/ugc-review/guys1L+Yyer9kzI3sp-pb0CG1j2bhflZGFUZOoIf1YOBAm37kEUOKR41ieUZm7ZJ/ugc-photo-ap-southeast-1-581603780057-acd24e232f75f09e/ACCOMMODATION/273111011_ACCOMMODATION_1685109440734_504d28098cfa40d3?_src=imagekit&tr=c-at_max,h-100,q-40,w-100",,,,,,,,,,,,,,,,,,,
https://www.traveloka.com/id-id/user/review/consumption/HOTEL/GENERAL/3000010008595,3,12,Recommended banget buat keluarga yang dari luar kota Bandung.,Diulas 158 minggu lalu,"https://ik.imagekit.io/tvlk/ugc-review/guys1L+Yyer9kzI3sp-pb0CG1j2bhflZGFUZOoIf1YOBAm37kEUOKR41ieUZm7ZJ/ugc-photo-ap-southeast-1-581603780057-acd24e232f75f09e/ACCOMMODATION/90099571_ACCOMMODATION_1682859748440_0ac9002d20ffd7a4?_src=imagekit&tr=c-at_max,h-100,q-40,w-100",,,,,,,,,,,,,,,,,,,
https://www.traveloka.com/id-id/user/review/consumption/HOTEL/GENERAL/3000010008595,3,13,Harga dan pelayanan sebanding. Good pokoknya. Pelayanannya ramah-ramah.,Diulas 159 minggu lalu,"https://ik.imagekit.io/tvlk/ugc-review/guys1L+Yyer9kzI3sp-pb0CG1j2bhflZGFUZOoIf1YOBAm37kEUOKR41ieUZm7ZJ/ugc-photo-ap-southeast-1-581603780057-acd24e232f75f09e/ACCOMMODATION/175209643_ACCOMMODATION_1681889417833_0d680db1e371dc83?_src=imagekit&tr=c-at_max,h-100,q-40,w-100","https://ik.imagekit.io/tvlk/ugc-review/guys1L+Yyer9kzI3sp-pb0CG1j2bhflZGFUZOoIf1YOBAm37kEUOKR41ieUZm7ZJ/ugc-photo-ap-southeast-1-581603780057-acd24e232f75f09e/ACCOMMODATION/175209643_ACCOMMODATION_1681889417833_05255be9b81d552e?_src=imagekit&tr=c-at_max,h-100,q-40,w-100","https://ik.imagekit.io/tvlk/ugc-review/guys1L+Yyer9kzI3sp-pb0CG1j2bhflZGFUZOoIf1YOBAm37kEUOKR41ieUZm7ZJ/ugc-photo-ap-southeast-1-581603780057-acd24e232f75f09e/ACCOMMODATION/175209643_ACCOMMODATION_1681889417834_6c325c321888936d?_src=imagekit&tr=c-at_max,h-100,q-40,w-100",,,,,,,,,,,,,,,,,
https://www.traveloka.com/id-id/user/review/consumption/HOTEL/GENERAL/3000010008595,3,14,"Enak banget pengalaman pertama kali menginap di hotel ini, dikasih best view, kamar lantai atas dan kemudahan early check in maupun late check out.",Diulas 167 minggu lalu,"https://ik.imagekit.io/tvlk/ugc-review/guys1L+Yyer9kzI3sp-pb0CG1j2bhflZGFUZOoIf1YOBAm37kEUOKR41ieUZm7ZJ/ugc-photo-ap-southeast-1-581603780057-acd24e232f75f09e/ACCOMMODATION/12342722_ACCOMMODATION_1677568131197_30a75a056ee69613?_src=imagekit&tr=c-at_max,h-100,q-40,w-100",,,,,,,,,,,,,,,,,,,
https://www.traveloka.com/id-id/user/review/consumption/HOTEL/GENERAL/3000010008595,3,15,"Tidak ada kurangnya untuk saya, luar biasa! Kalo ke Bandung mesti banget pesan jauh hari, cepat full dan itu sangat wajar.💙",Diulas 173 minggu lalu,"https://ik.imagekit.io/tvlk/ugc-review/guys1L+Yyer9kzI3sp-pb0CG1j2bhflZGFUZOoIf1YOBAm37kEUOKR41ieUZm7ZJ/ugc-photo-ap-southeast-1-581603780057-acd24e232f75f09e/ACCOMMODATION/11405372_ACCOMMODATION_1673626234376_afdeceb4de5a399a?_src=imagekit&tr=c-at_max,h-100,q-40,w-100",,,,,,,,,,,,,,,,,,,
https://www.traveloka.com/id-id/user/review/consumption/HOTEL/GENERAL/3000010008595,3,16,"Sudah 2x nginap di sini tidak pernah mengecewakan, kamar besih dan wangi, mantap.",Diulas 178 minggu lalu,"https://ik.imagekit.io/tvlk/ugc-review/guys1L+Yyer9kzI3sp-pb0CG1j2bhflZGFUZOoIf1YOBAm37kEUOKR41ieUZm7ZJ/ugc-photo-ap-southeast-1-581603780057-acd24e232f75f09e/ACCOMMODATION/178864127_ACCOMMODATION_1670820116658_f6f6d799e4adc37d?_src=imagekit&tr=c-at_max,h-100,q-40,w-100",,,,,,,,,,,,,,,,,,,
https://www.traveloka.com/id-id/user/review/consumption/HOTEL/GENERAL/3000010008595,3,17,"AC nya tidak dalam kondisi baik membuat batuk dan tidak dingin, kamar mandinya tidak bisa kering, tirai kamar mandinya kotor, makanannya biasa aja",Diulas 178 minggu lalu,"https://ik.imagekit.io/tvlk/ugc-review/guys1L+Yyer9kzI3sp-pb0CG1j2bhflZGFUZOoIf1YOBAm37kEUOKR41ieUZm7ZJ/ugc-photo-ap-southeast-1-581603780057-acd24e232f75f09e/ACCOMMODATION/14908962_ACCOMMODATION_1670711782371_bf881580fb704d2f?_src=imagekit&tr=c-at_max,h-100,q-40,w-100","https://ik.imagekit.io/tvlk/ugc-review/guys1L+Yyer9kzI3sp-pb0CG1j2bhflZGFUZOoIf1YOBAm37kEUOKR41ieUZm7ZJ/ugc-photo-ap-southeast-1-581603780057-acd24e232f75f09e/ACCOMMODATION/14908962_ACCOMMODATION_1670711782371_2bd354c5b41e4939?_src=imagekit&tr=c-at_max,h-100,q-40,w-100","https://ik.imagekit.io/tvlk/ugc-review/guys1L+Yyer9kzI3sp-pb0CG1j2bhflZGFUZOoIf1YOBAm37kEUOKR41ieUZm7ZJ/ugc-photo-ap-southeast-1-581603780057-acd24e232f75f09e/ACCOMMODATION/14908962_ACCOMMODATION_1670711782372_335b082ed232e6d2?_src=imagekit&tr=c-at_max,h-100,q-40,w-100",,,,,,,,,,,,,,,,,
https://www.traveloka.com/id-id/user/review/consumption/HOTEL/GENERAL/3000010008595,3,18,"Kali kedua nginep di sini dengan harapan ada perbaikan kebersihan di kamar mandi, ternyata sama saja. Padahal lokasinya strategis, staf ramah, luas kamar cukup, menu breakfast ok lah ada egg station. Coba beli cairan topron atau apa gitu buat bersihin dinding lantai kamar mandi yang jorok dan pancuran yang karatan, airnya kocar kacir mau mandi jadi gak maximal. Untung air panasnya jalan",Diulas 184 minggu lalu,"https://ik.imagekit.io/tvlk/ugc-review/guys1L+Yyer9kzI3sp-pb0CG1j2bhflZGFUZOoIf1YOBAm37kEUOKR41ieUZm7ZJ/ugc-photo-ap-southeast-1-581603780057-acd24e232f75f09e/ACCOMMODATION/59566036_ACCOMMODATION_1667263393130_e75ca706da49a40d?_src=imagekit&tr=c-at_max,h-100,q-40,w-100",,,,,,,,,,,,,,,,,,,
https://www.traveloka.com/id-id/user/review/consumption/HOTEL/GENERAL/3000010008595,3,19,"Hotelnya sih bersih, kamar bersih agak luas juga dapet view bagus lantai atas sarapan standar, harga murah ya lumayanlah hanya hanya kamar mandi agak bau, saran sih pakein pengharum kamar mandi, lainnya oke.",Diulas 184 minggu lalu,"https://ik.imagekit.io/tvlk/ugc-review/guys1L+Yyer9kzI3sp-pb0CG1j2bhflZGFUZOoIf1YOBAm37kEUOKR41ieUZm7ZJ/ugc-photo-ap-southeast-1-581603780057-acd24e232f75f09e/ACCOMMODATION/193648707_ACCOMMODATION_1666941721868_7c4b7e24ac060b44?_src=imagekit&tr=c-at_max,h-100,q-40,w-100","https://ik.imagekit.io/tvlk/ugc-review/guys1L+Yyer9kzI3sp-pb0CG1j2bhflZGFUZOoIf1YOBAm37kEUOKR41ieUZm7ZJ/ugc-photo-ap-southeast-1-581603780057-acd24e232f75f09e/ACCOMMODATION/193648707_ACCOMMODATION_1666941721868_228a7de6e156e431?_src=imagekit&tr=c-at_max,h-100,q-40,w-100","https://ik.imagekit.io/tvlk/ugc-review/guys1L+Yyer9kzI3sp-pb0CG1j2bhflZGFUZOoIf1YOBAm37kEUOKR41ieUZm7ZJ/ugc-photo-ap-southeast-1-581603780057-acd24e232f75f09e/ACCOMMODATION/193648707_ACCOMMODATION_1666941721869_5f3892bdf3a24164?_src=imagekit&tr=c-at_max,h-100,q-40,w-100","https://ik.imagekit.io/tvlk/ugc-review/guys1L+Yyer9kzI3sp-pb0CG1j2bhflZGFUZOoIf1YOBAm37kEUOKR41ieUZm7ZJ/ugc-photo-ap-southeast-1-581603780057-acd24e232f75f09e/ACCOMMODATION/193648707_ACCOMMODATION_1666941721869_b83127d73eec1669?_src=imagekit&tr=c-at_max,h-100,q-40,w-100","https://ik.imagekit.io/tvlk/ugc-review/guys1L+Yyer9kzI3sp-pb0CG1j2bhflZGFUZOoIf1YOBAm37kEUOKR41ieUZm7ZJ/ugc-photo-ap-southeast-1-581603780057-acd24e232f75f09e/ACCOMMODATION/193648707_ACCOMMODATION_1666941721870_c9f627bf6cb19f29?_src=imagekit&tr=c-at_max,h-100,q-40,w-100",,,,,,,,,,,,,,,
https://www.traveloka.com/id-id/user/review/consumption/HOTEL/GENERAL/3000010008595,3,20,"Hotelnya bagus, pelayanan oke, petugas ramah-ramah semua. Letak hotel sangat strategis di tengah-tengah kota, sarapannya enak banget🤗",Diulas 187 minggu lalu,"https://ik.imagekit.io/tvlk/ugc-review/guys1L+Yyer9kzI3sp-pb0CG1j2bhflZGFUZOoIf1YOBAm37kEUOKR41ieUZm7ZJ/ugc-photo-ap-southeast-1-581603780057-acd24e232f75f09e/ACCOMMODATION/21673321_ACCOMMODATION_1664983806297_4be179f3b889ce3f?_src=imagekit&tr=c-at_max,h-100,q-40,w-100",,,,,,,,,,,,,,,,,,,
https://www.traveloka.com/id-id/user/review/consumption/HOTEL/GENERAL/3000010008595,3,21,"Pada hari terakhir, air berhenti mengalir. Saya hanya punya cukup ruang untuk menyikat gigi. Ketika air keluar, warnanya kuning kotor.",Diulas 188 minggu lalu,"https://ik.imagekit.io/tvlk/ugc-review/guys1L+Yyer9kzI3sp-pb0CG1j2bhflZGFUZOoIf1YOBAm37kEUOKR41ieUZm7ZJ/ugc-photo-ap-southeast-1-581603780057-acd24e232f75f09e/ACCOMMODATION/210019637_ACCOMMODATION_1664777905850_f2758677ba36fe7c?_src=imagekit&tr=c-at_max,h-100,q-40,w-100",,,,,,,,,,,,,,,,,,,
https://www.traveloka.com/id-id/user/review/consumption/HOTEL/GENERAL/3000010008595,3,22,"Lokasi strategis. Petugas ramah. Sekuriti top abis, ramah dan pintar memarkirkan mobil, walaupun sempit parkiran di basement, jadi mudah. Makanan rating 7/10. Bersih banget kamarnya. AC dingin, berfungsi baik. Pencahayaan baik dan tidak gelap. Saran TV nya smart TV, biar bisa youtube dan netflix. Cleaning service nya amanah dan bersih saat membersihkan kamar ketika kami pergi. Kamar mandi bersih tapi gelap di bagian tempat mandi, itu gorden bikin ribet ahh. Pemandangan dari kamar standar karena dominan genteng orang. Harga udah bagus banget. Value for money. Overall, to all staff: keep your good work guys. Bakal nginep di sini lagi.🤗",Diulas 189 minggu lalu,"https://ik.imagekit.io/tvlk/ugc-review/guys1L+Yyer9kzI3sp-pb0CG1j2bhflZGFUZOoIf1YOBAm37kEUOKR41ieUZm7ZJ/ugc-photo-ap-southeast-1-581603780057-acd24e232f75f09e/ACCOMMODATION/5943774_ACCOMMODATION_1664113054963_e1755129d3304b8e?_src=imagekit&tr=c-at_max,h-80,q-40,w-80","https://ik.imagekit.io/tvlk/ugc-review/guys1L+Yyer9kzI3sp-pb0CG1j2bhflZGFUZOoIf1YOBAm37kEUOKR41ieUZm7ZJ/ugc-photo-ap-southeast-1-581603780057-acd24e232f75f09e/ACCOMMODATION/5943774_ACCOMMODATION_1664113054964_c67ff494c489c872?_src=imagekit&tr=c-at_max,h-80,q-40,w-80","https://ik.imagekit.io/tvlk/ugc-review/guys1L+Yyer9kzI3sp-pb0CG1j2bhflZGFUZOoIf1YOBAm37kEUOKR41ieUZm7ZJ/ugc-photo-ap-southeast-1-581603780057-acd24e232f75f09e/ACCOMMODATION/5943774_ACCOMMODATION_1664113054964_4a7609f08a938fac?_src=imagekit&tr=c-at_max,h-80,q-40,w-80","https://ik.imagekit.io/tvlk/ugc-review/guys1L+Yyer9kzI3sp-pb0CG1j2bhflZGFUZOoIf1YOBAm37kEUOKR41ieUZm7ZJ/ugc-photo-ap-southeast-1-581603780057-acd24e232f75f09e/ACCOMMODATION/5943774_ACCOMMODATION_1664113054964_6b4437e5dc5f04d0?_src=imagekit&tr=c-at_max,h-80,q-40,w-80","https://ik.imagekit.io/tvlk/ugc-review/guys1L+Yyer9kzI3sp-pb0CG1j2bhflZGFUZOoIf1YOBAm37kEUOKR41ieUZm7ZJ/ugc-photo-ap-southeast-1-581603780057-acd24e232f75f09e/ACCOMMODATION/5943774_ACCOMMODATION_1664113054965_655b82e79d9afb39?_src=imagekit&tr=c-at_max,h-80,q-40,w-80","https://ik.imagekit.io/tvlk/ugc-review/guys1L+Yyer9kzI3sp-pb0CG1j2bhflZGFUZOoIf1YOBAm37kEUOKR41ieUZm7ZJ/ugc-photo-ap-southeast-1-581603780057-acd24e232f75f09e/ACCOMMODATION/5943774_ACCOMMODATION_1664113054965_4b181c520a0c45db?_src=imagekit&tr=c-at_max,h-80,q-40,w-80","https://ik.imagekit.io/tvlk/ugc-review/guys1L+Yyer9kzI3sp-pb0CG1j2bhflZGFUZOoIf1YOBAm37kEUOKR41ieUZm7ZJ/ugc-photo-ap-southeast-1-581603780057-acd24e232f75f09e/ACCOMMODATION/5943774_ACCOMMODATION_1664113054965_a7688a4903545d0f?_src=imagekit&tr=c-at_max,h-80,q-40,w-80","https://ik.imagekit.io/tvlk/ugc-review/guys1L+Yyer9kzI3sp-pb0CG1j2bhflZGFUZOoIf1YOBAm37kEUOKR41ieUZm7ZJ/ugc-photo-ap-southeast-1-581603780057-acd24e232f75f09e/ACCOMMODATION/5943774_ACCOMMODATION_1664113054965_0b03c57c106a4369?_src=imagekit&tr=c-at_max,h-80,q-40,w-80","https://ik.imagekit.io/tvlk/ugc-review/guys1L+Yyer9kzI3sp-pb0CG1j2bhflZGFUZOoIf1YOBAm37kEUOKR41ieUZm7ZJ/ugc-photo-ap-southeast-1-581603780057-acd24e232f75f09e/ACCOMMODATION/5943774_ACCOMMODATION_1664113054966_72621bc82c844262?_src=imagekit&tr=c-at_max,h-80,q-40,w-80",,,,,,,,,,,
https://www.traveloka.com/id-id/user/review/consumption/HOTEL/GENERAL/3000010008595,3,23,"Tempat menginap yang bagus, sarapan enak, tempat parkir agak kecil.",Diulas 192 minggu lalu,"https://ik.imagekit.io/tvlk/ugc-review/guys1L+Yyer9kzI3sp-pb0CG1j2bhflZGFUZOoIf1YOBAm37kEUOKR41ieUZm7ZJ/ugc-photo-ap-southeast-1-581603780057-acd24e232f75f09e/ACCOMMODATION/4334923_ACCOMMODATION_1662260684175_393e34c858a9f438?_src=imagekit&tr=c-at_max,h-100,q-40,w-100",,,,,,,,,,,,,,,,,,,
https://www.traveloka.com/id-id/user/review/consumption/HOTEL/GENERAL/3000010008595,3,24,"Hotelnya bagus bersih, stategis.",Diulas 196 minggu lalu,"https://ik.imagekit.io/tvlk/ugc-review/guys1L+Yyer9kzI3sp-pb0CG1j2bhflZGFUZOoIf1YOBAm37kEUOKR41ieUZm7ZJ/ugc-photo-ap-southeast-1-581603780057-acd24e232f75f09e/ACCOMMODATION/16288371_ACCOMMODATION_1659940020080_9c5d3101b36fbcd0?_src=imagekit&tr=c-at_max,h-100,q-40,w-100",,,,,,,,,,,,,,,,,,,
https://www.traveloka.com/id-id/user/review/consumption/HOTEL/GENERAL/3000010008595,3,25,"Long weekend di Bandung, di hotel Atlantic city dengan kondisi AC, air panas, wifi, channel TV, rasa sarapan nya all oke, juga cek in/ out cepat, ramah-ramah. Semakin maju, sukses, sehat, dan jangan lupa bahagia yoo. GOD bless all staff.",Diulas 207 minggu lalu,"https://ik.imagekit.io/tvlk/ugc-review/guys1L+Yyer9kzI3sp-pb0CG1j2bhflZGFUZOoIf1YOBAm37kEUOKR41ieUZm7ZJ/ugc-photo-ap-southeast-1-581603780057-acd24e232f75f09e/ACCOMMODATION/22927815_ACCOMMODATION_1652862448748_bb430b676e8ec66a?_src=imagekit&tr=c-at_max,h-100,q-40,w-100","https://ik.imagekit.io/tvlk/ugc-review/guys1L+Yyer9kzI3sp-pb0CG1j2bhflZGFUZOoIf1YOBAm37kEUOKR41ieUZm7ZJ/ugc-photo-ap-southeast-1-581603780057-acd24e232f75f09e/ACCOMMODATION/22927815_ACCOMMODATION_1652862448749_93b08250a7e1a16b?_src=imagekit&tr=c-at_max,h-100,q-40,w-100",,,,,,,,,,,,,,,,,,
https://www.traveloka.com/id-id/user/review/consumption/HOTEL/GENERAL/3000010008595,3,26,"Untuk sarapan pagi nya cukup lumayan dengan harga segitu. Namun untuk lingkungan hotel kurang bersih apalagi di lokasi kamar yang saya tiduri, bau asap rokok, bau pesing kencing kamar mandi nya, ac bocor, kamar kotor penuh debu. Bisa dilihat di deskripsi foto.",Diulas 208 minggu lalu,"https://ik.imagekit.io/tvlk/ugc-review/guys1L+Yyer9kzI3sp-pb0CG1j2bhflZGFUZOoIf1YOBAm37kEUOKR41ieUZm7ZJ/ugc-photo-ap-southeast-1-581603780057-acd24e232f75f09e/ACCOMMODATION/13279620_ACCOMMODATION_1652579704643_8f6227e19eda058f?_src=imagekit&tr=c-at_max,h-100,q-40,w-100","https://ik.imagekit.io/tvlk/ugc-review/guys1L+Yyer9kzI3sp-pb0CG1j2bhflZGFUZOoIf1YOBAm37kEUOKR41ieUZm7ZJ/ugc-photo-ap-southeast-1-581603780057-acd24e232f75f09e/ACCOMMODATION/13279620_ACCOMMODATION_1652579704644_004f3fb2fb29854b?_src=imagekit&tr=c-at_max,h-100,q-40,w-100","https://ik.imagekit.io/tvlk/ugc-review/guys1L+Yyer9kzI3sp-pb0CG1j2bhflZGFUZOoIf1YOBAm37kEUOKR41ieUZm7ZJ/ugc-photo-ap-southeast-1-581603780057-acd24e232f75f09e/ACCOMMODATION/13279620_ACCOMMODATION_1652579704644_9da3458b01533d60?_src=imagekit&tr=c-at_max,h-100,q-40,w-100","https://ik.imagekit.io/tvlk/ugc-review/guys1L+Yyer9kzI3sp-pb0CG1j2bhflZGFUZOoIf1YOBAm37kEUOKR41ieUZm7ZJ/ugc-photo-ap-southeast-1-581603780057-acd24e232f75f09e/ACCOMMODATION/13279620_ACCOMMODATION_1652579889329_806af4f2d695d1ab?_src=imagekit&tr=c-at_max,h-100,q-40,w-100",,,,,,,,,,,,,,,,
https://www.traveloka.com/id-id/user/review/consumption/HOTEL/GENERAL/3000010008595,3,27,"Hotel favorite ini mah, harga pas kamar nyaman, semuanya berfungsi baik ada rooftop enak juga buat ngopi.",Diulas 211 minggu lalu,"https://ik.imagekit.io/tvlk/ugc-review/guys1L+Yyer9kzI3sp-pb0CG1j2bhflZGFUZOoIf1YOBAm37kEUOKR41ieUZm7ZJ/ugc-photo-ap-southeast-1-581603780057-acd24e232f75f09e/ACCOMMODATION/13255075_ACCOMMODATION_1650856447376_3b663efc9a0c2de3?_src=imagekit&tr=c-at_max,h-100,q-40,w-100",,,,,,,,,,,,,,,,,,,
https://www.traveloka.com/id-id/user/review/consumption/HOTEL/GENERAL/3000010008595,3,28,"Sangat menyenangkan aksesnya gampang, terus staff ramah, makanan enak, kamar bersih, so far si semua bagus, minus nya cuma akses masuk g di lobby tapi di basemen, mungkin karena pandemi. Terima kasih Atlantic city hotel next trip bandung bakal nginep lagi.",Diulas 219 minggu lalu,"https://ik.imagekit.io/tvlk/ugc-review/guys1L+Yyer9kzI3sp-pb0CG1j2bhflZGFUZOoIf1YOBAm37kEUOKR41ieUZm7ZJ/ugc-photo-ap-southeast-1-581603780057-acd24e232f75f09e/ACCOMMODATION/18143936_ACCOMMODATION_1646032599935_1f26422d8745661f?_src=imagekit&tr=c-at_max,h-100,q-40,w-100","https://ik.imagekit.io/tvlk/ugc-review/guys1L+Yyer9kzI3sp-pb0CG1j2bhflZGFUZOoIf1YOBAm37kEUOKR41ieUZm7ZJ/ugc-photo-ap-southeast-1-581603780057-acd24e232f75f09e/ACCOMMODATION/18143936_ACCOMMODATION_1646032599936_25042f8a19e5e960?_src=imagekit&tr=c-at_max,h-100,q-40,w-100","https://ik.imagekit.io/tvlk/ugc-review/guys1L+Yyer9kzI3sp-pb0CG1j2bhflZGFUZOoIf1YOBAm37kEUOKR41ieUZm7ZJ/ugc-photo-ap-southeast-1-581603780057-acd24e232f75f09e/ACCOMMODATION/18143936_ACCOMMODATION_1646032599936_44ec09aececb5138?_src=imagekit&tr=c-at_max,h-100,q-40,w-100",,,,,,,,,,,,,,,,,
https://www.traveloka.com/id-id/user/review/consumption/HOTEL/GENERAL/3000010008595,3,29,Sangat sesuai dengan gambar yang ditawarkan,Diulas 220 minggu lalu,"https://ik.imagekit.io/tvlk/ugc-review/guys1L+Yyer9kzI3sp-pb0CG1j2bhflZGFUZOoIf1YOBAm37kEUOKR41ieUZm7ZJ/ugc-photo-ap-southeast-1-581603780057-acd24e232f75f09e/ACCOMMODATION/4387258_ACCOMMODATION_1645152724183_f3682c0e8e7d0318?_src=imagekit&tr=c-at_max,h-100,q-40,w-100",,,,,,,,,,,,,,,,,,,
https://www.traveloka.com/id-id/user/review/consumption/HOTEL/GENERAL/3000010008595,3,30,"Kamarnya luas, cuma sayang dbl bed nya itu 2 kasur single digabung jadi bagian tengahnya keras karena pertemuan 2 ujung kasur. Bathroom relatif bersih cuma kurang terang aja. Refrigerator nya kotor huhu. Sofabed juga nampak ga divacuum karena baru dateng banget nemu kuku di sofabed nya. Selebihnya ya normal dan berfungsi. Check in/out juga cepet. 7,8/10 kalo menurutku:)",Diulas 224 minggu lalu,"https://ik.imagekit.io/tvlk/ugc-review/guys1L+Yyer9kzI3sp-pb0CG1j2bhflZGFUZOoIf1YOBAm37kEUOKR41ieUZm7ZJ/ugc-photo-ap-southeast-1-581603780057-acd24e232f75f09e/ACCOMMODATION/17642254_ACCOMMODATION_1643108853028_3f655c06920fd0dd?_src=imagekit&tr=c-at_max,h-80,q-40,w-80","https://ik.imagekit.io/tvlk/ugc-review/guys1L+Yyer9kzI3sp-pb0CG1j2bhflZGFUZOoIf1YOBAm37kEUOKR41ieUZm7ZJ/ugc-photo-ap-southeast-1-581603780057-acd24e232f75f09e/ACCOMMODATION/17642254_ACCOMMODATION_1643108853029_a36798bd0e1602b6?_src=imagekit&tr=c-at_max,h-80,q-40,w-80","https://ik.imagekit.io/tvlk/ugc-review/guys1L+Yyer9kzI3sp-pb0CG1j2bhflZGFUZOoIf1YOBAm37kEUOKR41ieUZm7ZJ/ugc-photo-ap-southeast-1-581603780057-acd24e232f75f09e/ACCOMMODATION/17642254_ACCOMMODATION_1643108853029_0a191037f1bfe8b9?_src=imagekit&tr=c-at_max,h-80,q-40,w-80","https://ik.imagekit.io/tvlk/ugc-review/guys1L+Yyer9kzI3sp-pb0CG1j2bhflZGFUZOoIf1YOBAm37kEUOKR41ieUZm7ZJ/ugc-photo-ap-southeast-1-581603780057-acd24e232f75f09e/ACCOMMODATION/17642254_ACCOMMODATION_1643108853030_5f2f4c7a195965b1?_src=imagekit&tr=c-at_max,h-80,q-40,w-80","https://ik.imagekit.io/tvlk/ugc-review/guys1L+Yyer9kzI3sp-pb0CG1j2bhflZGFUZOoIf1YOBAm37kEUOKR41ieUZm7ZJ/ugc-photo-ap-southeast-1-581603780057-acd24e232f75f09e/ACCOMMODATION/17642254_ACCOMMODATION_1643108853030_2ab8aea6a2e7c2a1?_src=imagekit&tr=c-at_max,h-80,q-40,w-80","https://ik.imagekit.io/tvlk/ugc-review/guys1L+Yyer9kzI3sp-pb0CG1j2bhflZGFUZOoIf1YOBAm37kEUOKR41ieUZm7ZJ/ugc-photo-ap-southeast-1-581603780057-acd24e232f75f09e/ACCOMMODATION/17642254_ACCOMMODATION_1643108853031_fe43c4a26a1a6744?_src=imagekit&tr=c-at_max,h-80,q-40,w-80","https://ik.imagekit.io/tvlk/ugc-review/guys1L+Yyer9kzI3sp-pb0CG1j2bhflZGFUZOoIf1YOBAm37kEUOKR41ieUZm7ZJ/ugc-photo-ap-southeast-1-581603780057-acd24e232f75f09e/ACCOMMODATION/17642254_ACCOMMODATION_1643108853031_f4fbeaa22b613d79?_src=imagekit&tr=c-at_max,h-80,q-40,w-80",,,,,,,,,,,,,
https://www.traveloka.com/id-id/user/review/consumption/HOTEL/GENERAL/3000010008595,3,31,"Pelayanan ramah, kamarnya nyaman dan akan jadi pengalaman yang menyenangkan selama di sini.",Diulas 224 minggu lalu,"https://ik.imagekit.io/tvlk/ugc-review/guys1L+Yyer9kzI3sp-pb0CG1j2bhflZGFUZOoIf1YOBAm37kEUOKR41ieUZm7ZJ/ugc-photo-ap-southeast-1-581603780057-acd24e232f75f09e/ACCOMMODATION/8471368_ACCOMMODATION_1642758892686_29d28cd454bb05f7?_src=imagekit&tr=c-at_max,h-100,q-40,w-100","https://ik.imagekit.io/tvlk/ugc-review/guys1L+Yyer9kzI3sp-pb0CG1j2bhflZGFUZOoIf1YOBAm37kEUOKR41ieUZm7ZJ/ugc-photo-ap-southeast-1-581603780057-acd24e232f75f09e/ACCOMMODATION/8471368_ACCOMMODATION_1642758892686_8a359a12e463fb87?_src=imagekit&tr=c-at_max,h-100,q-40,w-100","https://ik.imagekit.io/tvlk/ugc-review/guys1L+Yyer9kzI3sp-pb0CG1j2bhflZGFUZOoIf1YOBAm37kEUOKR41ieUZm7ZJ/ugc-photo-ap-southeast-1-581603780057-acd24e232f75f09e/ACCOMMODATION/8471368_ACCOMMODATION_1642758892687_65c7a75c444191ac?_src=imagekit&tr=c-at_max,h-100,q-40,w-100","https://ik.imagekit.io/tvlk/ugc-review/guys1L+Yyer9kzI3sp-pb0CG1j2bhflZGFUZOoIf1YOBAm37kEUOKR41ieUZm7ZJ/ugc-photo-ap-southeast-1-581603780057-acd24e232f75f09e/ACCOMMODATION/8471368_ACCOMMODATION_1642758892687_4b6c8d718347f38e?_src=imagekit&tr=c-at_max,h-100,q-40,w-100",,,,,,,,,,,,,,,,
https://www.traveloka.com/id-id/user/review/consumption/HOTEL/GENERAL/3000010008595,3,32,"Tirai shower kotor jorok banget, tingkatkan pemeliharaan dan penggantian stuff yang udah jelek.",Diulas 229 minggu lalu,"https://ik.imagekit.io/tvlk/ugc-review/guys1L+Yyer9kzI3sp-pb0CG1j2bhflZGFUZOoIf1YOBAm37kEUOKR41ieUZm7ZJ/ugc-photo-ap-southeast-1-581603780057-acd24e232f75f09e/ACCOMMODATION/126942933_ACCOMMODATION_1639975053776_9bd7ef232afe4443?_src=imagekit&tr=c-at_max,h-100,q-40,w-100",,,,,,,,,,,,,,,,,,,
https://www.traveloka.com/id-id/user/review/consumption/HOTEL/GENERAL/3000010008595,3,33,Terima kasih kepada seluruh tim Housekeeping dan F&B atas tempat yang bagus dan bersih ini.,Diulas 231 minggu lalu,"https://ik.imagekit.io/tvlk/ugc-review/guys1L+Yyer9kzI3sp-pb0CG1j2bhflZGFUZOoIf1YOBAm37kEUOKR41ieUZm7ZJ/ugc-photo-ap-southeast-1-581603780057-acd24e232f75f09e/ACCOMMODATION/23832497_ACCOMMODATION_1638122461125_87b735f3fd08a1a9?_src=imagekit&tr=c-at_max,h-100,q-40,w-100","https://ik.imagekit.io/tvlk/ugc-review/guys1L+Yyer9kzI3sp-pb0CG1j2bhflZGFUZOoIf1YOBAm37kEUOKR41ieUZm7ZJ/ugc-photo-ap-southeast-1-581603780057-acd24e232f75f09e/ACCOMMODATION/23832497_ACCOMMODATION_1638122461125_347221b00edd3bf0?_src=imagekit&tr=c-at_max,h-100,q-40,w-100",,,,,,,,,,,,,,,,,,
https://www.traveloka.com/id-id/user/review/consumption/HOTEL/GENERAL/3000010008595,3,34,"Saya mengharapkan hotel yang bagus dan bersih. Namun, ketika kami tiba di depan kamar kami, ada piring kotor yang nongkrong di dekat pintu kami. Di malam hari, piring masih ada, jadi kami meletakkan piring di atas tempat sampah dekat lift (kamar kami di depan lift), berharap layanan kamar akan memperhatikannya. Tapi mereka tidak mengangkatnya. Bagian terburuknya adalah, piring kotor ada di sana sampai hari berikutnya, dan seseorang meletakkan piring di dekat pintu kami lagi. Saya mengadu ke resepsionis, setelah itu mereka membersihkannya. Saya memiliki banyak pikiran negatif, saya merasa tempat tidur kami tidak segar, mungkin sprei tidak diganti (hanya asumsi saya). Juga, ada satu lampu yang rusak di kamar kami (lampu tidur). Kemudian, kami menemukan korek api di dalam lemari kami (di bagian atas, seperti tersembunyi), kamar kami adalah kamar bebas rokok. Mungkin itu dari tamu sebelumnya, tapi ini menunjukkan bahwa housekeeping tidak benar bersih dan memeriksa kamar ATAU mereka mungkin sengaja karena ada tanda di kamar kami ""Anda akan mendapatkan penalti 300K jika Anda ketahuan merokok di dalam kamar"" . Kami pesan 1 extra bed, selimut kami robek. Staf tempat parkir sangat bagus dan bekerja sangat keras. Tempat parkir memadai, tetapi saya merasa tidak enak untuk staf parkir, mereka perlu mengatur semua mobil agar muat di dalam. Sarapan biasa saja: nasi goreng atau nasi kuning, bubur ayam, puding, roti panggang dengan telur, sereal atau puding. Saluran TV bagus, padahal sinyalnya tidak jernih/HD: warner bros, TLC, dll. Intinya, hotel tidak terlalu dibersihkan dengan baik. Ketika saya kembali ke Bandung, saya akan menginap di hotel lain.",Diulas 234 minggu lalu,"https://ik.imagekit.io/tvlk/ugc-review/guys1L+Yyer9kzI3sp-pb0CG1j2bhflZGFUZOoIf1YOBAm37kEUOKR41ieUZm7ZJ/ugc-photo-ap-southeast-1-581603780057-acd24e232f75f09e/ACCOMMODATION/204066732_ACCOMMODATION_1636882849767_2efbf48cda735ac4?_src=imagekit&tr=c-at_max,h-100,q-40,w-100","https://ik.imagekit.io/tvlk/ugc-review/guys1L+Yyer9kzI3sp-pb0CG1j2bhflZGFUZOoIf1YOBAm37kEUOKR41ieUZm7ZJ/ugc-photo-ap-southeast-1-581603780057-acd24e232f75f09e/ACCOMMODATION/204066732_ACCOMMODATION_1636882849768_cb0100d765558d3b?_src=imagekit&tr=c-at_max,h-100,q-40,w-100",,,,,,,,,,,,,,,,,,
https://www.traveloka.com/id-id/user/review/consumption/HOTEL/GENERAL/3000010008595,3,35,"Untuk budget hotel, pengalaman menginapnya cukup bagus. Kamar tidak terbersih dan terutama handuk sangat usang. Sarapannya luar biasa! Mendapat buffet dengan beberapa menu yang tidak saya duga karena harganya yang murah. Secara keseluruhan, pengalaman menginap yang luar biasa!",Diulas 237 minggu lalu,"https://ik.imagekit.io/tvlk/ugc-review/guys1L+Yyer9kzI3sp-pb0CG1j2bhflZGFUZOoIf1YOBAm37kEUOKR41ieUZm7ZJ/ugc-photo-ap-southeast-1-581603780057-acd24e232f75f09e/ACCOMMODATION/19714117_ACCOMMODATION_1635077875357_8d133b5b260aff77?_src=imagekit&tr=c-at_max,h-100,q-40,w-100",,,,,,,,,,,,,,,,,,,
https://www.traveloka.com/id-id/user/review/consumption/HOTEL/GENERAL/3000010008595,3,36,Kamar mandi bau. Ada banyak kecoak di kamar tidur dan kamar mandi juga. Staf sangat lambat dan tidak membantu.,Diulas 237 minggu lalu,"https://ik.imagekit.io/tvlk/ugc-review/guys1L+Yyer9kzI3sp-pb0CG1j2bhflZGFUZOoIf1YOBAm37kEUOKR41ieUZm7ZJ/ugc-photo-ap-southeast-1-581603780057-acd24e232f75f09e/ACCOMMODATION/10033699_ACCOMMODATION_1634726732211_758e91f25b471f90?_src=imagekit&tr=c-at_max,h-100,q-40,w-100","https://ik.imagekit.io/tvlk/ugc-review/guys1L+Yyer9kzI3sp-pb0CG1j2bhflZGFUZOoIf1YOBAm37kEUOKR41ieUZm7ZJ/ugc-photo-ap-southeast-1-581603780057-acd24e232f75f09e/ACCOMMODATION/10033699_ACCOMMODATION_1634726732213_c42a8532015df0d8?_src=imagekit&tr=c-at_max,h-100,q-40,w-100","https://ik.imagekit.io/tvlk/ugc-review/guys1L+Yyer9kzI3sp-pb0CG1j2bhflZGFUZOoIf1YOBAm37kEUOKR41ieUZm7ZJ/ugc-photo-ap-southeast-1-581603780057-acd24e232f75f09e/ACCOMMODATION/10033699_ACCOMMODATION_1634726732213_36a458a26830af9a?_src=imagekit&tr=c-at_max,h-100,q-40,w-100",,,,,,,,,,,,,,,,,
https://www.traveloka.com/id-id/user/review/consumption/HOTEL/GENERAL/3000010008595,3,37,"Service sangat sangat tidak memuaskan saya menginap 4 hari pada saat cek in barang saya saya pake trolley dorong sendiri ke lantai dua tanpa ada pelayanan dari pihak  hotel, complaint FO malah bilang nggak ada orang dan suruh telpon satpam nggak ada telpon, 2. Pinjem piring sendok satu jam nggak muncul-muncul dan saya telpon katanya salah kirim dan salah kamar 3. Pesanan makan nasi goreng sore hari nunggu hampir sjam ketika datang  pake nasi kotak karton bikin nggak nafsu buat makannya 4. Pagi pagi jam 7 sudah di telpon mau sarapan apa saya pilih menu nasi goreng  karena hanya dua menu nasi gioreng dan bubur datengnya sejam kemudian dan menggunakan kemasan nasi kotak dan sendok. Plastik yang biasa jual  nasi kuning di pinggir jalan dan saya nggak nafsu makan akhirnya saya buang dua paket nasi goreng itu, saya complaint sama FO cuma jawaban baik kami akan perbaiki cukup itu tidak ada permohonan maaf, saya nginep di hotel lain yang rate nya sehari 150 sarapan paginya pake piring di plastikin dan banyak pilihan menu serta sigap pelayanan saya bener bener kecewa rasanya saya pengen cepet cek out dari hotel busuk ini",Diulas 238 minggu lalu,"https://ik.imagekit.io/tvlk/ugc-review/guys1L+Yyer9kzI3sp-pb0CG1j2bhflZGFUZOoIf1YOBAm37kEUOKR41ieUZm7ZJ/ugc-photo-ap-southeast-1-581603780057-acd24e232f75f09e/ACCOMMODATION/187144130_ACCOMMODATION_1634088298026_4ba254baa93fdef6?_src=imagekit&tr=c-at_max,h-100,q-40,w-100",,,,,,,,,,,,,,,,,,,
https://www.traveloka.com/id-id/user/review/consumption/HOTEL/GENERAL/3000010008595,3,38,"Intinya adalah, saya tidur nyenyak. Itu berisik, saya bisa mendengar semua perkelahian 4 gadis dari 2 kamar di depan saya sepanjang malam. Itu memiliki dinding tipis. Titik rendahnya adalah: ada cat putih segar yang menetes dari langit-langit kamar mandi. Saya memakai sepatu dan secara tidak sengaja menginjaknya dan itu menodai lantai kamar tidur. Aku tidak tahu apa yang terjadi. Sungguh aneh tinggal di kamar dengan cat baru di lantai seperti itu",Diulas 240 minggu lalu,"https://ik.imagekit.io/tvlk/ugc-review/guys1L+Yyer9kzI3sp-pb0CG1j2bhflZGFUZOoIf1YOBAm37kEUOKR41ieUZm7ZJ/ugc-photo-ap-southeast-1-581603780057-acd24e232f75f09e/ACCOMMODATION/7135548_ACCOMMODATION_1633410658407_9ca1c5653b1804eb?_src=imagekit&tr=c-at_max,h-100,q-40,w-100","https://ik.imagekit.io/tvlk/ugc-review/guys1L+Yyer9kzI3sp-pb0CG1j2bhflZGFUZOoIf1YOBAm37kEUOKR41ieUZm7ZJ/ugc-photo-ap-southeast-1-581603780057-acd24e232f75f09e/ACCOMMODATION/7135548_ACCOMMODATION_1633410658407_375587302b30b352?_src=imagekit&tr=c-at_max,h-100,q-40,w-100",,,,,,,,,,,,,,,,,,
https://www.traveloka.com/id-id/user/review/consumption/HOTEL/GENERAL/3000010008595,3,39,"Bagus, lumayan puas. Minta bak buat bayi juga adaa. Cuma kebersihannya harus diperbaiki.",Diulas 240 minggu lalu,"https://ik.imagekit.io/tvlk/ugc-review/guys1L+Yyer9kzI3sp-pb0CG1j2bhflZGFUZOoIf1YOBAm37kEUOKR41ieUZm7ZJ/ugc-photo-ap-southeast-1-581603780057-acd24e232f75f09e/ACCOMMODATION/6821289_ACCOMMODATION_1633157575219_358fd8b57adbf138?_src=imagekit&tr=c-at_max,h-100,q-40,w-100","https://ik.imagekit.io/tvlk/ugc-review/guys1L+Yyer9kzI3sp-pb0CG1j2bhflZGFUZOoIf1YOBAm37kEUOKR41ieUZm7ZJ/ugc-photo-ap-southeast-1-581603780057-acd24e232f75f09e/ACCOMMODATION/6821289_ACCOMMODATION_1633157575220_94f2bb46acf7e856?_src=imagekit&tr=c-at_max,h-100,q-40,w-100",,,,,,,,,,,,,,,,,,
https://www.traveloka.com/id-id/user/review/consumption/HOTEL/GENERAL/3000010008595,3,40,"Hotelnya nyaman, bersih dan ramah pelayanannya. Anak-anak nyaman.",Diulas 240 minggu lalu,"https://ik.imagekit.io/tvlk/ugc-review/guys1L+Yyer9kzI3sp-pb0CG1j2bhflZGFUZOoIf1YOBAm37kEUOKR41ieUZm7ZJ/ugc-photo-ap-southeast-1-581603780057-acd24e232f75f09e/ACCOMMODATION/202167292_ACCOMMODATION_1633044856610_274ff63fb6644608?_src=imagekit&tr=c-at_max,h-100,q-40,w-100",,,,,,,,,,,,,,,,,,,
https://www.traveloka.com/id-id/user/review/consumption/HOTEL/GENERAL/3000010008595,4,1,"Buruk.-kamar kotor, ada snack pilus bertebaran di lantai (bekas tamu sebelumnya)-kamar mandi bau pesing & bau solokan juga kotor & gelap banget.-di handuk pas diambil ada laba-laba besarnya.-amenities sikat gigi kotor.-kasur berdebu.-kecoa kecil dimana-mana parah banget.-ac kamar mati tiap 1 jam padahal ga di timer.-parkiran juga sempit. Harga hampir 400k tapi kualitas kaya gini, minta pindah kamar katanya udah full, akhirnya cuma dibersihin aja wc nya & disemprot baygon & diganti kesetnya dimana gangaruh karena tetap aja ada kecoa & kotor. Gapakai kamar mandinya sama sekali akhirnya sumpah dan cuma tidur aja supaya cepat besok pagi dan bisa cepat pergi dari sini. Harga segini better nya nginap di hotel lain. Harganya sama.",Diulas 257 minggu lalu,"https://ik.imagekit.io/tvlk/ugc-review/guys1L+Yyer9kzI3sp-pb0CG1j2bhflZGFUZOoIf1YOBAm37kEUOKR41ieUZm7ZJ/ugc-photo-ap-southeast-1-581603780057-acd24e232f75f09e/ACCOMMODATION/6382470_ACCOMMODATION_1622905398120_d58b1cab308f5fd6?_src=imagekit&tr=c-at_max,h-100,q-40,w-100",,,,,,,,,,,,,,,,,,,
https://www.traveloka.com/id-id/user/review/consumption/HOTEL/GENERAL/3000010008595,4,2,Letak stategis di pusat kota. Kamar bersih. Staff ramah. Hanya saja suara kendaraan dari luar gedung hotel terdengar jelas banget.,Diulas 258 minggu lalu,"https://ik.imagekit.io/tvlk/ugc-review/guys1L+Yyer9kzI3sp-pb0CG1j2bhflZGFUZOoIf1YOBAm37kEUOKR41ieUZm7ZJ/ugc-photo-ap-southeast-1-581603780057-acd24e232f75f09e/ACCOMMODATION/24287004_ACCOMMODATION_1622554255368_a6b4ba282e01d4bb?_src=imagekit&tr=c-at_max,h-100,q-40,w-100","https://ik.imagekit.io/tvlk/ugc-review/guys1L+Yyer9kzI3sp-pb0CG1j2bhflZGFUZOoIf1YOBAm37kEUOKR41ieUZm7ZJ/ugc-photo-ap-southeast-1-581603780057-acd24e232f75f09e/ACCOMMODATION/24287004_ACCOMMODATION_1622554255368_3cc09a5d6686c895?_src=imagekit&tr=c-at_max,h-100,q-40,w-100","https://ik.imagekit.io/tvlk/ugc-review/guys1L+Yyer9kzI3sp-pb0CG1j2bhflZGFUZOoIf1YOBAm37kEUOKR41ieUZm7ZJ/ugc-photo-ap-southeast-1-581603780057-acd24e232f75f09e/ACCOMMODATION/24287004_ACCOMMODATION_1622554255368_7b701823ae99f2d2?_src=imagekit&tr=c-at_max,h-100,q-40,w-100","https://ik.imagekit.io/tvlk/ugc-review/guys1L+Yyer9kzI3sp-pb0CG1j2bhflZGFUZOoIf1YOBAm37kEUOKR41ieUZm7ZJ/ugc-photo-ap-southeast-1-581603780057-acd24e232f75f09e/ACCOMMODATION/24287004_ACCOMMODATION_1622554255368_672859d75c169795?_src=imagekit&tr=c-at_max,h-100,q-40,w-100","https://ik.imagekit.io/tvlk/ugc-review/guys1L+Yyer9kzI3sp-pb0CG1j2bhflZGFUZOoIf1YOBAm37kEUOKR41ieUZm7ZJ/ugc-photo-ap-southeast-1-581603780057-acd24e232f75f09e/ACCOMMODATION/24287004_ACCOMMODATION_1622554255368_4389ed1b57212321?_src=imagekit&tr=c-at_max,h-100,q-40,w-100","https://ik.imagekit.io/tvlk/ugc-review/guys1L+Yyer9kzI3sp-pb0CG1j2bhflZGFUZOoIf1YOBAm37kEUOKR41ieUZm7ZJ/ugc-photo-ap-southeast-1-581603780057-acd24e232f75f09e/ACCOMMODATION/24287004_ACCOMMODATION_1622554255369_7bbdda4cae42dbcf?_src=imagekit&tr=c-at_max,h-100,q-40,w-100",,,,,,,,,,,,,,
https://www.traveloka.com/id-id/user/review/consumption/HOTEL/GENERAL/3000010008595,4,3,"Kamar seperti tidak dibersihkan lama ada sarang laba-laba, sprei robek-robek di bagian bawah dan bantal bau iler sehingga tidak bisa digunakan.",Diulas 264 minggu lalu,"https://ik.imagekit.io/tvlk/ugc-review/guys1L+Yyer9kzI3sp-pb0CG1j2bhflZGFUZOoIf1YOBAm37kEUOKR41ieUZm7ZJ/ugc-photo-ap-southeast-1-581603780057-acd24e232f75f09e/ACCOMMODATION/10972427_ACCOMMODATION_1618712860907_aba04cd685fca48e?_src=imagekit&tr=c-at_max,h-100,q-40,w-100",,,,,,,,,,,,,,,,,,,
https://www.traveloka.com/id-id/user/review/consumption/HOTEL/GENERAL/3000010008595,4,4,"Tempat strategis,,staff ramah2,,kamar luas,,,untuk kebersihan msh ada sisa putung rokok di bawah meja,,terus sprei sudah agak sobek semoga bisa lbh ditingkatkan,,overall sih menyenangkan👍",Diulas 264 minggu lalu,"https://ik.imagekit.io/tvlk/ugc-review/guys1L+Yyer9kzI3sp-pb0CG1j2bhflZGFUZOoIf1YOBAm37kEUOKR41ieUZm7ZJ/ugc-photo-ap-southeast-1-581603780057-acd24e232f75f09e/ACCOMMODATION/97467747_ACCOMMODATION_1618452367132_a04209a04a32ca4d?_src=imagekit&tr=c-at_max,h-100,q-40,w-100",,,,,,,,,,,,,,,,,,,
https://www.traveloka.com/id-id/user/review/consumption/HOTEL/GENERAL/3000010008595,4,5,Sangat mengesankan stay di Atlantic City hotel. Staff dan security-nya ramah dan boy room-nya cepat tanggap. Lokasi hotel strategis di pusat kota dekat kemana-mana. Recommended deh.,Diulas 265 minggu lalu,"https://ik.imagekit.io/tvlk/ugc-review/guys1L+Yyer9kzI3sp-pb0CG1j2bhflZGFUZOoIf1YOBAm37kEUOKR41ieUZm7ZJ/ugc-photo-ap-southeast-1-581603780057-acd24e232f75f09e/ACCOMMODATION/153509944_ACCOMMODATION_1618049345608_5df27f5febe4b8cf?_src=imagekit&tr=c-at_max,h-100,q-40,w-100","https://ik.imagekit.io/tvlk/ugc-review/guys1L+Yyer9kzI3sp-pb0CG1j2bhflZGFUZOoIf1YOBAm37kEUOKR41ieUZm7ZJ/ugc-photo-ap-southeast-1-581603780057-acd24e232f75f09e/ACCOMMODATION/153509944_ACCOMMODATION_1618049345608_a42cc8f73ff38fc2?_src=imagekit&tr=c-at_max,h-100,q-40,w-100",,,,,,,,,,,,,,,,,,
https://www.traveloka.com/id-id/user/review/consumption/HOTEL/GENERAL/3000010008595,4,6,"Ini cukup nyaman untuk kamar tidur, tetapi kebalikannya untuk toilet.",Diulas 266 minggu lalu,"https://ik.imagekit.io/tvlk/ugc-review/guys1L+Yyer9kzI3sp-pb0CG1j2bhflZGFUZOoIf1YOBAm37kEUOKR41ieUZm7ZJ/ugc-photo-ap-southeast-1-581603780057-acd24e232f75f09e/ACCOMMODATION/190111493_ACCOMMODATION_1617514082468_9306f2a03a21468e?_src=imagekit&tr=c-at_max,h-100,q-40,w-100",,,,,,,,,,,,,,,,,,,
https://www.traveloka.com/id-id/user/review/consumption/HOTEL/GENERAL/3000010008595,4,7,sudut2 kamar banyak debu...parkir sempit,Diulas 270 minggu lalu,"https://ik.imagekit.io/tvlk/ugc-review/guys1L+Yyer9kzI3sp-pb0CG1j2bhflZGFUZOoIf1YOBAm37kEUOKR41ieUZm7ZJ/ugc-photo-ap-southeast-1-581603780057-acd24e232f75f09e/ACCOMMODATION/23655388_ACCOMMODATION_1615273199422_16d87badcd6b528d?_src=imagekit&tr=c-at_max,h-100,q-40,w-100","https://ik.imagekit.io/tvlk/ugc-review/guys1L+Yyer9kzI3sp-pb0CG1j2bhflZGFUZOoIf1YOBAm37kEUOKR41ieUZm7ZJ/ugc-photo-ap-southeast-1-581603780057-acd24e232f75f09e/ACCOMMODATION/23655388_ACCOMMODATION_1615273199422_ddbbd3384170e1e9?_src=imagekit&tr=c-at_max,h-100,q-40,w-100",,,,,,,,,,,,,,,,,,
https://www.traveloka.com/id-id/user/review/consumption/HOTEL/GENERAL/3000010008595,4,8,"Hotelnya enak dan nyaman staff-nya juga ramah"" , lokasinya strategis banget kemana"" banyak tempat makannya",Diulas 273 minggu lalu,"https://ik.imagekit.io/tvlk/ugc-review/guys1L+Yyer9kzI3sp-pb0CG1j2bhflZGFUZOoIf1YOBAm37kEUOKR41ieUZm7ZJ/ugc-photo-ap-southeast-1-581603780057-acd24e232f75f09e/ACCOMMODATION/170826443_ACCOMMODATION_1612914779392_1eeb9b60f74634fb?_src=imagekit&tr=c-at_max,h-100,q-40,w-100",,,,,,,,,,,,,,,,,,,
https://www.traveloka.com/id-id/user/review/consumption/HOTEL/GENERAL/3000010008595,4,9,"Letak hotel sangat strategis, fasilitas memuaskan.",Diulas 279 minggu lalu,"https://ik.imagekit.io/tvlk/ugc-review/guys1L+Yyer9kzI3sp-pb0CG1j2bhflZGFUZOoIf1YOBAm37kEUOKR41ieUZm7ZJ/ugc-photo-ap-southeast-1-581603780057-acd24e232f75f09e/ACCOMMODATION/175209816_ACCOMMODATION_1609602512338_8f3538b9825009ca?_src=imagekit&tr=c-at_max,h-100,q-40,w-100","https://ik.imagekit.io/tvlk/ugc-review/guys1L+Yyer9kzI3sp-pb0CG1j2bhflZGFUZOoIf1YOBAm37kEUOKR41ieUZm7ZJ/ugc-photo-ap-southeast-1-581603780057-acd24e232f75f09e/ACCOMMODATION/175209816_ACCOMMODATION_1609602512339_7a4d36f9fe7146d8?_src=imagekit&tr=c-at_max,h-100,q-40,w-100",,,,,,,,,,,,,,,,,,
https://www.traveloka.com/id-id/user/review/consumption/HOTEL/GENERAL/3000010008595,4,10,"Tempat strategis, kamar bersih, pelayanan memuaskan, pegawainya ramah-ramah.",Diulas 280 minggu lalu,"https://ik.imagekit.io/tvlk/ugc-review/guys1L+Yyer9kzI3sp-pb0CG1j2bhflZGFUZOoIf1YOBAm37kEUOKR41ieUZm7ZJ/ugc-photo-ap-southeast-1-581603780057-acd24e232f75f09e/ACCOMMODATION/166510709_ACCOMMODATION_1609087446492_3cc93ac809416bcd?_src=imagekit&tr=c-at_max,h-100,q-40,w-100","https://ik.imagekit.io/tvlk/ugc-review/guys1L+Yyer9kzI3sp-pb0CG1j2bhflZGFUZOoIf1YOBAm37kEUOKR41ieUZm7ZJ/ugc-photo-ap-southeast-1-581603780057-acd24e232f75f09e/ACCOMMODATION/166510709_ACCOMMODATION_1609087446493_4378c10b4decea2b?_src=imagekit&tr=c-at_max,h-100,q-40,w-100",,,,,,,,,,,,,,,,,,
https://www.traveloka.com/id-id/user/review/consumption/HOTEL/GENERAL/3000010008595,4,11,"Pelayanan sangat ramah, kamar cukup bersih dikarenakan masih ada sesuatu seperti rambut di bawah kasur. Toilet juga cukup bersih, request untuk segera dibersihkan dan pegawai langsung bertindak. Lokasi sangat strategis. Bisa jadi staycation selanjutnya kalau mampir ke Bandung lagi 🤗 Terima kasih.",Diulas 283 minggu lalu,"https://ik.imagekit.io/tvlk/ugc-review/guys1L+Yyer9kzI3sp-pb0CG1j2bhflZGFUZOoIf1YOBAm37kEUOKR41ieUZm7ZJ/ugc-photo-ap-southeast-1-581603780057-acd24e232f75f09e/ACCOMMODATION/57302982_ACCOMMODATION_1607058287171_8d0a65b6992a1699?_src=imagekit&tr=c-at_max,h-100,q-40,w-100",,,,,,,,,,,,,,,,,,,
https://www.traveloka.com/id-id/user/review/consumption/HOTEL/GENERAL/3000010008595,4,12,"Hotelnya kotor sekali, sepertinya sudah lama tidak dibersihkan. Lantai kamar kotor sekali, sampai saya lap menggunakan handuknya. debunya tebal sekali. WC-nya gelap. dapat kamar yang awalnya berbau rokok tapi akhirnya dipindahkan. Variasi breakfast untuk hotel seharga ini cukup oke. Parkiran tidak sebanding dengan jumlah kamar, petugasnya ramah semua. Lou get what you pay lah. Yang paling oke dari hotel ini adalah strategis, karena di pusat kota. Hotel dengan harga murah, ya jangan berharap tinggi tinggi, Itu yang harus diperhatikan. Overall oke, cuma kotornya saja engga tahan. Pelapa kaki sampai hitam karena jalannya berdebu. Dan seharusnya piring jangan dibiarkan terbuka, minuman jangan dituang di gelas dulu, Seharusnya piring dan gelas disimpan dulu dan dalam keadaan tertutup, karena lagi covid.",Diulas 283 minggu lalu,"https://ik.imagekit.io/tvlk/ugc-review/guys1L+Yyer9kzI3sp-pb0CG1j2bhflZGFUZOoIf1YOBAm37kEUOKR41ieUZm7ZJ/ugc-photo-ap-southeast-1-581603780057-acd24e232f75f09e/ACCOMMODATION/17846454_ACCOMMODATION_1606979647957_cab9ba62562c5fc2?_src=imagekit&tr=c-at_max,h-100,q-40,w-100","https://ik.imagekit.io/tvlk/ugc-review/guys1L+Yyer9kzI3sp-pb0CG1j2bhflZGFUZOoIf1YOBAm37kEUOKR41ieUZm7ZJ/ugc-photo-ap-southeast-1-581603780057-acd24e232f75f09e/ACCOMMODATION/17846454_ACCOMMODATION_1606979647958_493f2f6f072ed9bb?_src=imagekit&tr=c-at_max,h-100,q-40,w-100",,,,,,,,,,,,,,,,,,
https://www.traveloka.com/id-id/user/review/consumption/HOTEL/GENERAL/3000010008595,4,13,"Senang, nyaman, harga terjangkau, sudah dapat bathub, keren pokoknya cuma sayang tidak plus sarapan.",Diulas 285 minggu lalu,"https://ik.imagekit.io/tvlk/ugc-review/guys1L+Yyer9kzI3sp-pb0CG1j2bhflZGFUZOoIf1YOBAm37kEUOKR41ieUZm7ZJ/ugc-photo-ap-southeast-1-581603780057-acd24e232f75f09e/ACCOMMODATION/139565556_ACCOMMODATION_1605750157007_ff69e1877537e589?_src=imagekit&tr=c-at_max,h-100,q-40,w-100",,,,,,,,,,,,,,,,,,,
https://www.traveloka.com/id-id/user/review/consumption/HOTEL/GENERAL/3000010008595,4,14,"Hotel lumayan bersih, cuma wastafel agak mampet, air dikamar mandi ada yang bocor. sama kurang kedap suara.",Diulas 287 minggu lalu,"https://ik.imagekit.io/tvlk/ugc-review/guys1L+Yyer9kzI3sp-pb0CG1j2bhflZGFUZOoIf1YOBAm37kEUOKR41ieUZm7ZJ/ugc-photo-ap-southeast-1-581603780057-acd24e232f75f09e/ACCOMMODATION/18702731_ACCOMMODATION_1604889068859_e5d6d3c2655af636?_src=imagekit&tr=c-at_max,h-100,q-40,w-100","https://ik.imagekit.io/tvlk/ugc-review/guys1L+Yyer9kzI3sp-pb0CG1j2bhflZGFUZOoIf1YOBAm37kEUOKR41ieUZm7ZJ/ugc-photo-ap-southeast-1-581603780057-acd24e232f75f09e/ACCOMMODATION/18702731_ACCOMMODATION_1604889068860_4aa98fed1db58f6b?_src=imagekit&tr=c-at_max,h-100,q-40,w-100",,,,,,,,,,,,,,,,,,
https://www.traveloka.com/id-id/user/review/consumption/HOTEL/GENERAL/3000010008595,4,15,"Nyaman banget, dekat dengan mal tapi agak jauh dari pusat kota, pelayanan ramah, check-in cepat, kamar bersih, fasilitas bathup harga murah, oke banget lah, thanks atlantic.",Diulas 287 minggu lalu,"https://ik.imagekit.io/tvlk/ugc-review/guys1L+Yyer9kzI3sp-pb0CG1j2bhflZGFUZOoIf1YOBAm37kEUOKR41ieUZm7ZJ/ugc-photo-ap-southeast-1-581603780057-acd24e232f75f09e/ACCOMMODATION/16398136_ACCOMMODATION_1604619758614_53c3e3e676f53382?_src=imagekit&tr=c-at_max,h-100,q-40,w-100","https://ik.imagekit.io/tvlk/ugc-review/guys1L+Yyer9kzI3sp-pb0CG1j2bhflZGFUZOoIf1YOBAm37kEUOKR41ieUZm7ZJ/ugc-photo-ap-southeast-1-581603780057-acd24e232f75f09e/ACCOMMODATION/16398136_ACCOMMODATION_1604619758614_bc082fb21dcee57d?_src=imagekit&tr=c-at_max,h-100,q-40,w-100","https://ik.imagekit.io/tvlk/ugc-review/guys1L+Yyer9kzI3sp-pb0CG1j2bhflZGFUZOoIf1YOBAm37kEUOKR41ieUZm7ZJ/ugc-photo-ap-southeast-1-581603780057-acd24e232f75f09e/ACCOMMODATION/16398136_ACCOMMODATION_1604619758615_141dd9165707a299?_src=imagekit&tr=c-at_max,h-100,q-40,w-100","https://ik.imagekit.io/tvlk/ugc-review/guys1L+Yyer9kzI3sp-pb0CG1j2bhflZGFUZOoIf1YOBAm37kEUOKR41ieUZm7ZJ/ugc-photo-ap-southeast-1-581603780057-acd24e232f75f09e/ACCOMMODATION/16398136_ACCOMMODATION_1604619758615_e033f6124a08d36f?_src=imagekit&tr=c-at_max,h-100,q-40,w-100","https://ik.imagekit.io/tvlk/ugc-review/guys1L+Yyer9kzI3sp-pb0CG1j2bhflZGFUZOoIf1YOBAm37kEUOKR41ieUZm7ZJ/ugc-photo-ap-southeast-1-581603780057-acd24e232f75f09e/ACCOMMODATION/16398136_ACCOMMODATION_1604619758615_884831b10e79b383?_src=imagekit&tr=c-at_max,h-100,q-40,w-100",,,,,,,,,,,,,,,
https://www.traveloka.com/id-id/user/review/consumption/HOTEL/GENERAL/3000010008595,4,16,"Kecewa sekali menginap disini, baru kali ini dapat hotel pesan via aplikasi tidak sesuai harapan, kamar kecil, keset dekil kotor tipis, Tidak layak bahkan untuk guest house sekalipun, handuk sudah randi seperti saya, tipis dan sudah lama tidak layak, kopi, teh, gula sachet pun tidak tersedia, Gorden vitrage berdebu, anak-anak dan saya tidak nyaman check-in jam 8 malam no. kamar 611, check-out jam 8 pagi, tidak betah kami. Pengalaman yang sangat tidak menyenangkan, kelebihannya hanya dekat dengan restoran-restoran, cukup sekali saja saya kesini.",Diulas 288 minggu lalu,"https://ik.imagekit.io/tvlk/ugc-review/guys1L+Yyer9kzI3sp-pb0CG1j2bhflZGFUZOoIf1YOBAm37kEUOKR41ieUZm7ZJ/ugc-photo-ap-southeast-1-581603780057-acd24e232f75f09e/ACCOMMODATION/8094545_ACCOMMODATION_1604220273126_8853ec689e734dbf?_src=imagekit&tr=c-at_max,h-100,q-40,w-100","https://ik.imagekit.io/tvlk/ugc-review/guys1L+Yyer9kzI3sp-pb0CG1j2bhflZGFUZOoIf1YOBAm37kEUOKR41ieUZm7ZJ/ugc-photo-ap-southeast-1-581603780057-acd24e232f75f09e/ACCOMMODATION/8094545_ACCOMMODATION_1604220273126_2345c2a6666ab575?_src=imagekit&tr=c-at_max,h-100,q-40,w-100",,,,,,,,,,,,,,,,,,
https://www.traveloka.com/id-id/user/review/consumption/HOTEL/GENERAL/3000010008595,4,17,"Kamar bersih, untuk type twin bed kamar mandi kecil, hairdryer, alat sholat by request. lokasi strategis depan living plaza. kuliner juga dekat, Samping kfc, richeese dan restoran vegan kehidupan tak pernah berakhir. Petugas hotel ramah dan security hotel juga sangat membantu mengatur dan mengamankan parkir mobil saat long weekend.",Diulas 288 minggu lalu,"https://ik.imagekit.io/tvlk/ugc-review/guys1L+Yyer9kzI3sp-pb0CG1j2bhflZGFUZOoIf1YOBAm37kEUOKR41ieUZm7ZJ/ugc-photo-ap-southeast-1-581603780057-acd24e232f75f09e/ACCOMMODATION/16657704_ACCOMMODATION_1604132012430_4725d23ef2421e4f?_src=imagekit&tr=c-at_max,h-100,q-40,w-100",,,,,,,,,,,,,,,,,,,
https://www.traveloka.com/id-id/user/review/consumption/HOTEL/GENERAL/3000010008595,4,18,"Air panas, TV dan AC berfungsi dengan baik, staffnya ramah, kebersihan hotel dan kamar juga oke, lokasi dekat kemana-mana dan breakfast juga lumayan. Perlu dipertahankan. Terima kasih.",Diulas 288 minggu lalu,"https://ik.imagekit.io/tvlk/ugc-review/guys1L+Yyer9kzI3sp-pb0CG1j2bhflZGFUZOoIf1YOBAm37kEUOKR41ieUZm7ZJ/ugc-photo-ap-southeast-1-581603780057-acd24e232f75f09e/ACCOMMODATION/4194833_ACCOMMODATION_1603940510203_3e648a93b3488ad4?_src=imagekit&tr=c-at_max,h-100,q-40,w-100","https://ik.imagekit.io/tvlk/ugc-review/guys1L+Yyer9kzI3sp-pb0CG1j2bhflZGFUZOoIf1YOBAm37kEUOKR41ieUZm7ZJ/ugc-photo-ap-southeast-1-581603780057-acd24e232f75f09e/ACCOMMODATION/4194833_ACCOMMODATION_1603940510204_233340c61ab3d00a?_src=imagekit&tr=c-at_max,h-100,q-40,w-100",,,,,,,,,,,,,,,,,,
https://www.traveloka.com/id-id/user/review/consumption/HOTEL/GENERAL/3000010008595,4,19,"Bagus, bersih juga. Viewnya juga dapat.",Diulas 291 minggu lalu,"https://ik.imagekit.io/tvlk/ugc-review/guys1L+Yyer9kzI3sp-pb0CG1j2bhflZGFUZOoIf1YOBAm37kEUOKR41ieUZm7ZJ/ugc-photo-ap-southeast-1-581603780057-acd24e232f75f09e/ACCOMMODATION/15393746_ACCOMMODATION_1602320066599_b3b5422255242dc6?_src=imagekit&tr=c-at_max,h-100,q-40,w-100",,,,,,,,,,,,,,,,,,,
https://www.traveloka.com/id-id/user/review/consumption/HOTEL/GENERAL/3000010008595,4,20,"Fasilitas yang diberikan sudah lebih dari cukup dari harganya. Karena posisi hotel benar-benar di pinggir jalan besar dan perempatan, Jadi kalau ada motor kalpot berisik suaranya masih kedengaran (saya dapat kamar lantai. 6). kalau mau makan juga dekat, Ada ayam k bc dan reche goud factory. Nyebrang dikit ada living plaza dan istana plaza.",Diulas 293 minggu lalu,"https://ik.imagekit.io/tvlk/ugc-review/guys1L+Yyer9kzI3sp-pb0CG1j2bhflZGFUZOoIf1YOBAm37kEUOKR41ieUZm7ZJ/ugc-photo-ap-southeast-1-581603780057-acd24e232f75f09e/ACCOMMODATION/24425626_ACCOMMODATION_1601179552691_8e42767a6de2c753?_src=imagekit&tr=c-at_max,h-100,q-40,w-100",,,,,,,,,,,,,,,,,,,
https://www.traveloka.com/id-id/user/review/consumption/HOTEL/GENERAL/3000010008595,4,21,"Suasananya nyaman, kamarnya luas dan bersih. Dekat mall dan kuliner",Diulas 295 minggu lalu,"https://ik.imagekit.io/tvlk/ugc-review/guys1L+Yyer9kzI3sp-pb0CG1j2bhflZGFUZOoIf1YOBAm37kEUOKR41ieUZm7ZJ/ugc-photo-ap-southeast-1-581603780057-acd24e232f75f09e/ACCOMMODATION/4636643_ACCOMMODATION_1600079707401_c81c89171f6add52?_src=imagekit&tr=c-at_max,h-100,q-40,w-100","https://ik.imagekit.io/tvlk/ugc-review/guys1L+Yyer9kzI3sp-pb0CG1j2bhflZGFUZOoIf1YOBAm37kEUOKR41ieUZm7ZJ/ugc-photo-ap-southeast-1-581603780057-acd24e232f75f09e/ACCOMMODATION/4636643_ACCOMMODATION_1600079747874_891c700fbd871f0e?_src=imagekit&tr=c-at_max,h-100,q-40,w-100","https://ik.imagekit.io/tvlk/ugc-review/guys1L+Yyer9kzI3sp-pb0CG1j2bhflZGFUZOoIf1YOBAm37kEUOKR41ieUZm7ZJ/ugc-photo-ap-southeast-1-581603780057-acd24e232f75f09e/ACCOMMODATION/4636643_ACCOMMODATION_1600079815089_7226fb4d60d7ad9c?_src=imagekit&tr=c-at_max,h-100,q-40,w-100","https://ik.imagekit.io/tvlk/ugc-review/guys1L+Yyer9kzI3sp-pb0CG1j2bhflZGFUZOoIf1YOBAm37kEUOKR41ieUZm7ZJ/ugc-photo-ap-southeast-1-581603780057-acd24e232f75f09e/ACCOMMODATION/4636643_ACCOMMODATION_1600079805474_4801a8576c1e9bde?_src=imagekit&tr=c-at_max,h-100,q-40,w-100","https://ik.imagekit.io/tvlk/ugc-review/guys1L+Yyer9kzI3sp-pb0CG1j2bhflZGFUZOoIf1YOBAm37kEUOKR41ieUZm7ZJ/ugc-photo-ap-southeast-1-581603780057-acd24e232f75f09e/ACCOMMODATION/4636643_ACCOMMODATION_1600079776842_5f10933ec690bac2?_src=imagekit&tr=c-at_max,h-100,q-40,w-100",,,,,,,,,,,,,,,
https://www.traveloka.com/id-id/user/review/consumption/HOTEL/GENERAL/3000010008595,4,22,"Saya sangat menikmati menginap di hotel ini kamar bersih dan wangi saya pilih bebas asap rokok, kekurangannya hanya saja lemari berbunyi cukup berisik ketika dibuka overall bagus.",Diulas 296 minggu lalu,"https://ik.imagekit.io/tvlk/ugc-review/guys1L+Yyer9kzI3sp-pb0CG1j2bhflZGFUZOoIf1YOBAm37kEUOKR41ieUZm7ZJ/ugc-photo-ap-southeast-1-581603780057-acd24e232f75f09e/ACCOMMODATION/75673869_ACCOMMODATION_1599453326359_1e11aedd934dc01e?_src=imagekit&tr=c-at_max,h-100,q-40,w-100",,,,,,,,,,,,,,,,,,,
https://www.traveloka.com/id-id/user/review/consumption/HOTEL/GENERAL/3000010008595,4,23,Disediakan teko air panasnya tapi tidak ada kopi/teh/gula sachetnya dan tidak ada TV semalaman.,Diulas 296 minggu lalu,"https://ik.imagekit.io/tvlk/ugc-review/guys1L+Yyer9kzI3sp-pb0CG1j2bhflZGFUZOoIf1YOBAm37kEUOKR41ieUZm7ZJ/ugc-photo-ap-southeast-1-581603780057-acd24e232f75f09e/ACCOMMODATION/19023054_ACCOMMODATION_1599447797644_abdde8c2673bfe40?_src=imagekit&tr=c-at_max,h-100,q-40,w-100",,,,,,,,,,,,,,,,,,,
https://www.traveloka.com/id-id/user/review/consumption/HOTEL/GENERAL/3000010008595,4,24,"Untuk harganya oke. lokasi bagus dekat dengan tempat makan dan mal. hanya saja kebersihan kamarnya kurang, kasur dan bantalnya kurang nyaman. AC dikamar kurang dingin dan sering mati otomatis. Dan variasi makanan saat sarapan kurang banyak tapi rasa oke dan tempat restoran nyaman.",Diulas 298 minggu lalu,"https://ik.imagekit.io/tvlk/ugc-review/guys1L+Yyer9kzI3sp-pb0CG1j2bhflZGFUZOoIf1YOBAm37kEUOKR41ieUZm7ZJ/ugc-photo-ap-southeast-1-581603780057-acd24e232f75f09e/ACCOMMODATION/12870935_ACCOMMODATION_1598349574010_22942e4e9d5c5db0?_src=imagekit&tr=c-at_max,h-100,q-40,w-100","https://ik.imagekit.io/tvlk/ugc-review/guys1L+Yyer9kzI3sp-pb0CG1j2bhflZGFUZOoIf1YOBAm37kEUOKR41ieUZm7ZJ/ugc-photo-ap-southeast-1-581603780057-acd24e232f75f09e/ACCOMMODATION/12870935_ACCOMMODATION_1598349574011_8e87be781524f6e7?_src=imagekit&tr=c-at_max,h-100,q-40,w-100","https://ik.imagekit.io/tvlk/ugc-review/guys1L+Yyer9kzI3sp-pb0CG1j2bhflZGFUZOoIf1YOBAm37kEUOKR41ieUZm7ZJ/ugc-photo-ap-southeast-1-581603780057-acd24e232f75f09e/ACCOMMODATION/12870935_ACCOMMODATION_1598349574011_4b8da235368318db?_src=imagekit&tr=c-at_max,h-100,q-40,w-100","https://ik.imagekit.io/tvlk/ugc-review/guys1L+Yyer9kzI3sp-pb0CG1j2bhflZGFUZOoIf1YOBAm37kEUOKR41ieUZm7ZJ/ugc-photo-ap-southeast-1-581603780057-acd24e232f75f09e/ACCOMMODATION/12870935_ACCOMMODATION_1598349574013_86ade6e247a00d07?_src=imagekit&tr=c-at_max,h-100,q-40,w-100",,,,,,,,,,,,,,,,
https://www.traveloka.com/id-id/user/review/consumption/HOTEL/GENERAL/3000010008595,4,25,"Pelayanannya sangat amat kurang, lantai kamar sangat kotor, masa saya minta tisu tidak dikasih tempatnya hanya tumpukan tisu, terus pintu kamar mandinya rusak sampai suami saya ke kunci di dalam terus yang datang bukan orang servisnya. Masa orang servicenya tidak ada yang standby 24 jam. Kejadian suami saya ke kunci itu setengah 12 malam dan itu saya harus sampai telfon ke lobby 2 kali baru naik keatas terus mas-masnya gaada persiapan yg bisa ngebantu buka kuncinya dengan cepat terlalu santai padahal ada orang didalam yang ke kunci.",Diulas 299 minggu lalu,"https://ik.imagekit.io/tvlk/ugc-review/guys1L+Yyer9kzI3sp-pb0CG1j2bhflZGFUZOoIf1YOBAm37kEUOKR41ieUZm7ZJ/ugc-photo-ap-southeast-1-581603780057-acd24e232f75f09e/ACCOMMODATION/0_ACCOMMODATION_1597739053642_a257ab83ef65c0a6?_src=imagekit&tr=c-at_max,h-100,q-40,w-100","https://ik.imagekit.io/tvlk/ugc-review/guys1L+Yyer9kzI3sp-pb0CG1j2bhflZGFUZOoIf1YOBAm37kEUOKR41ieUZm7ZJ/ugc-photo-ap-southeast-1-581603780057-acd24e232f75f09e/ACCOMMODATION/0_ACCOMMODATION_1597739053642_6ee38946926d3941?_src=imagekit&tr=c-at_max,h-100,q-40,w-100",,,,,,,,,,,,,,,,,,
https://www.traveloka.com/id-id/user/review/consumption/HOTEL/GENERAL/3000010008595,4,26,"Meskipun termasuk hotel yang cukup murah, namun beberapa hal tidak dalam kondisi yang baik, terutama kamar mandi. Ada kebocoran, gording tidak diganti dan tertutup kotoran. Juga saya harus menunggu antrian 14 jam untuk pengering rambut",Diulas 299 minggu lalu,"https://ik.imagekit.io/tvlk/ugc-review/guys1L+Yyer9kzI3sp-pb0CG1j2bhflZGFUZOoIf1YOBAm37kEUOKR41ieUZm7ZJ/ugc-photo-ap-southeast-1-581603780057-acd24e232f75f09e/ACCOMMODATION/3830233_ACCOMMODATION_1597646589968_abdf5b478030e23f?_src=imagekit&tr=c-at_max,h-100,q-40,w-100","https://ik.imagekit.io/tvlk/ugc-review/guys1L+Yyer9kzI3sp-pb0CG1j2bhflZGFUZOoIf1YOBAm37kEUOKR41ieUZm7ZJ/ugc-photo-ap-southeast-1-581603780057-acd24e232f75f09e/ACCOMMODATION/3830233_ACCOMMODATION_1597646589969_63170f0a3ad42f8e?_src=imagekit&tr=c-at_max,h-100,q-40,w-100","https://ik.imagekit.io/tvlk/ugc-review/guys1L+Yyer9kzI3sp-pb0CG1j2bhflZGFUZOoIf1YOBAm37kEUOKR41ieUZm7ZJ/ugc-photo-ap-southeast-1-581603780057-acd24e232f75f09e/ACCOMMODATION/3830233_ACCOMMODATION_1597646589969_21c24362679d6336?_src=imagekit&tr=c-at_max,h-100,q-40,w-100",,,,,,,,,,,,,,,,,
https://www.traveloka.com/id-id/user/review/consumption/HOTEL/GENERAL/3000010008595,4,27,"Pelayanannya bagus, kamarnya bersih, dekat dengan mal, rumah sakit, restoran dan stasiun.",Diulas 299 minggu lalu,"https://ik.imagekit.io/tvlk/ugc-review/guys1L+Yyer9kzI3sp-pb0CG1j2bhflZGFUZOoIf1YOBAm37kEUOKR41ieUZm7ZJ/ugc-photo-ap-southeast-1-581603780057-acd24e232f75f09e/ACCOMMODATION/9610659_ACCOMMODATION_1597322874479_9fd62140d0cda2d9?_src=imagekit&tr=c-at_max,h-100,q-40,w-100",,,,,,,,,,,,,,,,,,,
https://www.traveloka.com/id-id/user/review/consumption/HOTEL/GENERAL/3000010008595,4,28,Tidak dapat kopi ataupun teh. Hanya tekonya untuk pemanas airnya saja.,Diulas 300 minggu lalu,"https://ik.imagekit.io/tvlk/ugc-review/guys1L+Yyer9kzI3sp-pb0CG1j2bhflZGFUZOoIf1YOBAm37kEUOKR41ieUZm7ZJ/ugc-photo-ap-southeast-1-581603780057-acd24e232f75f09e/ACCOMMODATION/15092395_ACCOMMODATION_1597140719939_53cc7d9e012779be?_src=imagekit&tr=c-at_max,h-100,q-40,w-100","https://ik.imagekit.io/tvlk/ugc-review/guys1L+Yyer9kzI3sp-pb0CG1j2bhflZGFUZOoIf1YOBAm37kEUOKR41ieUZm7ZJ/ugc-photo-ap-southeast-1-581603780057-acd24e232f75f09e/ACCOMMODATION/15092395_ACCOMMODATION_1597140719940_d11f5259d5062e02?_src=imagekit&tr=c-at_max,h-100,q-40,w-100",,,,,,,,,,,,,,,,,,
https://www.traveloka.com/id-id/user/review/consumption/HOTEL/GENERAL/3000010008595,4,29,"Direkomendasikan. Untuk menginap di hotel ini, periksa cepat masuk dan keluar. Sarapan yang baik bahkan mereka memberikan takeout. Dekat ke mana saja karena di pusat kota. Hanya perlu meningkatkan kebersihan kamar mandi. Ketika saya tinggal di sana masih memiliki rambut panjang di dinding kamar mandi. Dan mengapa mereka menutup gelas kamar mandi karena suasana yang menyenangkan saat mandi 😁. Ok jadi keseluruhan 👍",Diulas 301 minggu lalu,"https://ik.imagekit.io/tvlk/ugc-review/guys1L+Yyer9kzI3sp-pb0CG1j2bhflZGFUZOoIf1YOBAm37kEUOKR41ieUZm7ZJ/ugc-photo-ap-southeast-1-581603780057-acd24e232f75f09e/ACCOMMODATION/6942353_ACCOMMODATION_1596003418695_4588fbdec44665e7?_src=imagekit&tr=c-at_max,h-100,q-40,w-100",,,,,,,,,,,,,,,,,,,
https://www.traveloka.com/id-id/user/review/consumption/HOTEL/GENERAL/3000010008595,4,30,Kamar mandi tidak bersih. Kloset jorok. shower tidak berfungsi dengan baik. shower curtain juga berjamur.,Diulas 304 minggu lalu,"https://ik.imagekit.io/tvlk/ugc-review/guys1L+Yyer9kzI3sp-pb0CG1j2bhflZGFUZOoIf1YOBAm37kEUOKR41ieUZm7ZJ/ugc-photo-ap-southeast-1-581603780057-acd24e232f75f09e/ACCOMMODATION/4748818_ACCOMMODATION_1594534680930_dd59b1c3502a11d9?_src=imagekit&tr=c-at_max,h-100,q-40,w-100","https://ik.imagekit.io/tvlk/ugc-review/guys1L+Yyer9kzI3sp-pb0CG1j2bhflZGFUZOoIf1YOBAm37kEUOKR41ieUZm7ZJ/ugc-photo-ap-southeast-1-581603780057-acd24e232f75f09e/ACCOMMODATION/4748818_ACCOMMODATION_1594534680930_6f9341b1b1bae308?_src=imagekit&tr=c-at_max,h-100,q-40,w-100","https://ik.imagekit.io/tvlk/ugc-review/guys1L+Yyer9kzI3sp-pb0CG1j2bhflZGFUZOoIf1YOBAm37kEUOKR41ieUZm7ZJ/ugc-photo-ap-southeast-1-581603780057-acd24e232f75f09e/ACCOMMODATION/4748818_ACCOMMODATION_1594534680930_9bacdca5776a3e95?_src=imagekit&tr=c-at_max,h-100,q-40,w-100","https://ik.imagekit.io/tvlk/ugc-review/guys1L+Yyer9kzI3sp-pb0CG1j2bhflZGFUZOoIf1YOBAm37kEUOKR41ieUZm7ZJ/ugc-photo-ap-southeast-1-581603780057-acd24e232f75f09e/ACCOMMODATION/4748818_ACCOMMODATION_1594534680930_ad3d241c968bd78e?_src=imagekit&tr=c-at_max,h-100,q-40,w-100",,,,,,,,,,,,,,,,
https://www.traveloka.com/id-id/user/review/consumption/HOTEL/GENERAL/3000010008595,4,31,"kali pertama menginap disini, stafnya ramah, kamar & toiletnya bersih, view dari kamarnya bagus. tapi sayang gabisa nikmatin breakfast di restaurant nya karena kondisi sekarang. overall bagus 👍",Diulas 304 minggu lalu,"https://ik.imagekit.io/tvlk/ugc-review/guys1L+Yyer9kzI3sp-pb0CG1j2bhflZGFUZOoIf1YOBAm37kEUOKR41ieUZm7ZJ/ugc-photo-ap-southeast-1-581603780057-acd24e232f75f09e/ACCOMMODATION/83626258_ACCOMMODATION_1594196879701_52889797851c1dba?_src=imagekit&tr=c-at_max,h-100,q-40,w-100",,,,,,,,,,,,,,,,,,,
https://www.traveloka.com/id-id/user/review/consumption/HOTEL/GENERAL/3000010008595,4,32,"Terima kasih untuk satu malamnya yang menyenangkan, kamarnya bersih, toiletnya bersih, pelayanannya baik, tempatnya strategis. Tapi sayang tidak bisa menikmati breakfast di restorannya karena kondisi new normal.",Diulas 305 minggu lalu,"https://ik.imagekit.io/tvlk/ugc-review/guys1L+Yyer9kzI3sp-pb0CG1j2bhflZGFUZOoIf1YOBAm37kEUOKR41ieUZm7ZJ/ugc-photo-ap-southeast-1-581603780057-acd24e232f75f09e/ACCOMMODATION/83626258_ACCOMMODATION_1594132922210_d90d41f6bb80bdd1?_src=imagekit&tr=c-at_max,h-100,q-40,w-100",,,,,,,,,,,,,,,,,,,
https://www.traveloka.com/id-id/user/review/consumption/HOTEL/GENERAL/3000010008595,4,33,"Kamar luas, nyaman, bersih, pemandangan kota dari jendela bagus, bakalan balik lagi deh.",Diulas 305 minggu lalu,"https://ik.imagekit.io/tvlk/ugc-review/guys1L+Yyer9kzI3sp-pb0CG1j2bhflZGFUZOoIf1YOBAm37kEUOKR41ieUZm7ZJ/ugc-photo-ap-southeast-1-581603780057-acd24e232f75f09e/ACCOMMODATION/89995400_ACCOMMODATION_1593944893352_c0c7ff19fde8e174?_src=imagekit&tr=c-at_max,h-100,q-40,w-100",,,,,,,,,,,,,,,,,,,
https://www.traveloka.com/id-id/user/review/consumption/HOTEL/GENERAL/3000010008595,4,34,"Fasilitas nyaman, recommend untuk yg berbulan madu.",Diulas 308 minggu lalu,"https://ik.imagekit.io/tvlk/ugc-review/guys1L+Yyer9kzI3sp-pb0CG1j2bhflZGFUZOoIf1YOBAm37kEUOKR41ieUZm7ZJ/ugc-photo-ap-southeast-1-581603780057-acd24e232f75f09e/ACCOMMODATION/17154107_ACCOMMODATION_1591791238952_532ea64f601807a7?_src=imagekit&tr=c-at_max,h-100,q-40,w-100",,,,,,,,,,,,,,,,,,,
https://www.traveloka.com/id-id/user/review/consumption/HOTEL/GENERAL/3000010008595,4,35,"Hotel recommended banget, pelayanan oke. Roomnya mantap sesuai sama yang difoto. kamar luas banget. Harga 350 kamar no 228 kamar luas bathtub shower kulkas TV sofa kulkas. AC mengigil. mantap tidak kecewa disini mah. buat tempat honeymoon mantai lah.",Diulas 310 minggu lalu,"https://ik.imagekit.io/tvlk/ugc-review/guys1L+Yyer9kzI3sp-pb0CG1j2bhflZGFUZOoIf1YOBAm37kEUOKR41ieUZm7ZJ/ugc-photo-ap-southeast-1-581603780057-acd24e232f75f09e/ACCOMMODATION/6293434_ACCOMMODATION_1591002565896_8e32cdfd9f66cdb3?_src=imagekit&tr=c-at_max,h-100,q-40,w-100","https://ik.imagekit.io/tvlk/ugc-review/guys1L+Yyer9kzI3sp-pb0CG1j2bhflZGFUZOoIf1YOBAm37kEUOKR41ieUZm7ZJ/ugc-photo-ap-southeast-1-581603780057-acd24e232f75f09e/ACCOMMODATION/6293434_ACCOMMODATION_1591002565897_abc78d3483196faa?_src=imagekit&tr=c-at_max,h-100,q-40,w-100","https://ik.imagekit.io/tvlk/ugc-review/guys1L+Yyer9kzI3sp-pb0CG1j2bhflZGFUZOoIf1YOBAm37kEUOKR41ieUZm7ZJ/ugc-photo-ap-southeast-1-581603780057-acd24e232f75f09e/ACCOMMODATION/6293434_ACCOMMODATION_1591002565897_7172178963bfd82a?_src=imagekit&tr=c-at_max,h-100,q-40,w-100","https://ik.imagekit.io/tvlk/ugc-review/guys1L+Yyer9kzI3sp-pb0CG1j2bhflZGFUZOoIf1YOBAm37kEUOKR41ieUZm7ZJ/ugc-photo-ap-southeast-1-581603780057-acd24e232f75f09e/ACCOMMODATION/6293434_ACCOMMODATION_1591002565897_f8ea8138b107f0e5?_src=imagekit&tr=c-at_max,h-100,q-40,w-100","https://ik.imagekit.io/tvlk/ugc-review/guys1L+Yyer9kzI3sp-pb0CG1j2bhflZGFUZOoIf1YOBAm37kEUOKR41ieUZm7ZJ/ugc-photo-ap-southeast-1-581603780057-acd24e232f75f09e/ACCOMMODATION/6293434_ACCOMMODATION_1591002565897_3f4fd1ca6ea5f8b7?_src=imagekit&tr=c-at_max,h-100,q-40,w-100",,,,,,,,,,,,,,,
https://www.traveloka.com/id-id/user/review/consumption/HOTEL/GENERAL/3000010008595,4,36,"Kamarnya bagus, bersih, nyaman, simple, harga terjangkau.",Diulas 312 minggu lalu,"https://ik.imagekit.io/tvlk/ugc-review/guys1L+Yyer9kzI3sp-pb0CG1j2bhflZGFUZOoIf1YOBAm37kEUOKR41ieUZm7ZJ/ugc-photo-ap-southeast-1-581603780057-acd24e232f75f09e/ACCOMMODATION/27917669_ACCOMMODATION_1589379269163_facfec5cf3099576?_src=imagekit&tr=c-at_max,h-100,q-40,w-100",,,,,,,,,,,,,,,,,,,
https://www.traveloka.com/id-id/user/review/consumption/HOTEL/GENERAL/3000010008595,4,37,Saya merasa nyaman dan rilenya bermalam di hotel atlantic city.,Diulas 314 minggu lalu,"https://ik.imagekit.io/tvlk/ugc-review/guys1L+Yyer9kzI3sp-pb0CG1j2bhflZGFUZOoIf1YOBAm37kEUOKR41ieUZm7ZJ/ugc-photo-ap-southeast-1-581603780057-acd24e232f75f09e/ACCOMMODATION/11535882_ACCOMMODATION_1588644176766_750970d2c7c532c8?_src=imagekit&tr=c-at_max,h-100,q-40,w-100","https://ik.imagekit.io/tvlk/ugc-review/guys1L+Yyer9kzI3sp-pb0CG1j2bhflZGFUZOoIf1YOBAm37kEUOKR41ieUZm7ZJ/ugc-photo-ap-southeast-1-581603780057-acd24e232f75f09e/ACCOMMODATION/11535882_ACCOMMODATION_1588644176767_f654cd3027471951?_src=imagekit&tr=c-at_max,h-100,q-40,w-100",,,,,,,,,,,,,,,,,,
https://www.traveloka.com/id-id/user/review/consumption/HOTEL/GENERAL/3000010008595,4,38,"Resepsionis ramah, kamar cukup luas, AC dingin, shower normal, overall baik semua.",Diulas 321 minggu lalu,"https://ik.imagekit.io/tvlk/ugc-review/guys1L+Yyer9kzI3sp-pb0CG1j2bhflZGFUZOoIf1YOBAm37kEUOKR41ieUZm7ZJ/ugc-photo-ap-southeast-1-581603780057-acd24e232f75f09e/ACCOMMODATION/12485023_ACCOMMODATION_1583904054351_582de1ce98a27560?_src=imagekit&tr=c-at_max,h-100,q-40,w-100","https://ik.imagekit.io/tvlk/ugc-review/guys1L+Yyer9kzI3sp-pb0CG1j2bhflZGFUZOoIf1YOBAm37kEUOKR41ieUZm7ZJ/ugc-photo-ap-southeast-1-581603780057-acd24e232f75f09e/ACCOMMODATION/12485023_ACCOMMODATION_1583904054351_587915d40d27c835?_src=imagekit&tr=c-at_max,h-100,q-40,w-100","https://ik.imagekit.io/tvlk/ugc-review/guys1L+Yyer9kzI3sp-pb0CG1j2bhflZGFUZOoIf1YOBAm37kEUOKR41ieUZm7ZJ/ugc-photo-ap-southeast-1-581603780057-acd24e232f75f09e/ACCOMMODATION/12485023_ACCOMMODATION_1583904054351_bd95c8fa7f153f77?_src=imagekit&tr=c-at_max,h-100,q-40,w-100","https://ik.imagekit.io/tvlk/ugc-review/guys1L+Yyer9kzI3sp-pb0CG1j2bhflZGFUZOoIf1YOBAm37kEUOKR41ieUZm7ZJ/ugc-photo-ap-southeast-1-581603780057-acd24e232f75f09e/ACCOMMODATION/12485023_ACCOMMODATION_1583904054351_981eb5f3dd2c55e6?_src=imagekit&tr=c-at_max,h-100,q-40,w-100","https://ik.imagekit.io/tvlk/ugc-review/guys1L+Yyer9kzI3sp-pb0CG1j2bhflZGFUZOoIf1YOBAm37kEUOKR41ieUZm7ZJ/ugc-photo-ap-southeast-1-581603780057-acd24e232f75f09e/ACCOMMODATION/12485023_ACCOMMODATION_1583904054352_d337394d4ff9a150?_src=imagekit&tr=c-at_max,h-100,q-40,w-100","https://ik.imagekit.io/tvlk/ugc-review/guys1L+Yyer9kzI3sp-pb0CG1j2bhflZGFUZOoIf1YOBAm37kEUOKR41ieUZm7ZJ/ugc-photo-ap-southeast-1-581603780057-acd24e232f75f09e/ACCOMMODATION/12485023_ACCOMMODATION_1583904054352_d737595ce7707770?_src=imagekit&tr=c-at_max,h-100,q-40,w-100",,,,,,,,,,,,,,
https://www.traveloka.com/id-id/user/review/consumption/HOTEL/GENERAL/3000010008595,4,39,"Kamar lumayan bersih, pelayanan ramah dan makanan lumayan enak. Nilai 7,5 lokasi dekat kemana-mana, mantul.",Diulas 322 minggu lalu,"https://ik.imagekit.io/tvlk/ugc-review/guys1L+Yyer9kzI3sp-pb0CG1j2bhflZGFUZOoIf1YOBAm37kEUOKR41ieUZm7ZJ/ugc-photo-ap-southeast-1-581603780057-acd24e232f75f09e/ACCOMMODATION/99923146_ACCOMMODATION_1583791477112_6fed831a8740ab6c?_src=imagekit&tr=c-at_max,h-100,q-40,w-100","https://ik.imagekit.io/tvlk/ugc-review/guys1L+Yyer9kzI3sp-pb0CG1j2bhflZGFUZOoIf1YOBAm37kEUOKR41ieUZm7ZJ/ugc-photo-ap-southeast-1-581603780057-acd24e232f75f09e/ACCOMMODATION/99923146_ACCOMMODATION_1583791477113_761588afdbdfb30e?_src=imagekit&tr=c-at_max,h-100,q-40,w-100","https://ik.imagekit.io/tvlk/ugc-review/guys1L+Yyer9kzI3sp-pb0CG1j2bhflZGFUZOoIf1YOBAm37kEUOKR41ieUZm7ZJ/ugc-photo-ap-southeast-1-581603780057-acd24e232f75f09e/ACCOMMODATION/99923146_ACCOMMODATION_1583791477114_8d805a47eccb105c?_src=imagekit&tr=c-at_max,h-100,q-40,w-100",,,,,,,,,,,,,,,,,
https://www.traveloka.com/id-id/user/review/consumption/HOTEL/GENERAL/3000010008595,4,40,"Hotel yang nyaman, bersih, lokasi strategis dan harga terjangkau.",Diulas 322 minggu lalu,"https://ik.imagekit.io/tvlk/ugc-review/guys1L+Yyer9kzI3sp-pb0CG1j2bhflZGFUZOoIf1YOBAm37kEUOKR41ieUZm7ZJ/ugc-photo-ap-southeast-1-581603780057-acd24e232f75f09e/ACCOMMODATION/9093768_ACCOMMODATION_1582985294935_52d5fad6df5c2ded?_src=imagekit&tr=c-at_max,h-100,q-40,w-100",,,,,,,,,,,,,,,,,,,
https://www.traveloka.com/id-id/user/review/consumption/HOTEL/GENERAL/3000010008595,5,1,Kamar tak sesuai di foto!,Diulas 324 minggu lalu,"https://ik.imagekit.io/tvlk/ugc-review/guys1L+Yyer9kzI3sp-pb0CG1j2bhflZGFUZOoIf1YOBAm37kEUOKR41ieUZm7ZJ/ugc-photo-ap-southeast-1-581603780057-acd24e232f75f09e/ACCOMMODATION/9896762_ACCOMMODATION_1582543110732_f4d635837769f4e5?_src=imagekit&tr=c-at_max,h-100,q-40,w-100",,,,,,,,,,,,,,,,,,,
https://www.traveloka.com/id-id/user/review/consumption/HOTEL/GENERAL/3000010008595,5,2,"Ah parah sih bikin ketagihan kesini lagi, dengan harga yang ga menguras kantong + promo diskon dari traveloka dapet superior king 2 malam + makan lagi.. Untuk kamar 306 beuh dingin banget AC-nya, fasilitas kamar ok, makanan ok, hanya saja kamar mandi agak sedikit sempit. Semua sesuai dengan request terimakasih Traveloka terimakasih Atlantic City ⭐⭐⭐⭐⭐",Diulas 324 minggu lalu,"https://ik.imagekit.io/tvlk/ugc-review/guys1L+Yyer9kzI3sp-pb0CG1j2bhflZGFUZOoIf1YOBAm37kEUOKR41ieUZm7ZJ/ugc-photo-ap-southeast-1-581603780057-acd24e232f75f09e/ACCOMMODATION/23241646_ACCOMMODATION_1582463248729_3426ec652b77b6d0?_src=imagekit&tr=c-at_max,h-100,q-40,w-100","https://ik.imagekit.io/tvlk/ugc-review/guys1L+Yyer9kzI3sp-pb0CG1j2bhflZGFUZOoIf1YOBAm37kEUOKR41ieUZm7ZJ/ugc-photo-ap-southeast-1-581603780057-acd24e232f75f09e/ACCOMMODATION/23241646_ACCOMMODATION_1582463248729_8241e6d74075be32?_src=imagekit&tr=c-at_max,h-100,q-40,w-100","https://ik.imagekit.io/tvlk/ugc-review/guys1L+Yyer9kzI3sp-pb0CG1j2bhflZGFUZOoIf1YOBAm37kEUOKR41ieUZm7ZJ/ugc-photo-ap-southeast-1-581603780057-acd24e232f75f09e/ACCOMMODATION/23241646_ACCOMMODATION_1582464308496_9b99313eb4f31a06?_src=imagekit&tr=c-at_max,h-100,q-40,w-100","https://ik.imagekit.io/tvlk/ugc-review/guys1L+Yyer9kzI3sp-pb0CG1j2bhflZGFUZOoIf1YOBAm37kEUOKR41ieUZm7ZJ/ugc-photo-ap-southeast-1-581603780057-acd24e232f75f09e/ACCOMMODATION/23241646_ACCOMMODATION_1582464308496_95fc72aa0ecbcb36?_src=imagekit&tr=c-at_max,h-100,q-40,w-100",,,,,,,,,,,,,,,,
https://www.traveloka.com/id-id/user/review/consumption/HOTEL/GENERAL/3000010008595,5,3,"Kamar sangat bersih dan cukup luas. Lokasi sangat strategis , dekat dengan Mall Istana Plaza. Staf hotel sangat ramah dan cekatan. Fasilitas dan interior hotel bagus. Sarapannya enak, walaupun tidak terlalu beragam. Harga sangat murah jika dibandingkan dgn fasiitas yg didapatkan. Sangat puas!",Diulas 325 minggu lalu,"https://ik.imagekit.io/tvlk/ugc-review/guys1L+Yyer9kzI3sp-pb0CG1j2bhflZGFUZOoIf1YOBAm37kEUOKR41ieUZm7ZJ/ugc-photo-ap-southeast-1-581603780057-acd24e232f75f09e/ACCOMMODATION/80802562_ACCOMMODATION_1581921478919_bfca48d23f543a3c?_src=imagekit&tr=c-at_max,h-100,q-40,w-100","https://ik.imagekit.io/tvlk/ugc-review/guys1L+Yyer9kzI3sp-pb0CG1j2bhflZGFUZOoIf1YOBAm37kEUOKR41ieUZm7ZJ/ugc-photo-ap-southeast-1-581603780057-acd24e232f75f09e/ACCOMMODATION/80802562_ACCOMMODATION_1581921478920_47e432b73aa8a28b?_src=imagekit&tr=c-at_max,h-100,q-40,w-100","https://ik.imagekit.io/tvlk/ugc-review/guys1L+Yyer9kzI3sp-pb0CG1j2bhflZGFUZOoIf1YOBAm37kEUOKR41ieUZm7ZJ/ugc-photo-ap-southeast-1-581603780057-acd24e232f75f09e/ACCOMMODATION/80802562_ACCOMMODATION_1581921478920_8ac6c0e59ae1dcde?_src=imagekit&tr=c-at_max,h-100,q-40,w-100","https://ik.imagekit.io/tvlk/ugc-review/guys1L+Yyer9kzI3sp-pb0CG1j2bhflZGFUZOoIf1YOBAm37kEUOKR41ieUZm7ZJ/ugc-photo-ap-southeast-1-581603780057-acd24e232f75f09e/ACCOMMODATION/80802562_ACCOMMODATION_1581921478920_4f6ea2e45d716105?_src=imagekit&tr=c-at_max,h-100,q-40,w-100",,,,,,,,,,,,,,,,
https://www.traveloka.com/id-id/user/review/consumption/HOTEL/GENERAL/3000010008595,5,4,"Tempatnya strategis banget, deket mall tempat makan. Overall bagus kalau ke Bandung lagi pasti mau kesini lagi",Diulas 328 minggu lalu,"https://ik.imagekit.io/tvlk/ugc-review/guys1L+Yyer9kzI3sp-pb0CG1j2bhflZGFUZOoIf1YOBAm37kEUOKR41ieUZm7ZJ/ugc-photo-ap-southeast-1-581603780057-acd24e232f75f09e/ACCOMMODATION/56793340_ACCOMMODATION_1579863486097_d3aaa78924c5542e?_src=imagekit&tr=c-at_max,h-100,q-40,w-100",,,,,,,,,,,,,,,,,,,
https://www.traveloka.com/id-id/user/review/consumption/HOTEL/GENERAL/3000010008595,5,5,"Kamar bersih, toilet bersih, hanya saja becek karena lantai kamar dan kamar mandi terlalu sedikit, lokasi dekat pusat kota sebelah hotel ada.",Diulas 329 minggu lalu,"https://ik.imagekit.io/tvlk/ugc-review/guys1L+Yyer9kzI3sp-pb0CG1j2bhflZGFUZOoIf1YOBAm37kEUOKR41ieUZm7ZJ/ugc-photo-ap-southeast-1-581603780057-acd24e232f75f09e/ACCOMMODATION/66658849_ACCOMMODATION_1579341448703_35b3534e77b8a297?_src=imagekit&tr=c-at_max,h-100,q-40,w-100",,,,,,,,,,,,,,,,,,,
https://www.traveloka.com/id-id/user/review/consumption/HOTEL/GENERAL/3000010008595,5,6,"Buat sy hotel ini sangat is the best sekali, nyaman, kamarnya bersih, tempat strategis, menu breakfastnya enak, staff²nya ramah² dan menjadi pilihan yg tepat utk menginap disini swtiap sy ada di bdg bersama klg",Diulas 329 minggu lalu,"https://ik.imagekit.io/tvlk/ugc-review/guys1L+Yyer9kzI3sp-pb0CG1j2bhflZGFUZOoIf1YOBAm37kEUOKR41ieUZm7ZJ/ugc-photo-ap-southeast-1-581603780057-acd24e232f75f09e/ACCOMMODATION/20838624_ACCOMMODATION_1579311416475_266174320722f8e2?_src=imagekit&tr=c-at_max,h-100,q-40,w-100",,,,,,,,,,,,,,,,,,,
https://www.traveloka.com/id-id/user/review/consumption/HOTEL/GENERAL/3000010008595,5,7,Kali ini agak kecewa karena AC tidak dingin room 220 hanya angin saja.,Diulas 330 minggu lalu,,,,,,,,,,,,,,,,,,,,
https://www.traveloka.com/id-id/user/review/consumption/HOTEL/GENERAL/3000010008595,5,8,"Hotel lokasi strategis di pusat kota, dekat dengan tempat belanja favorit paskal 23, makanan enak dan banyak pilihan, cuma parkir saja yang agak sempit/terbatas, tapi petugas parkir standby buat bantu parkir sih, di luar itu si baik semua. Bersih dan nyaman bawa anak-anak atau bayi.",Diulas 331 minggu lalu,"https://ik.imagekit.io/tvlk/ugc-review/guys1L+Yyer9kzI3sp-pb0CG1j2bhflZGFUZOoIf1YOBAm37kEUOKR41ieUZm7ZJ/ugc-photo-ap-southeast-1-581603780057-acd24e232f75f09e/ACCOMMODATION/63763157_ACCOMMODATION_1577923353248_fe497103ae49ea7b?_src=imagekit&tr=c-at_max,h-100,q-40,w-100",,,,,,,,,,,,,,,,,,,
https://www.traveloka.com/id-id/user/review/consumption/HOTEL/GENERAL/3000010008595,5,9,"Check in cepat, ada deposit cash sebesar 50ribu, kamar cukup luas, AC berfungsi dengan baik, banyak colokan listrik, TV kabel, ada pemanas air minum, menu sarapan cukup bervariasi, dapet voucher diskon 10% di cafe rooftopnya hehe thank you ya. Pesen double bed tapi yang available twin bed tapi tetep oke, area showernya kecil mungkin lebih baik dikasih lampu tambahan di bagian shower karna agak gelap, air panas di shower dan wastafel bekerja dengan baik. Cocok untuk staycation, lokasi strategi deket dengan 2 pusat belanja dan banyak restoran fastfood.",Diulas 333 minggu lalu,"https://ik.imagekit.io/tvlk/ugc-review/guys1L+Yyer9kzI3sp-pb0CG1j2bhflZGFUZOoIf1YOBAm37kEUOKR41ieUZm7ZJ/ugc-photo-ap-southeast-1-581603780057-acd24e232f75f09e/ACCOMMODATION/61476197_ACCOMMODATION_1577121216339_11fb75e069b63198?_src=imagekit&tr=c-at_max,h-80,q-40,w-80","https://ik.imagekit.io/tvlk/ugc-review/guys1L+Yyer9kzI3sp-pb0CG1j2bhflZGFUZOoIf1YOBAm37kEUOKR41ieUZm7ZJ/ugc-photo-ap-southeast-1-581603780057-acd24e232f75f09e/ACCOMMODATION/61476197_ACCOMMODATION_1577121216339_d96476f9bf639abe?_src=imagekit&tr=c-at_max,h-80,q-40,w-80","https://ik.imagekit.io/tvlk/ugc-review/guys1L+Yyer9kzI3sp-pb0CG1j2bhflZGFUZOoIf1YOBAm37kEUOKR41ieUZm7ZJ/ugc-photo-ap-southeast-1-581603780057-acd24e232f75f09e/ACCOMMODATION/61476197_ACCOMMODATION_1577121216340_f24d400122a1063f?_src=imagekit&tr=c-at_max,h-80,q-40,w-80","https://ik.imagekit.io/tvlk/ugc-review/guys1L+Yyer9kzI3sp-pb0CG1j2bhflZGFUZOoIf1YOBAm37kEUOKR41ieUZm7ZJ/ugc-photo-ap-southeast-1-581603780057-acd24e232f75f09e/ACCOMMODATION/61476197_ACCOMMODATION_1577121216340_022df7bcb6ec4b8b?_src=imagekit&tr=c-at_max,h-80,q-40,w-80","https://ik.imagekit.io/tvlk/ugc-review/guys1L+Yyer9kzI3sp-pb0CG1j2bhflZGFUZOoIf1YOBAm37kEUOKR41ieUZm7ZJ/ugc-photo-ap-southeast-1-581603780057-acd24e232f75f09e/ACCOMMODATION/61476197_ACCOMMODATION_1577121216340_c5721453f0b602e8?_src=imagekit&tr=c-at_max,h-80,q-40,w-80","https://ik.imagekit.io/tvlk/ugc-review/guys1L+Yyer9kzI3sp-pb0CG1j2bhflZGFUZOoIf1YOBAm37kEUOKR41ieUZm7ZJ/ugc-photo-ap-southeast-1-581603780057-acd24e232f75f09e/ACCOMMODATION/61476197_ACCOMMODATION_1577121216341_830e862b9377d549?_src=imagekit&tr=c-at_max,h-80,q-40,w-80","https://ik.imagekit.io/tvlk/ugc-review/guys1L+Yyer9kzI3sp-pb0CG1j2bhflZGFUZOoIf1YOBAm37kEUOKR41ieUZm7ZJ/ugc-photo-ap-southeast-1-581603780057-acd24e232f75f09e/ACCOMMODATION/61476197_ACCOMMODATION_1577121216341_fdcd110d8a3c8751?_src=imagekit&tr=c-at_max,h-80,q-40,w-80","https://ik.imagekit.io/tvlk/ugc-review/guys1L+Yyer9kzI3sp-pb0CG1j2bhflZGFUZOoIf1YOBAm37kEUOKR41ieUZm7ZJ/ugc-photo-ap-southeast-1-581603780057-acd24e232f75f09e/ACCOMMODATION/61476197_ACCOMMODATION_1577121216341_f0bd6a93dc211a02?_src=imagekit&tr=c-at_max,h-80,q-40,w-80","https://ik.imagekit.io/tvlk/ugc-review/guys1L+Yyer9kzI3sp-pb0CG1j2bhflZGFUZOoIf1YOBAm37kEUOKR41ieUZm7ZJ/ugc-photo-ap-southeast-1-581603780057-acd24e232f75f09e/ACCOMMODATION/61476197_ACCOMMODATION_1577121216341_07b7da65f4c5d249?_src=imagekit&tr=c-at_max,h-80,q-40,w-80",,,,,,,,,,,
https://www.traveloka.com/id-id/user/review/consumption/HOTEL/GENERAL/3000010008595,5,10,"Menginap di sini 1 malam saja kamarnya asik, nyaman staffnya di training dengan sangat baik. Dari housekeeping, restaurant, staf yang di basement (entah bellboy/tukang valley/secutity) mereka semua sopan dan ramah. Taste makanan menurut saya 6/10 tempat strategis sungguh hotel yang sangat baik menurut saya. Terima kasih sudah membuat perjalanan di Bandung saya menyenangkan next will back to stay here.",Diulas 333 minggu lalu,"https://ik.imagekit.io/tvlk/ugc-review/guys1L+Yyer9kzI3sp-pb0CG1j2bhflZGFUZOoIf1YOBAm37kEUOKR41ieUZm7ZJ/ugc-photo-ap-southeast-1-581603780057-acd24e232f75f09e/ACCOMMODATION/142819203_ACCOMMODATION_1576744140969_9a594388c2e29ff7?_src=imagekit&tr=c-at_max,h-100,q-40,w-100","https://ik.imagekit.io/tvlk/ugc-review/guys1L+Yyer9kzI3sp-pb0CG1j2bhflZGFUZOoIf1YOBAm37kEUOKR41ieUZm7ZJ/ugc-photo-ap-southeast-1-581603780057-acd24e232f75f09e/ACCOMMODATION/142819203_ACCOMMODATION_1576744140970_4155c4b64cb3ef18?_src=imagekit&tr=c-at_max,h-100,q-40,w-100",,,,,,,,,,,,,,,,,,
https://www.traveloka.com/id-id/user/review/consumption/HOTEL/GENERAL/3000010008595,5,11,"Untuk lokasi cukup stategis karena dekat ke tempat wisata dan kuliner bandung, untuk pelayanannya memuaskan, tapi untuk gelas di kamar mandi berkerak hitam.",Diulas 339 minggu lalu,"https://ik.imagekit.io/tvlk/ugc-review/guys1L+Yyer9kzI3sp-pb0CG1j2bhflZGFUZOoIf1YOBAm37kEUOKR41ieUZm7ZJ/ugc-photo-ap-southeast-1-581603780057-acd24e232f75f09e/ACCOMMODATION/6210243_ACCOMMODATION_1573351958847_9943ed13a529fd63?_src=imagekit&tr=c-at_max,h-100,q-40,w-100",,,,,,,,,,,,,,,,,,,
https://www.traveloka.com/id-id/user/review/consumption/HOTEL/GENERAL/3000010008595,5,12,"Pelayanan baik dan ramah, sarapan lumayan enak.",Diulas 340 minggu lalu,"https://ik.imagekit.io/tvlk/ugc-review/guys1L+Yyer9kzI3sp-pb0CG1j2bhflZGFUZOoIf1YOBAm37kEUOKR41ieUZm7ZJ/ugc-photo-ap-southeast-1-581603780057-acd24e232f75f09e/ACCOMMODATION/34906175_ACCOMMODATION_1572780146882_6d16c696b18ba891?_src=imagekit&tr=c-at_max,h-100,q-40,w-100",,,,,,,,,,,,,,,,,,,
https://www.traveloka.com/id-id/user/review/consumption/HOTEL/GENERAL/3000010008595,5,13,Dekat dengan mal. Kfc. rechesee dan mcdonal. Akses mudah.,Diulas 340 minggu lalu,"https://ik.imagekit.io/tvlk/ugc-review/guys1L+Yyer9kzI3sp-pb0CG1j2bhflZGFUZOoIf1YOBAm37kEUOKR41ieUZm7ZJ/ugc-photo-ap-southeast-1-581603780057-acd24e232f75f09e/ACCOMMODATION/22608082_ACCOMMODATION_1572493196341_08ce7ec384be8f59?_src=imagekit&tr=c-at_max,h-100,q-40,w-100","https://ik.imagekit.io/tvlk/ugc-review/guys1L+Yyer9kzI3sp-pb0CG1j2bhflZGFUZOoIf1YOBAm37kEUOKR41ieUZm7ZJ/ugc-photo-ap-southeast-1-581603780057-acd24e232f75f09e/ACCOMMODATION/22608082_ACCOMMODATION_1572493196341_dfa1decf8a676cf4?_src=imagekit&tr=c-at_max,h-100,q-40,w-100","https://ik.imagekit.io/tvlk/ugc-review/guys1L+Yyer9kzI3sp-pb0CG1j2bhflZGFUZOoIf1YOBAm37kEUOKR41ieUZm7ZJ/ugc-photo-ap-southeast-1-581603780057-acd24e232f75f09e/ACCOMMODATION/22608082_ACCOMMODATION_1572493196342_89c2dad7492448bc?_src=imagekit&tr=c-at_max,h-100,q-40,w-100",,,,,,,,,,,,,,,,,
https://www.traveloka.com/id-id/user/review/consumption/HOTEL/GENERAL/3000010008595,5,14,"Pengalaman menginap di hotel ini sangat memuaskan. Mulai dari room yg bersih dan interior yg bagus, toilet bersih, dan pelayanan kamar sangat baik. Sarapan lumayan enak, tapi menu kurang banyak 😅. So far sangat puas menginap di hotel ini.",Diulas 341 minggu lalu,"https://ik.imagekit.io/tvlk/ugc-review/guys1L+Yyer9kzI3sp-pb0CG1j2bhflZGFUZOoIf1YOBAm37kEUOKR41ieUZm7ZJ/ugc-photo-ap-southeast-1-581603780057-acd24e232f75f09e/ACCOMMODATION/45182331_ACCOMMODATION_1572328371149_76cae68e1a0d303d?_src=imagekit&tr=c-at_max,h-100,q-40,w-100",,,,,,,,,,,,,,,,,,,
https://www.traveloka.com/id-id/user/review/consumption/HOTEL/GENERAL/3000010008595,5,15,Lokasi cukup terjangkau walau 1 arah. Perbaikan untuk ke depan jika memang ada perbaikan terkait alarm bahaya untuk diinfokan sebelumnya ke tiap kamar hotel karena amat sangat mengganggu kenyamanan banak. Tidak ada petugas hotel pun di lantai kami menginap. Untungnya bukan tengah malam tapi tetap di jam istirahat dan pengunjung terganggu buru-buru kluar kamar. Setelah di telepon FO cuma bilang ada perbaikan.,Diulas 344 minggu lalu,"https://ik.imagekit.io/tvlk/ugc-review/guys1L+Yyer9kzI3sp-pb0CG1j2bhflZGFUZOoIf1YOBAm37kEUOKR41ieUZm7ZJ/ugc-photo-ap-southeast-1-581603780057-acd24e232f75f09e/ACCOMMODATION/17919200_ACCOMMODATION_1570518359695_9ae3fec6b267fda8?_src=imagekit&tr=c-at_max,h-100,q-40,w-100","https://ik.imagekit.io/tvlk/ugc-review/guys1L+Yyer9kzI3sp-pb0CG1j2bhflZGFUZOoIf1YOBAm37kEUOKR41ieUZm7ZJ/ugc-photo-ap-southeast-1-581603780057-acd24e232f75f09e/ACCOMMODATION/17919200_ACCOMMODATION_1570518359695_15d391aa64ae487d?_src=imagekit&tr=c-at_max,h-100,q-40,w-100","https://ik.imagekit.io/tvlk/ugc-review/guys1L+Yyer9kzI3sp-pb0CG1j2bhflZGFUZOoIf1YOBAm37kEUOKR41ieUZm7ZJ/ugc-photo-ap-southeast-1-581603780057-acd24e232f75f09e/ACCOMMODATION/17919200_ACCOMMODATION_1570518359695_27940c8732d10104?_src=imagekit&tr=c-at_max,h-100,q-40,w-100",,,,,,,,,,,,,,,,,
https://www.traveloka.com/id-id/user/review/consumption/HOTEL/GENERAL/3000010008595,5,16,"Kamar yang bagus, bersih dan dekat ke mana saja",Diulas 346 minggu lalu,"https://ik.imagekit.io/tvlk/ugc-review/guys1L+Yyer9kzI3sp-pb0CG1j2bhflZGFUZOoIf1YOBAm37kEUOKR41ieUZm7ZJ/ugc-photo-ap-southeast-1-581603780057-acd24e232f75f09e/ACCOMMODATION/17545160_ACCOMMODATION_1569120562315_fd414dde2ccbce81?_src=imagekit&tr=c-at_max,h-100,q-40,w-100",,,,,,,,,,,,,,,,,,,
https://www.traveloka.com/id-id/user/review/consumption/HOTEL/GENERAL/3000010008595,5,17,"Recommended banget. puas sekali menginap disini, bersih, pelayanan ramah, OB sangat gesit, dekor ruangannya oke banget, dengan budget murah. Tidak menyesal deh menginap 2 hari disini. Next order lagi. Terima kasih Traveloka dan Atlantic hotel.",Diulas 347 minggu lalu,"https://ik.imagekit.io/tvlk/ugc-review/guys1L+Yyer9kzI3sp-pb0CG1j2bhflZGFUZOoIf1YOBAm37kEUOKR41ieUZm7ZJ/ugc-photo-ap-southeast-1-581603780057-acd24e232f75f09e/ACCOMMODATION/63262262_ACCOMMODATION_1568451146612_e88e7d0169d1f715?_src=imagekit&tr=c-at_max,h-100,q-40,w-100","https://ik.imagekit.io/tvlk/ugc-review/guys1L+Yyer9kzI3sp-pb0CG1j2bhflZGFUZOoIf1YOBAm37kEUOKR41ieUZm7ZJ/ugc-photo-ap-southeast-1-581603780057-acd24e232f75f09e/ACCOMMODATION/63262262_ACCOMMODATION_1568451146613_496b57c9f8494a75?_src=imagekit&tr=c-at_max,h-100,q-40,w-100","https://ik.imagekit.io/tvlk/ugc-review/guys1L+Yyer9kzI3sp-pb0CG1j2bhflZGFUZOoIf1YOBAm37kEUOKR41ieUZm7ZJ/ugc-photo-ap-southeast-1-581603780057-acd24e232f75f09e/ACCOMMODATION/63262262_ACCOMMODATION_1568451146613_7697c9ce9537862c?_src=imagekit&tr=c-at_max,h-100,q-40,w-100",,,,,,,,,,,,,,,,,
https://www.traveloka.com/id-id/user/review/consumption/HOTEL/GENERAL/3000010008595,5,18,"Lokasi hotel strategis bersebelahan dengan KFC, recheese factory, istana plaza. 500 m di Primarasa. Breakfast cocok dengan yang jaga kesehatan (sedikit asin) and menu cukup pas. Security hebat bisa atur parkir, receptionist ramah. Superior room nyaman tidak sempit. Memuaskan. Thanks.",Diulas 348 minggu lalu,"https://ik.imagekit.io/tvlk/ugc-review/guys1L+Yyer9kzI3sp-pb0CG1j2bhflZGFUZOoIf1YOBAm37kEUOKR41ieUZm7ZJ/ugc-photo-ap-southeast-1-581603780057-acd24e232f75f09e/ACCOMMODATION/7594645_ACCOMMODATION_1567992567058_de65df37ea7ff4f1?_src=imagekit&tr=c-at_max,h-100,q-40,w-100","https://ik.imagekit.io/tvlk/ugc-review/guys1L+Yyer9kzI3sp-pb0CG1j2bhflZGFUZOoIf1YOBAm37kEUOKR41ieUZm7ZJ/ugc-photo-ap-southeast-1-581603780057-acd24e232f75f09e/ACCOMMODATION/7594645_ACCOMMODATION_1567992567058_3ebf51dfc4ecc458?_src=imagekit&tr=c-at_max,h-100,q-40,w-100","https://ik.imagekit.io/tvlk/ugc-review/guys1L+Yyer9kzI3sp-pb0CG1j2bhflZGFUZOoIf1YOBAm37kEUOKR41ieUZm7ZJ/ugc-photo-ap-southeast-1-581603780057-acd24e232f75f09e/ACCOMMODATION/7594645_ACCOMMODATION_1567992567058_283a3b979a63f1de?_src=imagekit&tr=c-at_max,h-100,q-40,w-100",,,,,,,,,,,,,,,,,
https://www.traveloka.com/id-id/user/review/consumption/HOTEL/GENERAL/3000010008595,5,19,Kamar yang mungkin jarang di isi karena letaknya di ujung. 7. sehingga kebersihan kamar kurang terjaga.,Diulas 358 minggu lalu,"https://ik.imagekit.io/tvlk/ugc-review/guys1L+Yyer9kzI3sp-pb0CG1j2bhflZGFUZOoIf1YOBAm37kEUOKR41ieUZm7ZJ/ugc-photo-ap-southeast-1-581603780057-acd24e232f75f09e/ACCOMMODATION/30214750_ACCOMMODATION_1561648276381_9771eb94ca1e6e07?_src=imagekit&tr=c-at_max,h-100,q-40,w-100",,,,,,,,,,,,,,,,,,,
https://www.traveloka.com/id-id/user/review/consumption/HOTEL/GENERAL/3000010008595,5,20,Tidak recommended. Kalau hanya untuk singgah sehari saja silahkan. Untuk liburan keluarga mending cari yg lain,Diulas 358 minggu lalu,"https://ik.imagekit.io/tvlk/ugc-review/guys1L+Yyer9kzI3sp-pb0CG1j2bhflZGFUZOoIf1YOBAm37kEUOKR41ieUZm7ZJ/ugc-photo-ap-southeast-1-581603780057-acd24e232f75f09e/ACCOMMODATION/4233446_ACCOMMODATION_1561563256494_eb1fd296a7f38b13?_src=imagekit&tr=c-at_max,h-100,q-40,w-100","https://ik.imagekit.io/tvlk/ugc-review/guys1L+Yyer9kzI3sp-pb0CG1j2bhflZGFUZOoIf1YOBAm37kEUOKR41ieUZm7ZJ/ugc-photo-ap-southeast-1-581603780057-acd24e232f75f09e/ACCOMMODATION/4233446_ACCOMMODATION_1561563256495_907e4b54118aa725?_src=imagekit&tr=c-at_max,h-100,q-40,w-100",,,,,,,,,,,,,,,,,,
https://www.traveloka.com/id-id/user/review/consumption/HOTEL/GENERAL/3000010008595,5,21,"Dari yang tidak suka dulu ya: 1. pas masuk kamar, kamar terkesan bau asap atau bau sejenisnya, mungkin ada bau tua-tua dan sejenisnya. Seharusnya kamar disemprotkan pewangi ruangan terlebih dahulu atau melakukan pembuangan udara melalui kaca jendela atau sejenisnya. 2. masih berdebu di lemari pakaian (ini termasuk banyak), lampu dekat tembok ranjang bagian kepala, Dan exhaust di toilet terlihat banyak gumpalan debu. 3. sarapan tgl 21, Di bagian buah-buahan terlihat binatang terbang kecil di sekitar buah-buahan (bukan lalat), Seharusnya ada lilin di dekat sana atau setidaknya taruh saja di wadah dan tutup dekat sesuatu biar higenis. Selebihnya perabotan makan lebih diperhatikan saat dicuci (ada sedikit masalah), Sandal kamar hotel harusnya ada 2 karena tamu ada 2. 5. ini menurut saya cukup fatal, tidak ada security menjaga pintu depan atau security utama pemeriksa barang bawaan. Untuk sekelas hotel yang menurut saya oke, harusnya keamanan tetap prioritas. hal yang bagus: 1. ranjang, AC, TV, Dan colokan listrik sangat memuaskan. ranjang sangat nyaman. AC bekerja baik. TV ada TV cable. colokan listrik juga banyak banget. 2. makanan di restoran termasuk enak-enak dan lengkap dari appetizer-main course-dessert. Tempat sekitar juga tergolong bersih. Tolong tambahlan lilin saja ya di sekitar makanan yang tanpa penutup dan toaster roti harap diperbaiki/diperbaharui. 3. staf staf dan pekerja sana ramah dan membantu sekali. 4. lokasi samping kfc dan richeese, seberang starbucks dan chat time, arah jam 11 ada mcd dan mal. Note: tidak tahu tentang kapasitas parkiran. Dari kamar di lantai 5 tgl 21-23 juni.",Diulas 359 minggu lalu,"https://ik.imagekit.io/tvlk/ugc-review/guys1L+Yyer9kzI3sp-pb0CG1j2bhflZGFUZOoIf1YOBAm37kEUOKR41ieUZm7ZJ/ugc-photo-ap-southeast-1-581603780057-acd24e232f75f09e/ACCOMMODATION/14879471_ACCOMMODATION_1561350070105_05c3488598b84363?_src=imagekit&tr=c-at_max,h-100,q-40,w-100","https://ik.imagekit.io/tvlk/ugc-review/guys1L+Yyer9kzI3sp-pb0CG1j2bhflZGFUZOoIf1YOBAm37kEUOKR41ieUZm7ZJ/ugc-photo-ap-southeast-1-581603780057-acd24e232f75f09e/ACCOMMODATION/14879471_ACCOMMODATION_1561350070105_d6c18e874cfe7859?_src=imagekit&tr=c-at_max,h-100,q-40,w-100","https://ik.imagekit.io/tvlk/ugc-review/guys1L+Yyer9kzI3sp-pb0CG1j2bhflZGFUZOoIf1YOBAm37kEUOKR41ieUZm7ZJ/ugc-photo-ap-southeast-1-581603780057-acd24e232f75f09e/ACCOMMODATION/14879471_ACCOMMODATION_1561350070105_61464b8963d24aa1?_src=imagekit&tr=c-at_max,h-100,q-40,w-100","https://ik.imagekit.io/tvlk/ugc-review/guys1L+Yyer9kzI3sp-pb0CG1j2bhflZGFUZOoIf1YOBAm37kEUOKR41ieUZm7ZJ/ugc-photo-ap-southeast-1-581603780057-acd24e232f75f09e/ACCOMMODATION/14879471_ACCOMMODATION_1561350070105_c43a04f8ce966e69?_src=imagekit&tr=c-at_max,h-100,q-40,w-100","https://ik.imagekit.io/tvlk/ugc-review/guys1L+Yyer9kzI3sp-pb0CG1j2bhflZGFUZOoIf1YOBAm37kEUOKR41ieUZm7ZJ/ugc-photo-ap-southeast-1-581603780057-acd24e232f75f09e/ACCOMMODATION/14879471_ACCOMMODATION_1561350070106_51523033ca19e46d?_src=imagekit&tr=c-at_max,h-100,q-40,w-100","https://ik.imagekit.io/tvlk/ugc-review/guys1L+Yyer9kzI3sp-pb0CG1j2bhflZGFUZOoIf1YOBAm37kEUOKR41ieUZm7ZJ/ugc-photo-ap-southeast-1-581603780057-acd24e232f75f09e/ACCOMMODATION/14879471_ACCOMMODATION_1561350070106_db2b651df9af37a2?_src=imagekit&tr=c-at_max,h-100,q-40,w-100",,,,,,,,,,,,,,
https://www.traveloka.com/id-id/user/review/consumption/HOTEL/GENERAL/3000010008595,5,22,"Hotel di tengah kota, mudah untuk cari makanan, kamar nyaman dan petugas ramah.",Diulas 361 minggu lalu,"https://ik.imagekit.io/tvlk/ugc-review/guys1L+Yyer9kzI3sp-pb0CG1j2bhflZGFUZOoIf1YOBAm37kEUOKR41ieUZm7ZJ/ugc-photo-ap-southeast-1-581603780057-acd24e232f75f09e/ACCOMMODATION/9869146_ACCOMMODATION_1560138973918_b5c4db2bb57ec81c?_src=imagekit&tr=c-at_max,h-100,q-40,w-100",,,,,,,,,,,,,,,,,,,
https://www.traveloka.com/id-id/user/review/consumption/HOTEL/GENERAL/3000010008595,5,23,"Lokasi strategis dekat dengan pusat keramaian dan fasilitas umum serta pelayanan publik, hanya saja kemarin air shower suhunya kurang sedikit panas overall menyenangkan.",Diulas 361 minggu lalu,"https://ik.imagekit.io/tvlk/ugc-review/guys1L+Yyer9kzI3sp-pb0CG1j2bhflZGFUZOoIf1YOBAm37kEUOKR41ieUZm7ZJ/ugc-photo-ap-southeast-1-581603780057-acd24e232f75f09e/ACCOMMODATION/63969126_ACCOMMODATION_1559740414983_bd1b94167b4f4a99?_src=imagekit&tr=c-at_max,h-80,q-40,w-80","https://ik.imagekit.io/tvlk/ugc-review/guys1L+Yyer9kzI3sp-pb0CG1j2bhflZGFUZOoIf1YOBAm37kEUOKR41ieUZm7ZJ/ugc-photo-ap-southeast-1-581603780057-acd24e232f75f09e/ACCOMMODATION/63969126_ACCOMMODATION_1559740414983_e41f86703be19fd2?_src=imagekit&tr=c-at_max,h-80,q-40,w-80","https://ik.imagekit.io/tvlk/ugc-review/guys1L+Yyer9kzI3sp-pb0CG1j2bhflZGFUZOoIf1YOBAm37kEUOKR41ieUZm7ZJ/ugc-photo-ap-southeast-1-581603780057-acd24e232f75f09e/ACCOMMODATION/63969126_ACCOMMODATION_1559740414983_f4f1bc499c12e273?_src=imagekit&tr=c-at_max,h-80,q-40,w-80","https://ik.imagekit.io/tvlk/ugc-review/guys1L+Yyer9kzI3sp-pb0CG1j2bhflZGFUZOoIf1YOBAm37kEUOKR41ieUZm7ZJ/ugc-photo-ap-southeast-1-581603780057-acd24e232f75f09e/ACCOMMODATION/63969126_ACCOMMODATION_1559740414984_a0f839a9420c31af?_src=imagekit&tr=c-at_max,h-80,q-40,w-80","https://ik.imagekit.io/tvlk/ugc-review/guys1L+Yyer9kzI3sp-pb0CG1j2bhflZGFUZOoIf1YOBAm37kEUOKR41ieUZm7ZJ/ugc-photo-ap-southeast-1-581603780057-acd24e232f75f09e/ACCOMMODATION/63969126_ACCOMMODATION_1559740414984_21ebaa660a5fc1da?_src=imagekit&tr=c-at_max,h-80,q-40,w-80","https://ik.imagekit.io/tvlk/ugc-review/guys1L+Yyer9kzI3sp-pb0CG1j2bhflZGFUZOoIf1YOBAm37kEUOKR41ieUZm7ZJ/ugc-photo-ap-southeast-1-581603780057-acd24e232f75f09e/ACCOMMODATION/63969126_ACCOMMODATION_1559740414984_ba45734de690f344?_src=imagekit&tr=c-at_max,h-80,q-40,w-80","https://ik.imagekit.io/tvlk/ugc-review/guys1L+Yyer9kzI3sp-pb0CG1j2bhflZGFUZOoIf1YOBAm37kEUOKR41ieUZm7ZJ/ugc-photo-ap-southeast-1-581603780057-acd24e232f75f09e/ACCOMMODATION/63969126_ACCOMMODATION_1559740414984_a6ebb958c8867e3e?_src=imagekit&tr=c-at_max,h-80,q-40,w-80","https://ik.imagekit.io/tvlk/ugc-review/guys1L+Yyer9kzI3sp-pb0CG1j2bhflZGFUZOoIf1YOBAm37kEUOKR41ieUZm7ZJ/ugc-photo-ap-southeast-1-581603780057-acd24e232f75f09e/ACCOMMODATION/63969126_ACCOMMODATION_1559740414985_d2983e5774258a65?_src=imagekit&tr=c-at_max,h-80,q-40,w-80","https://ik.imagekit.io/tvlk/ugc-review/guys1L+Yyer9kzI3sp-pb0CG1j2bhflZGFUZOoIf1YOBAm37kEUOKR41ieUZm7ZJ/ugc-photo-ap-southeast-1-581603780057-acd24e232f75f09e/ACCOMMODATION/63969126_ACCOMMODATION_1559740414985_8e4b04f1977313a8?_src=imagekit&tr=c-at_max,h-80,q-40,w-80","https://ik.imagekit.io/tvlk/ugc-review/guys1L+Yyer9kzI3sp-pb0CG1j2bhflZGFUZOoIf1YOBAm37kEUOKR41ieUZm7ZJ/ugc-photo-ap-southeast-1-581603780057-acd24e232f75f09e/ACCOMMODATION/63969126_ACCOMMODATION_1559740414985_9a433780d041ad8f?_src=imagekit&tr=c-at_max,h-80,q-40,w-80",,,,,,,,,,
https://www.traveloka.com/id-id/user/review/consumption/HOTEL/GENERAL/3000010008595,5,24,"Kamar bersih, kamar mandi juga bersih tanpa bochor. Kadang terdengar suara pesawat karena dekat bandara husein. Buat yang wisata belanja cocok banget. Ke ip tinggal jalan, ke pasar baru tidak terlalu jauh.",Diulas 362 minggu lalu,"https://ik.imagekit.io/tvlk/ugc-review/guys1L+Yyer9kzI3sp-pb0CG1j2bhflZGFUZOoIf1YOBAm37kEUOKR41ieUZm7ZJ/ugc-photo-ap-southeast-1-581603780057-acd24e232f75f09e/ACCOMMODATION/6606786_ACCOMMODATION_1559630519145_534b51c48cb539c9?_src=imagekit&tr=c-at_max,h-100,q-40,w-100",,,,,,,,,,,,,,,,,,,
https://www.traveloka.com/id-id/user/review/consumption/HOTEL/GENERAL/3000010008595,5,25,Exterior sangat menyenangkan untuk santai menikmati Bandung.,Diulas 364 minggu lalu,"https://ik.imagekit.io/tvlk/ugc-review/guys1L+Yyer9kzI3sp-pb0CG1j2bhflZGFUZOoIf1YOBAm37kEUOKR41ieUZm7ZJ/ugc-photo-ap-southeast-1-581603780057-acd24e232f75f09e/ACCOMMODATION/6035739_ACCOMMODATION_1557953039981_f8a1cebe1c40c860?_src=imagekit&tr=c-at_max,h-100,q-40,w-100",,,,,,,,,,,,,,,,,,,
https://www.traveloka.com/id-id/user/review/consumption/HOTEL/GENERAL/3000010008595,5,26,Suka menginap disini karena deket banget ke mall 😁,Diulas 368 minggu lalu,"https://ik.imagekit.io/tvlk/ugc-review/guys1L+Yyer9kzI3sp-pb0CG1j2bhflZGFUZOoIf1YOBAm37kEUOKR41ieUZm7ZJ/ugc-photo-ap-southeast-1-581603780057-acd24e232f75f09e/ACCOMMODATION/9093768_ACCOMMODATION_1555655574836_7f307c920e39572d?_src=imagekit&tr=c-at_max,h-100,q-40,w-100",,,,,,,,,,,,,,,,,,,
https://www.traveloka.com/id-id/user/review/consumption/HOTEL/GENERAL/3000010008595,5,27,"Lokasi strategis di pusat kota, dekat dengan stasiun, bandara, pusat perbelanjaan.",Diulas 368 minggu lalu,"https://ik.imagekit.io/tvlk/ugc-review/guys1L+Yyer9kzI3sp-pb0CG1j2bhflZGFUZOoIf1YOBAm37kEUOKR41ieUZm7ZJ/ugc-photo-ap-southeast-1-581603780057-acd24e232f75f09e/ACCOMMODATION/20206897_ACCOMMODATION_1555812399209_3be92d9db18c7b57?_src=imagekit&tr=c-at_max,h-100,q-40,w-100","https://ik.imagekit.io/tvlk/ugc-review/guys1L+Yyer9kzI3sp-pb0CG1j2bhflZGFUZOoIf1YOBAm37kEUOKR41ieUZm7ZJ/ugc-photo-ap-southeast-1-581603780057-acd24e232f75f09e/ACCOMMODATION/20206897_ACCOMMODATION_1555812399209_cab27d1a863a7a56?_src=imagekit&tr=c-at_max,h-100,q-40,w-100",,,,,,,,,,,,,,,,,,
https://www.traveloka.com/id-id/user/review/consumption/HOTEL/GENERAL/3000010008595,5,28,"Luar biasa, itu yang selalu kami ucapkan setiap menginap di Atlantic 😍",Diulas 371 minggu lalu,"https://ik.imagekit.io/tvlk/ugc-review/guys1L+Yyer9kzI3sp-pb0CG1j2bhflZGFUZOoIf1YOBAm37kEUOKR41ieUZm7ZJ/ugc-photo-ap-southeast-1-581603780057-acd24e232f75f09e/ACCOMMODATION/22594509_ACCOMMODATION_1553697498232_a80edf79f0a518b8?_src=imagekit&tr=c-at_max,h-100,q-40,w-100","https://ik.imagekit.io/tvlk/ugc-review/guys1L+Yyer9kzI3sp-pb0CG1j2bhflZGFUZOoIf1YOBAm37kEUOKR41ieUZm7ZJ/ugc-photo-ap-southeast-1-581603780057-acd24e232f75f09e/ACCOMMODATION/22594509_ACCOMMODATION_1553697498233_1e9559348db704fb?_src=imagekit&tr=c-at_max,h-100,q-40,w-100",,,,,,,,,,,,,,,,,,
https://www.traveloka.com/id-id/user/review/consumption/HOTEL/GENERAL/3000010008595,5,29,"Kamar sesuai dengan keinginan kita, cocok buat kita, nyaman, bersih, setiap weekend kami selalu menginap di Atlantic Hotel, wifi puas, dan di lantai atas viewnya enak buat selfie. Pokoknya aku selalu pasti akan menginap di Atlantic Hotel.",Diulas 372 minggu lalu,"https://ik.imagekit.io/tvlk/ugc-review/guys1L+Yyer9kzI3sp-pb0CG1j2bhflZGFUZOoIf1YOBAm37kEUOKR41ieUZm7ZJ/ugc-photo-ap-southeast-1-581603780057-acd24e232f75f09e/ACCOMMODATION/21624136_ACCOMMODATION_1553406803548_65ff08c11e951e55?_src=imagekit&tr=c-at_max,h-100,q-40,w-100","https://ik.imagekit.io/tvlk/ugc-review/guys1L+Yyer9kzI3sp-pb0CG1j2bhflZGFUZOoIf1YOBAm37kEUOKR41ieUZm7ZJ/ugc-photo-ap-southeast-1-581603780057-acd24e232f75f09e/ACCOMMODATION/21624136_ACCOMMODATION_1553406803549_df9bf5dd099235a8?_src=imagekit&tr=c-at_max,h-100,q-40,w-100","https://ik.imagekit.io/tvlk/ugc-review/guys1L+Yyer9kzI3sp-pb0CG1j2bhflZGFUZOoIf1YOBAm37kEUOKR41ieUZm7ZJ/ugc-photo-ap-southeast-1-581603780057-acd24e232f75f09e/ACCOMMODATION/21624136_ACCOMMODATION_1553406803549_7ec9ad5fea00684c?_src=imagekit&tr=c-at_max,h-100,q-40,w-100",,,,,,,,,,,,,,,,,
https://www.traveloka.com/id-id/user/review/consumption/HOTEL/GENERAL/3000010008595,5,30,"Hotel bersih, harga terjangkau, dekat sama akses RS, bandara, mal. Saya sangat rekomendasi hotel dan app yang membuat semua menjadi mudah! 😍",Diulas 372 minggu lalu,"https://ik.imagekit.io/tvlk/ugc-review/guys1L+Yyer9kzI3sp-pb0CG1j2bhflZGFUZOoIf1YOBAm37kEUOKR41ieUZm7ZJ/ugc-photo-ap-southeast-1-581603780057-acd24e232f75f09e/ACCOMMODATION/6061825_ACCOMMODATION_1553397293266_aed6745b66c0a322?_src=imagekit&tr=c-at_max,h-100,q-40,w-100",,,,,,,,,,,,,,,,,,,
https://www.traveloka.com/id-id/user/review/consumption/HOTEL/GENERAL/3000010008595,5,31,"Saya pertama kali menginap disini dan dapat kamar 516. Pas baru sampai tidak ada satpam jadi agak bingung parkirnya kemana dan resepsionis tidak ada ditempat. Masuk ke kamar, kamarnya bersih, wangi, kamar mandi lumayan. Tolong pihak hotel untuk selang di samping kloset tolong diganti terlalu keras selangnya, harus sekuat tenaga buat pakai selang airnya.",Diulas 373 minggu lalu,"https://ik.imagekit.io/tvlk/ugc-review/guys1L+Yyer9kzI3sp-pb0CG1j2bhflZGFUZOoIf1YOBAm37kEUOKR41ieUZm7ZJ/ugc-photo-ap-southeast-1-581603780057-acd24e232f75f09e/ACCOMMODATION/7890105_ACCOMMODATION_1552931016639_bd928c52904ea91c?_src=imagekit&tr=c-at_max,h-100,q-40,w-100","https://ik.imagekit.io/tvlk/ugc-review/guys1L+Yyer9kzI3sp-pb0CG1j2bhflZGFUZOoIf1YOBAm37kEUOKR41ieUZm7ZJ/ugc-photo-ap-southeast-1-581603780057-acd24e232f75f09e/ACCOMMODATION/7890105_ACCOMMODATION_1552931016640_79d24400fe3a754e?_src=imagekit&tr=c-at_max,h-100,q-40,w-100","https://ik.imagekit.io/tvlk/ugc-review/guys1L+Yyer9kzI3sp-pb0CG1j2bhflZGFUZOoIf1YOBAm37kEUOKR41ieUZm7ZJ/ugc-photo-ap-southeast-1-581603780057-acd24e232f75f09e/ACCOMMODATION/7890105_ACCOMMODATION_1552931016640_411c701174b7a70e?_src=imagekit&tr=c-at_max,h-100,q-40,w-100",,,,,,,,,,,,,,,,,
https://www.traveloka.com/id-id/user/review/consumption/HOTEL/GENERAL/3000010008595,5,32,"Frontdesk yang ramah dan sangat membantu setiap kebutuhan kita, menurut saya, ukuran kamar mandinya sempit. Lokasi sangat strategis dan saya merekomendasikan hotel ini.",Diulas 373 minggu lalu,"https://ik.imagekit.io/tvlk/ugc-review/guys1L+Yyer9kzI3sp-pb0CG1j2bhflZGFUZOoIf1YOBAm37kEUOKR41ieUZm7ZJ/ugc-photo-ap-southeast-1-581603780057-acd24e232f75f09e/ACCOMMODATION/8236793_ACCOMMODATION_1552696822746_892dc9ade837915d?_src=imagekit&tr=c-at_max,h-100,q-40,w-100",,,,,,,,,,,,,,,,,,,
https://www.traveloka.com/id-id/user/review/consumption/HOTEL/GENERAL/3000010008595,5,33,"Letak hotelnya strategis, servicenya ramah, hotelnya bersih. Minusnya, hairdryer bau gosong dan tidak dalam kondisi baik.",Diulas 373 minggu lalu,"https://ik.imagekit.io/tvlk/ugc-review/guys1L+Yyer9kzI3sp-pb0CG1j2bhflZGFUZOoIf1YOBAm37kEUOKR41ieUZm7ZJ/ugc-photo-ap-southeast-1-581603780057-acd24e232f75f09e/ACCOMMODATION/41233051_ACCOMMODATION_1552611313081_9024d1284ac2966a?_src=imagekit&tr=c-at_max,h-100,q-40,w-100","https://ik.imagekit.io/tvlk/ugc-review/guys1L+Yyer9kzI3sp-pb0CG1j2bhflZGFUZOoIf1YOBAm37kEUOKR41ieUZm7ZJ/ugc-photo-ap-southeast-1-581603780057-acd24e232f75f09e/ACCOMMODATION/41233051_ACCOMMODATION_1552611313082_fa8de6c03e8c2964?_src=imagekit&tr=c-at_max,h-100,q-40,w-100",,,,,,,,,,,,,,,,,,
https://www.traveloka.com/id-id/user/review/consumption/HOTEL/GENERAL/3000010008595,5,34,"Pegawai ramah, hotel bersih, sayang dapat Smoking room padahal bawa anak",Diulas 374 minggu lalu,"https://ik.imagekit.io/tvlk/ugc-review/guys1L+Yyer9kzI3sp-pb0CG1j2bhflZGFUZOoIf1YOBAm37kEUOKR41ieUZm7ZJ/ugc-photo-ap-southeast-1-581603780057-acd24e232f75f09e/ACCOMMODATION/8439223_ACCOMMODATION_1552038545249_73c98ccb033d982c?_src=imagekit&tr=c-at_max,h-100,q-40,w-100",,,,,,,,,,,,,,,,,,,
https://www.traveloka.com/id-id/user/review/consumption/HOTEL/GENERAL/3000010008595,5,35,"Sepanjang coba hotel bintang 3, Atlantic City yang paling enak menu sarapannya. Nasi, sayur, engga keras (kebanyakan/hampir semua sajikan menu sarapan asal ada). Lokasi strategis. Kamar besar dan terang.",Diulas 374 minggu lalu,"https://ik.imagekit.io/tvlk/ugc-review/guys1L+Yyer9kzI3sp-pb0CG1j2bhflZGFUZOoIf1YOBAm37kEUOKR41ieUZm7ZJ/ugc-photo-ap-southeast-1-581603780057-acd24e232f75f09e/ACCOMMODATION/2271545_ACCOMMODATION_1551925420815_d8dd9cc71d51dae2?_src=imagekit&tr=c-at_max,h-100,q-40,w-100",,,,,,,,,,,,,,,,,,,
https://www.traveloka.com/id-id/user/review/consumption/HOTEL/GENERAL/3000010008595,5,36,"Kamar yang nyaman, pelayanan yang baik, lokasi strategis, layanan cepat",Diulas 375 minggu lalu,"https://ik.imagekit.io/tvlk/ugc-review/guys1L+Yyer9kzI3sp-pb0CG1j2bhflZGFUZOoIf1YOBAm37kEUOKR41ieUZm7ZJ/ugc-photo-ap-southeast-1-581603780057-acd24e232f75f09e/ACCOMMODATION/9223476_ACCOMMODATION_1551454011846_018b02399b7cb6ae?_src=imagekit&tr=c-at_max,h-100,q-40,w-100",,,,,,,,,,,,,,,,,,,
https://www.traveloka.com/id-id/user/review/consumption/HOTEL/GENERAL/3000010008595,5,37,"1 of my favorite hotel. Tiap kali mau menginap, hotel pasti nyari hotel ini karena akses kemana-mananya dekat",Diulas 376 minggu lalu,"https://ik.imagekit.io/tvlk/ugc-review/guys1L+Yyer9kzI3sp-pb0CG1j2bhflZGFUZOoIf1YOBAm37kEUOKR41ieUZm7ZJ/ugc-photo-ap-southeast-1-581603780057-acd24e232f75f09e/ACCOMMODATION/3564974_ACCOMMODATION_1550801107220_835c9b3c931b7b14?_src=imagekit&tr=c-at_max,h-100,q-40,w-100",,,,,,,,,,,,,,,,,,,
https://www.traveloka.com/id-id/user/review/consumption/HOTEL/GENERAL/3000010008595,5,38,"Tempatnya menyenangkan, kamarnya bersih, view nya juga bagus. Pelayanannya ramah banget. Suka sekali....😊 Breakfast nya enak cuma menunya ditambahin ya kak biar lebih bervariasi 😁😁. Recomended buat yg mau wisata ke bandung atau honeymoon. 😊",Diulas 376 minggu lalu,"https://ik.imagekit.io/tvlk/ugc-review/guys1L+Yyer9kzI3sp-pb0CG1j2bhflZGFUZOoIf1YOBAm37kEUOKR41ieUZm7ZJ/ugc-photo-ap-southeast-1-581603780057-acd24e232f75f09e/ACCOMMODATION/0_ACCOMMODATION_1550634300000_a4f409810843df20?_src=imagekit&tr=c-at_max,h-100,q-40,w-100",,,,,,,,,,,,,,,,,,,
https://www.traveloka.com/id-id/user/review/consumption/HOTEL/GENERAL/3000010008595,5,39,Tempatnya strategis mau ke pusat perbelanjaan. Rooftop viewnya bagus.,Diulas 378 minggu lalu,"https://ik.imagekit.io/tvlk/ugc-review/guys1L+Yyer9kzI3sp-pb0CG1j2bhflZGFUZOoIf1YOBAm37kEUOKR41ieUZm7ZJ/ugc-photo-ap-southeast-1-581603780057-acd24e232f75f09e/ACCOMMODATION/62708838_ACCOMMODATION_1549516259242_367236affa913c26?_src=imagekit&tr=c-at_max,h-100,q-40,w-100",,,,,,,,,,,,,,,,,,,
https://www.traveloka.com/id-id/user/review/consumption/HOTEL/GENERAL/3000010008595,5,40,"Check-in mudah, dekat pusat perbelanjaan dan makanan, cuma agak berisik saja suara dari jalan.",Diulas 378 minggu lalu,"https://ik.imagekit.io/tvlk/ugc-review/guys1L+Yyer9kzI3sp-pb0CG1j2bhflZGFUZOoIf1YOBAm37kEUOKR41ieUZm7ZJ/ugc-photo-ap-southeast-1-581603780057-acd24e232f75f09e/ACCOMMODATION/29403946_ACCOMMODATION_1549429094918_14b6b404c79b35e7?_src=imagekit&tr=c-at_max,h-100,q-40,w-100",,,,,,,,,,,,,,,,,,,
https://www.traveloka.com/id-id/user/review/consumption/HOTEL/GENERAL/3000010008595,6,1,"Sangat strategis, pelayanan baik, sarapan juga enak.",Diulas 378 minggu lalu,"https://ik.imagekit.io/tvlk/ugc-review/guys1L+Yyer9kzI3sp-pb0CG1j2bhflZGFUZOoIf1YOBAm37kEUOKR41ieUZm7ZJ/ugc-photo-ap-southeast-1-581603780057-acd24e232f75f09e/ACCOMMODATION/6391470_ACCOMMODATION_1549388312429_7d9b3e55c2307d60?_src=imagekit&tr=c-at_max,h-100,q-40,w-100",,,,,,,,,,,,,,,,,,,
https://www.traveloka.com/id-id/user/review/consumption/HOTEL/GENERAL/3000010008595,6,2,"Kamar bersih, kamar mandi bersih, makan pagi lumayan, lokasi hotel dekat tempat makan dan mal.",Diulas 381 minggu lalu,"https://ik.imagekit.io/tvlk/ugc-review/guys1L+Yyer9kzI3sp-pb0CG1j2bhflZGFUZOoIf1YOBAm37kEUOKR41ieUZm7ZJ/ugc-photo-ap-southeast-1-581603780057-acd24e232f75f09e/ACCOMMODATION/7798091_ACCOMMODATION_1548127255093_5bb0eca0871ef743?_src=imagekit&tr=c-at_max,h-100,q-40,w-100","https://ik.imagekit.io/tvlk/ugc-review/guys1L+Yyer9kzI3sp-pb0CG1j2bhflZGFUZOoIf1YOBAm37kEUOKR41ieUZm7ZJ/ugc-photo-ap-southeast-1-581603780057-acd24e232f75f09e/ACCOMMODATION/7798091_ACCOMMODATION_1548127379094_a702cab3d927c970?_src=imagekit&tr=c-at_max,h-100,q-40,w-100",,,,,,,,,,,,,,,,,,
https://www.traveloka.com/id-id/user/review/consumption/HOTEL/GENERAL/3000010008595,6,3,"Pertama kali sih menginap di hotel atlantic city, bagus, pelayanan oke dan ramah, saat mau pergi keluar hotel minta ganti sprei dan bedcover langsung diganti. Sampai di hotel sprei sama bedcover sudah baru lagi, handuk, keset, juga diganti baru. Keren, oke banget pokoknya 👌",Diulas 382 minggu lalu,"https://ik.imagekit.io/tvlk/ugc-review/guys1L+Yyer9kzI3sp-pb0CG1j2bhflZGFUZOoIf1YOBAm37kEUOKR41ieUZm7ZJ/ugc-photo-ap-southeast-1-581603780057-acd24e232f75f09e/ACCOMMODATION/93943729_ACCOMMODATION_1547104392373_01170321d4a96158?_src=imagekit&tr=c-at_max,h-100,q-40,w-100","https://ik.imagekit.io/tvlk/ugc-review/guys1L+Yyer9kzI3sp-pb0CG1j2bhflZGFUZOoIf1YOBAm37kEUOKR41ieUZm7ZJ/ugc-photo-ap-southeast-1-581603780057-acd24e232f75f09e/ACCOMMODATION/93943729_ACCOMMODATION_1547104392373_22ca537c5aac550b?_src=imagekit&tr=c-at_max,h-100,q-40,w-100","https://ik.imagekit.io/tvlk/ugc-review/guys1L+Yyer9kzI3sp-pb0CG1j2bhflZGFUZOoIf1YOBAm37kEUOKR41ieUZm7ZJ/ugc-photo-ap-southeast-1-581603780057-acd24e232f75f09e/ACCOMMODATION/93943729_ACCOMMODATION_1547104392373_c048cc90a03cd0ef?_src=imagekit&tr=c-at_max,h-100,q-40,w-100",,,,,,,,,,,,,,,,,
https://www.traveloka.com/id-id/user/review/consumption/HOTEL/GENERAL/3000010008595,6,4,"Hotel nyaman, bersih, pelayanan baik, top.",Diulas 383 minggu lalu,"https://ik.imagekit.io/tvlk/ugc-review/guys1L+Yyer9kzI3sp-pb0CG1j2bhflZGFUZOoIf1YOBAm37kEUOKR41ieUZm7ZJ/ugc-photo-ap-southeast-1-581603780057-acd24e232f75f09e/ACCOMMODATION/16357315_ACCOMMODATION_1546864394684_d72cb6b15bcf05b4?_src=imagekit&tr=c-at_max,h-100,q-40,w-100",,,,,,,,,,,,,,,,,,,
https://www.traveloka.com/id-id/user/review/consumption/HOTEL/GENERAL/3000010008595,6,5,"1. Saya pesan kamar non-smoking,tapi pas datang diberi kamar smoking,alasannya karena pesan via agen onlie 2. Makanannya tidak enak, hambar... 3. seprei juga kotor.... 4. Lampu kamar mandi mati saat tamu datang 5. Kulkas juga tidak dingin.... 6. Kursi banyak noda rokok dan bolong-bolong.",Diulas 383 minggu lalu,"https://ik.imagekit.io/tvlk/ugc-review/guys1L+Yyer9kzI3sp-pb0CG1j2bhflZGFUZOoIf1YOBAm37kEUOKR41ieUZm7ZJ/ugc-photo-ap-southeast-1-581603780057-acd24e232f75f09e/ACCOMMODATION/19351350_ACCOMMODATION_1546710289108_78359390c6e39de6?_src=imagekit&tr=c-at_max,h-100,q-40,w-100","https://ik.imagekit.io/tvlk/ugc-review/guys1L+Yyer9kzI3sp-pb0CG1j2bhflZGFUZOoIf1YOBAm37kEUOKR41ieUZm7ZJ/ugc-photo-ap-southeast-1-581603780057-acd24e232f75f09e/ACCOMMODATION/19351350_ACCOMMODATION_1546710364752_937037b95bc72297?_src=imagekit&tr=c-at_max,h-100,q-40,w-100","https://ik.imagekit.io/tvlk/ugc-review/guys1L+Yyer9kzI3sp-pb0CG1j2bhflZGFUZOoIf1YOBAm37kEUOKR41ieUZm7ZJ/ugc-photo-ap-southeast-1-581603780057-acd24e232f75f09e/ACCOMMODATION/19351350_ACCOMMODATION_1546710408277_7495a76266d2efe5?_src=imagekit&tr=c-at_max,h-100,q-40,w-100",,,,,,,,,,,,,,,,,
https://www.traveloka.com/id-id/user/review/consumption/HOTEL/GENERAL/3000010008595,6,6,"Kamar luas, pelayanan ramah, lokasi strategis di pusat kota, makanan cukup bervariasi hanya saja makanan utamanya (nasi kuning) saat ini kurang lengkap (tidak ada sambel). Hari pertama masih bisa request omelette tapi hari kedua menu itu sudah tidak ada. Buah-buahan, puding, cereal, bubur dan lain-lain lengkap ada semua, tempat makannya juga nyaman. Satu lagi catatan penting yang harus diperhatikan oleh pihak hotel, saya menginap 2 hari, masuk hari kedua saat sarapan pagi, housekeeping bersihkan kamar tanpa ada pemberitahuan terlebih dahulu kalau kamar mau dibersihkan. Saya merasa sangat kurang nyaman karena ada barang berharga seperti dompet, pakaian dalam dan lain-lain yang berantakan di kamar. Memang tidak ada yang hilang hanya saja harusnya ditanya dulu mau dibersihkan atau tidak jadinya bisa dirapihkan dahulu. Tolong hal ini lebih diperhatikan lagi oleh pihak hotel agar tidak mengecewakan pelanggan. Itu catatan penting. Overall menyenangkan menginap di hotel ini.",Diulas 383 minggu lalu,"https://ik.imagekit.io/tvlk/ugc-review/guys1L+Yyer9kzI3sp-pb0CG1j2bhflZGFUZOoIf1YOBAm37kEUOKR41ieUZm7ZJ/ugc-photo-ap-southeast-1-581603780057-acd24e232f75f09e/ACCOMMODATION/22524365_ACCOMMODATION_1546222949758_27b6274704c21796?_src=imagekit&tr=c-at_max,h-100,q-40,w-100","https://ik.imagekit.io/tvlk/ugc-review/guys1L+Yyer9kzI3sp-pb0CG1j2bhflZGFUZOoIf1YOBAm37kEUOKR41ieUZm7ZJ/ugc-photo-ap-southeast-1-581603780057-acd24e232f75f09e/ACCOMMODATION/22524365_ACCOMMODATION_1546222949759_92f9d7de151cc253?_src=imagekit&tr=c-at_max,h-100,q-40,w-100",,,,,,,,,,,,,,,,,,
https://www.traveloka.com/id-id/user/review/consumption/HOTEL/GENERAL/3000010008595,6,7,"Staf ramah, kamar luas bagus, sarapan enak dan bervariatif, hanya lantai kamar mandi agak licin.",Diulas 383 minggu lalu,"https://ik.imagekit.io/tvlk/ugc-review/guys1L+Yyer9kzI3sp-pb0CG1j2bhflZGFUZOoIf1YOBAm37kEUOKR41ieUZm7ZJ/ugc-photo-ap-southeast-1-581603780057-acd24e232f75f09e/ACCOMMODATION/14182016_ACCOMMODATION_1546566235925_1695ec92865e420d?_src=imagekit&tr=c-at_max,h-100,q-40,w-100","https://ik.imagekit.io/tvlk/ugc-review/guys1L+Yyer9kzI3sp-pb0CG1j2bhflZGFUZOoIf1YOBAm37kEUOKR41ieUZm7ZJ/ugc-photo-ap-southeast-1-581603780057-acd24e232f75f09e/ACCOMMODATION/14182016_ACCOMMODATION_1546566235926_d290ad3cd936b795?_src=imagekit&tr=c-at_max,h-100,q-40,w-100","https://ik.imagekit.io/tvlk/ugc-review/guys1L+Yyer9kzI3sp-pb0CG1j2bhflZGFUZOoIf1YOBAm37kEUOKR41ieUZm7ZJ/ugc-photo-ap-southeast-1-581603780057-acd24e232f75f09e/ACCOMMODATION/14182016_ACCOMMODATION_1546566235926_038f6ca86537312d?_src=imagekit&tr=c-at_max,h-100,q-40,w-100","https://ik.imagekit.io/tvlk/ugc-review/guys1L+Yyer9kzI3sp-pb0CG1j2bhflZGFUZOoIf1YOBAm37kEUOKR41ieUZm7ZJ/ugc-photo-ap-southeast-1-581603780057-acd24e232f75f09e/ACCOMMODATION/14182016_ACCOMMODATION_1546566235926_f83741c866c0302a?_src=imagekit&tr=c-at_max,h-100,q-40,w-100",,,,,,,,,,,,,,,,
https://www.traveloka.com/id-id/user/review/consumption/HOTEL/GENERAL/3000010008595,6,8,"Lokasi hotel strategis, kamar bersih, menu sarapan enak, pelayanan ramah. Menikmati acara malam pergantian tahun di kafe di top roof. Lumayan dapat hadiah vocher menginap di hotel Hotel Pasar Baru Bandung. Overall good. (Keluarga kelinci, booking 3 kamar by agen online, 31 Desember 2018).",Diulas 383 minggu lalu,"https://ik.imagekit.io/tvlk/ugc-review/guys1L+Yyer9kzI3sp-pb0CG1j2bhflZGFUZOoIf1YOBAm37kEUOKR41ieUZm7ZJ/ugc-photo-ap-southeast-1-581603780057-acd24e232f75f09e/ACCOMMODATION/30218694_ACCOMMODATION_1546406098742_1b348d4a23a9fa8a?_src=imagekit&tr=c-at_max,h-100,q-40,w-100","https://ik.imagekit.io/tvlk/ugc-review/guys1L+Yyer9kzI3sp-pb0CG1j2bhflZGFUZOoIf1YOBAm37kEUOKR41ieUZm7ZJ/ugc-photo-ap-southeast-1-581603780057-acd24e232f75f09e/ACCOMMODATION/30218694_ACCOMMODATION_1546406098743_8734e81508053da9?_src=imagekit&tr=c-at_max,h-100,q-40,w-100",,,,,,,,,,,,,,,,,,
https://www.traveloka.com/id-id/user/review/consumption/HOTEL/GENERAL/3000010008595,6,9,"Menyenangkan. Letak strategis. pas persimpangan. Di sampinya ada kfc, starbucks, mcdonald, living paza, matahari, lengkap. Dekat juga dari bandara. Kamar nyaman, pelayanan ramah untuk menu makanan mungkin bisa lebih divariasikan. Nasi gorengnya enak",Diulas 383 minggu lalu,"https://ik.imagekit.io/tvlk/ugc-review/guys1L+Yyer9kzI3sp-pb0CG1j2bhflZGFUZOoIf1YOBAm37kEUOKR41ieUZm7ZJ/ugc-photo-ap-southeast-1-581603780057-acd24e232f75f09e/ACCOMMODATION/20658646_ACCOMMODATION_1546322289832_3ba723e7a71685cd?_src=imagekit&tr=c-at_max,h-100,q-40,w-100","https://ik.imagekit.io/tvlk/ugc-review/guys1L+Yyer9kzI3sp-pb0CG1j2bhflZGFUZOoIf1YOBAm37kEUOKR41ieUZm7ZJ/ugc-photo-ap-southeast-1-581603780057-acd24e232f75f09e/ACCOMMODATION/20658646_ACCOMMODATION_1546322289832_d89e5991abd8ff71?_src=imagekit&tr=c-at_max,h-100,q-40,w-100",,,,,,,,,,,,,,,,,,
https://www.traveloka.com/id-id/user/review/consumption/HOTEL/GENERAL/3000010008595,6,10,"Menyenangkan, harganya oke, pelayanannya oke banget, staffnya cekatan banget dan ramah. Terus hotelnya bersih, wangi, 2 malam menginap di sini. Sumpah nyaman banget, sarapannya enak. Terus kalau ada yang kurang mereka cepat menyajikannya lagi. Pokoknya top banget deh, puas, puas, puas. Udah paling top deh, sesuai ama deskripsi di aplikasi, kamarnya juga bersih. Aku rekomendasiin hotel ini, baik buat liburan atau pun buat transit doang karna leyeh-leyeh di hotel ini udah bikin nyaman.. 😘😘😘",Diulas 384 minggu lalu,"https://ik.imagekit.io/tvlk/ugc-review/guys1L+Yyer9kzI3sp-pb0CG1j2bhflZGFUZOoIf1YOBAm37kEUOKR41ieUZm7ZJ/ugc-photo-ap-southeast-1-581603780057-acd24e232f75f09e/ACCOMMODATION/15915382_ACCOMMODATION_1545878623125_b6b8f40dd59c48c7?_src=imagekit&tr=c-at_max,h-80,q-40,w-80","https://ik.imagekit.io/tvlk/ugc-review/guys1L+Yyer9kzI3sp-pb0CG1j2bhflZGFUZOoIf1YOBAm37kEUOKR41ieUZm7ZJ/ugc-photo-ap-southeast-1-581603780057-acd24e232f75f09e/ACCOMMODATION/15915382_ACCOMMODATION_1545878623126_3dbf262d56914856?_src=imagekit&tr=c-at_max,h-80,q-40,w-80","https://ik.imagekit.io/tvlk/ugc-review/guys1L+Yyer9kzI3sp-pb0CG1j2bhflZGFUZOoIf1YOBAm37kEUOKR41ieUZm7ZJ/ugc-photo-ap-southeast-1-581603780057-acd24e232f75f09e/ACCOMMODATION/15915382_ACCOMMODATION_1545878623126_16cfe8ec5632038a?_src=imagekit&tr=c-at_max,h-80,q-40,w-80","https://ik.imagekit.io/tvlk/ugc-review/guys1L+Yyer9kzI3sp-pb0CG1j2bhflZGFUZOoIf1YOBAm37kEUOKR41ieUZm7ZJ/ugc-photo-ap-southeast-1-581603780057-acd24e232f75f09e/ACCOMMODATION/15915382_ACCOMMODATION_1545878623127_fb414056c1d51474?_src=imagekit&tr=c-at_max,h-80,q-40,w-80","https://ik.imagekit.io/tvlk/ugc-review/guys1L+Yyer9kzI3sp-pb0CG1j2bhflZGFUZOoIf1YOBAm37kEUOKR41ieUZm7ZJ/ugc-photo-ap-southeast-1-581603780057-acd24e232f75f09e/ACCOMMODATION/15915382_ACCOMMODATION_1545878623127_b307e8ff9da1c9f3?_src=imagekit&tr=c-at_max,h-80,q-40,w-80","https://ik.imagekit.io/tvlk/ugc-review/guys1L+Yyer9kzI3sp-pb0CG1j2bhflZGFUZOoIf1YOBAm37kEUOKR41ieUZm7ZJ/ugc-photo-ap-southeast-1-581603780057-acd24e232f75f09e/ACCOMMODATION/15915382_ACCOMMODATION_1545878623127_b4693041fced1b65?_src=imagekit&tr=c-at_max,h-80,q-40,w-80","https://ik.imagekit.io/tvlk/ugc-review/guys1L+Yyer9kzI3sp-pb0CG1j2bhflZGFUZOoIf1YOBAm37kEUOKR41ieUZm7ZJ/ugc-photo-ap-southeast-1-581603780057-acd24e232f75f09e/ACCOMMODATION/15915382_ACCOMMODATION_1545878623128_b4a8c1d79fccbaa8?_src=imagekit&tr=c-at_max,h-80,q-40,w-80",,,,,,,,,,,,,
https://www.traveloka.com/id-id/user/review/consumption/HOTEL/GENERAL/3000010008595,6,11,"Wawa Amazing, kamarnya luas, lengkap. Tempat tidur nyaman, pilihan makanannya banyak, lokasi stategis, di pinggir jalan, dekat stasiun Bandung, dekat dengan istana plaza, living plaza, kalau malam malam laper, di sebelah hotel ada KFC, banyak, pokoknya yang pengen ke Bandung, Wajib menginap si hotel Atlantic, di sini juga ada sky garden, wah pokoknya recommended yang ingin ke Bandung, jangan lupa menginap di hotel Atlantic.",Diulas 388 minggu lalu,"https://ik.imagekit.io/tvlk/ugc-review/guys1L+Yyer9kzI3sp-pb0CG1j2bhflZGFUZOoIf1YOBAm37kEUOKR41ieUZm7ZJ/ugc-photo-ap-southeast-1-581603780057-acd24e232f75f09e/ACCOMMODATION/16880977_ACCOMMODATION_1543370756944_8e63857422e40ccb?_src=imagekit&tr=c-at_max,h-100,q-40,w-100",,,,,,,,,,,,,,,,,,,
https://www.traveloka.com/id-id/user/review/consumption/HOTEL/GENERAL/3000010008595,6,12,"Fast check in, suasana yang nyaman, resepsionisnya ramah banget, hotelnya strategis banget, dekat mall, rumah sakit, pasar, destinasi wisata, ada sky loungenya juga, recommend banget.",Diulas 389 minggu lalu,"https://ik.imagekit.io/tvlk/ugc-review/guys1L+Yyer9kzI3sp-pb0CG1j2bhflZGFUZOoIf1YOBAm37kEUOKR41ieUZm7ZJ/ugc-photo-ap-southeast-1-581603780057-acd24e232f75f09e/ACCOMMODATION/85945023_ACCOMMODATION_1543218067229_15293b779f60d0eb?_src=imagekit&tr=c-at_max,h-80,q-40,w-80","https://ik.imagekit.io/tvlk/ugc-review/guys1L+Yyer9kzI3sp-pb0CG1j2bhflZGFUZOoIf1YOBAm37kEUOKR41ieUZm7ZJ/ugc-photo-ap-southeast-1-581603780057-acd24e232f75f09e/ACCOMMODATION/85945023_ACCOMMODATION_1543218067229_3894a477d7db6fd6?_src=imagekit&tr=c-at_max,h-80,q-40,w-80","https://ik.imagekit.io/tvlk/ugc-review/guys1L+Yyer9kzI3sp-pb0CG1j2bhflZGFUZOoIf1YOBAm37kEUOKR41ieUZm7ZJ/ugc-photo-ap-southeast-1-581603780057-acd24e232f75f09e/ACCOMMODATION/85945023_ACCOMMODATION_1543218067230_d163f8ecc3697ea6?_src=imagekit&tr=c-at_max,h-80,q-40,w-80","https://ik.imagekit.io/tvlk/ugc-review/guys1L+Yyer9kzI3sp-pb0CG1j2bhflZGFUZOoIf1YOBAm37kEUOKR41ieUZm7ZJ/ugc-photo-ap-southeast-1-581603780057-acd24e232f75f09e/ACCOMMODATION/85945023_ACCOMMODATION_1543218384328_c31d61363908b62f?_src=imagekit&tr=c-at_max,h-80,q-40,w-80","https://ik.imagekit.io/tvlk/ugc-review/guys1L+Yyer9kzI3sp-pb0CG1j2bhflZGFUZOoIf1YOBAm37kEUOKR41ieUZm7ZJ/ugc-photo-ap-southeast-1-581603780057-acd24e232f75f09e/ACCOMMODATION/85945023_ACCOMMODATION_1543218384329_32d9487aed953131?_src=imagekit&tr=c-at_max,h-80,q-40,w-80","https://ik.imagekit.io/tvlk/ugc-review/guys1L+Yyer9kzI3sp-pb0CG1j2bhflZGFUZOoIf1YOBAm37kEUOKR41ieUZm7ZJ/ugc-photo-ap-southeast-1-581603780057-acd24e232f75f09e/ACCOMMODATION/85945023_ACCOMMODATION_1543218384329_677bfc06ba167e0c?_src=imagekit&tr=c-at_max,h-80,q-40,w-80","https://ik.imagekit.io/tvlk/ugc-review/guys1L+Yyer9kzI3sp-pb0CG1j2bhflZGFUZOoIf1YOBAm37kEUOKR41ieUZm7ZJ/ugc-photo-ap-southeast-1-581603780057-acd24e232f75f09e/ACCOMMODATION/85945023_ACCOMMODATION_1543218384329_71e19769bae32476?_src=imagekit&tr=c-at_max,h-80,q-40,w-80",,,,,,,,,,,,,
https://www.traveloka.com/id-id/user/review/consumption/HOTEL/GENERAL/3000010008595,6,13,"Hotel di tengah pasir kaliki, kamar bersih dan lumayan luas. Cocok untuk yang menyukai city view.",Diulas 390 minggu lalu,"https://ik.imagekit.io/tvlk/ugc-review/guys1L+Yyer9kzI3sp-pb0CG1j2bhflZGFUZOoIf1YOBAm37kEUOKR41ieUZm7ZJ/ugc-photo-ap-southeast-1-581603780057-acd24e232f75f09e/ACCOMMODATION/1442937_ACCOMMODATION_1542174604816_28cfbb9e8942daf7?_src=imagekit&tr=c-at_max,h-100,q-40,w-100","https://ik.imagekit.io/tvlk/ugc-review/guys1L+Yyer9kzI3sp-pb0CG1j2bhflZGFUZOoIf1YOBAm37kEUOKR41ieUZm7ZJ/ugc-photo-ap-southeast-1-581603780057-acd24e232f75f09e/ACCOMMODATION/1442937_ACCOMMODATION_1542174604816_399641f03d4e5049?_src=imagekit&tr=c-at_max,h-100,q-40,w-100","https://ik.imagekit.io/tvlk/ugc-review/guys1L+Yyer9kzI3sp-pb0CG1j2bhflZGFUZOoIf1YOBAm37kEUOKR41ieUZm7ZJ/ugc-photo-ap-southeast-1-581603780057-acd24e232f75f09e/ACCOMMODATION/1442937_ACCOMMODATION_1542174604817_8912b8dfa65e3e60?_src=imagekit&tr=c-at_max,h-100,q-40,w-100",,,,,,,,,,,,,,,,,
https://www.traveloka.com/id-id/user/review/consumption/HOTEL/GENERAL/3000010008595,6,14,"Makanannya enak tapi mereka tidak punya banyak variasi makanan. Pelayanannya bagus. Ruangan bersih. Koneksi internet bagus. Mereka punya tempat strategi. Pengalaman bagus dan layak untuk dicoba. Tapi, sayangnya saya kaget ketika staf mereka memberi saya tiket parkir dan harus membayar parkir.",Diulas 391 minggu lalu,"https://ik.imagekit.io/tvlk/ugc-review/guys1L+Yyer9kzI3sp-pb0CG1j2bhflZGFUZOoIf1YOBAm37kEUOKR41ieUZm7ZJ/ugc-photo-ap-southeast-1-581603780057-acd24e232f75f09e/ACCOMMODATION/734881_ACCOMMODATION_1541926666703_e45a852675c23e74?_src=imagekit&tr=c-at_max,h-100,q-40,w-100","https://ik.imagekit.io/tvlk/ugc-review/guys1L+Yyer9kzI3sp-pb0CG1j2bhflZGFUZOoIf1YOBAm37kEUOKR41ieUZm7ZJ/ugc-photo-ap-southeast-1-581603780057-acd24e232f75f09e/ACCOMMODATION/734881_ACCOMMODATION_1541926781108_d488d39b95353a6a?_src=imagekit&tr=c-at_max,h-100,q-40,w-100","https://ik.imagekit.io/tvlk/ugc-review/guys1L+Yyer9kzI3sp-pb0CG1j2bhflZGFUZOoIf1YOBAm37kEUOKR41ieUZm7ZJ/ugc-photo-ap-southeast-1-581603780057-acd24e232f75f09e/ACCOMMODATION/734881_ACCOMMODATION_1541926819464_50c1866a783a15fa?_src=imagekit&tr=c-at_max,h-100,q-40,w-100","https://ik.imagekit.io/tvlk/ugc-review/guys1L+Yyer9kzI3sp-pb0CG1j2bhflZGFUZOoIf1YOBAm37kEUOKR41ieUZm7ZJ/ugc-photo-ap-southeast-1-581603780057-acd24e232f75f09e/ACCOMMODATION/734881_ACCOMMODATION_1541926819464_0e04b01353aa0719?_src=imagekit&tr=c-at_max,h-100,q-40,w-100","https://ik.imagekit.io/tvlk/ugc-review/guys1L+Yyer9kzI3sp-pb0CG1j2bhflZGFUZOoIf1YOBAm37kEUOKR41ieUZm7ZJ/ugc-photo-ap-southeast-1-581603780057-acd24e232f75f09e/ACCOMMODATION/734881_ACCOMMODATION_1541926819464_81c25eb93f924be4?_src=imagekit&tr=c-at_max,h-100,q-40,w-100",,,,,,,,,,,,,,,
https://www.traveloka.com/id-id/user/review/consumption/HOTEL/GENERAL/3000010008595,6,15,"Lokasi strategis, sayang halaman depan sangat sempit sehingga mobil susah untuk keluar masuk atau drop off. Kamar cukup luas dibanding hotel lain dengan harga yang sama. kebersihan sprei, handuk dan lain-lain kurang. waktu check-in cukup lama, Padahal sudah diinfokan jam kedatangan pada saat pemesanan.",Diulas 391 minggu lalu,"https://ik.imagekit.io/tvlk/ugc-review/guys1L+Yyer9kzI3sp-pb0CG1j2bhflZGFUZOoIf1YOBAm37kEUOKR41ieUZm7ZJ/ugc-photo-ap-southeast-1-581603780057-acd24e232f75f09e/ACCOMMODATION/1025786_ACCOMMODATION_1541636320331_d1d942ba92929e84?_src=imagekit&tr=c-at_max,h-100,q-40,w-100",,,,,,,,,,,,,,,,,,,
https://www.traveloka.com/id-id/user/review/consumption/HOTEL/GENERAL/3000010008595,6,16,"Hotel yang mantap, dekat mau kemana saja. Tempatnya sendiri juga mantap, ada tempat bersantai di lantai 7, wifinya lumayan mantap, kamarnya lumayan lah sesuai, pokoknya mantap.",Diulas 392 minggu lalu,"https://ik.imagekit.io/tvlk/ugc-review/guys1L+Yyer9kzI3sp-pb0CG1j2bhflZGFUZOoIf1YOBAm37kEUOKR41ieUZm7ZJ/ugc-photo-ap-southeast-1-581603780057-acd24e232f75f09e/ACCOMMODATION/84664460_ACCOMMODATION_1541501782332_904d3c86b80cb4f0?_src=imagekit&tr=c-at_max,h-100,q-40,w-100","https://ik.imagekit.io/tvlk/ugc-review/guys1L+Yyer9kzI3sp-pb0CG1j2bhflZGFUZOoIf1YOBAm37kEUOKR41ieUZm7ZJ/ugc-photo-ap-southeast-1-581603780057-acd24e232f75f09e/ACCOMMODATION/84664460_ACCOMMODATION_1541501782333_ace61b2fa0c3cdbf?_src=imagekit&tr=c-at_max,h-100,q-40,w-100",,,,,,,,,,,,,,,,,,
https://www.traveloka.com/id-id/user/review/consumption/HOTEL/GENERAL/3000010008595,6,17,"Murah tapi tidak murahan, dekat bandara husein, cuma 10 menit ke bandara, terima kasih atlantic city hotel.",Diulas 392 minggu lalu,"https://ik.imagekit.io/tvlk/ugc-review/guys1L+Yyer9kzI3sp-pb0CG1j2bhflZGFUZOoIf1YOBAm37kEUOKR41ieUZm7ZJ/ugc-photo-ap-southeast-1-581603780057-acd24e232f75f09e/ACCOMMODATION/9978451_ACCOMMODATION_1540955082994_9a554080d217ca6a?_src=imagekit&tr=c-at_max,h-100,q-40,w-100",,,,,,,,,,,,,,,,,,,
https://www.traveloka.com/id-id/user/review/consumption/HOTEL/GENERAL/3000010008595,6,18,"Hotel strategis pusat kota, nyari makan gampang. Pelayanan oke.",Diulas 393 minggu lalu,"https://ik.imagekit.io/tvlk/ugc-review/guys1L+Yyer9kzI3sp-pb0CG1j2bhflZGFUZOoIf1YOBAm37kEUOKR41ieUZm7ZJ/ugc-photo-ap-southeast-1-581603780057-acd24e232f75f09e/ACCOMMODATION/78969609_ACCOMMODATION_1540735479784_64380a5ccb1a54f7?_src=imagekit&tr=c-at_max,h-100,q-40,w-100",,,,,,,,,,,,,,,,,,,
https://www.traveloka.com/id-id/user/review/consumption/HOTEL/GENERAL/3000010008595,6,19,"Lokasi oke banget dekat dengan mal dan pusat makanan, dekat stasiun dan kamarnya bersih, breakfast oke, harga oke, overall memuaskan.",Diulas 394 minggu lalu,"https://ik.imagekit.io/tvlk/ugc-review/guys1L+Yyer9kzI3sp-pb0CG1j2bhflZGFUZOoIf1YOBAm37kEUOKR41ieUZm7ZJ/ugc-photo-ap-southeast-1-581603780057-acd24e232f75f09e/ACCOMMODATION/17318887_ACCOMMODATION_1540296474604_eee9594a63e6b6b4?_src=imagekit&tr=c-at_max,h-100,q-40,w-100","https://ik.imagekit.io/tvlk/ugc-review/guys1L+Yyer9kzI3sp-pb0CG1j2bhflZGFUZOoIf1YOBAm37kEUOKR41ieUZm7ZJ/ugc-photo-ap-southeast-1-581603780057-acd24e232f75f09e/ACCOMMODATION/17318887_ACCOMMODATION_1540296474605_a0bc31d914e61c23?_src=imagekit&tr=c-at_max,h-100,q-40,w-100","https://ik.imagekit.io/tvlk/ugc-review/guys1L+Yyer9kzI3sp-pb0CG1j2bhflZGFUZOoIf1YOBAm37kEUOKR41ieUZm7ZJ/ugc-photo-ap-southeast-1-581603780057-acd24e232f75f09e/ACCOMMODATION/17318887_ACCOMMODATION_1540296474605_c67fbc95731aa144?_src=imagekit&tr=c-at_max,h-100,q-40,w-100","https://ik.imagekit.io/tvlk/ugc-review/guys1L+Yyer9kzI3sp-pb0CG1j2bhflZGFUZOoIf1YOBAm37kEUOKR41ieUZm7ZJ/ugc-photo-ap-southeast-1-581603780057-acd24e232f75f09e/ACCOMMODATION/17318887_ACCOMMODATION_1540296474605_3474cd84736c6c7a?_src=imagekit&tr=c-at_max,h-100,q-40,w-100",,,,,,,,,,,,,,,,
https://www.traveloka.com/id-id/user/review/consumption/HOTEL/GENERAL/3000010008595,6,20,"Pengalaman kemaren tuh bner2 gakan terlupakan deh....view langsung ke pusat kota dengan kamar super luas daaaan nyaman banget..mau apa2 enak deket, laper tengah malem tinggal jalan kedepan hotel udh bisa dapetin mknan2 enak..dr mulai mcd kfc richeese..eitss bukan itu doang ..kl bosen d kamar bisa langsung cuss ke mall...gak perlu ribet keluarin mobil dparkiran tinggal jalan nyampe deh..kamar nya jg bner2 memuaskan guysss..pokonya nyesel deh kl blm nyobain deluxe room nya atlantic..",Diulas 394 minggu lalu,"https://ik.imagekit.io/tvlk/ugc-review/guys1L+Yyer9kzI3sp-pb0CG1j2bhflZGFUZOoIf1YOBAm37kEUOKR41ieUZm7ZJ/ugc-photo-ap-southeast-1-581603780057-acd24e232f75f09e/ACCOMMODATION/33851397_ACCOMMODATION_1539908651833_4c6d89b7061e0533?_src=imagekit&tr=c-at_max,h-100,q-40,w-100","https://ik.imagekit.io/tvlk/ugc-review/guys1L+Yyer9kzI3sp-pb0CG1j2bhflZGFUZOoIf1YOBAm37kEUOKR41ieUZm7ZJ/ugc-photo-ap-southeast-1-581603780057-acd24e232f75f09e/ACCOMMODATION/33851397_ACCOMMODATION_1539908686644_05f90d81f082acc2?_src=imagekit&tr=c-at_max,h-100,q-40,w-100",,,,,,,,,,,,,,,,,,
https://www.traveloka.com/id-id/user/review/consumption/HOTEL/GENERAL/3000010008595,6,21,Kamarnya nyaman. cukup pas sih untuk diisi oleh 2 orang. Tidak terlalu luas dan tidak sempit. Masih ada ruang juga untuk solat. Namun kamar mandinya yang agak sempit dan agak bau apek. Tapi air panas selalu ada dan tidak perlu menunggu lama jika ingin menggunakan air panas.,Diulas 399 minggu lalu,"https://ik.imagekit.io/tvlk/ugc-review/guys1L+Yyer9kzI3sp-pb0CG1j2bhflZGFUZOoIf1YOBAm37kEUOKR41ieUZm7ZJ/ugc-photo-ap-southeast-1-581603780057-acd24e232f75f09e/ACCOMMODATION/8962697_ACCOMMODATION_1537275713419_16202e581f5f8423?_src=imagekit&tr=c-at_max,h-100,q-40,w-100",,,,,,,,,,,,,,,,,,,
https://www.traveloka.com/id-id/user/review/consumption/HOTEL/GENERAL/3000010008595,6,22,"Hotelnya nyaman, dekat sama mana-mana di samping hotel ada KFC, McD, Richeese! Tidak bingung makan, sarapan hotelnya juga enak, dekat wisata kuliner, naik online murah jaraknya dekat-dekat 👌 Recommended kalau lagi ke Bandung pokoknya.",Diulas 401 minggu lalu,"https://ik.imagekit.io/tvlk/ugc-review/guys1L+Yyer9kzI3sp-pb0CG1j2bhflZGFUZOoIf1YOBAm37kEUOKR41ieUZm7ZJ/ugc-photo-ap-southeast-1-581603780057-acd24e232f75f09e/ACCOMMODATION/21576566_ACCOMMODATION_1535858597622_499c327dc22b2bb3?_src=imagekit&tr=c-at_max,h-100,q-40,w-100",,,,,,,,,,,,,,,,,,,
https://www.traveloka.com/id-id/user/review/consumption/HOTEL/GENERAL/3000010008595,6,23,"Staf hotel ramah, proses check-in pun cepat, fast response. Minusnya adalah kamar desain kamar mandi terlalu sempit apa lagi dengan adanya wastafel yang terlalu pas dengan pintu kamar mandi dan gorden kamar mana. Menu sarapan pun kurang variatif selama 2 hari sarapan disana.",Diulas 401 minggu lalu,"https://ik.imagekit.io/tvlk/ugc-review/guys1L+Yyer9kzI3sp-pb0CG1j2bhflZGFUZOoIf1YOBAm37kEUOKR41ieUZm7ZJ/ugc-photo-ap-southeast-1-581603780057-acd24e232f75f09e/ACCOMMODATION/4393149_ACCOMMODATION_1535162751035_e55e0d26d20b6a0a?_src=imagekit&tr=c-at_max,h-80,q-40,w-80","https://ik.imagekit.io/tvlk/ugc-review/guys1L+Yyer9kzI3sp-pb0CG1j2bhflZGFUZOoIf1YOBAm37kEUOKR41ieUZm7ZJ/ugc-photo-ap-southeast-1-581603780057-acd24e232f75f09e/ACCOMMODATION/4393149_ACCOMMODATION_1535162751036_0cf0b84ba4544f74?_src=imagekit&tr=c-at_max,h-80,q-40,w-80","https://ik.imagekit.io/tvlk/ugc-review/guys1L+Yyer9kzI3sp-pb0CG1j2bhflZGFUZOoIf1YOBAm37kEUOKR41ieUZm7ZJ/ugc-photo-ap-southeast-1-581603780057-acd24e232f75f09e/ACCOMMODATION/4393149_ACCOMMODATION_1535162751036_2c1cf262386ec801?_src=imagekit&tr=c-at_max,h-80,q-40,w-80","https://ik.imagekit.io/tvlk/ugc-review/guys1L+Yyer9kzI3sp-pb0CG1j2bhflZGFUZOoIf1YOBAm37kEUOKR41ieUZm7ZJ/ugc-photo-ap-southeast-1-581603780057-acd24e232f75f09e/ACCOMMODATION/4393149_ACCOMMODATION_1535162751036_91b1213499911566?_src=imagekit&tr=c-at_max,h-80,q-40,w-80","https://ik.imagekit.io/tvlk/ugc-review/guys1L+Yyer9kzI3sp-pb0CG1j2bhflZGFUZOoIf1YOBAm37kEUOKR41ieUZm7ZJ/ugc-photo-ap-southeast-1-581603780057-acd24e232f75f09e/ACCOMMODATION/4393149_ACCOMMODATION_1535162751037_858b615e7329223c?_src=imagekit&tr=c-at_max,h-80,q-40,w-80","https://ik.imagekit.io/tvlk/ugc-review/guys1L+Yyer9kzI3sp-pb0CG1j2bhflZGFUZOoIf1YOBAm37kEUOKR41ieUZm7ZJ/ugc-photo-ap-southeast-1-581603780057-acd24e232f75f09e/ACCOMMODATION/4393149_ACCOMMODATION_1535162751037_c7a27e85801f374a?_src=imagekit&tr=c-at_max,h-80,q-40,w-80","https://ik.imagekit.io/tvlk/ugc-review/guys1L+Yyer9kzI3sp-pb0CG1j2bhflZGFUZOoIf1YOBAm37kEUOKR41ieUZm7ZJ/ugc-photo-ap-southeast-1-581603780057-acd24e232f75f09e/ACCOMMODATION/4393149_ACCOMMODATION_1535162751038_b2d13377a4c38304?_src=imagekit&tr=c-at_max,h-80,q-40,w-80",,,,,,,,,,,,,
https://www.traveloka.com/id-id/user/review/consumption/HOTEL/GENERAL/3000010008595,6,24,"Terjangkau, bersih, dekat stasiun.",Diulas 401 minggu lalu,"https://ik.imagekit.io/tvlk/ugc-review/guys1L+Yyer9kzI3sp-pb0CG1j2bhflZGFUZOoIf1YOBAm37kEUOKR41ieUZm7ZJ/ugc-photo-ap-southeast-1-581603780057-acd24e232f75f09e/ACCOMMODATION/21785826_ACCOMMODATION_1535714396974_50622a662511d42c?_src=imagekit&tr=c-at_max,h-100,q-40,w-100","https://ik.imagekit.io/tvlk/ugc-review/guys1L+Yyer9kzI3sp-pb0CG1j2bhflZGFUZOoIf1YOBAm37kEUOKR41ieUZm7ZJ/ugc-photo-ap-southeast-1-581603780057-acd24e232f75f09e/ACCOMMODATION/21785826_ACCOMMODATION_1535714396975_d76190ee09eb9b06?_src=imagekit&tr=c-at_max,h-100,q-40,w-100","https://ik.imagekit.io/tvlk/ugc-review/guys1L+Yyer9kzI3sp-pb0CG1j2bhflZGFUZOoIf1YOBAm37kEUOKR41ieUZm7ZJ/ugc-photo-ap-southeast-1-581603780057-acd24e232f75f09e/ACCOMMODATION/21785826_ACCOMMODATION_1535714396975_0b622160cd19889f?_src=imagekit&tr=c-at_max,h-100,q-40,w-100",,,,,,,,,,,,,,,,,
https://www.traveloka.com/id-id/user/review/consumption/HOTEL/GENERAL/3000010008595,6,25,lokasi strategis atlantic city dan bagus untuk kamar,Diulas 406 minggu lalu,"https://ik.imagekit.io/tvlk/ugc-review/guys1L+Yyer9kzI3sp-pb0CG1j2bhflZGFUZOoIf1YOBAm37kEUOKR41ieUZm7ZJ/ugc-photo-ap-southeast-1-581603780057-acd24e232f75f09e/ACCOMMODATION/22820304_ACCOMMODATION_1532846627545_8890d4aad9ff0755?_src=imagekit&tr=c-at_max,h-100,q-40,w-100","https://ik.imagekit.io/tvlk/ugc-review/guys1L+Yyer9kzI3sp-pb0CG1j2bhflZGFUZOoIf1YOBAm37kEUOKR41ieUZm7ZJ/ugc-photo-ap-southeast-1-581603780057-acd24e232f75f09e/ACCOMMODATION/22820304_ACCOMMODATION_1532846627546_c36ea1d9368cd0fd?_src=imagekit&tr=c-at_max,h-100,q-40,w-100","https://ik.imagekit.io/tvlk/ugc-review/guys1L+Yyer9kzI3sp-pb0CG1j2bhflZGFUZOoIf1YOBAm37kEUOKR41ieUZm7ZJ/ugc-photo-ap-southeast-1-581603780057-acd24e232f75f09e/ACCOMMODATION/22820304_ACCOMMODATION_1532846627546_4df70b589ceda732?_src=imagekit&tr=c-at_max,h-100,q-40,w-100",,,,,,,,,,,,,,,,,
https://www.traveloka.com/id-id/user/review/consumption/HOTEL/GENERAL/3000010008595,6,26,"Saya sudah beberapa kali book di hotel Atlantic City ini sebelumnya tidak masalah semua nyaman dan oke. Tapi untuk kali ini sungguh dapat jackpot, Kamar yang jorok banyak debu dan kotoran yang jelas-jelas sangat terlihat kasat mata. Kebayang kan itu sprei, Bed cover sama sarung Bantalnya kaya bagaimana keliatannya saja putih bersih, tapi sesungguhnya saya tidak tahu apa ini memang benar-benar bersih atau tidak. Sialnya saya stay kali ini membawa 2 anak yang masih balita, jika terjadi sesuatu karena kejorokan hotel ini apa pihak hotel mau tanggung jawab? Cukup sampai disini saya tidak akan memilih hotel ini lagi, ini hotel terjorok yang saya pernah tinggal. Mau sejelek apapun hotel itu tidak masalah yang penting bersih.",Diulas 409 minggu lalu,"https://ik.imagekit.io/tvlk/ugc-review/guys1L+Yyer9kzI3sp-pb0CG1j2bhflZGFUZOoIf1YOBAm37kEUOKR41ieUZm7ZJ/ugc-photo-ap-southeast-1-581603780057-acd24e232f75f09e/ACCOMMODATION/10477675_ACCOMMODATION_1531015749585_893202b73551c5a2?_src=imagekit&tr=c-at_max,h-100,q-40,w-100","https://ik.imagekit.io/tvlk/ugc-review/guys1L+Yyer9kzI3sp-pb0CG1j2bhflZGFUZOoIf1YOBAm37kEUOKR41ieUZm7ZJ/ugc-photo-ap-southeast-1-581603780057-acd24e232f75f09e/ACCOMMODATION/10477675_ACCOMMODATION_1531015749586_4dd0a04ed9901a34?_src=imagekit&tr=c-at_max,h-100,q-40,w-100",,,,,,,,,,,,,,,,,,
https://www.traveloka.com/id-id/user/review/consumption/HOTEL/GENERAL/3000010008595,6,27,"Fasilitas bagus, besih, nyaman, orang hotel pada baik dan ramah, tempat bagus tengah kota",Diulas 409 minggu lalu,"https://ik.imagekit.io/tvlk/ugc-review/guys1L+Yyer9kzI3sp-pb0CG1j2bhflZGFUZOoIf1YOBAm37kEUOKR41ieUZm7ZJ/ugc-photo-ap-southeast-1-581603780057-acd24e232f75f09e/ACCOMMODATION/61153607_ACCOMMODATION_1530675894666_8d3409f5e0427722?_src=imagekit&tr=c-at_max,h-100,q-40,w-100",,,,,,,,,,,,,,,,,,,
https://www.traveloka.com/id-id/user/review/consumption/HOTEL/GENERAL/3000010008595,6,28,"Pelayanan baik, breakfast enak dan banyak pilihan, kamarnya nyaman, harganya juga terjangkau, lokasi di pusat kota dekat kemana-mana buat beli oleh-oleh Bandung atau jalan-jalan ke mal.",Diulas 410 minggu lalu,"https://ik.imagekit.io/tvlk/ugc-review/guys1L+Yyer9kzI3sp-pb0CG1j2bhflZGFUZOoIf1YOBAm37kEUOKR41ieUZm7ZJ/ugc-photo-ap-southeast-1-581603780057-acd24e232f75f09e/ACCOMMODATION/24334972_ACCOMMODATION_1530503339333_2c1b4719a1ecfd9f?_src=imagekit&tr=c-at_max,h-100,q-40,w-100",,,,,,,,,,,,,,,,,,,
https://www.traveloka.com/id-id/user/review/consumption/HOTEL/GENERAL/3000010008595,6,29,"Mantap, cuma kamar mandinya kekecilan. tapi semuanya oke, harga bersahabat.",Diulas 410 minggu lalu,"https://ik.imagekit.io/tvlk/ugc-review/guys1L+Yyer9kzI3sp-pb0CG1j2bhflZGFUZOoIf1YOBAm37kEUOKR41ieUZm7ZJ/ugc-photo-ap-southeast-1-581603780057-acd24e232f75f09e/ACCOMMODATION/43914483_ACCOMMODATION_1530183640300_0848fa6330a97b88?_src=imagekit&tr=c-at_max,h-100,q-40,w-100","https://ik.imagekit.io/tvlk/ugc-review/guys1L+Yyer9kzI3sp-pb0CG1j2bhflZGFUZOoIf1YOBAm37kEUOKR41ieUZm7ZJ/ugc-photo-ap-southeast-1-581603780057-acd24e232f75f09e/ACCOMMODATION/43914483_ACCOMMODATION_1530183640300_8cb1edffc997765d?_src=imagekit&tr=c-at_max,h-100,q-40,w-100",,,,,,,,,,,,,,,,,,
https://www.traveloka.com/id-id/user/review/consumption/HOTEL/GENERAL/3000010008595,6,30,"Tempat bersih, fasilitas cukup, orang-orangnya baik dan ramah",Diulas 411 minggu lalu,"https://ik.imagekit.io/tvlk/ugc-review/guys1L+Yyer9kzI3sp-pb0CG1j2bhflZGFUZOoIf1YOBAm37kEUOKR41ieUZm7ZJ/ugc-photo-ap-southeast-1-581603780057-acd24e232f75f09e/ACCOMMODATION/61153607_ACCOMMODATION_1529883148549_08eeab2c6cbe0a05?_src=imagekit&tr=c-at_max,h-100,q-40,w-100",,,,,,,,,,,,,,,,,,,
https://www.traveloka.com/id-id/user/review/consumption/HOTEL/GENERAL/3000010008595,6,31,"Hotel yang sangat menakjubkan, keluarga kami sangat menikmati menginap di sini.",Diulas 411 minggu lalu,"https://ik.imagekit.io/tvlk/ugc-review/guys1L+Yyer9kzI3sp-pb0CG1j2bhflZGFUZOoIf1YOBAm37kEUOKR41ieUZm7ZJ/ugc-photo-ap-southeast-1-581603780057-acd24e232f75f09e/ACCOMMODATION/22594509_ACCOMMODATION_1529551741550_ae111515b3675236?_src=imagekit&tr=c-at_max,h-100,q-40,w-100","https://ik.imagekit.io/tvlk/ugc-review/guys1L+Yyer9kzI3sp-pb0CG1j2bhflZGFUZOoIf1YOBAm37kEUOKR41ieUZm7ZJ/ugc-photo-ap-southeast-1-581603780057-acd24e232f75f09e/ACCOMMODATION/22594509_ACCOMMODATION_1529551741551_a274f2c34589bbd4?_src=imagekit&tr=c-at_max,h-100,q-40,w-100",,,,,,,,,,,,,,,,,,
https://www.traveloka.com/id-id/user/review/consumption/HOTEL/GENERAL/3000010008595,6,32,"Kamar sesuai dengan foto, staf ramah, check-in cepat. Hanya saja saya memesan kamar non smoking tetapi kamar masih bau rokok, hand towel dan hair dryer tidak disediakan. Tetapi cukup worth in untuk harganya.",Diulas 413 minggu lalu,"https://ik.imagekit.io/tvlk/ugc-review/guys1L+Yyer9kzI3sp-pb0CG1j2bhflZGFUZOoIf1YOBAm37kEUOKR41ieUZm7ZJ/ugc-photo-ap-southeast-1-581603780057-acd24e232f75f09e/ACCOMMODATION/6366404_ACCOMMODATION_1528250242917_eecc142fc9b531c7?_src=imagekit&tr=c-at_max,h-100,q-40,w-100",,,,,,,,,,,,,,,,,,,
https://www.traveloka.com/id-id/user/review/consumption/HOTEL/GENERAL/3000010008595,6,33,Kamar di lantai 6 terpolusi suara dari live music di sky longue. Namun staf cukup sigap untuk membantu saya pindah ke kamar di lantai 3. Karpet di selasar lantai. 3 tampak sangat kotor dan banyak noda sehingga tampak menjijikkan. Sekali lagi tetap dapat kamar yang non smoking dan twin bed. Tempat tidak ada opsi ruangan smoking. Hotel mengasumsikan customer minta kamar yang non smoking meskipun opsi kamar non smoking tidak dicentang. Makanan untuk sarapan tidak menarik selera dan variasinya sedikit. Sky lounge pada saat pagi hari tampak tidak terawat dan banyak tanaman bagus yang mati kering. Tidak ada ashtray meskipun staf menyampaikan bahwa untuk merokok bisa di lobby atau lantai. Di luar lobby ada ash tray dekat tangga tapi juga ada tulisan dilarang merokok di area tangga.,Diulas 417 minggu lalu,"https://ik.imagekit.io/tvlk/ugc-review/guys1L+Yyer9kzI3sp-pb0CG1j2bhflZGFUZOoIf1YOBAm37kEUOKR41ieUZm7ZJ/ugc-photo-ap-southeast-1-581603780057-acd24e232f75f09e/ACCOMMODATION/16272470_ACCOMMODATION_1526088209024_f17eed4b97d78bd7?_src=imagekit&tr=c-at_max,h-100,q-40,w-100",,,,,,,,,,,,,,,,,,,
https://www.traveloka.com/id-id/user/review/consumption/HOTEL/GENERAL/3000010008595,6,34,Pelayanan bagus Minus basement parkir mobil.,Diulas 417 minggu lalu,"https://ik.imagekit.io/tvlk/ugc-review/guys1L+Yyer9kzI3sp-pb0CG1j2bhflZGFUZOoIf1YOBAm37kEUOKR41ieUZm7ZJ/ugc-photo-ap-southeast-1-581603780057-acd24e232f75f09e/ACCOMMODATION/9626319_ACCOMMODATION_1525922242834_72a554ac18b28c44?_src=imagekit&tr=c-at_max,h-100,q-40,w-100",,,,,,,,,,,,,,,,,,,
https://www.traveloka.com/id-id/user/review/consumption/HOTEL/GENERAL/3000010008595,6,35,"Kamar luas, kamar mandi juga luas, bersih, variasi breakfast lengkap dan enak. Lokasi strategis dekat dengan stasiun, mal, tempat makan. Berasa di hotel bintang 4. Overall sangat puas.",Diulas 418 minggu lalu,"https://ik.imagekit.io/tvlk/ugc-review/guys1L+Yyer9kzI3sp-pb0CG1j2bhflZGFUZOoIf1YOBAm37kEUOKR41ieUZm7ZJ/ugc-photo-ap-southeast-1-581603780057-acd24e232f75f09e/ACCOMMODATION/4356508_ACCOMMODATION_1525228351627_f75c83b274cf678e?_src=imagekit&tr=c-at_max,h-100,q-40,w-100",,,,,,,,,,,,,,,,,,,
https://www.traveloka.com/id-id/user/review/consumption/HOTEL/GENERAL/3000010008595,6,36,"Tempat strategis dekat 2 mall, tempat parkir kecil dan rampnya sempit",Diulas 420 minggu lalu,"https://ik.imagekit.io/tvlk/ugc-review/guys1L+Yyer9kzI3sp-pb0CG1j2bhflZGFUZOoIf1YOBAm37kEUOKR41ieUZm7ZJ/ugc-photo-ap-southeast-1-581603780057-acd24e232f75f09e/ACCOMMODATION/9573657_ACCOMMODATION_1524084421989_f7abb2816b2e8366?_src=imagekit&tr=c-at_max,h-100,q-40,w-100",,,,,,,,,,,,,,,,,,,
https://www.traveloka.com/id-id/user/review/consumption/HOTEL/GENERAL/3000010008595,6,37,Kami menginap 4 malam dan saya sangat puas dengan hotel ini. Saya meminta dekorasi ulang tahun 10 tahun pada hari pertama tetapi mereka tidak memperhatikan permintaan khusus saya. Pada hari kedua saya meminta lagi dan kemudian mereka membuat hiasan di kamar saya (bunga segar) saya sangat terkejut. Kami menyukainya. Semuanya sempurna. Akan datang lagi.,Diulas 421 minggu lalu,"https://ik.imagekit.io/tvlk/ugc-review/guys1L+Yyer9kzI3sp-pb0CG1j2bhflZGFUZOoIf1YOBAm37kEUOKR41ieUZm7ZJ/ugc-photo-ap-southeast-1-581603780057-acd24e232f75f09e/ACCOMMODATION/15906964_ACCOMMODATION_1523954724606_cf0612713cbb283d?_src=imagekit&tr=c-at_max,h-100,q-40,w-100",,,,,,,,,,,,,,,,,,,
https://www.traveloka.com/id-id/user/review/consumption/HOTEL/GENERAL/3000010008595,6,38,"Kamar dan kamar mandi bersih, sarapan cukup beragam dan enak, minus di parkirannya yang kurang luas buat mobil.",Diulas 422 minggu lalu,"https://ik.imagekit.io/tvlk/ugc-review/guys1L+Yyer9kzI3sp-pb0CG1j2bhflZGFUZOoIf1YOBAm37kEUOKR41ieUZm7ZJ/ugc-photo-ap-southeast-1-581603780057-acd24e232f75f09e/ACCOMMODATION/5441479_ACCOMMODATION_1523333479431_7affc611f5795c21?_src=imagekit&tr=c-at_max,h-100,q-40,w-100","https://ik.imagekit.io/tvlk/ugc-review/guys1L+Yyer9kzI3sp-pb0CG1j2bhflZGFUZOoIf1YOBAm37kEUOKR41ieUZm7ZJ/ugc-photo-ap-southeast-1-581603780057-acd24e232f75f09e/ACCOMMODATION/5441479_ACCOMMODATION_1523333479431_1622790f53817bfa?_src=imagekit&tr=c-at_max,h-100,q-40,w-100",,,,,,,,,,,,,,,,,,
https://www.traveloka.com/id-id/user/review/consumption/HOTEL/GENERAL/3000010008595,6,39,"Pengalaman pertama menginap disini sesuai ekspektasi, reception ramah ,kamar ok ,menu sarapan enak bervariasi,lokasi di tengah kota dekat dengan bandara",Diulas 422 minggu lalu,"https://ik.imagekit.io/tvlk/ugc-review/guys1L+Yyer9kzI3sp-pb0CG1j2bhflZGFUZOoIf1YOBAm37kEUOKR41ieUZm7ZJ/ugc-photo-ap-southeast-1-581603780057-acd24e232f75f09e/ACCOMMODATION/12802562_ACCOMMODATION_1523320216790_e00d8b05f3dcf88b?_src=imagekit&tr=c-at_max,h-100,q-40,w-100",,,,,,,,,,,,,,,,,,,
https://www.traveloka.com/id-id/user/review/consumption/HOTEL/GENERAL/3000010008595,6,40,Perfect Place & Price. Sangat cocok untuk yang traveling sekitaran kota Bandung karena akses dekat dengan pusat kuliner & belanja.,Diulas 423 minggu lalu,"https://ik.imagekit.io/tvlk/ugc-review/guys1L+Yyer9kzI3sp-pb0CG1j2bhflZGFUZOoIf1YOBAm37kEUOKR41ieUZm7ZJ/ugc-photo-ap-southeast-1-581603780057-acd24e232f75f09e/ACCOMMODATION/7687021_ACCOMMODATION_1522548451399_45ca9b0e83bb030e?_src=imagekit&tr=c-at_max,h-100,q-40,w-100","https://ik.imagekit.io/tvlk/ugc-review/guys1L+Yyer9kzI3sp-pb0CG1j2bhflZGFUZOoIf1YOBAm37kEUOKR41ieUZm7ZJ/ugc-photo-ap-southeast-1-581603780057-acd24e232f75f09e/ACCOMMODATION/7687021_ACCOMMODATION_1522548451399_367fbf52eaf5e07f?_src=imagekit&tr=c-at_max,h-100,q-40,w-100",,,,,,,,,,,,,,,,,,
https://www.traveloka.com/id-id/user/review/consumption/HOTEL/GENERAL/3000010008595,7,1,"Hotel mudah dijangkau, makanannya lumayan enak, staffnya ramah, bisa jadi referensi untuk menginap kalau liburan ke Bandung lagi.",Diulas 424 minggu lalu,"https://ik.imagekit.io/tvlk/ugc-review/guys1L+Yyer9kzI3sp-pb0CG1j2bhflZGFUZOoIf1YOBAm37kEUOKR41ieUZm7ZJ/ugc-photo-ap-southeast-1-581603780057-acd24e232f75f09e/ACCOMMODATION/20937659_ACCOMMODATION_1521964556852_013ffbe84989df3f?_src=imagekit&tr=c-at_max,h-100,q-40,w-100",,,,,,,,,,,,,,,,,,,
https://www.traveloka.com/id-id/user/review/consumption/HOTEL/GENERAL/3000010008595,7,2,"Harga terjangkau, kamar bersih meskipun pas pertama kali masuk kamar mandi agak bau dan wastafel agak mampet, banyak tempat makan sekitar hotel, Dekat dengan tempat oleh-oleh dan stasiun, Transportasi umum lumayan gampang di jangkau, sangat recommended, Next kalau ke Bandung akan menginap disini lagi",Diulas 424 minggu lalu,"https://ik.imagekit.io/tvlk/ugc-review/guys1L+Yyer9kzI3sp-pb0CG1j2bhflZGFUZOoIf1YOBAm37kEUOKR41ieUZm7ZJ/ugc-photo-ap-southeast-1-581603780057-acd24e232f75f09e/ACCOMMODATION/40101337_ACCOMMODATION_1521936964132_1803e8a9e3dc8680?_src=imagekit&tr=c-at_max,h-100,q-40,w-100","https://ik.imagekit.io/tvlk/ugc-review/guys1L+Yyer9kzI3sp-pb0CG1j2bhflZGFUZOoIf1YOBAm37kEUOKR41ieUZm7ZJ/ugc-photo-ap-southeast-1-581603780057-acd24e232f75f09e/ACCOMMODATION/40101337_ACCOMMODATION_1521936964133_b6ddabfea1e5cf59?_src=imagekit&tr=c-at_max,h-100,q-40,w-100",,,,,,,,,,,,,,,,,,
https://www.traveloka.com/id-id/user/review/consumption/HOTEL/GENERAL/3000010008595,7,3,"Resepsionisnya ramah, disini ada 2 type bed, single dan twin, tapi ga bisa milih, karena disesuaikan dgn kamar yg tersedia. kesini sama suami dapatnya twin bed, tapi masih bisa disatuin sih, kamarnya nyaman, heater-nya kalau pagi kurang hangat, sarapan pagi terdapat roti panggang, salad, sereal, gorengan, susu, infus water, bubur ayam, bubur kacang ijo rasanya oke, tapi untuk menu nasi lauknya kurang variatif n kurang rasa, but overall oke untuk rekomendasi.",Diulas 424 minggu lalu,"https://ik.imagekit.io/tvlk/ugc-review/guys1L+Yyer9kzI3sp-pb0CG1j2bhflZGFUZOoIf1YOBAm37kEUOKR41ieUZm7ZJ/ugc-photo-ap-southeast-1-581603780057-acd24e232f75f09e/ACCOMMODATION/44270295_ACCOMMODATION_1521255142312_b6397711a2acc0be?_src=imagekit&tr=c-at_max,h-100,q-40,w-100","https://ik.imagekit.io/tvlk/ugc-review/guys1L+Yyer9kzI3sp-pb0CG1j2bhflZGFUZOoIf1YOBAm37kEUOKR41ieUZm7ZJ/ugc-photo-ap-southeast-1-581603780057-acd24e232f75f09e/ACCOMMODATION/44270295_ACCOMMODATION_1521255142312_92b31835530e5e89?_src=imagekit&tr=c-at_max,h-100,q-40,w-100",,,,,,,,,,,,,,,,,,
https://www.traveloka.com/id-id/user/review/consumption/HOTEL/GENERAL/3000010008595,7,4,"Memuaskan, posisi hotelnya strategis, berada disudut persimpangan dan dekat dengan tempat makan dan mal, kualitas kamarnya juga bagus.",Diulas 424 minggu lalu,"https://ik.imagekit.io/tvlk/ugc-review/guys1L+Yyer9kzI3sp-pb0CG1j2bhflZGFUZOoIf1YOBAm37kEUOKR41ieUZm7ZJ/ugc-photo-ap-southeast-1-581603780057-acd24e232f75f09e/ACCOMMODATION/13080301_ACCOMMODATION_1521598348657_364f85e199e9b33e?_src=imagekit&tr=c-at_max,h-100,q-40,w-100",,,,,,,,,,,,,,,,,,,
