url,page,review_index,teks_ulasan,tanggal,gambar-1,gambar-2,gambar-3,gambar-4,gambar-5,gambar-6,gambar-7,gambar-8,gambar-9,gambar-10,gambar-11,gambar-12,gambar-13,gambar-14,gambar-15,gambar-16,gambar-17,gambar-18,gambar-19,gambar-20
https://www.traveloka.com/id-id/user/review/consumption/HOTEL/GENERAL/1000000497759,1,1,"Kali ketiga menginap di sini. Pernah merasakan menginap di tahun 2019 masih clean & fresh. Sekarang dapat kamar yang bau rokok (padahal sudah request non smoking room), AC tidak dingin & tidak ada kulkas mini. Setelah menunggu 1,5 jam akhirnya dapat pindah kamar, tetapi tetap ada bau rokok, ada kulkas mini tapi tidak dingin sama sekali, tetapi untunglah AC-nya dingin. Kalau mau menginap di sini, usahakan dilap dulu pakai wet tissue karena memang kamarnya tidak terlalu bersih. Untuk sarapan standarlah sesuai harga. Kami juga pakai fasilitas gym-nya, bisa dipakai kecuali sepeda statis yang kami gak paham cara mengaktifkannya. Mau cari lunch/dinner bisa pesan antar dari resto di hotel atau bisa juga ke Livin Plaza tinggal menyeberang saja. Overall untuk hotel ini semua sesuai harga.",Diulas 5 minggu lalu,"https://ik.imagekit.io/tvlk/ugc-review/guys1L+Yyer9kzI3sp-pb0CG1j2bhflZGFUZOoIf1YOBAm37kEUOKR41ieUZm7ZJ/ugc-photo-ap-southeast-1-581603780057-acd24e232f75f09e/REVIEW/REVIEW_1775573544595_9e2d67151dc13699?_src=imagekit&tr=c-at_max,h-100,q-40,w-100",,,,,,,,,,,,,,,,,,,
https://www.traveloka.com/id-id/user/review/consumption/HOTEL/GENERAL/1000000497759,1,2,"Setelah perjalanan liburan di Jakarta, siap-siap kembali ke Bandung, tapi kok ingin mampir ke Cikarang sambil lihat suasana baru, akhirnya menginap di hotel Batiqa ternyata cukup menyenangkan, malam-malam mampir ke Living Plaza sambil ngopi. Pokoknya nanti mau balik lagi menginap di Batiqa Cikarang.",Diulas 6 minggu lalu,https://d24fi85k5ai89e.cloudfront.net/REVIEW_VIDEO/THUMBNAIL/aea9cb37-f3f3-41e9-bb11-f3faa7cf62dd.0000001.jpg,"https://ik.imagekit.io/tvlk/ugc-review/guys1L+Yyer9kzI3sp-pb0CG1j2bhflZGFUZOoIf1YOBAm37kEUOKR41ieUZm7ZJ/ugc-photo-ap-southeast-1-581603780057-acd24e232f75f09e/REVIEW/REVIEW_1774430041418_ffe6b5a94dfdc648?_src=imagekit&tr=c-at_max,h-100,q-40,w-100",,,,,,,,,,,,,,,,,,
https://www.traveloka.com/id-id/user/review/consumption/HOTEL/GENERAL/1000000497759,1,3,"Sebenarnya salah pilih hotel karena nggak ada fasilitas buat anak-anak. Tapi hotelnya nyaman buat istirahat, kamarnya bersih, makanannya enak, bapakku sampai nambah makan, biasanya nggak pernah nambah. Kalau bisa dikasih fasilitas buat anak, biar tambah seru menginapnya.",Diulas 7 minggu lalu,"https://ik.imagekit.io/tvlk/ugc-review/guys1L+Yyer9kzI3sp-pb0CG1j2bhflZGFUZOoIf1YOBAm37kEUOKR41ieUZm7ZJ/ugc-photo-ap-southeast-1-581603780057-acd24e232f75f09e/REVIEW/REVIEW_1774240275109_387a4e5d99aebe04?_src=imagekit&tr=c-at_max,h-100,q-40,w-100",,,,,,,,,,,,,,,,,,,
https://www.traveloka.com/id-id/user/review/consumption/HOTEL/GENERAL/1000000497759,1,4,Ini kali kedua saya menginap di sini untuk keperluan pekerjaan.,Diulas 9 minggu lalu,"https://ik.imagekit.io/tvlk/ugc-review/guys1L+Yyer9kzI3sp-pb0CG1j2bhflZGFUZOoIf1YOBAm37kEUOKR41ieUZm7ZJ/ugc-photo-ap-southeast-1-581603780057-acd24e232f75f09e/REVIEW/REVIEW_1772599284322_fc1398d045f88edf?_src=imagekit&tr=c-at_max,h-100,q-40,w-100",,,,,,,,,,,,,,,,,,,
https://www.traveloka.com/id-id/user/review/consumption/HOTEL/GENERAL/1000000497759,1,5,"Lokasi, Pelayanan, Kamar, Harga semuanya luar biasa namun untuk menu sarapan masih kurang variatif baik itu dari segi jenis ataupun rasa, perlunya peningkatan variasi dan rasa.",Diulas 17 minggu lalu,"https://ik.imagekit.io/tvlk/ugc-review/guys1L+Yyer9kzI3sp-pb0CG1j2bhflZGFUZOoIf1YOBAm37kEUOKR41ieUZm7ZJ/ugc-photo-ap-southeast-1-581603780057-acd24e232f75f09e/REVIEW/REVIEW_1767779715997_c6c4d55972e32e06?_src=imagekit&tr=c-at_max,h-100,q-40,w-100",,,,,,,,,,,,,,,,,,,
https://www.traveloka.com/id-id/user/review/consumption/HOTEL/GENERAL/1000000497759,1,6,"Kelebihan: Kamar bersih, tema unik (batik), lokasi bagus, berhadapan dengan pusat perbelanjaan, sangat dekat dengan McDonald's, harga terjangkau.
Kekurangan: Wi-Fi lemah selama saya menginap, kadang-kadang hampir tidak ada Wi-Fi sama sekali. Kamar mandi dan toilet terpisah – ini bisa menjadi nilai tambah atau nilai minus, tergantung preferensi pribadi; pintu kamar mandi terbuat dari kaca, tidak kedap suara, yang agak memalukan saat menggunakan kamar mandi bersama orang lain.",Diulas 22 minggu lalu,"https://ik.imagekit.io/tvlk/ugc-review/guys1L+Yyer9kzI3sp-pb0CG1j2bhflZGFUZOoIf1YOBAm37kEUOKR41ieUZm7ZJ/ugc-photo-ap-southeast-1-581603780057-acd24e232f75f09e/REVIEW/REVIEW_1765217554472_c90798c8eddffbc8?_src=imagekit&tr=c-at_max,h-100,q-40,w-100",,,,,,,,,,,,,,,,,,,
https://www.traveloka.com/id-id/user/review/consumption/HOTEL/GENERAL/1000000497759,1,7,worth it bgt untuk staycation,Diulas 22 minggu lalu,"https://ik.imagekit.io/tvlk/ugc-review/guys1L+Yyer9kzI3sp-pb0CG1j2bhflZGFUZOoIf1YOBAm37kEUOKR41ieUZm7ZJ/ugc-photo-ap-southeast-1-581603780057-acd24e232f75f09e/REVIEW/REVIEW_1764926200986_9895e00dfb2846d0?_src=imagekit&tr=c-at_max,h-100,q-40,w-100",,,,,,,,,,,,,,,,,,,
https://www.traveloka.com/id-id/user/review/consumption/HOTEL/GENERAL/1000000497759,1,8,"1. Pelayanan cepat dan ramah, sempat komplain karena air panasnya kurang panas langsung ditindak. Dan gak lama sudah panas lagi.

2. Kamar keseluruhan bersih, desain interiornya juga bagus. Walaupun harganya terjangkau tapi desain interiornya niat banget. Fasilitas di dalam kamar juga banyak, ada safety box dan mini chiller. Untuk minumnya modelan refill gak di botol plastik. Jadi gak perlu khawatir kalau air minumnya kurang (ada dispenser di koridor kamar)

3. Fasilitasnya juga lumayan (cuma gak ada kolam renang aja). Tapi untuk gym ada dan nyaman. Kalau butuh meeting room juga banyak.

4. Pilihan menu sarapannya variatif dan rasanya enak.",Diulas 24 minggu lalu,"https://ik.imagekit.io/tvlk/ugc-review/guys1L+Yyer9kzI3sp-pb0CG1j2bhflZGFUZOoIf1YOBAm37kEUOKR41ieUZm7ZJ/ugc-photo-ap-southeast-1-581603780057-acd24e232f75f09e/REVIEW/REVIEW_1763958576509_b576eb61bdc5f428?_src=imagekit&tr=c-at_max,h-80,q-40,w-80","https://ik.imagekit.io/tvlk/ugc-review/guys1L+Yyer9kzI3sp-pb0CG1j2bhflZGFUZOoIf1YOBAm37kEUOKR41ieUZm7ZJ/ugc-photo-ap-southeast-1-581603780057-acd24e232f75f09e/REVIEW/REVIEW_1763958576509_7869dd7ec1725561?_src=imagekit&tr=c-at_max,h-80,q-40,w-80","https://ik.imagekit.io/tvlk/ugc-review/guys1L+Yyer9kzI3sp-pb0CG1j2bhflZGFUZOoIf1YOBAm37kEUOKR41ieUZm7ZJ/ugc-photo-ap-southeast-1-581603780057-acd24e232f75f09e/REVIEW/REVIEW_1763958576509_9eecf1b70f4f170b?_src=imagekit&tr=c-at_max,h-80,q-40,w-80","https://ik.imagekit.io/tvlk/ugc-review/guys1L+Yyer9kzI3sp-pb0CG1j2bhflZGFUZOoIf1YOBAm37kEUOKR41ieUZm7ZJ/ugc-photo-ap-southeast-1-581603780057-acd24e232f75f09e/REVIEW/REVIEW_1763958576509_650d28f5cd644bd7?_src=imagekit&tr=c-at_max,h-80,q-40,w-80","https://ik.imagekit.io/tvlk/ugc-review/guys1L+Yyer9kzI3sp-pb0CG1j2bhflZGFUZOoIf1YOBAm37kEUOKR41ieUZm7ZJ/ugc-photo-ap-southeast-1-581603780057-acd24e232f75f09e/REVIEW/REVIEW_1763958576509_524711d0123e9a9a?_src=imagekit&tr=c-at_max,h-80,q-40,w-80","https://ik.imagekit.io/tvlk/ugc-review/guys1L+Yyer9kzI3sp-pb0CG1j2bhflZGFUZOoIf1YOBAm37kEUOKR41ieUZm7ZJ/ugc-photo-ap-southeast-1-581603780057-acd24e232f75f09e/REVIEW/REVIEW_1763958576509_9b5bdb8b9b55747d?_src=imagekit&tr=c-at_max,h-80,q-40,w-80","https://ik.imagekit.io/tvlk/ugc-review/guys1L+Yyer9kzI3sp-pb0CG1j2bhflZGFUZOoIf1YOBAm37kEUOKR41ieUZm7ZJ/ugc-photo-ap-southeast-1-581603780057-acd24e232f75f09e/REVIEW/REVIEW_1763958576508_e44ce7037638399a?_src=imagekit&tr=c-at_max,h-80,q-40,w-80","https://ik.imagekit.io/tvlk/ugc-review/guys1L+Yyer9kzI3sp-pb0CG1j2bhflZGFUZOoIf1YOBAm37kEUOKR41ieUZm7ZJ/ugc-photo-ap-southeast-1-581603780057-acd24e232f75f09e/REVIEW/REVIEW_1763958576508_42343aa5a6fe50af?_src=imagekit&tr=c-at_max,h-80,q-40,w-80","https://ik.imagekit.io/tvlk/ugc-review/guys1L+Yyer9kzI3sp-pb0CG1j2bhflZGFUZOoIf1YOBAm37kEUOKR41ieUZm7ZJ/ugc-photo-ap-southeast-1-581603780057-acd24e232f75f09e/REVIEW/REVIEW_1763958576510_bb46bd559745a15b?_src=imagekit&tr=c-at_max,h-80,q-40,w-80","https://ik.imagekit.io/tvlk/ugc-review/guys1L+Yyer9kzI3sp-pb0CG1j2bhflZGFUZOoIf1YOBAm37kEUOKR41ieUZm7ZJ/ugc-photo-ap-southeast-1-581603780057-acd24e232f75f09e/REVIEW/REVIEW_1763958576509_d99b9914f130109c?_src=imagekit&tr=c-at_max,h-80,q-40,w-80",,,,,,,,,,
https://www.traveloka.com/id-id/user/review/consumption/HOTEL/GENERAL/1000000497759,1,9,"Pertama kali nginep disini. Lokasi strategis di seberang living plaza,sesuai aplikasi. Sarapan cukup bervariasi dan lumayan enak. Klw TVnya udah smart TV lebih OK lg hehe. Next mngkin nginep lg disini",Diulas 24 minggu lalu,"https://ik.imagekit.io/tvlk/ugc-review/guys1L+Yyer9kzI3sp-pb0CG1j2bhflZGFUZOoIf1YOBAm37kEUOKR41ieUZm7ZJ/ugc-photo-ap-southeast-1-581603780057-acd24e232f75f09e/REVIEW/REVIEW_1763878179328_476a798c29a3faae?_src=imagekit&tr=c-at_max,h-100,q-40,w-100","https://ik.imagekit.io/tvlk/ugc-review/guys1L+Yyer9kzI3sp-pb0CG1j2bhflZGFUZOoIf1YOBAm37kEUOKR41ieUZm7ZJ/ugc-photo-ap-southeast-1-581603780057-acd24e232f75f09e/REVIEW/REVIEW_1763878179328_e8f312f806ff3b67?_src=imagekit&tr=c-at_max,h-100,q-40,w-100","https://ik.imagekit.io/tvlk/ugc-review/guys1L+Yyer9kzI3sp-pb0CG1j2bhflZGFUZOoIf1YOBAm37kEUOKR41ieUZm7ZJ/ugc-photo-ap-southeast-1-581603780057-acd24e232f75f09e/REVIEW/REVIEW_1763878179328_10d7dd2326372358?_src=imagekit&tr=c-at_max,h-100,q-40,w-100","https://ik.imagekit.io/tvlk/ugc-review/guys1L+Yyer9kzI3sp-pb0CG1j2bhflZGFUZOoIf1YOBAm37kEUOKR41ieUZm7ZJ/ugc-photo-ap-southeast-1-581603780057-acd24e232f75f09e/REVIEW/REVIEW_1763878179328_8b09ac661ec98d86?_src=imagekit&tr=c-at_max,h-100,q-40,w-100","https://ik.imagekit.io/tvlk/ugc-review/guys1L+Yyer9kzI3sp-pb0CG1j2bhflZGFUZOoIf1YOBAm37kEUOKR41ieUZm7ZJ/ugc-photo-ap-southeast-1-581603780057-acd24e232f75f09e/REVIEW/REVIEW_1763878179328_90c0943072d01134?_src=imagekit&tr=c-at_max,h-100,q-40,w-100","https://ik.imagekit.io/tvlk/ugc-review/guys1L+Yyer9kzI3sp-pb0CG1j2bhflZGFUZOoIf1YOBAm37kEUOKR41ieUZm7ZJ/ugc-photo-ap-southeast-1-581603780057-acd24e232f75f09e/REVIEW/REVIEW_1763878179328_dddfeb5a455dd6d4?_src=imagekit&tr=c-at_max,h-100,q-40,w-100",,,,,,,,,,,,,,
https://www.traveloka.com/id-id/user/review/consumption/HOTEL/GENERAL/1000000497759,1,10,Best Jadi pilihan tempat menginap kalau dekat cikarang,Diulas 40 minggu lalu,"https://ik.imagekit.io/tvlk/ugc-review/guys1L+Yyer9kzI3sp-pb0CG1j2bhflZGFUZOoIf1YOBAm37kEUOKR41ieUZm7ZJ/ugc-photo-ap-southeast-1-581603780057-acd24e232f75f09e/REVIEW/REVIEW_1754104466550_0fffddd37e7ba0f4?_src=imagekit&tr=c-at_max,h-100,q-40,w-100","https://ik.imagekit.io/tvlk/ugc-review/guys1L+Yyer9kzI3sp-pb0CG1j2bhflZGFUZOoIf1YOBAm37kEUOKR41ieUZm7ZJ/ugc-photo-ap-southeast-1-581603780057-acd24e232f75f09e/REVIEW/REVIEW_1754104466551_e62fac2e2c93b18b?_src=imagekit&tr=c-at_max,h-100,q-40,w-100",,,,,,,,,,,,,,,,,,
https://www.traveloka.com/id-id/user/review/consumption/HOTEL/GENERAL/1000000497759,1,11,"Ini adalah kunjungan yang ketiga kalinya...
Membawa keluarga besar komplit
Kekurangannya dari segi sarapan saja kok refillnya lama yaa.. Jadi bolak balik liat, kalo udah direfill baru deh ngambil makanan..
Tlg diperbaiki yaaa sistem refillnya, cheffnya bisa sering mobile... 

Overall masi jadi hotel ksukaan..
Sukses trs tuk Batiqa Hotel",Diulas 41 minggu lalu,"https://ik.imagekit.io/tvlk/ugc-review/guys1L+Yyer9kzI3sp-pb0CG1j2bhflZGFUZOoIf1YOBAm37kEUOKR41ieUZm7ZJ/ugc-photo-ap-southeast-1-581603780057-acd24e232f75f09e/REVIEW/REVIEW_1753614247775_18f65098d8a9d7e2?_src=imagekit&tr=c-at_max,h-100,q-40,w-100",,,,,,,,,,,,,,,,,,,
https://www.traveloka.com/id-id/user/review/consumption/HOTEL/GENERAL/1000000497759,1,12,"Ini merupakan kunjungan saya yang kedua kalinya.
Mengapa kita memilih Batiqa kembali? Dikarenakan memanjakan mata dengan aksen etnik pada interiornya, sarapan yang disajikan sangat bervariasi dengan rasa yang enak, suguhan keramahan para staff yang masih melekat, parkiran mobil yang memadai, letaknya dekat dengan mall. 

Yang menjadi poin pentingnya adalah ketika kunjungan pertama di kamarnya terlapisi karpet yang tercium bau tak sedap. Tapiiiii dikunjungan kedua ini kamar tak terlapisi karpet, ini menjadikan kenyamanan kamar bertambah dengan tak ada karpet tersebut. 

Keren perubahannya...

Space untuk solatnya tidak sempit. (Syukakkk bgtt)

Demikian yang dpt sy sampaikan pada kunjungan kedua ini...

Semoga Batiqa makin sukses...",Diulas 42 minggu lalu,"https://ik.imagekit.io/tvlk/ugc-review/guys1L+Yyer9kzI3sp-pb0CG1j2bhflZGFUZOoIf1YOBAm37kEUOKR41ieUZm7ZJ/ugc-photo-ap-southeast-1-581603780057-acd24e232f75f09e/REVIEW/REVIEW_1752944905359_8fb37c4f738d1819?_src=imagekit&tr=c-at_max,h-100,q-40,w-100","https://ik.imagekit.io/tvlk/ugc-review/guys1L+Yyer9kzI3sp-pb0CG1j2bhflZGFUZOoIf1YOBAm37kEUOKR41ieUZm7ZJ/ugc-photo-ap-southeast-1-581603780057-acd24e232f75f09e/REVIEW/REVIEW_1752944905359_72f77cbbebf8ee5c?_src=imagekit&tr=c-at_max,h-100,q-40,w-100","https://ik.imagekit.io/tvlk/ugc-review/guys1L+Yyer9kzI3sp-pb0CG1j2bhflZGFUZOoIf1YOBAm37kEUOKR41ieUZm7ZJ/ugc-photo-ap-southeast-1-581603780057-acd24e232f75f09e/REVIEW/REVIEW_1752944905359_135e1a1f3c386438?_src=imagekit&tr=c-at_max,h-100,q-40,w-100","https://ik.imagekit.io/tvlk/ugc-review/guys1L+Yyer9kzI3sp-pb0CG1j2bhflZGFUZOoIf1YOBAm37kEUOKR41ieUZm7ZJ/ugc-photo-ap-southeast-1-581603780057-acd24e232f75f09e/REVIEW/REVIEW_1752944905359_147362362b0e497c?_src=imagekit&tr=c-at_max,h-100,q-40,w-100","https://ik.imagekit.io/tvlk/ugc-review/guys1L+Yyer9kzI3sp-pb0CG1j2bhflZGFUZOoIf1YOBAm37kEUOKR41ieUZm7ZJ/ugc-photo-ap-southeast-1-581603780057-acd24e232f75f09e/REVIEW/REVIEW_1752944905359_53c3e1af52b5607f?_src=imagekit&tr=c-at_max,h-100,q-40,w-100","https://ik.imagekit.io/tvlk/ugc-review/guys1L+Yyer9kzI3sp-pb0CG1j2bhflZGFUZOoIf1YOBAm37kEUOKR41ieUZm7ZJ/ugc-photo-ap-southeast-1-581603780057-acd24e232f75f09e/REVIEW/REVIEW_1752944905359_99d278f0ff669cc0?_src=imagekit&tr=c-at_max,h-100,q-40,w-100",,,,,,,,,,,,,,
https://www.traveloka.com/id-id/user/review/consumption/HOTEL/GENERAL/1000000497759,1,13,"Breakfast-nya enak bangeet, best pasta-nyaaa",Diulas 43 minggu lalu,"https://ik.imagekit.io/tvlk/ugc-review/guys1L+Yyer9kzI3sp-pb0CG1j2bhflZGFUZOoIf1YOBAm37kEUOKR41ieUZm7ZJ/ugc-photo-ap-southeast-1-581603780057-acd24e232f75f09e/REVIEW/REVIEW_1752406579768_0c1774ce90618f80?_src=imagekit&tr=c-at_max,h-100,q-40,w-100",,,,,,,,,,,,,,,,,,,
https://www.traveloka.com/id-id/user/review/consumption/HOTEL/GENERAL/1000000497759,1,14,"Sudah kedua kalinya menginap di sini, dan tidak pernah bosan. Kamarnya yang super nyaman dan bersih, lokasi strategis juga. Pokoknya worth it deh, bakalan staycation di sini lagi sih untuk next-nya.",Diulas 44 minggu lalu,"https://ik.imagekit.io/tvlk/ugc-review/guys1L+Yyer9kzI3sp-pb0CG1j2bhflZGFUZOoIf1YOBAm37kEUOKR41ieUZm7ZJ/ugc-photo-ap-southeast-1-581603780057-acd24e232f75f09e/REVIEW/178542956_REVIEW_1751856425104_eb99c935ebb6152b?_src=imagekit&tr=c-at_max,h-100,q-40,w-100","https://ik.imagekit.io/tvlk/ugc-review/guys1L+Yyer9kzI3sp-pb0CG1j2bhflZGFUZOoIf1YOBAm37kEUOKR41ieUZm7ZJ/ugc-photo-ap-southeast-1-581603780057-acd24e232f75f09e/REVIEW/178542956_REVIEW_1751856425103_942b51931415d055?_src=imagekit&tr=c-at_max,h-100,q-40,w-100",,,,,,,,,,,,,,,,,,
https://www.traveloka.com/id-id/user/review/consumption/HOTEL/GENERAL/1000000497759,1,15,"Secara keseluruhan pengalaman menginap yang menyenangkan, tetapi akan lebih baik jika tekanan bidet washer lebih tinggi, sebagai gantinya mereka dapat menambahkan sedikit jet washer. Kamar mandi perlu dikunci pintunya, mengingat orang yang menginap di sini tidak selalu berpasangan. Waktu check in agak lambat & dapat ditingkatkan. Variasi buah-buahan dalam menu sarapan dapat ditambahkan lebih banyak. Semoga umpan balik ini membantu",Diulas 48 minggu lalu,"https://ik.imagekit.io/tvlk/ugc-review/guys1L+Yyer9kzI3sp-pb0CG1j2bhflZGFUZOoIf1YOBAm37kEUOKR41ieUZm7ZJ/ugc-photo-ap-southeast-1-581603780057-acd24e232f75f09e/REVIEW/1498297_REVIEW_1749263526574_052e4789f9441b6d?_src=imagekit&tr=c-at_max,h-100,q-40,w-100","https://ik.imagekit.io/tvlk/ugc-review/guys1L+Yyer9kzI3sp-pb0CG1j2bhflZGFUZOoIf1YOBAm37kEUOKR41ieUZm7ZJ/ugc-photo-ap-southeast-1-581603780057-acd24e232f75f09e/REVIEW/1498297_REVIEW_1749263526574_fa4fe4233caec64e?_src=imagekit&tr=c-at_max,h-100,q-40,w-100","https://ik.imagekit.io/tvlk/ugc-review/guys1L+Yyer9kzI3sp-pb0CG1j2bhflZGFUZOoIf1YOBAm37kEUOKR41ieUZm7ZJ/ugc-photo-ap-southeast-1-581603780057-acd24e232f75f09e/REVIEW/1498297_REVIEW_1749263526575_04c9d925048d6eca?_src=imagekit&tr=c-at_max,h-100,q-40,w-100",,,,,,,,,,,,,,,,,
https://www.traveloka.com/id-id/user/review/consumption/HOTEL/GENERAL/1000000497759,1,16,"menginap disini untuk yang ke sekian kalinya. 
nyaman, tenang.",Diulas 52 minggu lalu,"https://ik.imagekit.io/tvlk/ugc-review/guys1L+Yyer9kzI3sp-pb0CG1j2bhflZGFUZOoIf1YOBAm37kEUOKR41ieUZm7ZJ/ugc-photo-ap-southeast-1-581603780057-acd24e232f75f09e/REVIEW/15342945_REVIEW_1747103777717_46f292ebe6107d07?_src=imagekit&tr=c-at_max,h-100,q-40,w-100","https://ik.imagekit.io/tvlk/ugc-review/guys1L+Yyer9kzI3sp-pb0CG1j2bhflZGFUZOoIf1YOBAm37kEUOKR41ieUZm7ZJ/ugc-photo-ap-southeast-1-581603780057-acd24e232f75f09e/REVIEW/15342945_REVIEW_1747103777717_ec0d8f7ed0e39d08?_src=imagekit&tr=c-at_max,h-100,q-40,w-100",,,,,,,,,,,,,,,,,,
https://www.traveloka.com/id-id/user/review/consumption/HOTEL/GENERAL/1000000497759,1,17,Check in dan out mudah... Kami tiba jam 1-an sudah bisa check in. Dekat dengan Living Plaza Jababeka. Menu makanannya bervariasi. Staff ramah-ramah. Kesan etnik Indonesia kerennn. Jadi pengen ke sini lagi xoxo,Diulas 52 minggu lalu,"https://ik.imagekit.io/tvlk/ugc-review/guys1L+Yyer9kzI3sp-pb0CG1j2bhflZGFUZOoIf1YOBAm37kEUOKR41ieUZm7ZJ/ugc-photo-ap-southeast-1-581603780057-acd24e232f75f09e/REVIEW/14103626_REVIEW_1747099268149_2d2cc0e91a387853?_src=imagekit&tr=c-at_max,h-100,q-40,w-100","https://ik.imagekit.io/tvlk/ugc-review/guys1L+Yyer9kzI3sp-pb0CG1j2bhflZGFUZOoIf1YOBAm37kEUOKR41ieUZm7ZJ/ugc-photo-ap-southeast-1-581603780057-acd24e232f75f09e/REVIEW/14103626_REVIEW_1747099268150_f6f86fd9abbb1660?_src=imagekit&tr=c-at_max,h-100,q-40,w-100","https://ik.imagekit.io/tvlk/ugc-review/guys1L+Yyer9kzI3sp-pb0CG1j2bhflZGFUZOoIf1YOBAm37kEUOKR41ieUZm7ZJ/ugc-photo-ap-southeast-1-581603780057-acd24e232f75f09e/REVIEW/14103626_REVIEW_1747099268150_c6ffd5dcbf8825e1?_src=imagekit&tr=c-at_max,h-100,q-40,w-100",,,,,,,,,,,,,,,,,
https://www.traveloka.com/id-id/user/review/consumption/HOTEL/GENERAL/1000000497759,1,18,"tingkatkan lagi pelayanan, dan fasilitas parkir,ruang tunggu",Diulas 52 minggu lalu,"https://ik.imagekit.io/tvlk/ugc-review/guys1L+Yyer9kzI3sp-pb0CG1j2bhflZGFUZOoIf1YOBAm37kEUOKR41ieUZm7ZJ/ugc-photo-ap-southeast-1-581603780057-acd24e232f75f09e/REVIEW/202544764_REVIEW_1746794853260_84e889502c64c4ef?_src=imagekit&tr=c-at_max,h-100,q-40,w-100",,,,,,,,,,,,,,,,,,,
https://www.traveloka.com/id-id/user/review/consumption/HOTEL/GENERAL/1000000497759,1,19,"Kamar luas, bersih... Ada fasilitas gym.. Lumayan lengkap. Ada live music juga di restorannya.",Diulas 56 minggu lalu,"https://ik.imagekit.io/tvlk/ugc-review/guys1L+Yyer9kzI3sp-pb0CG1j2bhflZGFUZOoIf1YOBAm37kEUOKR41ieUZm7ZJ/ugc-photo-ap-southeast-1-581603780057-acd24e232f75f09e/REVIEW/361412747_REVIEW_1744720827617_e3e6bb425f9629fd?_src=imagekit&tr=c-at_max,h-100,q-40,w-100",,,,,,,,,,,,,,,,,,,
https://www.traveloka.com/id-id/user/review/consumption/HOTEL/GENERAL/1000000497759,1,20,"Hotel bersih, kamar bersih, pelayanan juga oke.",Diulas 66 minggu lalu,"https://ik.imagekit.io/tvlk/ugc-review/guys1L+Yyer9kzI3sp-pb0CG1j2bhflZGFUZOoIf1YOBAm37kEUOKR41ieUZm7ZJ/ugc-photo-ap-southeast-1-581603780057-acd24e232f75f09e/REVIEW/59016976_REVIEW_1738136396357_8068d638e1abafd5?_src=imagekit&tr=c-at_max,h-100,q-40,w-100",,,,,,,,,,,,,,,,,,,
https://www.traveloka.com/id-id/user/review/consumption/HOTEL/GENERAL/1000000497759,1,21,"Ada begitu banyak rambut di selimut, dan ada pecahan kaca di lantai, yang melukai kaki kami. Kami tlpn resepsionis hotel dari jam 11 sampai jam 12 malam sebelum ada yang masuk ke ruangan untuk memahami situasinya. tidak ada solusi. Saya tidak akan pernah melakukannya lagi",Diulas 69 minggu lalu,"https://ik.imagekit.io/tvlk/ugc-review/guys1L+Yyer9kzI3sp-pb0CG1j2bhflZGFUZOoIf1YOBAm37kEUOKR41ieUZm7ZJ/ugc-photo-ap-southeast-1-581603780057-acd24e232f75f09e/REVIEW/191005392_REVIEW_1736681844873_36bff65a99fe82e3?_src=imagekit&tr=c-at_max,h-100,q-40,w-100","https://ik.imagekit.io/tvlk/ugc-review/guys1L+Yyer9kzI3sp-pb0CG1j2bhflZGFUZOoIf1YOBAm37kEUOKR41ieUZm7ZJ/ugc-photo-ap-southeast-1-581603780057-acd24e232f75f09e/REVIEW/191005392_REVIEW_1736681844873_97dab73668cdf174?_src=imagekit&tr=c-at_max,h-100,q-40,w-100","https://ik.imagekit.io/tvlk/ugc-review/guys1L+Yyer9kzI3sp-pb0CG1j2bhflZGFUZOoIf1YOBAm37kEUOKR41ieUZm7ZJ/ugc-photo-ap-southeast-1-581603780057-acd24e232f75f09e/REVIEW/191005392_REVIEW_1736681844873_4eafc1430639c5b5?_src=imagekit&tr=c-at_max,h-100,q-40,w-100",,,,,,,,,,,,,,,,,
https://www.traveloka.com/id-id/user/review/consumption/HOTEL/GENERAL/1000000497759,1,22,"terimakasih batiqa hotel Cikarang,,",Diulas 71 minggu lalu,"https://ik.imagekit.io/tvlk/ugc-review/guys1L+Yyer9kzI3sp-pb0CG1j2bhflZGFUZOoIf1YOBAm37kEUOKR41ieUZm7ZJ/ugc-photo-ap-southeast-1-581603780057-acd24e232f75f09e/REVIEW/295383733_REVIEW_1735451675605_21046d6638e9457c?_src=imagekit&tr=c-at_max,h-100,q-40,w-100","https://ik.imagekit.io/tvlk/ugc-review/guys1L+Yyer9kzI3sp-pb0CG1j2bhflZGFUZOoIf1YOBAm37kEUOKR41ieUZm7ZJ/ugc-photo-ap-southeast-1-581603780057-acd24e232f75f09e/REVIEW/295383733_REVIEW_1735451675605_9e6d823e82bc8e98?_src=imagekit&tr=c-at_max,h-100,q-40,w-100",,,,,,,,,,,,,,,,,,
https://www.traveloka.com/id-id/user/review/consumption/HOTEL/GENERAL/1000000497759,1,23,peryahankan pelayanan baiknya..,Diulas 74 minggu lalu,"https://ik.imagekit.io/tvlk/ugc-review/guys1L+Yyer9kzI3sp-pb0CG1j2bhflZGFUZOoIf1YOBAm37kEUOKR41ieUZm7ZJ/ugc-photo-ap-southeast-1-581603780057-acd24e232f75f09e/REVIEW/217684693_REVIEW_1733646397361_65b2e7153319dbaa?_src=imagekit&tr=c-at_max,h-80,q-40,w-80","https://ik.imagekit.io/tvlk/ugc-review/guys1L+Yyer9kzI3sp-pb0CG1j2bhflZGFUZOoIf1YOBAm37kEUOKR41ieUZm7ZJ/ugc-photo-ap-southeast-1-581603780057-acd24e232f75f09e/REVIEW/217684693_REVIEW_1733646397361_e041a6730cb4490b?_src=imagekit&tr=c-at_max,h-80,q-40,w-80","https://ik.imagekit.io/tvlk/ugc-review/guys1L+Yyer9kzI3sp-pb0CG1j2bhflZGFUZOoIf1YOBAm37kEUOKR41ieUZm7ZJ/ugc-photo-ap-southeast-1-581603780057-acd24e232f75f09e/REVIEW/217684693_REVIEW_1733646397362_e1f75a311a55c7fa?_src=imagekit&tr=c-at_max,h-80,q-40,w-80","https://ik.imagekit.io/tvlk/ugc-review/guys1L+Yyer9kzI3sp-pb0CG1j2bhflZGFUZOoIf1YOBAm37kEUOKR41ieUZm7ZJ/ugc-photo-ap-southeast-1-581603780057-acd24e232f75f09e/REVIEW/217684693_REVIEW_1733646397362_0d4d43158387d033?_src=imagekit&tr=c-at_max,h-80,q-40,w-80","https://ik.imagekit.io/tvlk/ugc-review/guys1L+Yyer9kzI3sp-pb0CG1j2bhflZGFUZOoIf1YOBAm37kEUOKR41ieUZm7ZJ/ugc-photo-ap-southeast-1-581603780057-acd24e232f75f09e/REVIEW/217684693_REVIEW_1733646397363_d003dfed7c4710a0?_src=imagekit&tr=c-at_max,h-80,q-40,w-80","https://ik.imagekit.io/tvlk/ugc-review/guys1L+Yyer9kzI3sp-pb0CG1j2bhflZGFUZOoIf1YOBAm37kEUOKR41ieUZm7ZJ/ugc-photo-ap-southeast-1-581603780057-acd24e232f75f09e/REVIEW/217684693_REVIEW_1733646397363_0b1fc0a87bd88e87?_src=imagekit&tr=c-at_max,h-80,q-40,w-80","https://ik.imagekit.io/tvlk/ugc-review/guys1L+Yyer9kzI3sp-pb0CG1j2bhflZGFUZOoIf1YOBAm37kEUOKR41ieUZm7ZJ/ugc-photo-ap-southeast-1-581603780057-acd24e232f75f09e/REVIEW/217684693_REVIEW_1733646397364_3189e1fbf1e1b939?_src=imagekit&tr=c-at_max,h-80,q-40,w-80","https://ik.imagekit.io/tvlk/ugc-review/guys1L+Yyer9kzI3sp-pb0CG1j2bhflZGFUZOoIf1YOBAm37kEUOKR41ieUZm7ZJ/ugc-photo-ap-southeast-1-581603780057-acd24e232f75f09e/REVIEW/217684693_REVIEW_1733646397364_d20208a13e400d98?_src=imagekit&tr=c-at_max,h-80,q-40,w-80",,,,,,,,,,,,
https://www.traveloka.com/id-id/user/review/consumption/HOTEL/GENERAL/1000000497759,1,24,"Ngga ada masalah, normal lancar menginap disini..",Diulas 75 minggu lalu,"https://ik.imagekit.io/tvlk/ugc-review/guys1L+Yyer9kzI3sp-pb0CG1j2bhflZGFUZOoIf1YOBAm37kEUOKR41ieUZm7ZJ/ugc-photo-ap-southeast-1-581603780057-acd24e232f75f09e/REVIEW/217684693_REVIEW_1733040730696_0fef76364fc8ae8a?_src=imagekit&tr=c-at_max,h-80,q-40,w-80","https://ik.imagekit.io/tvlk/ugc-review/guys1L+Yyer9kzI3sp-pb0CG1j2bhflZGFUZOoIf1YOBAm37kEUOKR41ieUZm7ZJ/ugc-photo-ap-southeast-1-581603780057-acd24e232f75f09e/REVIEW/217684693_REVIEW_1733040730697_bcd3c87347364f9a?_src=imagekit&tr=c-at_max,h-80,q-40,w-80","https://ik.imagekit.io/tvlk/ugc-review/guys1L+Yyer9kzI3sp-pb0CG1j2bhflZGFUZOoIf1YOBAm37kEUOKR41ieUZm7ZJ/ugc-photo-ap-southeast-1-581603780057-acd24e232f75f09e/REVIEW/217684693_REVIEW_1733040730697_1c8710690929dbb0?_src=imagekit&tr=c-at_max,h-80,q-40,w-80","https://ik.imagekit.io/tvlk/ugc-review/guys1L+Yyer9kzI3sp-pb0CG1j2bhflZGFUZOoIf1YOBAm37kEUOKR41ieUZm7ZJ/ugc-photo-ap-southeast-1-581603780057-acd24e232f75f09e/REVIEW/217684693_REVIEW_1733040730697_7a3d57bfcb90d455?_src=imagekit&tr=c-at_max,h-80,q-40,w-80","https://ik.imagekit.io/tvlk/ugc-review/guys1L+Yyer9kzI3sp-pb0CG1j2bhflZGFUZOoIf1YOBAm37kEUOKR41ieUZm7ZJ/ugc-photo-ap-southeast-1-581603780057-acd24e232f75f09e/REVIEW/217684693_REVIEW_1733040730698_3297e329c2fa57a2?_src=imagekit&tr=c-at_max,h-80,q-40,w-80","https://ik.imagekit.io/tvlk/ugc-review/guys1L+Yyer9kzI3sp-pb0CG1j2bhflZGFUZOoIf1YOBAm37kEUOKR41ieUZm7ZJ/ugc-photo-ap-southeast-1-581603780057-acd24e232f75f09e/REVIEW/217684693_REVIEW_1733040730698_59ad39f4227c3633?_src=imagekit&tr=c-at_max,h-80,q-40,w-80","https://ik.imagekit.io/tvlk/ugc-review/guys1L+Yyer9kzI3sp-pb0CG1j2bhflZGFUZOoIf1YOBAm37kEUOKR41ieUZm7ZJ/ugc-photo-ap-southeast-1-581603780057-acd24e232f75f09e/REVIEW/217684693_REVIEW_1733040730698_2d32055cde7dfb54?_src=imagekit&tr=c-at_max,h-80,q-40,w-80","https://ik.imagekit.io/tvlk/ugc-review/guys1L+Yyer9kzI3sp-pb0CG1j2bhflZGFUZOoIf1YOBAm37kEUOKR41ieUZm7ZJ/ugc-photo-ap-southeast-1-581603780057-acd24e232f75f09e/REVIEW/217684693_REVIEW_1733040730698_cbab62de472b97fc?_src=imagekit&tr=c-at_max,h-80,q-40,w-80","https://ik.imagekit.io/tvlk/ugc-review/guys1L+Yyer9kzI3sp-pb0CG1j2bhflZGFUZOoIf1YOBAm37kEUOKR41ieUZm7ZJ/ugc-photo-ap-southeast-1-581603780057-acd24e232f75f09e/REVIEW/217684693_REVIEW_1733040730699_aed806b04654f688?_src=imagekit&tr=c-at_max,h-80,q-40,w-80",,,,,,,,,,,
https://www.traveloka.com/id-id/user/review/consumption/HOTEL/GENERAL/1000000497759,1,25,"Lokasinya strategis, depan LivingPlaza. Kamarnya nyaman, resepsionis ramah. Checkin jm 11 tidak ada kendala, ada deposit 50ribu.",Diulas 77 minggu lalu,"https://ik.imagekit.io/tvlk/ugc-review/guys1L+Yyer9kzI3sp-pb0CG1j2bhflZGFUZOoIf1YOBAm37kEUOKR41ieUZm7ZJ/ugc-photo-ap-southeast-1-581603780057-acd24e232f75f09e/REVIEW/3563411_REVIEW_1731500535905_cf027e8bce894cc3?_src=imagekit&tr=c-at_max,h-100,q-40,w-100","https://ik.imagekit.io/tvlk/ugc-review/guys1L+Yyer9kzI3sp-pb0CG1j2bhflZGFUZOoIf1YOBAm37kEUOKR41ieUZm7ZJ/ugc-photo-ap-southeast-1-581603780057-acd24e232f75f09e/REVIEW/3563411_REVIEW_1731500535905_1882c6f9a8219301?_src=imagekit&tr=c-at_max,h-100,q-40,w-100","https://ik.imagekit.io/tvlk/ugc-review/guys1L+Yyer9kzI3sp-pb0CG1j2bhflZGFUZOoIf1YOBAm37kEUOKR41ieUZm7ZJ/ugc-photo-ap-southeast-1-581603780057-acd24e232f75f09e/REVIEW/3563411_REVIEW_1731500535905_803b5e991660c7fb?_src=imagekit&tr=c-at_max,h-100,q-40,w-100",,,,,,,,,,,,,,,,,
https://www.traveloka.com/id-id/user/review/consumption/HOTEL/GENERAL/1000000497759,1,26,"Staff ramah pada saat check-in & check-out mudah, gratis parkir dan security juga ramah ☺️",Diulas 79 minggu lalu,"https://ik.imagekit.io/tvlk/ugc-review/guys1L+Yyer9kzI3sp-pb0CG1j2bhflZGFUZOoIf1YOBAm37kEUOKR41ieUZm7ZJ/ugc-photo-ap-southeast-1-581603780057-acd24e232f75f09e/REVIEW/155125337_REVIEW_1730717622925_d83ad42b99aada82?_src=imagekit&tr=c-at_max,h-100,q-40,w-100",,,,,,,,,,,,,,,,,,,
https://www.traveloka.com/id-id/user/review/consumption/HOTEL/GENERAL/1000000497759,1,27,"Nginep di sini 4 hari nyaman banget, pelayanan ramah, gercep, petugas semuanya ramah, ada tempat buat anak-anak. Kamar luas, ada mini cooler, AC oke, TV oke, kasur oke, toilet bersih, no minus.",Diulas 79 minggu lalu,"https://ik.imagekit.io/tvlk/ugc-review/guys1L+Yyer9kzI3sp-pb0CG1j2bhflZGFUZOoIf1YOBAm37kEUOKR41ieUZm7ZJ/ugc-photo-ap-southeast-1-581603780057-acd24e232f75f09e/REVIEW/283122523_REVIEW_1730307679183_07abce5d0cc6dd9e?_src=imagekit&tr=c-at_max,h-100,q-40,w-100",,,,,,,,,,,,,,,,,,,
https://www.traveloka.com/id-id/user/review/consumption/HOTEL/GENERAL/1000000497759,1,28,"Overall, Hotel Batiqa Jababeka Cikarang memuaskan karena lokasi yang strategis di Jababeka dekat dengan pusat perbelanjaan dan kuliner. 👌 Tetapi saran dan masukannya yaitu tolong kebersihan alat pemanasan teh/kopi diperhatikan lagi karena alat tersebut ada yang terdapat sudah banyak debu dan berkarat. 🙏",Diulas 83 minggu lalu,"https://ik.imagekit.io/tvlk/ugc-review/guys1L+Yyer9kzI3sp-pb0CG1j2bhflZGFUZOoIf1YOBAm37kEUOKR41ieUZm7ZJ/ugc-photo-ap-southeast-1-581603780057-acd24e232f75f09e/REVIEW/8327836_REVIEW_1728226550395_b67230e8d391dded?_src=imagekit&tr=c-at_max,h-100,q-40,w-100",,,,,,,,,,,,,,,,,,,
https://www.traveloka.com/id-id/user/review/consumption/HOTEL/GENERAL/1000000497759,1,29,"Harga terjangkau, kamar bagus dan bersih. Dekat dengan mcd dan waterboom cikarang. Lokasi sangat strategis dan dekat dengan stasiun cikarang, dan yang terpenting saya memesan hotel ini untuk mengunjungi teman-teman lama saya 🥰",Diulas 86 minggu lalu,"https://ik.imagekit.io/tvlk/ugc-review/guys1L+Yyer9kzI3sp-pb0CG1j2bhflZGFUZOoIf1YOBAm37kEUOKR41ieUZm7ZJ/ugc-photo-ap-southeast-1-581603780057-acd24e232f75f09e/REVIEW/273095436_REVIEW_1726213186943_9fded05e74b1b376?_src=imagekit&tr=c-at_max,h-100,q-40,w-100","https://ik.imagekit.io/tvlk/ugc-review/guys1L+Yyer9kzI3sp-pb0CG1j2bhflZGFUZOoIf1YOBAm37kEUOKR41ieUZm7ZJ/ugc-photo-ap-southeast-1-581603780057-acd24e232f75f09e/REVIEW/273095436_REVIEW_1726213186943_0b1d637c770bab2d?_src=imagekit&tr=c-at_max,h-100,q-40,w-100","https://ik.imagekit.io/tvlk/ugc-review/guys1L+Yyer9kzI3sp-pb0CG1j2bhflZGFUZOoIf1YOBAm37kEUOKR41ieUZm7ZJ/ugc-photo-ap-southeast-1-581603780057-acd24e232f75f09e/REVIEW/273095436_REVIEW_1726213186943_78c2a9fe30d22ced?_src=imagekit&tr=c-at_max,h-100,q-40,w-100","https://ik.imagekit.io/tvlk/ugc-review/guys1L+Yyer9kzI3sp-pb0CG1j2bhflZGFUZOoIf1YOBAm37kEUOKR41ieUZm7ZJ/ugc-photo-ap-southeast-1-581603780057-acd24e232f75f09e/REVIEW/273095436_REVIEW_1726213186944_64d18e93e59ec3c0?_src=imagekit&tr=c-at_max,h-100,q-40,w-100",,,,,,,,,,,,,,,,
https://www.traveloka.com/id-id/user/review/consumption/HOTEL/GENERAL/1000000497759,1,30,Nyaman. Next staycation lagi di sini # kamarsuite.,Diulas 88 minggu lalu,"https://ik.imagekit.io/tvlk/ugc-review/guys1L+Yyer9kzI3sp-pb0CG1j2bhflZGFUZOoIf1YOBAm37kEUOKR41ieUZm7ZJ/ugc-photo-ap-southeast-1-581603780057-acd24e232f75f09e/REVIEW/11410090_REVIEW_1725268667099_1f572889ad48e1b2?_src=imagekit&tr=c-at_max,h-100,q-40,w-100","https://ik.imagekit.io/tvlk/ugc-review/guys1L+Yyer9kzI3sp-pb0CG1j2bhflZGFUZOoIf1YOBAm37kEUOKR41ieUZm7ZJ/ugc-photo-ap-southeast-1-581603780057-acd24e232f75f09e/REVIEW/11410090_REVIEW_1725268667101_6e045a3692d92fd8?_src=imagekit&tr=c-at_max,h-100,q-40,w-100",,,,,,,,,,,,,,,,,,
https://www.traveloka.com/id-id/user/review/consumption/HOTEL/GENERAL/1000000497759,1,31,"cuma satu yang aku suka banget, AC sering mati sendiri, selebihnya overall bagus banget",Diulas 89 minggu lalu,"https://ik.imagekit.io/tvlk/ugc-review/guys1L+Yyer9kzI3sp-pb0CG1j2bhflZGFUZOoIf1YOBAm37kEUOKR41ieUZm7ZJ/ugc-photo-ap-southeast-1-581603780057-acd24e232f75f09e/REVIEW/328069925_REVIEW_1724691341189_2a880119520a6b82?_src=imagekit&tr=c-at_max,h-100,q-40,w-100",,,,,,,,,,,,,,,,,,,
https://www.traveloka.com/id-id/user/review/consumption/HOTEL/GENERAL/1000000497759,1,32,"Untuk kamar, ok lah dengan harga segitu, AC dingin, tapi maaf ya, berisik AC-nya. Variasi makanan untuk breakfast kurang komplit, di situ makan nasi kuning asin sekali, staf ramah, security ramah juga, mohon ditingkatkan lagi ya.",Diulas 101 minggu lalu,"https://ik.imagekit.io/tvlk/ugc-review/guys1L+Yyer9kzI3sp-pb0CG1j2bhflZGFUZOoIf1YOBAm37kEUOKR41ieUZm7ZJ/ugc-photo-ap-southeast-1-581603780057-acd24e232f75f09e/REVIEW/282946038_REVIEW_1717504218359_9bec99b5b7b1185f?_src=imagekit&tr=c-at_max,h-100,q-40,w-100",,,,,,,,,,,,,,,,,,,
https://www.traveloka.com/id-id/user/review/consumption/HOTEL/GENERAL/1000000497759,1,33,"Awalnya agak ragu mungkin mirip hotel sebelah, eh ternyata enggak dong ini bener-bener oke banget kamarnya padahal harga mirip. Bisa banget buat next staycation.",Diulas 102 minggu lalu,"https://ik.imagekit.io/tvlk/ugc-review/guys1L+Yyer9kzI3sp-pb0CG1j2bhflZGFUZOoIf1YOBAm37kEUOKR41ieUZm7ZJ/ugc-photo-ap-southeast-1-581603780057-acd24e232f75f09e/REVIEW/7214005_REVIEW_1716872085786_038feffd036e9d66?_src=imagekit&tr=c-at_max,h-100,q-40,w-100",,,,,,,,,,,,,,,,,,,
https://www.traveloka.com/id-id/user/review/consumption/HOTEL/GENERAL/1000000497759,1,34,"Maaf di pindahin mejanya, buat zoom soalnya 🙏",Diulas 107 minggu lalu,"https://ik.imagekit.io/tvlk/ugc-review/guys1L+Yyer9kzI3sp-pb0CG1j2bhflZGFUZOoIf1YOBAm37kEUOKR41ieUZm7ZJ/ugc-photo-ap-southeast-1-581603780057-acd24e232f75f09e/REVIEW/11291792_REVIEW_1713841789710_d6b5a8ad90ccc584?_src=imagekit&tr=c-at_max,h-100,q-40,w-100",,,,,,,,,,,,,,,,,,,
https://www.traveloka.com/id-id/user/review/consumption/HOTEL/GENERAL/1000000497759,1,35,"Tapi sayang, untuk hari kedua tak ada pasta gigi, sikat gigi baru, dan handuk. Sebaiknya ada yang baru, seperti hari pertama.",Diulas 122 minggu lalu,"https://ik.imagekit.io/tvlk/ugc-review/guys1L+Yyer9kzI3sp-pb0CG1j2bhflZGFUZOoIf1YOBAm37kEUOKR41ieUZm7ZJ/ugc-photo-ap-southeast-1-581603780057-acd24e232f75f09e/ACCOMMODATION/310856776_ACCOMMODATION_1704283520246_e2219efea53988c3?_src=imagekit&tr=c-at_max,h-100,q-40,w-100","https://ik.imagekit.io/tvlk/ugc-review/guys1L+Yyer9kzI3sp-pb0CG1j2bhflZGFUZOoIf1YOBAm37kEUOKR41ieUZm7ZJ/ugc-photo-ap-southeast-1-581603780057-acd24e232f75f09e/ACCOMMODATION/310856776_ACCOMMODATION_1704283520246_9a11dc7490d71e5e?_src=imagekit&tr=c-at_max,h-100,q-40,w-100",,,,,,,,,,,,,,,,,,
https://www.traveloka.com/id-id/user/review/consumption/HOTEL/GENERAL/1000000497759,1,36,"Secara keseluruhan sudah bagus. Kamar oke, breakfast mantap & bervariasi, resepsionis oke banget berusaha menyiapkan kamar no smoking sesuai request kami meskipun harus nunggu dulu sebelum check in.",Diulas 123 minggu lalu,"https://ik.imagekit.io/tvlk/ugc-review/guys1L+Yyer9kzI3sp-pb0CG1j2bhflZGFUZOoIf1YOBAm37kEUOKR41ieUZm7ZJ/ugc-photo-ap-southeast-1-581603780057-acd24e232f75f09e/ACCOMMODATION/21428630_ACCOMMODATION_1704083923149_273f0e774b5a2d9d?_src=imagekit&tr=c-at_max,h-100,q-40,w-100",,,,,,,,,,,,,,,,,,,
https://www.traveloka.com/id-id/user/review/consumption/HOTEL/GENERAL/1000000497759,1,37,"Senang sekali memilih staycation di sini. Ketersediaan parkir mobil dan motor ada dan aman (ada security). Proses check in yang super duper cepat dan mudah (tidak ada deposit). Kondisi kamar bersih, wangi, dan rapi. Tempat tidurnya juga nyaman banget. Posisi toilet dengan area shower terpisah. Untuk toilet nya tidak ada jet shower yaa, pakainya bidet (mungkin yang kurang terbiasa akan susah). Fasilitas kamar menurut saya lengkap dengan harga yang sangat terjangkau. Ada lemari pendingin, brangkas mini, amenities toilet, TV kabel, meja kerja, lemari penyimpanan, AC dingin. Menu sarapan juga lengkap, mulai dari makanan tradisional sampai western. Mungkin ke depannya di lain waktu akan sangat direkomendasikan untuk balik lagi ke sini.",Diulas 123 minggu lalu,"https://ik.imagekit.io/tvlk/ugc-review/guys1L+Yyer9kzI3sp-pb0CG1j2bhflZGFUZOoIf1YOBAm37kEUOKR41ieUZm7ZJ/ugc-photo-ap-southeast-1-581603780057-acd24e232f75f09e/ACCOMMODATION/22851157_ACCOMMODATION_1703933078554_64acb5235b82b04f?_src=imagekit&tr=c-at_max,h-100,q-40,w-100","https://ik.imagekit.io/tvlk/ugc-review/guys1L+Yyer9kzI3sp-pb0CG1j2bhflZGFUZOoIf1YOBAm37kEUOKR41ieUZm7ZJ/ugc-photo-ap-southeast-1-581603780057-acd24e232f75f09e/ACCOMMODATION/22851157_ACCOMMODATION_1703933078554_145ac37de56a4c5a?_src=imagekit&tr=c-at_max,h-100,q-40,w-100","https://ik.imagekit.io/tvlk/ugc-review/guys1L+Yyer9kzI3sp-pb0CG1j2bhflZGFUZOoIf1YOBAm37kEUOKR41ieUZm7ZJ/ugc-photo-ap-southeast-1-581603780057-acd24e232f75f09e/ACCOMMODATION/22851157_ACCOMMODATION_1703933078553_08f4e112f0c05323?_src=imagekit&tr=c-at_max,h-100,q-40,w-100","https://ik.imagekit.io/tvlk/ugc-review/guys1L+Yyer9kzI3sp-pb0CG1j2bhflZGFUZOoIf1YOBAm37kEUOKR41ieUZm7ZJ/ugc-photo-ap-southeast-1-581603780057-acd24e232f75f09e/ACCOMMODATION/22851157_ACCOMMODATION_1703933078554_0fd6b0ee5f6237cb?_src=imagekit&tr=c-at_max,h-100,q-40,w-100","https://ik.imagekit.io/tvlk/ugc-review/guys1L+Yyer9kzI3sp-pb0CG1j2bhflZGFUZOoIf1YOBAm37kEUOKR41ieUZm7ZJ/ugc-photo-ap-southeast-1-581603780057-acd24e232f75f09e/ACCOMMODATION/22851157_ACCOMMODATION_1703933078554_f43486b03bd187d6?_src=imagekit&tr=c-at_max,h-100,q-40,w-100",,,,,,,,,,,,,,,
https://www.traveloka.com/id-id/user/review/consumption/HOTEL/GENERAL/1000000497759,1,38,"Saya membawa toddler kamar bersih, nyaman, staf membantu saat TV tidak hidup langsung diganti, makanan enak cocok untuk bawa anak next ke Batiqa lagi.",Diulas 123 minggu lalu,"https://ik.imagekit.io/tvlk/ugc-review/guys1L+Yyer9kzI3sp-pb0CG1j2bhflZGFUZOoIf1YOBAm37kEUOKR41ieUZm7ZJ/ugc-photo-ap-southeast-1-581603780057-acd24e232f75f09e/ACCOMMODATION/198926910_ACCOMMODATION_1703838087613_06ce37be39b8d668?_src=imagekit&tr=c-at_max,h-100,q-40,w-100",,,,,,,,,,,,,,,,,,,
https://www.traveloka.com/id-id/user/review/consumption/HOTEL/GENERAL/1000000497759,1,39,Sangat ramah dan nyaman🙏terima kasih.,Diulas 123 minggu lalu,"https://ik.imagekit.io/tvlk/ugc-review/guys1L+Yyer9kzI3sp-pb0CG1j2bhflZGFUZOoIf1YOBAm37kEUOKR41ieUZm7ZJ/ugc-photo-ap-southeast-1-581603780057-acd24e232f75f09e/ACCOMMODATION/211560064_ACCOMMODATION_1703639696211_88e199ab5977bf04?_src=imagekit&tr=c-at_max,h-100,q-40,w-100","https://ik.imagekit.io/tvlk/ugc-review/guys1L+Yyer9kzI3sp-pb0CG1j2bhflZGFUZOoIf1YOBAm37kEUOKR41ieUZm7ZJ/ugc-photo-ap-southeast-1-581603780057-acd24e232f75f09e/ACCOMMODATION/211560064_ACCOMMODATION_1703639696211_0974c92b19c9cc23?_src=imagekit&tr=c-at_max,h-100,q-40,w-100",,,,,,,,,,,,,,,,,,
https://www.traveloka.com/id-id/user/review/consumption/HOTEL/GENERAL/1000000497759,1,40,"Hotelnya nyaman, bersih, rapi, parkiran aman, receptionist saat check in dan check out semuanya ramah.",Diulas 133 minggu lalu,"https://ik.imagekit.io/tvlk/ugc-review/guys1L+Yyer9kzI3sp-pb0CG1j2bhflZGFUZOoIf1YOBAm37kEUOKR41ieUZm7ZJ/ugc-photo-ap-southeast-1-581603780057-acd24e232f75f09e/ACCOMMODATION/56512813_ACCOMMODATION_1697965512565_ebfeb12726fc773b?_src=imagekit&tr=c-at_max,h-100,q-40,w-100","https://ik.imagekit.io/tvlk/ugc-review/guys1L+Yyer9kzI3sp-pb0CG1j2bhflZGFUZOoIf1YOBAm37kEUOKR41ieUZm7ZJ/ugc-photo-ap-southeast-1-581603780057-acd24e232f75f09e/ACCOMMODATION/56512813_ACCOMMODATION_1697965512566_d671f07e5f5c7ce6?_src=imagekit&tr=c-at_max,h-100,q-40,w-100",,,,,,,,,,,,,,,,,,
https://www.traveloka.com/id-id/user/review/consumption/HOTEL/GENERAL/1000000497759,2,1,Thank you batiqa for your service. I'm so happy.,Diulas 139 minggu lalu,"https://ik.imagekit.io/tvlk/ugc-review/guys1L+Yyer9kzI3sp-pb0CG1j2bhflZGFUZOoIf1YOBAm37kEUOKR41ieUZm7ZJ/ugc-photo-ap-southeast-1-581603780057-acd24e232f75f09e/ACCOMMODATION/78430654_ACCOMMODATION_1694008108922_3bcc9e5f2f12d3e5?_src=imagekit&tr=c-at_max,h-100,q-40,w-100","https://ik.imagekit.io/tvlk/ugc-review/guys1L+Yyer9kzI3sp-pb0CG1j2bhflZGFUZOoIf1YOBAm37kEUOKR41ieUZm7ZJ/ugc-photo-ap-southeast-1-581603780057-acd24e232f75f09e/ACCOMMODATION/78430654_ACCOMMODATION_1694008108923_bd5b9420c551eb88?_src=imagekit&tr=c-at_max,h-100,q-40,w-100","https://ik.imagekit.io/tvlk/ugc-review/guys1L+Yyer9kzI3sp-pb0CG1j2bhflZGFUZOoIf1YOBAm37kEUOKR41ieUZm7ZJ/ugc-photo-ap-southeast-1-581603780057-acd24e232f75f09e/ACCOMMODATION/78430654_ACCOMMODATION_1694008108923_75887e8d39450bfa?_src=imagekit&tr=c-at_max,h-100,q-40,w-100",,,,,,,,,,,,,,,,,
https://www.traveloka.com/id-id/user/review/consumption/HOTEL/GENERAL/1000000497759,2,2,"Akomodasi ini sangat bagus, nyaman, Indonesia banget perpaduan ornamen batik, kayu di dalam ruangan kamar nya, sangat nyaman bersama pasangan keluarga, relatif murah dengan fasilitas mewah 🤭",Diulas 142 minggu lalu,"https://ik.imagekit.io/tvlk/ugc-review/guys1L+Yyer9kzI3sp-pb0CG1j2bhflZGFUZOoIf1YOBAm37kEUOKR41ieUZm7ZJ/ugc-photo-ap-southeast-1-581603780057-acd24e232f75f09e/ACCOMMODATION/295293650_ACCOMMODATION_1692576286655_69020f26b145f645?_src=imagekit&tr=c-at_max,h-100,q-40,w-100",,,,,,,,,,,,,,,,,,,
https://www.traveloka.com/id-id/user/review/consumption/HOTEL/GENERAL/1000000497759,2,3,"Overall tempat nyaman. Kamar bersih, rapi, sayang kulkas tidak berfungsi, waktu dilaporkan kata memang tidak banget dingin. Tapi menurut saya itu mati, mesin tidak berfungi. Akses lift tanpa kartu, jadi mempermudah jika salah satu keluar kamar tidak perlu turun tangga atau meninggalkan dalam kondisi mati lampu yang di kamar atau temen harus standby buat jemput di lift",Diulas 148 minggu lalu,"https://ik.imagekit.io/tvlk/ugc-review/guys1L+Yyer9kzI3sp-pb0CG1j2bhflZGFUZOoIf1YOBAm37kEUOKR41ieUZm7ZJ/ugc-photo-ap-southeast-1-581603780057-acd24e232f75f09e/ACCOMMODATION/16336388_ACCOMMODATION_1688922398182_b4b65a1269e5290c?_src=imagekit&tr=c-at_max,h-100,q-40,w-100","https://ik.imagekit.io/tvlk/ugc-review/guys1L+Yyer9kzI3sp-pb0CG1j2bhflZGFUZOoIf1YOBAm37kEUOKR41ieUZm7ZJ/ugc-photo-ap-southeast-1-581603780057-acd24e232f75f09e/ACCOMMODATION/16336388_ACCOMMODATION_1688922398182_f2301fcd80f1a30c?_src=imagekit&tr=c-at_max,h-100,q-40,w-100",,,,,,,,,,,,,,,,,,
https://www.traveloka.com/id-id/user/review/consumption/HOTEL/GENERAL/1000000497759,2,4,"Dari segi kamar bagus, dan bersih. Makanannya enak harga terjangkau porsinya pun banyak, pelayanannya juga ramah. Sempat minta tambahan amenitis malemnya sekitar jam 19.00 tapi lama diantar ke kamar dan besok paginya baru diantar. Tapi its ok.",Diulas 152 minggu lalu,"https://ik.imagekit.io/tvlk/ugc-review/guys1L+Yyer9kzI3sp-pb0CG1j2bhflZGFUZOoIf1YOBAm37kEUOKR41ieUZm7ZJ/ugc-photo-ap-southeast-1-581603780057-acd24e232f75f09e/ACCOMMODATION/90026846_ACCOMMODATION_1686211010178_40235b77c1255e4a?_src=imagekit&tr=c-at_max,h-100,q-40,w-100",,,,,,,,,,,,,,,,,,,
https://www.traveloka.com/id-id/user/review/consumption/HOTEL/GENERAL/1000000497759,2,5,"Kamar sangat nyaman, semua karyawan sangat ramah dan welcome.",Diulas 157 minggu lalu,"https://ik.imagekit.io/tvlk/ugc-review/guys1L+Yyer9kzI3sp-pb0CG1j2bhflZGFUZOoIf1YOBAm37kEUOKR41ieUZm7ZJ/ugc-photo-ap-southeast-1-581603780057-acd24e232f75f09e/ACCOMMODATION/87947770_ACCOMMODATION_1683507738079_0b48ef54023faa96?_src=imagekit&tr=c-at_max,h-100,q-40,w-100",,,,,,,,,,,,,,,,,,,
https://www.traveloka.com/id-id/user/review/consumption/HOTEL/GENERAL/1000000497759,2,6,"Nyaman, bagus, overall memuaskan.",Diulas 158 minggu lalu,"https://ik.imagekit.io/tvlk/ugc-review/guys1L+Yyer9kzI3sp-pb0CG1j2bhflZGFUZOoIf1YOBAm37kEUOKR41ieUZm7ZJ/ugc-photo-ap-southeast-1-581603780057-acd24e232f75f09e/ACCOMMODATION/115695695_ACCOMMODATION_1682916349386_3e74c12ed6e347ed?_src=imagekit&tr=c-at_max,h-100,q-40,w-100",,,,,,,,,,,,,,,,,,,
https://www.traveloka.com/id-id/user/review/consumption/HOTEL/GENERAL/1000000497759,2,7,"Selalu happy stay di Batiqa! Bersih, nyaman, front desk crew sangat welcome & membantu dengan ramah & helpful. Sangat recommend kalo mau cari hotel bintang 3 rasa bintang 4/5. Mantap guys!",Diulas 162 minggu lalu,"https://ik.imagekit.io/tvlk/ugc-review/guys1L+Yyer9kzI3sp-pb0CG1j2bhflZGFUZOoIf1YOBAm37kEUOKR41ieUZm7ZJ/ugc-photo-ap-southeast-1-581603780057-acd24e232f75f09e/ACCOMMODATION/188141485_ACCOMMODATION_1680595539137_92db114a633aa2af?_src=imagekit&tr=c-at_max,h-100,q-40,w-100",,,,,,,,,,,,,,,,,,,
https://www.traveloka.com/id-id/user/review/consumption/HOTEL/GENERAL/1000000497759,2,8,"Hotel bintang 3 rasa bintang 5. Semua fasilitas & kamar sangat memuaskan. Room Suite harga di bawah 1 juta terbaik yang pernah saya inap. Room lega, bersih dan nyaman. Definitely gonna return to stay here. Very recommend hotel buat staycation",Diulas 165 minggu lalu,"https://ik.imagekit.io/tvlk/ugc-review/guys1L+Yyer9kzI3sp-pb0CG1j2bhflZGFUZOoIf1YOBAm37kEUOKR41ieUZm7ZJ/ugc-photo-ap-southeast-1-581603780057-acd24e232f75f09e/ACCOMMODATION/188141485_ACCOMMODATION_1678677100933_5b7ca438e55112e4?_src=imagekit&tr=c-at_max,h-100,q-40,w-100","https://ik.imagekit.io/tvlk/ugc-review/guys1L+Yyer9kzI3sp-pb0CG1j2bhflZGFUZOoIf1YOBAm37kEUOKR41ieUZm7ZJ/ugc-photo-ap-southeast-1-581603780057-acd24e232f75f09e/ACCOMMODATION/188141485_ACCOMMODATION_1678677100934_ae0c2eb96473d469?_src=imagekit&tr=c-at_max,h-100,q-40,w-100",,,,,,,,,,,,,,,,,,
https://www.traveloka.com/id-id/user/review/consumption/HOTEL/GENERAL/1000000497759,2,9,Suka banget! Dengan harga yang saya dapat saat itu sangat worth it! Next bakal balik lagi! Tetap pertahankan kebersihan dan kenyamanannya Batiqa Hotel 🫶🏻,Diulas 172 minggu lalu,"https://ik.imagekit.io/tvlk/ugc-review/guys1L+Yyer9kzI3sp-pb0CG1j2bhflZGFUZOoIf1YOBAm37kEUOKR41ieUZm7ZJ/ugc-photo-ap-southeast-1-581603780057-acd24e232f75f09e/ACCOMMODATION/142402187_ACCOMMODATION_1674405271220_b241e72877f4cbf2?_src=imagekit&tr=c-at_max,h-100,q-40,w-100","https://ik.imagekit.io/tvlk/ugc-review/guys1L+Yyer9kzI3sp-pb0CG1j2bhflZGFUZOoIf1YOBAm37kEUOKR41ieUZm7ZJ/ugc-photo-ap-southeast-1-581603780057-acd24e232f75f09e/ACCOMMODATION/142402187_ACCOMMODATION_1674405271220_4d6055da595620d7?_src=imagekit&tr=c-at_max,h-100,q-40,w-100","https://ik.imagekit.io/tvlk/ugc-review/guys1L+Yyer9kzI3sp-pb0CG1j2bhflZGFUZOoIf1YOBAm37kEUOKR41ieUZm7ZJ/ugc-photo-ap-southeast-1-581603780057-acd24e232f75f09e/ACCOMMODATION/142402187_ACCOMMODATION_1674405271221_fd7056b4e6cbe4a4?_src=imagekit&tr=c-at_max,h-100,q-40,w-100",,,,,,,,,,,,,,,,,
https://www.traveloka.com/id-id/user/review/consumption/HOTEL/GENERAL/1000000497759,2,10,"Lucky me dapet kamar yang sangat sangat sangat nyaman. Hari pertama stay di sini, cukup puas dengan fasilitas yang ada. Kamar bersih, AC dingin, TV berfungsi dengan baik. Hanya saja gak ada hairdryer, padahal diketerangannya ada.",Diulas 174 minggu lalu,"https://ik.imagekit.io/tvlk/ugc-review/guys1L+Yyer9kzI3sp-pb0CG1j2bhflZGFUZOoIf1YOBAm37kEUOKR41ieUZm7ZJ/ugc-photo-ap-southeast-1-581603780057-acd24e232f75f09e/ACCOMMODATION/214530262_ACCOMMODATION_1673258854462_7cc4d0d14a4f11bb?_src=imagekit&tr=c-at_max,h-100,q-40,w-100","https://ik.imagekit.io/tvlk/ugc-review/guys1L+Yyer9kzI3sp-pb0CG1j2bhflZGFUZOoIf1YOBAm37kEUOKR41ieUZm7ZJ/ugc-photo-ap-southeast-1-581603780057-acd24e232f75f09e/ACCOMMODATION/214530262_ACCOMMODATION_1673258854462_569e30f4e9b13e94?_src=imagekit&tr=c-at_max,h-100,q-40,w-100",,,,,,,,,,,,,,,,,,
https://www.traveloka.com/id-id/user/review/consumption/HOTEL/GENERAL/1000000497759,2,11,Happy bareng anak-anak dan istri. Breakfast enak.,Diulas 191 minggu lalu,"https://ik.imagekit.io/tvlk/ugc-review/guys1L+Yyer9kzI3sp-pb0CG1j2bhflZGFUZOoIf1YOBAm37kEUOKR41ieUZm7ZJ/ugc-photo-ap-southeast-1-581603780057-acd24e232f75f09e/ACCOMMODATION/210541331_ACCOMMODATION_1662889832871_7dc2080b6fd75c7f?_src=imagekit&tr=c-at_max,h-100,q-40,w-100","https://ik.imagekit.io/tvlk/ugc-review/guys1L+Yyer9kzI3sp-pb0CG1j2bhflZGFUZOoIf1YOBAm37kEUOKR41ieUZm7ZJ/ugc-photo-ap-southeast-1-581603780057-acd24e232f75f09e/ACCOMMODATION/210541331_ACCOMMODATION_1662889832871_f0720dc1aa72523f?_src=imagekit&tr=c-at_max,h-100,q-40,w-100","https://ik.imagekit.io/tvlk/ugc-review/guys1L+Yyer9kzI3sp-pb0CG1j2bhflZGFUZOoIf1YOBAm37kEUOKR41ieUZm7ZJ/ugc-photo-ap-southeast-1-581603780057-acd24e232f75f09e/ACCOMMODATION/210541331_ACCOMMODATION_1662889832872_1baff2280fb22e1d?_src=imagekit&tr=c-at_max,h-100,q-40,w-100",,,,,,,,,,,,,,,,,
https://www.traveloka.com/id-id/user/review/consumption/HOTEL/GENERAL/1000000497759,2,12,Room yang sangat bersih & makanannya enak especially (Soup ikan) harus coba kalo datang Ke Batiqa. Chef & staff they’re friendly.,Diulas 198 minggu lalu,"https://ik.imagekit.io/tvlk/ugc-review/guys1L+Yyer9kzI3sp-pb0CG1j2bhflZGFUZOoIf1YOBAm37kEUOKR41ieUZm7ZJ/ugc-photo-ap-southeast-1-581603780057-acd24e232f75f09e/ACCOMMODATION/198708150_ACCOMMODATION_1658390224912_be9a622ea931575d?_src=imagekit&tr=c-at_max,h-100,q-40,w-100","https://ik.imagekit.io/tvlk/ugc-review/guys1L+Yyer9kzI3sp-pb0CG1j2bhflZGFUZOoIf1YOBAm37kEUOKR41ieUZm7ZJ/ugc-photo-ap-southeast-1-581603780057-acd24e232f75f09e/ACCOMMODATION/198708150_ACCOMMODATION_1658390224913_38eeb7e97f2ff19e?_src=imagekit&tr=c-at_max,h-100,q-40,w-100",,,,,,,,,,,,,,,,,,
https://www.traveloka.com/id-id/user/review/consumption/HOTEL/GENERAL/1000000497759,2,13,Hotelnya bagus strategis dekat dengan pusat keramaian.,Diulas 204 minggu lalu,"https://ik.imagekit.io/tvlk/ugc-review/guys1L+Yyer9kzI3sp-pb0CG1j2bhflZGFUZOoIf1YOBAm37kEUOKR41ieUZm7ZJ/ugc-photo-ap-southeast-1-581603780057-acd24e232f75f09e/ACCOMMODATION/164856287_ACCOMMODATION_1655038638430_eacfe305782678dc?_src=imagekit&tr=c-at_max,h-100,q-40,w-100",,,,,,,,,,,,,,,,,,,
https://www.traveloka.com/id-id/user/review/consumption/HOTEL/GENERAL/1000000497759,2,14,Perpanjang kamar tapi sampe jam 4 belum dibersihin.,Diulas 213 minggu lalu,"https://ik.imagekit.io/tvlk/ugc-review/guys1L+Yyer9kzI3sp-pb0CG1j2bhflZGFUZOoIf1YOBAm37kEUOKR41ieUZm7ZJ/ugc-photo-ap-southeast-1-581603780057-acd24e232f75f09e/ACCOMMODATION/209290433_ACCOMMODATION_1649496425986_fcb25bfde8f960d2?_src=imagekit&tr=c-at_max,h-100,q-40,w-100",,,,,,,,,,,,,,,,,,,
https://www.traveloka.com/id-id/user/review/consumption/HOTEL/GENERAL/1000000497759,2,15,"Proses Check-in lama, antrian sampai 25 menit, dan malah salah masukin data. Nyampe kamar hotel, lampu atasnya kelap kelip kaya mau mati, temboknya juga berjamur, disekelilingnya masih ada beberapa sarang laba-laba. Sorenya hujan lebat, ada yang merembes dibawah meja, 15 menit kemudian teknisi dateng bawa lap, dan di lap-in.",Diulas 230 minggu lalu,"https://ik.imagekit.io/tvlk/ugc-review/guys1L+Yyer9kzI3sp-pb0CG1j2bhflZGFUZOoIf1YOBAm37kEUOKR41ieUZm7ZJ/ugc-photo-ap-southeast-1-581603780057-acd24e232f75f09e/ACCOMMODATION/104160837_ACCOMMODATION_1639308077328_862fadfe3f79c6c3?_src=imagekit&tr=c-at_max,h-100,q-40,w-100","https://ik.imagekit.io/tvlk/ugc-review/guys1L+Yyer9kzI3sp-pb0CG1j2bhflZGFUZOoIf1YOBAm37kEUOKR41ieUZm7ZJ/ugc-photo-ap-southeast-1-581603780057-acd24e232f75f09e/ACCOMMODATION/104160837_ACCOMMODATION_1639308077328_7ab7d153b04e4cc2?_src=imagekit&tr=c-at_max,h-100,q-40,w-100","https://ik.imagekit.io/tvlk/ugc-review/guys1L+Yyer9kzI3sp-pb0CG1j2bhflZGFUZOoIf1YOBAm37kEUOKR41ieUZm7ZJ/ugc-photo-ap-southeast-1-581603780057-acd24e232f75f09e/ACCOMMODATION/104160837_ACCOMMODATION_1639308077328_d4bebf632fc06b52?_src=imagekit&tr=c-at_max,h-100,q-40,w-100",,,,,,,,,,,,,,,,,
https://www.traveloka.com/id-id/user/review/consumption/HOTEL/GENERAL/1000000497759,2,16,"Bad attitude Front Office. Awal check in Lama banget, sampe saya harus nge buru-buru FO nya. Terus saya extend untuk malam kedua, sebelumnya saya nanya, kalo saya book lagi via aplikasi, saya gausah pindah kamar dan lain-lain, saya makesure lagi, kalo saya booking yang twin gak perlu pindah kan masih tetep yang sama, Fo nya bilang, iya, dan itu kejadiannya pagi jam 9. Tapi siangnya  kemudian saya di telepon sama fo nya kalo saya booking kamar twin (sementara kamar saya double) harus kena charge lagi 50k? Padahal ga ada info sama sekali harus tambahan charge 50k, dan dari pagi saya udah makesure ke fo nya. Terus fo yang telpon saya bilang ""lain kali di cek ulang bu untuk reservasinya"" what the hell? Seorang Front Office attitudenya kaya gitu ke tamu? Tolong di kasih lagi training attitude yang baik ke tamu seperti apa, itu gak sopan. Untuk kamar lantai kotor, sampe kaki saya harus di cuci terus, duvet pun malam kedua gak di ganti, jelas-jelas itu kotor. So gakan kesini lagi",Diulas 231 minggu lalu,"https://ik.imagekit.io/tvlk/ugc-review/guys1L+Yyer9kzI3sp-pb0CG1j2bhflZGFUZOoIf1YOBAm37kEUOKR41ieUZm7ZJ/ugc-photo-ap-southeast-1-581603780057-acd24e232f75f09e/ACCOMMODATION/107849011_ACCOMMODATION_1638753683931_064ab4bf4e82717c?_src=imagekit&tr=c-at_max,h-100,q-40,w-100",,,,,,,,,,,,,,,,,,,
https://www.traveloka.com/id-id/user/review/consumption/HOTEL/GENERAL/1000000497759,2,17,"1. Saat check in tidak bisa request kartu kamar extra, saran dari resepsionis hanya menggunakan KTP sebagai kartu untuk menyalakan listrik kamar. 2. AC bocor sehingga karpet basah. 3. Selimut dan sprei agak kotor ada beberapa noda. 4. Kecepatan internet sangat lambat padahal saya hanya connect 2 devices. 5. Tanggal 20 November malam saya order gofood dan sudah dititipkan oleh driver ke resepsionis untuk kamar 215, 5 menit kemudian saat saya mau mengambil makanan di resepsionis & satpam tidak bisa menemukan makanan saya, ternyata tertukar dan sudah dibawa ke kamar oleh tamu yang lain dan tidak ada permintaan maaf dan tanggung jawab dari resepsionis yang malah menyalahkan satpam. Di kondisi pandemi seperti ini ketika makanan dibuka oleh orang lain menyebabkan keraguan atas higienis dari makanan yang sudah dibuka tamu lain. Ini menandakan bahwa pihak hotel tidak teliti dan bertanggung jawab atas makanan/paket yang dititipkan di resepsionis sehingga bisa tertukar dengan tamu hotel yang lain. 6. Saat mau menggunakan gelas ke 2 yang disediakan di dalam kamar ternyata ada bekas lipstick. Berarti tidak pernah dicek dan diganti ya gelas nya. Sangat mengecewakan!",Diulas 233 minggu lalu,"https://ik.imagekit.io/tvlk/ugc-review/guys1L+Yyer9kzI3sp-pb0CG1j2bhflZGFUZOoIf1YOBAm37kEUOKR41ieUZm7ZJ/ugc-photo-ap-southeast-1-581603780057-acd24e232f75f09e/ACCOMMODATION/5915009_ACCOMMODATION_1637419175895_8f60e735081542d5?_src=imagekit&tr=c-at_max,h-100,q-40,w-100","https://ik.imagekit.io/tvlk/ugc-review/guys1L+Yyer9kzI3sp-pb0CG1j2bhflZGFUZOoIf1YOBAm37kEUOKR41ieUZm7ZJ/ugc-photo-ap-southeast-1-581603780057-acd24e232f75f09e/ACCOMMODATION/5915009_ACCOMMODATION_1637419175896_79b54847a83b9ca5?_src=imagekit&tr=c-at_max,h-100,q-40,w-100","https://ik.imagekit.io/tvlk/ugc-review/guys1L+Yyer9kzI3sp-pb0CG1j2bhflZGFUZOoIf1YOBAm37kEUOKR41ieUZm7ZJ/ugc-photo-ap-southeast-1-581603780057-acd24e232f75f09e/ACCOMMODATION/5915009_ACCOMMODATION_1637419175896_6aa277e584f66773?_src=imagekit&tr=c-at_max,h-100,q-40,w-100","https://ik.imagekit.io/tvlk/ugc-review/guys1L+Yyer9kzI3sp-pb0CG1j2bhflZGFUZOoIf1YOBAm37kEUOKR41ieUZm7ZJ/ugc-photo-ap-southeast-1-581603780057-acd24e232f75f09e/ACCOMMODATION/5915009_ACCOMMODATION_1637470941585_b6cf2b9290133f80?_src=imagekit&tr=c-at_max,h-100,q-40,w-100",,,,,,,,,,,,,,,,
https://www.traveloka.com/id-id/user/review/consumption/HOTEL/GENERAL/1000000497759,2,18,"Hotel Budget yang terjangkau. Ada beberapa catatan untuk Batiqa: 1. Mohon ruangan kamar dibersihkan kembali dengan teliti. Pas masuk kamar sih nampak rapih dan bersih, tapi setelah dilihat kembali, saya temukan beberapa rambut dibawah meja yang masih nyangkut. Dan ada sampah plastik kecil yang belum keangkat. Ini mohon diperhatikan tentang kebersihannya. 2. Mengenai masakan, overall gak ada masalah. Semuanya enak kok, hanya saja saya merasakan sossisnya agak terlalu asin. Ini karena saya dapat bagian yang asin banget atau gimana, yang saya rasakan sih asin. Hehehe. Untuk check in sudah gampang, gak repot lagi. Protokol kesehatan juga sudah ketat. Terima Kasih.",Diulas 247 minggu lalu,"https://ik.imagekit.io/tvlk/ugc-review/guys1L+Yyer9kzI3sp-pb0CG1j2bhflZGFUZOoIf1YOBAm37kEUOKR41ieUZm7ZJ/ugc-photo-ap-southeast-1-581603780057-acd24e232f75f09e/ACCOMMODATION/9690227_ACCOMMODATION_1629001788434_bec032a0eff619e0?_src=imagekit&tr=c-at_max,h-100,q-40,w-100",,,,,,,,,,,,,,,,,,,
https://www.traveloka.com/id-id/user/review/consumption/HOTEL/GENERAL/1000000497759,2,19,"Kali kedua nginep di sini. Kamarnya enak, cukup luas, lokasi juga oke, cuma pas dapet kamar yang ACnya dinginnya lamak trus udah gitu pas key cardnya dcabut langsung benar-benar mati, request key card tambahan supaya kalo lagi keluar dulu ac ga perlu mati mengingat acnya dinginnya lama tapi ga dikasih bilangnya bisa coba ganjel pakai ktp atau card yang lain tp berkali-kali coba dengan bermacam kartu tetap tidak bisa🙃  dan minibar/kulkasnya ga berfungsi telepon ke resepsionis minta dinyalain katanya emang semua minibar ga bisa dpake. Jadi alangkah baiknya di take out aja dari kamar dan di take down infonya dari web kalo emang ga ada biar ga php. Tp untuk makanannya sih enak saya suka. Menu hari pertama dan kedua beda-beda dan cocok di lidah saya, entah karena nginep pas lagi ppkm atau emang selama pandemi jadi breakfast diantar ke kamar semua ga sistem buffet. Ga ada deposit juga pas check in. Overall bagus sih. Thanks!",Diulas 252 minggu lalu,"https://ik.imagekit.io/tvlk/ugc-review/guys1L+Yyer9kzI3sp-pb0CG1j2bhflZGFUZOoIf1YOBAm37kEUOKR41ieUZm7ZJ/ugc-photo-ap-southeast-1-581603780057-acd24e232f75f09e/ACCOMMODATION/4330446_ACCOMMODATION_1626094501860_569a71c98f90285f?_src=imagekit&tr=c-at_max,h-100,q-40,w-100","https://ik.imagekit.io/tvlk/ugc-review/guys1L+Yyer9kzI3sp-pb0CG1j2bhflZGFUZOoIf1YOBAm37kEUOKR41ieUZm7ZJ/ugc-photo-ap-southeast-1-581603780057-acd24e232f75f09e/ACCOMMODATION/4330446_ACCOMMODATION_1626094501860_68cdf658d57bd08f?_src=imagekit&tr=c-at_max,h-100,q-40,w-100","https://ik.imagekit.io/tvlk/ugc-review/guys1L+Yyer9kzI3sp-pb0CG1j2bhflZGFUZOoIf1YOBAm37kEUOKR41ieUZm7ZJ/ugc-photo-ap-southeast-1-581603780057-acd24e232f75f09e/ACCOMMODATION/4330446_ACCOMMODATION_1626094501860_3c99cdcde8eeed57?_src=imagekit&tr=c-at_max,h-100,q-40,w-100","https://ik.imagekit.io/tvlk/ugc-review/guys1L+Yyer9kzI3sp-pb0CG1j2bhflZGFUZOoIf1YOBAm37kEUOKR41ieUZm7ZJ/ugc-photo-ap-southeast-1-581603780057-acd24e232f75f09e/ACCOMMODATION/4330446_ACCOMMODATION_1626094501860_5512cc74c252b060?_src=imagekit&tr=c-at_max,h-100,q-40,w-100","https://ik.imagekit.io/tvlk/ugc-review/guys1L+Yyer9kzI3sp-pb0CG1j2bhflZGFUZOoIf1YOBAm37kEUOKR41ieUZm7ZJ/ugc-photo-ap-southeast-1-581603780057-acd24e232f75f09e/ACCOMMODATION/4330446_ACCOMMODATION_1626094501861_801c7a80a578ada2?_src=imagekit&tr=c-at_max,h-100,q-40,w-100",,,,,,,,,,,,,,,
https://www.traveloka.com/id-id/user/review/consumption/HOTEL/GENERAL/1000000497759,2,20,"Akomodasi ini cocok untuk keluarga yang tidak terlalu jauh dari ibu kota, anda tetap bisa bermain bersama keluarga walau meskipun sedang dalam masa lockdown",Diulas 256 minggu lalu,"https://ik.imagekit.io/tvlk/ugc-review/guys1L+Yyer9kzI3sp-pb0CG1j2bhflZGFUZOoIf1YOBAm37kEUOKR41ieUZm7ZJ/ugc-photo-ap-southeast-1-581603780057-acd24e232f75f09e/ACCOMMODATION/5255845_ACCOMMODATION_1623629503541_e962e947bbd54879?_src=imagekit&tr=c-at_max,h-100,q-40,w-100",,,,,,,,,,,,,,,,,,,
https://www.traveloka.com/id-id/user/review/consumption/HOTEL/GENERAL/1000000497759,2,21,"Tempatnya bagus, harganya terjangkau, stafnya sangat ramah. Kamarnya tidak terlalu luas tapi cukup. Kami memesan kamar bebas rokok tetapi kamar berbau rokok, tapi secara keseluruhan pengalaman yang luar biasa",Diulas 257 minggu lalu,"https://ik.imagekit.io/tvlk/ugc-review/guys1L+Yyer9kzI3sp-pb0CG1j2bhflZGFUZOoIf1YOBAm37kEUOKR41ieUZm7ZJ/ugc-photo-ap-southeast-1-581603780057-acd24e232f75f09e/ACCOMMODATION/71596078_ACCOMMODATION_1623061798869_639709fdeac1fd05?_src=imagekit&tr=c-at_max,h-100,q-40,w-100","https://ik.imagekit.io/tvlk/ugc-review/guys1L+Yyer9kzI3sp-pb0CG1j2bhflZGFUZOoIf1YOBAm37kEUOKR41ieUZm7ZJ/ugc-photo-ap-southeast-1-581603780057-acd24e232f75f09e/ACCOMMODATION/71596078_ACCOMMODATION_1623061798870_770de263faa3dc75?_src=imagekit&tr=c-at_max,h-100,q-40,w-100","https://ik.imagekit.io/tvlk/ugc-review/guys1L+Yyer9kzI3sp-pb0CG1j2bhflZGFUZOoIf1YOBAm37kEUOKR41ieUZm7ZJ/ugc-photo-ap-southeast-1-581603780057-acd24e232f75f09e/ACCOMMODATION/71596078_ACCOMMODATION_1623061798870_805a764be3f5bf32?_src=imagekit&tr=c-at_max,h-100,q-40,w-100",,,,,,,,,,,,,,,,,
https://www.traveloka.com/id-id/user/review/consumption/HOTEL/GENERAL/1000000497759,2,22,"Kamar terlalu bising, lalu lalang petugas terlalu ramai kurang begitu nyaman buat istirahat.",Diulas 257 minggu lalu,"https://ik.imagekit.io/tvlk/ugc-review/guys1L+Yyer9kzI3sp-pb0CG1j2bhflZGFUZOoIf1YOBAm37kEUOKR41ieUZm7ZJ/ugc-photo-ap-southeast-1-581603780057-acd24e232f75f09e/ACCOMMODATION/18702968_ACCOMMODATION_1622598778979_8856547776043ed6?_src=imagekit&tr=c-at_max,h-100,q-40,w-100","https://ik.imagekit.io/tvlk/ugc-review/guys1L+Yyer9kzI3sp-pb0CG1j2bhflZGFUZOoIf1YOBAm37kEUOKR41ieUZm7ZJ/ugc-photo-ap-southeast-1-581603780057-acd24e232f75f09e/ACCOMMODATION/18702968_ACCOMMODATION_1622598778980_0cc96f516510c313?_src=imagekit&tr=c-at_max,h-100,q-40,w-100","https://ik.imagekit.io/tvlk/ugc-review/guys1L+Yyer9kzI3sp-pb0CG1j2bhflZGFUZOoIf1YOBAm37kEUOKR41ieUZm7ZJ/ugc-photo-ap-southeast-1-581603780057-acd24e232f75f09e/ACCOMMODATION/18702968_ACCOMMODATION_1622598778980_2af91598b6e52158?_src=imagekit&tr=c-at_max,h-100,q-40,w-100","https://ik.imagekit.io/tvlk/ugc-review/guys1L+Yyer9kzI3sp-pb0CG1j2bhflZGFUZOoIf1YOBAm37kEUOKR41ieUZm7ZJ/ugc-photo-ap-southeast-1-581603780057-acd24e232f75f09e/ACCOMMODATION/18702968_ACCOMMODATION_1622598778980_e8aa1115d67fe887?_src=imagekit&tr=c-at_max,h-100,q-40,w-100","https://ik.imagekit.io/tvlk/ugc-review/guys1L+Yyer9kzI3sp-pb0CG1j2bhflZGFUZOoIf1YOBAm37kEUOKR41ieUZm7ZJ/ugc-photo-ap-southeast-1-581603780057-acd24e232f75f09e/ACCOMMODATION/18702968_ACCOMMODATION_1622598778981_324e2300a851805a?_src=imagekit&tr=c-at_max,h-100,q-40,w-100",,,,,,,,,,,,,,,
https://www.traveloka.com/id-id/user/review/consumption/HOTEL/GENERAL/1000000497759,2,23,"Staf ramah. Pelayanannya oke, breakfast lumayan banyak pilihan dan enak, fasilitas di kamar lumayan lengkap, cuma ada yang rusak seperti pintu toilet susah ditutup, coolbar nggak dingin. Selebihnya oke",Diulas 260 minggu lalu,"https://ik.imagekit.io/tvlk/ugc-review/guys1L+Yyer9kzI3sp-pb0CG1j2bhflZGFUZOoIf1YOBAm37kEUOKR41ieUZm7ZJ/ugc-photo-ap-southeast-1-581603780057-acd24e232f75f09e/ACCOMMODATION/194106533_ACCOMMODATION_1621227844470_81cfadd4cc98614a?_src=imagekit&tr=c-at_max,h-100,q-40,w-100",,,,,,,,,,,,,,,,,,,
https://www.traveloka.com/id-id/user/review/consumption/HOTEL/GENERAL/1000000497759,2,24,"Kamar dan kamar mandi bersih banget, pelayanan ramah, makanan lumayan enak rasanya biarpun tidak banyak variasi.",Diulas 260 minggu lalu,"https://ik.imagekit.io/tvlk/ugc-review/guys1L+Yyer9kzI3sp-pb0CG1j2bhflZGFUZOoIf1YOBAm37kEUOKR41ieUZm7ZJ/ugc-photo-ap-southeast-1-581603780057-acd24e232f75f09e/ACCOMMODATION/16396832_ACCOMMODATION_1620970217863_853d72fea89413ad?_src=imagekit&tr=c-at_max,h-100,q-40,w-100",,,,,,,,,,,,,,,,,,,
https://www.traveloka.com/id-id/user/review/consumption/HOTEL/GENERAL/1000000497759,2,25,"Kecewa sedikit si, pesan no smoking, malah di kasih kamar yang smoking. Lantai ngeres banget. Sabun mandi habis, gym tidak bisa di pakai. 😟 Kelebihan AC dingin, air kencang, interior kamar bagus.",Diulas 265 minggu lalu,"https://ik.imagekit.io/tvlk/ugc-review/guys1L+Yyer9kzI3sp-pb0CG1j2bhflZGFUZOoIf1YOBAm37kEUOKR41ieUZm7ZJ/ugc-photo-ap-southeast-1-581603780057-acd24e232f75f09e/ACCOMMODATION/9514128_ACCOMMODATION_1618109468773_a19dee74f12d1b0f?_src=imagekit&tr=c-at_max,h-100,q-40,w-100","https://ik.imagekit.io/tvlk/ugc-review/guys1L+Yyer9kzI3sp-pb0CG1j2bhflZGFUZOoIf1YOBAm37kEUOKR41ieUZm7ZJ/ugc-photo-ap-southeast-1-581603780057-acd24e232f75f09e/ACCOMMODATION/9514128_ACCOMMODATION_1618109468773_c1613fc19a0cfa74?_src=imagekit&tr=c-at_max,h-100,q-40,w-100",,,,,,,,,,,,,,,,,,
https://www.traveloka.com/id-id/user/review/consumption/HOTEL/GENERAL/1000000497759,2,26,"Dapatkan kamar bebas rokok tapi berbau seperti kamar merokok. Cobalah untuk mengganti kamar tetapi resepsionis menolak karena tidak ada lagi kamar yang tersedia. Sebaliknya dia menawarkan menjadi kamar merokok. Dia kehilangan akal sehatnya. Wifi buruk. Kamar buruk. Kamar mandi kotor. Lemari es tidak berfungsi. Layanan buruk. Makanan juga tidak ada yang istimewa. Pertanyaannya kenapa banyak orang bilang hotel ini bagus? Mereka dibayar? Atau mereka adalah bel hotel? Ini adalah salah satu hotel terburuk di cikarang. Jangan tinggal di sini, Anda akan menyesalinya ... !!!",Diulas 268 minggu lalu,"https://ik.imagekit.io/tvlk/ugc-review/guys1L+Yyer9kzI3sp-pb0CG1j2bhflZGFUZOoIf1YOBAm37kEUOKR41ieUZm7ZJ/ugc-photo-ap-southeast-1-581603780057-acd24e232f75f09e/ACCOMMODATION/22382234_ACCOMMODATION_1616240427673_b478b9ed56721ef0?_src=imagekit&tr=c-at_max,h-100,q-40,w-100","https://ik.imagekit.io/tvlk/ugc-review/guys1L+Yyer9kzI3sp-pb0CG1j2bhflZGFUZOoIf1YOBAm37kEUOKR41ieUZm7ZJ/ugc-photo-ap-southeast-1-581603780057-acd24e232f75f09e/ACCOMMODATION/22382234_ACCOMMODATION_1616240427673_3e8a7f7fff6ee613?_src=imagekit&tr=c-at_max,h-100,q-40,w-100","https://ik.imagekit.io/tvlk/ugc-review/guys1L+Yyer9kzI3sp-pb0CG1j2bhflZGFUZOoIf1YOBAm37kEUOKR41ieUZm7ZJ/ugc-photo-ap-southeast-1-581603780057-acd24e232f75f09e/ACCOMMODATION/22382234_ACCOMMODATION_1616240427672_31ce4107bcd338f3?_src=imagekit&tr=c-at_max,h-100,q-40,w-100",,,,,,,,,,,,,,,,,
https://www.traveloka.com/id-id/user/review/consumption/HOTEL/GENERAL/1000000497759,2,27,"AC bocor tapi cepat ditangani untuk fasilitas lengkap dengan harga segitu sih oke banget, next kesana lagi.",Diulas 269 minggu lalu,"https://ik.imagekit.io/tvlk/ugc-review/guys1L+Yyer9kzI3sp-pb0CG1j2bhflZGFUZOoIf1YOBAm37kEUOKR41ieUZm7ZJ/ugc-photo-ap-southeast-1-581603780057-acd24e232f75f09e/ACCOMMODATION/11614478_ACCOMMODATION_1615807022408_a08850f3e5a9cace?_src=imagekit&tr=c-at_max,h-100,q-40,w-100",,,,,,,,,,,,,,,,,,,
https://www.traveloka.com/id-id/user/review/consumption/HOTEL/GENERAL/1000000497759,2,28,"Sangat rekomended buat yang mau staycation one night. pelayanannya ramah, kamarnya bersih. sudah ada teko listrik dan dapat kopi & teh.",Diulas 269 minggu lalu,"https://ik.imagekit.io/tvlk/ugc-review/guys1L+Yyer9kzI3sp-pb0CG1j2bhflZGFUZOoIf1YOBAm37kEUOKR41ieUZm7ZJ/ugc-photo-ap-southeast-1-581603780057-acd24e232f75f09e/ACCOMMODATION/5647254_ACCOMMODATION_1615725278728_29d324de872d4ed5?_src=imagekit&tr=c-at_max,h-100,q-40,w-100","https://ik.imagekit.io/tvlk/ugc-review/guys1L+Yyer9kzI3sp-pb0CG1j2bhflZGFUZOoIf1YOBAm37kEUOKR41ieUZm7ZJ/ugc-photo-ap-southeast-1-581603780057-acd24e232f75f09e/ACCOMMODATION/5647254_ACCOMMODATION_1615725278728_334879e110394010?_src=imagekit&tr=c-at_max,h-100,q-40,w-100","https://ik.imagekit.io/tvlk/ugc-review/guys1L+Yyer9kzI3sp-pb0CG1j2bhflZGFUZOoIf1YOBAm37kEUOKR41ieUZm7ZJ/ugc-photo-ap-southeast-1-581603780057-acd24e232f75f09e/ACCOMMODATION/5647254_ACCOMMODATION_1615725278728_34ebac69950ea717?_src=imagekit&tr=c-at_max,h-100,q-40,w-100",,,,,,,,,,,,,,,,,
https://www.traveloka.com/id-id/user/review/consumption/HOTEL/GENERAL/1000000497759,2,29,"hotelnya keren bgt.. staf ramah, tempatnya bersih, sepre, sarung bntl bersih (ga ada noda), balkonnya juga bersih.. bantalnya gede banget dan dpt 4, pesanan extra bed sy sudah ready pas sampai jd tidak perlu nunggu2.. lantai kamar mandinya dari kayu jd aman, tidak licin..hand sanitizer ada dimana2.. kamarnya luas dan bisa menit bento untuk sarapan krn sy bawa bayi jd agak riskan kalau hrs turun.. tempat yg nyaman banget buat bawa bayi.. recomended bgt..",Diulas 269 minggu lalu,"https://ik.imagekit.io/tvlk/ugc-review/guys1L+Yyer9kzI3sp-pb0CG1j2bhflZGFUZOoIf1YOBAm37kEUOKR41ieUZm7ZJ/ugc-photo-ap-southeast-1-581603780057-acd24e232f75f09e/ACCOMMODATION/12715249_ACCOMMODATION_1615699099708_3a2de93afe4b72c9?_src=imagekit&tr=c-at_max,h-100,q-40,w-100",,,,,,,,,,,,,,,,,,,
https://www.traveloka.com/id-id/user/review/consumption/HOTEL/GENERAL/1000000497759,2,30,"Ukuran kamar cukup luas, kamar sangat nyaman & bersih dengan harga yg terjangkau... pelayanan oke... tdnya mau menginap 1 hari aja tapi extend sampai 4 hari 3 malam berasa sebentar banget ya, betah.. oh ya setiap hari kamar di bersihkan.. staf nya ramah sekali.. pasti nanti bakal menginap di sini lagi 😍",Diulas 272 minggu lalu,"https://ik.imagekit.io/tvlk/ugc-review/guys1L+Yyer9kzI3sp-pb0CG1j2bhflZGFUZOoIf1YOBAm37kEUOKR41ieUZm7ZJ/ugc-photo-ap-southeast-1-581603780057-acd24e232f75f09e/ACCOMMODATION/109549021_ACCOMMODATION_1614078634512_6a17531a67a1be88?_src=imagekit&tr=c-at_max,h-100,q-40,w-100","https://ik.imagekit.io/tvlk/ugc-review/guys1L+Yyer9kzI3sp-pb0CG1j2bhflZGFUZOoIf1YOBAm37kEUOKR41ieUZm7ZJ/ugc-photo-ap-southeast-1-581603780057-acd24e232f75f09e/ACCOMMODATION/109549021_ACCOMMODATION_1614078634512_27b7078cd8804ed6?_src=imagekit&tr=c-at_max,h-100,q-40,w-100","https://ik.imagekit.io/tvlk/ugc-review/guys1L+Yyer9kzI3sp-pb0CG1j2bhflZGFUZOoIf1YOBAm37kEUOKR41ieUZm7ZJ/ugc-photo-ap-southeast-1-581603780057-acd24e232f75f09e/ACCOMMODATION/109549021_ACCOMMODATION_1614078634512_8e05c07c5551e067?_src=imagekit&tr=c-at_max,h-100,q-40,w-100","https://ik.imagekit.io/tvlk/ugc-review/guys1L+Yyer9kzI3sp-pb0CG1j2bhflZGFUZOoIf1YOBAm37kEUOKR41ieUZm7ZJ/ugc-photo-ap-southeast-1-581603780057-acd24e232f75f09e/ACCOMMODATION/109549021_ACCOMMODATION_1614078634513_cb2e21f8d589e0ed?_src=imagekit&tr=c-at_max,h-100,q-40,w-100","https://ik.imagekit.io/tvlk/ugc-review/guys1L+Yyer9kzI3sp-pb0CG1j2bhflZGFUZOoIf1YOBAm37kEUOKR41ieUZm7ZJ/ugc-photo-ap-southeast-1-581603780057-acd24e232f75f09e/ACCOMMODATION/109549021_ACCOMMODATION_1614078634513_04501b7fbe042618?_src=imagekit&tr=c-at_max,h-100,q-40,w-100",,,,,,,,,,,,,,,
https://www.traveloka.com/id-id/user/review/consumption/HOTEL/GENERAL/1000000497759,2,31,"suka banget menginap d batiqa hotel...pelayanannya ramah semua mulai dari frontoffice sampai ke staff resto,,security...sangat helpfull...kebersihan ruangan juga benar-benar bersih,wangi..lokasi dekat living plaza dan mcd ...makanan juga enak2..ada kolam ikan yg bisa bikin anak-anak nyamaan saat sarapan",Diulas 273 minggu lalu,"https://ik.imagekit.io/tvlk/ugc-review/guys1L+Yyer9kzI3sp-pb0CG1j2bhflZGFUZOoIf1YOBAm37kEUOKR41ieUZm7ZJ/ugc-photo-ap-southeast-1-581603780057-acd24e232f75f09e/ACCOMMODATION/3302833_ACCOMMODATION_1613429469132_2d7acf819bc16964?_src=imagekit&tr=c-at_max,h-100,q-40,w-100","https://ik.imagekit.io/tvlk/ugc-review/guys1L+Yyer9kzI3sp-pb0CG1j2bhflZGFUZOoIf1YOBAm37kEUOKR41ieUZm7ZJ/ugc-photo-ap-southeast-1-581603780057-acd24e232f75f09e/ACCOMMODATION/3302833_ACCOMMODATION_1613429469133_fbb9a0302c2df345?_src=imagekit&tr=c-at_max,h-100,q-40,w-100","https://ik.imagekit.io/tvlk/ugc-review/guys1L+Yyer9kzI3sp-pb0CG1j2bhflZGFUZOoIf1YOBAm37kEUOKR41ieUZm7ZJ/ugc-photo-ap-southeast-1-581603780057-acd24e232f75f09e/ACCOMMODATION/3302833_ACCOMMODATION_1613429469133_3aaa0f13adbe1698?_src=imagekit&tr=c-at_max,h-100,q-40,w-100",,,,,,,,,,,,,,,,,
https://www.traveloka.com/id-id/user/review/consumption/HOTEL/GENERAL/1000000497759,2,32,"Sudah 3 kali menginap di sini, dan tidak ada keluhan?",Diulas 279 minggu lalu,"https://ik.imagekit.io/tvlk/ugc-review/guys1L+Yyer9kzI3sp-pb0CG1j2bhflZGFUZOoIf1YOBAm37kEUOKR41ieUZm7ZJ/ugc-photo-ap-southeast-1-581603780057-acd24e232f75f09e/ACCOMMODATION/39021124_ACCOMMODATION_1609435195673_82a6ff2d1bc1f512?_src=imagekit&tr=c-at_max,h-100,q-40,w-100","https://ik.imagekit.io/tvlk/ugc-review/guys1L+Yyer9kzI3sp-pb0CG1j2bhflZGFUZOoIf1YOBAm37kEUOKR41ieUZm7ZJ/ugc-photo-ap-southeast-1-581603780057-acd24e232f75f09e/ACCOMMODATION/39021124_ACCOMMODATION_1609435195674_c3e726c83e72db12?_src=imagekit&tr=c-at_max,h-100,q-40,w-100","https://ik.imagekit.io/tvlk/ugc-review/guys1L+Yyer9kzI3sp-pb0CG1j2bhflZGFUZOoIf1YOBAm37kEUOKR41ieUZm7ZJ/ugc-photo-ap-southeast-1-581603780057-acd24e232f75f09e/ACCOMMODATION/39021124_ACCOMMODATION_1609435195674_e4d3bccae0534ade?_src=imagekit&tr=c-at_max,h-100,q-40,w-100","https://ik.imagekit.io/tvlk/ugc-review/guys1L+Yyer9kzI3sp-pb0CG1j2bhflZGFUZOoIf1YOBAm37kEUOKR41ieUZm7ZJ/ugc-photo-ap-southeast-1-581603780057-acd24e232f75f09e/ACCOMMODATION/39021124_ACCOMMODATION_1609435195674_e87894f9f7ae040f?_src=imagekit&tr=c-at_max,h-100,q-40,w-100","https://ik.imagekit.io/tvlk/ugc-review/guys1L+Yyer9kzI3sp-pb0CG1j2bhflZGFUZOoIf1YOBAm37kEUOKR41ieUZm7ZJ/ugc-photo-ap-southeast-1-581603780057-acd24e232f75f09e/ACCOMMODATION/39021124_ACCOMMODATION_1609435195675_2de313dd1e095afb?_src=imagekit&tr=c-at_max,h-100,q-40,w-100",,,,,,,,,,,,,,,
https://www.traveloka.com/id-id/user/review/consumption/HOTEL/GENERAL/1000000497759,2,33,"Menyedihkan, sarapan tidak di-refill.",Diulas 279 minggu lalu,"https://ik.imagekit.io/tvlk/ugc-review/guys1L+Yyer9kzI3sp-pb0CG1j2bhflZGFUZOoIf1YOBAm37kEUOKR41ieUZm7ZJ/ugc-photo-ap-southeast-1-581603780057-acd24e232f75f09e/ACCOMMODATION/9871421_ACCOMMODATION_1609429428693_3523028dfa52fa58?_src=imagekit&tr=c-at_max,h-100,q-40,w-100","https://ik.imagekit.io/tvlk/ugc-review/guys1L+Yyer9kzI3sp-pb0CG1j2bhflZGFUZOoIf1YOBAm37kEUOKR41ieUZm7ZJ/ugc-photo-ap-southeast-1-581603780057-acd24e232f75f09e/ACCOMMODATION/9871421_ACCOMMODATION_1609429428694_60e0658b0e8255a3?_src=imagekit&tr=c-at_max,h-100,q-40,w-100","https://ik.imagekit.io/tvlk/ugc-review/guys1L+Yyer9kzI3sp-pb0CG1j2bhflZGFUZOoIf1YOBAm37kEUOKR41ieUZm7ZJ/ugc-photo-ap-southeast-1-581603780057-acd24e232f75f09e/ACCOMMODATION/9871421_ACCOMMODATION_1609429428694_26b948df57435ab5?_src=imagekit&tr=c-at_max,h-100,q-40,w-100",,,,,,,,,,,,,,,,,
https://www.traveloka.com/id-id/user/review/consumption/HOTEL/GENERAL/1000000497759,2,34,"Fasilitasnya sangat nyaman, staffnya ramah, di dalam kamar sangat nyaman sekali, dengan konsep interiornya wood jadi bikin betah.",Diulas 292 minggu lalu,"https://ik.imagekit.io/tvlk/ugc-review/guys1L+Yyer9kzI3sp-pb0CG1j2bhflZGFUZOoIf1YOBAm37kEUOKR41ieUZm7ZJ/ugc-photo-ap-southeast-1-581603780057-acd24e232f75f09e/ACCOMMODATION/27051257_ACCOMMODATION_1601957681574_c3ba50eb56c4b6fb?_src=imagekit&tr=c-at_max,h-100,q-40,w-100",,,,,,,,,,,,,,,,,,,
https://www.traveloka.com/id-id/user/review/consumption/HOTEL/GENERAL/1000000497759,2,35,"Bersih, ramah, nyaman, memuaskan!",Diulas 294 minggu lalu,"https://ik.imagekit.io/tvlk/ugc-review/guys1L+Yyer9kzI3sp-pb0CG1j2bhflZGFUZOoIf1YOBAm37kEUOKR41ieUZm7ZJ/ugc-photo-ap-southeast-1-581603780057-acd24e232f75f09e/ACCOMMODATION/39021124_ACCOMMODATION_1600612843538_e3f5ff87de832a4c?_src=imagekit&tr=c-at_max,h-100,q-40,w-100","https://ik.imagekit.io/tvlk/ugc-review/guys1L+Yyer9kzI3sp-pb0CG1j2bhflZGFUZOoIf1YOBAm37kEUOKR41ieUZm7ZJ/ugc-photo-ap-southeast-1-581603780057-acd24e232f75f09e/ACCOMMODATION/39021124_ACCOMMODATION_1600612843538_0fa6ec133d534d84?_src=imagekit&tr=c-at_max,h-100,q-40,w-100","https://ik.imagekit.io/tvlk/ugc-review/guys1L+Yyer9kzI3sp-pb0CG1j2bhflZGFUZOoIf1YOBAm37kEUOKR41ieUZm7ZJ/ugc-photo-ap-southeast-1-581603780057-acd24e232f75f09e/ACCOMMODATION/39021124_ACCOMMODATION_1600612843538_7632a6ee405ab88f?_src=imagekit&tr=c-at_max,h-100,q-40,w-100",,,,,,,,,,,,,,,,,
https://www.traveloka.com/id-id/user/review/consumption/HOTEL/GENERAL/1000000497759,2,36,Menyenangkan kamar lumayan luas dengan konsep yang unik. Cuma amat disayangkan wifinya sangat lambat. Terus TV gambarnya buram tidak ada yang benar-benar bersih. tolong ditingkatkan. Hahya 1 lagi pas masuk kamar kacanya kotor dan pacat begitu. Overall oke.,Diulas 296 minggu lalu,"https://ik.imagekit.io/tvlk/ugc-review/guys1L+Yyer9kzI3sp-pb0CG1j2bhflZGFUZOoIf1YOBAm37kEUOKR41ieUZm7ZJ/ugc-photo-ap-southeast-1-581603780057-acd24e232f75f09e/ACCOMMODATION/91561122_ACCOMMODATION_1599444791696_8a5915896d904011?_src=imagekit&tr=c-at_max,h-100,q-40,w-100","https://ik.imagekit.io/tvlk/ugc-review/guys1L+Yyer9kzI3sp-pb0CG1j2bhflZGFUZOoIf1YOBAm37kEUOKR41ieUZm7ZJ/ugc-photo-ap-southeast-1-581603780057-acd24e232f75f09e/ACCOMMODATION/91561122_ACCOMMODATION_1599444791696_1b9538874041d030?_src=imagekit&tr=c-at_max,h-100,q-40,w-100","https://ik.imagekit.io/tvlk/ugc-review/guys1L+Yyer9kzI3sp-pb0CG1j2bhflZGFUZOoIf1YOBAm37kEUOKR41ieUZm7ZJ/ugc-photo-ap-southeast-1-581603780057-acd24e232f75f09e/ACCOMMODATION/91561122_ACCOMMODATION_1599444791697_539bae9167e113c8?_src=imagekit&tr=c-at_max,h-100,q-40,w-100","https://ik.imagekit.io/tvlk/ugc-review/guys1L+Yyer9kzI3sp-pb0CG1j2bhflZGFUZOoIf1YOBAm37kEUOKR41ieUZm7ZJ/ugc-photo-ap-southeast-1-581603780057-acd24e232f75f09e/ACCOMMODATION/91561122_ACCOMMODATION_1599444791696_1a67cfd387664d61?_src=imagekit&tr=c-at_max,h-100,q-40,w-100",,,,,,,,,,,,,,,,
https://www.traveloka.com/id-id/user/review/consumption/HOTEL/GENERAL/1000000497759,2,37,"Hotel pertama (yang gw kunjungi) yang menerapkan protokol kesehatan yang ketat ,sebelum masuk cuci tangan keringin pake hand sanitizer cek suhu ,pake pulpen untuk ttd aja d pisahin antara yang udaa d pake ama yang belom,hand sanitizer dimana2, kamarnya ga ngerti lagi keren banget,toilet sama kamar mandi dipisah, sabun cuci tangan buanyak,sukaaaa banget!!!!!.",Diulas 296 minggu lalu,"https://ik.imagekit.io/tvlk/ugc-review/guys1L+Yyer9kzI3sp-pb0CG1j2bhflZGFUZOoIf1YOBAm37kEUOKR41ieUZm7ZJ/ugc-photo-ap-southeast-1-581603780057-acd24e232f75f09e/ACCOMMODATION/8826431_ACCOMMODATION_1599284101229_1691daec47b44e98?_src=imagekit&tr=c-at_max,h-100,q-40,w-100",,,,,,,,,,,,,,,,,,,
https://www.traveloka.com/id-id/user/review/consumption/HOTEL/GENERAL/1000000497759,2,38,"Kamar sangat nyaman. Interior bagus. Fasilitas bagus. Hanya cat di dinding yang sudah harus mulai dicat ulang karena sudah mulai kotor, overall, kamar sangat menyenangkan. Menginap di saat berada di dalam. Keep up the good work!",Diulas 304 minggu lalu,"https://ik.imagekit.io/tvlk/ugc-review/guys1L+Yyer9kzI3sp-pb0CG1j2bhflZGFUZOoIf1YOBAm37kEUOKR41ieUZm7ZJ/ugc-photo-ap-southeast-1-581603780057-acd24e232f75f09e/ACCOMMODATION/123495216_ACCOMMODATION_1594573639263_a1ba6744affc1c40?_src=imagekit&tr=c-at_max,h-100,q-40,w-100",,,,,,,,,,,,,,,,,,,
https://www.traveloka.com/id-id/user/review/consumption/HOTEL/GENERAL/1000000497759,2,39,bersih dan nyaman... sesuai dgn ekspektasi yg d aplikasi...pngen menginap d stu lg nanti..😊,Diulas 304 minggu lalu,"https://ik.imagekit.io/tvlk/ugc-review/guys1L+Yyer9kzI3sp-pb0CG1j2bhflZGFUZOoIf1YOBAm37kEUOKR41ieUZm7ZJ/ugc-photo-ap-southeast-1-581603780057-acd24e232f75f09e/ACCOMMODATION/114798348_ACCOMMODATION_1594532095622_25d88ff9e35dc044?_src=imagekit&tr=c-at_max,h-100,q-40,w-100",,,,,,,,,,,,,,,,,,,
https://www.traveloka.com/id-id/user/review/consumption/HOTEL/GENERAL/1000000497759,2,40,Kamar lumayan besar untuk harga yang ekonomis.,Diulas 320 minggu lalu,"https://ik.imagekit.io/tvlk/ugc-review/guys1L+Yyer9kzI3sp-pb0CG1j2bhflZGFUZOoIf1YOBAm37kEUOKR41ieUZm7ZJ/ugc-photo-ap-southeast-1-581603780057-acd24e232f75f09e/ACCOMMODATION/13613224_ACCOMMODATION_1584637556294_04fad3d7164bb2c4?_src=imagekit&tr=c-at_max,h-100,q-40,w-100","https://ik.imagekit.io/tvlk/ugc-review/guys1L+Yyer9kzI3sp-pb0CG1j2bhflZGFUZOoIf1YOBAm37kEUOKR41ieUZm7ZJ/ugc-photo-ap-southeast-1-581603780057-acd24e232f75f09e/ACCOMMODATION/13613224_ACCOMMODATION_1584637556295_a8e88daef5869185?_src=imagekit&tr=c-at_max,h-100,q-40,w-100","https://ik.imagekit.io/tvlk/ugc-review/guys1L+Yyer9kzI3sp-pb0CG1j2bhflZGFUZOoIf1YOBAm37kEUOKR41ieUZm7ZJ/ugc-photo-ap-southeast-1-581603780057-acd24e232f75f09e/ACCOMMODATION/13613224_ACCOMMODATION_1584637556295_54e530e0603d769f?_src=imagekit&tr=c-at_max,h-100,q-40,w-100",,,,,,,,,,,,,,,,,
https://www.traveloka.com/id-id/user/review/consumption/HOTEL/GENERAL/1000000497759,3,1,Nyaman dan bersih. Pelayanan oke.,Diulas 323 minggu lalu,"https://ik.imagekit.io/tvlk/ugc-review/guys1L+Yyer9kzI3sp-pb0CG1j2bhflZGFUZOoIf1YOBAm37kEUOKR41ieUZm7ZJ/ugc-photo-ap-southeast-1-581603780057-acd24e232f75f09e/ACCOMMODATION/0_ACCOMMODATION_1583133234690_505e8bcf87819ae3?_src=imagekit&tr=c-at_max,h-100,q-40,w-100","https://ik.imagekit.io/tvlk/ugc-review/guys1L+Yyer9kzI3sp-pb0CG1j2bhflZGFUZOoIf1YOBAm37kEUOKR41ieUZm7ZJ/ugc-photo-ap-southeast-1-581603780057-acd24e232f75f09e/ACCOMMODATION/0_ACCOMMODATION_1583133197082_32761d49f35b95e5?_src=imagekit&tr=c-at_max,h-100,q-40,w-100",,,,,,,,,,,,,,,,,,
https://www.traveloka.com/id-id/user/review/consumption/HOTEL/GENERAL/1000000497759,3,2,"Batiqa memang hotel yang menyenangkan, menenangkan, sangat amat nyaman. Selalu menginap di Batiqa setiap saya perlu ketenangan.",Diulas 326 minggu lalu,"https://ik.imagekit.io/tvlk/ugc-review/guys1L+Yyer9kzI3sp-pb0CG1j2bhflZGFUZOoIf1YOBAm37kEUOKR41ieUZm7ZJ/ugc-photo-ap-southeast-1-581603780057-acd24e232f75f09e/ACCOMMODATION/98102390_ACCOMMODATION_1580860349898_9e235ef36fd4f5f7?_src=imagekit&tr=c-at_max,h-100,q-40,w-100",,,,,,,,,,,,,,,,,,,
https://www.traveloka.com/id-id/user/review/consumption/HOTEL/GENERAL/1000000497759,3,3,"Cukup nyaman dan tenang udara dikamar cukup bersih cuma 1 hal kamarnya kurang dingin saja sedikit, overall oke sih",Diulas 327 minggu lalu,"https://ik.imagekit.io/tvlk/ugc-review/guys1L+Yyer9kzI3sp-pb0CG1j2bhflZGFUZOoIf1YOBAm37kEUOKR41ieUZm7ZJ/ugc-photo-ap-southeast-1-581603780057-acd24e232f75f09e/ACCOMMODATION/17265284_ACCOMMODATION_1580736191240_53554d6fd37e5444?_src=imagekit&tr=c-at_max,h-100,q-40,w-100","https://ik.imagekit.io/tvlk/ugc-review/guys1L+Yyer9kzI3sp-pb0CG1j2bhflZGFUZOoIf1YOBAm37kEUOKR41ieUZm7ZJ/ugc-photo-ap-southeast-1-581603780057-acd24e232f75f09e/ACCOMMODATION/17265284_ACCOMMODATION_1580736191240_ba83292f14d17704?_src=imagekit&tr=c-at_max,h-100,q-40,w-100","https://ik.imagekit.io/tvlk/ugc-review/guys1L+Yyer9kzI3sp-pb0CG1j2bhflZGFUZOoIf1YOBAm37kEUOKR41ieUZm7ZJ/ugc-photo-ap-southeast-1-581603780057-acd24e232f75f09e/ACCOMMODATION/17265284_ACCOMMODATION_1580736191241_34451c1e518ed17a?_src=imagekit&tr=c-at_max,h-100,q-40,w-100","https://ik.imagekit.io/tvlk/ugc-review/guys1L+Yyer9kzI3sp-pb0CG1j2bhflZGFUZOoIf1YOBAm37kEUOKR41ieUZm7ZJ/ugc-photo-ap-southeast-1-581603780057-acd24e232f75f09e/ACCOMMODATION/17265284_ACCOMMODATION_1580736191241_6fcd830ce85fdc8f?_src=imagekit&tr=c-at_max,h-100,q-40,w-100",,,,,,,,,,,,,,,,
https://www.traveloka.com/id-id/user/review/consumption/HOTEL/GENERAL/1000000497759,3,4,bersih. minimalis cocok dengan kamu yg suka kamar simple,Diulas 327 minggu lalu,"https://ik.imagekit.io/tvlk/ugc-review/guys1L+Yyer9kzI3sp-pb0CG1j2bhflZGFUZOoIf1YOBAm37kEUOKR41ieUZm7ZJ/ugc-photo-ap-southeast-1-581603780057-acd24e232f75f09e/ACCOMMODATION/25914194_ACCOMMODATION_1580092086297_4ee428b347c89b80?_src=imagekit&tr=c-at_max,h-100,q-40,w-100",,,,,,,,,,,,,,,,,,,
https://www.traveloka.com/id-id/user/review/consumption/HOTEL/GENERAL/1000000497759,3,5,"Hotel yang recommended buat para traveler, dari pelayan yang ramah, eksterior dan interior hotel mantul, dan tempat parkir yang aman.",Diulas 328 minggu lalu,"https://ik.imagekit.io/tvlk/ugc-review/guys1L+Yyer9kzI3sp-pb0CG1j2bhflZGFUZOoIf1YOBAm37kEUOKR41ieUZm7ZJ/ugc-photo-ap-southeast-1-581603780057-acd24e232f75f09e/ACCOMMODATION/23324891_ACCOMMODATION_1580131198417_f0bff46af59fe567?_src=imagekit&tr=c-at_max,h-100,q-40,w-100",,,,,,,,,,,,,,,,,,,
https://www.traveloka.com/id-id/user/review/consumption/HOTEL/GENERAL/1000000497759,3,6,Hotelnya nyaman buat menginap dan hiburan bagus juga di tahun baru.,Diulas 330 minggu lalu,"https://ik.imagekit.io/tvlk/ugc-review/guys1L+Yyer9kzI3sp-pb0CG1j2bhflZGFUZOoIf1YOBAm37kEUOKR41ieUZm7ZJ/ugc-photo-ap-southeast-1-581603780057-acd24e232f75f09e/ACCOMMODATION/8342046_ACCOMMODATION_1578475878491_551b2d03bb9319c5?_src=imagekit&tr=c-at_max,h-100,q-40,w-100",,,,,,,,,,,,,,,,,,,
https://www.traveloka.com/id-id/user/review/consumption/HOTEL/GENERAL/1000000497759,3,7,Sering menginap disini sangat puas dan recommended banget😘,Diulas 331 minggu lalu,"https://ik.imagekit.io/tvlk/ugc-review/guys1L+Yyer9kzI3sp-pb0CG1j2bhflZGFUZOoIf1YOBAm37kEUOKR41ieUZm7ZJ/ugc-photo-ap-southeast-1-581603780057-acd24e232f75f09e/ACCOMMODATION/135642144_ACCOMMODATION_1578189142109_d4e54e4ec0d2b7f7?_src=imagekit&tr=c-at_max,h-100,q-40,w-100","https://ik.imagekit.io/tvlk/ugc-review/guys1L+Yyer9kzI3sp-pb0CG1j2bhflZGFUZOoIf1YOBAm37kEUOKR41ieUZm7ZJ/ugc-photo-ap-southeast-1-581603780057-acd24e232f75f09e/ACCOMMODATION/135642144_ACCOMMODATION_1578189142109_8bf2604bacf26a29?_src=imagekit&tr=c-at_max,h-100,q-40,w-100",,,,,,,,,,,,,,,,,,
https://www.traveloka.com/id-id/user/review/consumption/HOTEL/GENERAL/1000000497759,3,8,"Pelayanan ramah, check-in cepat, kamar bagus, makanan enak, lokasi strategis dan nyaman, pokoknya recommended lah.",Diulas 331 minggu lalu,"https://ik.imagekit.io/tvlk/ugc-review/guys1L+Yyer9kzI3sp-pb0CG1j2bhflZGFUZOoIf1YOBAm37kEUOKR41ieUZm7ZJ/ugc-photo-ap-southeast-1-581603780057-acd24e232f75f09e/ACCOMMODATION/19789055_ACCOMMODATION_1578021858939_157c648f06cc7712?_src=imagekit&tr=c-at_max,h-100,q-40,w-100",,,,,,,,,,,,,,,,,,,
https://www.traveloka.com/id-id/user/review/consumption/HOTEL/GENERAL/1000000497759,3,9,"Enak banget, kamar bersih wangi. Staffnya ramah dan cepat tanggap. Kapan kapan kalau ke Cikarang pasti menginap di batiqa lagi. Tidak menyesal😍",Diulas 335 minggu lalu,"https://ik.imagekit.io/tvlk/ugc-review/guys1L+Yyer9kzI3sp-pb0CG1j2bhflZGFUZOoIf1YOBAm37kEUOKR41ieUZm7ZJ/ugc-photo-ap-southeast-1-581603780057-acd24e232f75f09e/ACCOMMODATION/22712597_ACCOMMODATION_1575975071408_6510a95c9fceda03?_src=imagekit&tr=c-at_max,h-100,q-40,w-100",,,,,,,,,,,,,,,,,,,
https://www.traveloka.com/id-id/user/review/consumption/HOTEL/GENERAL/1000000497759,3,10,Menyenangkan sekali bisa menginap di batiqa hotel jababeka. Check in dan check out yang cepat tidak perlu menunggu lama. Breakfast dengan aneka makanan yang enak. Di dekat hotel juga ada mcd dan mall. Wifi kencang dan kamar yang nyaman,Diulas 338 minggu lalu,"https://ik.imagekit.io/tvlk/ugc-review/guys1L+Yyer9kzI3sp-pb0CG1j2bhflZGFUZOoIf1YOBAm37kEUOKR41ieUZm7ZJ/ugc-photo-ap-southeast-1-581603780057-acd24e232f75f09e/ACCOMMODATION/101805977_ACCOMMODATION_1574030601044_4a4cc5094ba0977f?_src=imagekit&tr=c-at_max,h-80,q-40,w-80","https://ik.imagekit.io/tvlk/ugc-review/guys1L+Yyer9kzI3sp-pb0CG1j2bhflZGFUZOoIf1YOBAm37kEUOKR41ieUZm7ZJ/ugc-photo-ap-southeast-1-581603780057-acd24e232f75f09e/ACCOMMODATION/101805977_ACCOMMODATION_1574030601045_71417349561d72df?_src=imagekit&tr=c-at_max,h-80,q-40,w-80","https://ik.imagekit.io/tvlk/ugc-review/guys1L+Yyer9kzI3sp-pb0CG1j2bhflZGFUZOoIf1YOBAm37kEUOKR41ieUZm7ZJ/ugc-photo-ap-southeast-1-581603780057-acd24e232f75f09e/ACCOMMODATION/101805977_ACCOMMODATION_1574030601045_33fec276a6b5bddd?_src=imagekit&tr=c-at_max,h-80,q-40,w-80","https://ik.imagekit.io/tvlk/ugc-review/guys1L+Yyer9kzI3sp-pb0CG1j2bhflZGFUZOoIf1YOBAm37kEUOKR41ieUZm7ZJ/ugc-photo-ap-southeast-1-581603780057-acd24e232f75f09e/ACCOMMODATION/101805977_ACCOMMODATION_1574030601045_c24222bf7d8022c2?_src=imagekit&tr=c-at_max,h-80,q-40,w-80","https://ik.imagekit.io/tvlk/ugc-review/guys1L+Yyer9kzI3sp-pb0CG1j2bhflZGFUZOoIf1YOBAm37kEUOKR41ieUZm7ZJ/ugc-photo-ap-southeast-1-581603780057-acd24e232f75f09e/ACCOMMODATION/101805977_ACCOMMODATION_1574030601045_bf789526f1347e80?_src=imagekit&tr=c-at_max,h-80,q-40,w-80","https://ik.imagekit.io/tvlk/ugc-review/guys1L+Yyer9kzI3sp-pb0CG1j2bhflZGFUZOoIf1YOBAm37kEUOKR41ieUZm7ZJ/ugc-photo-ap-southeast-1-581603780057-acd24e232f75f09e/ACCOMMODATION/101805977_ACCOMMODATION_1574030601046_57a3e15ec3a59bc2?_src=imagekit&tr=c-at_max,h-80,q-40,w-80","https://ik.imagekit.io/tvlk/ugc-review/guys1L+Yyer9kzI3sp-pb0CG1j2bhflZGFUZOoIf1YOBAm37kEUOKR41ieUZm7ZJ/ugc-photo-ap-southeast-1-581603780057-acd24e232f75f09e/ACCOMMODATION/101805977_ACCOMMODATION_1574030601046_d8889d1ad8701dac?_src=imagekit&tr=c-at_max,h-80,q-40,w-80","https://ik.imagekit.io/tvlk/ugc-review/guys1L+Yyer9kzI3sp-pb0CG1j2bhflZGFUZOoIf1YOBAm37kEUOKR41ieUZm7ZJ/ugc-photo-ap-southeast-1-581603780057-acd24e232f75f09e/ACCOMMODATION/101805977_ACCOMMODATION_1574030601046_487f6529771bebfc?_src=imagekit&tr=c-at_max,h-80,q-40,w-80","https://ik.imagekit.io/tvlk/ugc-review/guys1L+Yyer9kzI3sp-pb0CG1j2bhflZGFUZOoIf1YOBAm37kEUOKR41ieUZm7ZJ/ugc-photo-ap-southeast-1-581603780057-acd24e232f75f09e/ACCOMMODATION/101805977_ACCOMMODATION_1574030601047_8f8dda16a24a4a2f?_src=imagekit&tr=c-at_max,h-80,q-40,w-80","https://ik.imagekit.io/tvlk/ugc-review/guys1L+Yyer9kzI3sp-pb0CG1j2bhflZGFUZOoIf1YOBAm37kEUOKR41ieUZm7ZJ/ugc-photo-ap-southeast-1-581603780057-acd24e232f75f09e/ACCOMMODATION/101805977_ACCOMMODATION_1574030601047_8dec02fa1840dfc9?_src=imagekit&tr=c-at_max,h-80,q-40,w-80",,,,,,,,,,
https://www.traveloka.com/id-id/user/review/consumption/HOTEL/GENERAL/1000000497759,3,11,Bersih kamarnya tidak kecewa tentunya menginap disini.,Diulas 338 minggu lalu,"https://ik.imagekit.io/tvlk/ugc-review/guys1L+Yyer9kzI3sp-pb0CG1j2bhflZGFUZOoIf1YOBAm37kEUOKR41ieUZm7ZJ/ugc-photo-ap-southeast-1-581603780057-acd24e232f75f09e/ACCOMMODATION/19550635_ACCOMMODATION_1573908256102_c5e3000e9e926ae3?_src=imagekit&tr=c-at_max,h-100,q-40,w-100",,,,,,,,,,,,,,,,,,,
https://www.traveloka.com/id-id/user/review/consumption/HOTEL/GENERAL/1000000497759,3,12,"Mantapp, nyaman, dingin, bersih.",Diulas 339 minggu lalu,"https://ik.imagekit.io/tvlk/ugc-review/guys1L+Yyer9kzI3sp-pb0CG1j2bhflZGFUZOoIf1YOBAm37kEUOKR41ieUZm7ZJ/ugc-photo-ap-southeast-1-581603780057-acd24e232f75f09e/ACCOMMODATION/125845113_ACCOMMODATION_1573366043883_497c5c7aff7dd50d?_src=imagekit&tr=c-at_max,h-100,q-40,w-100",,,,,,,,,,,,,,,,,,,
https://www.traveloka.com/id-id/user/review/consumption/HOTEL/GENERAL/1000000497759,3,13,Suasana pagi hari dari atas kamar lantai 7. 😍,Diulas 342 minggu lalu,"https://ik.imagekit.io/tvlk/ugc-review/guys1L+Yyer9kzI3sp-pb0CG1j2bhflZGFUZOoIf1YOBAm37kEUOKR41ieUZm7ZJ/ugc-photo-ap-southeast-1-581603780057-acd24e232f75f09e/ACCOMMODATION/18687744_ACCOMMODATION_1571208045270_de3714c28e211ea4?_src=imagekit&tr=c-at_max,h-100,q-40,w-100",,,,,,,,,,,,,,,,,,,
https://www.traveloka.com/id-id/user/review/consumption/HOTEL/GENERAL/1000000497759,3,14,"Hotelnya nyaman, pelayanan juga ramah.",Diulas 342 minggu lalu,"https://ik.imagekit.io/tvlk/ugc-review/guys1L+Yyer9kzI3sp-pb0CG1j2bhflZGFUZOoIf1YOBAm37kEUOKR41ieUZm7ZJ/ugc-photo-ap-southeast-1-581603780057-acd24e232f75f09e/ACCOMMODATION/0_ACCOMMODATION_1571197766398_ec09355fd8794985?_src=imagekit&tr=c-at_max,h-100,q-40,w-100","https://ik.imagekit.io/tvlk/ugc-review/guys1L+Yyer9kzI3sp-pb0CG1j2bhflZGFUZOoIf1YOBAm37kEUOKR41ieUZm7ZJ/ugc-photo-ap-southeast-1-581603780057-acd24e232f75f09e/ACCOMMODATION/0_ACCOMMODATION_1571197898666_d69114ea6201a807?_src=imagekit&tr=c-at_max,h-100,q-40,w-100","https://ik.imagekit.io/tvlk/ugc-review/guys1L+Yyer9kzI3sp-pb0CG1j2bhflZGFUZOoIf1YOBAm37kEUOKR41ieUZm7ZJ/ugc-photo-ap-southeast-1-581603780057-acd24e232f75f09e/ACCOMMODATION/0_ACCOMMODATION_1571197933482_24b344786645ebd1?_src=imagekit&tr=c-at_max,h-100,q-40,w-100","https://ik.imagekit.io/tvlk/ugc-review/guys1L+Yyer9kzI3sp-pb0CG1j2bhflZGFUZOoIf1YOBAm37kEUOKR41ieUZm7ZJ/ugc-photo-ap-southeast-1-581603780057-acd24e232f75f09e/ACCOMMODATION/0_ACCOMMODATION_1571197972031_d015292fe7df5161?_src=imagekit&tr=c-at_max,h-100,q-40,w-100",,,,,,,,,,,,,,,,
https://www.traveloka.com/id-id/user/review/consumption/HOTEL/GENERAL/1000000497759,3,15,"Hotel kecil yang nyaman, variasi breakfast-nya banyak dan enak. Kalau ada kolam renang pasti lebih menyenangkan.",Diulas 345 minggu lalu,"https://ik.imagekit.io/tvlk/ugc-review/guys1L+Yyer9kzI3sp-pb0CG1j2bhflZGFUZOoIf1YOBAm37kEUOKR41ieUZm7ZJ/ugc-photo-ap-southeast-1-581603780057-acd24e232f75f09e/ACCOMMODATION/93224414_ACCOMMODATION_1569933785420_8ba63072aa0b76cf?_src=imagekit&tr=c-at_max,h-100,q-40,w-100",,,,,,,,,,,,,,,,,,,
https://www.traveloka.com/id-id/user/review/consumption/HOTEL/GENERAL/1000000497759,3,16,"Sini untuk transit karena saya terlalu lelah setelah naik kereta api untuk pergi ke Cikarang lol tapi hotel ini di luar harapan saya! Mencintai semua getaran hutan terutama yang ada di lobi. Saya datang sebelum jam 2 siang tetapi resepsionis sudah mengizinkan saya untuk check-in. Kamar tidur luas dan sangat nyaman. Fasilitas kamar lengkap; pembuat teh, perlengkapan mandi, sandal hotel yang imut. Maaf saya terlalu lelah untuk memotret, jadi saya hanya tidur saja. Bantal itu waaay terlalu bengkak saya berharap saya telah mengambilnya ketika check out: &quot;) pasti IDR 300K ++ terbaik yang pernah saya habiskan sepanjang hidup saya. Kalau saja Cikarang tidak terlalu jauh, saya tidak akan menyesal tinggal di sini setiap minggu huhu. Saya akan kembali ya Batiqa💛",Diulas 349 minggu lalu,"https://ik.imagekit.io/tvlk/ugc-review/guys1L+Yyer9kzI3sp-pb0CG1j2bhflZGFUZOoIf1YOBAm37kEUOKR41ieUZm7ZJ/ugc-photo-ap-southeast-1-581603780057-acd24e232f75f09e/ACCOMMODATION/5270951_ACCOMMODATION_1566795051683_1e8429bab1b2dff5?_src=imagekit&tr=c-at_max,h-100,q-40,w-100",,,,,,,,,,,,,,,,,,,
https://www.traveloka.com/id-id/user/review/consumption/HOTEL/GENERAL/1000000497759,3,17,"Semua fasilitas yang tertera sama seperti yang dinformasikan Traveloka, terima kasih Traveloka.",Diulas 350 minggu lalu,"https://ik.imagekit.io/tvlk/ugc-review/guys1L+Yyer9kzI3sp-pb0CG1j2bhflZGFUZOoIf1YOBAm37kEUOKR41ieUZm7ZJ/ugc-photo-ap-southeast-1-581603780057-acd24e232f75f09e/ACCOMMODATION/18702968_ACCOMMODATION_1566779482150_411dedccce067be5?_src=imagekit&tr=c-at_max,h-100,q-40,w-100","https://ik.imagekit.io/tvlk/ugc-review/guys1L+Yyer9kzI3sp-pb0CG1j2bhflZGFUZOoIf1YOBAm37kEUOKR41ieUZm7ZJ/ugc-photo-ap-southeast-1-581603780057-acd24e232f75f09e/ACCOMMODATION/18702968_ACCOMMODATION_1566779482150_60ca12de7d3a47f3?_src=imagekit&tr=c-at_max,h-100,q-40,w-100","https://ik.imagekit.io/tvlk/ugc-review/guys1L+Yyer9kzI3sp-pb0CG1j2bhflZGFUZOoIf1YOBAm37kEUOKR41ieUZm7ZJ/ugc-photo-ap-southeast-1-581603780057-acd24e232f75f09e/ACCOMMODATION/18702968_ACCOMMODATION_1566779482150_cd83145b0b4b8a38?_src=imagekit&tr=c-at_max,h-100,q-40,w-100","https://ik.imagekit.io/tvlk/ugc-review/guys1L+Yyer9kzI3sp-pb0CG1j2bhflZGFUZOoIf1YOBAm37kEUOKR41ieUZm7ZJ/ugc-photo-ap-southeast-1-581603780057-acd24e232f75f09e/ACCOMMODATION/18702968_ACCOMMODATION_1566779482150_30ae4909dcfb4046?_src=imagekit&tr=c-at_max,h-100,q-40,w-100",,,,,,,,,,,,,,,,
https://www.traveloka.com/id-id/user/review/consumption/HOTEL/GENERAL/1000000497759,3,18,"Kamar rapi, akses ke atm dan tempat makan dekat, breakfastnya enak apalagi omeletenya 😬👍",Diulas 351 minggu lalu,"https://ik.imagekit.io/tvlk/ugc-review/guys1L+Yyer9kzI3sp-pb0CG1j2bhflZGFUZOoIf1YOBAm37kEUOKR41ieUZm7ZJ/ugc-photo-ap-southeast-1-581603780057-acd24e232f75f09e/ACCOMMODATION/8539153_ACCOMMODATION_1566094224291_eeab3fbc71ecf33e?_src=imagekit&tr=c-at_max,h-100,q-40,w-100",,,,,,,,,,,,,,,,,,,
https://www.traveloka.com/id-id/user/review/consumption/HOTEL/GENERAL/1000000497759,3,19,"Secara keseluruhan oke, breakfast yummy, kamar oke, cuma masukan buat management tolong kebersihan lantai dan dinding shower diperhatikan.",Diulas 354 minggu lalu,"https://ik.imagekit.io/tvlk/ugc-review/guys1L+Yyer9kzI3sp-pb0CG1j2bhflZGFUZOoIf1YOBAm37kEUOKR41ieUZm7ZJ/ugc-photo-ap-southeast-1-581603780057-acd24e232f75f09e/ACCOMMODATION/19292061_ACCOMMODATION_1564324967656_cde25ad68297deed?_src=imagekit&tr=c-at_max,h-100,q-40,w-100","https://ik.imagekit.io/tvlk/ugc-review/guys1L+Yyer9kzI3sp-pb0CG1j2bhflZGFUZOoIf1YOBAm37kEUOKR41ieUZm7ZJ/ugc-photo-ap-southeast-1-581603780057-acd24e232f75f09e/ACCOMMODATION/19292061_ACCOMMODATION_1564324967657_e5b7f3e4d9927e4b?_src=imagekit&tr=c-at_max,h-100,q-40,w-100","https://ik.imagekit.io/tvlk/ugc-review/guys1L+Yyer9kzI3sp-pb0CG1j2bhflZGFUZOoIf1YOBAm37kEUOKR41ieUZm7ZJ/ugc-photo-ap-southeast-1-581603780057-acd24e232f75f09e/ACCOMMODATION/19292061_ACCOMMODATION_1564324967657_a06a427b1f2a7399?_src=imagekit&tr=c-at_max,h-100,q-40,w-100","https://ik.imagekit.io/tvlk/ugc-review/guys1L+Yyer9kzI3sp-pb0CG1j2bhflZGFUZOoIf1YOBAm37kEUOKR41ieUZm7ZJ/ugc-photo-ap-southeast-1-581603780057-acd24e232f75f09e/ACCOMMODATION/19292061_ACCOMMODATION_1564324967657_0ce2a417a1f602af?_src=imagekit&tr=c-at_max,h-100,q-40,w-100","https://ik.imagekit.io/tvlk/ugc-review/guys1L+Yyer9kzI3sp-pb0CG1j2bhflZGFUZOoIf1YOBAm37kEUOKR41ieUZm7ZJ/ugc-photo-ap-southeast-1-581603780057-acd24e232f75f09e/ACCOMMODATION/19292061_ACCOMMODATION_1564324967657_9eb84a68f1680395?_src=imagekit&tr=c-at_max,h-100,q-40,w-100","https://ik.imagekit.io/tvlk/ugc-review/guys1L+Yyer9kzI3sp-pb0CG1j2bhflZGFUZOoIf1YOBAm37kEUOKR41ieUZm7ZJ/ugc-photo-ap-southeast-1-581603780057-acd24e232f75f09e/ACCOMMODATION/19292061_ACCOMMODATION_1564324967658_3b8cfcbf56559f06?_src=imagekit&tr=c-at_max,h-100,q-40,w-100",,,,,,,,,,,,,,
https://www.traveloka.com/id-id/user/review/consumption/HOTEL/GENERAL/1000000497759,3,20,"Hotel yang nyaman, bersih. pelayanannya bagus dan kamar yang sangat nyaman.",Diulas 356 minggu lalu,"https://ik.imagekit.io/tvlk/ugc-review/guys1L+Yyer9kzI3sp-pb0CG1j2bhflZGFUZOoIf1YOBAm37kEUOKR41ieUZm7ZJ/ugc-photo-ap-southeast-1-581603780057-acd24e232f75f09e/ACCOMMODATION/18687744_ACCOMMODATION_1563152385849_199f075f93ff1537?_src=imagekit&tr=c-at_max,h-100,q-40,w-100","https://ik.imagekit.io/tvlk/ugc-review/guys1L+Yyer9kzI3sp-pb0CG1j2bhflZGFUZOoIf1YOBAm37kEUOKR41ieUZm7ZJ/ugc-photo-ap-southeast-1-581603780057-acd24e232f75f09e/ACCOMMODATION/18687744_ACCOMMODATION_1563152385850_99f72c5774a1373e?_src=imagekit&tr=c-at_max,h-100,q-40,w-100",,,,,,,,,,,,,,,,,,
https://www.traveloka.com/id-id/user/review/consumption/HOTEL/GENERAL/1000000497759,3,21,"A nice room, cocok buat santai dan istirahat. Lokasi strategis di jababeka, hanya sayang AC nya kurang dingin mohon diperhatikan lagi. Satu lagi, pelayannya ramah-ramah.",Diulas 356 minggu lalu,"https://ik.imagekit.io/tvlk/ugc-review/guys1L+Yyer9kzI3sp-pb0CG1j2bhflZGFUZOoIf1YOBAm37kEUOKR41ieUZm7ZJ/ugc-photo-ap-southeast-1-581603780057-acd24e232f75f09e/ACCOMMODATION/25277234_ACCOMMODATION_1562836958321_196965d79cc526d1?_src=imagekit&tr=c-at_max,h-100,q-40,w-100",,,,,,,,,,,,,,,,,,,
https://www.traveloka.com/id-id/user/review/consumption/HOTEL/GENERAL/1000000497759,3,22,"Kamarnya ukuran 21 meter persegi untuk yang superior, terus toilet dan wastafel beda, cukup menyenangkan sih, ohya ada pendingin di kamar, deposit 100 rm untuk 1 kamarnya, untuk makanan pagi konsepnya kafe-kafe gt, unik meski menu yang ditawarkan tidak banyak tapi oke lah, harga juga worth it.",Diulas 360 minggu lalu,"https://ik.imagekit.io/tvlk/ugc-review/guys1L+Yyer9kzI3sp-pb0CG1j2bhflZGFUZOoIf1YOBAm37kEUOKR41ieUZm7ZJ/ugc-photo-ap-southeast-1-581603780057-acd24e232f75f09e/ACCOMMODATION/5025192_ACCOMMODATION_1560781833849_b26148d0cb6cdfb7?_src=imagekit&tr=c-at_max,h-100,q-40,w-100",,,,,,,,,,,,,,,,,,,
https://www.traveloka.com/id-id/user/review/consumption/HOTEL/GENERAL/1000000497759,3,23,"Hotel yang cantik, bilamana ada kesempatan ke jababeka kami akan menginap disini.",Diulas 361 minggu lalu,"https://ik.imagekit.io/tvlk/ugc-review/guys1L+Yyer9kzI3sp-pb0CG1j2bhflZGFUZOoIf1YOBAm37kEUOKR41ieUZm7ZJ/ugc-photo-ap-southeast-1-581603780057-acd24e232f75f09e/ACCOMMODATION/8741388_ACCOMMODATION_1560221325147_560fda7408d6a1df?_src=imagekit&tr=c-at_max,h-100,q-40,w-100",,,,,,,,,,,,,,,,,,,
https://www.traveloka.com/id-id/user/review/consumption/HOTEL/GENERAL/1000000497759,3,24,"Menginap di hotel batiqa jababeka sangat menyenangkan. crewnya ramah-ramah. Kamar dan fasilitasnya juga bersih dan bagus. Saya puas menginap di hotel ini, dengan harga yang terjangkau pula, good service.",Diulas 361 minggu lalu,"https://ik.imagekit.io/tvlk/ugc-review/guys1L+Yyer9kzI3sp-pb0CG1j2bhflZGFUZOoIf1YOBAm37kEUOKR41ieUZm7ZJ/ugc-photo-ap-southeast-1-581603780057-acd24e232f75f09e/ACCOMMODATION/4904488_ACCOMMODATION_1559754019456_5bfb9204155e55f0?_src=imagekit&tr=c-at_max,h-100,q-40,w-100",,,,,,,,,,,,,,,,,,,
https://www.traveloka.com/id-id/user/review/consumption/HOTEL/GENERAL/1000000497759,3,25,"Kamar persis seperti di foto. Penginapan yang nyaman bersih dan strategis, puas dan recommended pokoknya.",Diulas 371 minggu lalu,"https://ik.imagekit.io/tvlk/ugc-review/guys1L+Yyer9kzI3sp-pb0CG1j2bhflZGFUZOoIf1YOBAm37kEUOKR41ieUZm7ZJ/ugc-photo-ap-southeast-1-581603780057-acd24e232f75f09e/ACCOMMODATION/14017361_ACCOMMODATION_1553858934574_275195634f83cc93?_src=imagekit&tr=c-at_max,h-100,q-40,w-100","https://ik.imagekit.io/tvlk/ugc-review/guys1L+Yyer9kzI3sp-pb0CG1j2bhflZGFUZOoIf1YOBAm37kEUOKR41ieUZm7ZJ/ugc-photo-ap-southeast-1-581603780057-acd24e232f75f09e/ACCOMMODATION/14017361_ACCOMMODATION_1553858934574_b6e5cbc85fb09ee4?_src=imagekit&tr=c-at_max,h-100,q-40,w-100",,,,,,,,,,,,,,,,,,
https://www.traveloka.com/id-id/user/review/consumption/HOTEL/GENERAL/1000000497759,3,26,"Secara garis besar sangat nyaman dengan berbagai fasilitas maupun service yang ada, akan tetapi ada satu kekurangan yang sangat mengganggu saya yaitu bau karpet basah yang sangat menyengat di lantai 3, perlu segera dibenahi.",Diulas 374 minggu lalu,"https://ik.imagekit.io/tvlk/ugc-review/guys1L+Yyer9kzI3sp-pb0CG1j2bhflZGFUZOoIf1YOBAm37kEUOKR41ieUZm7ZJ/ugc-photo-ap-southeast-1-581603780057-acd24e232f75f09e/ACCOMMODATION/10416413_ACCOMMODATION_1552183761891_64fb108ba65434c5?_src=imagekit&tr=c-at_max,h-100,q-40,w-100","https://ik.imagekit.io/tvlk/ugc-review/guys1L+Yyer9kzI3sp-pb0CG1j2bhflZGFUZOoIf1YOBAm37kEUOKR41ieUZm7ZJ/ugc-photo-ap-southeast-1-581603780057-acd24e232f75f09e/ACCOMMODATION/10416413_ACCOMMODATION_1552183761891_45b2a06cd5078e0d?_src=imagekit&tr=c-at_max,h-100,q-40,w-100",,,,,,,,,,,,,,,,,,
https://www.traveloka.com/id-id/user/review/consumption/HOTEL/GENERAL/1000000497759,3,27,"Lokasi yang strategis dan harga sesuai dengan fasilitas dan kenyamanan kamar yang didapat. Hanya saja saat proses check-in, agak lama karena menunggu tamu lain yg sedang proses juga dan tdk ada permintaan maaf. Jd mungkin bisa ditingkatkan kembali ya kualitas pelayanannya. Untuk kamar nyaman dan wifi pun cepat. Overall suka dan akan kembali lagi :)",Diulas 376 minggu lalu,"https://ik.imagekit.io/tvlk/ugc-review/guys1L+Yyer9kzI3sp-pb0CG1j2bhflZGFUZOoIf1YOBAm37kEUOKR41ieUZm7ZJ/ugc-photo-ap-southeast-1-581603780057-acd24e232f75f09e/ACCOMMODATION/10091078_ACCOMMODATION_1550617590786_6d007f198f6d3b2e?_src=imagekit&tr=c-at_max,h-100,q-40,w-100","https://ik.imagekit.io/tvlk/ugc-review/guys1L+Yyer9kzI3sp-pb0CG1j2bhflZGFUZOoIf1YOBAm37kEUOKR41ieUZm7ZJ/ugc-photo-ap-southeast-1-581603780057-acd24e232f75f09e/ACCOMMODATION/10091078_ACCOMMODATION_1550617590787_f892147f3efad2f3?_src=imagekit&tr=c-at_max,h-100,q-40,w-100","https://ik.imagekit.io/tvlk/ugc-review/guys1L+Yyer9kzI3sp-pb0CG1j2bhflZGFUZOoIf1YOBAm37kEUOKR41ieUZm7ZJ/ugc-photo-ap-southeast-1-581603780057-acd24e232f75f09e/ACCOMMODATION/10091078_ACCOMMODATION_1550617590787_3e5834bbb864e753?_src=imagekit&tr=c-at_max,h-100,q-40,w-100",,,,,,,,,,,,,,,,,
https://www.traveloka.com/id-id/user/review/consumption/HOTEL/GENERAL/1000000497759,3,28,"Ketika saya check-in, saya meminta check-out terlambat ke resepsionis (nama Bagas). Dia bilang tidak apa-apa. Tetapi pada akhirnya, mereka ingin menagih 50%, beruntung saya mendapat informasi ini di pagi hari.",Diulas 379 minggu lalu,"https://ik.imagekit.io/tvlk/ugc-review/guys1L+Yyer9kzI3sp-pb0CG1j2bhflZGFUZOoIf1YOBAm37kEUOKR41ieUZm7ZJ/ugc-photo-ap-southeast-1-581603780057-acd24e232f75f09e/ACCOMMODATION/7208067_ACCOMMODATION_1548980739453_fabe43f81853aaeb?_src=imagekit&tr=c-at_max,h-100,q-40,w-100","https://ik.imagekit.io/tvlk/ugc-review/guys1L+Yyer9kzI3sp-pb0CG1j2bhflZGFUZOoIf1YOBAm37kEUOKR41ieUZm7ZJ/ugc-photo-ap-southeast-1-581603780057-acd24e232f75f09e/ACCOMMODATION/7208067_ACCOMMODATION_1548980739454_70c579343cab4c22?_src=imagekit&tr=c-at_max,h-100,q-40,w-100","https://ik.imagekit.io/tvlk/ugc-review/guys1L+Yyer9kzI3sp-pb0CG1j2bhflZGFUZOoIf1YOBAm37kEUOKR41ieUZm7ZJ/ugc-photo-ap-southeast-1-581603780057-acd24e232f75f09e/ACCOMMODATION/7208067_ACCOMMODATION_1548980739454_8e1f33a44a91f846?_src=imagekit&tr=c-at_max,h-100,q-40,w-100",,,,,,,,,,,,,,,,,
https://www.traveloka.com/id-id/user/review/consumption/HOTEL/GENERAL/1000000497759,3,29,"Kamar suite bagus dan luas, room servicenya enak, worth the price, balkonnya juga enak untuk nyantai. Resepsionisnya baik saya lupa bawa charger HP saya numpang nge cas pake charger dia. Staf juga murah senyum.",Diulas 380 minggu lalu,"https://ik.imagekit.io/tvlk/ugc-review/guys1L+Yyer9kzI3sp-pb0CG1j2bhflZGFUZOoIf1YOBAm37kEUOKR41ieUZm7ZJ/ugc-photo-ap-southeast-1-581603780057-acd24e232f75f09e/ACCOMMODATION/68863877_ACCOMMODATION_1548680663907_99e8f95b2681d62b?_src=imagekit&tr=c-at_max,h-100,q-40,w-100","https://ik.imagekit.io/tvlk/ugc-review/guys1L+Yyer9kzI3sp-pb0CG1j2bhflZGFUZOoIf1YOBAm37kEUOKR41ieUZm7ZJ/ugc-photo-ap-southeast-1-581603780057-acd24e232f75f09e/ACCOMMODATION/68863877_ACCOMMODATION_1548680663907_8ef3fe205729b3ac?_src=imagekit&tr=c-at_max,h-100,q-40,w-100",,,,,,,,,,,,,,,,,,
https://www.traveloka.com/id-id/user/review/consumption/HOTEL/GENERAL/1000000497759,3,30,"Resepsionis cepat tanggap, permintaan kamar segera diproses, kamar bersih. Perlengkapan mandi selalu diganti tiap harinya. Oke. Sukses selalu dan jaya buat Batiqa. Good service!",Diulas 381 minggu lalu,"https://ik.imagekit.io/tvlk/ugc-review/guys1L+Yyer9kzI3sp-pb0CG1j2bhflZGFUZOoIf1YOBAm37kEUOKR41ieUZm7ZJ/ugc-photo-ap-southeast-1-581603780057-acd24e232f75f09e/ACCOMMODATION/9095100_ACCOMMODATION_1547724009699_dc567f88f72380ae?_src=imagekit&tr=c-at_max,h-100,q-40,w-100",,,,,,,,,,,,,,,,,,,
https://www.traveloka.com/id-id/user/review/consumption/HOTEL/GENERAL/1000000497759,3,31,"Sarapannya lumayan, sayangnya untuk kebersihannya kurang, karena gelas air minumnya seperti tidak dicuci pakai sabun. Jadinya masih bau bekas minuman sebelumnya.",Diulas 382 minggu lalu,"https://ik.imagekit.io/tvlk/ugc-review/guys1L+Yyer9kzI3sp-pb0CG1j2bhflZGFUZOoIf1YOBAm37kEUOKR41ieUZm7ZJ/ugc-photo-ap-southeast-1-581603780057-acd24e232f75f09e/ACCOMMODATION/13091523_ACCOMMODATION_1547347693687_cc7b344bf0c553bd?_src=imagekit&tr=c-at_max,h-100,q-40,w-100",,,,,,,,,,,,,,,,,,,
https://www.traveloka.com/id-id/user/review/consumption/HOTEL/GENERAL/1000000497759,3,32,"Hotel nyaman, jalan ke koridor dingin, proses reservasi di lobby cepat, harga kompetitif, kamar bersih, dan para staf hotel ramah.",Diulas 384 minggu lalu,"https://ik.imagekit.io/tvlk/ugc-review/guys1L+Yyer9kzI3sp-pb0CG1j2bhflZGFUZOoIf1YOBAm37kEUOKR41ieUZm7ZJ/ugc-photo-ap-southeast-1-581603780057-acd24e232f75f09e/ACCOMMODATION/8143435_ACCOMMODATION_1546143227449_6a5883de26cf5c01?_src=imagekit&tr=c-at_max,h-100,q-40,w-100",,,,,,,,,,,,,,,,,,,
https://www.traveloka.com/id-id/user/review/consumption/HOTEL/GENERAL/1000000497759,3,33,"Harga murah, hotel nyaman dan ramah. Saya membawa anak kecil dan anak saya sangat aktif. Anak saya memecahkan piring saat breakfast tapi para pelayan tetap ramah dan menyapa kami.",Diulas 384 minggu lalu,"https://ik.imagekit.io/tvlk/ugc-review/guys1L+Yyer9kzI3sp-pb0CG1j2bhflZGFUZOoIf1YOBAm37kEUOKR41ieUZm7ZJ/ugc-photo-ap-southeast-1-581603780057-acd24e232f75f09e/ACCOMMODATION/87005556_ACCOMMODATION_1545901550395_bc072930383dbf6f?_src=imagekit&tr=c-at_max,h-100,q-40,w-100",,,,,,,,,,,,,,,,,,,
https://www.traveloka.com/id-id/user/review/consumption/HOTEL/GENERAL/1000000497759,3,34,Lokasi bagus Hotel yang bagus. Menghormati,Diulas 385 minggu lalu,"https://ik.imagekit.io/tvlk/ugc-review/guys1L+Yyer9kzI3sp-pb0CG1j2bhflZGFUZOoIf1YOBAm37kEUOKR41ieUZm7ZJ/ugc-photo-ap-southeast-1-581603780057-acd24e232f75f09e/ACCOMMODATION/20687155_ACCOMMODATION_1545638310457_ef66e45d8bc0e46d?_src=imagekit&tr=c-at_max,h-100,q-40,w-100",,,,,,,,,,,,,,,,,,,
https://www.traveloka.com/id-id/user/review/consumption/HOTEL/GENERAL/1000000497759,3,35,Tempat tidurnya super nyaman dan luas.,Diulas 385 minggu lalu,"https://ik.imagekit.io/tvlk/ugc-review/guys1L+Yyer9kzI3sp-pb0CG1j2bhflZGFUZOoIf1YOBAm37kEUOKR41ieUZm7ZJ/ugc-photo-ap-southeast-1-581603780057-acd24e232f75f09e/ACCOMMODATION/10549013_ACCOMMODATION_1545565330052_8b9c17afece5c2b6?_src=imagekit&tr=c-at_max,h-100,q-40,w-100",,,,,,,,,,,,,,,,,,,
https://www.traveloka.com/id-id/user/review/consumption/HOTEL/GENERAL/1000000497759,3,36,"Kamar nyaman, bersih dan suasana yang bagus. Pelayanan ramah dan terjangkau. Dan pastinya saya akan kembali setiap minggu untuk menginap disana.",Diulas 387 minggu lalu,"https://ik.imagekit.io/tvlk/ugc-review/guys1L+Yyer9kzI3sp-pb0CG1j2bhflZGFUZOoIf1YOBAm37kEUOKR41ieUZm7ZJ/ugc-photo-ap-southeast-1-581603780057-acd24e232f75f09e/ACCOMMODATION/92536425_ACCOMMODATION_1544369687547_3b263526cf3a7325?_src=imagekit&tr=c-at_max,h-100,q-40,w-100",,,,,,,,,,,,,,,,,,,
https://www.traveloka.com/id-id/user/review/consumption/HOTEL/GENERAL/1000000497759,3,37,"Nyaman, bersih dan indah serta fasilitas cukup lengkap.",Diulas 388 minggu lalu,"https://ik.imagekit.io/tvlk/ugc-review/guys1L+Yyer9kzI3sp-pb0CG1j2bhflZGFUZOoIf1YOBAm37kEUOKR41ieUZm7ZJ/ugc-photo-ap-southeast-1-581603780057-acd24e232f75f09e/ACCOMMODATION/88047297_ACCOMMODATION_1543560138885_464706fe4ac06976?_src=imagekit&tr=c-at_max,h-100,q-40,w-100",,,,,,,,,,,,,,,,,,,
https://www.traveloka.com/id-id/user/review/consumption/HOTEL/GENERAL/1000000497759,3,38,"Hotel terjangkau dengan kamar berdesain unik. Shower dan toilet berada di ruang terpisah dengan meja cuci di luar. Perlengkapan mandi lengkap, mungkin hanya kurang satu sikat gigi lagi. Ruangan itu sendiri nyaman, meskipun bantalnya tidak terlalu empuk. Tidak ada balkon di kamar standar. WiFi stabil dan cepat. Makanan rasanya enak dan ada cukup banyak (6). Ketika saya menginap, hotel ini memiliki tema Halloween: dekorasi dan musik. Cukup menyenangkan untuk hanya berkeliaran di lobi. Staf juga berpakaian seperti vampir, kerangka, dll. Layanan adalah yang terbaik. Staf ramah dan ramah. Tidak ada kamar dengan tempat tidur king tetapi mereka bersedia untuk mendorong dua tempat tidur single menjadi satu. Saya juga meminta kabel HDMI, dan staf mencoba menemukannya. Mereka selalu tersenyum dan menyambut Anda. Satu hal yang kurang di sini adalah kolam renang. Ada kolam bilyard tapi saya tidak tertarik. Meskipun demikian saya akan tinggal di sini lagi jika saya di sekitar Jababeka.",Diulas 391 minggu lalu,"https://ik.imagekit.io/tvlk/ugc-review/guys1L+Yyer9kzI3sp-pb0CG1j2bhflZGFUZOoIf1YOBAm37kEUOKR41ieUZm7ZJ/ugc-photo-ap-southeast-1-581603780057-acd24e232f75f09e/ACCOMMODATION/3679455_ACCOMMODATION_1541987297660_4d5c9d390af08b6f?_src=imagekit&tr=c-at_max,h-100,q-40,w-100","https://ik.imagekit.io/tvlk/ugc-review/guys1L+Yyer9kzI3sp-pb0CG1j2bhflZGFUZOoIf1YOBAm37kEUOKR41ieUZm7ZJ/ugc-photo-ap-southeast-1-581603780057-acd24e232f75f09e/ACCOMMODATION/3679455_ACCOMMODATION_1541987297660_a0eb031e526164bf?_src=imagekit&tr=c-at_max,h-100,q-40,w-100","https://ik.imagekit.io/tvlk/ugc-review/guys1L+Yyer9kzI3sp-pb0CG1j2bhflZGFUZOoIf1YOBAm37kEUOKR41ieUZm7ZJ/ugc-photo-ap-southeast-1-581603780057-acd24e232f75f09e/ACCOMMODATION/3679455_ACCOMMODATION_1541987297661_64448ae1e088a329?_src=imagekit&tr=c-at_max,h-100,q-40,w-100","https://ik.imagekit.io/tvlk/ugc-review/guys1L+Yyer9kzI3sp-pb0CG1j2bhflZGFUZOoIf1YOBAm37kEUOKR41ieUZm7ZJ/ugc-photo-ap-southeast-1-581603780057-acd24e232f75f09e/ACCOMMODATION/3679455_ACCOMMODATION_1541987297661_39202e965e54fdd4?_src=imagekit&tr=c-at_max,h-100,q-40,w-100","https://ik.imagekit.io/tvlk/ugc-review/guys1L+Yyer9kzI3sp-pb0CG1j2bhflZGFUZOoIf1YOBAm37kEUOKR41ieUZm7ZJ/ugc-photo-ap-southeast-1-581603780057-acd24e232f75f09e/ACCOMMODATION/3679455_ACCOMMODATION_1541987297661_8c5524247c9235fa?_src=imagekit&tr=c-at_max,h-100,q-40,w-100",,,,,,,,,,,,,,,
https://www.traveloka.com/id-id/user/review/consumption/HOTEL/GENERAL/1000000497759,3,39,"Saya memiliki pengalaman yang baik di awal. Stafnya sopan dan ramah. Waktu untuk check-in tidak terlalu lama. Interior kamar sangat bagus. Sarapannya enak dan banyak variasi makanannya. Saya pergi ke Batiqa dengan sepeda motor saya dan mereka hanya memiliki parkir di luar. Pada dasarnya kami menyukai situasi hotel batiqa. Tapi, mereka harus memeriksa kebersihannya terutama di toilet. Dan sisi lain, saya tidak puas ketika saya check out. Saya meninggalkan telepon saya di kamar hotel dan staf mereka tidak melakukan apa-apa. Mereka hanya menyimpan telepon saya tetapi tidak mencoba menelepon saya. Saya check out jam 12 dan saya sadar saya meninggalkan ponsel saya jam 3 sore. Saya menelepon nomor saya dan staf mengangkat telepon saya, mereka berkata saya harus kembali ke hotel untuk mengambil telepon saya dan tidak ada yang bisa diwakili oleh siapa pun. Jadi, saya harus kembali ke Batiqa meskipun saya sudah tiba di Jakarta Timur.",Diulas 391 minggu lalu,"https://ik.imagekit.io/tvlk/ugc-review/guys1L+Yyer9kzI3sp-pb0CG1j2bhflZGFUZOoIf1YOBAm37kEUOKR41ieUZm7ZJ/ugc-photo-ap-southeast-1-581603780057-acd24e232f75f09e/ACCOMMODATION/734881_ACCOMMODATION_1541983031697_7662e788e592276d?_src=imagekit&tr=c-at_max,h-100,q-40,w-100","https://ik.imagekit.io/tvlk/ugc-review/guys1L+Yyer9kzI3sp-pb0CG1j2bhflZGFUZOoIf1YOBAm37kEUOKR41ieUZm7ZJ/ugc-photo-ap-southeast-1-581603780057-acd24e232f75f09e/ACCOMMODATION/734881_ACCOMMODATION_1541983113575_62c03eb13631619f?_src=imagekit&tr=c-at_max,h-100,q-40,w-100","https://ik.imagekit.io/tvlk/ugc-review/guys1L+Yyer9kzI3sp-pb0CG1j2bhflZGFUZOoIf1YOBAm37kEUOKR41ieUZm7ZJ/ugc-photo-ap-southeast-1-581603780057-acd24e232f75f09e/ACCOMMODATION/734881_ACCOMMODATION_1541983254674_265d140531ace009?_src=imagekit&tr=c-at_max,h-100,q-40,w-100","https://ik.imagekit.io/tvlk/ugc-review/guys1L+Yyer9kzI3sp-pb0CG1j2bhflZGFUZOoIf1YOBAm37kEUOKR41ieUZm7ZJ/ugc-photo-ap-southeast-1-581603780057-acd24e232f75f09e/ACCOMMODATION/734881_ACCOMMODATION_1541983351022_642770bd49347a87?_src=imagekit&tr=c-at_max,h-100,q-40,w-100","https://ik.imagekit.io/tvlk/ugc-review/guys1L+Yyer9kzI3sp-pb0CG1j2bhflZGFUZOoIf1YOBAm37kEUOKR41ieUZm7ZJ/ugc-photo-ap-southeast-1-581603780057-acd24e232f75f09e/ACCOMMODATION/734881_ACCOMMODATION_1541983351023_8b2f8a44db49b0e1?_src=imagekit&tr=c-at_max,h-100,q-40,w-100",,,,,,,,,,,,,,,
https://www.traveloka.com/id-id/user/review/consumption/HOTEL/GENERAL/1000000497759,3,40,Beberapa kali disini dan memang sangat nyaman. petugas hotelnya ramah-ramah. Kamarnya bersih. Pokoknya sangat nyaman. Hanya memang tempat parkirnya agak sempit ya.,Diulas 401 minggu lalu,"https://ik.imagekit.io/tvlk/ugc-review/guys1L+Yyer9kzI3sp-pb0CG1j2bhflZGFUZOoIf1YOBAm37kEUOKR41ieUZm7ZJ/ugc-photo-ap-southeast-1-581603780057-acd24e232f75f09e/ACCOMMODATION/59460092_ACCOMMODATION_1535599381937_9f19b7aa424a875c?_src=imagekit&tr=c-at_max,h-80,q-40,w-80","https://ik.imagekit.io/tvlk/ugc-review/guys1L+Yyer9kzI3sp-pb0CG1j2bhflZGFUZOoIf1YOBAm37kEUOKR41ieUZm7ZJ/ugc-photo-ap-southeast-1-581603780057-acd24e232f75f09e/ACCOMMODATION/59460092_ACCOMMODATION_1535599381938_d5628cad01dbca0c?_src=imagekit&tr=c-at_max,h-80,q-40,w-80","https://ik.imagekit.io/tvlk/ugc-review/guys1L+Yyer9kzI3sp-pb0CG1j2bhflZGFUZOoIf1YOBAm37kEUOKR41ieUZm7ZJ/ugc-photo-ap-southeast-1-581603780057-acd24e232f75f09e/ACCOMMODATION/59460092_ACCOMMODATION_1535599381938_7061f53e80b91715?_src=imagekit&tr=c-at_max,h-80,q-40,w-80","https://ik.imagekit.io/tvlk/ugc-review/guys1L+Yyer9kzI3sp-pb0CG1j2bhflZGFUZOoIf1YOBAm37kEUOKR41ieUZm7ZJ/ugc-photo-ap-southeast-1-581603780057-acd24e232f75f09e/ACCOMMODATION/59460092_ACCOMMODATION_1535599381939_e5c5d9bab3498b7c?_src=imagekit&tr=c-at_max,h-80,q-40,w-80","https://ik.imagekit.io/tvlk/ugc-review/guys1L+Yyer9kzI3sp-pb0CG1j2bhflZGFUZOoIf1YOBAm37kEUOKR41ieUZm7ZJ/ugc-photo-ap-southeast-1-581603780057-acd24e232f75f09e/ACCOMMODATION/59460092_ACCOMMODATION_1535599381939_115cbd9e85772ba9?_src=imagekit&tr=c-at_max,h-80,q-40,w-80","https://ik.imagekit.io/tvlk/ugc-review/guys1L+Yyer9kzI3sp-pb0CG1j2bhflZGFUZOoIf1YOBAm37kEUOKR41ieUZm7ZJ/ugc-photo-ap-southeast-1-581603780057-acd24e232f75f09e/ACCOMMODATION/59460092_ACCOMMODATION_1535599381940_8d889d0febb2ad8e?_src=imagekit&tr=c-at_max,h-80,q-40,w-80","https://ik.imagekit.io/tvlk/ugc-review/guys1L+Yyer9kzI3sp-pb0CG1j2bhflZGFUZOoIf1YOBAm37kEUOKR41ieUZm7ZJ/ugc-photo-ap-southeast-1-581603780057-acd24e232f75f09e/ACCOMMODATION/59460092_ACCOMMODATION_1535599381940_7f370b9b212f0e6b?_src=imagekit&tr=c-at_max,h-80,q-40,w-80","https://ik.imagekit.io/tvlk/ugc-review/guys1L+Yyer9kzI3sp-pb0CG1j2bhflZGFUZOoIf1YOBAm37kEUOKR41ieUZm7ZJ/ugc-photo-ap-southeast-1-581603780057-acd24e232f75f09e/ACCOMMODATION/59460092_ACCOMMODATION_1535599381940_941ee970302b567c?_src=imagekit&tr=c-at_max,h-80,q-40,w-80","https://ik.imagekit.io/tvlk/ugc-review/guys1L+Yyer9kzI3sp-pb0CG1j2bhflZGFUZOoIf1YOBAm37kEUOKR41ieUZm7ZJ/ugc-photo-ap-southeast-1-581603780057-acd24e232f75f09e/ACCOMMODATION/59460092_ACCOMMODATION_1535599381941_3f9ab63121ff8c87?_src=imagekit&tr=c-at_max,h-80,q-40,w-80",,,,,,,,,,,
https://www.traveloka.com/id-id/user/review/consumption/HOTEL/GENERAL/1000000497759,4,1,"pelayanannya staf and security-nya ramah, proses check-in tidak susah, kamarnya bagus, kamar mandinya pisah antara toilet dan kamar mandinya. Kebersihan kamar oke, walaupun AC-nya lama dinginnya, kamarnya ada karpetnya jadi keliatan mewah, lokasi strategis gampang buat cari makan di luar. Overall oke dan tidak menyesal buat mengeluarkan budget lebih buat dapat hotel yang bagus, makasih batiqa hotel.",Diulas 405 minggu lalu,"https://ik.imagekit.io/tvlk/ugc-review/guys1L+Yyer9kzI3sp-pb0CG1j2bhflZGFUZOoIf1YOBAm37kEUOKR41ieUZm7ZJ/ugc-photo-ap-southeast-1-581603780057-acd24e232f75f09e/ACCOMMODATION/23517613_ACCOMMODATION_1533434838865_20ebd3da8f2faf22?_src=imagekit&tr=c-at_max,h-100,q-40,w-100","https://ik.imagekit.io/tvlk/ugc-review/guys1L+Yyer9kzI3sp-pb0CG1j2bhflZGFUZOoIf1YOBAm37kEUOKR41ieUZm7ZJ/ugc-photo-ap-southeast-1-581603780057-acd24e232f75f09e/ACCOMMODATION/23517613_ACCOMMODATION_1533434922274_897550660d304ef1?_src=imagekit&tr=c-at_max,h-100,q-40,w-100",,,,,,,,,,,,,,,,,,
https://www.traveloka.com/id-id/user/review/consumption/HOTEL/GENERAL/1000000497759,4,2,"Kamar sesuai pesanan, pelayanan ramah, bersih, maybe walau tidak menginap pun, bisa sekedar kongkow ngopi-ngopi di sini.",Diulas 405 minggu lalu,"https://ik.imagekit.io/tvlk/ugc-review/guys1L+Yyer9kzI3sp-pb0CG1j2bhflZGFUZOoIf1YOBAm37kEUOKR41ieUZm7ZJ/ugc-photo-ap-southeast-1-581603780057-acd24e232f75f09e/ACCOMMODATION/13619939_ACCOMMODATION_1533314602198_c1a239063a7bd5e0?_src=imagekit&tr=c-at_max,h-100,q-40,w-100",,,,,,,,,,,,,,,,,,,
https://www.traveloka.com/id-id/user/review/consumption/HOTEL/GENERAL/1000000497759,4,3,Tempat yang bagus untuk menginap di Cikarang,Diulas 407 minggu lalu,"https://ik.imagekit.io/tvlk/ugc-review/guys1L+Yyer9kzI3sp-pb0CG1j2bhflZGFUZOoIf1YOBAm37kEUOKR41ieUZm7ZJ/ugc-photo-ap-southeast-1-581603780057-acd24e232f75f09e/ACCOMMODATION/3736434_ACCOMMODATION_1531621098867_1fcbfe0c44eedac3?_src=imagekit&tr=c-at_max,h-100,q-40,w-100",,,,,,,,,,,,,,,,,,,
https://www.traveloka.com/id-id/user/review/consumption/HOTEL/GENERAL/1000000497759,4,4,"Hotel dengan fasilitas oke, harga pun oke",Diulas 408 minggu lalu,"https://ik.imagekit.io/tvlk/ugc-review/guys1L+Yyer9kzI3sp-pb0CG1j2bhflZGFUZOoIf1YOBAm37kEUOKR41ieUZm7ZJ/ugc-photo-ap-southeast-1-581603780057-acd24e232f75f09e/ACCOMMODATION/18702968_ACCOMMODATION_1531707160397_7fa20bb4f983abfe?_src=imagekit&tr=c-at_max,h-80,q-40,w-80","https://ik.imagekit.io/tvlk/ugc-review/guys1L+Yyer9kzI3sp-pb0CG1j2bhflZGFUZOoIf1YOBAm37kEUOKR41ieUZm7ZJ/ugc-photo-ap-southeast-1-581603780057-acd24e232f75f09e/ACCOMMODATION/18702968_ACCOMMODATION_1531707160398_f6376baf03e16735?_src=imagekit&tr=c-at_max,h-80,q-40,w-80","https://ik.imagekit.io/tvlk/ugc-review/guys1L+Yyer9kzI3sp-pb0CG1j2bhflZGFUZOoIf1YOBAm37kEUOKR41ieUZm7ZJ/ugc-photo-ap-southeast-1-581603780057-acd24e232f75f09e/ACCOMMODATION/18702968_ACCOMMODATION_1531707160398_4faadf51eb13cefd?_src=imagekit&tr=c-at_max,h-80,q-40,w-80","https://ik.imagekit.io/tvlk/ugc-review/guys1L+Yyer9kzI3sp-pb0CG1j2bhflZGFUZOoIf1YOBAm37kEUOKR41ieUZm7ZJ/ugc-photo-ap-southeast-1-581603780057-acd24e232f75f09e/ACCOMMODATION/18702968_ACCOMMODATION_1531707160399_94c5b2b7b25d4180?_src=imagekit&tr=c-at_max,h-80,q-40,w-80","https://ik.imagekit.io/tvlk/ugc-review/guys1L+Yyer9kzI3sp-pb0CG1j2bhflZGFUZOoIf1YOBAm37kEUOKR41ieUZm7ZJ/ugc-photo-ap-southeast-1-581603780057-acd24e232f75f09e/ACCOMMODATION/18702968_ACCOMMODATION_1531707160399_a007a0cb1b0f4d4c?_src=imagekit&tr=c-at_max,h-80,q-40,w-80","https://ik.imagekit.io/tvlk/ugc-review/guys1L+Yyer9kzI3sp-pb0CG1j2bhflZGFUZOoIf1YOBAm37kEUOKR41ieUZm7ZJ/ugc-photo-ap-southeast-1-581603780057-acd24e232f75f09e/ACCOMMODATION/18702968_ACCOMMODATION_1531707160399_78a5c649a15f8ce2?_src=imagekit&tr=c-at_max,h-80,q-40,w-80","https://ik.imagekit.io/tvlk/ugc-review/guys1L+Yyer9kzI3sp-pb0CG1j2bhflZGFUZOoIf1YOBAm37kEUOKR41ieUZm7ZJ/ugc-photo-ap-southeast-1-581603780057-acd24e232f75f09e/ACCOMMODATION/18702968_ACCOMMODATION_1531707160400_6661b216439ca54e?_src=imagekit&tr=c-at_max,h-80,q-40,w-80","https://ik.imagekit.io/tvlk/ugc-review/guys1L+Yyer9kzI3sp-pb0CG1j2bhflZGFUZOoIf1YOBAm37kEUOKR41ieUZm7ZJ/ugc-photo-ap-southeast-1-581603780057-acd24e232f75f09e/ACCOMMODATION/18702968_ACCOMMODATION_1531707160400_042d40450eecee8d?_src=imagekit&tr=c-at_max,h-80,q-40,w-80","https://ik.imagekit.io/tvlk/ugc-review/guys1L+Yyer9kzI3sp-pb0CG1j2bhflZGFUZOoIf1YOBAm37kEUOKR41ieUZm7ZJ/ugc-photo-ap-southeast-1-581603780057-acd24e232f75f09e/ACCOMMODATION/18702968_ACCOMMODATION_1531707160401_dad33a049ad726a2?_src=imagekit&tr=c-at_max,h-80,q-40,w-80",,,,,,,,,,,
https://www.traveloka.com/id-id/user/review/consumption/HOTEL/GENERAL/1000000497759,4,5,"Kamar nyaman, pelayanan oke banget, staff-nya ramah semua sampai securitynya hafal plat. Terima kasih Bu Lauren, Mba Zizi, dan semua staf Batiqa yang sudah melayani dengan sepenuh hati, mbak yang di restoran (saya lupa namanya). Terima kasih banyak juga sudah bolak-balik antar compliment dan pesanan makan saya. Semoga selalu diberikan kesehatan untuk semua. Buat saya ini hotel terbaik di Cikarang.",Diulas 412 minggu lalu,"https://ik.imagekit.io/tvlk/ugc-review/guys1L+Yyer9kzI3sp-pb0CG1j2bhflZGFUZOoIf1YOBAm37kEUOKR41ieUZm7ZJ/ugc-photo-ap-southeast-1-581603780057-acd24e232f75f09e/ACCOMMODATION/18021665_ACCOMMODATION_1528769182070_fceb57ca7442003d?_src=imagekit&tr=c-at_max,h-100,q-40,w-100",,,,,,,,,,,,,,,,,,,
https://www.traveloka.com/id-id/user/review/consumption/HOTEL/GENERAL/1000000497759,4,6,Tempat yang bagus untuk menginap untuk perjalanan bisnis,Diulas 419 minggu lalu,"https://ik.imagekit.io/tvlk/ugc-review/guys1L+Yyer9kzI3sp-pb0CG1j2bhflZGFUZOoIf1YOBAm37kEUOKR41ieUZm7ZJ/ugc-photo-ap-southeast-1-581603780057-acd24e232f75f09e/ACCOMMODATION/3719156_ACCOMMODATION_1524640153373_b854a481304daf48?_src=imagekit&tr=c-at_max,h-100,q-40,w-100","https://ik.imagekit.io/tvlk/ugc-review/guys1L+Yyer9kzI3sp-pb0CG1j2bhflZGFUZOoIf1YOBAm37kEUOKR41ieUZm7ZJ/ugc-photo-ap-southeast-1-581603780057-acd24e232f75f09e/ACCOMMODATION/3719156_ACCOMMODATION_1524640153373_d43eaeb1006aa21b?_src=imagekit&tr=c-at_max,h-100,q-40,w-100",,,,,,,,,,,,,,,,,,
https://www.traveloka.com/id-id/user/review/consumption/HOTEL/GENERAL/1000000497759,4,7,"Bikin saya nyaman bisa berada di hotel Batiqa ini, selain bersih dan wangi kamarnya terutama orang-orangnya ramah tamah, begitu check-in langsung disambut sangat baik dan tidak pake lama, next perjalanan bisnis saya pasti kesini lagi... Thanks hotel batiqa",Diulas 420 minggu lalu,"https://ik.imagekit.io/tvlk/ugc-review/guys1L+Yyer9kzI3sp-pb0CG1j2bhflZGFUZOoIf1YOBAm37kEUOKR41ieUZm7ZJ/ugc-photo-ap-southeast-1-581603780057-acd24e232f75f09e/ACCOMMODATION/48445809_ACCOMMODATION_1524300569233_835ffeec17f14062?_src=imagekit&tr=c-at_max,h-100,q-40,w-100",,,,,,,,,,,,,,,,,,,
https://www.traveloka.com/id-id/user/review/consumption/HOTEL/GENERAL/1000000497759,4,8,"Recommended banget, pokoknya the best",Diulas 425 minggu lalu,"https://ik.imagekit.io/tvlk/ugc-review/guys1L+Yyer9kzI3sp-pb0CG1j2bhflZGFUZOoIf1YOBAm37kEUOKR41ieUZm7ZJ/ugc-photo-ap-southeast-1-581603780057-acd24e232f75f09e/ACCOMMODATION/847129_ACCOMMODATION_1521029916342_3f54712f2d3d7e72?_src=imagekit&tr=c-at_max,h-100,q-40,w-100",,,,,,,,,,,,,,,,,,,
